enterprise_id,enterprise_name,stratum,reporting_units,region
E00001,Enterprise 00001,PRO,3,Central
E00002,Enterprise 00002,MFG,1,Uplands
E00003,Enterprise 00003,CON,1,South
E00004,Enterprise 00004,WRT,1,Uplands
E00005,Enterprise 00005,TRS,1,North
E00006,Enterprise 00006,TRS,1,Coast
E00007,Enterprise 00007,CON,1,South
E00008,Enterprise 00008,PRO,1,Uplands
E00009,Enterprise 00009,WRT,1,Coast
E00010,Enterprise 00010,MFG,1,Coast
E00011,Enterprise 00011,ACC,1,Coast
E00012,Enterprise 00012,TRS,1,Coast
E00013,Enterprise 00013,MFG,1,North
E00014,Enterprise 00014,TRS,1,Uplands
E00015,Enterprise 00015,MFG,3,South
E00016,Enterprise 00016,WRT,1,Central
E00017,Enterprise 00017,ACC,1,North
E00018,Enterprise 00018,WRT,1,North
E00019,Enterprise 00019,WRT,3,Uplands
E00020,Enterprise 00020,PRO,1,Uplands
E00021,Enterprise 00021,CON,3,North
E00022,Enterprise 00022,WRT,1,South
E00023,Enterprise 00023,CON,1,Uplands
E00024,Enterprise 00024,CON,1,North
E00025,Enterprise 00025,MFG,1,Uplands
E00026,Enterprise 00026,CON,2,South
E00027,Enterprise 00027,PRO,3,Central
E00028,Enterprise 00028,WRT,1,Uplands
E00029,Enterprise 00029,CON,1,Uplands
E00030,Enterprise 00030,ACC,1,Uplands
E00031,Enterprise 00031,MFG,2,Central
E00032,Enterprise 00032,TRS,1,Coast
E00033,Enterprise 00033,TRS,1,North
E00034,Enterprise 00034,PRO,1,Central
E00035,Enterprise 00035,MFG,1,Coast
E00036,Enterprise 00036,ACC,1,South
E00037,Enterprise 00037,WRT,1,Uplands
E00038,Enterprise 00038,PRO,1,Uplands
E00039,Enterprise 00039,ACC,1,South
E00040,Enterprise 00040,ACC,1,North
E00041,Enterprise 00041,CON,4,South
E00042,Enterprise 00042,WRT,1,Central
E00043,Enterprise 00043,PRO,2,Central
E00044,Enterprise 00044,ACC,1,Uplands
E00045,Enterprise 00045,WRT,1,North
E00046,Enterprise 00046,MFG,1,North
E00047,Enterprise 00047,PRO,1,North
E00048,Enterprise 00048,PRO,3,Central
E00049,Enterprise 00049,WRT,1,Uplands
E00050,Enterprise 00050,MFG,1,Uplands
E00051,Enterprise 00051,ACC,1,South
E00052,Enterprise 00052,TRS,1,Coast
E00053,Enterprise 00053,ACC,1,Central
E00054,Enterprise 00054,MFG,1,Central
E00055,Enterprise 00055,PRO,1,Coast
E00056,Enterprise 00056,CON,1,North
E00057,Enterprise 00057,PRO,1,Central
E00058,Enterprise 00058,TRS,3,South
E00059,Enterprise 00059,CON,2,Coast
E00060,Enterprise 00060,TRS,1,Central
E00061,Enterprise 00061,MFG,1,North
E00062,Enterprise 00062,ACC,1,Uplands
E00063,Enterprise 00063,PRO,1,South
E00064,Enterprise 00064,MFG,1,Uplands
E00065,Enterprise 00065,MFG,2,South
E00066,Enterprise 00066,MFG,1,Central
E00067,Enterprise 00067,WRT,1,Coast
E00068,Enterprise 00068,WRT,1,South
E00069,Enterprise 00069,MFG,2,North
E00070,Enterprise 00070,WRT,4,North
E00071,Enterprise 00071,ACC,1,South
E00072,Enterprise 00072,TRS,2,Coast
E00073,Enterprise 00073,ACC,1,Coast
E00074,Enterprise 00074,MFG,1,Coast
E00075,Enterprise 00075,PRO,1,South
E00076,Enterprise 00076,ACC,1,Uplands
E00077,Enterprise 00077,PRO,1,North
E00078,Enterprise 00078,PRO,1,Uplands
E00079,Enterprise 00079,MFG,3,South
E00080,Enterprise 00080,WRT,1,North
E00081,Enterprise 00081,WRT,2,Uplands
E00082,Enterprise 00082,TRS,1,Coast
E00083,Enterprise 00083,CON,4,Coast
E00084,Enterprise 00084,MFG,1,Central
E00085,Enterprise 00085,MFG,1,South
E00086,Enterprise 00086,CON,1,Coast
E00087,Enterprise 00087,ACC,1,Coast
E00088,Enterprise 00088,ACC,1,Central
E00089,Enterprise 00089,PRO,1,North
E00090,Enterprise 00090,PRO,1,Coast
E00091,Enterprise 00091,MFG,1,Central
E00092,Enterprise 00092,WRT,1,North
E00093,Enterprise 00093,WRT,4,Uplands
E00094,Enterprise 00094,TRS,1,Coast
E00095,Enterprise 00095,CON,2,Uplands
E00096,Enterprise 00096,MFG,1,North
E00097,Enterprise 00097,MFG,1,Central
E00098,Enterprise 00098,ACC,1,Uplands
E00099,Enterprise 00099,TRS,1,Coast
E00100,Enterprise 00100,ACC,2,Uplands
E00101,Enterprise 00101,CON,2,Coast
E00102,Enterprise 00102,WRT,1,Coast
E00103,Enterprise 00103,ACC,1,Coast
E00104,Enterprise 00104,PRO,2,South
E00105,Enterprise 00105,TRS,1,South
E00106,Enterprise 00106,ACC,2,South
E00107,Enterprise 00107,PRO,1,Uplands
E00108,Enterprise 00108,WRT,1,Uplands
E00109,Enterprise 00109,PRO,1,Central
E00110,Enterprise 00110,WRT,1,Coast
E00111,Enterprise 00111,WRT,2,Central
E00112,Enterprise 00112,TRS,1,South
E00113,Enterprise 00113,CON,1,Coast
E00114,Enterprise 00114,PRO,1,South
E00115,Enterprise 00115,PRO,1,South
E00116,Enterprise 00116,TRS,2,South
E00117,Enterprise 00117,MFG,1,Coast
E00118,Enterprise 00118,ACC,3,Central
E00119,Enterprise 00119,CON,1,Uplands
E00120,Enterprise 00120,PRO,1,Coast
E00121,Enterprise 00121,CON,1,North
E00122,Enterprise 00122,WRT,3,Coast
E00123,Enterprise 00123,PRO,4,North
E00124,Enterprise 00124,PRO,4,Coast
E00125,Enterprise 00125,PRO,1,North
E00126,Enterprise 00126,MFG,1,Uplands
E00127,Enterprise 00127,PRO,1,Coast
E00128,Enterprise 00128,CON,1,South
E00129,Enterprise 00129,TRS,1,North
E00130,Enterprise 00130,ACC,1,Uplands
E00131,Enterprise 00131,WRT,1,North
E00132,Enterprise 00132,CON,1,South
E00133,Enterprise 00133,ACC,1,South
E00134,Enterprise 00134,PRO,1,North
E00135,Enterprise 00135,MFG,1,Central
E00136,Enterprise 00136,MFG,1,Coast
E00137,Enterprise 00137,MFG,2,Uplands
E00138,Enterprise 00138,TRS,1,South
E00139,Enterprise 00139,TRS,1,Uplands
E00140,Enterprise 00140,TRS,1,South
E00141,Enterprise 00141,CON,1,North
E00142,Enterprise 00142,ACC,1,South
E00143,Enterprise 00143,PRO,1,Uplands
E00144,Enterprise 00144,MFG,1,Uplands
E00145,Enterprise 00145,MFG,1,Coast
E00146,Enterprise 00146,ACC,3,Uplands
E00147,Enterprise 00147,CON,1,North
E00148,Enterprise 00148,CON,1,Central
E00149,Enterprise 00149,PRO,1,Uplands
E00150,Enterprise 00150,MFG,1,Coast
E00151,Enterprise 00151,MFG,1,Uplands
E00152,Enterprise 00152,WRT,1,North
E00153,Enterprise 00153,ACC,1,South
E00154,Enterprise 00154,MFG,1,Central
E00155,Enterprise 00155,TRS,1,Uplands
E00156,Enterprise 00156,TRS,1,Central
E00157,Enterprise 00157,MFG,1,Uplands
E00158,Enterprise 00158,CON,1,South
E00159,Enterprise 00159,CON,3,North
E00160,Enterprise 00160,PRO,1,South
E00161,Enterprise 00161,CON,2,Uplands
E00162,Enterprise 00162,ACC,3,Coast
E00163,Enterprise 00163,ACC,1,South
E00164,Enterprise 00164,TRS,1,North
E00165,Enterprise 00165,TRS,1,Central
E00166,Enterprise 00166,ACC,1,South
E00167,Enterprise 00167,TRS,1,Uplands
E00168,Enterprise 00168,MFG,1,Central
E00169,Enterprise 00169,PRO,1,North
E00170,Enterprise 00170,CON,1,Coast
E00171,Enterprise 00171,MFG,1,Uplands
E00172,Enterprise 00172,WRT,1,Central
E00173,Enterprise 00173,MFG,1,Coast
E00174,Enterprise 00174,MFG,1,Uplands
E00175,Enterprise 00175,PRO,1,South
E00176,Enterprise 00176,PRO,1,Uplands
E00177,Enterprise 00177,TRS,2,North
E00178,Enterprise 00178,ACC,1,Central
E00179,Enterprise 00179,TRS,1,North
E00180,Enterprise 00180,PRO,1,Central
E00181,Enterprise 00181,CON,2,Uplands
E00182,Enterprise 00182,MFG,1,North
E00183,Enterprise 00183,MFG,4,South
E00184,Enterprise 00184,WRT,3,South
E00185,Enterprise 00185,PRO,1,Uplands
E00186,Enterprise 00186,MFG,1,Central
E00187,Enterprise 00187,WRT,1,North
E00188,Enterprise 00188,ACC,3,South
E00189,Enterprise 00189,TRS,1,Uplands
E00190,Enterprise 00190,PRO,1,Uplands
E00191,Enterprise 00191,MFG,4,South
E00192,Enterprise 00192,MFG,1,Uplands
E00193,Enterprise 00193,CON,2,North
E00194,Enterprise 00194,ACC,1,Coast
E00195,Enterprise 00195,CON,2,South
E00196,Enterprise 00196,PRO,1,Uplands
E00197,Enterprise 00197,ACC,3,Coast
E00198,Enterprise 00198,ACC,3,Coast
E00199,Enterprise 00199,MFG,1,North
E00200,Enterprise 00200,TRS,1,North
E00201,Enterprise 00201,MFG,1,Central
E00202,Enterprise 00202,WRT,1,North
E00203,Enterprise 00203,TRS,1,Uplands
E00204,Enterprise 00204,TRS,1,Coast
E00205,Enterprise 00205,CON,1,Coast
E00206,Enterprise 00206,PRO,1,Central
E00207,Enterprise 00207,TRS,2,South
E00208,Enterprise 00208,TRS,1,Uplands
E00209,Enterprise 00209,WRT,1,North
E00210,Enterprise 00210,CON,1,Coast
E00211,Enterprise 00211,WRT,1,South
E00212,Enterprise 00212,ACC,1,Coast
E00213,Enterprise 00213,WRT,1,Coast
E00214,Enterprise 00214,ACC,1,North
E00215,Enterprise 00215,WRT,1,South
E00216,Enterprise 00216,ACC,3,North
E00217,Enterprise 00217,CON,1,Uplands
E00218,Enterprise 00218,MFG,3,Uplands
E00219,Enterprise 00219,ACC,1,South
E00220,Enterprise 00220,WRT,1,Uplands
E00221,Enterprise 00221,TRS,1,South
E00222,Enterprise 00222,WRT,1,South
E00223,Enterprise 00223,MFG,1,Coast
E00224,Enterprise 00224,WRT,1,Coast
E00225,Enterprise 00225,WRT,1,Coast
E00226,Enterprise 00226,PRO,1,South
E00227,Enterprise 00227,CON,1,Uplands
E00228,Enterprise 00228,MFG,2,Coast
E00229,Enterprise 00229,TRS,1,North
E00230,Enterprise 00230,CON,1,North
E00231,Enterprise 00231,WRT,1,Uplands
E00232,Enterprise 00232,TRS,1,South
E00233,Enterprise 00233,WRT,1,Uplands
E00234,Enterprise 00234,MFG,3,South
E00235,Enterprise 00235,MFG,1,Central
E00236,Enterprise 00236,TRS,1,Central
E00237,Enterprise 00237,CON,1,Central
E00238,Enterprise 00238,TRS,1,Central
E00239,Enterprise 00239,TRS,1,South
E00240,Enterprise 00240,MFG,3,South
E00241,Enterprise 00241,PRO,1,South
E00242,Enterprise 00242,TRS,1,Central
E00243,Enterprise 00243,ACC,2,Coast
E00244,Enterprise 00244,WRT,1,South
E00245,Enterprise 00245,ACC,1,Central
E00246,Enterprise 00246,TRS,2,Uplands
E00247,Enterprise 00247,MFG,1,South
E00248,Enterprise 00248,TRS,2,North
E00249,Enterprise 00249,CON,2,Central
E00250,Enterprise 00250,ACC,1,South
E00251,Enterprise 00251,MFG,1,North
E00252,Enterprise 00252,CON,2,Coast
E00253,Enterprise 00253,WRT,1,Coast
E00254,Enterprise 00254,CON,1,Uplands
E00255,Enterprise 00255,MFG,1,Coast
E00256,Enterprise 00256,TRS,1,Coast
E00257,Enterprise 00257,TRS,1,South
E00258,Enterprise 00258,CON,3,Coast
E00259,Enterprise 00259,MFG,1,Coast
E00260,Enterprise 00260,ACC,1,Coast
E00261,Enterprise 00261,PRO,1,Central
E00262,Enterprise 00262,TRS,2,Uplands
E00263,Enterprise 00263,MFG,1,Uplands
E00264,Enterprise 00264,CON,3,Coast
E00265,Enterprise 00265,ACC,1,Uplands
E00266,Enterprise 00266,PRO,1,Coast
E00267,Enterprise 00267,TRS,1,South
E00268,Enterprise 00268,MFG,1,Uplands
E00269,Enterprise 00269,TRS,1,Uplands
E00270,Enterprise 00270,MFG,2,Coast
E00271,Enterprise 00271,CON,1,Coast
E00272,Enterprise 00272,WRT,1,North
E00273,Enterprise 00273,MFG,2,South
E00274,Enterprise 00274,MFG,1,Central
E00275,Enterprise 00275,CON,1,Central
E00276,Enterprise 00276,TRS,2,South
E00277,Enterprise 00277,CON,1,Coast
E00278,Enterprise 00278,TRS,3,South
E00279,Enterprise 00279,MFG,1,Central
E00280,Enterprise 00280,MFG,1,Coast
E00281,Enterprise 00281,MFG,1,Central
E00282,Enterprise 00282,PRO,1,South
E00283,Enterprise 00283,PRO,2,North
E00284,Enterprise 00284,TRS,1,South
E00285,Enterprise 00285,TRS,1,South
E00286,Enterprise 00286,MFG,1,Coast
E00287,Enterprise 00287,PRO,1,Coast
E00288,Enterprise 00288,TRS,1,South
E00289,Enterprise 00289,CON,4,South
E00290,Enterprise 00290,PRO,1,North
E00291,Enterprise 00291,TRS,1,South
E00292,Enterprise 00292,MFG,1,South
E00293,Enterprise 00293,TRS,1,South
E00294,Enterprise 00294,PRO,1,South
E00295,Enterprise 00295,MFG,2,South
E00296,Enterprise 00296,WRT,1,Coast
E00297,Enterprise 00297,WRT,1,Uplands
E00298,Enterprise 00298,ACC,1,North
E00299,Enterprise 00299,WRT,1,North
E00300,Enterprise 00300,WRT,1,Central
E00301,Enterprise 00301,WRT,1,North
E00302,Enterprise 00302,ACC,1,Uplands
E00303,Enterprise 00303,ACC,1,Coast
E00304,Enterprise 00304,TRS,4,Coast
E00305,Enterprise 00305,ACC,1,Uplands
E00306,Enterprise 00306,PRO,1,Central
E00307,Enterprise 00307,MFG,1,North
E00308,Enterprise 00308,ACC,1,Coast
E00309,Enterprise 00309,WRT,4,Uplands
E00310,Enterprise 00310,ACC,4,Uplands
E00311,Enterprise 00311,ACC,1,Uplands
E00312,Enterprise 00312,TRS,3,Uplands
E00313,Enterprise 00313,TRS,1,Central
E00314,Enterprise 00314,TRS,1,Central
E00315,Enterprise 00315,MFG,2,North
E00316,Enterprise 00316,MFG,1,Coast
E00317,Enterprise 00317,TRS,1,Central
E00318,Enterprise 00318,TRS,1,South
E00319,Enterprise 00319,PRO,1,Coast
E00320,Enterprise 00320,PRO,1,Central
E00321,Enterprise 00321,CON,2,Coast
E00322,Enterprise 00322,MFG,1,North
E00323,Enterprise 00323,PRO,1,South
E00324,Enterprise 00324,PRO,1,Uplands
E00325,Enterprise 00325,PRO,1,North
E00326,Enterprise 00326,ACC,1,North
E00327,Enterprise 00327,MFG,1,Coast
E00328,Enterprise 00328,PRO,1,Uplands
E00329,Enterprise 00329,MFG,1,South
E00330,Enterprise 00330,ACC,1,Uplands
E00331,Enterprise 00331,PRO,1,Coast
E00332,Enterprise 00332,CON,1,South
E00333,Enterprise 00333,MFG,1,Uplands
E00334,Enterprise 00334,PRO,1,South
E00335,Enterprise 00335,MFG,3,Central
E00336,Enterprise 00336,WRT,2,Coast
E00337,Enterprise 00337,CON,1,South
E00338,Enterprise 00338,PRO,1,North
E00339,Enterprise 00339,TRS,1,South
E00340,Enterprise 00340,WRT,1,Coast
E00341,Enterprise 00341,WRT,4,North
E00342,Enterprise 00342,TRS,1,Uplands
E00343,Enterprise 00343,MFG,1,North
E00344,Enterprise 00344,WRT,1,Uplands
E00345,Enterprise 00345,CON,1,North
E00346,Enterprise 00346,CON,1,North
E00347,Enterprise 00347,TRS,2,South
E00348,Enterprise 00348,ACC,2,Uplands
E00349,Enterprise 00349,PRO,1,Central
E00350,Enterprise 00350,MFG,1,North
E00351,Enterprise 00351,PRO,3,Central
E00352,Enterprise 00352,ACC,1,Uplands
E00353,Enterprise 00353,CON,1,North
E00354,Enterprise 00354,TRS,2,North
E00355,Enterprise 00355,MFG,1,South
E00356,Enterprise 00356,ACC,2,South
E00357,Enterprise 00357,ACC,1,Coast
E00358,Enterprise 00358,WRT,1,Uplands
E00359,Enterprise 00359,CON,1,South
E00360,Enterprise 00360,CON,1,South
E00361,Enterprise 00361,PRO,2,South
E00362,Enterprise 00362,TRS,1,Uplands
E00363,Enterprise 00363,CON,1,Uplands
E00364,Enterprise 00364,WRT,1,South
E00365,Enterprise 00365,WRT,1,South
E00366,Enterprise 00366,WRT,1,North
E00367,Enterprise 00367,PRO,1,Central
E00368,Enterprise 00368,ACC,1,South
E00369,Enterprise 00369,PRO,1,Central
E00370,Enterprise 00370,WRT,1,South
E00371,Enterprise 00371,ACC,3,Uplands
E00372,Enterprise 00372,PRO,1,Coast
E00373,Enterprise 00373,PRO,2,South
E00374,Enterprise 00374,WRT,1,North
E00375,Enterprise 00375,WRT,1,Coast
E00376,Enterprise 00376,ACC,1,Coast
E00377,Enterprise 00377,ACC,1,Uplands
E00378,Enterprise 00378,TRS,1,South
E00379,Enterprise 00379,ACC,1,Coast
E00380,Enterprise 00380,PRO,3,Coast
E00381,Enterprise 00381,ACC,1,North
E00382,Enterprise 00382,WRT,4,Central
E00383,Enterprise 00383,WRT,1,Central
E00384,Enterprise 00384,WRT,2,Central
E00385,Enterprise 00385,PRO,3,Uplands
E00386,Enterprise 00386,PRO,1,Coast
E00387,Enterprise 00387,ACC,1,Central
E00388,Enterprise 00388,PRO,1,Uplands
E00389,Enterprise 00389,MFG,3,North
E00390,Enterprise 00390,WRT,1,South
E00391,Enterprise 00391,MFG,1,North
E00392,Enterprise 00392,WRT,1,Central
E00393,Enterprise 00393,CON,1,Uplands
E00394,Enterprise 00394,WRT,2,South
E00395,Enterprise 00395,WRT,1,South
E00396,Enterprise 00396,TRS,1,North
E00397,Enterprise 00397,TRS,1,Uplands
E00398,Enterprise 00398,PRO,1,Central
E00399,Enterprise 00399,WRT,1,North
E00400,Enterprise 00400,TRS,1,Coast
E00401,Enterprise 00401,PRO,1,Central
E00402,Enterprise 00402,TRS,2,Central
E00403,Enterprise 00403,TRS,1,Coast
E00404,Enterprise 00404,ACC,1,Uplands
E00405,Enterprise 00405,CON,1,Uplands
E00406,Enterprise 00406,PRO,1,South
E00407,Enterprise 00407,PRO,1,South
E00408,Enterprise 00408,MFG,2,North
E00409,Enterprise 00409,ACC,2,Coast
E00410,Enterprise 00410,TRS,1,North
E00411,Enterprise 00411,WRT,1,Uplands
E00412,Enterprise 00412,ACC,1,Uplands
E00413,Enterprise 00413,MFG,1,Coast
E00414,Enterprise 00414,ACC,1,Uplands
E00415,Enterprise 00415,ACC,1,Coast
E00416,Enterprise 00416,TRS,1,Coast
E00417,Enterprise 00417,TRS,1,Central
E00418,Enterprise 00418,PRO,1,South
E00419,Enterprise 00419,ACC,1,Uplands
E00420,Enterprise 00420,TRS,1,Coast
E00421,Enterprise 00421,ACC,1,North
E00422,Enterprise 00422,WRT,1,Coast
E00423,Enterprise 00423,CON,1,Uplands
E00424,Enterprise 00424,TRS,1,Uplands
E00425,Enterprise 00425,CON,2,Coast
E00426,Enterprise 00426,CON,1,South
E00427,Enterprise 00427,ACC,1,South
E00428,Enterprise 00428,WRT,3,Uplands
E00429,Enterprise 00429,ACC,1,Uplands
E00430,Enterprise 00430,WRT,3,Uplands
E00431,Enterprise 00431,WRT,1,Central
E00432,Enterprise 00432,ACC,1,South
E00433,Enterprise 00433,PRO,3,North
E00434,Enterprise 00434,CON,1,North
E00435,Enterprise 00435,ACC,1,Uplands
E00436,Enterprise 00436,WRT,1,Coast
E00437,Enterprise 00437,MFG,1,Central
E00438,Enterprise 00438,PRO,2,North
E00439,Enterprise 00439,ACC,1,South
E00440,Enterprise 00440,TRS,1,Uplands
E00441,Enterprise 00441,WRT,1,South
E00442,Enterprise 00442,CON,1,Coast
E00443,Enterprise 00443,PRO,4,Coast
E00444,Enterprise 00444,ACC,1,Central
E00445,Enterprise 00445,MFG,1,Central
E00446,Enterprise 00446,PRO,1,North
E00447,Enterprise 00447,PRO,1,North
E00448,Enterprise 00448,TRS,1,North
E00449,Enterprise 00449,MFG,1,Uplands
E00450,Enterprise 00450,ACC,1,Coast
E00451,Enterprise 00451,ACC,1,Coast
E00452,Enterprise 00452,CON,1,Central
E00453,Enterprise 00453,ACC,1,North
E00454,Enterprise 00454,WRT,2,Uplands
E00455,Enterprise 00455,MFG,1,South
E00456,Enterprise 00456,MFG,2,South
E00457,Enterprise 00457,PRO,1,South
E00458,Enterprise 00458,ACC,1,Uplands
E00459,Enterprise 00459,TRS,1,Coast
E00460,Enterprise 00460,ACC,2,North
E00461,Enterprise 00461,PRO,1,Uplands
E00462,Enterprise 00462,TRS,2,Central
E00463,Enterprise 00463,TRS,1,South
E00464,Enterprise 00464,PRO,2,Coast
E00465,Enterprise 00465,MFG,2,Uplands
E00466,Enterprise 00466,MFG,1,Uplands
E00467,Enterprise 00467,MFG,1,Central
E00468,Enterprise 00468,WRT,1,Uplands
E00469,Enterprise 00469,ACC,1,Coast
E00470,Enterprise 00470,CON,1,South
E00471,Enterprise 00471,ACC,1,North
E00472,Enterprise 00472,PRO,1,North
E00473,Enterprise 00473,ACC,1,South
E00474,Enterprise 00474,MFG,1,South
E00475,Enterprise 00475,ACC,1,North
E00476,Enterprise 00476,MFG,1,South
E00477,Enterprise 00477,PRO,1,North
E00478,Enterprise 00478,ACC,1,North
E00479,Enterprise 00479,CON,1,Coast
E00480,Enterprise 00480,ACC,1,Central
E00481,Enterprise 00481,TRS,1,North
E00482,Enterprise 00482,MFG,2,North
E00483,Enterprise 00483,ACC,2,Coast
E00484,Enterprise 00484,CON,1,South
E00485,Enterprise 00485,TRS,1,North
E00486,Enterprise 00486,WRT,1,North
E00487,Enterprise 00487,ACC,1,North
E00488,Enterprise 00488,WRT,1,Uplands
E00489,Enterprise 00489,ACC,3,North
E00490,Enterprise 00490,PRO,1,Central
E00491,Enterprise 00491,CON,1,Uplands
E00492,Enterprise 00492,WRT,1,Coast
E00493,Enterprise 00493,ACC,1,North
E00494,Enterprise 00494,ACC,1,South
E00495,Enterprise 00495,ACC,1,North
E00496,Enterprise 00496,WRT,4,Coast
E00497,Enterprise 00497,CON,1,North
E00498,Enterprise 00498,CON,1,Uplands
E00499,Enterprise 00499,TRS,1,Central
E00500,Enterprise 00500,MFG,2,Uplands
E00501,Enterprise 00501,CON,1,Central
E00502,Enterprise 00502,MFG,1,South
E00503,Enterprise 00503,MFG,1,Uplands
E00504,Enterprise 00504,TRS,1,Uplands
E00505,Enterprise 00505,MFG,3,Uplands
E00506,Enterprise 00506,PRO,1,Uplands
E00507,Enterprise 00507,WRT,1,Central
E00508,Enterprise 00508,CON,1,North
E00509,Enterprise 00509,PRO,3,Central
E00510,Enterprise 00510,PRO,1,Coast
E00511,Enterprise 00511,ACC,1,South
E00512,Enterprise 00512,ACC,1,South
E00513,Enterprise 00513,WRT,1,North
E00514,Enterprise 00514,WRT,1,Central
E00515,Enterprise 00515,WRT,1,Coast
E00516,Enterprise 00516,ACC,1,Central
E00517,Enterprise 00517,WRT,1,Uplands
E00518,Enterprise 00518,TRS,1,South
E00519,Enterprise 00519,MFG,1,Central
E00520,Enterprise 00520,CON,1,Uplands
E00521,Enterprise 00521,PRO,1,Coast
E00522,Enterprise 00522,MFG,1,Central
E00523,Enterprise 00523,PRO,1,Coast
E00524,Enterprise 00524,PRO,1,Central
E00525,Enterprise 00525,TRS,1,Uplands
E00526,Enterprise 00526,CON,1,Coast
E00527,Enterprise 00527,PRO,1,Coast
E00528,Enterprise 00528,WRT,1,Uplands
E00529,Enterprise 00529,ACC,1,North
E00530,Enterprise 00530,TRS,1,Central
E00531,Enterprise 00531,TRS,2,Uplands
E00532,Enterprise 00532,PRO,1,South
E00533,Enterprise 00533,PRO,2,Central
E00534,Enterprise 00534,TRS,1,North
E00535,Enterprise 00535,PRO,2,Uplands
E00536,Enterprise 00536,MFG,1,Coast
E00537,Enterprise 00537,MFG,3,South
E00538,Enterprise 00538,WRT,1,South
E00539,Enterprise 00539,ACC,1,Central
E00540,Enterprise 00540,PRO,1,Uplands
E00541,Enterprise 00541,MFG,1,Central
E00542,Enterprise 00542,ACC,1,North
E00543,Enterprise 00543,ACC,2,Uplands
E00544,Enterprise 00544,PRO,1,North
E00545,Enterprise 00545,WRT,2,Coast
E00546,Enterprise 00546,PRO,1,South
E00547,Enterprise 00547,PRO,1,Central
E00548,Enterprise 00548,WRT,2,Uplands
E00549,Enterprise 00549,PRO,3,Uplands
E00550,Enterprise 00550,MFG,1,North
E00551,Enterprise 00551,MFG,1,Uplands
E00552,Enterprise 00552,MFG,1,North
E00553,Enterprise 00553,CON,1,North
E00554,Enterprise 00554,MFG,1,South
E00555,Enterprise 00555,MFG,1,Uplands
E00556,Enterprise 00556,WRT,1,Coast
E00557,Enterprise 00557,MFG,1,Central
E00558,Enterprise 00558,WRT,2,Central
E00559,Enterprise 00559,PRO,1,Uplands
E00560,Enterprise 00560,ACC,1,Uplands
E00561,Enterprise 00561,WRT,3,North
E00562,Enterprise 00562,CON,1,Uplands
E00563,Enterprise 00563,WRT,1,Uplands
E00564,Enterprise 00564,TRS,2,North
E00565,Enterprise 00565,CON,2,Uplands
E00566,Enterprise 00566,CON,1,North
E00567,Enterprise 00567,PRO,3,Uplands
E00568,Enterprise 00568,WRT,1,Central
E00569,Enterprise 00569,MFG,1,South
E00570,Enterprise 00570,MFG,4,North
E00571,Enterprise 00571,ACC,2,North
E00572,Enterprise 00572,MFG,1,North
E00573,Enterprise 00573,CON,1,Uplands
E00574,Enterprise 00574,WRT,1,Uplands
E00575,Enterprise 00575,WRT,1,North
E00576,Enterprise 00576,MFG,1,Central
E00577,Enterprise 00577,PRO,1,North
E00578,Enterprise 00578,MFG,1,South
E00579,Enterprise 00579,MFG,1,Coast
E00580,Enterprise 00580,PRO,1,Uplands
E00581,Enterprise 00581,CON,1,North
E00582,Enterprise 00582,ACC,1,Uplands
E00583,Enterprise 00583,CON,1,Uplands
E00584,Enterprise 00584,WRT,1,Central
E00585,Enterprise 00585,ACC,3,Coast
E00586,Enterprise 00586,PRO,1,Uplands
E00587,Enterprise 00587,WRT,1,Coast
E00588,Enterprise 00588,PRO,1,Central
E00589,Enterprise 00589,WRT,1,South
E00590,Enterprise 00590,ACC,1,Central
E00591,Enterprise 00591,PRO,4,South
E00592,Enterprise 00592,PRO,2,Coast
E00593,Enterprise 00593,CON,1,Coast
E00594,Enterprise 00594,PRO,3,North
E00595,Enterprise 00595,WRT,3,Coast
E00596,Enterprise 00596,CON,1,North
E00597,Enterprise 00597,ACC,1,Central
E00598,Enterprise 00598,ACC,1,South
E00599,Enterprise 00599,MFG,1,Coast
E00600,Enterprise 00600,WRT,1,Central
E00601,Enterprise 00601,MFG,1,Uplands
E00602,Enterprise 00602,TRS,3,Coast
E00603,Enterprise 00603,WRT,1,Coast
E00604,Enterprise 00604,PRO,1,North
E00605,Enterprise 00605,MFG,1,Uplands
E00606,Enterprise 00606,ACC,1,Coast
E00607,Enterprise 00607,MFG,2,Coast
E00608,Enterprise 00608,WRT,4,North
E00609,Enterprise 00609,CON,2,Central
E00610,Enterprise 00610,CON,2,Coast
E00611,Enterprise 00611,MFG,2,South
E00612,Enterprise 00612,CON,2,North
E00613,Enterprise 00613,PRO,1,Coast
E00614,Enterprise 00614,PRO,4,North
E00615,Enterprise 00615,PRO,1,North
E00616,Enterprise 00616,TRS,3,North
E00617,Enterprise 00617,CON,3,Central
E00618,Enterprise 00618,CON,2,South
E00619,Enterprise 00619,TRS,1,North
E00620,Enterprise 00620,CON,1,Coast
E00621,Enterprise 00621,WRT,1,Coast
E00622,Enterprise 00622,WRT,1,Coast
E00623,Enterprise 00623,ACC,2,South
E00624,Enterprise 00624,WRT,2,South
E00625,Enterprise 00625,CON,1,Uplands
E00626,Enterprise 00626,CON,2,South
E00627,Enterprise 00627,TRS,4,Uplands
E00628,Enterprise 00628,MFG,1,South
E00629,Enterprise 00629,MFG,1,North
E00630,Enterprise 00630,WRT,1,South
E00631,Enterprise 00631,MFG,1,Central
E00632,Enterprise 00632,ACC,1,Coast
E00633,Enterprise 00633,PRO,1,South
E00634,Enterprise 00634,PRO,2,Central
E00635,Enterprise 00635,PRO,2,Coast
E00636,Enterprise 00636,PRO,1,Central
E00637,Enterprise 00637,TRS,1,North
E00638,Enterprise 00638,CON,1,Coast
E00639,Enterprise 00639,PRO,1,Central
E00640,Enterprise 00640,MFG,1,Coast
E00641,Enterprise 00641,TRS,1,North
E00642,Enterprise 00642,MFG,1,Uplands
E00643,Enterprise 00643,TRS,1,North
E00644,Enterprise 00644,WRT,1,Coast
E00645,Enterprise 00645,MFG,1,South
E00646,Enterprise 00646,WRT,4,South
E00647,Enterprise 00647,CON,1,Coast
E00648,Enterprise 00648,WRT,1,North
E00649,Enterprise 00649,WRT,1,South
E00650,Enterprise 00650,PRO,3,Coast
E00651,Enterprise 00651,ACC,1,South
E00652,Enterprise 00652,MFG,1,South
E00653,Enterprise 00653,MFG,2,Central
E00654,Enterprise 00654,CON,1,South
E00655,Enterprise 00655,PRO,1,North
E00656,Enterprise 00656,MFG,1,Central
E00657,Enterprise 00657,MFG,1,North
E00658,Enterprise 00658,MFG,1,Central
E00659,Enterprise 00659,WRT,1,Central
E00660,Enterprise 00660,MFG,1,North
E00661,Enterprise 00661,PRO,1,North
E00662,Enterprise 00662,MFG,1,South
E00663,Enterprise 00663,WRT,1,Uplands
E00664,Enterprise 00664,CON,1,Coast
E00665,Enterprise 00665,WRT,1,Coast
E00666,Enterprise 00666,CON,3,Central
E00667,Enterprise 00667,TRS,1,Central
E00668,Enterprise 00668,ACC,1,Central
E00669,Enterprise 00669,PRO,1,North
E00670,Enterprise 00670,MFG,1,North
E00671,Enterprise 00671,CON,1,North
E00672,Enterprise 00672,TRS,2,North
E00673,Enterprise 00673,CON,1,Coast
E00674,Enterprise 00674,MFG,1,North
E00675,Enterprise 00675,MFG,1,Central
E00676,Enterprise 00676,MFG,2,North
E00677,Enterprise 00677,MFG,1,Coast
E00678,Enterprise 00678,ACC,3,Central
E00679,Enterprise 00679,PRO,1,Coast
E00680,Enterprise 00680,CON,1,Central
E00681,Enterprise 00681,PRO,1,Uplands
E00682,Enterprise 00682,MFG,1,North
E00683,Enterprise 00683,PRO,1,South
E00684,Enterprise 00684,CON,1,South
E00685,Enterprise 00685,PRO,1,South
E00686,Enterprise 00686,TRS,1,Uplands
E00687,Enterprise 00687,WRT,1,Uplands
E00688,Enterprise 00688,TRS,2,Uplands
E00689,Enterprise 00689,MFG,3,Coast
E00690,Enterprise 00690,MFG,1,North
E00691,Enterprise 00691,MFG,1,North
E00692,Enterprise 00692,PRO,1,Uplands
E00693,Enterprise 00693,CON,1,North
E00694,Enterprise 00694,WRT,1,Central
E00695,Enterprise 00695,ACC,1,Coast
E00696,Enterprise 00696,WRT,1,South
E00697,Enterprise 00697,PRO,2,Uplands
E00698,Enterprise 00698,MFG,1,South
E00699,Enterprise 00699,MFG,1,Uplands
E00700,Enterprise 00700,PRO,1,North
E00701,Enterprise 00701,MFG,1,Central
E00702,Enterprise 00702,PRO,1,South
E00703,Enterprise 00703,TRS,1,South
E00704,Enterprise 00704,MFG,1,Uplands
E00705,Enterprise 00705,TRS,1,Coast
E00706,Enterprise 00706,TRS,1,Uplands
E00707,Enterprise 00707,WRT,3,North
E00708,Enterprise 00708,ACC,1,Coast
E00709,Enterprise 00709,WRT,1,Coast
E00710,Enterprise 00710,WRT,1,Coast
E00711,Enterprise 00711,ACC,1,Uplands
E00712,Enterprise 00712,WRT,3,South
E00713,Enterprise 00713,WRT,1,Central
E00714,Enterprise 00714,WRT,1,Uplands
E00715,Enterprise 00715,WRT,1,South
E00716,Enterprise 00716,WRT,1,North
E00717,Enterprise 00717,PRO,1,Coast
E00718,Enterprise 00718,TRS,1,North
E00719,Enterprise 00719,TRS,2,South
E00720,Enterprise 00720,ACC,1,Coast
E00721,Enterprise 00721,PRO,1,Coast
E00722,Enterprise 00722,TRS,1,North
E00723,Enterprise 00723,MFG,1,Uplands
E00724,Enterprise 00724,PRO,1,Uplands
E00725,Enterprise 00725,MFG,1,Coast
E00726,Enterprise 00726,MFG,1,South
E00727,Enterprise 00727,WRT,1,Uplands
E00728,Enterprise 00728,TRS,1,South
E00729,Enterprise 00729,TRS,1,Coast
E00730,Enterprise 00730,MFG,1,North
E00731,Enterprise 00731,ACC,1,South
E00732,Enterprise 00732,PRO,1,South
E00733,Enterprise 00733,ACC,1,North
E00734,Enterprise 00734,CON,3,Central
E00735,Enterprise 00735,TRS,3,South
E00736,Enterprise 00736,CON,1,Central
E00737,Enterprise 00737,CON,1,Uplands
E00738,Enterprise 00738,MFG,2,South
E00739,Enterprise 00739,CON,1,South
E00740,Enterprise 00740,CON,1,Uplands
E00741,Enterprise 00741,CON,1,Coast
E00742,Enterprise 00742,TRS,1,Central
E00743,Enterprise 00743,MFG,1,Uplands
E00744,Enterprise 00744,CON,2,North
E00745,Enterprise 00745,CON,2,South
E00746,Enterprise 00746,PRO,1,Central
E00747,Enterprise 00747,CON,1,South
E00748,Enterprise 00748,CON,1,North
E00749,Enterprise 00749,CON,2,South
E00750,Enterprise 00750,ACC,1,South
E00751,Enterprise 00751,CON,2,North
E00752,Enterprise 00752,ACC,1,South
E00753,Enterprise 00753,PRO,1,South
E00754,Enterprise 00754,MFG,1,North
E00755,Enterprise 00755,PRO,2,Uplands
E00756,Enterprise 00756,CON,1,Uplands
E00757,Enterprise 00757,PRO,1,North
E00758,Enterprise 00758,TRS,1,Uplands
E00759,Enterprise 00759,CON,1,Central
E00760,Enterprise 00760,ACC,2,Uplands
E00761,Enterprise 00761,CON,1,Coast
E00762,Enterprise 00762,PRO,1,Coast
E00763,Enterprise 00763,PRO,1,Central
E00764,Enterprise 00764,ACC,2,Central
E00765,Enterprise 00765,PRO,1,Coast
E00766,Enterprise 00766,CON,3,Central
E00767,Enterprise 00767,MFG,1,North
E00768,Enterprise 00768,CON,1,North
E00769,Enterprise 00769,MFG,1,Central
E00770,Enterprise 00770,ACC,1,North
E00771,Enterprise 00771,MFG,1,South
E00772,Enterprise 00772,MFG,1,Central
E00773,Enterprise 00773,PRO,1,Uplands
E00774,Enterprise 00774,WRT,1,Uplands
E00775,Enterprise 00775,WRT,1,South
E00776,Enterprise 00776,PRO,1,South
E00777,Enterprise 00777,TRS,1,Coast
E00778,Enterprise 00778,ACC,1,Coast
E00779,Enterprise 00779,PRO,2,Coast
E00780,Enterprise 00780,MFG,1,Central
E00781,Enterprise 00781,CON,1,North
E00782,Enterprise 00782,MFG,2,Coast
E00783,Enterprise 00783,ACC,1,Coast
E00784,Enterprise 00784,MFG,1,Central
E00785,Enterprise 00785,TRS,1,Central
E00786,Enterprise 00786,CON,1,Central
E00787,Enterprise 00787,MFG,1,South
E00788,Enterprise 00788,MFG,1,North
E00789,Enterprise 00789,TRS,2,Uplands
E00790,Enterprise 00790,CON,3,Coast
E00791,Enterprise 00791,ACC,1,Uplands
E00792,Enterprise 00792,TRS,2,North
E00793,Enterprise 00793,WRT,1,North
E00794,Enterprise 00794,ACC,1,Coast
E00795,Enterprise 00795,WRT,2,Coast
E00796,Enterprise 00796,ACC,1,Coast
E00797,Enterprise 00797,MFG,1,South
E00798,Enterprise 00798,PRO,1,North
E00799,Enterprise 00799,PRO,2,South
E00800,Enterprise 00800,PRO,1,Coast
E00801,Enterprise 00801,TRS,1,Central
E00802,Enterprise 00802,TRS,1,Central
E00803,Enterprise 00803,ACC,2,South
E00804,Enterprise 00804,PRO,3,Coast
E00805,Enterprise 00805,ACC,1,South
E00806,Enterprise 00806,PRO,1,South
E00807,Enterprise 00807,CON,1,Coast
E00808,Enterprise 00808,PRO,1,Central
E00809,Enterprise 00809,MFG,1,North
E00810,Enterprise 00810,MFG,1,Uplands
E00811,Enterprise 00811,MFG,3,Uplands
E00812,Enterprise 00812,MFG,1,Central
E00813,Enterprise 00813,ACC,1,Uplands
E00814,Enterprise 00814,PRO,1,Coast
E00815,Enterprise 00815,ACC,1,South
E00816,Enterprise 00816,WRT,1,Coast
E00817,Enterprise 00817,PRO,1,Coast
E00818,Enterprise 00818,PRO,2,Central
E00819,Enterprise 00819,MFG,1,Coast
E00820,Enterprise 00820,ACC,1,Central
E00821,Enterprise 00821,PRO,3,Coast
E00822,Enterprise 00822,CON,1,Central
E00823,Enterprise 00823,MFG,1,Central
E00824,Enterprise 00824,ACC,1,South
E00825,Enterprise 00825,PRO,1,South
E00826,Enterprise 00826,TRS,3,Coast
E00827,Enterprise 00827,WRT,1,Coast
E00828,Enterprise 00828,TRS,1,Central
E00829,Enterprise 00829,CON,1,Coast
E00830,Enterprise 00830,MFG,1,North
E00831,Enterprise 00831,TRS,1,Coast
E00832,Enterprise 00832,WRT,2,Coast
E00833,Enterprise 00833,WRT,1,North
E00834,Enterprise 00834,TRS,1,Coast
E00835,Enterprise 00835,MFG,2,North
E00836,Enterprise 00836,PRO,1,Central
E00837,Enterprise 00837,TRS,1,Central
E00838,Enterprise 00838,TRS,4,Coast
E00839,Enterprise 00839,MFG,2,Coast
E00840,Enterprise 00840,PRO,1,Central
E00841,Enterprise 00841,MFG,1,North
E00842,Enterprise 00842,ACC,1,South
E00843,Enterprise 00843,CON,1,North
E00844,Enterprise 00844,ACC,1,Central
E00845,Enterprise 00845,TRS,1,Central
E00846,Enterprise 00846,PRO,1,Coast
E00847,Enterprise 00847,MFG,1,Uplands
E00848,Enterprise 00848,ACC,1,Coast
E00849,Enterprise 00849,MFG,1,Central
E00850,Enterprise 00850,ACC,1,Coast
E00851,Enterprise 00851,WRT,1,South
E00852,Enterprise 00852,ACC,1,North
E00853,Enterprise 00853,CON,1,Central
E00854,Enterprise 00854,WRT,1,Uplands
E00855,Enterprise 00855,PRO,3,North
E00856,Enterprise 00856,CON,1,North
E00857,Enterprise 00857,TRS,1,South
E00858,Enterprise 00858,PRO,1,Coast
E00859,Enterprise 00859,CON,2,Coast
E00860,Enterprise 00860,ACC,1,Central
E00861,Enterprise 00861,CON,1,South
E00862,Enterprise 00862,PRO,1,Central
E00863,Enterprise 00863,CON,1,Uplands
E00864,Enterprise 00864,WRT,1,Uplands
E00865,Enterprise 00865,MFG,1,Coast
E00866,Enterprise 00866,WRT,1,Central
E00867,Enterprise 00867,PRO,1,Uplands
E00868,Enterprise 00868,MFG,1,Central
E00869,Enterprise 00869,PRO,1,North
E00870,Enterprise 00870,WRT,2,Central
E00871,Enterprise 00871,CON,1,Central
E00872,Enterprise 00872,WRT,2,South
E00873,Enterprise 00873,CON,1,Coast
E00874,Enterprise 00874,ACC,1,Uplands
E00875,Enterprise 00875,WRT,1,South
E00876,Enterprise 00876,TRS,1,North
E00877,Enterprise 00877,PRO,1,Central
E00878,Enterprise 00878,WRT,4,North
E00879,Enterprise 00879,ACC,1,Coast
E00880,Enterprise 00880,PRO,2,Coast
E00881,Enterprise 00881,ACC,2,North
E00882,Enterprise 00882,TRS,1,Uplands
E00883,Enterprise 00883,MFG,1,Central
E00884,Enterprise 00884,MFG,1,Uplands
E00885,Enterprise 00885,CON,1,Central
E00886,Enterprise 00886,PRO,1,Central
E00887,Enterprise 00887,WRT,1,South
E00888,Enterprise 00888,PRO,1,South
E00889,Enterprise 00889,MFG,2,Central
E00890,Enterprise 00890,WRT,2,South
E00891,Enterprise 00891,WRT,3,Uplands
E00892,Enterprise 00892,WRT,1,Central
E00893,Enterprise 00893,TRS,4,Central
E00894,Enterprise 00894,WRT,1,North
E00895,Enterprise 00895,ACC,1,Uplands
E00896,Enterprise 00896,WRT,1,Coast
E00897,Enterprise 00897,MFG,3,Coast
E00898,Enterprise 00898,PRO,1,Central
E00899,Enterprise 00899,TRS,1,North
E00900,Enterprise 00900,ACC,1,Coast
E00901,Enterprise 00901,WRT,1,Coast
E00902,Enterprise 00902,PRO,1,Coast
E00903,Enterprise 00903,WRT,1,North
E00904,Enterprise 00904,CON,1,Uplands
E00905,Enterprise 00905,TRS,1,Uplands
E00906,Enterprise 00906,MFG,1,Uplands
E00907,Enterprise 00907,CON,1,Uplands
E00908,Enterprise 00908,WRT,1,Central
E00909,Enterprise 00909,MFG,2,Coast
E00910,Enterprise 00910,WRT,1,Coast
E00911,Enterprise 00911,WRT,1,North
E00912,Enterprise 00912,WRT,1,South
E00913,Enterprise 00913,PRO,1,Coast
E00914,Enterprise 00914,CON,1,North
E00915,Enterprise 00915,MFG,1,Coast
E00916,Enterprise 00916,ACC,1,Uplands
E00917,Enterprise 00917,MFG,1,Uplands
E00918,Enterprise 00918,MFG,1,Central
E00919,Enterprise 00919,TRS,2,South
E00920,Enterprise 00920,ACC,1,Central
E00921,Enterprise 00921,TRS,1,Uplands
E00922,Enterprise 00922,MFG,1,South
E00923,Enterprise 00923,PRO,1,Coast
E00924,Enterprise 00924,PRO,1,Central
E00925,Enterprise 00925,WRT,1,Central
E00926,Enterprise 00926,CON,1,Coast
E00927,Enterprise 00927,WRT,4,North
E00928,Enterprise 00928,CON,1,Coast
E00929,Enterprise 00929,MFG,1,Uplands
E00930,Enterprise 00930,WRT,1,Coast
E00931,Enterprise 00931,ACC,1,Coast
E00932,Enterprise 00932,ACC,1,Coast
E00933,Enterprise 00933,TRS,1,South
E00934,Enterprise 00934,MFG,2,North
E00935,Enterprise 00935,CON,1,North
E00936,Enterprise 00936,PRO,1,Coast
E00937,Enterprise 00937,WRT,1,Uplands
E00938,Enterprise 00938,PRO,1,Central
E00939,Enterprise 00939,ACC,1,Central
E00940,Enterprise 00940,TRS,1,Central
E00941,Enterprise 00941,TRS,1,Uplands
E00942,Enterprise 00942,WRT,1,Central
E00943,Enterprise 00943,TRS,2,North
E00944,Enterprise 00944,MFG,1,North
E00945,Enterprise 00945,MFG,2,North
E00946,Enterprise 00946,MFG,3,Central
E00947,Enterprise 00947,WRT,2,Central
E00948,Enterprise 00948,ACC,1,Coast
E00949,Enterprise 00949,TRS,1,North
E00950,Enterprise 00950,PRO,1,South
E00951,Enterprise 00951,MFG,4,Coast
E00952,Enterprise 00952,MFG,1,South
E00953,Enterprise 00953,CON,1,Coast
E00954,Enterprise 00954,PRO,1,Coast
E00955,Enterprise 00955,TRS,3,Uplands
E00956,Enterprise 00956,WRT,1,Central
E00957,Enterprise 00957,MFG,1,Coast
E00958,Enterprise 00958,CON,1,Uplands
E00959,Enterprise 00959,MFG,2,Central
E00960,Enterprise 00960,PRO,1,Central
E00961,Enterprise 00961,PRO,1,Central
E00962,Enterprise 00962,MFG,1,Coast
E00963,Enterprise 00963,CON,1,North
E00964,Enterprise 00964,WRT,1,North
E00965,Enterprise 00965,TRS,3,North
E00966,Enterprise 00966,MFG,1,Central
E00967,Enterprise 00967,TRS,1,Coast
E00968,Enterprise 00968,ACC,1,Central
E00969,Enterprise 00969,PRO,1,South
E00970,Enterprise 00970,CON,2,North
E00971,Enterprise 00971,PRO,1,South
E00972,Enterprise 00972,TRS,1,Coast
E00973,Enterprise 00973,CON,1,Central
E00974,Enterprise 00974,TRS,3,Uplands
E00975,Enterprise 00975,PRO,1,South
E00976,Enterprise 00976,PRO,1,Central
E00977,Enterprise 00977,ACC,1,South
E00978,Enterprise 00978,TRS,1,Central
E00979,Enterprise 00979,PRO,1,North
E00980,Enterprise 00980,WRT,1,Uplands
E00981,Enterprise 00981,ACC,2,Uplands
E00982,Enterprise 00982,MFG,1,Coast
E00983,Enterprise 00983,TRS,1,Coast
E00984,Enterprise 00984,ACC,1,South
E00985,Enterprise 00985,CON,1,South
E00986,Enterprise 00986,TRS,1,North
E00987,Enterprise 00987,CON,1,Coast
E00988,Enterprise 00988,PRO,1,Coast
E00989,Enterprise 00989,TRS,1,North
E00990,Enterprise 00990,CON,1,Coast
E00991,Enterprise 00991,WRT,1,South
E00992,Enterprise 00992,CON,1,Coast
E00993,Enterprise 00993,ACC,1,South
E00994,Enterprise 00994,MFG,1,Uplands
E00995,Enterprise 00995,WRT,1,Central
E00996,Enterprise 00996,WRT,1,South
E00997,Enterprise 00997,WRT,1,North
E00998,Enterprise 00998,MFG,1,South
E00999,Enterprise 00999,ACC,4,North
E01000,Enterprise 01000,TRS,1,Uplands
E01001,Enterprise 01001,WRT,1,Uplands
E01002,Enterprise 01002,PRO,1,North
E01003,Enterprise 01003,PRO,1,South
E01004,Enterprise 01004,TRS,1,South
E01005,Enterprise 01005,WRT,1,Central
E01006,Enterprise 01006,MFG,1,Uplands
E01007,Enterprise 01007,WRT,1,Uplands
E01008,Enterprise 01008,TRS,1,South
E01009,Enterprise 01009,WRT,1,North
E01010,Enterprise 01010,WRT,2,Coast
E01011,Enterprise 01011,WRT,1,Uplands
E01012,Enterprise 01012,WRT,1,North
E01013,Enterprise 01013,CON,1,North
E01014,Enterprise 01014,WRT,1,Central
E01015,Enterprise 01015,TRS,1,Uplands
E01016,Enterprise 01016,TRS,1,Coast
E01017,Enterprise 01017,PRO,1,Central
E01018,Enterprise 01018,TRS,1,Uplands
E01019,Enterprise 01019,PRO,1,Central
E01020,Enterprise 01020,PRO,1,Central
E01021,Enterprise 01021,CON,1,Coast
E01022,Enterprise 01022,MFG,2,Central
E01023,Enterprise 01023,MFG,2,Uplands
E01024,Enterprise 01024,PRO,1,Coast
E01025,Enterprise 01025,WRT,1,Uplands
E01026,Enterprise 01026,TRS,2,North
E01027,Enterprise 01027,PRO,1,North
E01028,Enterprise 01028,TRS,1,Uplands
E01029,Enterprise 01029,PRO,3,Coast
E01030,Enterprise 01030,ACC,1,Central
E01031,Enterprise 01031,ACC,1,South
E01032,Enterprise 01032,CON,1,Coast
E01033,Enterprise 01033,TRS,1,Central
E01034,Enterprise 01034,WRT,1,Central
E01035,Enterprise 01035,ACC,2,Uplands
E01036,Enterprise 01036,PRO,1,Uplands
E01037,Enterprise 01037,ACC,1,Central
E01038,Enterprise 01038,TRS,1,Central
E01039,Enterprise 01039,ACC,2,Coast
E01040,Enterprise 01040,CON,1,Uplands
E01041,Enterprise 01041,TRS,1,Central
E01042,Enterprise 01042,ACC,1,North
E01043,Enterprise 01043,MFG,1,Central
E01044,Enterprise 01044,TRS,1,Central
E01045,Enterprise 01045,ACC,1,Coast
E01046,Enterprise 01046,TRS,1,North
E01047,Enterprise 01047,ACC,1,North
E01048,Enterprise 01048,CON,1,Uplands
E01049,Enterprise 01049,MFG,1,North
E01050,Enterprise 01050,TRS,1,Coast
E01051,Enterprise 01051,TRS,1,Uplands
E01052,Enterprise 01052,ACC,1,Coast
E01053,Enterprise 01053,PRO,1,Coast
E01054,Enterprise 01054,PRO,3,Coast
E01055,Enterprise 01055,PRO,3,Coast
E01056,Enterprise 01056,WRT,1,South
E01057,Enterprise 01057,TRS,1,Central
E01058,Enterprise 01058,ACC,1,North
E01059,Enterprise 01059,PRO,1,South
E01060,Enterprise 01060,PRO,1,South
E01061,Enterprise 01061,ACC,1,Uplands
E01062,Enterprise 01062,ACC,1,Central
E01063,Enterprise 01063,MFG,4,South
E01064,Enterprise 01064,PRO,1,Coast
E01065,Enterprise 01065,PRO,1,Uplands
E01066,Enterprise 01066,PRO,1,North
E01067,Enterprise 01067,CON,1,Central
E01068,Enterprise 01068,TRS,1,Central
E01069,Enterprise 01069,CON,1,Uplands
E01070,Enterprise 01070,WRT,1,North
E01071,Enterprise 01071,WRT,1,Coast
E01072,Enterprise 01072,WRT,1,North
E01073,Enterprise 01073,MFG,1,South
E01074,Enterprise 01074,TRS,1,North
E01075,Enterprise 01075,ACC,1,North
E01076,Enterprise 01076,TRS,1,North
E01077,Enterprise 01077,CON,1,Uplands
E01078,Enterprise 01078,CON,1,North
E01079,Enterprise 01079,ACC,1,Uplands
E01080,Enterprise 01080,ACC,2,Uplands
E01081,Enterprise 01081,ACC,1,Coast
E01082,Enterprise 01082,CON,1,Uplands
E01083,Enterprise 01083,TRS,2,North
E01084,Enterprise 01084,ACC,2,South
E01085,Enterprise 01085,CON,1,North
E01086,Enterprise 01086,WRT,1,Uplands
E01087,Enterprise 01087,PRO,1,North
E01088,Enterprise 01088,WRT,1,South
E01089,Enterprise 01089,WRT,1,South
E01090,Enterprise 01090,WRT,1,Uplands
E01091,Enterprise 01091,CON,1,Uplands
E01092,Enterprise 01092,PRO,1,North
E01093,Enterprise 01093,ACC,1,Central
E01094,Enterprise 01094,PRO,1,Uplands
E01095,Enterprise 01095,ACC,4,Uplands
E01096,Enterprise 01096,TRS,2,Uplands
E01097,Enterprise 01097,CON,1,Coast
E01098,Enterprise 01098,TRS,1,Coast
E01099,Enterprise 01099,TRS,1,North
E01100,Enterprise 01100,WRT,1,North
E01101,Enterprise 01101,MFG,4,Coast
E01102,Enterprise 01102,ACC,1,Uplands
E01103,Enterprise 01103,WRT,1,South
E01104,Enterprise 01104,ACC,1,Coast
E01105,Enterprise 01105,MFG,1,Central
E01106,Enterprise 01106,WRT,1,Uplands
E01107,Enterprise 01107,PRO,2,North
E01108,Enterprise 01108,TRS,2,North
E01109,Enterprise 01109,PRO,2,North
E01110,Enterprise 01110,PRO,1,Coast
E01111,Enterprise 01111,CON,1,South
E01112,Enterprise 01112,ACC,2,Coast
E01113,Enterprise 01113,WRT,1,Uplands
E01114,Enterprise 01114,ACC,1,North
E01115,Enterprise 01115,PRO,1,Coast
E01116,Enterprise 01116,TRS,1,Central
E01117,Enterprise 01117,PRO,1,North
E01118,Enterprise 01118,CON,1,Uplands
E01119,Enterprise 01119,MFG,3,North
E01120,Enterprise 01120,TRS,1,South
E01121,Enterprise 01121,TRS,1,North
E01122,Enterprise 01122,PRO,1,North
E01123,Enterprise 01123,PRO,1,North
E01124,Enterprise 01124,WRT,1,North
E01125,Enterprise 01125,WRT,1,North
E01126,Enterprise 01126,MFG,1,Coast
E01127,Enterprise 01127,ACC,1,South
E01128,Enterprise 01128,ACC,1,Coast
E01129,Enterprise 01129,ACC,3,North
E01130,Enterprise 01130,ACC,1,Coast
E01131,Enterprise 01131,TRS,1,Uplands
E01132,Enterprise 01132,ACC,1,Uplands
E01133,Enterprise 01133,ACC,2,North
E01134,Enterprise 01134,MFG,3,North
E01135,Enterprise 01135,WRT,1,Central
E01136,Enterprise 01136,TRS,3,Central
E01137,Enterprise 01137,CON,1,Central
E01138,Enterprise 01138,TRS,3,Coast
E01139,Enterprise 01139,MFG,1,Uplands
E01140,Enterprise 01140,PRO,2,North
E01141,Enterprise 01141,MFG,1,Uplands
E01142,Enterprise 01142,CON,1,Uplands
E01143,Enterprise 01143,PRO,1,Central
E01144,Enterprise 01144,CON,1,Uplands
E01145,Enterprise 01145,WRT,1,South
E01146,Enterprise 01146,TRS,1,Uplands
E01147,Enterprise 01147,ACC,1,Coast
E01148,Enterprise 01148,ACC,2,South
E01149,Enterprise 01149,ACC,1,Central
E01150,Enterprise 01150,ACC,1,Coast
E01151,Enterprise 01151,TRS,1,Uplands
E01152,Enterprise 01152,WRT,4,Central
E01153,Enterprise 01153,MFG,1,Coast
E01154,Enterprise 01154,PRO,1,South
E01155,Enterprise 01155,ACC,1,North
E01156,Enterprise 01156,PRO,1,Uplands
E01157,Enterprise 01157,ACC,1,North
E01158,Enterprise 01158,CON,1,North
E01159,Enterprise 01159,PRO,1,North
E01160,Enterprise 01160,PRO,1,South
E01161,Enterprise 01161,ACC,1,South
E01162,Enterprise 01162,TRS,1,South
E01163,Enterprise 01163,WRT,1,Coast
E01164,Enterprise 01164,MFG,1,Central
E01165,Enterprise 01165,CON,1,Uplands
E01166,Enterprise 01166,TRS,1,Central
E01167,Enterprise 01167,ACC,3,South
E01168,Enterprise 01168,WRT,1,Coast
E01169,Enterprise 01169,ACC,1,Central
E01170,Enterprise 01170,WRT,1,Central
E01171,Enterprise 01171,ACC,1,South
E01172,Enterprise 01172,ACC,1,Central
E01173,Enterprise 01173,MFG,1,Uplands
E01174,Enterprise 01174,ACC,2,Central
E01175,Enterprise 01175,ACC,1,South
E01176,Enterprise 01176,PRO,1,Coast
E01177,Enterprise 01177,MFG,1,Central
E01178,Enterprise 01178,WRT,1,North
E01179,Enterprise 01179,CON,1,Central
E01180,Enterprise 01180,MFG,1,Central
E01181,Enterprise 01181,TRS,1,North
E01182,Enterprise 01182,TRS,1,South
E01183,Enterprise 01183,ACC,1,South
E01184,Enterprise 01184,MFG,1,Coast
E01185,Enterprise 01185,ACC,2,South
E01186,Enterprise 01186,WRT,1,Uplands
E01187,Enterprise 01187,TRS,1,Uplands
E01188,Enterprise 01188,CON,1,North
E01189,Enterprise 01189,ACC,2,Coast
E01190,Enterprise 01190,ACC,1,Uplands
E01191,Enterprise 01191,CON,3,Uplands
E01192,Enterprise 01192,ACC,1,North
E01193,Enterprise 01193,MFG,1,Coast
E01194,Enterprise 01194,PRO,1,Coast
E01195,Enterprise 01195,PRO,1,Coast
E01196,Enterprise 01196,TRS,1,North
E01197,Enterprise 01197,CON,1,Coast
E01198,Enterprise 01198,TRS,1,South
E01199,Enterprise 01199,CON,1,South
E01200,Enterprise 01200,TRS,1,North
E01201,Enterprise 01201,TRS,1,South
E01202,Enterprise 01202,PRO,1,Coast
E01203,Enterprise 01203,ACC,1,Uplands
E01204,Enterprise 01204,MFG,1,South
E01205,Enterprise 01205,TRS,1,Uplands
E01206,Enterprise 01206,TRS,1,North
E01207,Enterprise 01207,PRO,4,Central
E01208,Enterprise 01208,ACC,3,Coast
E01209,Enterprise 01209,ACC,1,North
E01210,Enterprise 01210,CON,1,Coast
E01211,Enterprise 01211,TRS,1,South
E01212,Enterprise 01212,CON,1,Central
E01213,Enterprise 01213,WRT,1,Coast
E01214,Enterprise 01214,CON,1,North
E01215,Enterprise 01215,TRS,1,Uplands
E01216,Enterprise 01216,ACC,2,Central
E01217,Enterprise 01217,MFG,3,Central
E01218,Enterprise 01218,ACC,1,Uplands
E01219,Enterprise 01219,TRS,1,Coast
E01220,Enterprise 01220,WRT,1,South
E01221,Enterprise 01221,TRS,1,North
E01222,Enterprise 01222,MFG,1,Central
E01223,Enterprise 01223,WRT,2,Coast
E01224,Enterprise 01224,WRT,1,South
E01225,Enterprise 01225,WRT,1,Uplands
E01226,Enterprise 01226,MFG,2,Coast
E01227,Enterprise 01227,WRT,1,Uplands
E01228,Enterprise 01228,MFG,1,Uplands
E01229,Enterprise 01229,ACC,1,South
E01230,Enterprise 01230,PRO,1,North
E01231,Enterprise 01231,CON,1,North
E01232,Enterprise 01232,MFG,1,North
E01233,Enterprise 01233,TRS,1,North
E01234,Enterprise 01234,WRT,1,South
E01235,Enterprise 01235,WRT,1,Central
E01236,Enterprise 01236,ACC,2,North
E01237,Enterprise 01237,ACC,1,South
E01238,Enterprise 01238,PRO,1,South
E01239,Enterprise 01239,ACC,1,North
E01240,Enterprise 01240,CON,2,North
E01241,Enterprise 01241,TRS,1,North
E01242,Enterprise 01242,WRT,1,Central
E01243,Enterprise 01243,TRS,1,Coast
E01244,Enterprise 01244,WRT,1,Coast
E01245,Enterprise 01245,TRS,1,Uplands
E01246,Enterprise 01246,CON,1,Central
E01247,Enterprise 01247,WRT,1,Coast
E01248,Enterprise 01248,TRS,1,South
E01249,Enterprise 01249,MFG,1,North
E01250,Enterprise 01250,ACC,1,Coast
E01251,Enterprise 01251,TRS,1,South
E01252,Enterprise 01252,MFG,1,Coast
E01253,Enterprise 01253,ACC,1,Coast
E01254,Enterprise 01254,TRS,1,Central
E01255,Enterprise 01255,CON,1,Coast
E01256,Enterprise 01256,PRO,3,Coast
E01257,Enterprise 01257,TRS,1,South
E01258,Enterprise 01258,CON,3,Coast
E01259,Enterprise 01259,MFG,1,Central
E01260,Enterprise 01260,TRS,1,Central
E01261,Enterprise 01261,ACC,1,Uplands
E01262,Enterprise 01262,PRO,2,Coast
E01263,Enterprise 01263,MFG,2,South
E01264,Enterprise 01264,WRT,1,Uplands
E01265,Enterprise 01265,WRT,1,Uplands
E01266,Enterprise 01266,WRT,3,Coast
E01267,Enterprise 01267,TRS,1,Uplands
E01268,Enterprise 01268,TRS,1,Uplands
E01269,Enterprise 01269,ACC,1,North
E01270,Enterprise 01270,PRO,1,Uplands
E01271,Enterprise 01271,PRO,2,North
E01272,Enterprise 01272,MFG,1,Central
E01273,Enterprise 01273,WRT,4,North
E01274,Enterprise 01274,CON,1,North
E01275,Enterprise 01275,WRT,1,Uplands
E01276,Enterprise 01276,TRS,1,Central
E01277,Enterprise 01277,TRS,1,North
E01278,Enterprise 01278,WRT,1,South
E01279,Enterprise 01279,WRT,1,North
E01280,Enterprise 01280,TRS,1,Central
E01281,Enterprise 01281,TRS,1,South
E01282,Enterprise 01282,PRO,1,Coast
E01283,Enterprise 01283,MFG,1,Uplands
E01284,Enterprise 01284,ACC,1,North
E01285,Enterprise 01285,WRT,1,Central
E01286,Enterprise 01286,ACC,2,Central
E01287,Enterprise 01287,TRS,1,Central
E01288,Enterprise 01288,WRT,1,Uplands
E01289,Enterprise 01289,TRS,1,Coast
E01290,Enterprise 01290,ACC,1,Coast
E01291,Enterprise 01291,PRO,1,South
E01292,Enterprise 01292,WRT,1,Uplands
E01293,Enterprise 01293,PRO,1,Coast
E01294,Enterprise 01294,WRT,1,North
E01295,Enterprise 01295,CON,1,South
E01296,Enterprise 01296,CON,1,South
E01297,Enterprise 01297,TRS,1,Central
E01298,Enterprise 01298,PRO,1,Uplands
E01299,Enterprise 01299,MFG,1,North
E01300,Enterprise 01300,WRT,1,South
E01301,Enterprise 01301,MFG,1,North
E01302,Enterprise 01302,ACC,1,North
E01303,Enterprise 01303,CON,1,Uplands
E01304,Enterprise 01304,MFG,2,South
E01305,Enterprise 01305,TRS,2,Uplands
E01306,Enterprise 01306,PRO,1,Uplands
E01307,Enterprise 01307,ACC,1,North
E01308,Enterprise 01308,CON,1,Coast
E01309,Enterprise 01309,WRT,1,Coast
E01310,Enterprise 01310,ACC,1,Central
E01311,Enterprise 01311,CON,1,North
E01312,Enterprise 01312,WRT,1,North
E01313,Enterprise 01313,TRS,1,Uplands
E01314,Enterprise 01314,CON,1,South
E01315,Enterprise 01315,TRS,1,Uplands
E01316,Enterprise 01316,CON,1,Central
E01317,Enterprise 01317,ACC,1,Central
E01318,Enterprise 01318,CON,1,South
E01319,Enterprise 01319,CON,1,Coast
E01320,Enterprise 01320,TRS,1,Coast
E01321,Enterprise 01321,TRS,1,Central
E01322,Enterprise 01322,PRO,1,South
E01323,Enterprise 01323,MFG,1,Uplands
E01324,Enterprise 01324,PRO,4,South
E01325,Enterprise 01325,TRS,1,Coast
E01326,Enterprise 01326,ACC,1,South
E01327,Enterprise 01327,MFG,1,Central
E01328,Enterprise 01328,PRO,1,Uplands
E01329,Enterprise 01329,WRT,1,Central
E01330,Enterprise 01330,MFG,1,South
E01331,Enterprise 01331,ACC,2,Uplands
E01332,Enterprise 01332,PRO,2,Uplands
E01333,Enterprise 01333,PRO,1,Uplands
E01334,Enterprise 01334,WRT,2,South
E01335,Enterprise 01335,CON,1,North
E01336,Enterprise 01336,MFG,1,Coast
E01337,Enterprise 01337,WRT,1,Uplands
E01338,Enterprise 01338,CON,1,North
E01339,Enterprise 01339,TRS,2,Uplands
E01340,Enterprise 01340,MFG,1,Uplands
E01341,Enterprise 01341,MFG,1,Coast
E01342,Enterprise 01342,MFG,1,North
E01343,Enterprise 01343,TRS,2,Central
E01344,Enterprise 01344,WRT,2,South
E01345,Enterprise 01345,CON,1,Coast
E01346,Enterprise 01346,ACC,2,Coast
E01347,Enterprise 01347,WRT,1,Uplands
E01348,Enterprise 01348,TRS,1,North
E01349,Enterprise 01349,PRO,1,Coast
E01350,Enterprise 01350,ACC,1,North
E01351,Enterprise 01351,TRS,1,Central
E01352,Enterprise 01352,CON,2,South
E01353,Enterprise 01353,PRO,1,Coast
E01354,Enterprise 01354,TRS,1,South
E01355,Enterprise 01355,CON,1,South
E01356,Enterprise 01356,PRO,3,Central
E01357,Enterprise 01357,TRS,2,Uplands
E01358,Enterprise 01358,ACC,2,Coast
E01359,Enterprise 01359,MFG,1,Uplands
E01360,Enterprise 01360,WRT,1,North
E01361,Enterprise 01361,TRS,1,Coast
E01362,Enterprise 01362,MFG,2,North
E01363,Enterprise 01363,PRO,1,Coast
E01364,Enterprise 01364,ACC,1,Uplands
E01365,Enterprise 01365,TRS,2,Coast
E01366,Enterprise 01366,ACC,1,South
E01367,Enterprise 01367,CON,1,Uplands
E01368,Enterprise 01368,PRO,1,North
E01369,Enterprise 01369,CON,2,South
E01370,Enterprise 01370,PRO,1,South
E01371,Enterprise 01371,MFG,2,Central
E01372,Enterprise 01372,WRT,4,South
E01373,Enterprise 01373,PRO,1,Uplands
E01374,Enterprise 01374,CON,2,Uplands
E01375,Enterprise 01375,WRT,2,Coast
E01376,Enterprise 01376,ACC,1,Uplands
E01377,Enterprise 01377,TRS,2,Coast
E01378,Enterprise 01378,MFG,1,Central
E01379,Enterprise 01379,MFG,2,Coast
E01380,Enterprise 01380,MFG,1,North
E01381,Enterprise 01381,TRS,1,Uplands
E01382,Enterprise 01382,CON,1,North
E01383,Enterprise 01383,TRS,1,North
E01384,Enterprise 01384,TRS,1,Central
E01385,Enterprise 01385,MFG,1,Central
E01386,Enterprise 01386,MFG,1,Central
E01387,Enterprise 01387,ACC,1,Coast
E01388,Enterprise 01388,TRS,1,North
E01389,Enterprise 01389,WRT,1,Coast
E01390,Enterprise 01390,WRT,1,Coast
E01391,Enterprise 01391,MFG,1,North
E01392,Enterprise 01392,ACC,1,Uplands
E01393,Enterprise 01393,CON,1,Uplands
E01394,Enterprise 01394,CON,1,South
E01395,Enterprise 01395,MFG,1,Uplands
E01396,Enterprise 01396,ACC,2,South
E01397,Enterprise 01397,ACC,1,South
E01398,Enterprise 01398,ACC,1,Central
E01399,Enterprise 01399,WRT,1,Uplands
E01400,Enterprise 01400,TRS,1,South
E01401,Enterprise 01401,CON,1,Central
E01402,Enterprise 01402,ACC,2,South
E01403,Enterprise 01403,WRT,1,Uplands
E01404,Enterprise 01404,CON,1,Uplands
E01405,Enterprise 01405,PRO,2,Central
E01406,Enterprise 01406,CON,3,Uplands
E01407,Enterprise 01407,CON,1,Coast
E01408,Enterprise 01408,CON,1,Coast
E01409,Enterprise 01409,TRS,1,South
E01410,Enterprise 01410,CON,2,North
E01411,Enterprise 01411,TRS,1,Uplands
E01412,Enterprise 01412,WRT,1,Coast
E01413,Enterprise 01413,PRO,2,Coast
E01414,Enterprise 01414,ACC,1,Coast
E01415,Enterprise 01415,CON,1,Central
E01416,Enterprise 01416,WRT,1,Central
E01417,Enterprise 01417,PRO,1,Uplands
E01418,Enterprise 01418,CON,3,Central
E01419,Enterprise 01419,WRT,1,South
E01420,Enterprise 01420,PRO,2,Coast
E01421,Enterprise 01421,ACC,1,North
E01422,Enterprise 01422,PRO,1,South
E01423,Enterprise 01423,CON,1,South
E01424,Enterprise 01424,CON,3,North
E01425,Enterprise 01425,WRT,1,North
E01426,Enterprise 01426,MFG,1,South
E01427,Enterprise 01427,MFG,1,Central
E01428,Enterprise 01428,CON,2,Uplands
E01429,Enterprise 01429,ACC,3,South
E01430,Enterprise 01430,CON,1,South
E01431,Enterprise 01431,ACC,3,Central
E01432,Enterprise 01432,CON,2,Central
E01433,Enterprise 01433,MFG,4,Coast
E01434,Enterprise 01434,WRT,1,Central
E01435,Enterprise 01435,PRO,1,South
E01436,Enterprise 01436,WRT,1,South
E01437,Enterprise 01437,TRS,2,North
E01438,Enterprise 01438,CON,1,Central
E01439,Enterprise 01439,WRT,1,North
E01440,Enterprise 01440,TRS,1,Central
E01441,Enterprise 01441,CON,2,North
E01442,Enterprise 01442,WRT,1,Coast
E01443,Enterprise 01443,PRO,1,Central
E01444,Enterprise 01444,CON,1,Coast
E01445,Enterprise 01445,PRO,4,Central
E01446,Enterprise 01446,PRO,1,Uplands
E01447,Enterprise 01447,CON,2,Coast
E01448,Enterprise 01448,TRS,1,Coast
E01449,Enterprise 01449,PRO,1,North
E01450,Enterprise 01450,MFG,1,South
E01451,Enterprise 01451,MFG,1,Uplands
E01452,Enterprise 01452,WRT,1,Uplands
E01453,Enterprise 01453,PRO,1,Uplands
E01454,Enterprise 01454,ACC,3,Central
E01455,Enterprise 01455,WRT,1,Central
E01456,Enterprise 01456,TRS,1,North
E01457,Enterprise 01457,CON,1,Uplands
E01458,Enterprise 01458,WRT,1,North
E01459,Enterprise 01459,ACC,1,South
E01460,Enterprise 01460,TRS,1,Uplands
E01461,Enterprise 01461,CON,1,Uplands
E01462,Enterprise 01462,CON,1,Central
E01463,Enterprise 01463,WRT,2,North
E01464,Enterprise 01464,PRO,1,South
E01465,Enterprise 01465,ACC,2,Uplands
E01466,Enterprise 01466,MFG,1,Central
E01467,Enterprise 01467,PRO,1,Uplands
E01468,Enterprise 01468,WRT,1,North
E01469,Enterprise 01469,WRT,2,North
E01470,Enterprise 01470,MFG,1,Central
E01471,Enterprise 01471,TRS,1,Central
E01472,Enterprise 01472,WRT,1,Uplands
E01473,Enterprise 01473,TRS,1,Coast
E01474,Enterprise 01474,PRO,1,North
E01475,Enterprise 01475,WRT,1,South
E01476,Enterprise 01476,WRT,3,Uplands
E01477,Enterprise 01477,MFG,1,Central
E01478,Enterprise 01478,TRS,1,Coast
E01479,Enterprise 01479,PRO,4,North
E01480,Enterprise 01480,PRO,1,South
E01481,Enterprise 01481,WRT,2,South
E01482,Enterprise 01482,CON,1,Coast
E01483,Enterprise 01483,PRO,3,Coast
E01484,Enterprise 01484,WRT,1,Uplands
E01485,Enterprise 01485,MFG,2,South
E01486,Enterprise 01486,PRO,1,North
E01487,Enterprise 01487,MFG,1,South
E01488,Enterprise 01488,MFG,1,North
E01489,Enterprise 01489,MFG,2,Uplands
E01490,Enterprise 01490,WRT,2,Central
E01491,Enterprise 01491,ACC,1,Central
E01492,Enterprise 01492,MFG,1,Central
E01493,Enterprise 01493,TRS,1,North
E01494,Enterprise 01494,ACC,1,Uplands
E01495,Enterprise 01495,CON,4,South
E01496,Enterprise 01496,ACC,2,Coast
E01497,Enterprise 01497,CON,1,Central
E01498,Enterprise 01498,TRS,1,Uplands
E01499,Enterprise 01499,CON,1,North
E01500,Enterprise 01500,CON,1,Central
E01501,Enterprise 01501,MFG,1,North
E01502,Enterprise 01502,MFG,1,Central
E01503,Enterprise 01503,TRS,1,Uplands
E01504,Enterprise 01504,CON,1,Coast
E01505,Enterprise 01505,PRO,1,Coast
E01506,Enterprise 01506,TRS,1,Coast
E01507,Enterprise 01507,PRO,1,North
E01508,Enterprise 01508,TRS,1,Uplands
E01509,Enterprise 01509,TRS,2,South
E01510,Enterprise 01510,ACC,1,South
E01511,Enterprise 01511,ACC,1,Central
E01512,Enterprise 01512,TRS,1,Uplands
E01513,Enterprise 01513,ACC,2,North
E01514,Enterprise 01514,CON,1,Uplands
E01515,Enterprise 01515,TRS,1,North
E01516,Enterprise 01516,TRS,1,Uplands
E01517,Enterprise 01517,MFG,1,South
E01518,Enterprise 01518,CON,1,Central
E01519,Enterprise 01519,MFG,1,North
E01520,Enterprise 01520,ACC,2,Coast
E01521,Enterprise 01521,MFG,4,North
E01522,Enterprise 01522,ACC,1,North
E01523,Enterprise 01523,ACC,1,Central
E01524,Enterprise 01524,TRS,2,North
E01525,Enterprise 01525,TRS,2,Uplands
E01526,Enterprise 01526,TRS,1,Central
E01527,Enterprise 01527,CON,1,South
E01528,Enterprise 01528,PRO,1,North
E01529,Enterprise 01529,WRT,1,Central
E01530,Enterprise 01530,PRO,2,South
E01531,Enterprise 01531,PRO,1,Uplands
E01532,Enterprise 01532,CON,1,North
E01533,Enterprise 01533,CON,3,North
E01534,Enterprise 01534,WRT,3,Central
E01535,Enterprise 01535,WRT,1,Central
E01536,Enterprise 01536,WRT,1,South
E01537,Enterprise 01537,ACC,1,North
E01538,Enterprise 01538,TRS,1,Central
E01539,Enterprise 01539,WRT,1,Central
E01540,Enterprise 01540,TRS,1,Coast
E01541,Enterprise 01541,TRS,1,Uplands
E01542,Enterprise 01542,ACC,1,Central
E01543,Enterprise 01543,WRT,1,North
E01544,Enterprise 01544,CON,1,South
E01545,Enterprise 01545,ACC,1,Central
E01546,Enterprise 01546,ACC,1,North
E01547,Enterprise 01547,PRO,1,North
E01548,Enterprise 01548,CON,1,Uplands
E01549,Enterprise 01549,TRS,1,North
E01550,Enterprise 01550,TRS,1,North
E01551,Enterprise 01551,CON,1,Uplands
E01552,Enterprise 01552,TRS,2,Central
E01553,Enterprise 01553,TRS,1,South
E01554,Enterprise 01554,CON,1,Central
E01555,Enterprise 01555,PRO,1,Central
E01556,Enterprise 01556,PRO,1,North
E01557,Enterprise 01557,ACC,1,Central
E01558,Enterprise 01558,PRO,2,Uplands
E01559,Enterprise 01559,CON,2,Uplands
E01560,Enterprise 01560,MFG,2,Central
E01561,Enterprise 01561,TRS,1,North
E01562,Enterprise 01562,CON,1,North
E01563,Enterprise 01563,PRO,1,Uplands
E01564,Enterprise 01564,CON,2,Uplands
E01565,Enterprise 01565,WRT,1,Coast
E01566,Enterprise 01566,TRS,1,Uplands
E01567,Enterprise 01567,TRS,1,South
E01568,Enterprise 01568,WRT,1,Central
E01569,Enterprise 01569,ACC,1,Coast
E01570,Enterprise 01570,MFG,1,Central
E01571,Enterprise 01571,PRO,1,Coast
E01572,Enterprise 01572,WRT,1,Coast
E01573,Enterprise 01573,MFG,2,Uplands
E01574,Enterprise 01574,TRS,1,Coast
E01575,Enterprise 01575,CON,1,North
E01576,Enterprise 01576,ACC,1,Central
E01577,Enterprise 01577,ACC,3,Uplands
E01578,Enterprise 01578,ACC,1,North
E01579,Enterprise 01579,ACC,1,Uplands
E01580,Enterprise 01580,WRT,1,North
E01581,Enterprise 01581,MFG,1,South
E01582,Enterprise 01582,PRO,1,South
E01583,Enterprise 01583,CON,1,Uplands
E01584,Enterprise 01584,WRT,1,North
E01585,Enterprise 01585,CON,2,North
E01586,Enterprise 01586,TRS,1,Central
E01587,Enterprise 01587,TRS,2,South
E01588,Enterprise 01588,MFG,1,Uplands
E01589,Enterprise 01589,PRO,1,South
E01590,Enterprise 01590,WRT,1,Uplands
E01591,Enterprise 01591,CON,1,North
E01592,Enterprise 01592,ACC,1,South
E01593,Enterprise 01593,TRS,1,North
E01594,Enterprise 01594,WRT,1,South
E01595,Enterprise 01595,WRT,1,Coast
E01596,Enterprise 01596,MFG,1,Uplands
E01597,Enterprise 01597,WRT,1,Uplands
E01598,Enterprise 01598,WRT,1,Uplands
E01599,Enterprise 01599,CON,3,South
E01600,Enterprise 01600,PRO,3,Coast
E01601,Enterprise 01601,TRS,1,South
E01602,Enterprise 01602,ACC,3,Uplands
E01603,Enterprise 01603,ACC,1,South
E01604,Enterprise 01604,TRS,2,Coast
E01605,Enterprise 01605,MFG,1,Coast
E01606,Enterprise 01606,MFG,1,Uplands
E01607,Enterprise 01607,CON,1,Central
E01608,Enterprise 01608,CON,1,Central
E01609,Enterprise 01609,PRO,2,Central
E01610,Enterprise 01610,PRO,1,South
E01611,Enterprise 01611,MFG,1,South
E01612,Enterprise 01612,MFG,1,Uplands
E01613,Enterprise 01613,TRS,1,South
E01614,Enterprise 01614,TRS,1,Uplands
E01615,Enterprise 01615,PRO,1,South
E01616,Enterprise 01616,PRO,1,Uplands
E01617,Enterprise 01617,ACC,1,Uplands
E01618,Enterprise 01618,MFG,1,Coast
E01619,Enterprise 01619,ACC,1,South
E01620,Enterprise 01620,MFG,1,Central
E01621,Enterprise 01621,TRS,2,Uplands
E01622,Enterprise 01622,MFG,2,Coast
E01623,Enterprise 01623,ACC,1,Uplands
E01624,Enterprise 01624,MFG,1,South
E01625,Enterprise 01625,WRT,1,Uplands
E01626,Enterprise 01626,ACC,1,Central
E01627,Enterprise 01627,CON,1,South
E01628,Enterprise 01628,PRO,1,North
E01629,Enterprise 01629,TRS,1,Coast
E01630,Enterprise 01630,ACC,1,Central
E01631,Enterprise 01631,TRS,1,South
E01632,Enterprise 01632,MFG,1,Coast
E01633,Enterprise 01633,WRT,1,Central
E01634,Enterprise 01634,WRT,3,Central
E01635,Enterprise 01635,PRO,1,North
E01636,Enterprise 01636,TRS,1,Central
E01637,Enterprise 01637,ACC,1,Coast
E01638,Enterprise 01638,WRT,1,Coast
E01639,Enterprise 01639,CON,1,Coast
E01640,Enterprise 01640,ACC,1,Central
E01641,Enterprise 01641,CON,1,Uplands
E01642,Enterprise 01642,WRT,1,Central
E01643,Enterprise 01643,ACC,1,South
E01644,Enterprise 01644,ACC,1,South
E01645,Enterprise 01645,WRT,1,North
E01646,Enterprise 01646,ACC,1,Central
E01647,Enterprise 01647,WRT,1,Coast
E01648,Enterprise 01648,CON,1,Coast
E01649,Enterprise 01649,WRT,1,Uplands
E01650,Enterprise 01650,WRT,2,North
E01651,Enterprise 01651,CON,3,North
E01652,Enterprise 01652,TRS,1,South
E01653,Enterprise 01653,PRO,1,Coast
E01654,Enterprise 01654,ACC,1,Central
E01655,Enterprise 01655,TRS,1,Uplands
E01656,Enterprise 01656,MFG,1,South
E01657,Enterprise 01657,PRO,1,North
E01658,Enterprise 01658,ACC,1,Uplands
E01659,Enterprise 01659,PRO,2,Coast
E01660,Enterprise 01660,ACC,1,Coast
E01661,Enterprise 01661,MFG,1,North
E01662,Enterprise 01662,TRS,1,Uplands
E01663,Enterprise 01663,PRO,1,Coast
E01664,Enterprise 01664,MFG,1,Uplands
E01665,Enterprise 01665,PRO,1,Coast
E01666,Enterprise 01666,WRT,2,Coast
E01667,Enterprise 01667,MFG,1,South
E01668,Enterprise 01668,MFG,1,North
E01669,Enterprise 01669,ACC,1,North
E01670,Enterprise 01670,ACC,1,Uplands
E01671,Enterprise 01671,PRO,2,Uplands
E01672,Enterprise 01672,MFG,2,South
E01673,Enterprise 01673,PRO,2,Uplands
E01674,Enterprise 01674,WRT,1,North
E01675,Enterprise 01675,ACC,1,Uplands
E01676,Enterprise 01676,WRT,1,North
E01677,Enterprise 01677,TRS,1,Uplands
E01678,Enterprise 01678,MFG,1,Central
E01679,Enterprise 01679,TRS,1,Central
E01680,Enterprise 01680,ACC,1,Uplands
E01681,Enterprise 01681,WRT,1,North
E01682,Enterprise 01682,WRT,1,Central
E01683,Enterprise 01683,CON,1,Central
E01684,Enterprise 01684,PRO,1,North
E01685,Enterprise 01685,TRS,1,North
E01686,Enterprise 01686,CON,1,South
E01687,Enterprise 01687,TRS,1,South
E01688,Enterprise 01688,CON,1,Uplands
E01689,Enterprise 01689,MFG,1,Coast
E01690,Enterprise 01690,ACC,1,Coast
E01691,Enterprise 01691,ACC,1,Uplands
E01692,Enterprise 01692,PRO,1,Central
E01693,Enterprise 01693,MFG,1,South
E01694,Enterprise 01694,WRT,1,Uplands
E01695,Enterprise 01695,CON,1,South
E01696,Enterprise 01696,ACC,1,South
E01697,Enterprise 01697,PRO,1,Uplands
E01698,Enterprise 01698,MFG,1,Central
E01699,Enterprise 01699,PRO,1,North
E01700,Enterprise 01700,MFG,2,Uplands
E01701,Enterprise 01701,TRS,1,Coast
E01702,Enterprise 01702,ACC,1,Central
E01703,Enterprise 01703,CON,1,South
E01704,Enterprise 01704,CON,1,South
E01705,Enterprise 01705,WRT,2,Uplands
E01706,Enterprise 01706,TRS,2,North
E01707,Enterprise 01707,WRT,1,Uplands
E01708,Enterprise 01708,TRS,2,Uplands
E01709,Enterprise 01709,WRT,2,South
E01710,Enterprise 01710,MFG,3,Coast
E01711,Enterprise 01711,ACC,1,South
E01712,Enterprise 01712,MFG,3,South
E01713,Enterprise 01713,TRS,1,South
E01714,Enterprise 01714,WRT,2,North
E01715,Enterprise 01715,ACC,1,North
E01716,Enterprise 01716,MFG,1,Central
E01717,Enterprise 01717,WRT,2,North
E01718,Enterprise 01718,TRS,1,Uplands
E01719,Enterprise 01719,ACC,1,South
E01720,Enterprise 01720,PRO,1,Central
E01721,Enterprise 01721,ACC,3,Coast
E01722,Enterprise 01722,MFG,1,Uplands
E01723,Enterprise 01723,ACC,1,Central
E01724,Enterprise 01724,PRO,4,Coast
E01725,Enterprise 01725,MFG,1,North
E01726,Enterprise 01726,PRO,3,Uplands
E01727,Enterprise 01727,CON,1,North
E01728,Enterprise 01728,TRS,1,North
E01729,Enterprise 01729,ACC,1,Uplands
E01730,Enterprise 01730,CON,1,Coast
E01731,Enterprise 01731,PRO,1,North
E01732,Enterprise 01732,MFG,2,North
E01733,Enterprise 01733,TRS,2,Coast
E01734,Enterprise 01734,MFG,1,North
E01735,Enterprise 01735,WRT,1,South
E01736,Enterprise 01736,PRO,2,South
E01737,Enterprise 01737,CON,1,Uplands
E01738,Enterprise 01738,ACC,1,Central
E01739,Enterprise 01739,PRO,1,Uplands
E01740,Enterprise 01740,CON,1,North
E01741,Enterprise 01741,MFG,1,North
E01742,Enterprise 01742,PRO,1,Uplands
E01743,Enterprise 01743,MFG,3,Central
E01744,Enterprise 01744,WRT,2,Uplands
E01745,Enterprise 01745,ACC,1,Coast
E01746,Enterprise 01746,WRT,1,Uplands
E01747,Enterprise 01747,PRO,1,North
E01748,Enterprise 01748,WRT,1,South
E01749,Enterprise 01749,ACC,1,Central
E01750,Enterprise 01750,TRS,1,Coast
E01751,Enterprise 01751,WRT,1,Coast
E01752,Enterprise 01752,MFG,1,South
E01753,Enterprise 01753,TRS,2,Central
E01754,Enterprise 01754,PRO,1,North
E01755,Enterprise 01755,MFG,1,North
E01756,Enterprise 01756,TRS,1,Uplands
E01757,Enterprise 01757,ACC,1,North
E01758,Enterprise 01758,ACC,1,Central
E01759,Enterprise 01759,CON,1,North
E01760,Enterprise 01760,CON,1,North
E01761,Enterprise 01761,CON,2,South
E01762,Enterprise 01762,MFG,1,Coast
E01763,Enterprise 01763,WRT,1,Coast
E01764,Enterprise 01764,WRT,1,South
E01765,Enterprise 01765,ACC,1,Central
E01766,Enterprise 01766,ACC,1,South
E01767,Enterprise 01767,WRT,2,South
E01768,Enterprise 01768,ACC,1,Central
E01769,Enterprise 01769,PRO,1,Uplands
E01770,Enterprise 01770,WRT,1,Uplands
E01771,Enterprise 01771,ACC,1,North
E01772,Enterprise 01772,ACC,1,South
E01773,Enterprise 01773,MFG,3,Central
E01774,Enterprise 01774,PRO,1,Central
E01775,Enterprise 01775,WRT,1,Uplands
E01776,Enterprise 01776,WRT,1,South
E01777,Enterprise 01777,CON,1,South
E01778,Enterprise 01778,TRS,1,North
E01779,Enterprise 01779,ACC,1,South
E01780,Enterprise 01780,WRT,1,North
E01781,Enterprise 01781,ACC,1,South
E01782,Enterprise 01782,PRO,1,Coast
E01783,Enterprise 01783,WRT,1,Coast
E01784,Enterprise 01784,PRO,3,Coast
E01785,Enterprise 01785,TRS,1,Central
E01786,Enterprise 01786,CON,1,Uplands
E01787,Enterprise 01787,ACC,4,Central
E01788,Enterprise 01788,WRT,1,Central
E01789,Enterprise 01789,MFG,1,North
E01790,Enterprise 01790,MFG,1,North
E01791,Enterprise 01791,TRS,1,Uplands
E01792,Enterprise 01792,WRT,1,Coast
E01793,Enterprise 01793,WRT,3,Coast
E01794,Enterprise 01794,ACC,1,Uplands
E01795,Enterprise 01795,TRS,1,South
E01796,Enterprise 01796,ACC,1,North
E01797,Enterprise 01797,TRS,1,North
E01798,Enterprise 01798,MFG,1,Uplands
E01799,Enterprise 01799,WRT,1,Central
E01800,Enterprise 01800,MFG,1,Central
E01801,Enterprise 01801,CON,2,Coast
E01802,Enterprise 01802,CON,2,North
E01803,Enterprise 01803,TRS,1,Coast
E01804,Enterprise 01804,PRO,1,South
E01805,Enterprise 01805,TRS,2,Central
E01806,Enterprise 01806,PRO,1,Coast
E01807,Enterprise 01807,CON,1,Coast
E01808,Enterprise 01808,CON,1,South
E01809,Enterprise 01809,TRS,1,Uplands
E01810,Enterprise 01810,WRT,1,Uplands
E01811,Enterprise 01811,TRS,1,Uplands
E01812,Enterprise 01812,ACC,1,Uplands
E01813,Enterprise 01813,PRO,2,Central
E01814,Enterprise 01814,CON,1,Uplands
E01815,Enterprise 01815,PRO,1,Central
E01816,Enterprise 01816,MFG,1,Central
E01817,Enterprise 01817,PRO,1,North
E01818,Enterprise 01818,MFG,1,Coast
E01819,Enterprise 01819,WRT,1,North
E01820,Enterprise 01820,TRS,2,North
E01821,Enterprise 01821,WRT,1,Coast
E01822,Enterprise 01822,CON,1,South
E01823,Enterprise 01823,ACC,1,South
E01824,Enterprise 01824,PRO,1,Uplands
E01825,Enterprise 01825,WRT,3,South
E01826,Enterprise 01826,PRO,1,Coast
E01827,Enterprise 01827,PRO,1,South
E01828,Enterprise 01828,MFG,1,South
E01829,Enterprise 01829,ACC,1,North
E01830,Enterprise 01830,ACC,1,Central
E01831,Enterprise 01831,WRT,1,Central
E01832,Enterprise 01832,MFG,2,North
E01833,Enterprise 01833,TRS,2,Coast
E01834,Enterprise 01834,TRS,1,North
E01835,Enterprise 01835,ACC,1,South
E01836,Enterprise 01836,ACC,1,South
E01837,Enterprise 01837,CON,1,South
E01838,Enterprise 01838,MFG,1,Coast
E01839,Enterprise 01839,ACC,1,North
E01840,Enterprise 01840,MFG,4,Central
E01841,Enterprise 01841,MFG,1,North
E01842,Enterprise 01842,MFG,1,North
E01843,Enterprise 01843,PRO,1,South
E01844,Enterprise 01844,TRS,1,South
E01845,Enterprise 01845,CON,1,Central
E01846,Enterprise 01846,PRO,1,Central
E01847,Enterprise 01847,ACC,3,Central
E01848,Enterprise 01848,MFG,3,Central
E01849,Enterprise 01849,PRO,1,North
E01850,Enterprise 01850,TRS,2,Central
E01851,Enterprise 01851,MFG,2,Coast
E01852,Enterprise 01852,WRT,1,North
E01853,Enterprise 01853,WRT,2,South
E01854,Enterprise 01854,PRO,1,South
E01855,Enterprise 01855,CON,1,Uplands
E01856,Enterprise 01856,WRT,1,North
E01857,Enterprise 01857,ACC,1,Central
E01858,Enterprise 01858,PRO,1,North
E01859,Enterprise 01859,WRT,2,South
E01860,Enterprise 01860,PRO,2,Uplands
E01861,Enterprise 01861,WRT,1,North
E01862,Enterprise 01862,TRS,2,South
E01863,Enterprise 01863,PRO,1,North
E01864,Enterprise 01864,CON,1,Uplands
E01865,Enterprise 01865,MFG,1,North
E01866,Enterprise 01866,PRO,2,North
E01867,Enterprise 01867,ACC,1,South
E01868,Enterprise 01868,MFG,2,North
E01869,Enterprise 01869,WRT,2,Uplands
E01870,Enterprise 01870,TRS,1,North
E01871,Enterprise 01871,TRS,1,Coast
E01872,Enterprise 01872,PRO,1,Coast
E01873,Enterprise 01873,ACC,3,North
E01874,Enterprise 01874,CON,1,Coast
E01875,Enterprise 01875,MFG,1,South
E01876,Enterprise 01876,PRO,1,South
E01877,Enterprise 01877,ACC,1,Central
E01878,Enterprise 01878,PRO,1,South
E01879,Enterprise 01879,ACC,1,Uplands
E01880,Enterprise 01880,ACC,1,South
E01881,Enterprise 01881,MFG,1,Central
E01882,Enterprise 01882,ACC,2,Uplands
E01883,Enterprise 01883,WRT,1,Coast
E01884,Enterprise 01884,WRT,2,Coast
E01885,Enterprise 01885,ACC,1,Coast
E01886,Enterprise 01886,CON,1,North
E01887,Enterprise 01887,WRT,1,South
E01888,Enterprise 01888,ACC,1,Uplands
E01889,Enterprise 01889,CON,1,Uplands
E01890,Enterprise 01890,MFG,1,Uplands
E01891,Enterprise 01891,ACC,1,Coast
E01892,Enterprise 01892,CON,2,Uplands
E01893,Enterprise 01893,ACC,1,South
E01894,Enterprise 01894,MFG,2,North
E01895,Enterprise 01895,WRT,1,South
E01896,Enterprise 01896,MFG,1,North
E01897,Enterprise 01897,ACC,1,South
E01898,Enterprise 01898,ACC,1,North
E01899,Enterprise 01899,CON,1,Central
E01900,Enterprise 01900,MFG,1,Coast
E01901,Enterprise 01901,CON,1,Central
E01902,Enterprise 01902,CON,1,North
E01903,Enterprise 01903,ACC,1,Central
E01904,Enterprise 01904,TRS,1,Coast
E01905,Enterprise 01905,ACC,1,Central
E01906,Enterprise 01906,CON,1,Uplands
E01907,Enterprise 01907,MFG,1,South
E01908,Enterprise 01908,TRS,2,Coast
E01909,Enterprise 01909,TRS,1,South
E01910,Enterprise 01910,PRO,1,Coast
E01911,Enterprise 01911,PRO,1,South
E01912,Enterprise 01912,PRO,1,Uplands
E01913,Enterprise 01913,TRS,1,South
E01914,Enterprise 01914,TRS,1,Coast
E01915,Enterprise 01915,MFG,1,Uplands
E01916,Enterprise 01916,WRT,1,North
E01917,Enterprise 01917,WRT,1,Coast
E01918,Enterprise 01918,ACC,1,Uplands
E01919,Enterprise 01919,CON,1,Coast
E01920,Enterprise 01920,MFG,1,Central
E01921,Enterprise 01921,TRS,1,Coast
E01922,Enterprise 01922,TRS,1,North
E01923,Enterprise 01923,WRT,1,Uplands
E01924,Enterprise 01924,MFG,1,Central
E01925,Enterprise 01925,MFG,1,North
E01926,Enterprise 01926,CON,4,North
E01927,Enterprise 01927,CON,1,Coast
E01928,Enterprise 01928,MFG,2,South
E01929,Enterprise 01929,CON,2,Coast
E01930,Enterprise 01930,PRO,2,South
E01931,Enterprise 01931,PRO,1,South
E01932,Enterprise 01932,TRS,1,South
E01933,Enterprise 01933,WRT,1,North
E01934,Enterprise 01934,CON,1,Central
E01935,Enterprise 01935,CON,4,North
E01936,Enterprise 01936,MFG,1,Uplands
E01937,Enterprise 01937,WRT,1,South
E01938,Enterprise 01938,ACC,2,Uplands
E01939,Enterprise 01939,CON,1,Coast
E01940,Enterprise 01940,PRO,1,Uplands
E01941,Enterprise 01941,CON,1,South
E01942,Enterprise 01942,TRS,1,South
E01943,Enterprise 01943,ACC,3,South
E01944,Enterprise 01944,MFG,1,Central
E01945,Enterprise 01945,ACC,3,Central
E01946,Enterprise 01946,MFG,1,Coast
E01947,Enterprise 01947,ACC,1,Central
E01948,Enterprise 01948,WRT,1,South
E01949,Enterprise 01949,ACC,1,Uplands
E01950,Enterprise 01950,MFG,3,Central
E01951,Enterprise 01951,WRT,1,North
E01952,Enterprise 01952,PRO,2,South
E01953,Enterprise 01953,PRO,1,Coast
E01954,Enterprise 01954,PRO,1,Uplands
E01955,Enterprise 01955,PRO,1,North
E01956,Enterprise 01956,MFG,1,Central
E01957,Enterprise 01957,ACC,1,Central
E01958,Enterprise 01958,TRS,2,South
E01959,Enterprise 01959,ACC,1,North
E01960,Enterprise 01960,WRT,1,Central
E01961,Enterprise 01961,MFG,4,Uplands
E01962,Enterprise 01962,TRS,1,Central
E01963,Enterprise 01963,MFG,1,Coast
E01964,Enterprise 01964,ACC,1,Central
E01965,Enterprise 01965,CON,1,Central
E01966,Enterprise 01966,CON,1,Coast
E01967,Enterprise 01967,CON,1,Coast
E01968,Enterprise 01968,TRS,3,Uplands
E01969,Enterprise 01969,WRT,1,South
E01970,Enterprise 01970,ACC,1,Central
E01971,Enterprise 01971,ACC,1,South
E01972,Enterprise 01972,WRT,1,South
E01973,Enterprise 01973,ACC,1,Uplands
E01974,Enterprise 01974,MFG,1,Central
E01975,Enterprise 01975,PRO,1,North
E01976,Enterprise 01976,WRT,1,Uplands
E01977,Enterprise 01977,ACC,1,Central
E01978,Enterprise 01978,MFG,1,North
E01979,Enterprise 01979,CON,2,Central
E01980,Enterprise 01980,CON,1,South
E01981,Enterprise 01981,WRT,1,Central
E01982,Enterprise 01982,CON,1,North
E01983,Enterprise 01983,WRT,1,Central
E01984,Enterprise 01984,PRO,2,Uplands
E01985,Enterprise 01985,TRS,1,Uplands
E01986,Enterprise 01986,PRO,1,Coast
E01987,Enterprise 01987,TRS,1,North
E01988,Enterprise 01988,ACC,1,Coast
E01989,Enterprise 01989,WRT,1,South
E01990,Enterprise 01990,MFG,2,South
E01991,Enterprise 01991,ACC,1,North
E01992,Enterprise 01992,CON,1,Central
E01993,Enterprise 01993,ACC,1,North
E01994,Enterprise 01994,CON,1,North
E01995,Enterprise 01995,CON,1,Central
E01996,Enterprise 01996,CON,2,Central
E01997,Enterprise 01997,TRS,1,North
E01998,Enterprise 01998,TRS,1,North
E01999,Enterprise 01999,WRT,1,Coast
E02000,Enterprise 02000,MFG,1,Uplands
E02001,Enterprise 02001,WRT,1,Uplands
E02002,Enterprise 02002,MFG,2,Coast
E02003,Enterprise 02003,PRO,2,North
E02004,Enterprise 02004,MFG,1,Coast
E02005,Enterprise 02005,TRS,1,South
E02006,Enterprise 02006,PRO,1,Uplands
E02007,Enterprise 02007,PRO,1,South
E02008,Enterprise 02008,PRO,1,Coast
E02009,Enterprise 02009,MFG,1,Central
E02010,Enterprise 02010,MFG,1,Coast
E02011,Enterprise 02011,PRO,1,South
E02012,Enterprise 02012,WRT,1,Uplands
E02013,Enterprise 02013,ACC,1,Central
E02014,Enterprise 02014,ACC,1,Uplands
E02015,Enterprise 02015,PRO,3,Uplands
E02016,Enterprise 02016,ACC,1,South
E02017,Enterprise 02017,TRS,1,Coast
E02018,Enterprise 02018,PRO,1,Central
E02019,Enterprise 02019,CON,2,Uplands
E02020,Enterprise 02020,MFG,1,Uplands
E02021,Enterprise 02021,ACC,1,Uplands
E02022,Enterprise 02022,ACC,1,North
E02023,Enterprise 02023,PRO,1,Uplands
E02024,Enterprise 02024,TRS,1,Coast
E02025,Enterprise 02025,MFG,1,South
E02026,Enterprise 02026,TRS,4,Central
E02027,Enterprise 02027,MFG,1,Central
E02028,Enterprise 02028,TRS,2,North
E02029,Enterprise 02029,WRT,1,North
E02030,Enterprise 02030,MFG,1,North
E02031,Enterprise 02031,PRO,1,North
E02032,Enterprise 02032,MFG,1,Uplands
E02033,Enterprise 02033,MFG,1,Coast
E02034,Enterprise 02034,CON,1,South
E02035,Enterprise 02035,WRT,1,Uplands
E02036,Enterprise 02036,PRO,1,South
E02037,Enterprise 02037,WRT,1,South
E02038,Enterprise 02038,WRT,1,Central
E02039,Enterprise 02039,PRO,1,South
E02040,Enterprise 02040,PRO,1,North
E02041,Enterprise 02041,TRS,1,South
E02042,Enterprise 02042,TRS,1,North
E02043,Enterprise 02043,PRO,1,Coast
E02044,Enterprise 02044,ACC,2,Uplands
E02045,Enterprise 02045,CON,1,North
E02046,Enterprise 02046,MFG,1,North
E02047,Enterprise 02047,MFG,2,Coast
E02048,Enterprise 02048,WRT,1,Central
E02049,Enterprise 02049,WRT,1,South
E02050,Enterprise 02050,TRS,3,North
E02051,Enterprise 02051,MFG,3,Uplands
E02052,Enterprise 02052,TRS,1,South
E02053,Enterprise 02053,TRS,1,South
E02054,Enterprise 02054,PRO,1,Central
E02055,Enterprise 02055,TRS,1,North
E02056,Enterprise 02056,PRO,3,South
E02057,Enterprise 02057,TRS,1,Central
E02058,Enterprise 02058,CON,1,Central
E02059,Enterprise 02059,WRT,1,Central
E02060,Enterprise 02060,MFG,1,Coast
E02061,Enterprise 02061,MFG,1,Central
E02062,Enterprise 02062,CON,1,Coast
E02063,Enterprise 02063,WRT,2,Uplands
E02064,Enterprise 02064,ACC,3,North
E02065,Enterprise 02065,MFG,3,Coast
E02066,Enterprise 02066,TRS,1,North
E02067,Enterprise 02067,TRS,2,North
E02068,Enterprise 02068,WRT,1,Uplands
E02069,Enterprise 02069,ACC,2,South
E02070,Enterprise 02070,MFG,2,Central
E02071,Enterprise 02071,TRS,1,North
E02072,Enterprise 02072,ACC,1,Uplands
E02073,Enterprise 02073,MFG,1,Central
E02074,Enterprise 02074,ACC,1,Central
E02075,Enterprise 02075,TRS,1,Central
E02076,Enterprise 02076,CON,1,North
E02077,Enterprise 02077,CON,1,South
E02078,Enterprise 02078,ACC,1,Central
E02079,Enterprise 02079,CON,1,North
E02080,Enterprise 02080,MFG,1,Uplands
E02081,Enterprise 02081,PRO,1,North
E02082,Enterprise 02082,ACC,1,North
E02083,Enterprise 02083,ACC,1,Coast
E02084,Enterprise 02084,CON,1,Central
E02085,Enterprise 02085,ACC,3,North
E02086,Enterprise 02086,WRT,1,South
E02087,Enterprise 02087,WRT,4,South
E02088,Enterprise 02088,ACC,1,Uplands
E02089,Enterprise 02089,PRO,1,North
E02090,Enterprise 02090,MFG,2,South
E02091,Enterprise 02091,MFG,1,Uplands
E02092,Enterprise 02092,MFG,1,Uplands
E02093,Enterprise 02093,CON,2,Central
E02094,Enterprise 02094,PRO,2,North
E02095,Enterprise 02095,WRT,1,North
E02096,Enterprise 02096,TRS,1,Coast
E02097,Enterprise 02097,WRT,1,North
E02098,Enterprise 02098,PRO,1,Central
E02099,Enterprise 02099,CON,3,South
E02100,Enterprise 02100,CON,1,South
E02101,Enterprise 02101,PRO,3,South
E02102,Enterprise 02102,PRO,2,Central
E02103,Enterprise 02103,PRO,1,Uplands
E02104,Enterprise 02104,CON,1,North
E02105,Enterprise 02105,TRS,1,South
E02106,Enterprise 02106,CON,1,Central
E02107,Enterprise 02107,ACC,1,North
E02108,Enterprise 02108,ACC,1,Uplands
E02109,Enterprise 02109,CON,1,Coast
E02110,Enterprise 02110,ACC,2,South
E02111,Enterprise 02111,ACC,1,Uplands
E02112,Enterprise 02112,PRO,1,Coast
E02113,Enterprise 02113,WRT,1,Uplands
E02114,Enterprise 02114,CON,1,South
E02115,Enterprise 02115,ACC,1,North
E02116,Enterprise 02116,TRS,1,South
E02117,Enterprise 02117,PRO,1,Central
E02118,Enterprise 02118,ACC,1,North
E02119,Enterprise 02119,ACC,2,South
E02120,Enterprise 02120,PRO,4,North
E02121,Enterprise 02121,CON,1,Central
E02122,Enterprise 02122,CON,1,Uplands
E02123,Enterprise 02123,CON,1,South
E02124,Enterprise 02124,TRS,1,Uplands
E02125,Enterprise 02125,WRT,1,Uplands
E02126,Enterprise 02126,WRT,2,Uplands
E02127,Enterprise 02127,CON,2,Central
E02128,Enterprise 02128,PRO,1,Uplands
E02129,Enterprise 02129,WRT,1,Uplands
E02130,Enterprise 02130,CON,1,South
E02131,Enterprise 02131,ACC,4,Central
E02132,Enterprise 02132,TRS,1,Uplands
E02133,Enterprise 02133,TRS,1,South
E02134,Enterprise 02134,MFG,1,North
E02135,Enterprise 02135,PRO,1,North
E02136,Enterprise 02136,TRS,2,South
E02137,Enterprise 02137,CON,1,Coast
E02138,Enterprise 02138,ACC,1,Uplands
E02139,Enterprise 02139,PRO,1,North
E02140,Enterprise 02140,CON,2,Coast
E02141,Enterprise 02141,ACC,1,South
E02142,Enterprise 02142,WRT,1,South
E02143,Enterprise 02143,ACC,3,South
E02144,Enterprise 02144,MFG,1,Central
E02145,Enterprise 02145,CON,1,Central
E02146,Enterprise 02146,ACC,1,Central
E02147,Enterprise 02147,MFG,1,Uplands
E02148,Enterprise 02148,CON,2,South
E02149,Enterprise 02149,ACC,3,North
E02150,Enterprise 02150,CON,1,Central
E02151,Enterprise 02151,WRT,1,Central
E02152,Enterprise 02152,CON,1,South
E02153,Enterprise 02153,CON,1,Central
E02154,Enterprise 02154,WRT,1,North
E02155,Enterprise 02155,ACC,1,Uplands
E02156,Enterprise 02156,MFG,1,Central
E02157,Enterprise 02157,TRS,2,North
E02158,Enterprise 02158,PRO,1,South
E02159,Enterprise 02159,MFG,1,Coast
E02160,Enterprise 02160,CON,1,Coast
E02161,Enterprise 02161,WRT,1,North
E02162,Enterprise 02162,CON,4,South
E02163,Enterprise 02163,TRS,1,Uplands
E02164,Enterprise 02164,TRS,1,Coast
E02165,Enterprise 02165,ACC,4,Uplands
E02166,Enterprise 02166,ACC,1,North
E02167,Enterprise 02167,WRT,1,North
E02168,Enterprise 02168,PRO,3,Central
E02169,Enterprise 02169,ACC,1,North
E02170,Enterprise 02170,ACC,1,Central
E02171,Enterprise 02171,MFG,1,Coast
E02172,Enterprise 02172,CON,1,South
E02173,Enterprise 02173,TRS,1,Uplands
E02174,Enterprise 02174,PRO,1,Coast
E02175,Enterprise 02175,TRS,1,Coast
E02176,Enterprise 02176,MFG,1,North
E02177,Enterprise 02177,ACC,2,Coast
E02178,Enterprise 02178,TRS,1,South
E02179,Enterprise 02179,TRS,1,Coast
E02180,Enterprise 02180,TRS,2,Coast
E02181,Enterprise 02181,WRT,1,Uplands
E02182,Enterprise 02182,CON,1,Uplands
E02183,Enterprise 02183,MFG,1,South
E02184,Enterprise 02184,PRO,1,North
E02185,Enterprise 02185,CON,1,Uplands
E02186,Enterprise 02186,MFG,1,Central
E02187,Enterprise 02187,WRT,1,Central
E02188,Enterprise 02188,CON,1,Coast
E02189,Enterprise 02189,CON,3,Coast
E02190,Enterprise 02190,MFG,2,Coast
E02191,Enterprise 02191,ACC,3,South
E02192,Enterprise 02192,WRT,1,South
E02193,Enterprise 02193,PRO,1,Coast
E02194,Enterprise 02194,TRS,1,Uplands
E02195,Enterprise 02195,TRS,2,Coast
E02196,Enterprise 02196,MFG,1,Uplands
E02197,Enterprise 02197,MFG,3,Uplands
E02198,Enterprise 02198,PRO,3,Uplands
E02199,Enterprise 02199,PRO,3,Uplands
E02200,Enterprise 02200,PRO,1,South
E02201,Enterprise 02201,TRS,1,South
E02202,Enterprise 02202,MFG,1,South
E02203,Enterprise 02203,ACC,1,Uplands
E02204,Enterprise 02204,ACC,1,Coast
E02205,Enterprise 02205,PRO,1,Uplands
E02206,Enterprise 02206,WRT,1,North
E02207,Enterprise 02207,CON,1,North
E02208,Enterprise 02208,ACC,3,North
E02209,Enterprise 02209,MFG,1,Uplands
E02210,Enterprise 02210,PRO,1,North
E02211,Enterprise 02211,PRO,3,South
E02212,Enterprise 02212,WRT,1,Coast
E02213,Enterprise 02213,PRO,1,Coast
E02214,Enterprise 02214,TRS,1,Uplands
E02215,Enterprise 02215,ACC,1,Coast
E02216,Enterprise 02216,ACC,1,North
E02217,Enterprise 02217,WRT,1,Uplands
E02218,Enterprise 02218,CON,1,Central
E02219,Enterprise 02219,ACC,1,South
E02220,Enterprise 02220,MFG,1,South
E02221,Enterprise 02221,TRS,1,North
E02222,Enterprise 02222,WRT,1,South
E02223,Enterprise 02223,CON,1,Uplands
E02224,Enterprise 02224,MFG,1,Central
E02225,Enterprise 02225,ACC,1,Central
E02226,Enterprise 02226,ACC,1,Uplands
E02227,Enterprise 02227,CON,1,Central
E02228,Enterprise 02228,MFG,1,Central
E02229,Enterprise 02229,PRO,1,South
E02230,Enterprise 02230,TRS,1,Central
E02231,Enterprise 02231,TRS,1,Uplands
E02232,Enterprise 02232,CON,1,Coast
E02233,Enterprise 02233,CON,1,Central
E02234,Enterprise 02234,MFG,2,South
E02235,Enterprise 02235,PRO,1,North
E02236,Enterprise 02236,WRT,1,South
E02237,Enterprise 02237,WRT,1,Uplands
E02238,Enterprise 02238,TRS,2,Uplands
E02239,Enterprise 02239,TRS,1,Coast
E02240,Enterprise 02240,TRS,1,Central
E02241,Enterprise 02241,WRT,2,South
E02242,Enterprise 02242,TRS,1,South
E02243,Enterprise 02243,MFG,1,Central
E02244,Enterprise 02244,ACC,1,Coast
E02245,Enterprise 02245,ACC,1,Coast
E02246,Enterprise 02246,PRO,1,Central
E02247,Enterprise 02247,CON,2,Coast
E02248,Enterprise 02248,TRS,2,North
E02249,Enterprise 02249,WRT,1,South
E02250,Enterprise 02250,ACC,1,Uplands
E02251,Enterprise 02251,PRO,2,South
E02252,Enterprise 02252,PRO,1,South
E02253,Enterprise 02253,CON,1,North
E02254,Enterprise 02254,TRS,1,North
E02255,Enterprise 02255,ACC,2,North
E02256,Enterprise 02256,CON,1,Central
E02257,Enterprise 02257,TRS,1,North
E02258,Enterprise 02258,MFG,1,Uplands
E02259,Enterprise 02259,TRS,1,North
E02260,Enterprise 02260,CON,2,Coast
E02261,Enterprise 02261,ACC,1,Coast
E02262,Enterprise 02262,ACC,1,Uplands
E02263,Enterprise 02263,MFG,1,Uplands
E02264,Enterprise 02264,CON,1,Uplands
E02265,Enterprise 02265,TRS,1,North
E02266,Enterprise 02266,ACC,2,Uplands
E02267,Enterprise 02267,WRT,1,Coast
E02268,Enterprise 02268,CON,1,Central
E02269,Enterprise 02269,CON,2,Central
E02270,Enterprise 02270,TRS,1,Coast
E02271,Enterprise 02271,CON,1,Uplands
E02272,Enterprise 02272,WRT,1,Uplands
E02273,Enterprise 02273,PRO,2,South
E02274,Enterprise 02274,TRS,1,South
E02275,Enterprise 02275,ACC,2,Coast
E02276,Enterprise 02276,TRS,1,North
E02277,Enterprise 02277,TRS,1,Central
E02278,Enterprise 02278,MFG,1,Uplands
E02279,Enterprise 02279,TRS,2,Uplands
E02280,Enterprise 02280,MFG,3,Central
E02281,Enterprise 02281,TRS,1,North
E02282,Enterprise 02282,ACC,1,Coast
E02283,Enterprise 02283,WRT,1,South
E02284,Enterprise 02284,TRS,1,Central
E02285,Enterprise 02285,MFG,2,North
E02286,Enterprise 02286,CON,1,Coast
E02287,Enterprise 02287,ACC,1,North
E02288,Enterprise 02288,WRT,1,Central
E02289,Enterprise 02289,TRS,4,South
E02290,Enterprise 02290,CON,1,Central
E02291,Enterprise 02291,TRS,1,Uplands
E02292,Enterprise 02292,CON,1,Uplands
E02293,Enterprise 02293,MFG,1,North
E02294,Enterprise 02294,WRT,1,Central
E02295,Enterprise 02295,PRO,1,Coast
E02296,Enterprise 02296,ACC,1,Uplands
E02297,Enterprise 02297,CON,1,South
E02298,Enterprise 02298,TRS,1,Uplands
E02299,Enterprise 02299,CON,1,Uplands
E02300,Enterprise 02300,PRO,1,North
E02301,Enterprise 02301,WRT,1,Uplands
E02302,Enterprise 02302,MFG,1,Coast
E02303,Enterprise 02303,TRS,1,Uplands
E02304,Enterprise 02304,PRO,2,Central
E02305,Enterprise 02305,MFG,2,Central
E02306,Enterprise 02306,CON,1,North
E02307,Enterprise 02307,PRO,1,North
E02308,Enterprise 02308,MFG,1,North
E02309,Enterprise 02309,ACC,1,Central
E02310,Enterprise 02310,ACC,1,South
E02311,Enterprise 02311,WRT,1,Coast
E02312,Enterprise 02312,ACC,1,South
E02313,Enterprise 02313,WRT,1,Coast
E02314,Enterprise 02314,CON,1,North
E02315,Enterprise 02315,CON,2,South
E02316,Enterprise 02316,MFG,2,North
E02317,Enterprise 02317,WRT,1,North
E02318,Enterprise 02318,WRT,1,North
E02319,Enterprise 02319,MFG,1,Coast
E02320,Enterprise 02320,ACC,2,South
E02321,Enterprise 02321,TRS,1,North
E02322,Enterprise 02322,WRT,1,South
E02323,Enterprise 02323,ACC,1,South
E02324,Enterprise 02324,MFG,1,Central
E02325,Enterprise 02325,MFG,1,Central
E02326,Enterprise 02326,ACC,1,Central
E02327,Enterprise 02327,PRO,2,South
E02328,Enterprise 02328,WRT,1,Uplands
E02329,Enterprise 02329,ACC,1,Central
E02330,Enterprise 02330,TRS,1,South
E02331,Enterprise 02331,TRS,1,North
E02332,Enterprise 02332,WRT,1,Uplands
E02333,Enterprise 02333,MFG,1,Coast
E02334,Enterprise 02334,ACC,1,Uplands
E02335,Enterprise 02335,CON,4,Coast
E02336,Enterprise 02336,PRO,1,Coast
E02337,Enterprise 02337,TRS,1,Uplands
E02338,Enterprise 02338,TRS,2,Uplands
E02339,Enterprise 02339,CON,1,South
E02340,Enterprise 02340,WRT,1,Coast
E02341,Enterprise 02341,ACC,1,Coast
E02342,Enterprise 02342,WRT,1,North
E02343,Enterprise 02343,WRT,1,South
E02344,Enterprise 02344,ACC,1,Uplands
E02345,Enterprise 02345,MFG,2,Uplands
E02346,Enterprise 02346,PRO,1,Uplands
E02347,Enterprise 02347,MFG,1,South
E02348,Enterprise 02348,MFG,2,North
E02349,Enterprise 02349,MFG,1,Uplands
E02350,Enterprise 02350,ACC,2,Coast
E02351,Enterprise 02351,TRS,1,North
E02352,Enterprise 02352,CON,2,North
E02353,Enterprise 02353,WRT,2,North
E02354,Enterprise 02354,PRO,1,North
E02355,Enterprise 02355,TRS,1,Central
E02356,Enterprise 02356,WRT,1,South
E02357,Enterprise 02357,WRT,2,North
E02358,Enterprise 02358,CON,1,Uplands
E02359,Enterprise 02359,MFG,1,Central
E02360,Enterprise 02360,MFG,1,Coast
E02361,Enterprise 02361,WRT,1,Coast
E02362,Enterprise 02362,CON,1,North
E02363,Enterprise 02363,MFG,1,South
E02364,Enterprise 02364,MFG,1,Central
E02365,Enterprise 02365,CON,1,North
E02366,Enterprise 02366,CON,1,South
E02367,Enterprise 02367,MFG,1,Coast
E02368,Enterprise 02368,WRT,1,Uplands
E02369,Enterprise 02369,TRS,1,Uplands
E02370,Enterprise 02370,WRT,1,Uplands
E02371,Enterprise 02371,PRO,1,Coast
E02372,Enterprise 02372,TRS,1,Central
E02373,Enterprise 02373,CON,1,South
E02374,Enterprise 02374,PRO,1,Uplands
E02375,Enterprise 02375,ACC,2,South
E02376,Enterprise 02376,CON,1,North
E02377,Enterprise 02377,MFG,1,Central
E02378,Enterprise 02378,ACC,1,Central
E02379,Enterprise 02379,MFG,3,Uplands
E02380,Enterprise 02380,WRT,1,Coast
E02381,Enterprise 02381,TRS,3,Uplands
E02382,Enterprise 02382,ACC,1,South
E02383,Enterprise 02383,TRS,1,Coast
E02384,Enterprise 02384,PRO,1,South
E02385,Enterprise 02385,CON,1,Uplands
E02386,Enterprise 02386,WRT,1,Central
E02387,Enterprise 02387,PRO,1,North
E02388,Enterprise 02388,PRO,1,Central
E02389,Enterprise 02389,TRS,1,Coast
E02390,Enterprise 02390,CON,1,Coast
E02391,Enterprise 02391,WRT,1,Central
E02392,Enterprise 02392,MFG,1,Central
E02393,Enterprise 02393,ACC,1,South
E02394,Enterprise 02394,PRO,1,North
E02395,Enterprise 02395,ACC,3,South
E02396,Enterprise 02396,TRS,3,North
E02397,Enterprise 02397,PRO,1,North
E02398,Enterprise 02398,ACC,3,Uplands
E02399,Enterprise 02399,WRT,1,Coast
E02400,Enterprise 02400,CON,1,South
E02401,Enterprise 02401,TRS,1,North
E02402,Enterprise 02402,CON,3,Uplands
E02403,Enterprise 02403,ACC,4,Coast
E02404,Enterprise 02404,MFG,1,Central
E02405,Enterprise 02405,CON,2,North
E02406,Enterprise 02406,ACC,1,Coast
E02407,Enterprise 02407,MFG,1,South
E02408,Enterprise 02408,PRO,1,Coast
E02409,Enterprise 02409,MFG,1,North
E02410,Enterprise 02410,WRT,1,North
E02411,Enterprise 02411,PRO,2,Uplands
E02412,Enterprise 02412,ACC,1,Coast
E02413,Enterprise 02413,TRS,3,Coast
E02414,Enterprise 02414,MFG,1,North
E02415,Enterprise 02415,WRT,2,Central
E02416,Enterprise 02416,MFG,1,North
E02417,Enterprise 02417,CON,1,Uplands
E02418,Enterprise 02418,MFG,1,Uplands
E02419,Enterprise 02419,CON,1,North
E02420,Enterprise 02420,CON,1,North
E02421,Enterprise 02421,WRT,1,Coast
E02422,Enterprise 02422,PRO,1,Coast
E02423,Enterprise 02423,TRS,1,North
E02424,Enterprise 02424,PRO,2,North
E02425,Enterprise 02425,ACC,1,Central
E02426,Enterprise 02426,WRT,1,Central
E02427,Enterprise 02427,TRS,1,Coast
E02428,Enterprise 02428,ACC,1,South
E02429,Enterprise 02429,WRT,2,Central
E02430,Enterprise 02430,CON,1,South
E02431,Enterprise 02431,CON,2,North
E02432,Enterprise 02432,WRT,1,South
E02433,Enterprise 02433,TRS,1,Uplands
E02434,Enterprise 02434,PRO,1,South
E02435,Enterprise 02435,TRS,4,Uplands
E02436,Enterprise 02436,CON,1,Coast
E02437,Enterprise 02437,ACC,1,Central
E02438,Enterprise 02438,WRT,1,Uplands
E02439,Enterprise 02439,WRT,1,Central
E02440,Enterprise 02440,CON,1,Coast
E02441,Enterprise 02441,MFG,1,South
E02442,Enterprise 02442,ACC,1,Coast
E02443,Enterprise 02443,ACC,1,Coast
E02444,Enterprise 02444,MFG,1,Uplands
E02445,Enterprise 02445,PRO,2,Central
E02446,Enterprise 02446,TRS,3,South
E02447,Enterprise 02447,WRT,3,Uplands
E02448,Enterprise 02448,MFG,1,North
E02449,Enterprise 02449,TRS,1,South
E02450,Enterprise 02450,ACC,1,Uplands
E02451,Enterprise 02451,PRO,1,North
E02452,Enterprise 02452,TRS,1,South
E02453,Enterprise 02453,CON,1,South
E02454,Enterprise 02454,ACC,1,Coast
E02455,Enterprise 02455,WRT,3,Uplands
E02456,Enterprise 02456,TRS,3,North
E02457,Enterprise 02457,TRS,1,Uplands
E02458,Enterprise 02458,PRO,1,Uplands
E02459,Enterprise 02459,WRT,1,Uplands
E02460,Enterprise 02460,TRS,1,Coast
E02461,Enterprise 02461,ACC,1,Central
E02462,Enterprise 02462,WRT,1,Central
E02463,Enterprise 02463,WRT,2,North
E02464,Enterprise 02464,PRO,1,Uplands
E02465,Enterprise 02465,WRT,1,South
E02466,Enterprise 02466,TRS,1,Coast
E02467,Enterprise 02467,WRT,1,Coast
E02468,Enterprise 02468,CON,2,Uplands
E02469,Enterprise 02469,TRS,1,Central
E02470,Enterprise 02470,ACC,1,North
E02471,Enterprise 02471,CON,1,Uplands
E02472,Enterprise 02472,PRO,1,Coast
E02473,Enterprise 02473,WRT,1,North
E02474,Enterprise 02474,CON,1,Coast
E02475,Enterprise 02475,TRS,1,Central
E02476,Enterprise 02476,MFG,1,Coast
E02477,Enterprise 02477,PRO,1,South
E02478,Enterprise 02478,PRO,1,North
E02479,Enterprise 02479,TRS,1,Central
E02480,Enterprise 02480,WRT,1,Coast
E02481,Enterprise 02481,WRT,1,North
E02482,Enterprise 02482,WRT,1,South
E02483,Enterprise 02483,ACC,1,South
E02484,Enterprise 02484,PRO,1,North
E02485,Enterprise 02485,ACC,1,Central
E02486,Enterprise 02486,ACC,1,South
E02487,Enterprise 02487,MFG,1,Coast
E02488,Enterprise 02488,ACC,1,Central
E02489,Enterprise 02489,PRO,1,Uplands
E02490,Enterprise 02490,ACC,1,Uplands
E02491,Enterprise 02491,TRS,1,Central
E02492,Enterprise 02492,CON,1,Central
E02493,Enterprise 02493,MFG,1,South
E02494,Enterprise 02494,CON,3,Uplands
E02495,Enterprise 02495,PRO,1,Coast
E02496,Enterprise 02496,WRT,1,Uplands
E02497,Enterprise 02497,PRO,1,North
E02498,Enterprise 02498,PRO,2,South
E02499,Enterprise 02499,CON,1,North
E02500,Enterprise 02500,TRS,1,Central
E02501,Enterprise 02501,ACC,1,Uplands
E02502,Enterprise 02502,CON,1,South
E02503,Enterprise 02503,WRT,1,South
E02504,Enterprise 02504,PRO,1,Central
E02505,Enterprise 02505,WRT,3,Coast
E02506,Enterprise 02506,TRS,2,Coast
E02507,Enterprise 02507,WRT,3,North
E02508,Enterprise 02508,TRS,4,South
E02509,Enterprise 02509,MFG,2,South
E02510,Enterprise 02510,ACC,1,South
E02511,Enterprise 02511,ACC,2,Coast
E02512,Enterprise 02512,WRT,1,Coast
E02513,Enterprise 02513,CON,1,Coast
E02514,Enterprise 02514,TRS,1,North
E02515,Enterprise 02515,TRS,3,Coast
E02516,Enterprise 02516,TRS,1,South
E02517,Enterprise 02517,MFG,1,North
E02518,Enterprise 02518,TRS,1,North
E02519,Enterprise 02519,ACC,1,Central
E02520,Enterprise 02520,WRT,3,Coast
E02521,Enterprise 02521,WRT,1,South
E02522,Enterprise 02522,CON,1,Central
E02523,Enterprise 02523,CON,1,South
E02524,Enterprise 02524,WRT,4,Uplands
E02525,Enterprise 02525,TRS,1,Coast
E02526,Enterprise 02526,TRS,1,North
E02527,Enterprise 02527,PRO,1,South
E02528,Enterprise 02528,WRT,1,South
E02529,Enterprise 02529,MFG,1,South
E02530,Enterprise 02530,MFG,1,Central
E02531,Enterprise 02531,MFG,2,Central
E02532,Enterprise 02532,CON,1,South
E02533,Enterprise 02533,CON,1,Coast
E02534,Enterprise 02534,WRT,1,South
E02535,Enterprise 02535,PRO,1,North
E02536,Enterprise 02536,TRS,2,Uplands
E02537,Enterprise 02537,TRS,1,Central
E02538,Enterprise 02538,PRO,3,Coast
E02539,Enterprise 02539,PRO,2,South
E02540,Enterprise 02540,CON,2,Uplands
E02541,Enterprise 02541,TRS,2,Coast
E02542,Enterprise 02542,CON,3,Central
E02543,Enterprise 02543,CON,2,South
E02544,Enterprise 02544,TRS,1,Uplands
E02545,Enterprise 02545,MFG,2,Uplands
E02546,Enterprise 02546,PRO,2,Uplands
E02547,Enterprise 02547,PRO,1,Central
E02548,Enterprise 02548,MFG,1,South
E02549,Enterprise 02549,MFG,1,Central
E02550,Enterprise 02550,ACC,1,Central
E02551,Enterprise 02551,MFG,1,Central
E02552,Enterprise 02552,TRS,1,Central
E02553,Enterprise 02553,CON,1,Coast
E02554,Enterprise 02554,CON,1,Central
E02555,Enterprise 02555,MFG,2,Coast
E02556,Enterprise 02556,TRS,2,Coast
E02557,Enterprise 02557,CON,1,Coast
E02558,Enterprise 02558,TRS,1,South
E02559,Enterprise 02559,TRS,1,Central
E02560,Enterprise 02560,ACC,1,Coast
E02561,Enterprise 02561,ACC,1,Coast
E02562,Enterprise 02562,PRO,1,Coast
E02563,Enterprise 02563,TRS,1,Central
E02564,Enterprise 02564,PRO,1,Uplands
E02565,Enterprise 02565,ACC,1,Coast
E02566,Enterprise 02566,MFG,1,South
E02567,Enterprise 02567,PRO,1,Coast
E02568,Enterprise 02568,PRO,4,Uplands
E02569,Enterprise 02569,ACC,3,South
E02570,Enterprise 02570,ACC,1,South
E02571,Enterprise 02571,TRS,1,South
E02572,Enterprise 02572,MFG,2,South
E02573,Enterprise 02573,WRT,2,South
E02574,Enterprise 02574,PRO,1,North
E02575,Enterprise 02575,TRS,1,South
E02576,Enterprise 02576,WRT,1,North
E02577,Enterprise 02577,TRS,3,South
E02578,Enterprise 02578,MFG,1,Uplands
E02579,Enterprise 02579,PRO,1,Uplands
E02580,Enterprise 02580,CON,1,Coast
E02581,Enterprise 02581,WRT,2,South
E02582,Enterprise 02582,TRS,1,North
E02583,Enterprise 02583,PRO,2,South
E02584,Enterprise 02584,WRT,2,South
E02585,Enterprise 02585,PRO,1,Central
E02586,Enterprise 02586,TRS,2,Central
E02587,Enterprise 02587,WRT,1,North
E02588,Enterprise 02588,ACC,1,Central
E02589,Enterprise 02589,PRO,1,Uplands
E02590,Enterprise 02590,WRT,1,Central
E02591,Enterprise 02591,WRT,1,Central
E02592,Enterprise 02592,ACC,3,Uplands
E02593,Enterprise 02593,CON,1,Uplands
E02594,Enterprise 02594,CON,1,Central
E02595,Enterprise 02595,MFG,2,Uplands
E02596,Enterprise 02596,MFG,1,Uplands
E02597,Enterprise 02597,TRS,1,Coast
E02598,Enterprise 02598,TRS,1,Central
E02599,Enterprise 02599,CON,1,South
E02600,Enterprise 02600,TRS,1,Coast
E02601,Enterprise 02601,PRO,1,Coast
E02602,Enterprise 02602,CON,1,South
E02603,Enterprise 02603,PRO,1,North
E02604,Enterprise 02604,WRT,2,Coast
E02605,Enterprise 02605,WRT,1,Central
E02606,Enterprise 02606,WRT,1,Uplands
E02607,Enterprise 02607,WRT,1,South
E02608,Enterprise 02608,MFG,2,North
E02609,Enterprise 02609,TRS,2,South
E02610,Enterprise 02610,WRT,1,Uplands
E02611,Enterprise 02611,ACC,1,South
E02612,Enterprise 02612,ACC,1,Coast
E02613,Enterprise 02613,PRO,1,Uplands
E02614,Enterprise 02614,ACC,1,Uplands
E02615,Enterprise 02615,MFG,2,Central
E02616,Enterprise 02616,CON,1,Coast
E02617,Enterprise 02617,PRO,1,Central
E02618,Enterprise 02618,CON,1,Coast
E02619,Enterprise 02619,CON,4,Central
E02620,Enterprise 02620,ACC,1,South
E02621,Enterprise 02621,CON,2,Coast
E02622,Enterprise 02622,WRT,2,Coast
E02623,Enterprise 02623,CON,1,Uplands
E02624,Enterprise 02624,ACC,2,Uplands
E02625,Enterprise 02625,ACC,1,North
E02626,Enterprise 02626,ACC,1,Coast
E02627,Enterprise 02627,CON,1,Coast
E02628,Enterprise 02628,ACC,1,South
E02629,Enterprise 02629,MFG,1,Coast
E02630,Enterprise 02630,PRO,1,Central
E02631,Enterprise 02631,TRS,2,South
E02632,Enterprise 02632,WRT,2,North
E02633,Enterprise 02633,PRO,1,South
E02634,Enterprise 02634,CON,1,Central
E02635,Enterprise 02635,TRS,1,Coast
E02636,Enterprise 02636,ACC,3,South
E02637,Enterprise 02637,TRS,1,Central
E02638,Enterprise 02638,TRS,1,North
E02639,Enterprise 02639,TRS,1,Central
E02640,Enterprise 02640,CON,1,North
E02641,Enterprise 02641,ACC,1,Coast
E02642,Enterprise 02642,PRO,1,Uplands
E02643,Enterprise 02643,CON,1,Coast
E02644,Enterprise 02644,WRT,2,North
E02645,Enterprise 02645,CON,1,Coast
E02646,Enterprise 02646,CON,1,Coast
E02647,Enterprise 02647,MFG,1,North
E02648,Enterprise 02648,TRS,1,Coast
E02649,Enterprise 02649,CON,1,Central
E02650,Enterprise 02650,MFG,2,North
E02651,Enterprise 02651,WRT,2,Central
E02652,Enterprise 02652,MFG,1,North
E02653,Enterprise 02653,ACC,1,Uplands
E02654,Enterprise 02654,TRS,1,Central
E02655,Enterprise 02655,CON,1,Coast
E02656,Enterprise 02656,WRT,1,Central
E02657,Enterprise 02657,MFG,2,North
E02658,Enterprise 02658,CON,2,Central
E02659,Enterprise 02659,ACC,1,North
E02660,Enterprise 02660,TRS,2,Central
E02661,Enterprise 02661,CON,2,Uplands
E02662,Enterprise 02662,PRO,2,South
E02663,Enterprise 02663,PRO,1,South
E02664,Enterprise 02664,WRT,1,Uplands
E02665,Enterprise 02665,WRT,1,Coast
E02666,Enterprise 02666,ACC,1,Central
E02667,Enterprise 02667,ACC,1,Central
E02668,Enterprise 02668,WRT,1,South
E02669,Enterprise 02669,MFG,1,Central
E02670,Enterprise 02670,MFG,1,Uplands
E02671,Enterprise 02671,WRT,1,Coast
E02672,Enterprise 02672,TRS,2,North
E02673,Enterprise 02673,ACC,1,South
E02674,Enterprise 02674,WRT,1,Central
E02675,Enterprise 02675,CON,1,Coast
E02676,Enterprise 02676,PRO,1,Central
E02677,Enterprise 02677,WRT,1,North
E02678,Enterprise 02678,TRS,1,South
E02679,Enterprise 02679,TRS,1,North
E02680,Enterprise 02680,MFG,1,North
E02681,Enterprise 02681,TRS,2,Uplands
E02682,Enterprise 02682,CON,1,Coast
E02683,Enterprise 02683,PRO,1,Coast
E02684,Enterprise 02684,CON,3,Central
E02685,Enterprise 02685,CON,1,Coast
E02686,Enterprise 02686,ACC,1,North
E02687,Enterprise 02687,TRS,1,Central
E02688,Enterprise 02688,CON,1,Uplands
E02689,Enterprise 02689,WRT,1,Central
E02690,Enterprise 02690,WRT,1,Central
E02691,Enterprise 02691,PRO,1,South
E02692,Enterprise 02692,CON,1,Uplands
E02693,Enterprise 02693,TRS,2,Central
E02694,Enterprise 02694,ACC,1,Central
E02695,Enterprise 02695,ACC,1,North
E02696,Enterprise 02696,PRO,2,Coast
E02697,Enterprise 02697,ACC,1,South
E02698,Enterprise 02698,WRT,2,Coast
E02699,Enterprise 02699,PRO,1,Coast
E02700,Enterprise 02700,MFG,1,South
E02701,Enterprise 02701,CON,2,South
E02702,Enterprise 02702,MFG,1,North
E02703,Enterprise 02703,MFG,2,North
E02704,Enterprise 02704,PRO,1,North
E02705,Enterprise 02705,ACC,1,Uplands
E02706,Enterprise 02706,ACC,1,Uplands
E02707,Enterprise 02707,PRO,2,Central
E02708,Enterprise 02708,TRS,1,Central
E02709,Enterprise 02709,CON,4,Uplands
E02710,Enterprise 02710,TRS,1,North
E02711,Enterprise 02711,PRO,1,Coast
E02712,Enterprise 02712,MFG,1,Uplands
E02713,Enterprise 02713,MFG,2,North
E02714,Enterprise 02714,TRS,1,Central
E02715,Enterprise 02715,CON,1,North
E02716,Enterprise 02716,ACC,1,Coast
E02717,Enterprise 02717,CON,1,Central
E02718,Enterprise 02718,ACC,1,North
E02719,Enterprise 02719,WRT,1,Uplands
E02720,Enterprise 02720,PRO,1,South
E02721,Enterprise 02721,ACC,1,South
E02722,Enterprise 02722,CON,1,Uplands
E02723,Enterprise 02723,TRS,1,Central
E02724,Enterprise 02724,WRT,2,Coast
E02725,Enterprise 02725,CON,1,Central
E02726,Enterprise 02726,ACC,1,North
E02727,Enterprise 02727,PRO,4,North
E02728,Enterprise 02728,ACC,1,Central
E02729,Enterprise 02729,ACC,1,Central
E02730,Enterprise 02730,MFG,1,Coast
E02731,Enterprise 02731,PRO,1,Central
E02732,Enterprise 02732,MFG,1,Central
E02733,Enterprise 02733,ACC,1,Coast
E02734,Enterprise 02734,WRT,1,Coast
E02735,Enterprise 02735,TRS,1,Central
E02736,Enterprise 02736,ACC,1,North
E02737,Enterprise 02737,ACC,1,South
E02738,Enterprise 02738,TRS,1,Central
E02739,Enterprise 02739,CON,1,Uplands
E02740,Enterprise 02740,TRS,2,North
E02741,Enterprise 02741,MFG,1,North
E02742,Enterprise 02742,CON,2,Uplands
E02743,Enterprise 02743,CON,1,Central
E02744,Enterprise 02744,ACC,1,Coast
E02745,Enterprise 02745,CON,1,South
E02746,Enterprise 02746,MFG,1,South
E02747,Enterprise 02747,CON,1,Coast
E02748,Enterprise 02748,ACC,1,North
E02749,Enterprise 02749,CON,1,South
E02750,Enterprise 02750,PRO,1,Central
E02751,Enterprise 02751,TRS,1,South
E02752,Enterprise 02752,ACC,1,Central
E02753,Enterprise 02753,WRT,1,Coast
E02754,Enterprise 02754,ACC,4,Central
E02755,Enterprise 02755,CON,3,Coast
E02756,Enterprise 02756,WRT,1,South
E02757,Enterprise 02757,WRT,1,Central
E02758,Enterprise 02758,ACC,2,Uplands
E02759,Enterprise 02759,MFG,1,Uplands
E02760,Enterprise 02760,CON,2,Coast
E02761,Enterprise 02761,PRO,2,North
E02762,Enterprise 02762,WRT,2,Coast
E02763,Enterprise 02763,CON,1,Coast
E02764,Enterprise 02764,MFG,1,Uplands
E02765,Enterprise 02765,ACC,1,Coast
E02766,Enterprise 02766,ACC,1,Coast
E02767,Enterprise 02767,ACC,1,Central
E02768,Enterprise 02768,CON,1,North
E02769,Enterprise 02769,CON,1,North
E02770,Enterprise 02770,MFG,1,North
E02771,Enterprise 02771,WRT,1,South
E02772,Enterprise 02772,TRS,1,North
E02773,Enterprise 02773,ACC,1,Coast
E02774,Enterprise 02774,TRS,1,Uplands
E02775,Enterprise 02775,CON,4,South
E02776,Enterprise 02776,MFG,1,South
E02777,Enterprise 02777,ACC,1,Coast
E02778,Enterprise 02778,WRT,1,Central
E02779,Enterprise 02779,MFG,1,North
E02780,Enterprise 02780,WRT,1,North
E02781,Enterprise 02781,TRS,1,Coast
E02782,Enterprise 02782,CON,2,Coast
E02783,Enterprise 02783,PRO,1,Coast
E02784,Enterprise 02784,WRT,1,Central
E02785,Enterprise 02785,CON,2,South
E02786,Enterprise 02786,MFG,1,South
E02787,Enterprise 02787,MFG,1,North
E02788,Enterprise 02788,PRO,1,South
E02789,Enterprise 02789,ACC,1,North
E02790,Enterprise 02790,TRS,2,Coast
E02791,Enterprise 02791,CON,1,Central
E02792,Enterprise 02792,CON,3,South
E02793,Enterprise 02793,TRS,1,North
E02794,Enterprise 02794,MFG,1,Central
E02795,Enterprise 02795,WRT,1,North
E02796,Enterprise 02796,PRO,1,Central
E02797,Enterprise 02797,PRO,1,North
E02798,Enterprise 02798,TRS,1,Uplands
E02799,Enterprise 02799,WRT,1,Central
E02800,Enterprise 02800,PRO,4,Central
E02801,Enterprise 02801,ACC,1,Coast
E02802,Enterprise 02802,ACC,1,South
E02803,Enterprise 02803,WRT,1,Central
E02804,Enterprise 02804,TRS,1,North
E02805,Enterprise 02805,ACC,1,North
E02806,Enterprise 02806,WRT,1,South
E02807,Enterprise 02807,WRT,1,Central
E02808,Enterprise 02808,TRS,2,South
E02809,Enterprise 02809,ACC,1,Coast
E02810,Enterprise 02810,WRT,1,Coast
E02811,Enterprise 02811,PRO,1,North
E02812,Enterprise 02812,WRT,3,North
E02813,Enterprise 02813,TRS,1,Coast
E02814,Enterprise 02814,CON,3,Uplands
E02815,Enterprise 02815,PRO,2,Central
E02816,Enterprise 02816,WRT,1,Central
E02817,Enterprise 02817,WRT,1,Uplands
E02818,Enterprise 02818,ACC,1,North
E02819,Enterprise 02819,TRS,1,Coast
E02820,Enterprise 02820,ACC,1,Central
E02821,Enterprise 02821,PRO,2,Coast
E02822,Enterprise 02822,PRO,1,Central
E02823,Enterprise 02823,TRS,1,South
E02824,Enterprise 02824,ACC,1,Uplands
E02825,Enterprise 02825,MFG,1,Central
E02826,Enterprise 02826,PRO,1,South
E02827,Enterprise 02827,CON,1,South
E02828,Enterprise 02828,PRO,1,Central
E02829,Enterprise 02829,MFG,1,Central
E02830,Enterprise 02830,PRO,1,Central
E02831,Enterprise 02831,PRO,1,Central
E02832,Enterprise 02832,CON,1,Uplands
E02833,Enterprise 02833,PRO,3,Central
E02834,Enterprise 02834,PRO,2,South
E02835,Enterprise 02835,TRS,1,Coast
E02836,Enterprise 02836,TRS,1,Uplands
E02837,Enterprise 02837,PRO,1,Uplands
E02838,Enterprise 02838,TRS,3,North
E02839,Enterprise 02839,TRS,3,South
E02840,Enterprise 02840,WRT,1,Uplands
E02841,Enterprise 02841,MFG,1,Central
E02842,Enterprise 02842,PRO,1,Coast
E02843,Enterprise 02843,TRS,1,Central
E02844,Enterprise 02844,TRS,1,Uplands
E02845,Enterprise 02845,WRT,1,Uplands
E02846,Enterprise 02846,ACC,1,Central
E02847,Enterprise 02847,ACC,2,Coast
E02848,Enterprise 02848,WRT,3,Uplands
E02849,Enterprise 02849,ACC,1,North
E02850,Enterprise 02850,CON,1,Coast
E02851,Enterprise 02851,WRT,1,Coast
E02852,Enterprise 02852,TRS,1,Coast
E02853,Enterprise 02853,MFG,1,North
E02854,Enterprise 02854,ACC,1,North
E02855,Enterprise 02855,MFG,1,Central
E02856,Enterprise 02856,MFG,1,Coast
E02857,Enterprise 02857,TRS,1,North
E02858,Enterprise 02858,WRT,1,Central
E02859,Enterprise 02859,MFG,2,Coast
E02860,Enterprise 02860,MFG,3,North
E02861,Enterprise 02861,ACC,1,Coast
E02862,Enterprise 02862,WRT,1,Uplands
E02863,Enterprise 02863,PRO,1,Central
E02864,Enterprise 02864,PRO,2,South
E02865,Enterprise 02865,ACC,1,Uplands
E02866,Enterprise 02866,PRO,1,Central
E02867,Enterprise 02867,CON,1,Central
E02868,Enterprise 02868,ACC,1,North
E02869,Enterprise 02869,CON,1,South
E02870,Enterprise 02870,WRT,1,South
E02871,Enterprise 02871,PRO,1,Coast
E02872,Enterprise 02872,TRS,1,Central
E02873,Enterprise 02873,CON,2,Central
E02874,Enterprise 02874,ACC,1,Uplands
E02875,Enterprise 02875,ACC,4,Uplands
E02876,Enterprise 02876,ACC,1,South
E02877,Enterprise 02877,CON,1,Central
E02878,Enterprise 02878,TRS,3,Coast
E02879,Enterprise 02879,PRO,1,Central
E02880,Enterprise 02880,ACC,1,North
E02881,Enterprise 02881,WRT,3,South
E02882,Enterprise 02882,MFG,1,North
E02883,Enterprise 02883,ACC,1,Uplands
E02884,Enterprise 02884,CON,2,South
E02885,Enterprise 02885,ACC,1,Uplands
E02886,Enterprise 02886,MFG,1,Central
E02887,Enterprise 02887,WRT,1,Coast
E02888,Enterprise 02888,MFG,1,Uplands
E02889,Enterprise 02889,ACC,1,Uplands
E02890,Enterprise 02890,MFG,2,South
E02891,Enterprise 02891,MFG,1,Central
E02892,Enterprise 02892,TRS,1,Coast
E02893,Enterprise 02893,TRS,1,Uplands
E02894,Enterprise 02894,MFG,1,South
E02895,Enterprise 02895,WRT,1,Coast
E02896,Enterprise 02896,WRT,1,Uplands
E02897,Enterprise 02897,WRT,1,Uplands
E02898,Enterprise 02898,TRS,1,South
E02899,Enterprise 02899,CON,1,Uplands
E02900,Enterprise 02900,WRT,1,South
E02901,Enterprise 02901,MFG,1,South
E02902,Enterprise 02902,PRO,1,North
E02903,Enterprise 02903,MFG,1,Coast
E02904,Enterprise 02904,CON,1,South
E02905,Enterprise 02905,MFG,1,North
E02906,Enterprise 02906,ACC,1,Central
E02907,Enterprise 02907,TRS,1,North
E02908,Enterprise 02908,ACC,3,Central
E02909,Enterprise 02909,ACC,2,Coast
E02910,Enterprise 02910,MFG,1,Coast
E02911,Enterprise 02911,CON,1,Coast
E02912,Enterprise 02912,MFG,1,Central
E02913,Enterprise 02913,ACC,1,South
E02914,Enterprise 02914,TRS,1,Coast
E02915,Enterprise 02915,MFG,1,South
E02916,Enterprise 02916,MFG,1,Central
E02917,Enterprise 02917,ACC,2,Central
E02918,Enterprise 02918,ACC,1,Central
E02919,Enterprise 02919,MFG,1,Coast
E02920,Enterprise 02920,ACC,1,North
E02921,Enterprise 02921,MFG,1,Coast
E02922,Enterprise 02922,WRT,1,South
E02923,Enterprise 02923,PRO,1,North
E02924,Enterprise 02924,MFG,1,Uplands
E02925,Enterprise 02925,PRO,1,North
E02926,Enterprise 02926,ACC,1,Central
E02927,Enterprise 02927,PRO,2,Uplands
E02928,Enterprise 02928,MFG,1,Uplands
E02929,Enterprise 02929,WRT,2,Coast
E02930,Enterprise 02930,WRT,3,North
E02931,Enterprise 02931,TRS,3,Central
E02932,Enterprise 02932,MFG,1,South
E02933,Enterprise 02933,PRO,1,North
E02934,Enterprise 02934,CON,2,Coast
E02935,Enterprise 02935,MFG,2,North
E02936,Enterprise 02936,MFG,1,Central
E02937,Enterprise 02937,WRT,1,Uplands
E02938,Enterprise 02938,WRT,1,Central
E02939,Enterprise 02939,WRT,1,North
E02940,Enterprise 02940,ACC,1,Uplands
E02941,Enterprise 02941,MFG,1,South
E02942,Enterprise 02942,PRO,1,Central
E02943,Enterprise 02943,ACC,1,Central
E02944,Enterprise 02944,CON,1,Uplands
E02945,Enterprise 02945,WRT,1,North
E02946,Enterprise 02946,TRS,2,Uplands
E02947,Enterprise 02947,TRS,1,Coast
E02948,Enterprise 02948,PRO,1,Coast
E02949,Enterprise 02949,PRO,1,Coast
E02950,Enterprise 02950,CON,1,Uplands
E02951,Enterprise 02951,WRT,2,Central
E02952,Enterprise 02952,ACC,1,Uplands
E02953,Enterprise 02953,ACC,1,Uplands
E02954,Enterprise 02954,ACC,1,Uplands
E02955,Enterprise 02955,TRS,1,North
E02956,Enterprise 02956,ACC,1,South
E02957,Enterprise 02957,PRO,2,Uplands
E02958,Enterprise 02958,TRS,1,North
E02959,Enterprise 02959,TRS,1,Coast
E02960,Enterprise 02960,MFG,1,South
E02961,Enterprise 02961,TRS,1,South
E02962,Enterprise 02962,PRO,1,North
E02963,Enterprise 02963,PRO,1,South
E02964,Enterprise 02964,WRT,1,Central
E02965,Enterprise 02965,MFG,1,South
E02966,Enterprise 02966,MFG,1,Uplands
E02967,Enterprise 02967,TRS,3,Central
E02968,Enterprise 02968,MFG,2,South
E02969,Enterprise 02969,TRS,1,North
E02970,Enterprise 02970,PRO,1,Coast
E02971,Enterprise 02971,ACC,1,South
E02972,Enterprise 02972,ACC,1,Central
E02973,Enterprise 02973,TRS,1,Central
E02974,Enterprise 02974,MFG,1,North
E02975,Enterprise 02975,CON,1,Central
E02976,Enterprise 02976,CON,2,Central
E02977,Enterprise 02977,MFG,1,South
E02978,Enterprise 02978,WRT,2,Coast
E02979,Enterprise 02979,PRO,4,North
E02980,Enterprise 02980,WRT,1,Central
E02981,Enterprise 02981,MFG,2,Central
E02982,Enterprise 02982,WRT,1,Central
E02983,Enterprise 02983,TRS,1,Central
E02984,Enterprise 02984,WRT,1,South
E02985,Enterprise 02985,TRS,2,North
E02986,Enterprise 02986,ACC,1,North
E02987,Enterprise 02987,TRS,1,Uplands
E02988,Enterprise 02988,TRS,1,Coast
E02989,Enterprise 02989,WRT,1,South
E02990,Enterprise 02990,MFG,1,Central
E02991,Enterprise 02991,PRO,1,Coast
E02992,Enterprise 02992,TRS,2,Uplands
E02993,Enterprise 02993,PRO,1,North
E02994,Enterprise 02994,MFG,1,South
E02995,Enterprise 02995,ACC,1,Central
E02996,Enterprise 02996,PRO,1,Coast
E02997,Enterprise 02997,ACC,3,Uplands
E02998,Enterprise 02998,ACC,1,Central
E02999,Enterprise 02999,MFG,1,North
E03000,Enterprise 03000,TRS,1,Uplands
E03001,Enterprise 03001,PRO,1,South
E03002,Enterprise 03002,PRO,1,Uplands
E03003,Enterprise 03003,CON,1,South
E03004,Enterprise 03004,TRS,2,Coast
E03005,Enterprise 03005,TRS,1,North
E03006,Enterprise 03006,MFG,3,Coast
E03007,Enterprise 03007,MFG,1,South
E03008,Enterprise 03008,TRS,1,North
E03009,Enterprise 03009,CON,1,Central
E03010,Enterprise 03010,TRS,1,North
E03011,Enterprise 03011,CON,1,Uplands
E03012,Enterprise 03012,WRT,1,Coast
E03013,Enterprise 03013,TRS,1,South
E03014,Enterprise 03014,TRS,2,South
E03015,Enterprise 03015,TRS,1,Central
E03016,Enterprise 03016,TRS,3,North
E03017,Enterprise 03017,ACC,1,Uplands
E03018,Enterprise 03018,WRT,2,South
E03019,Enterprise 03019,CON,1,Coast
E03020,Enterprise 03020,WRT,1,South
E03021,Enterprise 03021,TRS,1,North
E03022,Enterprise 03022,PRO,3,North
E03023,Enterprise 03023,WRT,1,North
E03024,Enterprise 03024,TRS,1,South
E03025,Enterprise 03025,TRS,1,South
E03026,Enterprise 03026,TRS,1,Central
E03027,Enterprise 03027,MFG,1,South
E03028,Enterprise 03028,ACC,1,Uplands
E03029,Enterprise 03029,WRT,4,Central
E03030,Enterprise 03030,MFG,1,North
E03031,Enterprise 03031,CON,2,Uplands
E03032,Enterprise 03032,TRS,1,Coast
E03033,Enterprise 03033,WRT,1,North
E03034,Enterprise 03034,ACC,1,Central
E03035,Enterprise 03035,ACC,1,Central
E03036,Enterprise 03036,TRS,1,Uplands
E03037,Enterprise 03037,WRT,2,Uplands
E03038,Enterprise 03038,PRO,1,South
E03039,Enterprise 03039,MFG,1,Coast
E03040,Enterprise 03040,MFG,2,Uplands
E03041,Enterprise 03041,CON,1,Central
E03042,Enterprise 03042,ACC,3,North
E03043,Enterprise 03043,MFG,1,Coast
E03044,Enterprise 03044,WRT,1,Central
E03045,Enterprise 03045,MFG,1,Central
E03046,Enterprise 03046,CON,1,Coast
E03047,Enterprise 03047,CON,3,Central
E03048,Enterprise 03048,WRT,2,North
E03049,Enterprise 03049,PRO,1,Central
E03050,Enterprise 03050,ACC,1,North
E03051,Enterprise 03051,TRS,1,Uplands
E03052,Enterprise 03052,WRT,1,Central
E03053,Enterprise 03053,WRT,1,Coast
E03054,Enterprise 03054,CON,1,Uplands
E03055,Enterprise 03055,MFG,2,South
E03056,Enterprise 03056,ACC,1,North
E03057,Enterprise 03057,ACC,1,Central
E03058,Enterprise 03058,ACC,1,Coast
E03059,Enterprise 03059,PRO,1,North
E03060,Enterprise 03060,TRS,1,Uplands
E03061,Enterprise 03061,PRO,1,Coast
E03062,Enterprise 03062,MFG,1,North
E03063,Enterprise 03063,PRO,1,North
E03064,Enterprise 03064,ACC,2,South
E03065,Enterprise 03065,MFG,1,Coast
E03066,Enterprise 03066,CON,4,Uplands
E03067,Enterprise 03067,MFG,1,Uplands
E03068,Enterprise 03068,ACC,1,North
E03069,Enterprise 03069,ACC,1,Uplands
E03070,Enterprise 03070,CON,1,Central
E03071,Enterprise 03071,PRO,1,Central
E03072,Enterprise 03072,ACC,3,North
E03073,Enterprise 03073,MFG,1,Central
E03074,Enterprise 03074,CON,1,South
E03075,Enterprise 03075,WRT,1,Uplands
E03076,Enterprise 03076,WRT,1,Uplands
E03077,Enterprise 03077,TRS,1,North
E03078,Enterprise 03078,MFG,1,Coast
E03079,Enterprise 03079,TRS,2,South
E03080,Enterprise 03080,TRS,1,South
E03081,Enterprise 03081,CON,1,Central
E03082,Enterprise 03082,WRT,1,Central
E03083,Enterprise 03083,TRS,1,Uplands
E03084,Enterprise 03084,PRO,1,Uplands
E03085,Enterprise 03085,TRS,1,North
E03086,Enterprise 03086,PRO,1,North
E03087,Enterprise 03087,MFG,1,Uplands
E03088,Enterprise 03088,WRT,2,North
E03089,Enterprise 03089,WRT,1,North
E03090,Enterprise 03090,TRS,1,Central
E03091,Enterprise 03091,ACC,1,Uplands
E03092,Enterprise 03092,WRT,2,South
E03093,Enterprise 03093,CON,1,Uplands
E03094,Enterprise 03094,TRS,2,Coast
E03095,Enterprise 03095,WRT,1,South
E03096,Enterprise 03096,ACC,1,South
E03097,Enterprise 03097,WRT,1,North
E03098,Enterprise 03098,MFG,2,Coast
E03099,Enterprise 03099,MFG,1,North
E03100,Enterprise 03100,TRS,1,North
E03101,Enterprise 03101,WRT,1,North
E03102,Enterprise 03102,PRO,1,North
E03103,Enterprise 03103,MFG,1,North
E03104,Enterprise 03104,ACC,1,Central
E03105,Enterprise 03105,MFG,1,Uplands
E03106,Enterprise 03106,WRT,2,Coast
E03107,Enterprise 03107,PRO,1,South
E03108,Enterprise 03108,WRT,1,Coast
E03109,Enterprise 03109,WRT,1,Uplands
E03110,Enterprise 03110,ACC,1,Central
E03111,Enterprise 03111,WRT,1,Central
E03112,Enterprise 03112,WRT,3,Coast
E03113,Enterprise 03113,ACC,1,Coast
E03114,Enterprise 03114,PRO,1,South
E03115,Enterprise 03115,MFG,1,Coast
E03116,Enterprise 03116,PRO,1,South
E03117,Enterprise 03117,TRS,2,Coast
E03118,Enterprise 03118,PRO,1,Central
E03119,Enterprise 03119,MFG,1,North
E03120,Enterprise 03120,ACC,1,North
E03121,Enterprise 03121,PRO,1,Central
E03122,Enterprise 03122,TRS,1,Coast
E03123,Enterprise 03123,CON,1,North
E03124,Enterprise 03124,WRT,1,Central
E03125,Enterprise 03125,WRT,2,Central
E03126,Enterprise 03126,WRT,1,North
E03127,Enterprise 03127,CON,2,Uplands
E03128,Enterprise 03128,ACC,1,Uplands
E03129,Enterprise 03129,TRS,1,South
E03130,Enterprise 03130,WRT,1,South
E03131,Enterprise 03131,PRO,1,North
E03132,Enterprise 03132,ACC,2,North
E03133,Enterprise 03133,CON,2,Uplands
E03134,Enterprise 03134,TRS,1,Uplands
E03135,Enterprise 03135,MFG,1,North
E03136,Enterprise 03136,ACC,1,Central
E03137,Enterprise 03137,PRO,2,Coast
E03138,Enterprise 03138,CON,1,Central
E03139,Enterprise 03139,TRS,1,Central
E03140,Enterprise 03140,CON,1,Central
E03141,Enterprise 03141,PRO,1,North
E03142,Enterprise 03142,ACC,3,North
E03143,Enterprise 03143,MFG,1,Coast
E03144,Enterprise 03144,CON,2,Coast
E03145,Enterprise 03145,TRS,1,North
E03146,Enterprise 03146,CON,1,Central
E03147,Enterprise 03147,TRS,1,North
E03148,Enterprise 03148,WRT,1,Coast
E03149,Enterprise 03149,PRO,2,Coast
E03150,Enterprise 03150,CON,1,South
E03151,Enterprise 03151,MFG,1,Uplands
E03152,Enterprise 03152,WRT,1,Coast
E03153,Enterprise 03153,MFG,1,North
E03154,Enterprise 03154,PRO,1,Uplands
E03155,Enterprise 03155,WRT,1,South
E03156,Enterprise 03156,TRS,1,Uplands
E03157,Enterprise 03157,TRS,1,South
E03158,Enterprise 03158,PRO,2,Uplands
E03159,Enterprise 03159,TRS,1,South
E03160,Enterprise 03160,PRO,1,North
E03161,Enterprise 03161,TRS,1,North
E03162,Enterprise 03162,ACC,1,North
E03163,Enterprise 03163,WRT,1,North
E03164,Enterprise 03164,MFG,1,South
E03165,Enterprise 03165,MFG,1,South
E03166,Enterprise 03166,MFG,1,Central
E03167,Enterprise 03167,MFG,1,Central
E03168,Enterprise 03168,WRT,1,Uplands
E03169,Enterprise 03169,TRS,2,Uplands
E03170,Enterprise 03170,MFG,1,South
E03171,Enterprise 03171,TRS,1,Uplands
E03172,Enterprise 03172,ACC,1,South
E03173,Enterprise 03173,WRT,2,Uplands
E03174,Enterprise 03174,CON,1,Uplands
E03175,Enterprise 03175,ACC,1,Central
E03176,Enterprise 03176,WRT,1,Central
E03177,Enterprise 03177,WRT,2,Central
E03178,Enterprise 03178,WRT,1,Central
E03179,Enterprise 03179,MFG,1,Uplands
E03180,Enterprise 03180,PRO,2,North
E03181,Enterprise 03181,TRS,1,South
E03182,Enterprise 03182,WRT,2,South
E03183,Enterprise 03183,PRO,1,South
E03184,Enterprise 03184,WRT,2,Uplands
E03185,Enterprise 03185,WRT,1,Uplands
E03186,Enterprise 03186,CON,1,Central
E03187,Enterprise 03187,MFG,2,Uplands
E03188,Enterprise 03188,WRT,1,Uplands
E03189,Enterprise 03189,TRS,1,North
E03190,Enterprise 03190,MFG,1,Central
E03191,Enterprise 03191,MFG,1,Central
E03192,Enterprise 03192,MFG,2,Central
E03193,Enterprise 03193,PRO,1,Central
E03194,Enterprise 03194,TRS,1,Coast
E03195,Enterprise 03195,TRS,1,South
E03196,Enterprise 03196,WRT,1,North
E03197,Enterprise 03197,TRS,1,Uplands
E03198,Enterprise 03198,ACC,1,South
E03199,Enterprise 03199,CON,2,Coast
E03200,Enterprise 03200,CON,2,South
