receipt_id,dispatch_id
R0009472,D0010997
R0029577,D0034382
R0011992,D0013978
R0013578,D0015866
R0033658,D0039216
R0029272,D0034035
R0007288,D0008407
R0033269,D0038752
R0012617,D0014736
R0012950,D0015132
R0006520,D0007531
R0018701,D0021736
R0017725,D0020603
R0022700,D0026368
R0033002,D0038443
R0033010,D0038452
R0015626,D0018161
R0007544,D0008696
R0014040,D0016370
R0014503,D0016893
R0026683,D0031005
R0015105,D0017568
R0020010,D0023263
R0037977,D0044487
R0023251,D0026986
R0013172,D0015394
R0026039,D0030245
R0010318,D0012007
R0032930,D0038350
R0036195,D0042426
R0037154,D0043552
R0027256,D0031679
R0004806,D0005572
R0025793,D0029948
R0009821,D0011410
R0004746,D0005504
R0003747,D0004351
R0028791,D0033476
R0003437,D0003996
R0004305,D0004991
R0035305,D0041271
R0007507,D0008653
R0035725,D0041803
R0007735,D0008923
R0003742,D0004345
R0028375,D0032991
R0018467,D0021466
R0021118,D0024567
R0017012,D0019783
R0036390,D0042662
R0027905,D0032437
R0006359,D0007346
R0004436,D0005141
R0016340,D0019006
R0006451,D0007452
R0027224,D0031643
R0000422,D0000497
R0017044,D0019818
R0035141,D0041083
R0022500,D0026151
R0014609,D0017008
R0035640,D0041688
R0013126,D0015338
R0038704,D0045324
R0012237,D0014267
R0001750,D0002040
R0015563,D0018085
R0025675,D0029810
R0032316,D0037571
R0001961,D0002287
R0004687,D0005434
R0023983,D0027842
R0021291,D0024768
R0019899,D0023125
R0038492,D0045083
R0008988,D0010415
R0032472,D0037775
R0030606,D0035539
R0013447,D0015717
R0000366,D0000435
R0015781,D0018344
R0035785,D0041873
R0029259,D0034020
R0025211,D0029284
R0026371,D0030634
R0035988,D0042159
R0035502,D0041515
R0033839,D0039476
R0003050,D0003561
R0023819,D0027645
R0023606,D0027398
R0036691,D0043023
R0007619,D0008785
R0000293,D0000351
R0025383,D0029487
R0002083,D0002438
R0038298,D0044859
R0034126,D0039845
R0008487,D0009826
R0012351,D0014406
R0017728,D0020606
R0026783,D0031132
R0003418,D0003975
R0010012,D0011635
R0021641,D0025171
R0008563,D0009911
R0017861,D0020754
R0003277,D0003820
R0039263,D0045966
R0020500,D0023845
R0006083,D0007039
R0012079,D0014080
R0031211,D0036221
R0018468,D0021467
R0017074,D0019852
R0007166,D0008269
R0002475,D0002892
R0021506,D0025020
R0012789,D0014947
R0018336,D0021313
R0017708,D0020585
R0039198,D0045893
R0009908,D0011511
R0025818,D0029980
R0030464,D0035370
R0038359,D0044932
R0015693,D0018240
R0029430,D0034214
R0018715,D0021754
R0009381,D0010891
R0019172,D0022287
R0022755,D0026432
R0008602,D0009958
R0001739,D0002027
R0021338,D0024826
R0020174,D0023464
R0015912,D0018500
R0021559,D0025083
R0007559,D0008712
R0030450,D0035354
R0006066,D0007022
R0009486,D0011013
R0015044,D0017503
R0025154,D0029218
R0001137,D0001344
R0032010,D0037183
R0009347,D0010853
R0014300,D0016668
R0024391,D0028321
R0021976,D0025550
R0030238,D0035121
R0030608,D0035542
R0013238,D0015469
R0012983,D0015167
R0011284,D0013161
R0020995,D0024436
R0004681,D0005428
R0038547,D0045147
R0016684,D0019403
R0028690,D0033361
R0004584,D0005318
R0019308,D0022452
R0033672,D0039237
R0011394,D0013290
R0026431,D0030698
R0008600,D0009956
R0005801,D0006723
R0036311,D0042576
R0032273,D0037521
R0030846,D0035814
R0005611,D0006504
R0021715,D0025254
R0015365,D0017860
R0013587,D0015879
R0012911,D0015083
R0009656,D0011221
R0025876,D0030046
R0034346,D0040122
R0018529,D0021535
R0013366,D0015618
R0019307,D0022451
R0005540,D0006417
R0026572,D0030872
R0025663,D0029798
R0015757,D0018318
R0010299,D0011985
R0029528,D0034325
R0001192,D0001404
R0004075,D0004729
R0001447,D0001692
R0012197,D0014221
R0033411,D0038914
R0019981,D0023232
R0018080,D0021004
R0025048,D0029090
R0034685,D0040557
R0032286,D0037536
R0027857,D0032380
R0037020,D0043406
R0009450,D0010973
R0005152,D0005965
R0001148,D0001356
R0028120,D0032688
R0025002,D0029034
R0012868,D0015038
R0018151,D0021093
R0030200,D0035075
R0035566,D0041597
R0035822,D0041931
R0001046,D0001238
R0000940,D0001112
R0035695,D0041756
R0019049,D0022147
R0010987,D0012803
R0038034,D0044555
R0012017,D0014008
R0023737,D0027555
R0026947,D0031327
R0012813,D0014972
R0021302,D0024780
R0019251,D0022384
R0006163,D0007124
R0009512,D0011049
R0003136,D0003660
R0022361,D0025990
R0028157,D0032730
R0028441,D0033066
R0012122,D0014128
R0008815,D0010213
R0022446,D0026090
R0016311,D0018970
R0002017,D0002357
R0033518,D0039037
R0036181,D0042406
R0037127,D0043522
R0009610,D0011167
R0005226,D0006047
R0028235,D0032821
R0008649,D0010016
R0024582,D0028559
R0005620,D0006515
R0024074,D0027945
R0008045,D0009287
R0028410,D0033029
R0008610,D0009968
R0032373,D0037647
R0008616,D0009977
R0036118,D0042330
R0003630,D0004217
R0035302,D0041267
R0037266,D0043678
R0039085,D0045761
R0002085,D0002441
R0029583,D0034388
R0001153,D0001361
R0036333,D0042598
R0009635,D0011195
R0002452,D0002865
R0032800,D0038195
R0000230,D0000274
R0016629,D0019335
R0001985,D0002318
R0002351,D0002751
R0016373,D0019045
R0037050,D0043438
R0014201,D0016554
R0019651,D0022841
R0005466,D0006331
R0032617,D0037963
R0037175,D0043579
R0036154,D0042373
R0036212,D0042450
R0026790,D0031139
R0030112,D0034979
R0009928,D0011537
R0000648,D0000761
R0028751,D0033429
R0024527,D0028493
R0009696,D0011267
R0014749,D0017166
R0027018,D0031411
R0012604,D0014721
R0020721,D0024116
R0004313,D0004999
R0008140,D0009403
R0036098,D0042306
R0009050,D0010495
R0004661,D0005406
R0015110,D0017575
R0007710,D0008894
R0028383,D0032999
R0031534,D0036598
R0037281,D0043696
R0020251,D0023559
R0034273,D0040028
R0009619,D0011177
R0012435,D0014519
R0007203,D0008310
R0002354,D0002755
R0029496,D0034290
R0036266,D0042523
R0023501,D0027281
R0001161,D0001371
R0035652,D0041704
R0038943,D0045603
R0009641,D0011203
R0016911,D0019671
R0035584,D0041615
R0032311,D0037565
R0018735,D0021775
R0016211,D0018853
R0022970,D0026669
R0016493,D0019178
R0009823,D0011414
R0015083,D0017545
R0019690,D0022884
R0010370,D0012070
R0005573,D0006457
R0004444,D0005152
R0035700,D0041762
R0020792,D0024202
R0014027,D0016353
R0010257,D0011934
R0012881,D0015053
R0030839,D0035807
R0031906,D0037039
R0003516,D0004083
R0028321,D0032927
R0009448,D0010971
R0003242,D0003781
R0015807,D0018373
R0038234,D0044785
R0027051,D0031448
R0021798,D0025346
R0011531,D0013445
R0003698,D0004296
R0006869,D0007923
R0007326,D0008448
R0020934,D0024364
R0029124,D0033868
R0005976,D0006922
R0030970,D0035950
R0030117,D0034985
R0028554,D0033204
R0032475,D0037779
R0014180,D0016530
R0012456,D0014547
R0032895,D0038307
R0010917,D0012722
R0036173,D0042398
R0003664,D0004257
R0030291,D0035180
R0035970,D0042137
R0035453,D0041455
R0026065,D0030275
R0038197,D0044745
R0023397,D0027158
R0018025,D0020942
R0031852,D0036970
R0005910,D0006846
R0015682,D0018226
R0011785,D0013727
R0032514,D0037834
R0017806,D0020695
R0026687,D0031009
R0004266,D0004949
R0021012,D0024454
R0007715,D0008900
R0012784,D0014940
R0016786,D0019527
R0003278,D0003821
R0022244,D0025860
R0032891,D0038302
R0009535,D0011076
R0004435,D0005140
R0010770,D0012544
R0039268,D0045971
R0011106,D0012954
R0018148,D0021090
R0029641,D0034456
R0035902,D0042036
R0029302,D0034074
R0014892,D0017326
R0004051,D0004701
R0000150,D0000181
R0011088,D0012928
R0037758,D0044235
R0035036,D0040965
R0015683,D0018229
R0037202,D0043609
R0003054,D0003565
R0004493,D0005212
R0036487,D0042780
R0033819,D0039450
R0006409,D0007404
R0032743,D0038124
R0024284,D0028197
R0012149,D0014160
R0012778,D0014934
R0030013,D0034869
R0031139,D0036140
R0000840,D0000997
R0000905,D0001071
R0006845,D0007898
R0001058,D0001251
R0008427,D0009757
R0017961,D0020869
R0025898,D0030073
R0007998,D0009229
R0006128,D0007085
R0031817,D0036927
R0030782,D0035740
R0026522,D0030813
R0021574,D0025101
R0034540,D0040378
R0034720,D0040601
R0029791,D0034624
R0017406,D0020239
R0025649,D0029783
R0006277,D0007256
R0011905,D0013874
R0023932,D0027777
R0021400,D0024902
R0028773,D0033454
R0038232,D0044783
R0024803,D0028808
R0024044,D0027913
R0033456,D0038968
R0011061,D0012894
R0037702,D0044170
R0029642,D0034457
R0030021,D0034877
R0015111,D0017577
R0018303,D0021274
R0013076,D0015281
R0012158,D0014170
R0024797,D0028802
R0025452,D0029565
R0021332,D0024820
R0001601,D0001872
R0013266,D0015503
R0028334,D0032940
R0029604,D0034414
R0003487,D0004051
R0010153,D0011806
R0005101,D0005909
R0024862,D0028879
R0022853,D0026541
R0021015,D0024457
R0028193,D0032773
R0012358,D0014413
R0012626,D0014746
R0005035,D0005828
R0026435,D0030703
R0019605,D0022790
R0027969,D0032506
R0016668,D0019384
R0030036,D0034894
R0021601,D0025131
R0014566,D0016963
R0039252,D0045950
R0032575,D0037909
R0011777,D0013717
R0030785,D0035743
R0033006,D0038447
R0009443,D0010964
R0034603,D0040456
R0005184,D0006000
R0008667,D0010036
R0026700,D0031025
R0027351,D0031788
R0009159,D0010628
R0003363,D0003913
R0020314,D0023633
R0035751,D0041833
R0025271,D0029356
R0030279,D0035167
R0026119,D0030345
R0034363,D0040142
R0024283,D0028196
R0031369,D0036408
R0031044,D0036033
R0003364,D0003915
R0028457,D0033089
R0015331,D0017821
R0031316,D0036346
R0033406,D0038909
R0002257,D0002641
R0028467,D0033099
R0035761,D0041846
R0005116,D0005924
R0006848,D0007901
R0023344,D0027095
R0029393,D0034172
R0007556,D0008709
R0013177,D0015399
R0006136,D0007095
R0002003,D0002339
R0016702,D0019426
R0005216,D0006035
R0033696,D0039276
R0001830,D0002142
R0039192,D0045885
R0011970,D0013951
R0009620,D0011178
R0014495,D0016885
R0003511,D0004076
R0001466,D0001712
R0010388,D0012092
R0031769,D0036868
R0037855,D0044344
R0027331,D0031764
R0034887,D0040799
R0029780,D0034612
R0019827,D0023043
R0032798,D0038193
R0019203,D0022326
R0027786,D0032291
R0036596,D0042912
R0006410,D0007406
R0026373,D0030637
R0022207,D0025811
R0009379,D0010889
R0025952,D0030143
R0012885,D0015057
R0034817,D0040713
R0014074,D0016414
R0020254,D0023563
R0004439,D0005144
R0031012,D0035998
R0000047,D0000056
R0010050,D0011679
R0008191,D0009467
R0011858,D0013805
R0038485,D0045076
R0004306,D0004992
R0018565,D0021573
R0016610,D0019315
R0024655,D0028641
R0009020,D0010452
R0020674,D0024059
R0030596,D0035529
R0020166,D0023451
R0011252,D0013121
R0038033,D0044554
R0034261,D0040014
R0000002,D0000003
R0023479,D0027255
R0010601,D0012339
R0011250,D0013119
R0037694,D0044160
R0034553,D0040393
R0024274,D0028185
R0037600,D0044052
R0019678,D0022872
R0004110,D0004767
R0027749,D0032246
R0006102,D0007059
R0016889,D0019645
R0010527,D0012253
R0010143,D0011795
R0020178,D0023470
R0030123,D0034992
R0000582,D0000687
R0030088,D0034953
R0026139,D0030368
R0012061,D0014060
R0038931,D0045589
R0011391,D0013283
R0014194,D0016546
R0029474,D0034262
R0020267,D0023583
R0014035,D0016361
R0027647,D0032128
R0033583,D0039109
R0039060,D0045733
R0026901,D0031269
R0019179,D0022295
R0018501,D0021504
R0034246,D0039998
R0004622,D0005365
R0017503,D0020350
R0011822,D0013764
R0009832,D0011423
R0016216,D0018861
R0024255,D0028165
R0035740,D0041821
R0018921,D0021986
R0036287,D0042548
R0013326,D0015574
R0038885,D0045536
R0036224,D0042468
R0036129,D0042345
R0031224,D0036236
R0027613,D0032088
R0028415,D0033034
R0004917,D0005697
R0038825,D0045467
R0037793,D0044276
R0037134,D0043531
R0010677,D0012429
R0025360,D0029461
R0006160,D0007121
R0035489,D0041499
R0007002,D0008073
R0017599,D0020461
R0015304,D0017788
R0026838,D0031199
R0010703,D0012461
R0029826,D0034661
R0034216,D0039962
R0010259,D0011936
R0029175,D0033926
R0013631,D0015925
R0025909,D0030087
R0026012,D0030215
R0023927,D0027771
R0002267,D0002656
R0001188,D0001400
R0002770,D0003236
R0005610,D0006503
R0037105,D0043499
R0005378,D0006224
R0019807,D0023016
R0034033,D0039725
R0007995,D0009226
R0005646,D0006546
R0027841,D0032362
R0025648,D0029782
R0019370,D0022522
R0035007,D0040936
R0039165,D0045853
R0023946,D0027796
R0035810,D0041910
R0013556,D0015839
R0019585,D0022762
R0011833,D0013778
R0003817,D0004427
R0034045,D0039737
R0012343,D0014398
R0009979,D0011597
R0013684,D0015985
R0012095,D0014099
R0027863,D0032386
R0011912,D0013882
R0014546,D0016939
R0022254,D0025871
R0026630,D0030945
R0006030,D0006980
R0015459,D0017966
R0011891,D0013855
R0018609,D0021622
R0002774,D0003240
R0031611,D0036682
R0030633,D0035570
R0030910,D0035884
R0023457,D0027225
R0035433,D0041424
R0007665,D0008845
R0023652,D0027453
R0009708,D0011281
R0039244,D0045942
R0002926,D0003417
R0019291,D0022434
R0016238,D0018887
R0032064,D0037256
R0015919,D0018510
R0031702,D0036782
R0011914,D0013884
R0002214,D0002594
R0003848,D0004461
R0037739,D0044212
R0033443,D0038953
R0008803,D0010196
R0031177,D0036185
R0014138,D0016483
R0009398,D0010913
R0025319,D0029414
R0025230,D0029306
R0029427,D0034209
R0009247,D0010738
R0004610,D0005352
R0023265,D0027003
R0026412,D0030678
R0028982,D0033700
R0012940,D0015121
R0005407,D0006258
R0014504,D0016894
R0005257,D0006083
R0038760,D0045392
R0033152,D0038613
R0031184,D0036193
R0028562,D0033212
R0032719,D0038097
R0035792,D0041883
R0004279,D0004963
R0026448,D0030719
R0030076,D0034939
R0011737,D0013674
R0008571,D0009920
R0022624,D0026286
R0035069,D0041002
R0006477,D0007482
R0022037,D0025616
R0032509,D0037827
R0024419,D0028354
R0012000,D0013990
R0001829,D0002141
R0016155,D0018790
R0025810,D0029971
R0032461,D0037758
R0031834,D0036947
R0036707,D0043039
R0026062,D0030270
R0000946,D0001121
R0010472,D0012190
R0019119,D0022224
R0008963,D0010385
R0003266,D0003809
R0035921,D0042067
R0000290,D0000347
R0037017,D0043403
R0001489,D0001742
R0034236,D0039985
R0018111,D0021040
R0030642,D0035580
R0002467,D0002882
R0031082,D0036076
R0035864,D0041989
R0000214,D0000252
R0008648,D0010015
R0026472,D0030748
R0013254,D0015489
R0026155,D0030388
R0002506,D0002933
R0023400,D0027162
R0023455,D0027223
R0008682,D0010053
R0003035,D0003544
R0009485,D0011012
R0007128,D0008224
R0039157,D0045841
R0034263,D0040016
R0023194,D0026927
R0026397,D0030663
R0028411,D0033030
R0014425,D0016803
R0009947,D0011560
R0036541,D0042843
R0010655,D0012406
R0036264,D0042520
R0036531,D0042832
R0037749,D0044224
R0008183,D0009455
R0036485,D0042778
R0022605,D0026266
R0016922,D0019682
R0002407,D0002815
R0025062,D0029105
R0036276,D0042537
R0028461,D0033093
R0031882,D0037005
R0028072,D0032629
R0019407,D0022562
R0001214,D0001426
R0032280,D0037529
R0010695,D0012450
R0024880,D0028899
R0002991,D0003490
R0018516,D0021521
R0021619,D0025149
R0023396,D0027157
R0010106,D0011753
R0020694,D0024082
R0022841,D0026529
R0033549,D0039069
R0026020,D0030223
R0029371,D0034148
R0016329,D0018993
R0020228,D0023531
R0018276,D0021238
R0034315,D0040082
R0011246,D0013114
R0001959,D0002285
R0000442,D0000519
R0002784,D0003251
R0035232,D0041187
R0001963,D0002289
R0009010,D0010440
R0010889,D0012686
R0037854,D0044343
R0014552,D0016946
R0033544,D0039064
R0013167,D0015387
R0002978,D0003477
R0025458,D0029571
R0035954,D0042116
R0026089,D0030307
R0006943,D0008009
R0031301,D0036328
R0007048,D0008128
R0039182,D0045873
R0037241,D0043652
R0031898,D0037028
R0004355,D0005046
R0028366,D0032981
R0005391,D0006237
R0018460,D0021458
R0023311,D0027057
R0029022,D0033749
R0021370,D0024864
R0010753,D0012522
R0007049,D0008129
R0019381,D0022535
R0039158,D0045843
R0035204,D0041155
R0006857,D0007910
R0003007,D0003511
R0023364,D0027119
R0007617,D0008783
R0020736,D0024134
R0023786,D0027609
R0031833,D0036946
R0013671,D0015970
R0013877,D0016191
R0026251,D0030499
R0028623,D0033285
R0018589,D0021599
R0009658,D0011223
R0000482,D0000570
R0037393,D0043820
R0035935,D0042087
R0021566,D0025090
R0006599,D0007617
R0016162,D0018797
R0023026,D0026732
R0021359,D0024850
R0026470,D0030744
R0036676,D0043008
R0013741,D0016045
R0002092,D0002448
R0037205,D0043612
R0011139,D0012997
R0028484,D0033122
R0013067,D0015267
R0028942,D0033652
R0019243,D0022373
R0035256,D0041213
R0029461,D0034248
R0008842,D0010251
R0000841,D0000998
R0019681,D0022875
R0009683,D0011250
R0002644,D0003088
R0011212,D0013079
R0009681,D0011248
R0036824,D0043183
R0005793,D0006715
R0035825,D0041934
R0036301,D0042566
R0006726,D0007762
R0033448,D0038958
R0025603,D0029735
R0014216,D0016571
R0012908,D0015080
R0000165,D0000199
R0001099,D0001300
R0038193,D0044740
R0007372,D0008497
R0011921,D0013894
R0004989,D0005774
R0031101,D0036098
R0013825,D0016138
R0032721,D0038099
R0014263,D0016629
R0015002,D0017451
R0034732,D0040615
R0023785,D0027607
R0014788,D0017209
R0005613,D0006507
R0036315,D0042580
R0017950,D0020858
R0030433,D0035334
R0036827,D0043186
R0005495,D0006366
R0002285,D0002678
R0017185,D0019980
R0029710,D0034537
R0025049,D0029091
R0004666,D0005412
R0033526,D0039045
R0032459,D0037756
R0004194,D0004862
R0008157,D0009424
R0021191,D0024652
R0007799,D0008995
R0006926,D0007990
R0026899,D0031265
R0010846,D0012636
R0035001,D0040929
R0032873,D0038283
R0004759,D0005520
R0026537,D0030831
R0017494,D0020341
R0018482,D0021483
R0024214,D0028114
R0035230,D0041184
R0027805,D0032312
R0018429,D0021418
R0038117,D0044653
R0004676,D0005423
R0030139,D0035010
R0036428,D0042716
R0031855,D0036973
R0037525,D0043969
R0035666,D0041721
R0009693,D0011262
R0004684,D0005431
R0035440,D0041437
R0023996,D0027856
R0008376,D0009684
R0002435,D0002846
R0006554,D0007567
R0013967,D0016289
R0027109,D0031514
R0009265,D0010757
R0037816,D0044302
R0016426,D0019105
R0033464,D0038976
R0032600,D0037940
R0014779,D0017200
R0024393,D0028323
R0018319,D0021292
R0000437,D0000514
R0025972,D0030169
R0037147,D0043545
R0023677,D0027481
R0012625,D0014745
R0036425,D0042710
R0002702,D0003160
R0014311,D0016680
R0023821,D0027647
R0014195,D0016547
R0034862,D0040770
R0021925,D0025493
R0022468,D0026115
R0037709,D0044178
R0019652,D0022842
R0018873,D0021929
R0006882,D0007938
R0008661,D0010029
R0001457,D0001702
R0036708,D0043040
R0035049,D0040980
R0033247,D0038725
R0014033,D0016359
R0036245,D0042493
R0008045,D0009286
R0008392,D0009709
R0022833,D0026521
R0031756,D0036851
R0000705,D0000836
R0027937,D0032470
R0016679,D0019395
R0006733,D0007770
R0004535,D0005259
R0006764,D0007804
R0010799,D0012580
R0031885,D0037009
R0006116,D0007073
R0018671,D0021699
R0035980,D0042150
R0004835,D0005603
R0031286,D0036312
R0008886,D0010300
R0022038,D0025618
R0015056,D0017517
R0011983,D0013967
R0005073,D0005874
R0010262,D0011939
R0024305,D0028218
R0038477,D0045066
R0036496,D0042792
R0023846,D0027674
R0021973,D0025546
R0016269,D0018923
R0015473,D0017981
R0016243,D0018892
R0033672,D0039236
R0012223,D0014253
R0027822,D0032337
R0036316,D0042581
R0001423,D0001663
R0010914,D0012717
R0012750,D0014902
R0003761,D0004366
R0016829,D0019578
R0021644,D0025174
R0007087,D0008170
R0027931,D0032464
R0019143,D0022254
R0034089,D0039791
R0031804,D0036914
R0031171,D0036179
R0001117,D0001319
R0003982,D0004618
R0023567,D0027358
R0032491,D0037800
R0012031,D0014023
R0021719,D0025258
R0024741,D0028742
R0010768,D0012540
R0014101,D0016443
R0019258,D0022392
R0013102,D0015311
R0022953,D0026648
R0023928,D0027772
R0023715,D0027526
R0021811,D0025359
R0012633,D0014758
R0006974,D0008041
R0030914,D0035888
R0004506,D0005227
R0015818,D0018384
R0019516,D0022687
R0008170,D0009438
R0001627,D0001902
R0027893,D0032423
R0031179,D0036187
R0035794,D0041886
R0007821,D0009020
R0026289,D0030539
R0005754,D0006672
R0016966,D0019732
R0027724,D0032213
R0031266,D0036289
R0036846,D0043210
R0016654,D0019365
R0017651,D0020518
R0028157,D0032731
R0026459,D0030733
R0032818,D0038219
R0021554,D0025078
R0024014,D0027878
R0019532,D0022704
R0006737,D0007774
R0011289,D0013167
R0034514,D0040344
R0026035,D0030240
R0013769,D0016078
R0005331,D0006169
R0038315,D0044876
R0007036,D0008115
R0035149,D0041091
R0022925,D0026619
R0024068,D0027938
R0010220,D0011889
R0001360,D0001590
R0036318,D0042583
R0034030,D0039721
R0012742,D0014889
R0021159,D0024617
R0030497,D0035414
R0027978,D0032517
R0006482,D0007488
R0003294,D0003839
R0009789,D0011368
R0026321,D0030579
R0036125,D0042341
R0013211,D0015434
R0027795,D0032302
R0017103,D0019884
R0003066,D0003577
R0026983,D0031370
R0021675,D0025210
R0005875,D0006806
R0021006,D0024448
R0012166,D0014179
R0010993,D0012810
R0001757,D0002047
R0014619,D0017019
R0012790,D0014948
R0024973,D0029002
R0000804,D0000957
R0023226,D0026959
R0013554,D0015837
R0008542,D0009889
R0012004,D0013994
R0019921,D0023154
R0031287,D0036313
R0018280,D0021243
R0021285,D0024761
R0035190,D0041141
R0020833,D0024250
R0031897,D0037024
R0019858,D0023079
R0007037,D0008116
R0024545,D0028515
R0019241,D0022371
R0031452,D0036504
R0017427,D0020262
R0029917,D0034763
R0005311,D0006145
R0032645,D0038003
R0024193,D0028088
R0032650,D0038009
R0016117,D0018743
R0038927,D0045585
R0033275,D0038758
R0016552,D0019245
R0025071,D0029116
R0018568,D0021576
R0004228,D0004901
R0032962,D0038394
R0010595,D0012331
R0025782,D0029937
R0004452,D0005164
R0014450,D0016834
R0004365,D0005057
R0015313,D0017800
R0013156,D0015372
R0005008,D0005794
R0005335,D0006173
R0006804,D0007851
R0010916,D0012720
R0026658,D0030977
R0022811,D0026497
R0037496,D0043934
R0007157,D0008259
R0016156,D0018791
R0020214,D0023515
R0001688,D0001967
R0033291,D0038777
R0021249,D0024720
R0032017,D0037192
R0007663,D0008843
R0023749,D0027568
R0035280,D0041240
R0001334,D0001564
R0036875,D0043242
R0025478,D0029594
R0024897,D0028919
R0005669,D0006571
R0014140,D0016485
R0008412,D0009740
R0025460,D0029573
R0008387,D0009702
R0015452,D0017956
R0013571,D0015857
R0029992,D0034845
R0026936,D0031316
R0035150,D0041092
R0015545,D0018062
R0031931,D0037076
R0020467,D0023803
R0000996,D0001180
R0004596,D0005334
R0005830,D0006756
R0014985,D0017432
R0015354,D0017846
R0013508,D0015786
R0029797,D0034630
R0037593,D0044045
R0019101,D0022202
R0002554,D0002986
R0002868,D0003349
R0011849,D0013794
R0018245,D0021198
R0031346,D0036384
R0007534,D0008685
R0004321,D0005008
R0014817,D0017243
R0017189,D0019985
R0033536,D0039056
R0006546,D0007559
R0014535,D0016927
R0010132,D0011783
R0033060,D0038507
R0001284,D0001509
R0013158,D0015374
R0004945,D0005727
R0011769,D0013709
R0030045,D0034904
R0028717,D0033391
R0031859,D0036977
R0018551,D0021558
R0021702,D0025241
R0014369,D0016742
R0022087,D0025678
R0026737,D0031074
R0019972,D0023222
R0022632,D0026294
R0032090,D0037286
R0031230,D0036243
R0014127,D0016471
R0016794,D0019536
R0021269,D0024744
R0013394,D0015650
R0005510,D0006383
R0037504,D0043943
R0035163,D0041110
R0015383,D0017882
R0025246,D0029324
R0027061,D0031459
R0036210,D0042446
R0020020,D0023276
R0017906,D0020806
R0020835,D0024252
R0017899,D0020797
R0000465,D0000548
R0000509,D0000598
R0022002,D0025578
R0013284,D0015522
R0030862,D0035834
R0024568,D0028541
R0014511,D0016901
R0024575,D0028550
R0020055,D0023323
R0006250,D0007226
R0038069,D0044596
R0021828,D0025377
R0001592,D0001859
R0022589,D0026249
R0000025,D0000031
R0002588,D0003025
R0004348,D0005039
R0032711,D0038085
R0010908,D0012710
R0002583,D0003019
R0003751,D0004356
R0024964,D0028993
R0036383,D0042653
R0027956,D0032493
R0001024,D0001211
R0021113,D0024562
R0015155,D0017626
R0004842,D0005611
R0020756,D0024157
R0030111,D0034978
R0000395,D0000467
R0036067,D0042267
R0025611,D0029743
R0010898,D0012698
R0027357,D0031795
R0008680,D0010051
R0018208,D0021158
R0010410,D0012118
R0037680,D0044144
R0020507,D0023852
R0019679,D0022873
R0009221,D0010707
R0006123,D0007080
R0030736,D0035688
R0033557,D0039077
R0015845,D0018417
R0001519,D0001774
R0008622,D0009983
R0019867,D0023091
R0027939,D0032472
R0015093,D0017555
R0030760,D0035716
R0031415,D0036459
R0029298,D0034069
R0002266,D0002655
R0027835,D0032354
R0039133,D0045815
R0036005,D0042183
R0037085,D0043476
R0021912,D0025477
R0031088,D0036082
R0001139,D0001346
R0007242,D0008351
R0009068,D0010516
R0016658,D0019371
R0019134,D0022245
R0004224,D0004897
R0010392,D0012097
R0034696,D0040571
R0002057,D0002404
R0025152,D0029216
R0020022,D0023280
R0039186,D0045878
R0006203,D0007171
R0003614,D0004200
R0003215,D0003751
R0015731,D0018285
R0037330,D0043751
R0001574,D0001839
R0015210,D0017686
R0031942,D0037090
R0020558,D0023911
R0000169,D0000204
R0037365,D0043788
R0033923,D0039592
R0031418,D0036462
R0034707,D0040584
R0038897,D0045550
R0036668,D0043000
R0037652,D0044114
R0022340,D0025967
R0034148,D0039878
R0033576,D0039100
R0033652,D0039209
R0026755,D0031094
R0035469,D0041473
R0001796,D0002100
R0026625,D0030937
R0018544,D0021550
R0014824,D0017250
R0018483,D0021484
R0037318,D0043738
R0033359,D0038854
R0018207,D0021157
R0000140,D0000171
R0013302,D0015546
R0024558,D0028530
R0015901,D0018488
R0035311,D0041278
R0006043,D0006996
R0026453,D0030727
R0019258,D0022393
R0000626,D0000738
R0031100,D0036097
R0021074,D0024519
R0036117,D0042329
R0014534,D0016926
R0027877,D0032403
R0035197,D0041148
R0000207,D0000245
R0034185,D0039923
R0030872,D0035844
R0023921,D0027761
R0007302,D0008423
R0003072,D0003587
R0002232,D0002614
R0015374,D0017871
R0026165,D0030400
R0039233,D0045929
R0037317,D0043737
R0003398,D0003954
R0000974,D0001152
R0004188,D0004855
R0031949,D0037103
R0033820,D0039453
R0027627,D0032104
R0016895,D0019651
R0007469,D0008611
R0032016,D0037191
R0017002,D0019773
R0007167,D0008270
R0032364,D0037633
R0003381,D0003936
R0009123,D0010587
R0002363,D0002764
R0029850,D0034689
R0007726,D0008914
R0011916,D0013887
R0035290,D0041254
R0007473,D0008615
R0009834,D0011428
R0020766,D0024168
R0008514,D0009857
R0016087,D0018705
R0031199,D0036209
R0010628,D0012373
R0006278,D0007257
R0017151,D0019942
R0030915,D0035889
R0033761,D0039370
R0036654,D0042986
R0011536,D0013450
R0018940,D0022009
R0035533,D0041552
R0010483,D0012203
R0018416,D0021403
R0014669,D0017073
R0027798,D0032305
R0015004,D0017454
R0021414,D0024916
R0003842,D0004454
R0000367,D0000436
R0036242,D0042488
R0017610,D0020472
R0016442,D0019123
R0006076,D0007032
R0037853,D0044342
R0005991,D0006938
R0020518,D0023865
R0029523,D0034319
R0025291,D0029384
R0039004,D0045674
R0010087,D0011726
R0026853,D0031216
R0002653,D0003099
R0001177,D0001388
R0038988,D0045656
R0030667,D0035608
R0010268,D0011947
R0008388,D0009704
R0025661,D0029796
R0019174,D0022289
R0006266,D0007243
R0019391,D0022545
R0006291,D0007273
R0038236,D0044787
R0032951,D0038379
R0018957,D0022028
R0007432,D0008565
R0034954,D0040873
R0030612,D0035546
R0035218,D0041171
R0025019,D0029054
R0032113,D0037311
R0004329,D0005017
R0034079,D0039779
R0035506,D0041519
R0015654,D0018194
R0034601,D0040453
R0028280,D0032876
R0026742,D0031079
R0022759,D0026439
R0005024,D0005814
R0008468,D0009803
R0023563,D0027354
R0016380,D0019054
R0004093,D0004749
R0002940,D0003434
R0032720,D0038098
R0002694,D0003150
R0011741,D0013679
R0024367,D0028293
R0032753,D0038134
R0031264,D0036287
R0020107,D0023382
R0003799,D0004408
R0005135,D0005948
R0035118,D0041059
R0038809,D0045450
R0003502,D0004066
R0030305,D0035195
R0002516,D0002943
R0036885,D0043252
R0011680,D0013612
R0014287,D0016655
R0004564,D0005294
R0015486,D0017998
R0016947,D0019710
R0004524,D0005247
R0029362,D0034139
R0038463,D0045050
R0021314,D0024796
R0005459,D0006322
R0036314,D0042579
R0014166,D0016514
R0021573,D0025097
R0011617,D0013537
R0036775,D0043116
R0033726,D0039318
R0030476,D0035387
R0027612,D0032087
R0009323,D0010825
R0006029,D0006979
R0037366,D0043789
R0007595,D0008759
R0030768,D0035726
R0010171,D0011828
R0022307,D0025930
R0022265,D0025884
R0002726,D0003186
R0002724,D0003183
R0031639,D0036712
R0015466,D0017973
R0007857,D0009061
R0032621,D0037970
R0001439,D0001683
R0016898,D0019655
R0001131,D0001337
R0033852,D0039498
R0009915,D0011522
R0011157,D0013018
R0000075,D0000092
R0016970,D0019736
R0020565,D0023919
R0016774,D0019515
R0021077,D0024522
R0002835,D0003311
R0010502,D0012224
R0037501,D0043940
R0014507,D0016897
R0000758,D0000898
R0007016,D0008090
R0010981,D0012795
R0022144,D0025744
R0027198,D0031615
R0002291,D0002684
R0015257,D0017737
R0031353,D0036392
R0011055,D0012887
R0026978,D0031364
R0037611,D0044067
R0015397,D0017897
R0034633,D0040496
R0017403,D0020236
R0020973,D0024406
R0005241,D0006065
R0023425,D0027190
R0007946,D0009170
R0021198,D0024660
R0032344,D0037606
R0034848,D0040751
R0007968,D0009195
R0039276,D0045980
R0039026,D0045698
R0009439,D0010959
R0020760,D0024162
R0001228,D0001443
R0014574,D0016971
R0022928,D0026622
R0031929,D0037073
R0030156,D0035027
R0007972,D0009199
R0021157,D0024615
R0028278,D0032874
R0012956,D0015139
R0009264,D0010755
R0017350,D0020173
R0007221,D0008329
R0020353,D0023675
R0035058,D0040990
R0002473,D0002888
R0000759,D0000899
R0014740,D0017157
R0026909,D0031279
R0004035,D0004681
R0038557,D0045157
R0034356,D0040133
R0014591,D0016989
R0008363,D0009671
R0034272,D0040026
R0010296,D0011982
R0023219,D0026952
R0005657,D0006557
R0015265,D0017746
R0038039,D0044560
R0025785,D0029940
R0012822,D0014984
R0015961,D0018555
R0031174,D0036182
R0020376,D0023701
R0011932,D0013907
R0016308,D0018966
R0010428,D0012138
R0023588,D0027380
R0017764,D0020647
R0020255,D0023564
R0022799,D0026483
R0004882,D0005660
R0021987,D0025563
R0016215,D0018860
R0019341,D0022488
R0024873,D0028890
R0027708,D0032197
R0007438,D0008573
R0027575,D0032043
R0036533,D0042834
R0024172,D0028060
R0029982,D0034833
R0000782,D0000929
R0027420,D0031866
R0020150,D0023434
R0013563,D0015848
R0007412,D0008542
R0029030,D0033758
R0022667,D0026330
R0016207,D0018849
R0008915,D0010331
R0018293,D0021260
R0023095,D0026813
R0008776,D0010167
R0006334,D0007319
R0000620,D0000731
R0024764,D0028766
R0007185,D0008290
R0029222,D0033982
R0022378,D0026013
R0019625,D0022814
R0022206,D0025810
R0015916,D0018507
R0033959,D0039637
R0010174,D0011831
R0034529,D0040366
R0023093,D0026810
R0008206,D0009486
R0019221,D0022348
R0018334,D0021311
R0006105,D0007062
R0002668,D0003119
R0014734,D0017151
R0005722,D0006634
R0033035,D0038478
R0011347,D0013232
R0013871,D0016185
R0000022,D0000026
R0031986,D0037150
R0033543,D0039063
R0028301,D0032903
R0005411,D0006264
R0028195,D0032775
R0016728,D0019457
R0028394,D0033011
R0014338,D0016709
R0007081,D0008164
R0015668,D0018210
R0018205,D0021155
R0036848,D0043212
R0010006,D0011629
R0000306,D0000366
R0026479,D0030757
R0038123,D0044661
R0027626,D0032103
R0031271,D0036294
R0033660,D0039218
R0029443,D0034228
R0031508,D0036569
R0004071,D0004724
R0000566,D0000671
R0029307,D0034080
R0027281,D0031707
R0035893,D0042025
R0033802,D0039424
R0018010,D0020920
R0004932,D0005713
R0015196,D0017669
R0017451,D0020288
R0029610,D0034420
R0018895,D0021955
R0033154,D0038615
R0037045,D0043432
R0008499,D0009842
R0009442,D0010963
R0033823,D0039456
R0025596,D0029728
R0026876,D0031240
R0012323,D0014374
R0024473,D0028425
R0017788,D0020673
R0003114,D0003635
R0037748,D0044223
R0015277,D0017761
R0023638,D0027437
R0034754,D0040642
R0005649,D0006549
R0001973,D0002301
R0009939,D0011550
R0003432,D0003991
R0029937,D0034786
R0036460,D0042752
R0019607,D0022792
R0000187,D0000224
R0029447,D0034232
R0012213,D0014240
R0022725,D0026397
R0013478,D0015751
R0033834,D0039470
R0034161,D0039895
R0015544,D0018061
R0027468,D0031921
R0015597,D0018126
R0034571,D0040416
R0023622,D0027418
R0002336,D0002734
R0024505,D0028469
R0007064,D0008145
R0010033,D0011659
R0024719,D0028717
R0019207,D0022330
R0031727,D0036810
R0023951,D0027802
R0007553,D0008706
R0032976,D0038411
R0028480,D0033116
R0023939,D0027786
R0024205,D0028104
R0035124,D0041065
R0018630,D0021647
R0036360,D0042626
R0013009,D0015197
R0015400,D0017900
R0015931,D0018525
R0031161,D0036167
R0030181,D0035055
R0032131,D0037329
R0019295,D0022438
R0002212,D0002592
R0038990,D0045658
R0017360,D0020184
R0016171,D0018808
R0018436,D0021426
R0017138,D0019928
R0003083,D0003598
R0034626,D0040484
R0009316,D0010815
R0039129,D0045809
R0009784,D0011363
R0031222,D0036234
R0019461,D0022621
R0034054,D0039750
R0014215,D0016570
R0012360,D0014415
R0038970,D0045632
R0025107,D0029160
R0026542,D0030836
R0032203,D0037426
R0000521,D0000614
R0032008,D0037179
R0011810,D0013752
R0010720,D0012480
R0010960,D0012768
R0002595,D0003032
R0013566,D0015851
R0008816,D0010214
R0003749,D0004354
R0006034,D0006984
R0024738,D0028739
R0009382,D0010892
R0007446,D0008583
R0019232,D0022362
R0031682,D0036761
R0028615,D0033276
R0030160,D0035031
R0016989,D0019760
R0019273,D0022413
R0027631,D0032109
R0022936,D0026630
R0017937,D0020841
R0035654,D0041706
R0032797,D0038191
R0015173,D0017646
R0021250,D0024721
R0018409,D0021394
R0012059,D0014058
R0023303,D0027047
R0022743,D0026418
R0006542,D0007555
R0001006,D0001190
R0015316,D0017803
R0000099,D0000121
R0013305,D0015549
R0027813,D0032322
R0031351,D0036390
R0023758,D0027580
R0019784,D0022991
R0006734,D0007771
R0027933,D0032466
R0033387,D0038888
R0032320,D0037579
R0023090,D0026806
R0000011,D0000012
R0036049,D0042247
R0010957,D0012765
R0019581,D0022757
R0002556,D0002988
R0000037,D0000044
R0021929,D0025498
R0033766,D0039376
R0004715,D0005467
R0033945,D0039619
R0033075,D0038523
R0003350,D0003900
R0009964,D0011582
R0018002,D0020912
R0023154,D0026884
R0008320,D0009621
R0013629,D0015923
R0022407,D0026048
R0033689,D0039266
R0031588,D0036658
R0011393,D0013288
R0020039,D0023306
R0001499,D0001752
R0025795,D0029951
R0032452,D0037747
R0010051,D0011680
R0003305,D0003851
R0037895,D0044390
R0005713,D0006622
R0011024,D0012849
R0036611,D0042930
R0035670,D0041726
R0037717,D0044186
R0003856,D0004470
R0007678,D0008858
R0005348,D0006189
R0013087,D0015293
R0000732,D0000869
R0012167,D0014180
R0037332,D0043753
R0011592,D0013511
R0026551,D0030846
R0028249,D0032839
R0030130,D0035000
R0039022,D0045694
R0026106,D0030327
R0011745,D0013683
R0036456,D0042747
R0028087,D0032646
R0032683,D0038050
R0027794,D0032301
R0033042,D0038487
R0029069,D0033806
R0019106,D0022207
R0019673,D0022864
R0002891,D0003376
R0022476,D0026124
R0017686,D0020560
R0032129,D0037327
R0007392,D0008520
R0014217,D0016572
R0027645,D0032125
R0026171,D0030407
R0019744,D0022947
R0038745,D0045374
R0027996,D0032536
R0012138,D0014147
R0019000,D0022084
R0024783,D0028786
R0030271,D0035157
R0032616,D0037962
R0031667,D0036742
R0006243,D0007219
R0031858,D0036976
R0009924,D0011533
R0007207,D0008314
R0035817,D0041922
R0016878,D0019631
R0033517,D0039036
R0001945,D0002270
R0037961,D0044467
R0011482,D0013389
R0030820,D0035785
R0037641,D0044102
R0018364,D0021342
R0002032,D0002373
R0031560,D0036625
R0004417,D0005117
R0004361,D0005053
R0001291,D0001516
R0019934,D0023169
R0022918,D0026611
R0025806,D0029966
R0009192,D0010669
R0002432,D0002843
R0011005,D0012825
R0023936,D0027783
R0027246,D0031667
R0023789,D0027613
R0035393,D0041378
R0018369,D0021347
R0022196,D0025799
R0001603,D0001876
R0030655,D0035596
R0008293,D0009590
R0020696,D0024084
R0031968,D0037126
R0013241,D0015472
R0036687,D0043019
R0005211,D0006030
R0022528,D0026181
R0010675,D0012427
R0029983,D0034834
R0036294,D0042556
R0018613,D0021628
R0004598,D0005336
R0032145,D0037347
R0006312,D0007296
R0022867,D0026555
R0005707,D0006616
R0022474,D0026122
R0024102,D0027978
R0012142,D0014151
R0032831,D0038236
R0028755,D0033434
R0021855,D0025406
R0032205,D0037428
R0009525,D0011065
R0015775,D0018336
R0007584,D0008746
R0026223,D0030467
R0030583,D0035514
R0017393,D0020222
R0029471,D0034259
R0017739,D0020618
R0024264,D0028175
R0038086,D0044617
R0007949,D0009173
R0029316,D0034089
R0025042,D0029083
R0015588,D0018117
R0033437,D0038946
R0011720,D0013655
R0036110,D0042320
R0026177,D0030413
R0032099,D0037296
R0014736,D0017153
R0024420,D0028357
R0004164,D0004828
R0033038,D0038481
R0006902,D0007963
R0004830,D0005598
R0035833,D0041946
R0030163,D0035035
R0016256,D0018906
R0004644,D0005389
R0031029,D0036017
R0018425,D0021414
R0037034,D0043421
R0030319,D0035209
R0008583,D0009934
R0002743,D0003204
R0020440,D0023770
R0021512,D0025028
R0018557,D0021564
R0000605,D0000714
R0011062,D0012895
R0021387,D0024885
R0004974,D0005757
R0037915,D0044414
R0023604,D0027396
R0016986,D0019755
R0005306,D0006139
R0020688,D0024076
R0021346,D0024836
R0025797,D0029954
R0005126,D0005938
R0020124,D0023403
R0009788,D0011367
R0022741,D0026416
R0002598,D0003036
R0038486,D0045077
R0011711,D0013646
R0029032,D0033760
R0019420,D0022575
R0001705,D0001987
R0032829,D0038233
R0034550,D0040389
R0025696,D0029835
R0013340,D0015589
R0004582,D0005314
R0010552,D0012279
R0001251,D0001474
R0027197,D0031614
R0021732,D0025273
R0034890,D0040802
R0027599,D0032070
R0011026,D0012851
R0009511,D0011048
R0006461,D0007464
R0017534,D0020384
R0000005,D0000006
R0023191,D0026923
R0022532,D0026186
R0027231,D0031651
R0037165,D0043568
R0005776,D0006696
R0016378,D0019052
R0031917,D0037054
R0018308,D0021279
R0019885,D0023110
R0024255,D0028164
R0033793,D0039414
R0018082,D0021007
R0022651,D0026313
R0037912,D0044411
R0031153,D0036155
R0019768,D0022973
R0001509,D0001763
R0009025,D0010457
R0002255,D0002639
R0005456,D0006317
R0009744,D0011321
R0030486,D0035398
R0016731,D0019460
R0012085,D0014088
R0010995,D0012812
R0028229,D0032815
R0006785,D0007829
R0024947,D0028972
R0014432,D0016812
R0025976,D0030174
R0019280,D0022423
R0025813,D0029974
R0039160,D0045846
R0036989,D0043372
R0025168,D0029235
R0000904,D0001070
R0019189,D0022308
R0003447,D0004007
R0010881,D0012677
R0003594,D0004176
R0039028,D0045700
R0007021,D0008095
R0011398,D0013297
R0023256,D0026994
R0019845,D0023064
R0021582,D0025110
R0038700,D0045319
R0025100,D0029153
R0006144,D0007104
R0011478,D0013385
R0022748,D0026423
R0014696,D0017103
R0033457,D0038969
R0021193,D0024654
R0014119,D0016463
R0013643,D0015937
R0025685,D0029820
R0034162,D0039896
R0011540,D0013454
R0008681,D0010052
R0011292,D0013170
R0035680,D0041738
R0031777,D0036878
R0029434,D0034218
R0028337,D0032945
R0023117,D0026842
R0035807,D0041906
R0033577,D0039101
R0032067,D0037259
R0016115,D0018741
R0010058,D0011690
R0019666,D0022856
R0007952,D0009176
R0012022,D0014013
R0018008,D0020918
R0016698,D0019422
R0029571,D0034375
R0001920,D0002240
R0024596,D0028575
R0005440,D0006298
R0027312,D0031741
R0025400,D0029507
R0009213,D0010696
R0024203,D0028101
R0031383,D0036423
R0038113,D0044649
R0029755,D0034583
R0023863,D0027692
R0016276,D0018931
R0023414,D0027178
R0001643,D0001920
R0036842,D0043206
R0014095,D0016437
R0023507,D0027291
R0001774,D0002070
R0013454,D0015725
R0003303,D0003849
R0009225,D0010712
R0024477,D0028431
R0006892,D0007950
R0032610,D0037954
R0031057,D0036047
R0005578,D0006463
R0036937,D0043309
R0025756,D0029900
R0027959,D0032496
R0036891,D0043259
R0010935,D0012742
R0021714,D0025253
R0005563,D0006445
R0023933,D0027779
R0012135,D0014144
R0026724,D0031059
R0000133,D0000163
R0038996,D0045664
R0001011,D0001195
R0012207,D0014232
R0001537,D0001794
R0022392,D0026028
R0001866,D0002180
R0012785,D0014941
R0032195,D0037414
R0030423,D0035321
R0038667,D0045282
R0000563,D0000667
R0028652,D0033319
R0000944,D0001119
R0038153,D0044694
R0031016,D0036002
R0014895,D0017329
R0009919,D0011527
R0001010,D0001194
R0024638,D0028624
R0022072,D0025656
R0003722,D0004324
R0021174,D0024633
R0008658,D0010026
R0006070,D0007026
R0021281,D0024756
R0027484,D0031939
R0016144,D0018776
R0008479,D0009815
R0002071,D0002424
R0034481,D0040297
R0004184,D0004851
R0036463,D0042755
R0017095,D0019875
R0019260,D0022395
R0031333,D0036366
R0008753,D0010139
R0003059,D0003570
R0001394,D0001628
R0023382,D0027138
R0037156,D0043555
R0008794,D0010186
R0037835,D0044323
R0003721,D0004323
R0010633,D0012379
R0030563,D0035491
R0021152,D0024608
R0031746,D0036835
R0000329,D0000394
R0038320,D0044882
R0038277,D0044836
R0018714,D0021753
R0031344,D0036381
R0004057,D0004708
R0027320,D0031749
R0018641,D0021662
R0020368,D0023693
R0028071,D0032628
R0006032,D0006982
R0003822,D0004433
R0011814,D0013756
R0005397,D0006245
R0028475,D0033109
R0036911,D0043282
R0008878,D0010291
R0002086,D0002442
R0017597,D0020459
R0003512,D0004078
R0011625,D0013548
R0029552,D0034352
R0019565,D0022740
R0012845,D0015013
R0018759,D0021801
R0001994,D0002329
R0022866,D0026554
R0002094,D0002455
R0030092,D0034958
R0018123,D0021056
R0026446,D0030716
R0010815,D0012598
R0011235,D0013102
R0032965,D0038398
R0017688,D0020562
R0038084,D0044614
R0008965,D0010388
R0003423,D0003981
R0029255,D0034015
R0003513,D0004079
R0003562,D0004136
R0023564,D0027355
R0007757,D0008947
R0016791,D0019533
R0010068,D0011703
R0023748,D0027567
R0025029,D0029066
R0025815,D0029976
R0036244,D0042491
R0007042,D0008121
R0007623,D0008790
R0004686,D0005433
R0016204,D0018844
R0029317,D0034090
R0010097,D0011742
R0023398,D0027160
R0004955,D0005738
R0038607,D0045215
R0035500,D0041513
R0000064,D0000079
R0021870,D0025422
R0020334,D0023655
R0010736,D0012501
R0009596,D0011150
R0007298,D0008419
R0032580,D0037916
R0022073,D0025657
R0018906,D0021969
R0029107,D0033849
R0015217,D0017693
R0016299,D0018957
R0016486,D0019170
R0037272,D0043686
R0038736,D0045360
R0006120,D0007077
R0037698,D0044164
R0018842,D0021893
R0015308,D0017795
R0002343,D0002743
R0010223,D0011893
R0031674,D0036751
R0016773,D0019514
R0016745,D0019479
R0008308,D0009608
R0014639,D0017040
R0011722,D0013657
R0016862,D0019614
R0014764,D0017181
R0014459,D0016846
R0021927,D0025496
R0034658,D0040523
R0027555,D0032017
R0023380,D0027136
R0038131,D0044671
R0032402,D0037683
R0003882,D0004504
R0008927,D0010345
R0012297,D0014338
R0009272,D0010767
R0014044,D0016375
R0035168,D0041115
R0016413,D0019091
R0034470,D0040278
R0011682,D0013614
R0024587,D0028566
R0014720,D0017133
R0033392,D0038893
R0039017,D0045687
R0018751,D0021793
R0010875,D0012671
R0025518,D0029639
R0033759,D0039367
R0017473,D0020314
R0035022,D0040951
R0002541,D0002970
R0037879,D0044371
R0015951,D0018545
R0031488,D0036545
R0034714,D0040594
R0035392,D0041377
R0022085,D0025673
R0005163,D0005977
R0031954,D0037108
R0030339,D0035233
R0032710,D0038084
R0007490,D0008633
R0032835,D0038242
R0035660,D0041714
R0027427,D0031874
R0027851,D0032374
R0002381,D0002786
R0033553,D0039073
R0035763,D0041848
R0001740,D0002028
R0018878,D0021935
R0032892,D0038303
R0037953,D0044459
R0002933,D0003426
R0016944,D0019706
R0026920,D0031295
R0033827,D0039461
R0002709,D0003167
R0019645,D0022834
R0036293,D0042555
R0011065,D0012899
R0025970,D0030167
R0028007,D0032549
R0031556,D0036621
R0018313,D0021284
R0037008,D0043394
R0033412,D0038915
R0005266,D0006094
R0033960,D0039638
R0034291,D0040056
R0025564,D0029694
R0037153,D0043551
R0022607,D0026268
R0015965,D0018561
R0031808,D0036918
R0000104,D0000127
R0038173,D0044718
R0018536,D0021542
R0024042,D0027909
R0038734,D0045358
R0027562,D0032026
R0028132,D0032702
R0012459,D0014551
R0028959,D0033672
R0016600,D0019305
R0005709,D0006618
R0006832,D0007884
R0034172,D0039907
R0020405,D0023732
R0033178,D0038642
R0029147,D0033894
R0008527,D0009873
R0032607,D0037947
R0037788,D0044270
R0008045,D0009285
R0023673,D0027476
R0034879,D0040788
R0020947,D0024380
R0037187,D0043593
R0016724,D0019452
R0008891,D0010305
R0006022,D0006971
R0033377,D0038874
R0015329,D0017818
R0004249,D0004924
R0038776,D0045410
R0009572,D0011122
R0001409,D0001646
R0028845,D0033539
R0026822,D0031179
R0000121,D0000148
R0001359,D0001589
R0009391,D0010905
R0014577,D0016974
R0015514,D0018028
R0002278,D0002671
R0035888,D0042018
R0008982,D0010408
R0037959,D0044465
R0031210,D0036220
R0006193,D0007160
R0015848,D0018424
R0020473,D0023812
R0006622,D0007641
R0026168,D0030403
R0007753,D0008942
R0031938,D0037085
R0004218,D0004890
R0034889,D0040801
R0006321,D0007305
R0012310,D0014355
R0017701,D0020578
R0029343,D0034118
R0005478,D0006348
R0021425,D0024930
R0020134,D0023413
R0010928,D0012734
R0001801,D0002105
R0010794,D0012575
R0002648,D0003092
R0013909,D0016225
R0018350,D0021328
R0014322,D0016692
R0023701,D0027511
R0009386,D0010899
R0027780,D0032283
R0033969,D0039652
R0020307,D0023626
R0033349,D0038843
R0038876,D0045527
R0012879,D0015051
R0002099,D0002460
R0027208,D0031627
R0007278,D0008396
R0018015,D0020930
R0008757,D0010145
R0019096,D0022197
R0017562,D0020419
R0023938,D0027785
R0031014,D0036000
R0028187,D0032765
R0008627,D0009991
R0004988,D0005773
R0018582,D0021590
R0020662,D0024041
R0026622,D0030934
R0034829,D0040726
R0015740,D0018294
R0033096,D0038550
R0020916,D0024342
R0017511,D0020360
R0008335,D0009640
R0039255,D0045956
R0012603,D0014720
R0025032,D0029069
R0011601,D0013520
R0032541,D0037870
R0016097,D0018719
R0008570,D0009919
R0021921,D0025489
R0014654,D0017057
R0026571,D0030869
R0029452,D0034237
R0025432,D0029543
R0026142,D0030373
R0026769,D0031113
R0030953,D0035932
R0012702,D0014842
R0006921,D0007983
R0004332,D0005020
R0029440,D0034225
R0020045,D0023313
R0012608,D0014726
R0008112,D0009369
R0030965,D0035945
R0034575,D0040425
R0033317,D0038804
R0015176,D0017649
R0031820,D0036931
R0034523,D0040357
R0008676,D0010047
R0034477,D0040289
R0029244,D0034004
R0012700,D0014840
R0013509,D0015787
R0028748,D0033426
R0038521,D0045115
R0028805,D0033492
R0001240,D0001461
R0005243,D0006068
R0025834,D0029997
R0027180,D0031593
R0035525,D0041544
R0014970,D0017415
R0009191,D0010668
R0033204,D0038673
R0034260,D0040013
R0005207,D0006026
R0037115,D0043509
R0029099,D0033840
R0008301,D0009598
R0028944,D0033655
R0028734,D0033408
R0022594,D0026254
R0034405,D0040189
R0025930,D0030114
R0024067,D0027937
R0003850,D0004463
R0026780,D0031129
R0003454,D0004014
R0018215,D0021166
R0020091,D0023366
R0033320,D0038808
R0025960,D0030154
R0027445,D0031895
R0037410,D0043839
R0036714,D0043046
R0034635,D0040498
R0001379,D0001612
R0000627,D0000739
R0034760,D0040649
R0021873,D0025426
R0005134,D0005947
R0018217,D0021168
R0009496,D0011026
R0032484,D0037792
R0019310,D0022454
R0006436,D0007434
R0018419,D0021407
R0019209,D0022332
R0001842,D0002154
R0008606,D0009962
R0036319,D0042584
R0011195,D0013062
R0017320,D0020139
R0003554,D0004128
R0022838,D0026526
R0008304,D0009602
R0039197,D0045892
R0004233,D0004906
R0007593,D0008756
R0011653,D0013582
R0036202,D0042434
R0022984,D0026683
R0032673,D0038038
R0003441,D0004001
R0010620,D0012362
R0035094,D0041029
R0030614,D0035548
R0024571,D0028544
R0014257,D0016622
R0012416,D0014489
R0006025,D0006975
R0016736,D0019468
R0007951,D0009175
R0022194,D0025797
R0007883,D0009095
R0008752,D0010138
R0020136,D0023416
R0036179,D0042404
R0017985,D0020894
R0015617,D0018152
R0034451,D0040252
R0018796,D0021843
R0036052,D0042251
R0014854,D0017286
R0006347,D0007333
R0033413,D0038916
R0023353,D0027106
R0025130,D0029188
R0030884,D0035856
R0035673,D0041730
R0017316,D0020134
R0011401,D0013300
R0023855,D0027684
R0016828,D0019577
R0023068,D0026780
R0017480,D0020322
R0019707,D0022902
R0007648,D0008826
R0011495,D0013404
R0031519,D0036581
R0031573,D0036640
R0031270,D0036293
R0015465,D0017972
R0002523,D0002951
R0013546,D0015829
R0037738,D0044211
R0021209,D0024675
R0000828,D0000985
R0028713,D0033387
R0036007,D0042187
R0000546,D0000642
R0009698,D0011270
R0034003,D0039691
R0022859,D0026547
R0032593,D0037930
R0024560,D0028532
R0036008,D0042188
R0007192,D0008297
R0023236,D0026970
R0037990,D0044501
R0009172,D0010642
R0033129,D0038584
R0009441,D0010962
R0009318,D0010818
R0015810,D0018376
R0000303,D0000361
R0022201,D0025804
R0035833,D0041945
R0017778,D0020662
R0038823,D0045465
R0029856,D0034695
R0025835,D0029999
R0016678,D0019394
R0023902,D0027737
R0037248,D0043659
R0000611,D0000722
R0010578,D0012311
R0014792,D0017213
R0030099,D0034965
R0027279,D0031705
R0005353,D0006194
R0019085,D0022185
R0009906,D0011509
R0000277,D0000333
R0012947,D0015129
R0010319,D0012008
R0038251,D0044803
R0028718,D0033392
R0036964,D0043341
R0006205,D0007173
R0035812,D0041914
R0019314,D0022459
R0035042,D0040971
R0031776,D0036876
R0003126,D0003648
R0008396,D0009716
R0001418,D0001656
R0038239,D0044790
R0033210,D0038679
R0024994,D0029025
R0019030,D0022119
R0031382,D0036422
R0025162,D0029228
R0022293,D0025916
R0025158,D0029223
R0026169,D0030404
R0017844,D0020737
R0025037,D0029078
R0004985,D0005770
R0024971,D0029000
R0006652,D0007675
R0011928,D0013901
R0011209,D0013076
R0036737,D0043071
R0016225,D0018870
R0025891,D0030063
R0004735,D0005489
R0003394,D0003950
R0026213,D0030457
R0007334,D0008456
R0005964,D0006907
R0033185,D0038650
R0020909,D0024334
R0030787,D0035745
R0012481,D0014576
R0006913,D0007975
R0016926,D0019688
R0022952,D0026647
R0001954,D0002280
R0022200,D0025803
R0015718,D0018269
R0008457,D0009792
R0014564,D0016960
R0033499,D0039016
R0010609,D0012349
R0037746,D0044220
R0001617,D0001891
R0017802,D0020690
R0000112,D0000137
R0010871,D0012666
R0023504,D0027287
R0031613,D0036684
R0002507,D0002934
R0038917,D0045573
R0018513,D0021518
R0025192,D0029263
R0013576,D0015864
R0007262,D0008379
R0037843,D0044332
R0019851,D0023072
R0031119,D0036118
R0011620,D0013543
R0012804,D0014963
R0021213,D0024680
R0039048,D0045720
R0034951,D0040870
R0037064,D0043454
R0029344,D0034119
R0037850,D0044339
R0036544,D0042846
R0032953,D0038381
R0018311,D0021282
R0038244,D0044795
R0036358,D0042624
R0013198,D0015421
R0032626,D0037977
R0009710,D0011284
R0027166,D0031578
R0010962,D0012770
R0034561,D0040403
R0036954,D0043329
R0038567,D0045167
R0022111,D0025707
R0012381,D0014443
R0030471,D0035382
R0000068,D0000084
R0033140,D0038596
R0033905,D0039570
R0028291,D0032889
R0027104,D0031508
R0021518,D0025034
R0026442,D0030711
R0021678,D0025213
R0035707,D0041775
R0005517,D0006391
R0008337,D0009642
R0038305,D0044866
R0035931,D0042079
R0028837,D0033528
R0006330,D0007315
R0002106,D0002469
R0034998,D0040926
R0033644,D0039198
R0026612,D0030923
R0000039,D0000046
R0026684,D0031006
R0025599,D0029731
R0033616,D0039157
R0000431,D0000507
R0002096,D0002457
R0011663,D0013594
R0020517,D0023864
R0003919,D0004545
R0025769,D0029916
R0031736,D0036820
R0023120,D0026845
R0033610,D0039149
R0009889,D0011487
R0030065,D0034925
R0011245,D0013113
R0009509,D0011045
R0007642,D0008818
R0028292,D0032890
R0003956,D0004584
R0033071,D0038518
R0033273,D0038756
R0010222,D0011892
R0024337,D0028256
R0001837,D0002149
R0029041,D0033772
R0002952,D0003447
R0011117,D0012967
R0005710,D0006619
R0024494,D0028457
R0037861,D0044351
R0016093,D0018713
R0002886,D0003371
R0004802,D0005567
R0031880,D0037003
R0032773,D0038159
R0011134,D0012992
R0034806,D0040702
R0034254,D0040006
R0013279,D0015516
R0027659,D0032140
R0016333,D0018998
R0023200,D0026933
R0013672,D0015971
R0018064,D0020984
R0009747,D0011324
R0028490,D0033129
R0020387,D0023713
R0026579,D0030881
R0030264,D0035150
R0002334,D0002732
R0023258,D0026996
R0031572,D0036638
R0009018,D0010450
R0037942,D0044447
R0001088,D0001285
R0031894,D0037021
R0028154,D0032726
R0008659,D0010027
R0010860,D0012651
R0001443,D0001687
R0026751,D0031089
R0019720,D0022921
R0027127,D0031534
R0031436,D0036487
R0032560,D0037891
R0031745,D0036834
R0008155,D0009422
R0035508,D0041521
R0019010,D0022097
R0026179,D0030415
R0004094,D0004750
R0038361,D0044934
R0035101,D0041037
R0001151,D0001359
R0032798,D0038192
R0025322,D0029418
R0007540,D0008692
R0015796,D0018360
R0021274,D0024749
R0025890,D0030062
R0012032,D0014024
R0012780,D0014936
R0022948,D0026643
R0016324,D0018985
R0032948,D0038375
R0024292,D0028205
R0020552,D0023905
R0024506,D0028470
R0030137,D0035008
R0009895,D0011495
R0014635,D0017036
R0036906,D0043277
R0023535,D0027324
R0009399,D0010914
R0028588,D0033243
R0025571,D0029701
R0016943,D0019705
R0002700,D0003158
R0022563,D0026219
R0030844,D0035812
R0026728,D0031064
R0018356,D0021334
R0034619,D0040473
R0031125,D0036124
R0032874,D0038284
R0024349,D0028272
R0034383,D0040164
R0036124,D0042339
R0011612,D0013531
R0037231,D0043641
R0010261,D0011938
R0007828,D0009029
R0016932,D0019694
R0017242,D0020049
R0013620,D0015914
R0001469,D0001716
R0006486,D0007492
R0016228,D0018873
R0038833,D0045475
R0028417,D0033036
R0023940,D0027787
R0035532,D0041551
R0013532,D0015815
R0020487,D0023830
R0009659,D0011224
R0038720,D0045341
R0030393,D0035290
R0020132,D0023411
R0023340,D0027089
R0020222,D0023524
R0033663,D0039222
R0015423,D0017926
R0000610,D0000721
R0019800,D0023008
R0015040,D0017499
R0027330,D0031762
R0024734,D0028735
R0014833,D0017261
R0029137,D0033883
R0015101,D0017564
R0007455,D0008593
R0031597,D0036668
R0009999,D0011619
R0018936,D0022003
R0029748,D0034576
R0016550,D0019241
R0016090,D0018709
R0021022,D0024464
R0003003,D0003505
R0003717,D0004319
R0031384,D0036424
R0006087,D0007044
R0004009,D0004647
R0000817,D0000973
R0018626,D0021643
R0030233,D0035114
R0032901,D0038315
R0005215,D0006034
R0035467,D0041470
R0028246,D0032835
R0029683,D0034506
R0010387,D0012091
R0011941,D0013920
R0030373,D0035270
R0018021,D0020937
R0035340,D0041309
R0027684,D0032170
R0005326,D0006163
R0004366,D0005058
R0032351,D0037614
R0034853,D0040760
R0014704,D0017111
R0017142,D0019933
R0009704,D0011277
R0006999,D0008068
R0034296,D0040062
R0009791,D0011371
R0021988,D0025564
R0028136,D0032706
R0021825,D0025374
R0006592,D0007609
R0032072,D0037265
R0012444,D0014530
R0006534,D0007546
R0036914,D0043285
R0005274,D0006102
R0038867,D0045516
R0033902,D0039567
R0019259,D0022394
R0027526,D0031986
R0032422,D0037708
R0002098,D0002459
R0012102,D0014107
R0022178,D0025780
R0022082,D0025670
R0007314,D0008435
R0016913,D0019673
R0004768,D0005531
R0013274,D0015511
R0012567,D0014676
R0015280,D0017764
R0018406,D0021390
R0018037,D0020955
R0001917,D0002237
R0005413,D0006266
R0002882,D0003364
R0000468,D0000551
R0021325,D0024811
R0007639,D0008815
R0009471,D0010996
R0035687,D0041746
R0018809,D0021858
R0020852,D0024272
R0009111,D0010570
R0035501,D0041514
R0006696,D0007725
R0034458,D0040262
R0030629,D0035566
R0007521,D0008670
R0004450,D0005160
R0028691,D0033363
R0020681,D0024068
R0007085,D0008168
R0007495,D0008639
R0003315,D0003863
R0019929,D0023164
R0001333,D0001563
R0022993,D0026693
R0002846,D0003323
R0009147,D0010614
R0021622,D0025152
R0006418,D0007414
R0014975,D0017420
R0032746,D0038127
R0010862,D0012654
R0006081,D0007037
R0011395,D0013292
R0034813,D0040709
R0015766,D0018327
R0036200,D0042431
R0034467,D0040274
R0012588,D0014703
R0033276,D0038759
R0024770,D0028772
R0009449,D0010972
R0007424,D0008556
R0009332,D0010835
R0023858,D0027687
R0027832,D0032351
R0030232,D0035113
R0025180,D0029248
R0034494,D0040314
R0003369,D0003921
R0030586,D0035519
R0006796,D0007842
R0027843,D0032364
R0035932,D0042081
R0015932,D0018526
R0007274,D0008392
R0035431,D0041422
R0027950,D0032484
R0014030,D0016356
R0023828,D0027654
R0010570,D0012303
R0036582,D0042897
R0025597,D0029729
R0016553,D0019246
R0011896,D0013863
R0017545,D0020399
R0011049,D0012880
R0012248,D0014280
R0007537,D0008688
R0013390,D0015645
R0007039,D0008118
R0027545,D0032007
R0011044,D0012873
R0026528,D0030820
R0016901,D0019658
R0012575,D0014687
R0027219,D0031638
R0020668,D0024051
R0019786,D0022993
R0036786,D0043130
R0021336,D0024824
R0000158,D0000189
R0036817,D0043173
R0025978,D0030176
R0014253,D0016616
R0005323,D0006160
R0018488,D0021491
R0035706,D0041770
R0036036,D0042230
R0024999,D0029031
R0013516,D0015795
R0002808,D0003278
R0003347,D0003897
R0012197,D0014220
R0010088,D0011729
R0029973,D0034824
R0021380,D0024874
R0037506,D0043945
R0009070,D0010518
R0025401,D0029508
R0015906,D0018494
R0017691,D0020566
R0012852,D0015020
R0028633,D0033296
R0025226,D0029300
R0035174,D0041122
R0033444,D0038954
R0020755,D0024156
R0024729,D0028729
R0028486,D0033124
R0005489,D0006360
R0005551,D0006432
R0017676,D0020548
R0009056,D0010502
R0006800,D0007846
R0013855,D0016169
R0036024,D0042213
R0027085,D0031487
R0000959,D0001135
R0014110,D0016452
R0016933,D0019695
R0022241,D0025856
R0012902,D0015074
R0023973,D0027831
R0028905,D0033609
R0034876,D0040784
R0005461,D0006325
R0027099,D0031503
R0038341,D0044910
R0014124,D0016468
R0027936,D0032469
R0024751,D0028753
R0018220,D0021171
R0020812,D0024225
R0014109,D0016451
R0004282,D0004966
R0009042,D0010485
R0005484,D0006355
R0036960,D0043336
R0008971,D0010395
R0003927,D0004553
R0029263,D0034024
R0013480,D0015753
R0022698,D0026366
R0027146,D0031554
R0038368,D0044941
R0001460,D0001706
R0010424,D0012133
R0029891,D0034734
R0033198,D0038666
R0025475,D0029591
R0004773,D0005536
R0014872,D0017305
R0006693,D0007722
R0005245,D0006070
R0001306,D0001533
R0028596,D0033251
R0013121,D0015333
R0026241,D0030486
R0036605,D0042923
R0016865,D0019618
R0038926,D0045583
R0024404,D0028337
R0010121,D0011771
R0020343,D0023664
R0015684,D0018231
R0015778,D0018340
R0025031,D0029068
R0027750,D0032247
R0010766,D0012537
R0011980,D0013962
R0023829,D0027655
R0033641,D0039192
R0022132,D0025732
R0027928,D0032461
R0019982,D0023233
R0025777,D0029928
R0036566,D0042876
R0020922,D0024350
R0031932,D0037079
R0007029,D0008107
R0012635,D0014762
R0005191,D0006008
R0003223,D0003760
R0024134,D0028016
R0029131,D0033877
R0029406,D0034185
R0034592,D0040443
R0023212,D0026945
R0010833,D0012622
R0007358,D0008483
R0018753,D0021795
R0019694,D0022888
R0019730,D0022931
R0009772,D0011351
R0014783,D0017204
R0018110,D0021039
R0002218,D0002598
R0037209,D0043616
R0034032,D0039724
R0011143,D0013001
R0015641,D0018180
R0030102,D0034968
R0035382,D0041363
R0008248,D0009535
R0000734,D0000871
R0006373,D0007362
R0001550,D0001808
R0019855,D0023076
R0015643,D0018182
R0008780,D0010171
R0007391,D0008518
R0019320,D0022465
R0034179,D0039916
R0006079,D0007035
R0026816,D0031171
R0000586,D0000692
R0005369,D0006214
R0004763,D0005524
R0023453,D0027221
R0025169,D0029236
R0006957,D0008023
R0028758,D0033437
R0030146,D0035017
R0004129,D0004790
R0026083,D0030300
R0038362,D0044935
R0006146,D0007106
R0025123,D0029180
R0018911,D0021975
R0033697,D0039279
R0025686,D0029821
R0013881,D0016195
R0018315,D0021286
R0036619,D0042940
R0010205,D0011869
R0023912,D0027749
R0037986,D0044496
R0035985,D0042156
R0023423,D0027187
R0016077,D0018693
R0014959,D0017404
R0001637,D0001914
R0016611,D0019316
R0017374,D0020201
R0010749,D0012518
R0017461,D0020299
R0030169,D0035041
R0010311,D0011999
R0034024,D0039713
R0013291,D0015530
R0015862,D0018445
R0001859,D0002172
R0009717,D0011292
R0014843,D0017273
R0016125,D0018755
R0030338,D0035232
R0034566,D0040408
R0024583,D0028561
R0003490,D0004054
R0005500,D0006371
R0033791,D0039412
R0029835,D0034672
R0035317,D0041284
R0020411,D0023738
R0033926,D0039596
R0016764,D0019502
R0000486,D0000575
R0023978,D0027837
R0020210,D0023510
R0026980,D0031366
R0016100,D0018722
R0032153,D0037360
R0024227,D0028129
R0027119,D0031525
R0004637,D0005381
R0004412,D0005112
R0008236,D0009521
R0001590,D0001857
R0011017,D0012840
R0016605,D0019310
R0009013,D0010444
R0031971,D0037132
R0038139,D0044679
R0030632,D0035569
R0024536,D0028504
R0016825,D0019573
R0015567,D0018091
R0029114,D0033858
R0005763,D0006682
R0032007,D0037178
R0013104,D0015313
R0021862,D0025413
R0029533,D0034330
R0003272,D0003815
R0004358,D0005050
R0033261,D0038744
R0017187,D0019983
R0024890,D0028912
R0034882,D0040794
R0000851,D0001009
R0011240,D0013107
R0013565,D0015850
R0032543,D0037873
R0034832,D0040730
R0010746,D0012512
R0017090,D0019870
R0023499,D0027279
R0012861,D0015031
R0014271,D0016639
R0034808,D0040704
R0000052,D0000064
R0031440,D0036491
R0031542,D0036606
R0016751,D0019487
R0011375,D0013266
R0000346,D0000413
R0023386,D0027143
R0035365,D0041340
R0024085,D0027958
R0015826,D0018393
R0014200,D0016553
R0008359,D0009667
R0018729,D0021769
R0002771,D0003237
R0016575,D0019275
R0029388,D0034167
R0022710,D0026380
R0033962,D0039640
R0022552,D0026208
R0029928,D0034776
R0032092,D0037288
R0022663,D0026325
R0013343,D0015593
R0005651,D0006551
R0034245,D0039995
R0009361,D0010870
R0003287,D0003830
R0022679,D0026345
R0013091,D0015299
R0005114,D0005922
R0036526,D0042827
R0035505,D0041518
R0001543,D0001800
R0028563,D0033214
R0022640,D0026302
R0027372,D0031811
R0007598,D0008762
R0030912,D0035886
R0038599,D0045206
R0004798,D0005563
R0022969,D0026667
R0002599,D0003037
R0005647,D0006547
R0003993,D0004630
R0011336,D0013219
R0014692,D0017097
R0036031,D0042222
R0000671,D0000785
R0020156,D0023440
R0010854,D0012645
R0003713,D0004314
R0002360,D0002761
R0015246,D0017725
R0015403,D0017903
R0011545,D0013460
R0020298,D0023616
R0010626,D0012371
R0017042,D0019816
R0033302,D0038788
R0000055,D0000068
R0022006,D0025582
R0009327,D0010829
R0002522,D0002950
R0033739,D0039341
R0024332,D0028250
R0022862,D0026550
R0019951,D0023196
R0038464,D0045051
R0036770,D0043110
R0003002,D0003504
R0008029,D0009267
R0003376,D0003931
R0033160,D0038623
R0026746,D0031083
R0032937,D0038362
R0039019,D0045690
R0032637,D0037993
R0002524,D0002952
R0036153,D0042372
R0028736,D0033411
R0023531,D0027320
R0038278,D0044837
R0027557,D0032020
R0020246,D0023553
R0014977,D0017422
R0004817,D0005585
R0018971,D0022049
R0004176,D0004842
R0031183,D0036191
R0003688,D0004283
R0016229,D0018874
R0019973,D0023223
R0009833,D0011425
R0035388,D0041372
R0000007,D0000008
R0003692,D0004289
R0016662,D0019377
R0021261,D0024732
R0013706,D0016009
R0007806,D0009004
R0010376,D0012078
R0000677,D0000796
R0036181,D0042407
R0018414,D0021399
R0033181,D0038646
R0014769,D0017186
R0039193,D0045888
R0027551,D0032013
R0025822,D0029984
R0018378,D0021356
R0007546,D0008698
R0001580,D0001847
R0035494,D0041506
R0012996,D0015181
R0020399,D0023725
R0034769,D0040659
R0026310,D0030565
R0018639,D0021660
R0031900,D0037030
R0038754,D0045385
R0036397,D0042674
R0038030,D0044550
R0016781,D0019522
R0035872,D0041999
R0032575,D0037908
R0023675,D0027479
R0012475,D0014569
R0003518,D0004085
R0005631,D0006529
R0028319,D0032924
R0001960,D0002286
R0004527,D0005250
R0034839,D0040741
R0031663,D0036738
R0020431,D0023760
R0036432,D0042721
R0018086,D0021011
R0010422,D0012130
R0038762,D0045394
R0032089,D0037284
R0033012,D0038454
R0034791,D0040685
R0008286,D0009583
R0014770,D0017188
R0024749,D0028751
R0007604,D0008768
R0014700,D0017107
R0032540,D0037869
R0032872,D0038282
R0004427,D0005130
R0006994,D0008063
R0020117,D0023392
R0035303,D0041268
R0030242,D0035125
R0013361,D0015613
R0003683,D0004277
R0002408,D0002816
R0037259,D0043671
R0033342,D0038833
R0018636,D0021656
R0006706,D0007739
R0025050,D0029092
R0013470,D0015741
R0034255,D0040007
R0015665,D0018207
R0038015,D0044529
R0007377,D0008503
R0001504,D0001758
R0020244,D0023550
R0035442,D0041439
R0033714,D0039300
R0026809,D0031163
R0025926,D0030108
R0036095,D0042302
R0015458,D0017965
R0013883,D0016197
R0032737,D0038118
R0011421,D0013321
R0006582,D0007598
R0025111,D0029165
R0038487,D0045078
R0012726,D0014871
R0035268,D0041228
R0023577,D0027369
R0016188,D0018827
R0035944,D0042099
R0001067,D0001261
R0009724,D0011300
R0012613,D0014732
R0026467,D0030741
R0001722,D0002007
R0030527,D0035448
R0013963,D0016285
R0028073,D0032630
R0015750,D0018307
R0021472,D0024982
R0030059,D0034918
R0013442,D0015712
R0033179,D0038643
R0008753,D0010140
R0012313,D0014361
R0000751,D0000890
R0023458,D0027226
R0034994,D0040922
R0009627,D0011186
R0037950,D0044455
R0003032,D0003541
R0010737,D0012503
R0037262,D0043674
R0019186,D0022304
R0037061,D0043451
R0037103,D0043497
R0027094,D0031497
R0021729,D0025270
R0028052,D0032605
R0020018,D0023274
R0011249,D0013117
R0007738,D0008926
R0026660,D0030979
R0035946,D0042102
R0032081,D0037275
R0002399,D0002807
R0019109,D0022211
R0010988,D0012804
R0022761,D0026441
R0026650,D0030968
R0032525,D0037848
R0018075,D0020998
R0028607,D0033265
R0032887,D0038298
R0003711,D0004312
R0009426,D0010943
R0033182,D0038647
R0011889,D0013849
R0026454,D0030728
R0034345,D0040121
R0014317,D0016686
R0006401,D0007396
R0036376,D0042646
R0024443,D0028385
R0003587,D0004167
R0011936,D0013913
R0039223,D0045919
R0021584,D0025113
R0021538,D0025056
R0001698,D0001978
R0036399,D0042676
R0002045,D0002390
R0021468,D0024977
R0023948,D0027798
R0000353,D0000421
R0038625,D0045235
R0010937,D0012744
R0015819,D0018385
R0035855,D0041973
R0003321,D0003869
R0033909,D0039577
R0006661,D0007684
R0009838,D0011433
R0026333,D0030591
R0016494,D0019179
R0017815,D0020704
R0008590,D0009946
R0030582,D0035513
R0027409,D0031852
R0019058,D0022157
R0003191,D0003727
R0013888,D0016203
R0010685,D0012438
R0013945,D0016263
R0004585,D0005319
R0035009,D0040938
R0008550,D0009897
R0030945,D0035923
R0003533,D0004106
R0031175,D0036183
R0028694,D0033366
R0000253,D0000304
R0031041,D0036030
R0011667,D0013598
R0036059,D0042258
R0012853,D0015021
R0021417,D0024919
R0021129,D0024580
R0026421,D0030687
R0017305,D0020123
R0027961,D0032498
R0014821,D0017247
R0014054,D0016388
R0031323,D0036354
R0021324,D0024810
R0022648,D0026310
R0001522,D0001778
R0005036,D0005830
R0009281,D0010777
R0018948,D0022017
R0030538,D0035461
R0006265,D0007242
R0016438,D0019117
R0029055,D0033788
R0027334,D0031768
R0005632,D0006530
R0013168,D0015388
R0000527,D0000621
R0034850,D0040753
R0036632,D0042958
R0034064,D0039762
R0031445,D0036497
R0035523,D0041541
R0012427,D0014509
R0015575,D0018100
R0005287,D0006119
R0024549,D0028520
R0030255,D0035140
R0011812,D0013754
R0014326,D0016696
R0011892,D0013858
R0003804,D0004413
R0018381,D0021359
R0035682,D0041740
R0028539,D0033187
R0009925,D0011534
R0031408,D0036451
R0011842,D0013787
R0030404,D0035302
R0013119,D0015329
R0029158,D0033909
R0032023,D0037201
R0017824,D0020716
R0029634,D0034448
R0031800,D0036909
R0025451,D0029564
R0007140,D0008236
R0004768,D0005530
R0016746,D0019481
R0032826,D0038229
R0015574,D0018099
R0022992,D0026692
R0029858,D0034697
R0020620,D0023992
R0021130,D0024581
R0031412,D0036455
R0030009,D0034865
R0034197,D0039938
R0032242,D0037478
R0006372,D0007361
R0033724,D0039315
R0003680,D0004274
R0029574,D0034378
R0036137,D0042354
R0002540,D0002968
R0039195,D0045890
R0017016,D0019787
R0027108,D0031513
R0013496,D0015772
R0028736,D0033410
R0035442,D0041441
R0028019,D0032562
R0036324,D0042589
R0004872,D0005650
R0002021,D0002361
R0009435,D0010955
R0014291,D0016659
R0021404,D0024906
R0023301,D0027045
R0028272,D0032865
R0015568,D0018092
R0025055,D0029098
R0003659,D0004251
R0018853,D0021907
R0036826,D0043185
R0015209,D0017685
R0032312,D0037567
R0020821,D0024236
R0004196,D0004865
R0004607,D0005348
R0008343,D0009648
R0013175,D0015397
R0009421,D0010938
R0012948,D0015130
R0035886,D0042015
R0018633,D0021652
R0006385,D0007378
R0008827,D0010227
R0014171,D0016521
R0012721,D0014864
R0031612,D0036683
R0010125,D0011775
R0013717,D0016021
R0033879,D0039536
R0027662,D0032145
R0026662,D0030981
R0020820,D0024235
R0036268,D0042527
R0008208,D0009488
R0036995,D0043378
R0033339,D0038830
R0020612,D0023980
R0010913,D0012716
R0037006,D0043392
R0001060,D0001253
R0009616,D0011173
R0020366,D0023691
R0021104,D0024553
R0019655,D0022845
R0019740,D0022943
R0025270,D0029355
R0033628,D0039172
R0025206,D0029279
R0014073,D0016413
R0008513,D0009856
R0000089,D0000109
R0006595,D0007613
R0012727,D0014872
R0022168,D0025769
R0008307,D0009605
R0000548,D0000645
R0013653,D0015951
R0022427,D0026071
R0007152,D0008254
R0036822,D0043179
R0012854,D0015022
R0028244,D0032832
R0019591,D0022771
R0012821,D0014981
R0011707,D0013641
R0026843,D0031204
R0006473,D0007478
R0035224,D0041177
R0016356,D0019026
R0015702,D0018250
R0000284,D0000340
R0029699,D0034523
R0019600,D0022781
R0031223,D0036235
R0002265,D0002654
R0009178,D0010649
R0020738,D0024137
R0023711,D0027521
R0022250,D0025866
R0004014,D0004658
R0020501,D0023846
R0031397,D0036438
R0023815,D0027640
R0005520,D0006394
R0038753,D0045384
R0002567,D0003002
R0010823,D0012606
R0023020,D0026725
R0013322,D0015569
R0021602,D0025132
R0034181,D0039919
R0036983,D0043365
R0029625,D0034438
R0006192,D0007159
R0008312,D0009612
R0036777,D0043118
R0019326,D0022471
R0007844,D0009045
R0031474,D0036528
R0016010,D0018617
R0024045,D0027914
R0033865,D0039512
R0028330,D0032936
R0036182,D0042411
R0034340,D0040112
R0019848,D0023068
R0026726,D0031062
R0024147,D0028030
R0037625,D0044085
R0017738,D0020617
R0004903,D0005683
R0022789,D0026470
R0004134,D0004795
R0020219,D0023520
R0013184,D0015406
R0016631,D0019338
R0029010,D0033737
R0007662,D0008842
R0020063,D0023331
R0001744,D0002034
R0035259,D0041216
R0015769,D0018330
R0031262,D0036284
R0000314,D0000376
R0027784,D0032288
R0032856,D0038265
R0003388,D0003944
R0021843,D0025394
R0014028,D0016354
R0025381,D0029485
R0022786,D0026467
R0006916,D0007978
R0035935,D0042086
R0037771,D0044250
R0035622,D0041664
R0036178,D0042403
R0007077,D0008160
R0010582,D0012316
R0002739,D0003200
R0023176,D0026908
R0024030,D0027895
R0005866,D0006796
R0020819,D0024234
R0033846,D0039490
R0015075,D0017537
R0038349,D0044920
R0029554,D0034354
R0010192,D0011853
R0025951,D0030141
R0022730,D0026404
R0005896,D0006831
R0020198,D0023495
R0002134,D0002504
R0017223,D0020025
R0016817,D0019564
R0003015,D0003520
R0008405,D0009731
R0025318,D0029413
R0028395,D0033013
R0013534,D0015817
R0007727,D0008915
R0025647,D0029781
R0012370,D0014430
R0010676,D0012428
R0015829,D0018396
R0037057,D0043446
R0028351,D0032962
R0020686,D0024073
R0018973,D0022051
R0020717,D0024110
R0018621,D0021638
R0024413,D0028347
R0036350,D0042616
R0002433,D0002844
R0021195,D0024656
R0029627,D0034440
R0004710,D0005459
R0031908,D0037042
R0005546,D0006423
R0031925,D0037069
R0038618,D0045226
R0015550,D0018068
R0028370,D0032986
R0032339,D0037599
R0006961,D0008028
R0037099,D0043492
R0026398,D0030664
R0037530,D0043975
R0001905,D0002221
R0004995,D0005780
R0024868,D0028885
R0020557,D0023910
R0036057,D0042256
R0018877,D0021934
R0029348,D0034124
R0032481,D0037788
R0033718,D0039307
R0024881,D0028900
R0005030,D0005821
R0034063,D0039760
R0030997,D0035980
R0031754,D0036849
R0010657,D0012408
R0009270,D0010765
R0036461,D0042753
R0009154,D0010623
R0012738,D0014884
R0012494,D0014590
R0026419,D0030685
R0020199,D0023496
R0017912,D0020812
R0033966,D0039645
R0004027,D0004673
R0002740,D0003201
R0006389,D0007382
R0014939,D0017381
R0027410,D0031853
R0014193,D0016545
R0007158,D0008260
R0033240,D0038717
R0026104,D0030325
R0032651,D0038010
R0006287,D0007269
R0001685,D0001964
R0027770,D0032270
R0011684,D0013616
R0027876,D0032402
R0012156,D0014168
R0012639,D0014766
R0013413,D0015675
R0006464,D0007469
R0022792,D0026474
R0030253,D0035138
R0036838,D0043201
R0020640,D0024014
R0025387,D0029492
R0008574,D0009924
R0030509,D0035427
R0019486,D0022650
R0012319,D0014367
R0006560,D0007575
R0027636,D0032116
R0025346,D0029446
R0004259,D0004941
R0013957,D0016276
R0019117,D0022222
R0026236,D0030481
R0032031,D0037213
R0020901,D0024326
R0004284,D0004968
R0031401,D0036442
R0007690,D0008871
R0036255,D0042506
R0028026,D0032570
R0027399,D0031842
R0030109,D0034976
R0034762,D0040652
R0035399,D0041385
R0031545,D0036610
R0011083,D0012922
R0030693,D0035636
R0007795,D0008990
R0002133,D0002503
R0021784,D0025329
R0025836,D0030000
R0004624,D0005367
R0011646,D0013575
R0020915,D0024341
R0028903,D0033606
R0031045,D0036034
R0025807,D0029967
R0023432,D0027197
R0016633,D0019340
R0030821,D0035786
R0028032,D0032579
R0028230,D0032816
R0031828,D0036941
R0022896,D0026587
R0004052,D0004702
R0026240,D0030485
R0000906,D0001072
R0005593,D0006483
R0022191,D0025794
R0020548,D0023901
R0024466,D0028416
R0033225,D0038696
R0003867,D0004485
R0002604,D0003043
R0026432,D0030699
R0035445,D0041444
R0019446,D0022604
R0026413,D0030679
R0020609,D0023976
R0000154,D0000185
R0017671,D0020541
R0015197,D0017672
R0031997,D0037162
R0032259,D0037500
R0017998,D0020908
R0013224,D0015453
R0005063,D0005862
R0020919,D0024347
R0011472,D0013378
R0004691,D0005439
R0007723,D0008910
R0035621,D0041663
R0034860,D0040767
R0006463,D0007467
R0011908,D0013878
R0008671,D0010041
R0031620,D0036692
R0025633,D0029767
R0015160,D0017631
R0012431,D0014515
R0030056,D0034915
R0017804,D0020693
R0036850,D0043214
R0016490,D0019175
R0025134,D0029194
R0023716,D0027528
R0014137,D0016482
R0013096,D0015304
R0001849,D0002162
R0034122,D0039840
R0038150,D0044690
R0035166,D0041113
R0016538,D0019227
R0031895,D0037022
R0023557,D0027347
R0035170,D0041117
R0014513,D0016903
R0034625,D0040483
R0034484,D0040302
R0038318,D0044880
R0038363,D0044936
R0006013,D0006961
R0029817,D0034650
R0002230,D0002612
R0028958,D0033671
R0022808,D0026493
R0021444,D0024950
R0035854,D0041972
R0007319,D0008440
R0019311,D0022455
R0004837,D0005606
R0003855,D0004468
R0021474,D0024984
R0026209,D0030452
R0027133,D0031541
R0017021,D0019793
R0010451,D0012166
R0018662,D0021689
R0029691,D0034514
R0037797,D0044281
R0029355,D0034132
R0024416,D0028350
R0034753,D0040641
R0000820,D0000976
R0037838,D0044326
R0026369,D0030632
R0025576,D0029706
R0038338,D0044906
R0017266,D0020074
R0019158,D0022272
R0001004,D0001188
R0009036,D0010474
R0019828,D0023044
R0027780,D0032282
R0016001,D0018605
R0011290,D0013168
R0037518,D0043960
R0009456,D0010980
R0039077,D0045753
R0018647,D0021670
R0003292,D0003835
R0031532,D0036596
R0035157,D0041102
R0037435,D0043869
R0005393,D0006239
R0036736,D0043070
R0030106,D0034973
R0036198,D0042429
R0008150,D0009415
R0014703,D0017110
R0005513,D0006386
R0010032,D0011658
R0034674,D0040544
R0025937,D0030123
R0015711,D0018261
R0026262,D0030511
R0008387,D0009703
R0015347,D0017839
R0031315,D0036345
R0002559,D0002991
R0007101,D0008187
R0004037,D0004685
R0010225,D0011896
R0036290,D0042552
R0025904,D0030081
R0034547,D0040386
R0019087,D0022187
R0003352,D0003902
R0007041,D0008120
R0011641,D0013568
R0005203,D0006022
R0031732,D0036815
R0033236,D0038710
R0007223,D0008331
R0019099,D0022200
R0008388,D0009705
R0019122,D0022227
R0039269,D0045972
R0025509,D0029628
R0003256,D0003797
R0028716,D0033390
R0007703,D0008886
R0022839,D0026527
R0002550,D0002982
R0027087,D0031489
R0009462,D0010986
R0024584,D0028562
R0015091,D0017553
R0038067,D0044594
R0007324,D0008446
R0036097,D0042305
R0032708,D0038082
R0031891,D0037017
R0037478,D0043915
R0037155,D0043554
R0004739,D0005494
R0027358,D0031796
R0024368,D0028294
R0012450,D0014539
R0024451,D0028399
R0038883,D0045534
R0034359,D0040137
R0020650,D0024026
R0037178,D0043583
R0038708,D0045329
R0030676,D0035617
R0024577,D0028552
R0028947,D0033658
R0003461,D0004023
R0007471,D0008613
R0014266,D0016633
R0011584,D0013503
R0029113,D0033857
R0034199,D0039941
R0000282,D0000338
R0027416,D0031860
R0033306,D0038792
R0008133,D0009394
R0003104,D0003622
R0028261,D0032853
R0005543,D0006420
R0023917,D0027757
R0009773,D0011352
R0020854,D0024275
R0038518,D0045112
R0025429,D0029540
R0038384,D0044963
R0018072,D0020995
R0004484,D0005202
R0036265,D0042521
R0032973,D0038407
R0030320,D0035210
R0035668,D0041724
R0002347,D0002747
R0018756,D0021798
R0006628,D0007647
R0036667,D0042999
R0021207,D0024672
R0015680,D0018224
R0021142,D0024594
R0018101,D0021030
R0018053,D0020972
R0034579,D0040429
R0034789,D0040683
R0015038,D0017497
R0024392,D0028322
R0017004,D0019775
R0011146,D0013005
R0008754,D0010141
R0027711,D0032200
R0024818,D0028826
R0014860,D0017292
R0027705,D0032193
R0034459,D0040263
R0031276,D0036299
R0034522,D0040356
R0019589,D0022767
R0014998,D0017445
R0031837,D0036951
R0006122,D0007079
R0028898,D0033599
R0038904,D0045557
R0026450,D0030721
R0015645,D0018184
R0014051,D0016384
R0013651,D0015949
R0029341,D0034115
R0001619,D0001893
R0016370,D0019041
R0034308,D0040074
R0002190,D0002564
R0009760,D0011338
R0039063,D0045738
R0009385,D0010897
R0034420,D0040212
R0006413,D0007409
R0009714,D0011289
R0020560,D0023913
R0021952,D0025524
R0026428,D0030694
R0018109,D0021038
R0020660,D0024038
R0008614,D0009974
R0031453,D0036505
R0000510,D0000599
R0033964,D0039643
R0002159,D0002529
R0036474,D0042767
R0033390,D0038891
R0011028,D0012853
R0020322,D0023642
R0019033,D0022122
R0016234,D0018883
R0039137,D0045820
R0012277,D0014315
R0032297,D0037550
R0029714,D0034541
R0028712,D0033386
R0000967,D0001143
R0004981,D0005765
R0000494,D0000583
R0036317,D0042582
R0037252,D0043664
R0010780,D0012555
R0028825,D0033515
R0029920,D0034766
R0018145,D0021085
R0007609,D0008774
R0027510,D0031969
R0004745,D0005503
R0014252,D0016614
R0014162,D0016509
R0033019,D0038461
R0032249,D0037488
R0007443,D0008579
R0017969,D0020878
R0029609,D0034419
R0006640,D0007662
R0021076,D0024521
R0031118,D0036117
R0028316,D0032921
R0008779,D0010170
R0037732,D0044203
R0011183,D0013048
R0015980,D0018580
R0006952,D0008018
R0003366,D0003917
R0027615,D0032090
R0036400,D0042677
R0024878,D0028896
R0001707,D0001989
R0012188,D0014210
R0010232,D0011906
R0036005,D0042184
R0020478,D0023820
R0011130,D0012986
R0006977,D0008044
R0012187,D0014209
R0030649,D0035589
R0016119,D0018747
R0024322,D0028238
R0025036,D0029075
R0034121,D0039839
R0038289,D0044848
R0028244,D0032831
R0035666,D0041722
R0003561,D0004135
R0006191,D0007157
R0028852,D0033547
R0002809,D0003279
R0012334,D0014388
R0000147,D0000178
R0023937,D0027784
R0015297,D0017781
R0012526,D0014623
R0032633,D0037988
R0009325,D0010827
R0010449,D0012163
R0001559,D0001817
R0037922,D0044424
R0025532,D0029656
R0008825,D0010225
R0018795,D0021842
R0005740,D0006655
R0010337,D0012032
R0012540,D0014642
R0028667,D0033338
R0030832,D0035800
R0016285,D0018942
R0014840,D0017270
R0033940,D0039614
R0038410,D0044993
R0020559,D0023912
R0010398,D0012106
R0016184,D0018821
R0017038,D0019812
R0013048,D0015241
R0014071,D0016410
R0008347,D0009652
R0034771,D0040661
R0033835,D0039472
R0015947,D0018541
R0016514,D0019202
R0000209,D0000247
R0016161,D0018796
R0014927,D0017368
R0029848,D0034687
R0025877,D0030047
R0004369,D0005062
R0018262,D0021217
R0031187,D0036196
R0022013,D0025589
R0000829,D0000986
R0019333,D0022480
R0015782,D0018345
R0037871,D0044362
R0004038,D0004688
R0037936,D0044439
R0002512,D0002939
R0036917,D0043288
R0039034,D0045706
R0035803,D0041900
R0035037,D0040966
R0022285,D0025905
R0017365,D0020189
R0023478,D0027254
R0018154,D0021097
R0006255,D0007231
R0001042,D0001233
R0016134,D0018766
R0009206,D0010684
R0030890,D0035864
R0017270,D0020078
R0009781,D0011360
R0024503,D0028467
R0012065,D0014065
R0008668,D0010038
R0008696,D0010070
R0007470,D0008612
R0032122,D0037320
R0025680,D0029815
R0033418,D0038921
R0014076,D0016416
R0003766,D0004371
R0001091,D0001289
R0013591,D0015883
R0026375,D0030639
R0026067,D0030277
R0015181,D0017654
R0014175,D0016525
R0022112,D0025708
R0020875,D0024298
R0023104,D0026826
R0038626,D0045236
R0034322,D0040089
R0025739,D0029882
R0009276,D0010771
R0023032,D0026738
R0020315,D0023634
R0013404,D0015663
R0018243,D0021195
R0009431,D0010949
R0026302,D0030554
R0025921,D0030103
R0013085,D0015290
R0025781,D0029933
R0015526,D0018042
R0032632,D0037986
R0002034,D0002377
R0002571,D0003006
R0030613,D0035547
R0007170,D0008275
R0024138,D0028020
R0025198,D0029271
R0030431,D0035331
R0036203,D0042435
R0021624,D0025154
R0014128,D0016472
R0027785,D0032290
R0013918,D0016234
R0019904,D0023131
R0009667,D0011233
R0002857,D0003337
R0002476,D0002894
R0025470,D0029583
R0025358,D0029459
R0039250,D0045948
R0028860,D0033556
R0024118,D0027999
R0037382,D0043809
R0028464,D0033096
R0015880,D0018465
R0026049,D0030256
R0001049,D0001241
R0028671,D0033342
R0016939,D0019701
R0032117,D0037315
R0027382,D0031822
R0030654,D0035594
R0004147,D0004809
R0032876,D0038287
R0030723,D0035671
R0014796,D0017218
R0026940,D0031320
R0001283,D0001508
R0014451,D0016837
R0009712,D0011287
R0015583,D0018108
R0016159,D0018794
R0032069,D0037261
R0000606,D0000716
R0018905,D0021967
R0026110,D0030334
R0000044,D0000052
R0000558,D0000661
R0017918,D0020818
R0018138,D0021076
R0008589,D0009945
R0014091,D0016433
R0022995,D0026695
R0034695,D0040569
R0023290,D0027031
R0012615,D0014734
R0014259,D0016624
R0035354,D0041327
R0004128,D0004788
R0016364,D0019035
R0027989,D0032528
R0005941,D0006880
R0011725,D0013661
R0020847,D0024265
R0008094,D0009345
R0022780,D0026461
R0022140,D0025740
R0004734,D0005488
R0034010,D0039698
R0013718,D0016022
R0017200,D0019997
R0038807,D0045448
R0000890,D0001055
R0025342,D0029441
R0020600,D0023966
R0003055,D0003566
R0037666,D0044128
R0032329,D0037588
R0016041,D0018655
R0009004,D0010432
R0027269,D0031694
R0019441,D0022598
R0018299,D0021267
R0030609,D0035543
R0018230,D0021182
R0033259,D0038742
R0031946,D0037096
R0024757,D0028759
R0034284,D0040045
R0030491,D0035406
R0005956,D0006897
R0013233,D0015464
R0005425,D0006280
R0003482,D0004046
R0018200,D0021150
R0012841,D0015007
R0020982,D0024421
R0014335,D0016705
R0038850,D0045496
R0014098,D0016440
R0038098,D0044631
R0032512,D0037830
R0024280,D0028193
R0007974,D0009203
R0029299,D0034071
R0001779,D0002078
R0001206,D0001418
R0034237,D0039986
R0024249,D0028155
R0027459,D0031909
R0024187,D0028079
R0027299,D0031726
R0001048,D0001240
R0024433,D0028375
R0037551,D0043999
R0017345,D0020167
R0019066,D0022165
R0028568,D0033221
R0004794,D0005559
R0010394,D0012101
R0016445,D0019126
R0032536,D0037864
R0035056,D0040987
R0021303,D0024781
R0030089,D0034955
R0019274,D0022414
R0036539,D0042841
R0024914,D0028936
R0036551,D0042855
R0033020,D0038462
R0023957,D0027808
R0004434,D0005138
R0022373,D0026007
R0008477,D0009813
R0000261,D0000313
R0030176,D0035048
R0004297,D0004982
R0018077,D0021001
R0014539,D0016931
R0018494,D0021497
R0023420,D0027184
R0003084,D0003599
R0031873,D0036996
R0000347,D0000414
R0020582,D0023941
R0021920,D0025488
R0020594,D0023957
R0029720,D0034547
R0022142,D0025742
R0012492,D0014588
R0009819,D0011408
R0020999,D0024440
R0035609,D0041646
R0003655,D0004247
R0006792,D0007837
R0017330,D0020149
R0030677,D0035618
R0014412,D0016789
R0034993,D0040921
R0019778,D0022984
R0016546,D0019235
R0015417,D0017919
R0022931,D0026625
R0032907,D0038322
R0015241,D0017720
R0009783,D0011362
R0016004,D0018609
R0021169,D0024628
R0003080,D0003595
R0025303,D0029397
R0007754,D0008943
R0009582,D0011134
R0014240,D0016599
R0009801,D0011381
R0039014,D0045684
R0027930,D0032463
R0029718,D0034545
R0028201,D0032783
R0034360,D0040138
R0032732,D0038112
R0027973,D0032510
R0029762,D0034593
R0029311,D0034084
R0020205,D0023504
R0005368,D0006213
R0016241,D0018890
R0018352,D0021330
R0031701,D0036781
R0037682,D0044146
R0017623,D0020486
R0014304,D0016673
R0027830,D0032349
R0006002,D0006950
R0006509,D0007517
R0027808,D0032315
R0011628,D0013552
R0032132,D0037330
R0010583,D0012317
R0029546,D0034346
R0018525,D0021531
R0032455,D0037750
R0023348,D0027100
R0017293,D0020111
R0027128,D0031535
R0013758,D0016064
R0002253,D0002637
R0005838,D0006764
R0004198,D0004867
R0029564,D0034366
R0018009,D0020919
R0030005,D0034860
R0005832,D0006758
R0004719,D0005471
R0038851,D0045497
R0005929,D0006868
R0012454,D0014545
R0005222,D0006043
R0019417,D0022572
R0027349,D0031786
R0019695,D0022889
R0014235,D0016593
R0007959,D0009185
R0039064,D0045739
R0002535,D0002963
R0008193,D0009471
R0020384,D0023710
R0029062,D0033796
R0030093,D0034959
R0007718,D0008903
R0022538,D0026193
R0000993,D0001176
R0019856,D0023077
R0022365,D0025994
R0029846,D0034685
R0011998,D0013988
R0026346,D0030608
R0004821,D0005589
R0019215,D0022340
R0001154,D0001363
R0017876,D0020772
R0014909,D0017347
R0027009,D0031402
R0010579,D0012312
R0007461,D0008601
R0019779,D0022986
R0006689,D0007717
R0003058,D0003569
R0016583,D0019287
R0036019,D0042206
R0034307,D0040073
R0009402,D0010917
R0008503,D0009846
R0032595,D0037933
R0002395,D0002802
R0033506,D0039024
R0030990,D0035973
R0016831,D0019580
R0021859,D0025410
R0017023,D0019795
R0028728,D0033402
R0027632,D0032110
R0000318,D0000381
R0014221,D0016576
R0026207,D0030449
R0030784,D0035742
R0008016,D0009254
R0032729,D0038109
R0024912,D0028934
R0015439,D0017943
R0026992,D0031382
R0024330,D0028248
R0036956,D0043332
R0017776,D0020660
R0019017,D0022105
R0025377,D0029480
R0028493,D0033134
R0009376,D0010886
R0002087,D0002443
R0031108,D0036106
R0002254,D0002638
R0009867,D0011463
R0002177,D0002548
R0005358,D0006199
R0002620,D0003061
R0038344,D0044914
R0021782,D0025327
R0006624,D0007643
R0027030,D0031424
R0000189,D0000227
R0012978,D0015162
R0011953,D0013932
R0012165,D0014178
R0008724,D0010104
R0031505,D0036565
R0038097,D0044630
R0006964,D0008031
R0035356,D0041329
R0022247,D0025863
R0016316,D0018975
R0011977,D0013959
R0017454,D0020291
R0029876,D0034717
R0010792,D0012573
R0013310,D0015556
R0037706,D0044174
R0030380,D0035277
R0025220,D0029294
R0006272,D0007250
R0006662,D0007685
R0029008,D0033735
R0034617,D0040471
R0038730,D0045354
R0020183,D0023477
R0000386,D0000457
R0021184,D0024644
R0017217,D0020018
R0011129,D0012985
R0038615,D0045223
R0031090,D0036085
R0020352,D0023674
R0005302,D0006135
R0005474,D0006342
R0035644,D0041693
R0015171,D0017643
R0016931,D0019693
R0004090,D0004746
R0028060,D0032614
R0032142,D0037343
R0025715,D0029858
R0017889,D0020785
R0018668,D0021696
R0009905,D0011507
R0013109,D0015318
R0011580,D0013497
R0029248,D0034008
R0039103,D0045782
R0003240,D0003778
R0022519,D0026172
R0021445,D0024953
R0003006,D0003509
R0018658,D0021685
R0016177,D0018814
R0000086,D0000106
R0001149,D0001357
R0003616,D0004202
R0023431,D0027196
R0000375,D0000445
R0002560,D0002992
R0012678,D0014813
R0024112,D0027990
R0010631,D0012377
R0002262,D0002647
R0031493,D0036552
R0010273,D0011955
R0009407,D0010922
R0018813,D0021862
R0026596,D0030904
R0011594,D0013513
R0012998,D0015184
R0034928,D0040842
R0034587,D0040438
R0021871,D0025423
R0022998,D0026698
R0033046,D0038492
R0013066,D0015265
R0033699,D0039281
R0002973,D0003472
R0037630,D0044090
R0017464,D0020302
R0012816,D0014975
R0002295,D0002688
R0033227,D0038698
R0023175,D0026906
R0029670,D0034491
R0014728,D0017145
R0017321,D0020140
R0011124,D0012975
R0005913,D0006850
R0001762,D0002052
R0022533,D0026187
R0027774,D0032275
R0015006,D0017456
R0009826,D0011417
R0007515,D0008661
R0018060,D0020979
R0026657,D0030976
R0032207,D0037431
R0001492,D0001745
R0001608,D0001882
R0025528,D0029649
R0035885,D0042014
R0003396,D0003952
R0007958,D0009183
R0039015,D0045685
R0012346,D0014401
R0013386,D0015641
R0014226,D0016581
R0027176,D0031589
R0037840,D0044329
R0017976,D0020885
R0017079,D0019857
R0029380,D0034159
R0002104,D0002467
R0014789,D0017210
R0019378,D0022532
R0034488,D0040307
R0024605,D0028586
R0006258,D0007235
R0009238,D0010726
R0026708,D0031036
R0029043,D0033774
R0023078,D0026791
R0036581,D0042896
R0037849,D0044338
R0013699,D0016001
R0022333,D0025959
R0014387,D0016760
R0036107,D0042317
R0019152,D0022266
R0015283,D0017767
R0031162,D0036168
R0035377,D0041357
R0012423,D0014498
R0018999,D0022083
R0007294,D0008413
R0029578,D0034383
R0013145,D0015360
R0014156,D0016501
R0032559,D0037890
R0007163,D0008266
R0022217,D0025823
R0001629,D0001906
R0036275,D0042535
R0011551,D0013467
R0016518,D0019206
R0014053,D0016386
R0007123,D0008217
R0020638,D0024012
R0030711,D0035657
R0005432,D0006289
R0035427,D0041418
R0003470,D0004034
R0028102,D0032663
R0024365,D0028291
R0016459,D0019140
R0008902,D0010317
R0038713,D0045334
R0038527,D0045123
R0007953,D0009177
R0037979,D0044489
R0002101,D0002462
R0034363,D0040141
R0036221,D0042464
R0030330,D0035223
R0029822,D0034655
R0005015,D0005801
R0020631,D0024005
R0027736,D0032227
R0026147,D0030378
R0020914,D0024340
R0025226,D0029301
R0010404,D0012112
R0008689,D0010062
R0021654,D0025185
R0007370,D0008495
R0025418,D0029527
R0022735,D0026409
R0012372,D0014433
R0025910,D0030088
R0031131,D0036130
R0034748,D0040635
R0029616,D0034427
R0036945,D0043319
R0001592,D0001861
R0025556,D0029685
R0035025,D0040954
R0037808,D0044293
R0037619,D0044079
R0036161,D0042381
R0000736,D0000873
R0013120,D0015330
R0007525,D0008675
R0005852,D0006782
R0035882,D0042009
R0032733,D0038113
R0018112,D0021041
R0020491,D0023834
R0014505,D0016895
R0034739,D0040622
R0031052,D0036041
R0035180,D0041129
R0022323,D0025947
R0036222,D0042465
R0016541,D0019230
R0003124,D0003646
R0037141,D0043538
R0030874,D0035846
R0009080,D0010530
R0037581,D0044032
R0036081,D0042284
R0015043,D0017502
R0011549,D0013464
R0029391,D0034170
R0001553,D0001811
R0034022,D0039711
R0015049,D0017509
R0020112,D0023387
R0018514,D0021519
R0015008,D0017458
R0019171,D0022286
R0011294,D0013172
R0021329,D0024817
R0038103,D0044637
R0020758,D0024159
R0029227,D0033987
R0038888,D0045540
R0017166,D0019958
R0023877,D0027708
R0022031,D0025609
R0016672,D0019388
R0025331,D0029427
R0028705,D0033378
R0014389,D0016762
R0026774,D0031120
R0018653,D0021680
R0029457,D0034243
R0036256,D0042507
R0002258,D0002642
R0000024,D0000030
R0014730,D0017147
R0033208,D0038677
R0002732,D0003192
R0034073,D0039771
R0010905,D0012707
R0023406,D0027168
R0001105,D0001306
R0035895,D0042028
R0031156,D0036161
R0001475,D0001722
R0031103,D0036100
R0015220,D0017696
R0031295,D0036321
R0038212,D0044763
R0008559,D0009907
R0016143,D0018775
R0024152,D0028037
R0022733,D0026407
R0029507,D0034301
R0012914,D0015087
R0006956,D0008022
R0030444,D0035348
R0032599,D0037939
R0003053,D0003564
R0023107,D0026831
R0027059,D0031457
R0019445,D0022603
R0008668,D0010037
R0003625,D0004212
R0029635,D0034449
R0014111,D0016454
R0027444,D0031894
R0023129,D0026855
R0013778,D0016087
R0019703,D0022898
R0013793,D0016104
R0025098,D0029151
R0026212,D0030456
R0020496,D0023839
R0037219,D0043628
R0033446,D0038956
R0010866,D0012660
R0010653,D0012404
R0019557,D0022730
R0003702,D0004301
R0016853,D0019605
R0031772,D0036871
R0008037,D0009275
R0004946,D0005728
R0011759,D0013698
R0033471,D0038984
R0004162,D0004825
R0024919,D0028943
R0026708,D0031037
R0032940,D0038365
R0036793,D0043141
R0020506,D0023851
R0025641,D0029775
R0029357,D0034134
R0028305,D0032907
R0027412,D0031856
R0017875,D0020771
R0015823,D0018390
R0011910,D0013880
R0023712,D0027522
R0036298,D0042561
R0022715,D0026385
R0014396,D0016772
R0004799,D0005564
R0013115,D0015325
R0034004,D0039692
R0003345,D0003895
R0002142,D0002512
R0012960,D0015143
R0002712,D0003170
R0027916,D0032449
R0019598,D0022779
R0011562,D0013478
R0032749,D0038130
R0008266,D0009560
R0015455,D0017961
R0003715,D0004316
R0034517,D0040347
R0030860,D0035832
R0030989,D0035972
R0021462,D0024971
R0028058,D0032612
R0011779,D0013720
R0036446,D0042735
R0000085,D0000105
R0026001,D0030203
R0015398,D0017898
R0037555,D0044005
R0016720,D0019448
R0022870,D0026558
R0033839,D0039478
R0017626,D0020489
R0002025,D0002366
R0001840,D0002152
R0022391,D0026027
R0007199,D0008306
R0020921,D0024349
R0015450,D0017954
R0001839,D0002151
R0034013,D0039701
R0003192,D0003728
R0003930,D0004556
R0023262,D0027000
R0007966,D0009192
R0014319,D0016689
R0032355,D0037618
R0011644,D0013571
R0026366,D0030629
R0021108,D0024557
R0003426,D0003985
R0035953,D0042115
R0029849,D0034688
R0032330,D0037589
R0037791,D0044274
R0026427,D0030693
R0012339,D0014394
R0029657,D0034476
R0004420,D0005122
R0015844,D0018416
R0033993,D0039680
R0004205,D0004875
R0021019,D0024461
R0038775,D0045409
R0005704,D0006611
R0006437,D0007435
R0018005,D0020915
R0012068,D0014068
R0031785,D0036887
R0018386,D0021365
R0035975,D0042143
R0005955,D0006896
R0034513,D0040343
R0033389,D0038890
R0024056,D0027925
R0038884,D0045535
R0005374,D0006220
R0016202,D0018842
R0001095,D0001293
R0034929,D0040844
R0021058,D0024503
R0010751,D0012520
R0037818,D0044304
R0022363,D0025992
R0024677,D0028668
R0003334,D0003884
R0014014,D0016340
R0033442,D0038952
R0009862,D0011458
R0018612,D0021626
R0001821,D0002127
R0028150,D0032721
R0007263,D0008380
R0037291,D0043706
R0011089,D0012929
R0038600,D0045207
R0003001,D0003503
R0013603,D0015895
R0036493,D0042789
R0001502,D0001755
R0038837,D0045479
R0002044,D0002388
R0021823,D0025372
R0024546,D0028516
R0005679,D0006581
R0018490,D0021493
R0011700,D0013634
R0021426,D0024931
R0011688,D0013622
R0030968,D0035948
R0033747,D0039351
R0008241,D0009528
R0026946,D0031326
R0005444,D0006303
R0032497,D0037810
R0000608,D0000719
R0028274,D0032868
R0033965,D0039644
R0035090,D0041025
R0016530,D0019218
R0011649,D0013578
R0004797,D0005562
R0016284,D0018940
R0019863,D0023084
R0017560,D0020416
R0017096,D0019876
R0017150,D0019941
R0023109,D0026834
R0034077,D0039775
R0002035,D0002378
R0026932,D0031310
R0034329,D0040098
R0020528,D0023878
R0015615,D0018150
R0036443,D0042732
R0021306,D0024784
R0031185,D0036194
R0000107,D0000130
R0030793,D0035752
R0013069,D0015269
R0038829,D0045471
R0030766,D0035722
R0016875,D0019628
R0033470,D0038983
R0007368,D0008493
R0014179,D0016529
R0021335,D0024823
R0024468,D0028418
R0027302,D0031730
R0026717,D0031051
R0008482,D0009819
R0038808,D0045449
R0023979,D0027838
R0023252,D0026987
R0021023,D0024465
R0014103,D0016445
R0032730,D0038110
R0018504,D0021507
R0002811,D0003282
R0012086,D0014089
R0012054,D0014053
R0026918,D0031292
R0020281,D0023597
R0006514,D0007524
R0005666,D0006568
R0005975,D0006921
R0004252,D0004927
R0030851,D0035820
R0039112,D0045792
R0015222,D0017698
R0016018,D0018625
R0017596,D0020458
R0024046,D0027915
R0001345,D0001575
R0014343,D0016714
R0023704,D0027514
R0003999,D0004637
R0018465,D0021464
R0022719,D0026389
R0015882,D0018467
R0010661,D0012413
R0038018,D0044534
R0026889,D0031253
R0034765,D0040655
R0035580,D0041611
R0020902,D0024327
R0039047,D0045719
R0008357,D0009665
R0002046,D0002392
R0006344,D0007329
R0034818,D0040714
R0012159,D0014171
R0033927,D0039597
R0020171,D0023459
R0009041,D0010484
R0026550,D0030844
R0015213,D0017689
R0017773,D0020657
R0014020,D0016346
R0006850,D0007903
R0033938,D0039610
R0014698,D0017105
R0037812,D0044298
R0007818,D0009017
R0014242,D0016602
R0023331,D0027079
R0010666,D0012418
R0026444,D0030714
R0036210,D0042447
R0027637,D0032117
R0004608,D0005350
R0036289,D0042551
R0019653,D0022843
R0023333,D0027081
R0011396,D0013294
R0038438,D0045024
R0030147,D0035018
R0032944,D0038369
R0011867,D0013818
R0027493,D0031949
R0000418,D0000492
R0037053,D0043441
R0036591,D0042907
R0012883,D0015055
R0019298,D0022441
R0016444,D0019125
R0007106,D0008196
R0004155,D0004818
R0019045,D0022140
R0008296,D0009593
R0016482,D0019166
R0010117,D0011765
R0008690,D0010063
R0010341,D0012036
R0033455,D0038967
R0000939,D0001111
R0028497,D0033138
R0018788,D0021834
R0009053,D0010498
R0033871,D0039527
R0028815,D0033505
R0020831,D0024248
R0035537,D0041558
R0000063,D0000076
R0031167,D0036173
R0005276,D0006105
R0025167,D0029234
R0032522,D0037844
R0033115,D0038570
R0024872,D0028889
R0023211,D0026944
R0030273,D0035159
R0012932,D0015110
R0023486,D0027264
R0025502,D0029621
R0028918,D0033626
R0035073,D0041006
R0021501,D0025013
R0017439,D0020275
R0019239,D0022369
R0031961,D0037116
R0004127,D0004787
R0013555,D0015838
R0035473,D0041478
R0001273,D0001496
R0028097,D0032656
R0007599,D0008763
R0003736,D0004339
R0000897,D0001063
R0016477,D0019161
R0035576,D0041607
R0023438,D0027203
R0019839,D0023058
R0028747,D0033423
R0012991,D0015176
R0036375,D0042645
R0009630,D0011189
R0019693,D0022887
R0006967,D0008034
R0009305,D0010803
R0028442,D0033067
R0029115,D0033859
R0008921,D0010339
R0018675,D0021703
R0008849,D0010258
R0011442,D0013345
R0021189,D0024650
R0026547,D0030841
R0000838,D0000995
R0011022,D0012847
R0035531,D0041550
R0007061,D0008142
R0004958,D0005741
R0025455,D0029568
R0032750,D0038131
R0037998,D0044509
R0010271,D0011953
R0035671,D0041727
R0005350,D0006191
R0016352,D0019022
R0015987,D0018588
R0022080,D0025667
R0002786,D0003253
R0001922,D0002242
R0026641,D0030959
R0033829,D0039463
R0003210,D0003746
R0027771,D0032272
R0015888,D0018475
R0026718,D0031052
R0036076,D0042279
R0015820,D0018387
R0023006,D0026707
R0020024,D0023282
R0011492,D0013399
R0013251,D0015486
R0001388,D0001622
R0028250,D0032840
R0024671,D0028659
R0008013,D0009249
R0026511,D0030800
R0037481,D0043918
R0024236,D0028140
R0026456,D0030730
R0016398,D0019074
R0035200,D0041151
R0039023,D0045695
R0034826,D0040723
R0033912,D0039580
R0000723,D0000857
R0016173,D0018810
R0000968,D0001144
R0016727,D0019455
R0010899,D0012699
R0031228,D0036241
R0015022,D0017478
R0003997,D0004635
R0037192,D0043599
R0000466,D0000549
R0010420,D0012128
R0037249,D0043660
R0023774,D0027596
R0028961,D0033674
R0018571,D0021579
R0011016,D0012839
R0008489,D0009828
R0019594,D0022774
R0028885,D0033585
R0034978,D0040900
R0026696,D0031021
R0015461,D0017968
R0002451,D0002863
R0031911,D0037046
R0025860,D0030030
R0021612,D0025142
R0021628,D0025158
R0035432,D0041423
R0031752,D0036845
R0034773,D0040663
R0003541,D0004114
R0001984,D0002317
R0001805,D0002109
R0036731,D0043065
R0012888,D0015060
R0005227,D0006048
R0009230,D0010717
R0034444,D0040242
R0034668,D0040535
R0000607,D0000718
R0031074,D0036066
R0006936,D0008001
R0003173,D0003701
R0033401,D0038904
R0004562,D0005292
R0002378,D0002781
R0024927,D0028952
R0037130,D0043526
R0001760,D0002050
R0005445,D0006304
R0011633,D0013557
R0000096,D0000117
R0008762,D0010153
R0035260,D0041217
R0028387,D0033004
R0031992,D0037157
R0000998,D0001182
R0021407,D0024909
R0031887,D0037012
R0036365,D0042632
R0026638,D0030956
R0001544,D0001801
R0015037,D0017496
R0034039,D0039731
R0038381,D0044959
R0032415,D0037700
R0025290,D0029382
R0021226,D0024693
R0033979,D0039664
R0029156,D0033905
R0031438,D0036489
R0037580,D0044031
R0018826,D0021876
R0008674,D0010045
R0035016,D0040945
R0012820,D0014980
R0031583,D0036651
R0021167,D0024626
R0000678,D0000797
R0010044,D0011670
R0016903,D0019660
R0002022,D0002362
R0020396,D0023722
R0030603,D0035536
R0027387,D0031828
R0018184,D0021129
R0037803,D0044288
R0013068,D0015268
R0026967,D0031349
R0034221,D0039967
R0018507,D0021512
R0018882,D0021940
R0031039,D0036028
R0011757,D0013696
R0008812,D0010210
R0029539,D0034338
R0018203,D0021153
R0029420,D0034202
R0027740,D0032232
R0001956,D0002282
R0006341,D0007326
R0015902,D0018489
R0011274,D0013148
R0005225,D0006046
R0007247,D0008360
R0028296,D0032895
R0028458,D0033090
R0005533,D0006409
R0012972,D0015156
R0015509,D0018023
R0006444,D0007443
R0013100,D0015309
R0035969,D0042134
R0014393,D0016767
R0035434,D0041425
R0035328,D0041296
R0001202,D0001414
R0016729,D0019458
R0022351,D0025979
R0004098,D0004754
R0027433,D0031880
R0032104,D0037302
R0033748,D0039352
R0016819,D0019566
R0012806,D0014965
R0017415,D0020249
R0011372,D0013263
R0026226,D0030470
R0021910,D0025473
R0015743,D0018298
R0036194,D0042425
R0016350,D0019017
R0003306,D0003852
R0032076,D0037269
R0006221,D0007191
R0035370,D0041349
R0022444,D0026088
R0015489,D0018001
R0003064,D0003575
R0039251,D0045949
R0000879,D0001042
R0004064,D0004716
R0001743,D0002033
R0024113,D0027991
R0036892,D0043261
R0022908,D0026600
R0021884,D0025438
R0015504,D0018018
R0029495,D0034289
R0015253,D0017733
R0007031,D0008109
R0032399,D0037679
R0010614,D0012355
R0020590,D0023951
R0017037,D0019810
R0022251,D0025867
R0004097,D0004753
R0033671,D0039234
R0009543,D0011087
R0036521,D0042822
R0029073,D0033810
R0001887,D0002201
R0013297,D0015538
R0031359,D0036398
R0025693,D0029831
R0006787,D0007831
R0013782,D0016091
R0024012,D0027876
R0029834,D0034671
R0019647,D0022836
R0027756,D0032254
R0002582,D0003018
R0034841,D0040743
R0031827,D0036940
R0024528,D0028494
R0001939,D0002263
R0031665,D0036740
R0038504,D0045096
R0022677,D0026343
R0022580,D0026237
R0008796,D0010188
R0007864,D0009069
R0023028,D0026734
R0033356,D0038851
R0024206,D0028105
R0015706,D0018256
R0038116,D0044652
R0000523,D0000616
R0003358,D0003908
R0018916,D0021981
R0034351,D0040128
R0034450,D0040250
R0029433,D0034217
R0022269,D0025888
R0037083,D0043474
R0008555,D0009903
R0006646,D0007668
R0010985,D0012800
R0011171,D0013034
R0009336,D0010840
R0000354,D0000422
R0019559,D0022732
R0026573,D0030873
R0025761,D0029906
R0036309,D0042574
R0021592,D0025122
R0024602,D0028582
R0028419,D0033039
R0038913,D0045568
R0000922,D0001091
R0011535,D0013449
R0029446,D0034231
R0035887,D0042016
R0036740,D0043074
R0029133,D0033879
R0000980,D0001159
R0030114,D0034981
R0020806,D0024217
R0036384,D0042655
R0020991,D0024430
R0013662,D0015960
R0021753,D0025297
R0038932,D0045590
R0028414,D0033033
R0034127,D0039846
R0032058,D0037247
R0005700,D0006607
R0019004,D0022088
R0012657,D0014787
R0002423,D0002834
R0004229,D0004902
R0035805,D0041904
R0004029,D0004675
R0016864,D0019616
R0026206,D0030448
R0007012,D0008085
R0019138,D0022249
R0025307,D0029402
R0033717,D0039306
R0030926,D0035903
R0024569,D0028542
R0018332,D0021307
R0014468,D0016855
R0038035,D0044556
R0019924,D0023158
R0020718,D0024112
R0009565,D0011114
R0010994,D0012811
R0035814,D0041918
R0025396,D0029502
R0009548,D0011092
R0006459,D0007461
R0036349,D0042615
R0034909,D0040822
R0010129,D0011779
R0022487,D0026135
R0036501,D0042797
R0014333,D0016703
R0034715,D0040595
R0003588,D0004169
R0037735,D0044206
R0010489,D0012210
R0012449,D0014536
R0013879,D0016193
R0021149,D0024604
R0026988,D0031377
R0010756,D0012525
R0007415,D0008547
R0003404,D0003960
R0007184,D0008289
R0016023,D0018635
R0015531,D0018047
R0012658,D0014789
R0038962,D0045622
R0012488,D0014584
R0035214,D0041166
R0010325,D0012016
R0037819,D0044306
R0016242,D0018891
R0022959,D0026656
R0000250,D0000300
R0016900,D0019657
R0019195,D0022317
R0036171,D0042396
R0038706,D0045327
R0023170,D0026900
R0028838,D0033529
R0002492,D0002912
R0026269,D0030519
R0022291,D0025914
R0008197,D0009477
R0035493,D0041505
R0026969,D0031353
R0027714,D0032203
R0015701,D0018249
R0037104,D0043498
R0001416,D0001653
R0021127,D0024577
R0022962,D0026659
R0004464,D0005179
R0020303,D0023622
R0016527,D0019215
R0001243,D0001464
R0037448,D0043883
R0022790,D0026472
R0035848,D0041965
R0014857,D0017289
R0029794,D0034627
R0001783,D0002082
R0028405,D0033023
R0013235,D0015466
R0033754,D0039359
R0021231,D0024698
R0001503,D0001757
R0016795,D0019537
R0027839,D0032358
R0008940,D0010358
R0018678,D0021706
R0008981,D0010406
R0015118,D0017584
R0032762,D0038145
R0032054,D0037242
R0029106,D0033848
R0031043,D0036032
R0000928,D0001099
R0017408,D0020242
R0032703,D0038075
R0026799,D0031151
R0006037,D0006989
R0035577,D0041608
R0017288,D0020105
R0032754,D0038135
R0022208,D0025812
R0026988,D0031375
R0012559,D0014664
R0030398,D0035295
R0023319,D0027065
R0026278,D0030528
R0026833,D0031191
R0018598,D0021610
R0031231,D0036244
R0021285,D0024762
R0011706,D0013640
R0024621,D0028604
R0033596,D0039132
R0037409,D0043838
R0027896,D0032427
R0006867,D0007921
R0019027,D0022116
R0021490,D0025000
R0019700,D0022894
R0032837,D0038244
R0006500,D0007507
R0020937,D0024367
R0009322,D0010824
R0018918,D0021983
R0021103,D0024552
R0026831,D0031189
R0029335,D0034109
R0031813,D0036923
R0032790,D0038183
R0010180,D0011837
R0033601,D0039138
R0013186,D0015408
R0038880,D0045531
R0032070,D0037262
R0031889,D0037015
R0035133,D0041075
R0032567,D0037899
R0026639,D0030957
R0015559,D0018079
R0009902,D0011504
R0022985,D0026684
R0034129,D0039849
R0035265,D0041224
R0030698,D0035641
R0015624,D0018159
R0009185,D0010659
R0018451,D0021449
R0035824,D0041933
R0037015,D0043401
R0016018,D0018626
R0026661,D0030980
R0003775,D0004381
R0020016,D0023270
R0000779,D0000926
R0026679,D0031000
R0035405,D0041391
R0034246,D0039997
R0022422,D0026065
R0038161,D0044704
R0002028,D0002369
R0034525,D0040360
R0003565,D0004139
R0001076,D0001271
R0035877,D0042004
R0006031,D0006981
R0013065,D0015264
R0023490,D0027268
R0010558,D0012288
R0013695,D0015997
R0006824,D0007872
R0003101,D0003619
R0021500,D0025012
R0013362,D0015614
R0034052,D0039745
R0034704,D0040581
R0006629,D0007649
R0000847,D0001005
R0035607,D0041644
R0001817,D0002122
R0038692,D0045309
R0028219,D0032804
R0028760,D0033441
R0022197,D0025800
R0010593,D0012327
R0007018,D0008092
R0004761,D0005522
R0021178,D0024638
R0023094,D0026812
R0034289,D0040054
R0016993,D0019764
R0039162,D0045850
R0014967,D0017412
R0013405,D0015664
R0038387,D0044968
R0036845,D0043209
R0027842,D0032363
R0012356,D0014411
R0007548,D0008700
R0029470,D0034258
R0018163,D0021107
R0003725,D0004327
R0031927,D0037071
R0012402,D0014471
R0015834,D0018401
R0037591,D0044043
R0012067,D0014067
R0010368,D0012068
R0027376,D0031815
R0010009,D0011632
R0026827,D0031185
R0019962,D0023212
R0017707,D0020584
R0015839,D0018409
R0019710,D0022905
R0008383,D0009695
R0016924,D0019684
R0020066,D0023336
R0011911,D0013881
R0016366,D0019037
R0007194,D0008300
R0005200,D0006019
R0021327,D0024814
R0035095,D0041030
R0023629,D0027426
R0023822,D0027648
R0035746,D0041828
R0027498,D0031954
R0003459,D0004021
R0026620,D0030932
R0032869,D0038279
R0010390,D0012095
R0016141,D0018773
R0009106,D0010562
R0013970,D0016292
R0008225,D0009509
R0033097,D0038551
R0014358,D0016731
R0030490,D0035404
R0020238,D0023542
R0034620,D0040474
R0002685,D0003139
R0000902,D0001068
R0026879,D0031243
R0008336,D0009641
R0024294,D0028207
R0025199,D0029272
R0025791,D0029946
R0008723,D0010103
R0033684,D0039259
R0034285,D0040048
R0013043,D0015234
R0024457,D0028405
R0002879,D0003361
R0037246,D0043657
R0013301,D0015545
R0000542,D0000637
R0024472,D0028424
R0022252,D0025869
R0015774,D0018335
R0027872,D0032395
R0017019,D0019790
R0007719,D0008905
R0033540,D0039060
R0021832,D0025381
R0030594,D0035527
R0026510,D0030799
R0007084,D0008167
R0005945,D0006885
R0006248,D0007224
R0026647,D0030965
R0018287,D0021252
R0011276,D0013150
R0002697,D0003154
R0029725,D0034552
R0018389,D0021369
R0014918,D0017357
R0018863,D0021918
R0015738,D0018292
R0016102,D0018724
R0003540,D0004113
R0011054,D0012886
R0000858,D0001017
R0015469,D0017976
R0024979,D0029008
R0013468,D0015739
R0030166,D0035038
R0006664,D0007687
R0019200,D0022323
R0021396,D0024897
R0001584,D0001851
R0020470,D0023808
R0037595,D0044047
R0000682,D0000801
R0022113,D0025709
R0018039,D0020957
R0019728,D0022929
R0022769,D0026450
R0021563,D0025087
R0016680,D0019397
R0018371,D0021349
R0025487,D0029604
R0016658,D0019372
R0037752,D0044228
R0029117,D0033861
R0004185,D0004852
R0010154,D0011807
R0012052,D0014051
R0026166,D0030401
R0021776,D0025321
R0029586,D0034391
R0029572,D0034376
R0027874,D0032399
R0007444,D0008580
R0013887,D0016202
R0034403,D0040186
R0019351,D0022499
R0038210,D0044761
R0031089,D0036084
R0012184,D0014204
R0022878,D0026566
R0014015,D0016341
R0036921,D0043292
R0004531,D0005254
R0000184,D0000221
R0020159,D0023444
R0037070,D0043460
R0008377,D0009685
R0037442,D0043876
R0033445,D0038955
R0037924,D0044426
R0001677,D0001955
R0001166,D0001376
R0013482,D0015755
R0032172,D0037385
R0035773,D0041860
R0028935,D0033645
R0012411,D0014484
R0012108,D0014114
R0009932,D0011542
R0003201,D0003737
R0004870,D0005646
R0008100,D0009354
R0001429,D0001670
R0022499,D0026147
R0029306,D0034078
R0008232,D0009517
R0019287,D0022430
R0003577,D0004154
R0038247,D0044798
R0010809,D0012592
R0008394,D0009712
R0015126,D0017593
R0029006,D0033732
R0027084,D0031485
R0003707,D0004308
R0015285,D0017769
R0003186,D0003722
R0034323,D0040092
R0039045,D0045717
R0005009,D0005795
R0000106,D0000129
R0035724,D0041801
R0034525,D0040361
R0002630,D0003072
R0018391,D0021372
R0038365,D0044938
R0005194,D0006011
R0011969,D0013950
R0020940,D0024370
R0001002,D0001186
R0032254,D0037495
R0006275,D0007254
R0010084,D0011723
R0022510,D0026163
R0013661,D0015959
R0026224,D0030468
R0009519,D0011057
R0037031,D0043418
R0034589,D0040440
R0030553,D0035479
R0013196,D0015419
R0014245,D0016606
R0029258,D0034019
R0024737,D0028738
R0038060,D0044586
R0026770,D0031116
R0009297,D0010794
R0033589,D0039118
R0033610,D0039148
R0019120,D0022225
R0012976,D0015160
R0015749,D0018306
R0004448,D0005158
R0005841,D0006769
R0028423,D0033045
R0029844,D0034683
R0014705,D0017112
R0033127,D0038582
R0034835,D0040733
R0024258,D0028168
R0021488,D0024998
R0023326,D0027073
R0016978,D0019746
R0038297,D0044858
R0013456,D0015727
R0016726,D0019454
R0027384,D0031824
R0037451,D0043886
R0010467,D0012184
R0000721,D0000853
R0029229,D0033989
R0032138,D0037338
R0020550,D0023903
R0033833,D0039468
R0002692,D0003148
R0028513,D0033155
R0030909,D0035883
R0037508,D0043947
R0014290,D0016658
R0032925,D0038345
R0019798,D0023005
R0034780,D0040672
R0024276,D0028188
R0008291,D0009588
R0003005,D0003507
R0017221,D0020022
R0029631,D0034445
R0027633,D0032111
R0005230,D0006051
R0024992,D0029023
R0017572,D0020429
R0016138,D0018770
R0030700,D0035644
R0010453,D0012168
R0022877,D0026565
R0039291,D0045998
R0000645,D0000758
R0024390,D0028320
R0006842,D0007895
R0010761,D0012531
R0015046,D0017505
R0016390,D0019064
R0006790,D0007835
R0030643,D0035582
R0023670,D0027473
R0019813,D0023026
R0028160,D0032735
R0028877,D0033577
R0000606,D0000715
R0000915,D0001083
R0037582,D0044033
R0024033,D0027898
R0028431,D0033054
R0000630,D0000742
R0030175,D0035047
R0022063,D0025646
R0037782,D0044264
R0030382,D0035279
R0008543,D0009890
R0005392,D0006238
R0013490,D0015764
R0026689,D0031012
R0011105,D0012952
R0025802,D0029960
R0016315,D0018974
R0034933,D0040850
R0022325,D0025949
R0020764,D0024166
R0024422,D0028359
R0019830,D0023047
R0021919,D0025487
R0033848,D0039494
R0033118,D0038573
R0011735,D0013672
R0026485,D0030764
R0011118,D0012968
R0028129,D0032698
R0033917,D0039585
R0021616,D0025146
R0036072,D0042272
R0031941,D0037089
R0029948,D0034798
R0024599,D0028578
R0007238,D0008347
R0021493,D0025004
R0007483,D0008625
R0031937,D0037084
R0024289,D0028202
R0018294,D0021261
R0003631,D0004218
R0019682,D0022876
R0005139,D0005952
R0033296,D0038782
R0025612,D0029745
R0006635,D0007656
R0014494,D0016882
R0037303,D0043721
R0025867,D0030037
R0001628,D0001904
R0008851,D0010260
R0036757,D0043093
R0037622,D0044082
R0013922,D0016238
R0027611,D0032086
R0006729,D0007765
R0014665,D0017069
R0007121,D0008213
R0013670,D0015969
R0021717,D0025256
R0022744,D0026419
R0017377,D0020204
R0019746,D0022949
R0015113,D0017579
R0027252,D0031674
R0025328,D0029424
R0035005,D0040933
R0032482,D0037789
R0027681,D0032166
R0000936,D0001108
R0016881,D0019634
R0025280,D0029367
R0017857,D0020750
R0020332,D0023652
R0025933,D0030118
R0026161,D0030396
R0039152,D0045836
R0012580,D0014694
R0035648,D0041699
R0035720,D0041797
R0030182,D0035056
R0030240,D0035123
R0019198,D0022321
R0010134,D0011785
R0015528,D0018044
R0012304,D0014347
R0002382,D0002787
R0013389,D0015644
R0034627,D0040486
R0031129,D0036128
R0011407,D0013306
R0031916,D0037052
R0014896,D0017330
R0000245,D0000293
R0003335,D0003885
R0024032,D0027897
R0030627,D0035564
R0010747,D0012513
R0013074,D0015277
R0024811,D0028819
R0015950,D0018544
R0003778,D0004384
R0006720,D0007754
R0032741,D0038122
R0017394,D0020223
R0014211,D0016566
R0021736,D0025277
R0007285,D0008404
R0012660,D0014791
R0002718,D0003177
R0029509,D0034303
R0019380,D0022534
R0012897,D0015069
R0005470,D0006338
R0013091,D0015297
R0006017,D0006965
R0005608,D0006500
R0037473,D0043909
R0038978,D0045645
R0017475,D0020316
R0019603,D0022786
R0018754,D0021796
R0008702,D0010076
R0024927,D0028951
R0036230,D0042475
R0027496,D0031952
R0035406,D0041392
R0012993,D0015178
R0026406,D0030672
R0034600,D0040452
R0021348,D0024838
R0024364,D0028290
R0035747,D0041829
R0016089,D0018707
R0024561,D0028534
R0025586,D0029717
R0019941,D0023180
R0028163,D0032738
R0014675,D0017079
R0018950,D0022019
R0024976,D0029005
R0008532,D0009878
R0037928,D0044430
R0004679,D0005426
R0003165,D0003693
R0025504,D0029623
R0016688,D0019409
R0035758,D0041843
R0006065,D0007021
R0020128,D0023407
R0032879,D0038290
R0018570,D0021578
R0026279,D0030529
R0018530,D0021536
R0020642,D0024016
R0033348,D0038842
R0003048,D0003559
R0034718,D0040598
R0036724,D0043057
R0021272,D0024747
R0038435,D0045019
R0007675,D0008855
R0027332,D0031765
R0027446,D0031896
R0012999,D0015186
R0021079,D0024524
R0003539,D0004112
R0028362,D0032975
R0034543,D0040381
R0021699,D0025237
R0026871,D0031235
R0027856,D0032379
R0029700,D0034524
R0024753,D0028755
R0001986,D0002320
R0016145,D0018779
R0009120,D0010584
R0023714,D0027525
R0005854,D0006784
R0037108,D0043502
R0014707,D0017116
R0023322,D0027069
R0025217,D0029291
R0005756,D0006674
R0002997,D0003499
R0037858,D0044348
R0022575,D0026232
R0018142,D0021081
R0000394,D0000466
R0007251,D0008366
R0001478,D0001725
R0029019,D0033746
R0030979,D0035962
R0034867,D0040775
R0016935,D0019697
R0030351,D0035246
R0035986,D0042157
R0004505,D0005226
R0032292,D0037543
R0009603,D0011159
R0009014,D0010446
R0009615,D0011172
R0038609,D0045217
R0001498,D0001751
R0024179,D0028070
R0006825,D0007873
R0008445,D0009780
R0016283,D0018939
R0035971,D0042138
R0032368,D0037640
R0022612,D0026274
R0020398,D0023724
R0037406,D0043833
R0023666,D0027468
R0019835,D0023052
R0004694,D0005442
R0021626,D0025156
R0014492,D0016879
R0014402,D0016779
R0019205,D0022328
R0024544,D0028514
R0005545,D0006422
R0002921,D0003411
R0019128,D0022234
R0020049,D0023317
R0001434,D0001675
R0036540,D0042842
R0025075,D0029122
R0033765,D0039374
R0002737,D0003198
R0034563,D0040405
R0020369,D0023694
R0036723,D0043056
R0001223,D0001436
R0031652,D0036727
R0019495,D0022661
R0002492,D0002913
R0004145,D0004806
R0004741,D0005496
R0009575,D0011126
R0016150,D0018785
R0017073,D0019851
R0010416,D0012124
R0025645,D0029779
R0006563,D0007578
R0026794,D0031145
R0023655,D0027456
R0029399,D0034178
R0023039,D0026746
R0014525,D0016916
R0039178,D0045868
R0004415,D0005115
R0018720,D0021759
R0026307,D0030562
R0017765,D0020648
R0038429,D0045013
R0027428,D0031875
R0021829,D0025378
R0012463,D0014555
R0017935,D0020839
R0023468,D0027241
R0020182,D0023475
R0006849,D0007902
R0038209,D0044759
R0023123,D0026848
R0034175,D0039912
R0017755,D0020637
R0014826,D0017252
R0017146,D0019937
R0009771,D0011350
R0021037,D0024480
R0018965,D0022040
R0020160,D0023445
R0000222,D0000266
R0007045,D0008124
R0039136,D0045819
R0001527,D0001783
R0019094,D0022194
R0029837,D0034674
R0000951,D0001126
R0034392,D0040173
R0020460,D0023794
R0029109,D0033852
R0020257,D0023567
R0012590,D0014705
R0014207,D0016562
R0015010,D0017460
R0022108,D0025703
R0002463,D0002878
R0036192,D0042423
R0022409,D0026050
R0032171,D0037384
R0014642,D0017043
R0036832,D0043194
R0028510,D0033152
R0034507,D0040332
R0013372,D0015626
R0013713,D0016016
R0017919,D0020819
R0023965,D0027818
R0009942,D0011553
R0019075,D0022174
R0023582,D0027374
R0038747,D0045377
R0017070,D0019848
R0021735,D0025276
R0030794,D0035753
R0019912,D0023140
R0028628,D0033291
R0014868,D0017300
R0019252,D0022385
R0018322,D0021295
R0008883,D0010297
R0002847,D0003324
R0004658,D0005403
R0036482,D0042775
R0026805,D0031157
R0019608,D0022793
R0022669,D0026332
R0028135,D0032705
R0012723,D0014867
R0027325,D0031755
R0015051,D0017511
R0039207,D0045903
R0011517,D0013430
R0005070,D0005871
R0001204,D0001416
R0014336,D0016706
R0012576,D0014688
R0003245,D0003784
R0018640,D0021661
R0034713,D0040592
R0008366,D0009674
R0009099,D0010553
R0003312,D0003859
R0012809,D0014968
R0035853,D0041970
R0010680,D0012432
R0032672,D0038036
R0000109,D0000132
R0001990,D0002324
R0033727,D0039320
R0007315,D0008436
R0033239,D0038715
R0001778,D0002077
R0006748,D0007788
R0005269,D0006097
R0036741,D0043075
R0020207,D0023506
R0003603,D0004187
R0019150,D0022263
R0027277,D0031703
R0018158,D0021102
R0020615,D0023986
R0001640,D0001917
R0028960,D0033673
R0020739,D0024138
R0006431,D0007428
R0031311,D0036339
R0015175,D0017648
R0029935,D0034783
R0023268,D0027006
R0024300,D0028213
R0006830,D0007879
R0005457,D0006319
R0020679,D0024065
R0000062,D0000075
R0007898,D0009112
R0035650,D0041701
R0014472,D0016859
R0016711,D0019437
R0014218,D0016573
R0027918,D0032451
R0013805,D0016116
R0001485,D0001735
R0006881,D0007937
R0018752,D0021794
R0000352,D0000420
R0019963,D0023213
R0030878,D0035850
R0010179,D0011836
R0007611,D0008777
R0019368,D0022520
R0025691,D0029829
R0007607,D0008771
R0026110,D0030335
R0003862,D0004480
R0008615,D0009975
R0036299,D0042563
R0011932,D0013906
R0022430,D0026074
R0010779,D0012554
R0035766,D0041851
R0004181,D0004847
R0023345,D0027096
R0036142,D0042360
R0009406,D0010921
R0017028,D0019800
R0010210,D0011874
R0005770,D0006690
R0024756,D0028758
R0019488,D0022653
R0020057,D0023325
R0007957,D0009182
R0002930,D0003423
R0025241,D0029319
R0007667,D0008847
R0036653,D0042985
R0010557,D0012286
R0017940,D0020844
R0038249,D0044800
R0024348,D0028271
R0038895,D0045547
R0001808,D0002112
R0029159,D0033910
R0009595,D0011148
R0028567,D0033219
R0016588,D0019292
R0018953,D0022024
R0016614,D0019319
R0016547,D0019237
R0025983,D0030183
R0024338,D0028257
R0008063,D0009311
R0012697,D0014837
R0018534,D0021540
R0012754,D0014906
R0028619,D0033281
R0034190,D0039930
R0028233,D0032819
R0027691,D0032178
R0004538,D0005262
R0009368,D0010878
R0015822,D0018389
R0037139,D0043536
R0033336,D0038827
R0024579,D0028554
R0021597,D0025127
R0018764,D0021806
R0038688,D0045305
R0028570,D0033223
R0003708,D0004309
R0008488,D0009827
R0008632,D0009997
R0023240,D0026974
R0037911,D0044410
R0014422,D0016800
R0025353,D0029453
R0027319,D0031748
R0031574,D0036641
R0032196,D0037415
R0011835,D0013780
R0036517,D0042816
R0011185,D0013050
R0027789,D0032296
R0016153,D0018788
R0038145,D0044685
R0037158,D0043557
R0028112,D0032675
R0005951,D0006892
R0025456,D0029569
R0032952,D0038380
R0007104,D0008194
R0033080,D0038528
R0032938,D0038363
R0027128,D0031536
R0002605,D0003046
R0016078,D0018694
R0036441,D0042730
R0009015,D0010447
R0038022,D0044538
R0022189,D0025792
R0019999,D0023252
R0030366,D0035263
R0012892,D0015064
R0022341,D0025968
R0037488,D0043925
R0037401,D0043828
R0028288,D0032886
R0028299,D0032900
R0002950,D0003445
R0021471,D0024980
R0033362,D0038857
R0037937,D0044441
R0038725,D0045347
R0027157,D0031567
R0007227,D0008335
R0024224,D0028126
R0037199,D0043606
R0026063,D0030273
R0001298,D0001524
R0006841,D0007894
R0000330,D0000395
R0028020,D0032563
R0001676,D0001954
R0018105,D0021034
R0016367,D0019038
R0034745,D0040631
R0004049,D0004699
R0023016,D0026719
R0034214,D0039960
R0003852,D0004465
R0020295,D0023613
R0031085,D0036079
R0000225,D0000269
R0000561,D0000665
R0004502,D0005221
R0012846,D0015014
R0017962,D0020870
R0012318,D0014366
R0021933,D0025504
R0026260,D0030509
R0021765,D0025309
R0020169,D0023456
R0013472,D0015743
R0016004,D0018608
R0033202,D0038671
R0019388,D0022542
R0007974,D0009202
R0012831,D0014997
R0000632,D0000744
R0021317,D0024801
R0018976,D0022055
R0015900,D0018487
R0033554,D0039074
R0003662,D0004254
R0007915,D0009134
R0013315,D0015562
R0000278,D0000334
R0020256,D0023566
R0038302,D0044863
R0016214,D0018857
R0028680,D0033351
R0004867,D0005642
R0010482,D0012202
R0031232,D0036245
R0032875,D0038286
R0000061,D0000074
R0014483,D0016870
R0015982,D0018582
R0006541,D0007553
R0034212,D0039957
R0004003,D0004641
R0014042,D0016372
R0016870,D0019623
R0026674,D0030995
R0039114,D0045794
R0025285,D0029374
R0007696,D0008879
R0038394,D0044976
R0015244,D0017723
R0039135,D0045817
R0024000,D0027860
R0017192,D0019989
R0020699,D0024089
R0007497,D0008642
R0022449,D0026093
R0035528,D0041547
R0029784,D0034616
R0012376,D0014437
R0030672,D0035613
R0031600,D0036671
R0002611,D0003052
R0025361,D0029462
R0039167,D0045855
R0034663,D0040529
R0010426,D0012136
R0036525,D0042826
R0006404,D0007399
R0031591,D0036661
R0034463,D0040268
R0002563,D0002995
R0031903,D0037035
R0037372,D0043795
R0008683,D0010054
R0021993,D0025569
R0005290,D0006122
R0003267,D0003810
R0038877,D0045528
R0011616,D0013536
R0003087,D0003602
R0005309,D0006142
R0029570,D0034373
R0034440,D0040237
R0032868,D0038278
R0026820,D0031176
R0010748,D0012514
R0031824,D0036935
R0034473,D0040283
R0020389,D0023715
R0007643,D0008820
R0012101,D0014106
R0038465,D0045053
R0034418,D0040207
R0001408,D0001645
R0023061,D0026770
R0012668,D0014801
R0003931,D0004557
R0034820,D0040716
R0000473,D0000558
R0000396,D0000468
R0015966,D0018562
R0018033,D0020950
R0003776,D0004382
R0035551,D0041575
R0023186,D0026918
R0034899,D0040812
R0038787,D0045422
R0001913,D0002233
R0016806,D0019551
R0005107,D0005915
R0016044,D0018658
R0011281,D0013157
R0031710,D0036791
R0038756,D0045387
R0001565,D0001824
R0010459,D0012175
R0034815,D0040711
R0011263,D0013136
R0033679,D0039249
R0032282,D0037532
R0003451,D0004011
R0000053,D0000066
R0012322,D0014372
R0022854,D0026542
R0028526,D0033171
R0021754,D0025298
R0017128,D0019916
R0037892,D0044387
R0007186,D0008291
R0005280,D0006110
R0018776,D0021820
R0008389,D0009706
R0012258,D0014290
R0011260,D0013131
R0031738,D0036822
R0012568,D0014677
R0032921,D0038339
R0007396,D0008524
R0023891,D0027725
R0021963,D0025535
R0010136,D0011787
R0007363,D0008488
R0002757,D0003219
R0020318,D0023637
R0011173,D0013036
R0032437,D0037729
R0024624,D0028609
R0034721,D0040602
R0011490,D0013397
R0034783,D0040677
R0026334,D0030592
R0031547,D0036612
R0035939,D0042092
R0039123,D0045803
R0023377,D0027133
R0030674,D0035615
R0013055,D0015253
R0019979,D0023230
R0010001,D0011623
R0019595,D0022775
R0007503,D0008648
R0033150,D0038610
R0013753,D0016059
R0002625,D0003067
R0023729,D0027546
R0013669,D0015967
R0023878,D0027709
R0012858,D0015027
R0009148,D0010615
R0011993,D0013980
R0028796,D0033482
R0020772,D0024177
R0017571,D0020428
R0026624,D0030936
R0034661,D0040527
R0022869,D0026557
R0022053,D0025635
R0015373,D0017870
R0037004,D0043390
R0030164,D0035036
R0007366,D0008491
R0036030,D0042221
R0037517,D0043959
R0017064,D0019842
R0026850,D0031213
R0008899,D0010314
R0035351,D0041324
R0014951,D0017395
R0017797,D0020684
R0004829,D0005597
R0028070,D0032627
R0026837,D0031197
R0024510,D0028475
R0025979,D0030177
R0020709,D0024101
R0009324,D0010826
R0032806,D0038206
R0008530,D0009876
R0038159,D0044702
R0019727,D0022928
R0007532,D0008682
R0030203,D0035079
R0011520,D0013433
R0024020,D0027885
R0022242,D0025857
R0018762,D0021804
R0000983,D0001162
R0022248,D0025864
R0017275,D0020088
R0022221,D0025830
R0018375,D0021353
R0035284,D0041245
R0021413,D0024915
R0017433,D0020268
R0038860,D0045507
R0004000,D0004638
R0038491,D0045082
R0008345,D0009650
R0023599,D0027391
R0021520,D0025036
R0006721,D0007755
R0006871,D0007926
R0024327,D0028245
R0006308,D0007292
R0012557,D0014662
R0025224,D0029298
R0034288,D0040053
R0009899,D0011501
R0014804,D0017230
R0031374,D0036413
R0011305,D0013184
R0021802,D0025350
R0026937,D0031317
R0018281,D0021245
R0020959,D0024392
R0009350,D0010857
R0014324,D0016694
R0007453,D0008591
R0038460,D0045046
R0000273,D0000327
R0021009,D0024451
R0001800,D0002104
R0015272,D0017755
R0019208,D0022331
R0018506,D0021510
R0022421,D0026064
R0003135,D0003659
R0030127,D0034996
R0037783,D0044265
R0011052,D0012884
R0035694,D0041755
R0020052,D0023320
R0033234,D0038706
R0024139,D0028021
R0037355,D0043777
R0006739,D0007776
R0013968,D0016290
R0032851,D0038259
R0007378,D0008504
R0002208,D0002587
R0010574,D0012307
R0005935,D0006874
R0020823,D0024240
R0002079,D0002434
R0011193,D0013060
R0013321,D0015568
R0010025,D0011651
R0011179,D0013044
R0013125,D0015337
R0038133,D0044673
R0002853,D0003330
R0001449,D0001694
R0005142,D0005955
R0004900,D0005680
R0037011,D0043397
R0038023,D0044539
R0024742,D0028743
R0029245,D0034005
R0032644,D0038002
R0011338,D0013221
R0036251,D0042501
R0011160,D0013021
R0009870,D0011466
R0013323,D0015570
R0004597,D0005335
R0026673,D0030994
R0013033,D0015224
R0030849,D0035818
R0035244,D0041201
R0014643,D0017044
R0003916,D0004540
R0027073,D0031472
R0017241,D0020047
R0027825,D0032341
R0011205,D0013072
R0007371,D0008496
R0024223,D0028125
R0006814,D0007862
R0014379,D0016752
R0030541,D0035465
R0020453,D0023786
R0006774,D0007814
R0023817,D0027642
R0036071,D0042271
R0006159,D0007120
R0020906,D0024331
R0001674,D0001952
R0003921,D0004547
R0003912,D0004535
R0032712,D0038086
R0015157,D0017628
R0014936,D0017378
R0005176,D0005991
R0035997,D0042170
R0018592,D0021603
R0021915,D0025481
R0014301,D0016669
R0013720,D0016024
R0036812,D0043166
R0003327,D0003876
R0013214,D0015441
R0025908,D0030086
R0035993,D0042165
R0022187,D0025790
R0021200,D0024664
R0029261,D0034022
R0028593,D0033248
R0012528,D0014626
R0008413,D0009741
R0027329,D0031761
R0019572,D0022748
R0034319,D0040086
R0013212,D0015436
R0008200,D0009480
R0010417,D0012125
R0017559,D0020415
R0019026,D0022114
R0015942,D0018536
R0003913,D0004536
R0033614,D0039153
R0000123,D0000150
R0036438,D0042727
R0029238,D0033998
R0025862,D0030032
R0010211,D0011875
R0030870,D0035842
R0034137,D0039863
R0034622,D0040480
R0031080,D0036074
R0003888,D0004510
R0004294,D0004979
R0029927,D0034774
R0020168,D0023455
R0029893,D0034736
R0028793,D0033478
R0029776,D0034608
R0037881,D0044373
R0001045,D0001237
R0029977,D0034828
R0029431,D0034215
R0010188,D0011848
R0036975,D0043354
R0013917,D0016233
R0019711,D0022907
R0025591,D0029722
R0028715,D0033389
R0029283,D0034049
R0003765,D0004370
R0007709,D0008893
R0024780,D0028783
R0030639,D0035577
R0022937,D0026632
R0015543,D0018060
R0019068,D0022167
R0019288,D0022431
R0032162,D0037373
R0033649,D0039206
R0023900,D0027735
R0012794,D0014953
R0018251,D0021204
R0018455,D0021453
R0001641,D0001918
R0025264,D0029348
R0001814,D0002119
R0004393,D0005091
R0024395,D0028325
R0020502,D0023847
R0010455,D0012171
R0027153,D0031562
R0033730,D0039325
R0033481,D0038995
R0029885,D0034727
R0031105,D0036102
R0005831,D0006757
R0007791,D0008986
R0002759,D0003222
R0037842,D0044331
R0009468,D0010993
R0031432,D0036481
R0017344,D0020165
R0031059,D0036049
R0007216,D0008324
R0027747,D0032244
R0035554,D0041581
R0026534,D0030828
R0003947,D0004574
R0017853,D0020746
R0023944,D0027793
R0030935,D0035912
R0018703,D0021738
R0015910,D0018498
R0017418,D0020252
R0010059,D0011691
R0013721,D0016025
R0009625,D0011184
R0008819,D0010219
R0005988,D0006934
R0031348,D0036386
R0005262,D0006089
R0013927,D0016244
R0010331,D0012024
R0019059,D0022158
R0005939,D0006878
R0024966,D0028995
R0028141,D0032711
R0010572,D0012305
R0019577,D0022753
R0006803,D0007849
R0019397,D0022552
R0033189,D0038655
R0001793,D0002096
R0014899,D0017336
R0026100,D0030320
R0001278,D0001501
R0004192,D0004860
R0009045,D0010489
R0036263,D0042518
R0007402,D0008531
R0038512,D0045106
R0015890,D0018477
R0030100,D0034966
R0016345,D0019012
R0016945,D0019708
R0010967,D0012777
R0034230,D0039978
R0020413,D0023740
R0026533,D0030827
R0022495,D0026143
R0028931,D0033640
R0033029,D0038472
R0020447,D0023780
R0034357,D0040134
R0027689,D0032176
R0035525,D0041543
R0021351,D0024841
R0000149,D0000180
R0026172,D0030408
R0000668,D0000782
R0023049,D0026756
R0000557,D0000658
R0011448,D0013351
R0014085,D0016427
R0033925,D0039594
R0031843,D0036957
R0035447,D0041446
R0012013,D0014003
R0028684,D0033355
R0032317,D0037574
R0010621,D0012363
R0013810,D0016122
R0028518,D0033162
R0005068,D0005869
R0015534,D0018051
R0032377,D0037651
R0006665,D0007688
R0031607,D0036678
R0031794,D0036899
R0019803,D0023012
R0032457,D0037754
R0030149,D0035020
R0035148,D0041090
R0017071,D0019849
R0036140,D0042358
R0032230,D0037456
R0037387,D0043814
R0013562,D0015847
R0012041,D0014033
R0002813,D0003286
R0003781,D0004387
R0009175,D0010645
R0021412,D0024914
R0012516,D0014613
R0034963,D0040882
R0026999,D0031389
R0035404,D0041390
R0002327,D0002723
R0002748,D0003210
R0013299,D0015542
R0017756,D0020638
R0026643,D0030961
R0018181,D0021126
R0039148,D0045832
R0014980,D0017426
R0021171,D0024630
R0022024,D0025601
R0015608,D0018141
R0039012,D0045682
R0038194,D0044741
R0021536,D0025054
R0000690,D0000810
R0008043,D0009283
R0030669,D0035610
R0012795,D0014954
R0009320,D0010821
R0012812,D0014971
R0031268,D0036291
R0036868,D0043234
R0022767,D0026447
R0027810,D0032317
R0014488,D0016875
R0006919,D0007981
R0025288,D0029379
R0005800,D0006722
R0011521,D0013434
R0029215,D0033975
R0009055,D0010501
R0016314,D0018973
R0005305,D0006138
R0002292,D0002685
R0005496,D0006367
R0020628,D0024002
R0022118,D0025716
R0032199,D0037419
R0009062,D0010509
R0000643,D0000756
R0013549,D0015832
R0004263,D0004945
R0004919,D0005699
R0015191,D0017664
R0028541,D0033190
R0012985,D0015169
R0022387,D0026023
R0019980,D0023231
R0031209,D0036219
R0025697,D0029836
R0005574,D0006459
R0028665,D0033335
R0036929,D0043300
R0011335,D0013218
R0025821,D0029983
R0035835,D0041948
R0003879,D0004500
R0022014,D0025590
R0027940,D0032473
R0003881,D0004502
R0013645,D0015941
R0004841,D0005610
R0029497,D0034291
R0023926,D0027768
R0010401,D0012109
R0000423,D0000498
R0014701,D0017108
R0034348,D0040125
R0037280,D0043695
R0000522,D0000615
R0030035,D0034893
R0018824,D0021874
R0037059,D0043448
R0038071,D0044599
R0021801,D0025349
R0015779,D0018341
R0028742,D0033417
R0000889,D0001053
R0029873,D0034714
R0036304,D0042569
R0016460,D0019142
R0001696,D0001976
R0036261,D0042516
R0002496,D0002918
R0003370,D0003923
R0027624,D0032100
R0004045,D0004695
R0017899,D0020796
R0004318,D0005005
R0012624,D0014744
R0002225,D0002607
R0030337,D0035231
R0007878,D0009089
R0036011,D0042192
R0007899,D0009113
R0003155,D0003682
R0006702,D0007731
R0037640,D0044101
R0038634,D0045245
R0031251,D0036272
R0016617,D0019322
R0036132,D0042349
R0031872,D0036994
R0008577,D0009927
R0008935,D0010353
R0034120,D0039837
R0003569,D0004145
R0032986,D0038424
R0000090,D0000111
R0027558,D0032022
R0035415,D0041404
R0016692,D0019413
R0004912,D0005692
R0036580,D0042895
R0008250,D0009538
R0022360,D0025989
R0024154,D0028039
R0026715,D0031047
R0019157,D0022271
R0025398,D0029505
R0009107,D0010563
R0005150,D0005963
R0023390,D0027148
R0032971,D0038405
R0037036,D0043423
R0038149,D0044689
R0011323,D0013203
R0036780,D0043122
R0003668,D0004261
R0033977,D0039662
R0010306,D0011992
R0009918,D0011525
R0009005,D0010433
R0038299,D0044860
R0007692,D0008873
R0006928,D0007992
R0000995,D0001178
R0024317,D0028233
R0027942,D0032475
R0009246,D0010736
R0025736,D0029879
R0023030,D0026736
R0033299,D0038785
R0010069,D0011705
R0037528,D0043973
R0002656,D0003102
R0034656,D0040521
R0022796,D0026480
R0023911,D0027748
R0036994,D0043377
R0022582,D0026239
R0014837,D0017266
R0006673,D0007697
R0037623,D0044083
R0028879,D0033579
R0015474,D0017982
R0003779,D0004385
R0024760,D0028762
R0033379,D0038876
R0010493,D0012214
R0007835,D0009036
R0027095,D0031499
R0011426,D0013327
R0016846,D0019596
R0032611,D0037955
R0023424,D0027189
R0006349,D0007335
R0038919,D0045575
R0015920,D0018511
R0022956,D0026653
R0034134,D0039860
R0002839,D0003315
R0028091,D0032650
R0007784,D0008979
R0009809,D0011391
R0014726,D0017140
R0005004,D0005790
R0001355,D0001585
R0005430,D0006287
R0014424,D0016802
R0015517,D0018031
R0036884,D0043251
R0024306,D0028219
R0027924,D0032457
R0028547,D0033196
R0036801,D0043151
R0038650,D0045263
R0011770,D0013710
R0025971,D0030168
R0013989,D0016314
R0029462,D0034249
R0011906,D0013876
R0038552,D0045152
R0009707,D0011280
R0029706,D0034531
R0010066,D0011699
R0035890,D0042021
R0008976,D0010401
R0007440,D0008575
R0001175,D0001386
R0004089,D0004745
R0001836,D0002148
R0018305,D0021276
R0019987,D0023238
R0007745,D0008933
R0029769,D0034600
R0001843,D0002155
R0034501,D0040324
R0003384,D0003939
R0004779,D0005543
R0019324,D0022469
R0024021,D0027886
R0033597,D0039133
R0026582,D0030885
R0024776,D0028779
R0032236,D0037469
R0023056,D0026763
R0007552,D0008705
R0024194,D0028091
R0015485,D0017997
R0009827,D0011418
R0001579,D0001846
R0035225,D0041178
R0023496,D0027275
R0004220,D0004893
R0006323,D0007307
R0028725,D0033399
R0027474,D0031928
R0037670,D0044133
R0016635,D0019344
R0004319,D0005006
R0007571,D0008729
R0016012,D0018619
R0031680,D0036759
R0026655,D0030974
R0024266,D0028177
R0020745,D0024144
R0010407,D0012115
R0021453,D0024961
R0027040,D0031434
R0013991,D0016316
R0001777,D0002076
R0031918,D0037055
R0031170,D0036178
R0016137,D0018769
R0012935,D0015114
R0022863,D0026551
R0020657,D0024035
R0023900,D0027734
R0033632,D0039177
R0011435,D0013338
R0016642,D0019352
R0009311,D0010809
R0012226,D0014256
R0032972,D0038406
R0033606,D0039144
R0015532,D0018048
R0011419,D0013319
R0018004,D0020914
R0023512,D0027296
R0037391,D0043818
R0038274,D0044833
R0022522,D0026175
R0026585,D0030891
R0033107,D0038562
R0035707,D0041774
R0006946,D0008012
R0023334,D0027082
R0019409,D0022564
R0030774,D0035732
R0035744,D0041826
R0006115,D0007072
R0019462,D0022622
R0014473,D0016860
R0007693,D0008874
R0005985,D0006931
R0034471,D0040279
R0006612,D0007631
R0010031,D0011657
R0007164,D0008267
R0023092,D0026808
R0028936,D0033646
R0027993,D0032532
R0008195,D0009474
R0021982,D0025557
R0011555,D0013471
R0006369,D0007358
R0005087,D0005893
R0033702,D0039286
R0035013,D0040942
R0026672,D0030992
R0033922,D0039591
R0016175,D0018812
R0018969,D0022047
R0028538,D0033186
R0002932,D0003425
R0031443,D0036495
R0004212,D0004882
R0014007,D0016332
R0020461,D0023796
R0022654,D0026316
R0010589,D0012323
R0027104,D0031509
R0024142,D0028024
R0016598,D0019303
R0001540,D0001797
R0017943,D0020848
R0021881,D0025434
R0028178,D0032754
R0018097,D0021026
R0013882,D0016196
R0000925,D0001094
R0015607,D0018140
R0011566,D0013483
R0026441,D0030710
R0028943,D0033654
R0039013,D0045683
R0025461,D0029574
R0013313,D0015560
R0002488,D0002907
R0010336,D0012031
R0008641,D0010007
R0033153,D0038614
R0002282,D0002675
R0021980,D0025555
R0028864,D0033560
R0025490,D0029607
R0000624,D0000736
R0029385,D0034164
R0015962,D0018557
R0010596,D0012332
R0008251,D0009539
R0004866,D0005641
R0000373,D0000443
R0020064,D0023334
R0008979,D0010404
R0037745,D0044219
R0022739,D0026414
R0032340,D0037601
R0011704,D0013638
R0029910,D0034754
R0004836,D0005604
R0017952,D0020860
R0036545,D0042847
R0030224,D0035104
R0016365,D0019036
R0008057,D0009304
R0020856,D0024277
R0016509,D0019196
R0036807,D0043158
R0002503,D0002927
R0003644,D0004234
R0035041,D0040970
R0010848,D0012639
R0002417,D0002825
R0020712,D0024105
R0022117,D0025715
R0014457,D0016843
R0023346,D0027098
R0000515,D0000607
R0006268,D0007245
R0031636,D0036708
R0030682,D0035624
R0037946,D0044451
R0006311,D0007295
R0025662,D0029797
R0037283,D0043698
R0011403,D0013302
R0029503,D0034297
R0003500,D0004064
R0006784,D0007828
R0025969,D0030166
R0013036,D0015227
R0036322,D0042587
R0007765,D0008959
R0012082,D0014085
R0011847,D0013792
R0005463,D0006327
R0007529,D0008679
R0016108,D0018734
R0002192,D0002567
R0038158,D0044700
R0020451,D0023784
R0034495,D0040316
R0019849,D0023069
R0032592,D0037929
R0014437,D0016820
R0035551,D0041577
R0036953,D0043328
R0004777,D0005540
R0028269,D0032862
R0005954,D0006895
R0020701,D0024093
R0013110,D0015320
R0035048,D0040978
R0016000,D0018604
R0025956,D0030147
R0028575,D0033229
R0034366,D0040145
R0001738,D0002025
R0001381,D0001614
R0023656,D0027457
R0021107,D0024556
R0028455,D0033087
R0017601,D0020463
R0007960,D0009186
R0009480,D0011006
R0022047,D0025629
R0011036,D0012863
R0029679,D0034502
R0033868,D0039516
R0018734,D0021774
R0010600,D0012338
R0017900,D0020798
R0032186,D0037401
R0006819,D0007867
R0035568,D0041599
R0001877,D0002191
R0018030,D0020947
R0027507,D0031966
R0003548,D0004122
R0002570,D0003005
R0005001,D0005787
R0006460,D0007462
R0020490,D0023833
R0011506,D0013417
R0008972,D0010396
R0038176,D0044721
R0027787,D0032293
R0026817,D0031173
R0036331,D0042596
R0013349,D0015599
R0025950,D0030139
R0024357,D0028281
R0009861,D0011456
R0034613,D0040467
R0004685,D0005432
R0035363,D0041338
R0034358,D0040135
R0035275,D0041235
R0025520,D0029641
R0002319,D0002715
R0009843,D0011438
R0000362,D0000430
R0002747,D0003208
R0022890,D0026580
R0004178,D0004844
R0007477,D0008619
R0023779,D0027601
R0019263,D0022398
R0023328,D0027076
R0001390,D0001624
R0029078,D0033816
R0032614,D0037959
R0034910,D0040823
R0017462,D0020300
R0025676,D0029811
R0016968,D0019734
R0006630,D0007650
R0017533,D0020383
R0023908,D0027745
R0017570,D0020427
R0001815,D0002120
R0008243,D0009530
R0023719,D0027531
R0027065,D0031464
R0016163,D0018798
R0020454,D0023788
R0005990,D0006937
R0018870,D0021926
R0000138,D0000169
R0025783,D0029938
R0020241,D0023547
R0038784,D0045419
R0012955,D0015138
R0019276,D0022416
R0007300,D0008421
R0017168,D0019960
R0032598,D0037937
R0038100,D0044634
R0020311,D0023630
R0020524,D0023872
R0000500,D0000589
R0012243,D0014274
R0032024,D0037202
R0036743,D0043077
R0023765,D0027587
R0021613,D0025143
R0018268,D0021223
R0038531,D0045128
R0000001,D0000001
R0033700,D0039283
R0026365,D0030628
R0004723,D0005475
R0006000,D0006948
R0018829,D0021880
R0031076,D0036068
R0019788,D0022995
R0020629,D0024003
R0031365,D0036404
R0014682,D0017087
R0021378,D0024872
R0034948,D0040867
R0018801,D0021848
R0026898,D0031264
R0027914,D0032447
R0021849,D0025400
R0026529,D0030821
R0021267,D0024741
R0022613,D0026275
R0011934,D0013909
R0016396,D0019071
R0003547,D0004121
R0016844,D0019594
R0021542,D0025062
R0036633,D0042959
R0025345,D0029445
R0008766,D0010157
R0020536,D0023888
R0032369,D0037643
R0019405,D0022560
R0038026,D0044543
R0033555,D0039075
R0013123,D0015335
R0025139,D0029200
R0029790,D0034623
R0038940,D0045599
R0011063,D0012896
R0015616,D0018151
R0003199,D0003735
R0031881,D0037004
R0034487,D0040306
R0022314,D0025938
R0031388,D0036428
R0003235,D0003773
R0035678,D0041735
R0018176,D0021120
R0009750,D0011328
R0001112,D0001314
R0038259,D0044815
R0017762,D0020645
R0024695,D0028688
R0028215,D0032800
R0027394,D0031836
R0012565,D0014673
R0036519,D0042820
R0030829,D0035797
R0015753,D0018311
R0026203,D0030444
R0036895,D0043264
R0035942,D0042095
R0010686,D0012439
R0027225,D0031644
R0032151,D0037358
R0014272,D0016640
R0020793,D0024203
R0025872,D0030042
R0005223,D0006044
R0013681,D0015982
R0013231,D0015462
R0038956,D0045616
R0030426,D0035326
R0001340,D0001570
R0004081,D0004736
R0014496,D0016886
R0023617,D0027413
R0035385,D0041369
R0002938,D0003432
R0002999,D0003501
R0018595,D0021606
R0010659,D0012410
R0032956,D0038385
R0026854,D0031217
R0010386,D0012090
R0024015,D0027879
R0034266,D0040019
R0027345,D0031782
R0029419,D0034201
R0025313,D0029408
R0022149,D0025749
R0037639,D0044100
R0032210,D0037435
R0017877,D0020773
R0025931,D0030116
R0028584,D0033239
R0027886,D0032412
R0007359,D0008484
R0007414,D0008545
R0027865,D0032388
R0018887,D0021945
R0004197,D0004866
R0030881,D0035853
R0019414,D0022569
R0027974,D0032511
R0022147,D0025747
R0037235,D0043645
R0033183,D0038648
R0015863,D0018446
R0019422,D0022577
R0013979,D0016301
R0015301,D0017785
R0001838,D0002150
R0028386,D0033002
R0021777,D0025322
R0002277,D0002670
R0023064,D0026775
R0005752,D0006670
R0028760,D0033440
R0018090,D0021016
R0000355,D0000423
R0012725,D0014870
R0003328,D0003877
R0027248,D0031669
R0027070,D0031469
R0011712,D0013647
R0019669,D0022859
R0034138,D0039864
R0029453,D0034239
R0008216,D0009500
R0037242,D0043653
R0022005,D0025581
R0014890,D0017324
R0004557,D0005284
R0000535,D0000630
R0003514,D0004080
R0016606,D0019311
R0032170,D0037381
R0019811,D0023022
R0032974,D0038409
R0017419,D0020253
R0007499,D0008644
R0021385,D0024881
R0026552,D0030847
R0012589,D0014704
R0024721,D0028719
R0009356,D0010864
R0039199,D0045894
R0034662,D0040528
R0010333,D0012027
R0023856,D0027685
R0004927,D0005707
R0019914,D0023143
R0033676,D0039244
R0029125,D0033869
R0015376,D0017874
R0016417,D0019095
R0015806,D0018372
R0015243,D0017722
R0012424,D0014502
R0001930,D0002253
R0032270,D0037516
R0029990,D0034843
R0009156,D0010625
R0015179,D0017652
R0011809,D0013751
R0036935,D0043307
R0016748,D0019483
R0021939,D0025510
R0034822,D0040718
R0026264,D0030513
R0008096,D0009350
R0036594,D0042910
R0031469,D0036523
R0026313,D0030568
R0014456,D0016842
R0035819,D0041924
R0030537,D0035460
R0035219,D0041172
R0005205,D0006024
R0015228,D0017706
R0010604,D0012342
R0038613,D0045221
R0000588,D0000695
R0034436,D0040233
R0000317,D0000380
R0004940,D0005722
R0005538,D0006415
R0017885,D0020781
R0032439,D0037731
R0006455,D0007456
R0004740,D0005495
R0038811,D0045453
R0010803,D0012584
R0012674,D0014808
R0024269,D0028180
R0035368,D0041346
R0016148,D0018783
R0015650,D0018189
R0016579,D0019281
R0021514,D0025030
R0029002,D0033726
R0019865,D0023089
R0018628,D0021645
R0022791,D0026473
R0029568,D0034370
R0036957,D0043333
R0012699,D0014839
R0016464,D0019146
R0028066,D0032621
R0012805,D0014964
R0025172,D0029239
R0014178,D0016528
R0028059,D0032613
R0023029,D0026735
R0022581,D0026238
R0038526,D0045122
R0005737,D0006652
R0003940,D0004567
R0025840,D0030004
R0024502,D0028466
R0007397,D0008525
R0000091,D0000112
R0036291,D0042553
R0005550,D0006431
R0038180,D0044725
R0003874,D0004494
R0038375,D0044952
R0004501,D0005220
R0010570,D0012302
R0001458,D0001703
R0026203,D0030445
R0038443,D0045029
R0011484,D0013391
R0038143,D0044683
R0023968,D0027823
R0028302,D0032904
R0002530,D0002958
R0011875,D0013827
R0032689,D0038057
R0033599,D0039136
R0029091,D0033832
R0030183,D0035058
R0024758,D0028760
R0010026,D0011652
R0008288,D0009585
R0023366,D0027122
R0019561,D0022735
R0011463,D0013367
R0003738,D0004341
R0010293,D0011978
R0022347,D0025975
R0018279,D0021242
R0011607,D0013526
R0030322,D0035213
R0032765,D0038148
R0036439,D0042728
R0026270,D0030520
R0001949,D0002274
R0000393,D0000465
R0036488,D0042783
R0032706,D0038078
R0024302,D0028215
R0031258,D0036280
R0029065,D0033799
R0000867,D0001026
R0031699,D0036779
R0035749,D0041831
R0035600,D0041636
R0024573,D0028548
R0010115,D0011763
R0009700,D0011272
R0029039,D0033769
R0031053,D0036042
R0027696,D0032184
R0019173,D0022288
R0032622,D0037971
R0010587,D0012321
R0006950,D0008016
R0031433,D0036483
R0020607,D0023974
R0007099,D0008185
R0038003,D0044515
R0015840,D0018410
R0016379,D0019053
R0011322,D0013202
R0013436,D0015704
R0002511,D0002938
R0032848,D0038256
R0026758,D0031097
R0035891,D0042022
R0032353,D0037616
R0038991,D0045659
R0033951,D0039628
R0005895,D0006829
R0029475,D0034263
R0036492,D0042787
R0001057,D0001250
R0036558,D0042863
R0003651,D0004243
R0022008,D0025584
R0029659,D0034479
R0037370,D0043793
R0030453,D0035358
R0008332,D0009636
R0011468,D0013372
R0035649,D0041700
R0005283,D0006115
R0007139,D0008235
R0025671,D0029806
R0018258,D0021212
R0028918,D0033625
R0000706,D0000837
R0022494,D0026142
R0033572,D0039094
R0007168,D0008272
R0001159,D0001369
R0020220,D0023522
R0003737,D0004340
R0015722,D0018273
R0031952,D0037106
R0004592,D0005328
R0031007,D0035991
R0011131,D0012987
R0036260,D0042513
R0005595,D0006485
R0030049,D0034908
R0019861,D0023082
R0016414,D0019092
R0008237,D0009522
R0014563,D0016959
R0024787,D0028792
R0029293,D0034061
R0017056,D0019832
R0001878,D0002192
R0004499,D0005218
R0005259,D0006085
R0020422,D0023751
R0021608,D0025138
R0012587,D0014702
R0019846,D0023065
R0005570,D0006453
R0034456,D0040258
R0015286,D0017770
R0016887,D0019642
R0011165,D0013026
R0032044,D0037227
R0028754,D0033433
R0001775,D0002073
R0010163,D0011816
R0001876,D0002190
R0033796,D0039417
R0020872,D0024294
R0029877,D0034718
R0015664,D0018206
R0018370,D0021348
R0016609,D0019314
R0022145,D0025745
R0032929,D0038349
R0028098,D0032658
R0037570,D0044020
R0020275,D0023591
R0032755,D0038136
R0027932,D0032465
R0010068,D0011702
R0020130,D0023409
R0010011,D0011634
R0014376,D0016749
R0008151,D0009416
R0000441,D0000518
R0010072,D0011708
R0005106,D0005914
R0024240,D0028145
R0033539,D0039059
R0010479,D0012198
R0005937,D0006876
R0030816,D0035780
R0009436,D0010956
R0028890,D0033590
R0015233,D0017711
R0020649,D0024025
R0004846,D0005615
R0002376,D0002779
R0016677,D0019393
R0007237,D0008346
R0009292,D0010788
R0026852,D0031215
R0027721,D0032210
R0008841,D0010249
R0000814,D0000970
R0013540,D0015823
R0004887,D0005666
R0008892,D0010306
R0008026,D0009264
R0012021,D0014012
R0009958,D0011574
R0036296,D0042558
R0008854,D0010263
R0010699,D0012456
R0033324,D0038814
R0034672,D0040542
R0030528,D0035450
R0038629,D0045239
R0021573,D0025098
R0027395,D0031837
R0003142,D0003667
R0022434,D0026078
R0033949,D0039626
R0031435,D0036486
R0021252,D0024723
R0038108,D0044644
R0010426,D0012135
R0016325,D0018987
R0007748,D0008936
R0036297,D0042559
R0038758,D0045390
R0038228,D0044779
R0005013,D0005799
R0024031,D0027896
R0011813,D0013755
R0032505,D0037823
R0033728,D0039321
R0023416,D0027180
R0017890,D0020786
R0020928,D0024357
R0029491,D0034284
R0016524,D0019212
R0001571,D0001834
R0016131,D0018761
R0031549,D0036614
R0032688,D0038056
R0008108,D0009365
R0009956,D0011571
R0021695,D0025233
R0039270,D0045973
R0025529,D0029652
R0025764,D0029909
R0020932,D0024361
R0014436,D0016818
R0012782,D0014938
R0027008,D0031400
R0035606,D0041643
R0037233,D0043643
R0032154,D0037362
R0032814,D0038215
R0011451,D0013354
R0035159,D0041105
R0000984,D0001163
R0033014,D0038456
R0014901,D0017338
R0037789,D0044271
R0029907,D0034750
R0030904,D0035878
R0038411,D0044994
R0017445,D0020282
R0001977,D0002307
R0032620,D0037969
R0013050,D0015245
R0023228,D0026961
R0004238,D0004912
R0011775,D0013715
R0019396,D0022551
R0000155,D0000186
R0028913,D0033620
R0037940,D0044444
R0026370,D0030633
R0026915,D0031288
R0025679,D0029814
R0006414,D0007410
R0008033,D0009271
R0022523,D0026176
R0013365,D0015617
R0010101,D0011746
R0027204,D0031622
R0036449,D0042738
R0021634,D0025164
R0030428,D0035328
R0003222,D0003759
R0006827,D0007875
R0008909,D0010324
R0001644,D0001921
R0020784,D0024192
R0026791,D0031141
R0025519,D0029640
R0027726,D0032215
R0030272,D0035158
R0031293,D0036319
R0038070,D0044598
R0013113,D0015323
R0015955,D0018549
R0031562,D0036627
R0000325,D0000389
R0025895,D0030068
R0025568,D0029698
R0003297,D0003842
R0031593,D0036663
R0002288,D0002681
R0017911,D0020811
R0011261,D0013132
R0031245,D0036261
R0032833,D0038238
R0013190,D0015412
R0033264,D0038747
R0039065,D0045740
R0026315,D0030571
R0023134,D0026861
R0025300,D0029394
R0006386,D0007379
R0017948,D0020855
R0033668,D0039229
R0011765,D0013704
R0026227,D0030471
R0020350,D0023672
R0003340,D0003890
R0002315,D0002710
R0028557,D0033207
R0016854,D0019606
R0020966,D0024399
R0006705,D0007737
R0022433,D0026077
R0014223,D0016578
R0005239,D0006063
R0015516,D0018030
R0020981,D0024420
R0004591,D0005327
R0035535,D0041555
R0007772,D0008967
R0026627,D0030939
R0000773,D0000919
R0014169,D0016519
R0012363,D0014420
R0009116,D0010579
R0015866,D0018449
R0034562,D0040404
R0017112,D0019896
R0006788,D0007833
R0018800,D0021847
R0002876,D0003357
R0023794,D0027618
R0012786,D0014942
R0028827,D0033517
R0029829,D0034665
R0009975,D0011593
R0001152,D0001360
R0033952,D0039630
R0013550,D0015833
R0032665,D0038029
R0007331,D0008453
R0010877,D0012673
R0022036,D0025615
R0004618,D0005360
R0034502,D0040325
R0017277,D0020090
R0033431,D0038936
R0033163,D0038627
R0010249,D0011925
R0033212,D0038681
R0003936,D0004562
R0038840,D0045483
R0021210,D0024676
R0032629,D0037983
R0033817,D0039445
R0004521,D0005244
R0013841,D0016154
R0036907,D0043278
R0019061,D0022160
R0038324,D0044886
R0017113,D0019897
R0020849,D0024268
R0023600,D0027392
R0010078,D0011716
R0032057,D0037246
R0023133,D0026860
R0013891,D0016206
R0005603,D0006495
R0010056,D0011687
R0010857,D0012648
R0004786,D0005550
R0019336,D0022483
R0011243,D0013111
R0039067,D0045743
R0019556,D0022729
R0032781,D0038169
R0019247,D0022379
R0021393,D0024893
R0014357,D0016730
R0024718,D0028716
R0013796,D0016107
R0019576,D0022752
R0017992,D0020901
R0001031,D0001220
R0005626,D0006524
R0032912,D0038328
R0034478,D0040290
R0003237,D0003775
R0012230,D0014260
R0012830,D0014995
R0032445,D0037737
R0038045,D0044568
R0038827,D0045469
R0034243,D0039993
R0020226,D0023529
R0014082,D0016423
R0035669,D0041725
R0039248,D0045946
R0025141,D0029202
R0016407,D0019084
R0034915,D0040828
R0004962,D0005745
R0033730,D0039326
R0014608,D0017007
R0029421,D0034203
R0006114,D0007071
R0028829,D0033519
R0015484,D0017996
R0035901,D0042035
R0006442,D0007441
R0011229,D0013096
R0020407,D0023734
R0009300,D0010797
R0036719,D0043051
R0008564,D0009912
R0030873,D0035845
R0008060,D0009308
R0017301,D0020119
R0009143,D0010609
R0017017,D0019788
R0020603,D0023969
R0028033,D0032581
R0031784,D0036886
R0000583,D0000688
R0023520,D0027304
R0006133,D0007092
R0011564,D0013481
R0009090,D0010541
R0030249,D0035133
R0003591,D0004173
R0011494,D0013402
R0002237,D0002620
R0019317,D0022462
R0025855,D0030022
R0018318,D0021291
R0021632,D0025162
R0015850,D0018428
R0000385,D0000456
R0029301,D0034073
R0016409,D0019086
R0018274,D0021234
R0034979,D0040901
R0014177,D0016527
R0031637,D0036709
R0020865,D0024286
R0026344,D0030605
R0003247,D0003786
R0023761,D0027583
R0015802,D0018368
R0035207,D0041159
R0003986,D0004622
R0029688,D0034511
R0031456,D0036508
R0008651,D0010018
R0028012,D0032555
R0036913,D0043284
R0020372,D0023697
R0003640,D0004230
R0030401,D0035298
R0014757,D0017174
R0037310,D0043729
R0034029,D0039720
R0009039,D0010479
R0027168,D0031580
R0026957,D0031339
R0001241,D0001462
R0028955,D0033668
R0009476,D0011002
R0021049,D0024492
R0020317,D0023636
R0031537,D0036601
R0032740,D0038121
R0034136,D0039862
R0008047,D0009292
R0018280,D0021244
R0027999,D0032540
R0020118,D0023394
R0039068,D0045744
R0020367,D0023692
R0033726,D0039319
R0004709,D0005458
R0028304,D0032906
R0020381,D0023707
R0014714,D0017125
R0017798,D0020686
R0018428,D0021417
R0026145,D0030376
R0000708,D0000839
R0005088,D0005894
R0009976,D0011594
R0026329,D0030587
R0031548,D0036613
R0037913,D0044412
R0021091,D0024537
R0005559,D0006441
R0018122,D0021054
R0018618,D0021633
R0019692,D0022886
R0028977,D0033693
R0001732,D0002017
R0017227,D0020029
R0025414,D0029522
R0030281,D0035169
R0012469,D0014561
R0036788,D0043133
R0019665,D0022855
R0031723,D0036804
R0004290,D0004975
R0016095,D0018715
R0018055,D0020974
R0022629,D0026291
R0031146,D0036148
R0007488,D0008631
R0013292,D0015532
R0016645,D0019355
R0012040,D0014032
R0004811,D0005578
R0019753,D0022956
R0008028,D0009266
R0018121,D0021053
R0008508,D0009851
R0005373,D0006218
R0022726,D0026399
R0025803,D0029961
R0000310,D0000371
R0015372,D0017869
R0019677,D0022871
R0010964,D0012772
R0028883,D0033583
R0034280,D0040040
R0014593,D0016991
R0021215,D0024682
R0012728,D0014873
R0003200,D0003736
R0025990,D0030190
R0012489,D0014585
R0036171,D0042395
R0032305,D0037558
R0009947,D0011561
R0027283,D0031709
R0005886,D0006818
R0027324,D0031754
R0016515,D0019203
R0019525,D0022696
R0027544,D0032006
R0014559,D0016955
R0013249,D0015483
R0008493,D0009835
R0004148,D0004810
R0018020,D0020935
R0014265,D0016631
R0037545,D0043992
R0037801,D0044286
R0002238,D0002621
R0031523,D0036585
R0031354,D0036393
R0033705,D0039289
R0023767,D0027589
R0014550,D0016944
R0033743,D0039345
R0014107,D0016449
R0037731,D0044202
R0016837,D0019587
R0024265,D0028176
R0011316,D0013196
R0033729,D0039322
R0029202,D0033959
R0023325,D0027072
R0014966,D0017411
R0007565,D0008722
R0025929,D0030113
R0023166,D0026896
R0023410,D0027173
R0035321,D0041288
R0032430,D0037719
R0017813,D0020702
R0020671,D0024056
R0029569,D0034372
R0027383,D0031823
R0035983,D0042153
R0017516,D0020365
R0015594,D0018123
R0003070,D0003585
R0039090,D0045766
R0013159,D0015378
R0016197,D0018836
R0007739,D0008927
R0023849,D0027677
R0009288,D0010784
R0026956,D0031338
R0036452,D0042741
R0028360,D0032972
R0018515,D0021520
R0011497,D0013407
R0030543,D0035468
R0006440,D0007438
R0014910,D0017348
R0017657,D0020527
R0002281,D0002674
R0016383,D0019057
R0004642,D0005387
R0026507,D0030796
R0028000,D0032541
R0021837,D0025386
R0036308,D0042573
R0036111,D0042321
R0038921,D0045578
R0013170,D0015390
R0008802,D0010195
R0032926,D0038346
R0015535,D0018052
R0010526,D0012251
R0013844,D0016157
R0014022,D0016348
R0018459,D0021457
R0020339,D0023660
R0016349,D0019016
R0028270,D0032863
R0008269,D0009563
R0028868,D0033565
R0010648,D0012396
R0012044,D0014037
R0018783,D0021828
R0038532,D0045129
R0007909,D0009126
R0034411,D0040197
R0001212,D0001424
R0002404,D0002812
R0024241,D0028147
R0022652,D0026314
R0037540,D0043987
R0000228,D0000272
R0013519,D0015799
R0013974,D0016296
R0027443,D0031893
R0003205,D0003741
R0014303,D0016672
R0008846,D0010255
R0026581,D0030884
R0012706,D0014847
R0005652,D0006552
R0026452,D0030723
R0027386,D0031826
R0003123,D0003645
R0013746,D0016051
R0019698,D0022892
R0000157,D0000188
R0008939,D0010357
R0013972,D0016294
R0001462,D0001708
R0037267,D0043680
R0029712,D0034539
R0014170,D0016520
R0004850,D0005619
R0011552,D0013468
R0010431,D0012141
R0024637,D0028623
R0005506,D0006378
R0035451,D0041453
R0027478,D0031932
R0037321,D0043742
R0004260,D0004942
R0036176,D0042401
R0005970,D0006914
R0037724,D0044194
R0014562,D0016958
R0000912,D0001080
R0033095,D0038549
R0022119,D0025717
R0026578,D0030880
R0020710,D0024103
R0004069,D0004722
R0030853,D0035823
R0019432,D0022588
R0033797,D0039418
R0028151,D0032722
R0001827,D0002136
R0038564,D0045164
R0013476,D0015748
R0033641,D0039191
R0009994,D0011614
R0037284,D0043699
R0030018,D0034874
R0036615,D0042936
R0004731,D0005483
R0039191,D0045884
R0028024,D0032568
R0028613,D0033274
R0034720,D0040600
R0026757,D0031096
R0027892,D0032422
R0018473,D0021472
R0031147,D0036149
R0021357,D0024847
R0029775,D0034607
R0025073,D0029118
R0009112,D0010573
R0015742,D0018296
R0005427,D0006283
R0013107,D0015316
R0032294,D0037546
R0031236,D0036250
R0002322,D0002718
R0036169,D0042391
R0022676,D0026342
R0023775,D0027597
R0034700,D0040575
R0030352,D0035247
R0004665,D0005411
R0009639,D0011200
R0019471,D0022634
R0035841,D0041955
R0013863,D0016177
R0016811,D0019556
R0000798,D0000950
R0019966,D0023216
R0032625,D0037975
R0035109,D0041048
R0017079,D0019858
R0012327,D0014380
R0027348,D0031785
R0021623,D0025153
R0002002,D0002338
R0010028,D0011654
R0000040,D0000047
R0001053,D0001246
R0016443,D0019124
R0024162,D0028048
R0007312,D0008433
R0010953,D0012760
R0038328,D0044891
R0037431,D0043864
R0032541,D0037871
R0011650,D0013579
R0021367,D0024860
R0017015,D0019786
R0005547,D0006425
R0001551,D0001809
R0001026,D0001214
R0009618,D0011176
R0007479,D0008621
R0025977,D0030175
R0027725,D0032214
R0001377,D0001610
R0022273,D0025892
R0023689,D0027496
R0025063,D0029107
R0016622,D0019328
R0029120,D0033864
R0020989,D0024428
R0028722,D0033396
R0034362,D0040140
R0028237,D0032823
R0019918,D0023149
R0034621,D0040479
R0001471,D0001718
R0029358,D0034135
R0037325,D0043746
R0025905,D0030082
R0031557,D0036622
R0031337,D0036370
R0006525,D0007537
R0008134,D0009395
R0028846,D0033540
R0033788,D0039409
R0001520,D0001775
R0029256,D0034016
R0025006,D0029038
R0023905,D0027740
R0010243,D0011917
R0034650,D0040515
R0018387,D0021366
R0016382,D0019056
R0021327,D0024813
R0037921,D0044423
R0019224,D0022352
R0013173,D0015395
R0036392,D0042668
R0018939,D0022008
R0004907,D0005687
R0016984,D0019753
R0018512,D0021517
R0023069,D0026781
R0008797,D0010189
R0021328,D0024815
R0010919,D0012724
R0011958,D0013938
R0031257,D0036279
R0025304,D0029398
R0016071,D0018687
R0028354,D0032965
R0003433,D0003992
R0023517,D0027301
R0022296,D0025919
R0020730,D0024126
R0038335,D0044902
R0030138,D0035009
R0023216,D0026949
R0018782,D0021827
R0037537,D0043984
R0020417,D0023745
R0036025,D0042214
R0011269,D0013142
R0000440,D0000517
R0016909,D0019668
R0003935,D0004561
R0024857,D0028874
R0005891,D0006825
R0034286,D0040050
R0000307,D0000368
R0009664,D0011230
R0036454,D0042745
R0023447,D0027213
R0029795,D0034628
R0019261,D0022396
R0022176,D0025778
R0021875,D0025428
R0037260,D0043672
R0003392,D0003948
R0034516,D0040346
R0003596,D0004179
R0014640,D0017041
R0008612,D0009970
R0019256,D0022389
R0008701,D0010075
R0011023,D0012848
R0014759,D0017176
R0031098,D0036095
R0014420,D0016798
R0019170,D0022285
R0028969,D0033685
R0024853,D0028869
R0034605,D0040458
R0025375,D0029478
R0002645,D0003089
R0007785,D0008980
R0023488,D0027266
R0034473,D0040281
R0001726,D0002011
R0021867,D0025419
R0013223,D0015452
R0009702,D0011274
R0016537,D0019226
R0002370,D0002771
R0030838,D0035806
R0035206,D0041158
R0011196,D0013063
R0013073,D0015276
R0007829,D0009030
R0030084,D0034948
R0025035,D0029072
R0007086,D0008169
R0013649,D0015946
R0026292,D0030544
R0020680,D0024067
R0018711,D0021750
R0034382,D0040163
R0038310,D0044871
R0027745,D0032241
R0013820,D0016133
R0025046,D0029087
R0026968,D0031351
R0028347,D0032958
R0018016,D0020931
R0030440,D0035344
R0019701,D0022895
R0023681,D0027487
R0025267,D0029352
R0001376,D0001609
R0006234,D0007208
R0032676,D0038042
R0001484,D0001734
R0013763,D0016071
R0038651,D0045264
R0000398,D0000470
R0038643,D0045256
R0012714,D0014856
R0001191,D0001403
R0017114,D0019898
R0000907,D0001073
R0026785,D0031134
R0016240,D0018889
R0013609,D0015901
R0008944,D0010362
R0003359,D0003909
R0003476,D0004040
R0000764,D0000904
R0021154,D0024610
R0027923,D0032456
R0038475,D0045064
R0019444,D0022601
R0017347,D0020169
R0038198,D0044747
R0011488,D0013395
R0031755,D0036850
R0009971,D0011589
R0028766,D0033447
R0021099,D0024546
R0011862,D0013810
R0027499,D0031955
R0021502,D0025014
R0006340,D0007325
R0014850,D0017281
R0015256,D0017736
R0006899,D0007959
R0026187,D0030423
R0012455,D0014546
R0002825,D0003300
R0001914,D0002234
R0002519,D0002946
R0003028,D0003536
R0017965,D0020874
R0036320,D0042585
R0026250,D0030498
R0011547,D0013462
R0029705,D0034530
R0035434,D0041427
R0027056,D0031454
R0019508,D0022676
R0024682,D0028673
R0026325,D0030583
R0027160,D0031572
R0002194,D0002569
R0020216,D0023517
R0004511,D0005232
R0039041,D0045713
R0028376,D0032992
R0019923,D0023157
R0029783,D0034615
R0007472,D0008614
R0018444,D0021437
R0019108,D0022209
R0035554,D0041582
R0020465,D0023801
R0038101,D0044635
R0011003,D0012823
R0030213,D0035091
R0020634,D0024008
R0037046,D0043434
R0027408,D0031851
R0024496,D0028459
R0021128,D0024578
R0015381,D0017880
R0005160,D0005974
R0001695,D0001975
R0012992,D0015177
R0018185,D0021130
R0030773,D0035731
R0016592,D0019296
R0008931,D0010349
R0009088,D0010539
R0008475,D0009811
R0005308,D0006141
R0034326,D0040095
R0032328,D0037587
R0005006,D0005792
R0012011,D0014001
R0023114,D0026839
R0026252,D0030501
R0008222,D0009506
R0032822,D0038223
R0029545,D0034345
R0033778,D0039393
R0003880,D0004501
R0007950,D0009174
R0030152,D0035023
R0036823,D0043180
R0007093,D0008178
R0037298,D0043715
R0003975,D0004611
R0002245,D0002629
R0021011,D0024453
R0009569,D0011119
R0008516,D0009859
R0022488,D0026136
R0002796,D0003263
R0033475,D0038989
R0015064,D0017525
R0034155,D0039887
R0012979,D0015163
R0037575,D0044026
R0026220,D0030464
R0017698,D0020574
R0022644,D0026306
R0037002,D0043388
R0003300,D0003846
R0001108,D0001309
R0024291,D0028204
R0038684,D0045301
R0018242,D0021194
R0030362,D0035259
R0021350,D0024840
R0032320,D0037578
R0006210,D0007178
R0020572,D0023929
R0001923,D0002243
R0028631,D0033294
R0034800,D0040694
R0030461,D0035367
R0004576,D0005308
R0008864,D0010274
R0023508,D0027292
R0008452,D0009787
R0000657,D0000770
R0028963,D0033676
R0020537,D0023889
R0003929,D0004555
R0039141,D0045825
R0032880,D0038291
R0013293,D0015533
R0018022,D0020939
R0013499,D0015775
R0007746,D0008934
R0026695,D0031020
R0004700,D0005448
R0033737,D0039338
R0034893,D0040805
R0001069,D0001263
R0000859,D0001018
R0008974,D0010399
R0032724,D0038102
R0006708,D0007741
R0014934,D0017376
R0022234,D0025848
R0007511,D0008657
R0029684,D0034507
R0012173,D0014187
R0015764,D0018325
R0032716,D0038094
R0031766,D0036863
R0021004,D0024445
R0003841,D0004453
R0031152,D0036154
R0035062,D0040994
R0033438,D0038947
R0005558,D0006440
R0012081,D0014082
R0036523,D0042824
R0021129,D0024579
R0001682,D0001961
R0022929,D0026623
R0027021,D0031414
R0006004,D0006952
R0025124,D0029181
R0038771,D0045403
R0011500,D0013410
R0021583,D0025112
R0020331,D0023651
R0025994,D0030195
R0010526,D0012252
R0030390,D0035287
R0032007,D0037177
R0022469,D0026116
R0006063,D0007019
R0022702,D0026370
R0011554,D0013470
R0032545,D0037875
R0009362,D0010871
R0037230,D0043640
R0015751,D0018309
R0003526,D0004094
R0001363,D0001594
R0000837,D0000994
R0033520,D0039039
R0034934,D0040851
R0000232,D0000276
R0006299,D0007283
R0026290,D0030542
R0027652,D0032133
R0031036,D0036024
R0036455,D0042746
R0019543,D0022716
R0025673,D0029808
R0017297,D0020115
R0025912,D0030092
R0012298,D0014339
R0009863,D0011459
R0000916,D0001084
R0001465,D0001711
R0014455,D0016841
R0034041,D0039733
R0021946,D0025518
R0015237,D0017715
R0037274,D0043688
R0027255,D0031678
R0031943,D0037091
R0021970,D0025543
R0022237,D0025851
R0004812,D0005579
R0005193,D0006010
R0038076,D0044605
R0007895,D0009108
R0013127,D0015339
R0026477,D0030754
R0002920,D0003410
R0001136,D0001343
R0002564,D0002996
R0005229,D0006050
R0017284,D0020099
R0035465,D0041468
R0030268,D0035154
R0033890,D0039550
R0021355,D0024845
R0017488,D0020332
R0021516,D0025032
R0023985,D0027844
R0006918,D0007980
R0021087,D0024533
R0024623,D0028608
R0005783,D0006704
R0026544,D0030838
R0008390,D0009707
R0030250,D0035134
R0027456,D0031906
R0027630,D0032108
R0020248,D0023555
R0029468,D0034255
R0035005,D0040934
R0009417,D0010933
R0032505,D0037822
R0021651,D0025182
R0006923,D0007985
R0005014,D0005800
R0036197,D0042428
R0020979,D0024417
R0001155,D0001364
R0013780,D0016089
R0023644,D0027443
R0006096,D0007053
R0001297,D0001523
R0004921,D0005701
R0008805,D0010201
R0034023,D0039712
R0010692,D0012446
R0037285,D0043700
R0033548,D0039068
R0038356,D0044929
R0027236,D0031657
R0011412,D0013311
R0033714,D0039301
R0004475,D0005192
R0029648,D0034466
R0019190,D0022309
R0036973,D0043352
R0032792,D0038185
R0001287,D0001512
R0013536,D0015819
R0002547,D0002979
R0011828,D0013772
R0029764,D0034595
R0039095,D0045773
R0034158,D0039891
R0009804,D0011385
R0010486,D0012207
R0038287,D0044846
R0035726,D0041805
R0006062,D0007018
R0002056,D0002403
R0036470,D0042762
R0001288,D0001513
R0033982,D0039668
R0016121,D0018749
R0017471,D0020312
R0016375,D0019048
R0023307,D0027053
R0011113,D0012963
R0012681,D0014817
R0034566,D0040409
R0001555,D0001813
R0019752,D0022955
R0032917,D0038335
R0032764,D0038147
R0014224,D0016579
R0016936,D0019698
R0027005,D0031397
R0017507,D0020354
R0019613,D0022798
R0019044,D0022138
R0002643,D0003087
R0015384,D0017883
R0006261,D0007238
R0027909,D0032441
R0009102,D0010557
R0038005,D0044517
R0029492,D0034285
R0035279,D0041239
R0032784,D0038175
R0011149,D0013008
R0020111,D0023386
R0031791,D0036895
R0037834,D0044322
R0007620,D0008786
R0003953,D0004581
R0015851,D0018430
R0038742,D0045371
R0008828,D0010228
R0036847,D0043211
R0018652,D0021676
R0007281,D0008399
R0034099,D0039811
R0001989,D0002323
R0021723,D0025262
R0017263,D0020071
R0020733,D0024130
R0014553,D0016947
R0004497,D0005216
R0002130,D0002497
R0030180,D0035053
R0036673,D0043005
R0015666,D0018208
R0035297,D0041261
R0024585,D0028563
R0012178,D0014195
R0030334,D0035228
R0027210,D0031629
R0011963,D0013943
R0029864,D0034704
R0038266,D0044823
R0004047,D0004697
R0027597,D0032068
R0009738,D0011315
R0014972,D0017417
R0012152,D0014163
R0001285,D0001510
R0017640,D0020503
R0034950,D0040869
R0003743,D0004346
R0010340,D0012035
R0007308,D0008429
R0007766,D0008961
R0003973,D0004608
R0029524,D0034320
R0036844,D0043208
R0031972,D0037133
R0032296,D0037549
R0005141,D0005954
R0035844,D0041959
R0029611,D0034421
R0007492,D0008636
R0017845,D0020738
R0023768,D0027590
R0009048,D0010493
R0023347,D0027099
R0004874,D0005652
R0035937,D0042089
R0015186,D0017659
R0011324,D0013205
R0014116,D0016460
R0016090,D0018708
R0039108,D0045788
R0032455,D0037751
R0000952,D0001127
R0015859,D0018442
R0030571,D0035500
R0023242,D0026976
R0033871,D0039526
R0028434,D0033057
R0027995,D0032535
R0005839,D0006765
R0030195,D0035070
R0024308,D0028222
R0004059,D0004710
R0015070,D0017531
R0001754,D0002044
R0036193,D0042424
R0007127,D0008223
R0020970,D0024403
R0032229,D0037455
R0023351,D0027103
R0017432,D0020267
R0026723,D0031058
R0004443,D0005151
R0021977,D0025551
R0032429,D0037718
R0035307,D0041274
R0013529,D0015812
R0031483,D0036537
R0027223,D0031642
R0022313,D0025937
R0027145,D0031553
R0021458,D0024966
R0036041,D0042237
R0008361,D0009669
R0026088,D0030306
R0015874,D0018457
R0032910,D0038326
R0000014,D0000016
R0020264,D0023579
R0035645,D0041695
R0024342,D0028262
R0036070,D0042270
R0001611,D0001885
R0014004,D0016329
R0000516,D0000608
R0008188,D0009463
R0029732,D0034560
R0003893,D0004515
R0011778,D0013718
R0007509,D0008655
R0018821,D0021871
R0026577,D0030879
R0019289,D0022432
R0016906,D0019665
R0011220,D0013087
R0034942,D0040860
R0037955,D0044461
R0014430,D0016809
R0000383,D0000454
R0018424,D0021413
R0038805,D0045446
R0015564,D0018087
R0006047,D0007001
R0009197,D0010674
R0000296,D0000354
R0004774,D0005537
R0003326,D0003874
R0031375,D0036414
R0000703,D0000830
R0007026,D0008103
R0019491,D0022657
R0029004,D0033728
R0021697,D0025235
R0005189,D0006006
R0000884,D0001047
R0015317,D0017804
R0003970,D0004605
R0028294,D0032893
R0031582,D0036650
R0009822,D0011411
R0010592,D0012326
R0008699,D0010073
R0004834,D0005602
R0017101,D0019881
R0037796,D0044279
R0013594,D0015886
R0013328,D0015576
R0025026,D0029062
R0018725,D0021764
R0023688,D0027495
R0010503,D0012226
R0036660,D0042992
R0033213,D0038682
R0036815,D0043169
R0016415,D0019093
R0000642,D0000754
R0025734,D0029877
R0021996,D0025572
R0020337,D0023658
R0008660,D0010028
R0014753,D0017170
R0002574,D0003009
R0019799,D0023007
R0036905,D0043276
R0016096,D0018717
R0037098,D0043491
R0037882,D0044374
R0005739,D0006654
R0035527,D0041546
R0029613,D0034424
R0006124,D0007081
R0000662,D0000775
R0038576,D0045179
R0026284,D0030534
R0010352,D0012048
R0025155,D0029219
R0028761,D0033442
R0001169,D0001379
R0013981,D0016303
R0016694,D0019418
R0003390,D0003946
R0014485,D0016872
R0021543,D0025063
R0030678,D0035619
R0027241,D0031662
R0031789,D0036893
R0032228,D0037454
R0004662,D0005407
R0000454,D0000535
R0001150,D0001358
R0031306,D0036334
R0005968,D0006912
R0005525,D0006400
R0006793,D0007839
R0033280,D0038764
R0037357,D0043780
R0004696,D0005444
R0000204,D0000242
R0024366,D0028292
R0001481,D0001729
R0018001,D0020911
R0008741,D0010124
R0020383,D0023709
R0015605,D0018138
R0003320,D0003868
R0017062,D0019840
R0006306,D0007290
R0010248,D0011924
R0019514,D0022685
R0024491,D0028454
R0011251,D0013120
R0011030,D0012856
R0032853,D0038261
R0010847,D0012637
R0021232,D0024699
R0036056,D0042255
R0026808,D0031160
R0029454,D0034240
R0014657,D0017060
R0038316,D0044877
R0021187,D0024648
R0008274,D0009568
R0025551,D0029679
R0021223,D0024690
R0009660,D0011225
R0020682,D0024069
R0009392,D0010906
R0026243,D0030488
R0032190,D0037405
R0032372,D0037646
R0019447,D0022606
R0019220,D0022347
R0025364,D0029465
R0020180,D0023472
R0007848,D0009049
R0028268,D0032860
R0011972,D0013954
R0021200,D0024663
R0016985,D0019754
R0032401,D0037682
R0020787,D0024195
R0020962,D0024395
R0006026,D0006976
R0038699,D0045318
R0028331,D0032937
R0030051,D0034910
R0017051,D0019826
R0022802,D0026486
R0010130,D0011781
R0021796,D0025344
R0032602,D0037942
R0002222,D0002603
R0010562,D0012292
R0011934,D0013910
R0010971,D0012783
R0034629,D0040489
R0035518,D0041535
R0014295,D0016663
R0005450,D0006310
R0000426,D0000501
R0030585,D0035518
R0009778,D0011357
R0016056,D0018670
R0030941,D0035919
R0003521,D0004088
R0001727,D0002012
R0029682,D0034505
R0010882,D0012678
R0038205,D0044755
R0017429,D0020264
R0024934,D0028959
R0008958,D0010379
R0024362,D0028286
R0022834,D0026522
R0007261,D0008378
R0028220,D0032805
R0001948,D0002273
R0008520,D0009864
R0023888,D0027721
R0035466,D0041469
R0014739,D0017156
R0020355,D0023678
R0020290,D0023608
R0030854,D0035824
R0030050,D0034909
R0025566,D0029696
R0003089,D0003605
R0018812,D0021861
R0014567,D0016964
R0004124,D0004783
R0030493,D0035409
R0023300,D0027043
R0033862,D0039509
R0009394,D0010909
R0032863,D0038272
R0018506,D0021509
R0020773,D0024178
R0007460,D0008599
R0002162,D0002532
R0002318,D0002714
R0017083,D0019862
R0036866,D0043231
R0020030,D0023290
R0024329,D0028247
R0015031,D0017488
R0008999,D0010426
R0035437,D0041430
R0034091,D0039797
R0036699,D0043031
R0000556,D0000656
R0021540,D0025059
R0015525,D0018041
R0027263,D0031687
R0017434,D0020270
R0013295,D0015536
R0031477,D0036531
R0035827,D0041936
R0002268,D0002657
R0003661,D0004253
R0026897,D0031262
R0020930,D0024359
R0030469,D0035379
R0024913,D0028935
R0026388,D0030654
R0026858,D0031221
R0023763,D0027585
R0010524,D0012249
R0009372,D0010882
R0032537,D0037865
R0008572,D0009922
R0005451,D0006311
R0028530,D0033175
R0028407,D0033025
R0003301,D0003847
R0036143,D0042361
R0037689,D0044154
R0027922,D0032455
R0021092,D0024538
R0009009,D0010439
R0020929,D0024358
R0001143,D0001351
R0031753,D0036847
R0011267,D0013140
R0008017,D0009255
R0018699,D0021734
R0007177,D0008282
R0018048,D0020967
R0001378,D0001611
R0029339,D0034113
R0030161,D0035032
R0017331,D0020150
R0019062,D0022161
R0021907,D0025469
R0037654,D0044116
R0026764,D0031106
R0032019,D0037194
R0010789,D0012570
R0008546,D0009893
R0030329,D0035222
R0020683,D0024070
R0030681,D0035623
R0034096,D0039804
R0003091,D0003607
R0005275,D0006103
R0019042,D0022136
R0024713,D0028710
R0033489,D0039004
R0024158,D0028043
R0038379,D0044957
R0026700,D0031026
R0025102,D0029155
R0034067,D0039765
R0035958,D0042120
R0033736,D0039336
R0035925,D0042073
R0010798,D0012579
R0032484,D0037793
R0031137,D0036138
R0011563,D0013479
R0033326,D0038816
R0037215,D0043623
R0006776,D0007818
R0003990,D0004626
R0020580,D0023939
R0029758,D0034587
R0021607,D0025137
R0037377,D0043803
R0000208,D0000246
R0039260,D0045963
R0025524,D0029645
R0031000,D0035983
R0003180,D0003712
R0001649,D0001926
R0013590,D0015882
R0030003,D0034857
R0017761,D0020644
R0003966,D0004601
R0012028,D0014020
R0031466,D0036520
R0031024,D0036012
R0022764,D0026444
R0016657,D0019369
R0009275,D0010770
R0007204,D0008311
R0029340,D0034114
R0011898,D0013866
R0013696,D0015998
R0018961,D0022035
R0027377,D0031816
R0003834,D0004445
R0024937,D0028962
R0028243,D0032830
R0002856,D0003336
R0014812,D0017238
R0037704,D0044172
R0005887,D0006819
R0002864,D0003345
R0025581,D0029711
R0022055,D0025638
R0018808,D0021857
R0009767,D0011346
R0023589,D0027381
R0018731,D0021771
R0037991,D0044502
R0024608,D0028589
R0021105,D0024554
R0028678,D0033349
R0028904,D0033608
R0003074,D0003589
R0016081,D0018698
R0017497,D0020344
R0014973,D0017418
R0001967,D0002293
R0032494,D0037804
R0038555,D0045155
R0025056,D0029099
R0035708,D0041777
R0016019,D0018627
R0026909,D0031278
R0019750,D0022953
R0011072,D0012909
R0037984,D0044494
R0037500,D0043939
R0037073,D0043463
R0008912,D0010327
R0025751,D0029895
R0011504,D0013414
R0029747,D0034575
R0036035,D0042229
R0030077,D0034940
R0006393,D0007386
R0004908,D0005688
R0000977,D0001155
R0037304,D0043722
R0002541,D0002972
R0015918,D0018509
R0025962,D0030157
R0036808,D0043159
R0020486,D0023829
R0023999,D0027859
R0019575,D0022751
R0003746,D0004349
R0004457,D0005171
R0019878,D0023102
R0014264,D0016630
R0015270,D0017752
R0022692,D0026358
R0016086,D0018703
R0029326,D0034099
R0008113,D0009370
R0034504,D0040328
R0024844,D0028857
R0033839,D0039477
R0033244,D0038721
R0018713,D0021752
R0036854,D0043219
R0038049,D0044572
R0028985,D0033703
R0016656,D0019367
R0012393,D0014459
R0011471,D0013377
R0030940,D0035918
R0029499,D0034293
R0006983,D0008050
R0030960,D0035939
R0026792,D0031143
R0036010,D0042190
R0007855,D0009058
R0037226,D0043636
R0035240,D0041195
R0026921,D0031296
R0011968,D0013949
R0021475,D0024985
R0013647,D0015944
R0003798,D0004407
R0013911,D0016227
R0015606,D0018139
R0033706,D0039290
R0014976,D0017421
R0005606,D0006498
R0023046,D0026753
R0038812,D0045454
R0004021,D0004666
R0012276,D0014314
R0016750,D0019486
R0037549,D0043997
R0010346,D0012041
R0000577,D0000682
R0021690,D0025228
R0004377,D0005070
R0034046,D0039738
R0023466,D0027239
R0004379,D0005073
R0022714,D0026384
R0018888,D0021946
R0031664,D0036739
R0027743,D0032235
R0006846,D0007899
R0004296,D0004981
R0003836,D0004447
R0027518,D0031977
R0013726,D0016030
R0000560,D0000664
R0034802,D0040698
R0012970,D0015154
R0009279,D0010775
R0015194,D0017667
R0016067,D0018683
R0002618,D0003059
R0021727,D0025267
R0010281,D0011964
R0017276,D0020089
R0003431,D0003990
R0038088,D0044620
R0031751,D0036843
R0029862,D0034701
R0034485,D0040303
R0033328,D0038818
R0002008,D0002346
R0002426,D0002837
R0011718,D0013653
R0006052,D0007007
R0037149,D0043547
R0024238,D0028143
R0007874,D0009084
R0021738,D0025279
R0014125,D0016469
R0013545,D0015828
R0008697,D0010071
R0026826,D0031184
R0016080,D0018696
R0030623,D0035560
R0027500,D0031956
R0038693,D0045311
R0031643,D0036716
R0003176,D0003706
R0037643,D0044104
R0012506,D0014602
R0000401,D0000473
R0029379,D0034158
R0028187,D0032766
R0028323,D0032929
R0030963,D0035943
R0027136,D0031544
R0010022,D0011648
R0010030,D0011656
R0032939,D0038364
R0018493,D0021496
R0017003,D0019774
R0019056,D0022155
R0025191,D0029262
R0013679,D0015979
R0003558,D0004132
R0018374,D0021352
R0023607,D0027399
R0013596,D0015888
R0008023,D0009261
R0003166,D0003694
R0023805,D0027629
R0007803,D0009001
R0028512,D0033154
R0010920,D0012725
R0008105,D0009362
R0005159,D0005972
R0010492,D0012213
R0018042,D0020960
R0007265,D0008382
R0023418,D0027182
R0000135,D0000166
R0005381,D0006227
R0035840,D0041954
R0020964,D0024397
R0028571,D0033224
R0006526,D0007538
R0036189,D0042419
R0024576,D0028551
R0020957,D0024390
R0036111,D0042322
R0020037,D0023302
R0002817,D0003290
R0007231,D0008340
R0033884,D0039543
R0022979,D0026678
R0012764,D0014917
R0016343,D0019010
R0022683,D0026349
R0003296,D0003841
R0022046,D0025627
R0009785,D0011364
R0015593,D0018122
R0036547,D0042850
R0011429,D0013331
R0003687,D0004282
R0020627,D0024001
R0019736,D0022938
R0025301,D0029395
R0015327,D0017814
R0012774,D0014930
R0000233,D0000277
R0018257,D0021211
R0009291,D0010787
R0025875,D0030045
R0023401,D0027163
R0033180,D0038644
R0025781,D0029932
R0005897,D0006832
R0003987,D0004623
R0018670,D0021698
R0001781,D0002080
R0038135,D0044675
R0013485,D0015759
R0018323,D0021296
R0031741,D0036826
R0020344,D0023665
R0019770,D0022975
R0020036,D0023301
R0017839,D0020732
R0036999,D0043385
R0012743,D0014890
R0028764,D0033445
R0023503,D0027286
R0009085,D0010536
R0011854,D0013799
R0025236,D0029312
R0000166,D0000200
R0013111,D0015321
R0022590,D0026250
R0016719,D0019447
R0017555,D0020410
R0002078,D0002433
R0001479,D0001726
R0008740,D0010123
R0005537,D0006414
R0031081,D0036075
R0000926,D0001095
R0005034,D0005827
R0013124,D0015336
R0036148,D0042366
R0015925,D0018519
R0024346,D0028266
R0025066,D0029110
R0024198,D0028095
R0001970,D0002297
R0028849,D0033544
R0029655,D0034474
R0017460,D0020298
R0014002,D0016327
R0012515,D0014612
R0031526,D0036588
R0011311,D0013191
R0014523,D0016914
R0026503,D0030789
R0002575,D0003010
R0007052,D0008132
R0039119,D0045799
R0006424,D0007420
R0020109,D0023384
R0029392,D0034171
R0003667,D0004260
R0033816,D0039444
R0026309,D0030564
R0026635,D0030952
R0031077,D0036069
R0004993,D0005778
R0035464,D0041467
R0022805,D0026490
R0026197,D0030437
R0006132,D0007091
R0020677,D0024063
R0005268,D0006096
R0010537,D0012263
R0014471,D0016858
R0011082,D0012921
R0024597,D0028576
R0000194,D0000232
R0010321,D0012010
R0021817,D0025365
R0028075,D0032632
R0033218,D0038688
R0031279,D0036303
R0029696,D0034519
R0005741,D0006656
R0019942,D0023181
R0010505,D0012228
R0037429,D0043860
R0021432,D0024937
R0033345,D0038836
R0011427,D0013329
R0019597,D0022778
R0005967,D0006911
R0021395,D0024895
R0024110,D0027987
R0015488,D0018000
R0012543,D0014645
R0004893,D0005673
R0000824,D0000980
R0037201,D0043608
R0037502,D0043941
R0010538,D0012264
R0027769,D0032269
R0010080,D0011718
R0017923,D0020824
R0007198,D0008305
R0024318,D0028234
R0013966,D0016288
R0018508,D0021513
R0011590,D0013509
R0022143,D0025743
R0017387,D0020214
R0015913,D0018503
R0010921,D0012726
R0001436,D0001677
R0001125,D0001331
R0028185,D0032762
R0030383,D0035280
R0010517,D0012240
R0034070,D0039768
R0000224,D0000268
R0026082,D0030299
R0033764,D0039373
R0001309,D0001537
R0011524,D0013437
R0027686,D0032173
R0003654,D0004246
R0017322,D0020141
R0032270,D0037514
R0014249,D0016610
R0039190,D0045883
R0036150,D0042369
R0002888,D0003373
R0009626,D0011185
R0027045,D0031440
R0006614,D0007633
R0003636,D0004226
R0008231,D0009516
R0009208,D0010688
R0023444,D0027209
R0014047,D0016380
R0013462,D0015733
R0037337,D0043758
R0035255,D0041212
R0026045,D0030252
R0002411,D0002819
R0037418,D0043848
R0005315,D0006150
R0029962,D0034812
R0032520,D0037842
R0034891,D0040803
R0032839,D0038247
R0021902,D0025464
R0028535,D0033181
R0005582,D0006469
R0029472,D0034260
R0002447,D0002859
R0020530,D0023880
R0031830,D0036943
R0012440,D0014525
R0033767,D0039377
R0037513,D0043954
R0023770,D0027592
R0025853,D0030020
R0005488,D0006359
R0033893,D0039556
R0022916,D0026609
R0006966,D0008033
R0020234,D0023538
R0010880,D0012676
R0001044,D0001236
R0033910,D0039578
R0009461,D0010985
R0007997,D0009228
R0024106,D0027983
R0002128,D0002495
R0001156,D0001365
R0021928,D0025497
R0032538,D0037866
R0006075,D0007031
R0013076,D0015280
R0035633,D0041681
R0003612,D0004197
R0026618,D0030930
R0031921,D0037061
R0003782,D0004388
R0024595,D0028574
R0033175,D0038639
R0023971,D0027828
R0012598,D0014713
R0008053,D0009299
R0010528,D0012254
R0008484,D0009822
R0003976,D0004612
R0016761,D0019497
R0000498,D0000587
R0026601,D0030911
R0027777,D0032278
R0005169,D0005983
R0020127,D0023406
R0001165,D0001375
R0025245,D0029323
R0011367,D0013256
R0038301,D0044862
R0018344,D0021321
R0000229,D0000273
R0017777,D0020661
R0005377,D0006223
R0032539,D0037868
R0012202,D0014226
R0031816,D0036926
R0019192,D0022312
R0025221,D0029295
R0000143,D0000174
R0011032,D0012858
R0014776,D0017195
R0033173,D0038637
R0000210,D0000248
R0006154,D0007114
R0002853,D0003331
R0000991,D0001171
R0023952,D0027803
R0037035,D0043422
R0006469,D0007474
R0033050,D0038496
R0007283,D0008402
R0023568,D0027359
R0009328,D0010830
R0006015,D0006963
R0017424,D0020258
R0037830,D0044318
R0013626,D0015920
R0008747,D0010130
R0028700,D0033373
R0032185,D0037399
R0035237,D0041192
R0024267,D0028178
R0016368,D0019039
R0000294,D0000352
R0034497,D0040318
R0029104,D0033846
R0021394,D0024894
R0008758,D0010147
R0011167,D0013028
R0025605,D0029737
R0029721,D0034548
R0003909,D0004532
R0018732,D0021772
R0034141,D0039868
R0029505,D0034299
R0024646,D0028632
R0016178,D0018815
R0017986,D0020895
R0021315,D0024799
R0004280,D0004964
R0004699,D0005447
R0016632,D0019339
R0006833,D0007885
R0031322,D0036353
R0006439,D0007437
R0009303,D0010801
R0013530,D0015813
R0024341,D0028260
R0029199,D0033955
R0010491,D0012212
R0012964,D0015147
R0032381,D0037658
R0025609,D0029741
R0002414,D0002822
R0032238,D0037474
R0008687,D0010060
R0012107,D0014113
R0030082,D0034946
R0003739,D0004342
R0001451,D0001696
R0033618,D0039159
R0036259,D0042511
R0015003,D0017452
R0030684,D0035626
R0034691,D0040564
R0023633,D0027430
R0036916,D0043287
R0023910,D0027747
R0036570,D0042884
R0025899,D0030074
R0012508,D0014604
R0038751,D0045382
R0014050,D0016383
R0000958,D0001134
R0026636,D0030954
R0024414,D0028348
R0032654,D0038014
R0001430,D0001671
R0026305,D0030559
R0014660,D0017063
R0019428,D0022583
R0007602,D0008766
R0023098,D0026816
R0005414,D0006267
R0009995,D0011615
R0035811,D0041911
R0001419,D0001657
R0010244,D0011918
R0022443,D0026087
R0038114,D0044650
R0031867,D0036988
R0036187,D0042417
R0032983,D0038421
R0010307,D0011993
R0003078,D0003593
R0032842,D0038250
R0032348,D0037611
R0013006,D0015194
R0006142,D0007102
R0001886,D0002200
R0026437,D0030705
R0013309,D0015555
R0027245,D0031666
R0036396,D0042673
R0020202,D0023501
R0011723,D0013658
R0017455,D0020292
R0038887,D0045539
R0009453,D0010976
R0019935,D0023173
R0015997,D0018600
R0013165,D0015385
R0012480,D0014575
R0007549,D0008701
R0038792,D0045428
R0001290,D0001515
R0013064,D0015263
R0001444,D0001688
R0019176,D0022291
R0007814,D0009013
R0005903,D0006838
R0010328,D0012020
R0004764,D0005525
R0037403,D0043830
R0033573,D0039095
R0027242,D0031663
R0021526,D0025044
R0025850,D0030017
R0021964,D0025536
R0017662,D0020532
R0012035,D0014027
R0004707,D0005455
R0014838,D0017267
R0028699,D0033372
R0009549,D0011093
R0031683,D0036763
R0034505,D0040329
R0004537,D0005261
R0013083,D0015288
R0006408,D0007403
R0027184,D0031599
R0033851,D0039497
R0033951,D0039629
R0009049,D0010494
R0030019,D0034875
R0012898,D0015070
R0008182,D0009454
R0005749,D0006666
R0009749,D0011326
R0019638,D0022827
R0038488,D0045079
R0020209,D0023508
R0007536,D0008687
R0004453,D0005166
R0037329,D0043750
R0008688,D0010061
R0011890,D0013853
R0028957,D0033670
R0000644,D0000757
R0020994,D0024435
R0012413,D0014486
R0014069,D0016407
R0018290,D0021256
R0020079,D0023351
R0025883,D0030055
R0005133,D0005946
R0026053,D0030260
R0000529,D0000624
R0022288,D0025909
R0025953,D0030144
R0029548,D0034348
R0033355,D0038850
R0031963,D0037118
R0013434,D0015701
R0024163,D0028049
R0035182,D0041132
R0025406,D0029513
R0001909,D0002225
R0036286,D0042547
R0002783,D0003250
R0025826,D0029988
R0009940,D0011551
R0029247,D0034007
R0001461,D0001707
R0013071,D0015273
R0000191,D0000229
R0025256,D0029336
R0001546,D0001803
R0008317,D0009617
R0009917,D0011524
R0027986,D0032525
R0010219,D0011888
R0035183,D0041133
R0002820,D0003294
R0004546,D0005271
R0002147,D0002517
R0018224,D0021175
R0010808,D0012590
R0010224,D0011894
R0026097,D0030317
R0024119,D0028000
R0019579,D0022755
R0014994,D0017441
R0035677,D0041734
R0014579,D0016976
R0024121,D0028002
R0011587,D0013506
R0004062,D0004714
R0009944,D0011555
R0003393,D0003949
R0016049,D0018663
R0018250,D0021203
R0030666,D0035607
R0007819,D0009018
R0024781,D0028784
R0007338,D0008461
R0003597,D0004180
R0010765,D0012536
R0030555,D0035481
R0035731,D0041810
R0025146,D0029207
R0019249,D0022381
R0004350,D0005041
R0020824,D0024241
R0011655,D0013585
R0000717,D0000849
R0024850,D0028866
R0028003,D0032544
R0036747,D0043082
R0010565,D0012296
R0013062,D0015260
R0024309,D0028223
R0032478,D0037782
R0016016,D0018623
R0010123,D0011773
R0009114,D0010577
R0023454,D0027222
R0036282,D0042543
R0017747,D0020627
R0013861,D0016175
R0023373,D0027129
R0003527,D0004095
R0026839,D0031200
R0031832,D0036945
R0001654,D0001931
R0009612,D0011169
R0015141,D0017612
R0032360,D0037625
R0002103,D0002466
R0021748,D0025290
R0037616,D0044074
R0033778,D0039391
R0030026,D0034882
R0004242,D0004916
R0012705,D0014846
R0037588,D0044040
R0027912,D0032445
R0035064,D0040996
R0035686,D0041745
R0027972,D0032509
R0002701,D0003159
R0031775,D0036874
R0029364,D0034141
R0011698,D0013632
R0036722,D0043054
R0000960,D0001136
R0027371,D0031810
R0028503,D0033144
R0031193,D0036203
R0031343,D0036379
R0026548,D0030842
R0031759,D0036854
R0011392,D0013285
R0011850,D0013795
R0035782,D0041870
R0017946,D0020852
R0012683,D0014821
R0006935,D0008000
R0018771,D0021814
R0033143,D0038599
R0006499,D0007506
R0029251,D0034011
R0016043,D0018657
R0015549,D0018067
R0017563,D0020420
R0026382,D0030648
R0008691,D0010064
R0012350,D0014405
R0017720,D0020598
R0036963,D0043340
R0036628,D0042952
R0034300,D0040066
R0023706,D0027516
R0023965,D0027817
R0036987,D0043370
R0014395,D0016771
R0008907,D0010322
R0016268,D0018921
R0001183,D0001394
R0009786,D0011365
R0006402,D0007397
R0021203,D0024668
R0031996,D0037161
R0006565,D0007580
R0033257,D0038739
R0007684,D0008865
R0011534,D0013448
R0026205,D0030447
R0026628,D0030940
R0026372,D0030635
R0002992,D0003491
R0028268,D0032861
R0030635,D0035573
R0011224,D0013091
R0035589,D0041621
R0033859,D0039505
R0003849,D0004462
R0023832,D0027659
R0030600,D0035533
R0002877,D0003358
R0008839,D0010247
R0014394,D0016769
R0004342,D0005032
R0012196,D0014219
R0013094,D0015302
R0005300,D0006132
R0030964,D0035944
R0023037,D0026744
R0037809,D0044294
R0010305,D0011991
R0017539,D0020393
R0016022,D0018634
R0014144,D0016489
R0004159,D0004822
R0006576,D0007592
R0036170,D0042392
R0019036,D0022127
R0025099,D0029152
R0008714,D0010092
R0012231,D0014261
R0037277,D0043692
R0008173,D0009443
R0028875,D0033575
R0032679,D0038046
R0019212,D0022337
R0001402,D0001637
R0032188,D0037403
R0033855,D0039501
R0035928,D0042076
R0018928,D0021994
R0003013,D0003518
R0009859,D0011454
R0036512,D0042809
R0015115,D0017581
R0000019,D0000022
R0006077,D0007033
R0019242,D0022372
R0030601,D0035534
R0001025,D0001213
R0004889,D0005669
R0033847,D0039492
R0020598,D0023963
R0014719,D0017132
R0002173,D0002544
R0008305,D0009603
R0007395,D0008523
R0008669,D0010039
R0037918,D0044419
R0026631,D0030946
R0005198,D0006016
R0002907,D0003396
R0030668,D0035609
R0032783,D0038174
R0013455,D0015726
R0001392,D0001626
R0005860,D0006790
R0017995,D0020904
R0004891,D0005671
R0035847,D0041964
R0013616,D0015910
R0004468,D0005183
R0036645,D0042977
R0000300,D0000358
R0002287,D0002680
R0014884,D0017318
R0017704,D0020581
R0034508,D0040333
R0013023,D0015212
R0016616,D0019321
R0007125,D0008219
R0038019,D0044535
R0033927,D0039599
R0007670,D0008850
R0009735,D0011312
R0006227,D0007200
R0020227,D0023530
R0012577,D0014690
R0011713,D0013648
R0029182,D0033935
R0003833,D0004444
R0030030,D0034887
R0038280,D0044839
R0022052,D0025634
R0038765,D0045397
R0022435,D0026079
R0036390,D0042663
R0033427,D0038932
R0031926,D0037070
R0037526,D0043971
R0037529,D0043974
R0018273,D0021230
R0004275,D0004959
R0033085,D0038535
R0028915,D0033622
R0016521,D0019209
R0011629,D0013553
R0035629,D0041672
R0019052,D0022151
R0021653,D0025184
R0004419,D0005120
R0026043,D0030250
R0010682,D0012434
R0037075,D0043466
R0015883,D0018469
R0031133,D0036134
R0034274,D0040030
R0026607,D0030917
R0029252,D0034012
R0011068,D0012902
R0030725,D0035673
R0002324,D0002720
R0033840,D0039480
R0023071,D0026783
R0038127,D0044665
R0016816,D0019563
R0022656,D0026318
R0012824,D0014986
R0033142,D0038598
R0015135,D0017605
R0009523,D0011061
R0015926,D0018520
R0026575,D0030877
R0012995,D0015180
R0022800,D0026484
R0026215,D0030459
R0019076,D0022175
R0012478,D0014573
R0009922,D0011531
R0028056,D0032609
R0000048,D0000058
R0034000,D0039688
R0023165,D0026895
R0037023,D0043409
R0024955,D0028984
R0011388,D0013280
R0026892,D0031257
R0023429,D0027194
R0023387,D0027144
R0003000,D0003502
R0008700,D0010074
R0038354,D0044925
R0023814,D0027639
R0008394,D0009714
R0027215,D0031634
R0012006,D0013996
R0027609,D0032082
R0031838,D0036952
R0008097,D0009351
R0024769,D0028771
R0036814,D0043168
R0016132,D0018763
R0027761,D0032259
R0027542,D0032004
R0014108,D0016450
R0031973,D0037135
R0015425,D0017928
R0003236,D0003774
R0026651,D0030969
R0012139,D0014148
R0010202,D0011865
R0015529,D0018045
R0010897,D0012697
R0021510,D0025026
R0029517,D0034313
R0028636,D0033300
R0015537,D0018054
R0033782,D0039401
R0005204,D0006023
R0038106,D0044640
R0000168,D0000203
R0008330,D0009632
R0012359,D0014414
R0021897,D0025456
R0023698,D0027507
R0025068,D0029113
R0008810,D0010207
R0013370,D0015622
R0032184,D0037398
R0011675,D0013606
R0022659,D0026321
R0029968,D0034819
R0013408,D0015669
R0017251,D0020058
R0022973,D0026672
R0029303,D0034075
R0035859,D0041983
R0018147,D0021088
R0002164,D0002534
R0009571,D0011121
R0038268,D0044825
R0007685,D0008866
R0006585,D0007602
R0028608,D0033268
R0010334,D0012029
R0016116,D0018742
R0004065,D0004717
R0030898,D0035872
R0027461,D0031911
R0035906,D0042042
R0033515,D0039034
R0025628,D0029761
R0000540,D0000635
R0014323,D0016693
R0012209,D0014234
R0033331,D0038821
R0037027,D0043414
R0015591,D0018120
R0037449,D0043884
R0005166,D0005980
R0031107,D0036105
R0025252,D0029330
R0002454,D0002867
R0005977,D0006923
R0023042,D0026749
R0000589,D0000696
R0021556,D0025080
R0022803,D0026487
R0024364,D0028289
R0018573,D0021581
R0017487,D0020331
R0012105,D0014111
R0033309,D0038796
R0034644,D0040508
R0019497,D0022663
R0027641,D0032121
R0018932,D0021999
R0032763,D0038146
R0032431,D0037721
R0008382,D0009694
R0011799,D0013741
R0038276,D0044835
R0009907,D0011510
R0034541,D0040379
R0022507,D0026160
R0029724,D0034551
R0004656,D0005401
R0010834,D0012623
R0007575,D0008736
R0002306,D0002699
R0001339,D0001569
R0001609,D0001883
R0001600,D0001871
R0022888,D0026578
R0018510,D0021515
R0001132,D0001338
R0026461,D0030735
R0022505,D0026158
R0000323,D0000387
R0032450,D0037745
R0036273,D0042532
R0016705,D0019430
R0008306,D0009604
R0013216,D0015444
R0014710,D0017121
R0024989,D0029020
R0010349,D0012044
R0011126,D0012978
R0025444,D0029557
R0038134,D0044674
R0005982,D0006928
R0001028,D0001216
R0021435,D0024940
R0034336,D0040107
R0021001,D0024442
R0021483,D0024993
R0017768,D0020651
R0015622,D0018157
R0011727,D0013663
R0027344,D0031781
R0010870,D0012665
R0009932,D0011541
R0030456,D0035361
R0020693,D0024081
R0024204,D0028102
R0015061,D0017522
R0028179,D0032755
R0033757,D0039364
R0016139,D0018771
R0036096,D0042303
R0019675,D0022867
R0033007,D0038448
R0023073,D0026786
R0036406,D0042685
R0011067,D0012901
R0032294,D0037545
R0033091,D0038542
R0026908,D0031276
R0026242,D0030487
R0003637,D0004227
R0035562,D0041592
R0019410,D0022565
R0023899,D0027733
R0018474,D0021474
R0021609,D0025139
R0002121,D0002486
R0024547,D0028518
R0023845,D0027673
R0032063,D0037255
R0009267,D0010760
R0034775,D0040667
R0030911,D0035885
R0007664,D0008844
R0030702,D0035646
R0024394,D0028324
R0022105,D0025700
R0022227,D0025840
R0004778,D0005542
R0033469,D0038982
R0008857,D0010266
R0035879,D0042006
R0007174,D0008279
R0010463,D0012180
R0000437,D0000513
R0033323,D0038813
R0027591,D0032061
R0012272,D0014309
R0019423,D0022578
R0014636,D0017037
R0035115,D0041055
R0004140,D0004801
R0001023,D0001210
R0005316,D0006152
R0035242,D0041199
R0001667,D0001945
R0032002,D0037168
R0013538,D0015821
R0010064,D0011696
R0026196,D0030436
R0001745,D0002035
R0015620,D0018155
R0034373,D0040152
R0012922,D0015097
R0009237,D0010725
R0006129,D0007086
R0013503,D0015779
R0028373,D0032989
R0011321,D0013201
R0013250,D0015485
R0029644,D0034460
R0020891,D0024314
R0008666,D0010034
R0024492,D0028455
R0023778,D0027600
R0037313,D0043732
R0027074,D0031473
R0011192,D0013059
R0018327,D0021300
R0003566,D0004140
R0035571,D0041602
R0005771,D0006691
R0032435,D0037726
R0023215,D0026948
R0027844,D0032365
R0022226,D0025839
R0029171,D0033922
R0002628,D0003070
R0012051,D0014049
R0027130,D0031538
R0020458,D0023792
R0023495,D0027274
R0007090,D0008174
R0030957,D0035936
R0027185,D0031600
R0027170,D0031582
R0027217,D0031636
R0030995,D0035978
R0005627,D0006525
R0034555,D0040397
R0024146,D0028028
R0002250,D0002634
R0032691,D0038059
R0004170,D0004835
R0001852,D0002165
R0008545,D0009892
R0003386,D0003941
R0028555,D0033205
R0008339,D0009644
R0037024,D0043410
R0029142,D0033888
R0013114,D0015324
R0021741,D0025282
R0028956,D0033669
R0038769,D0045401
R0002778,D0003244
R0025275,D0029361
R0002462,D0002877
R0023918,D0027758
R0009750,D0011327
R0030124,D0034993
R0019539,D0022712
R0016004,D0018611
R0010671,D0012423
R0031834,D0036948
R0000429,D0000505
R0019329,D0022475
R0027369,D0031808
R0009885,D0011483
R0001599,D0001870
R0038393,D0044975
R0006777,D0007819
R0004718,D0005470
R0014443,D0016826
R0029003,D0033727
R0033638,D0039186
R0016187,D0018826
R0000871,D0001030
R0027582,D0032051
R0022152,D0025752
R0032601,D0037941
R0035332,D0041300
R0001001,D0001185
R0002875,D0003356
R0025306,D0029401
R0022348,D0025976
R0006901,D0007962
R0029628,D0034441
R0033409,D0038912
R0020403,D0023730
R0027723,D0032212
R0020512,D0023857
R0025949,D0030138
R0010382,D0012086
R0009661,D0011226
R0021966,D0025538
R0021722,D0025261
R0000528,D0000622
R0016362,D0019032
R0011761,D0013700
R0001576,D0001842
R0011895,D0013862
R0000525,D0000618
R0030090,D0034956
R0035857,D0041980
R0005677,D0006579
R0001141,D0001349
R0019504,D0022672
R0016950,D0019714
R0031501,D0036560
R0036650,D0042982
R0014165,D0016513
R0000718,D0000850
R0017006,D0019777
R0037207,D0043614
R0038051,D0044575
R0016440,D0019119
R0012172,D0014186
R0010464,D0012181
R0011236,D0013103
R0010333,D0012028
R0013694,D0015996
R0000506,D0000595
R0008609,D0009967
R0011013,D0012836
R0028566,D0033218
R0018802,D0021850
R0032105,D0037303
R0010663,D0012415
R0004451,D0005161
R0030108,D0034975
R0036970,D0043347
R0013148,D0015363
R0030808,D0035771
R0020950,D0024383
R0030312,D0035202
R0036641,D0042970
R0000056,D0000069
R0001270,D0001493
R0014414,D0016791
R0033433,D0038942
R0034325,D0040094
R0002152,D0002522
R0017823,D0020714
R0012854,D0015023
R0016685,D0019404
R0016840,D0019590
R0010073,D0011709
R0025940,D0030127
R0030641,D0035579
R0029750,D0034578
R0009389,D0010902
R0001173,D0001384
R0035610,D0041647
R0001238,D0001459
R0029536,D0034334
R0003479,D0004043
R0010327,D0012019
R0011808,D0013750
R0030157,D0035028
R0021513,D0025029
R0001437,D0001680
R0026615,D0030926
R0032168,D0037379
R0033161,D0038625
R0016663,D0019378
R0016405,D0019082
R0010609,D0012350
R0001928,D0002248
R0009205,D0010683
R0002362,D0002763
R0033513,D0039032
R0022061,D0025644
R0028057,D0032611
R0001780,D0002079
R0036077,D0042280
R0004137,D0004798
R0011591,D0013510
R0037917,D0044418
R0039272,D0045975
R0030658,D0035599
R0014382,D0016755
R0036572,D0042887
R0026425,D0030691
R0023960,D0027811
R0016983,D0019752
R0016827,D0019575
R0013248,D0015482
R0009716,D0011291
R0026266,D0030515
R0029360,D0034137
R0010802,D0012583
R0038342,D0044911
R0025555,D0029684
R0002469,D0002884
R0010367,D0012067
R0017825,D0020717
R0010743,D0012509
R0018059,D0020978
R0001446,D0001691
R0032405,D0037687
R0019290,D0022433
R0016618,D0019323
R0027515,D0031974
R0034301,D0040067
R0034702,D0040577
R0018616,D0021631
R0014708,D0017117
R0023869,D0027700
R0033068,D0038515
R0034084,D0039785
R0030256,D0035141
R0036103,D0042312
R0030550,D0035476
R0019031,D0022120
R0033360,D0038855
R0039079,D0045755
R0015045,D0017504
R0001581,D0001848
R0009997,D0011617
R0029489,D0034282
R0038167,D0044711
R0005055,D0005853
R0015370,D0017865
R0029529,D0034326
R0019777,D0022983
R0001403,D0001638
R0038094,D0044626
R0038284,D0044843
R0036325,D0042590
R0021614,D0025144
R0035754,D0041837
R0037966,D0044474
R0037077,D0043468
R0017614,D0020476
R0014305,D0016674
R0009150,D0010617
R0001468,D0001715
R0015321,D0017808
R0034592,D0040444
R0018892,D0021951
R0032358,D0037622
R0004816,D0005584
R0033022,D0038464
R0037647,D0044109
R0027339,D0031775
R0020531,D0023881
R0004512,D0005233
R0006206,D0007174
R0023743,D0027562
R0032573,D0037906
R0017371,D0020196
R0036218,D0042460
R0016824,D0019572
R0017109,D0019893
R0020192,D0023489
R0021038,D0024481
R0016339,D0019005
R0016392,D0019066
R0022358,D0025987
R0017785,D0020670
R0028887,D0033587
R0007861,D0009065
R0011801,D0013743
R0028519,D0033164
R0011307,D0013186
R0014800,D0017223
R0001552,D0001810
R0010697,D0012454
R0028884,D0033584
R0024052,D0027921
R0006314,D0007298
R0030307,D0035197
R0018781,D0021826
R0012663,D0014794
R0026778,D0031124
R0002260,D0002644
R0004669,D0005415
R0020774,D0024179
R0020569,D0023926
R0019268,D0022407
R0004392,D0005090
R0025942,D0030129
R0008517,D0009860
R0019216,D0022341
R0001545,D0001802
R0010239,D0011913
R0022442,D0026086
R0015988,D0018589
R0004667,D0005413
R0035913,D0042052
R0017327,D0020146
R0008295,D0009592
R0025001,D0029033
R0027421,D0031867
R0034868,D0040776
R0000972,D0001149
R0011787,D0013729
R0006019,D0006968
R0014298,D0016666
R0024515,D0028480
R0020279,D0023595
R0032981,D0038417
R0006139,D0007099
R0007266,D0008383
R0019210,D0022333
R0018353,D0021331
R0001242,D0001463
R0009012,D0010443
R0032021,D0037199
R0027121,D0031527
R0035199,D0041150
R0007689,D0008870
R0015464,D0017971
R0001368,D0001599
R0030805,D0035767
R0020235,D0023539
R0029105,D0033847
R0006627,D0007646
R0000049,D0000059
R0008687,D0010059
R0013410,D0015671
R0004424,D0005127
R0011158,D0013019
R0002231,D0002613
R0020794,D0024204
R0035371,D0041350
R0021681,D0025217
R0019754,D0022957
R0000760,D0000900
R0019348,D0022496
R0010674,D0012426
R0008268,D0009562
R0029451,D0034236
R0031543,D0036607
R0008075,D0009325
R0004660,D0005405
R0025702,D0029841
R0034591,D0040442
R0035143,D0041085
R0034170,D0039905
R0009130,D0010594
R0017164,D0019956
R0026087,D0030305
R0020270,D0023586
R0035709,D0041778
R0019024,D0022112
R0036608,D0042927
R0014948,D0017392
R0013357,D0015609
R0021757,D0025301
R0030865,D0035837
R0002314,D0002709
R0036126,D0042342
R0019614,D0022799
R0033313,D0038800
R0018063,D0020983
R0017620,D0020483
R0010120,D0011770
R0020035,D0023299
R0010976,D0012790
R0033760,D0039368
R0022386,D0026022
R0029439,D0034223
R0017383,D0020210
R0025619,D0029752
R0032656,D0038017
R0030208,D0035086
R0035869,D0041996
R0026779,D0031127
R0029925,D0034771
R0004012,D0004654
R0037063,D0043453
R0038550,D0045150
R0024454,D0028402
R0032173,D0037386
R0032713,D0038088
R0014330,D0016700
R0033327,D0038817
R0012473,D0014566
R0037756,D0044233
R0004749,D0005509
R0030949,D0035928
R0035510,D0041523
R0002090,D0002446
R0025559,D0029689
R0007332,D0008454
R0005321,D0006157
R0023355,D0027109
R0011642,D0013569
R0005132,D0005945
R0038668,D0045283
R0008956,D0010376
R0030689,D0035631
R0033886,D0039545
R0034777,D0040669
R0037509,D0043949
R0038644,D0045257
R0001770,D0002063
R0038703,D0045323
R0004356,D0005048
R0019328,D0022474
R0030394,D0035291
R0038382,D0044960
R0016921,D0019681
R0038847,D0045493
R0002816,D0003289
R0038112,D0044648
R0021467,D0024976
R0027002,D0031392
R0006458,D0007460
R0003553,D0004127
R0016705,D0019429
R0029716,D0034543
R0038461,D0045047
R0004285,D0004969
R0025370,D0029471
R0026451,D0030722
R0009499,D0011031
R0033105,D0038560
R0010922,D0012727
R0019871,D0023095
R0036820,D0043176
R0018047,D0020966
R0018503,D0021506
R0018486,D0021488
R0035711,D0041781
R0037385,D0043812
R0021673,D0025207
R0003348,D0003898
R0029964,D0034814
R0000430,D0000506
R0015587,D0018116
R0033997,D0039685
R0016733,D0019464
R0016303,D0018961
R0002735,D0003195
R0029223,D0033983
R0030660,D0035601
R0000349,D0000416
R0013185,D0015407
R0021576,D0025103
R0002019,D0002359
R0012823,D0014985
R0003387,D0003943
R0023063,D0026773
R0029654,D0034473
R0001531,D0001787
R0017425,D0020260
R0012779,D0014935
R0026291,D0030543
R0035028,D0040957
R0000128,D0000155
R0011021,D0012846
R0000496,D0000585
R0038836,D0045478
R0001525,D0001781
R0001505,D0001759
R0013650,D0015948
R0005944,D0006884
R0008035,D0009273
R0035643,D0041692
R0024325,D0028242
R0005717,D0006628
R0034267,D0040020
R0035352,D0041325
R0037775,D0044255
R0028576,D0033230
R0031004,D0035988
R0020261,D0023574
R0038264,D0044820
R0028406,D0033024
R0023796,D0027620
R0028564,D0033215
R0006249,D0007225
R0008483,D0009820
R0008719,D0010099
R0035651,D0041703
R0007215,D0008323
R0026668,D0030988
R0010828,D0012617
R0016334,D0019000
R0007882,D0009094
R0010105,D0011752
R0028357,D0032969
R0034117,D0039834
R0025166,D0029233
R0017997,D0020906
R0012437,D0014521
R0004716,D0005468
R0023036,D0026743
R0009892,D0011491
R0031866,D0036986
R0027001,D0031391
R0023708,D0027518
R0011753,D0013692
R0030744,D0035698
R0007788,D0008983
R0022471,D0026119
R0028038,D0032587
R0013950,D0016268
R0011691,D0013625
R0015211,D0017687
R0036833,D0043195
R0030452,D0035357
R0023138,D0026866
R0007082,D0008165
R0014353,D0016725
R0000100,D0000123
R0023881,D0027712
R0003031,D0003539
R0010060,D0011692
R0038099,D0044632
R0017283,D0020097
R0010790,D0012571
R0024369,D0028295
R0018362,D0021340
R0001420,D0001658
R0025143,D0029204
R0004979,D0005763
R0032653,D0038013
R0006343,D0007328
R0019629,D0022818
R0038911,D0045566
R0002553,D0002985
R0034425,D0040218
R0019836,D0023053
R0009662,D0011228
R0038767,D0045399
R0017833,D0020726
R0019830,D0023046
R0014921,D0017361
R0007233,D0008342
R0037256,D0043668
R0020075,D0023346
R0026583,D0030886
R0027239,D0031660
R0004584,D0005317
R0033826,D0039459
R0010738,D0012504
R0018822,D0021872
R0021878,D0025431
R0006962,D0008029
R0002913,D0003403
R0024179,D0028069
R0003821,D0004432
R0013078,D0015283
R0037905,D0044403
R0025814,D0029975
R0031536,D0036600
R0038790,D0045426
R0008884,D0010298
R0010439,D0012149
R0000966,D0001142
R0027535,D0031996
R0004331,D0005019
R0034427,D0040220
R0017949,D0020857
R0033856,D0039502
R0003933,D0004559
R0001083,D0001279
R0010035,D0011661
R0023436,D0027201
R0027152,D0031561
R0012749,D0014901
R0035596,D0041632
R0025489,D0029606
R0007020,D0008094
R0028720,D0033394
R0022368,D0025998
R0015869,D0018452
R0009058,D0010504
R0004312,D0004998
R0014172,D0016522
R0035948,D0042104
R0015146,D0017617
R0005529,D0006404
R0034861,D0040768
R0033885,D0039544
R0037411,D0043841
R0028041,D0032591
R0006963,D0008030
R0022745,D0026420
R0026162,D0030397
R0022760,D0026440
R0038420,D0045004
R0031596,D0036667
R0003903,D0004525
R0002981,D0003480
R0030577,D0035507
R0013849,D0016162
R0031321,D0036351
R0000126,D0000153
R0000511,D0000600
R0006088,D0007045
R0000765,D0000905
R0016722,D0019450
R0007256,D0008372
R0017588,D0020447
R0023583,D0027375
R0038523,D0045119
R0002975,D0003474
R0022202,D0025806
R0036064,D0042263
R0034242,D0039991
R0012182,D0014201
R0012008,D0013998
R0003197,D0003733
R0037480,D0043917
R0012467,D0014559
R0005258,D0006084
R0002163,D0002533
R0006188,D0007152
R0039216,D0045912
R0011965,D0013945
R0019712,D0022908
R0015462,D0017969
R0019771,D0022976
R0003870,D0004488
R0030173,D0035045
R0026649,D0030967
R0017200,D0019998
R0024363,D0028288
R0011918,D0013891
R0014246,D0016607
R0015602,D0018134
R0016020,D0018629
R0035619,D0041659
R0038163,D0044706
R0027625,D0032102
R0019265,D0022403
R0001055,D0001248
R0030954,D0035933
R0032086,D0037281
R0032251,D0037491
R0016594,D0019299
R0026563,D0030860
R0007759,D0008950
R0036409,D0042689
R0018779,D0021824
R0035753,D0041836
R0024016,D0027880
R0034269,D0040023
R0000655,D0000768
R0038216,D0044767
R0014386,D0016759
R0036109,D0042319
R0009998,D0011618
R0015014,D0017465
R0017684,D0020558
R0029645,D0034461
R0035261,D0041218
R0005691,D0006595
R0004325,D0005013
R0013133,D0015345
R0020492,D0023835
R0036351,D0042617
R0011138,D0012996
R0008175,D0009445
R0013401,D0015659
R0012629,D0014750
R0025630,D0029764
R0035975,D0042142
R0013714,D0016017
R0034515,D0040345
R0009027,D0010461
R0014712,D0017123
R0029020,D0033747
R0028149,D0032719
R0016539,D0019228
R0018452,D0021450
R0017209,D0020010
R0038336,D0044903
R0038933,D0045591
R0033354,D0038849
R0028206,D0032790
R0007027,D0008104
R0017972,D0020881
R0034328,D0040097
R0013760,D0016067
R0010002,D0011624
R0017115,D0019900
R0037898,D0044396
R0036578,D0042893
R0037846,D0044335
R0034205,D0039949
R0034043,D0039735
R0011710,D0013645
R0016399,D0019075
R0009177,D0010647
R0001694,D0001974
R0019837,D0023055
R0022699,D0026367
R0006657,D0007680
R0037369,D0043792
R0027162,D0031574
R0009375,D0010885
R0000578,D0000683
R0036711,D0043043
R0032447,D0037740
R0011657,D0013587
R0024126,D0028007
R0036773,D0043113
R0031744,D0036833
R0032011,D0037184
R0027350,D0031787
R0005077,D0005878
R0037869,D0044360
R0020505,D0023850
R0034376,D0040157
R0037287,D0043702
R0011327,D0013209
R0032472,D0037773
R0015539,D0018056
R0007096,D0008182
R0015361,D0017856
R0005719,D0006631
R0004897,D0005677
R0003906,D0004528
R0005547,D0006426
R0032206,D0037429
R0009011,D0010441
R0012637,D0014764
R0011743,D0013681
R0024516,D0028481
R0033045,D0038491
R0033696,D0039277
R0007353,D0008476
R0005853,D0006783
R0011415,D0013315
R0010287,D0011971
R0026842,D0031203
R0035814,D0041919
R0024403,D0028336
R0029687,D0034510
R0030918,D0035894
R0000022,D0000027
R0019859,D0023080
R0028119,D0032687
R0028418,D0033037
R0029063,D0033797
R0006492,D0007498
R0038186,D0044732
R0012330,D0014384
R0026303,D0030556
R0004102,D0004759
R0008917,D0010333
R0008853,D0010262
R0036196,D0042427
R0034688,D0040560
R0035743,D0041825
R0038979,D0045646
R0016031,D0018644
R0015367,D0017862
R0001435,D0001676
R0031673,D0036749
R0019132,D0022241
R0014079,D0016419
R0038969,D0045631
R0038620,D0045229
R0008302,D0009599
R0016123,D0018753
R0027046,D0031441
R0026748,D0031085
R0031839,D0036953
R0020665,D0024045
R0024590,D0028569
R0007885,D0009098
R0029598,D0034406
R0024814,D0028822
R0028688,D0033359
R0036039,D0042235
R0015808,D0018374
R0028317,D0032922
R0036887,D0043254
R0034479,D0040293
R0023044,D0026751
R0024072,D0027943
R0035409,D0041395
R0006468,D0007473
R0018669,D0021697
R0002633,D0003075
R0025706,D0029846
R0003499,D0004063
R0008524,D0009869
R0025997,D0030199
R0017094,D0019874
R0009460,D0010984
R0028703,D0033376
R0031712,D0036793
R0022213,D0025818
R0036014,D0042197
R0018260,D0021214
R0038975,D0045640
R0002494,D0002915
R0017228,D0020030
R0010015,D0011639
R0015721,D0018272
R0014902,D0017339
R0022964,D0026661
R0035221,D0041174
R0030928,D0035905
R0011312,D0013192
R0036936,D0043308
R0014809,D0017235
R0022635,D0026297
R0031825,D0036937
R0038373,D0044949
R0038501,D0045093
R0000435,D0000511
R0030850,D0035819
R0027581,D0032050
R0032387,D0037667
R0007655,D0008835
R0026339,D0030599
R0037585,D0044037
R0035378,D0041358
R0005404,D0006255
R0034967,D0040888
R0037227,D0043637
R0029668,D0034488
R0031015,D0036001
R0008417,D0009746
R0006780,D0007823
R0008072,D0009322
R0033332,D0038822
R0022405,D0026046
R0004106,D0004763
R0013110,D0015319
R0000888,D0001052
R0004126,D0004786
R0003231,D0003769
R0015864,D0018447
R0010444,D0012157
R0007698,D0008881
R0038211,D0044762
R0007250,D0008364
R0016548,D0019238
R0021051,D0024494
R0036254,D0042505
R0022602,D0026262
R0006288,D0007270
R0034746,D0040632
R0031865,D0036985
R0020810,D0024222
R0031998,D0037163
R0025801,D0029959
R0006339,D0007324
R0012208,D0014233
R0010966,D0012776
R0022270,D0025889
R0033432,D0038939
R0000471,D0000555
R0036813,D0043167
R0009527,D0011067
R0006513,D0007523
R0021978,D0025553
R0001561,D0001820
R0035815,D0041920
R0030749,D0035704
R0006976,D0008043
R0009758,D0011336
R0018555,D0021562
R0028260,D0032852
R0017982,D0020891
R0020122,D0023399
R0012704,D0014844
R0019499,D0022665
R0013561,D0015846
R0011097,D0012941
R0033950,D0039627
R0021419,D0024922
R0009139,D0010604
R0005234,D0006058
R0038260,D0044816
R0034182,D0039920
R0030929,D0035906
R0035981,D0042151
R0011012,D0012835
R0022911,D0026603
R0009547,D0011091
R0031790,D0036894
R0029281,D0034047
R0019872,D0023096
R0038152,D0044693
R0004004,D0004642
R0023514,D0027298
R0024832,D0028842
R0035391,D0041376
R0016361,D0019031
R0035107,D0041046
R0011873,D0013825
R0023721,D0027533
R0010388,D0012093
R0002482,D0002900
R0034859,D0040766
R0038859,D0045506
R0024345,D0028265
R0025187,D0029257
R0036249,D0042499
R0006558,D0007573
R0020380,D0023705
R0008647,D0010014
R0022817,D0026503
R0016563,D0019257
R0005406,D0006257
R0003823,D0004434
R0027866,D0032389
R0000218,D0000258
R0025740,D0029883
R0015390,D0017889
R0011038,D0012866
R0001758,D0002048
R0022512,D0026165
R0024070,D0027940
R0026754,D0031093
R0017180,D0019974
R0019892,D0023117
R0020911,D0024337
R0013853,D0016167
R0008172,D0009442
R0000654,D0000767
R0026694,D0031019
R0015441,D0017945
R0009075,D0010524
R0017271,D0020081
R0001736,D0002022
R0036023,D0042212
R0001718,D0002003
R0024478,D0028433
R0030726,D0035677
R0008424,D0009753
R0031801,D0036911
R0039224,D0045920
R0011107,D0012957
R0014411,D0016788
R0014262,D0016628
R0027934,D0032467
R0025522,D0029643
R0005278,D0006107
R0006042,D0006995
R0037160,D0043560
R0002855,D0003334
R0032281,D0037530
R0031670,D0036745
R0024944,D0028969
R0025525,D0029646
R0029703,D0034528
R0017609,D0020471
R0037672,D0044135
R0022845,D0026533
R0026870,D0031234
R0019355,D0022503
R0033857,D0039503
R0034352,D0040129
R0001164,D0001374
R0028524,D0033169
R0003302,D0003848
R0037086,D0043477
R0032288,D0037539
R0016640,D0019350
R0038992,D0045660
R0020101,D0023376
R0015632,D0018170
R0038616,D0045224
R0001401,D0001636
R0026018,D0030221
R0018642,D0021663
R0025831,D0029994
R0019954,D0023201
R0001405,D0001641
R0031342,D0036377
R0028617,D0033278
R0024664,D0028651
R0014213,D0016568
R0020103,D0023378
R0036920,D0043291
R0039025,D0045697
R0033800,D0039422
R0023509,D0027293
R0011137,D0012995
R0020851,D0024271
R0011709,D0013644
R0012070,D0014070
R0033933,D0039605
R0011630,D0013554
R0006481,D0007487
R0028574,D0033228
R0014655,D0017058
R0033144,D0038600
R0011101,D0012946
R0020834,D0024251
R0011358,D0013247
R0012064,D0014064
R0027086,D0031488
R0001003,D0001187
R0034380,D0040161
R0022623,D0026285
R0002340,D0002739
R0015322,D0017809
R0039169,D0045857
R0017370,D0020194
R0015212,D0017688
R0037721,D0044191
R0034120,D0039838
R0014819,D0017245
R0022982,D0026681
R0000322,D0000386
R0014861,D0017293
R0024487,D0028447
R0036063,D0042262
R0015503,D0018017
R0030186,D0035061
R0013171,D0015391
R0007323,D0008445
R0026565,D0030863
R0033088,D0038539
R0020177,D0023469
R0016017,D0018624
R0025448,D0029561
R0023324,D0027071
R0002431,D0002842
R0003151,D0003678
R0024722,D0028720
R0002150,D0002520
R0016638,D0019347
R0021752,D0025295
R0029018,D0033745
R0035043,D0040972
R0022404,D0026045
R0038588,D0045193
R0035789,D0041878
R0039211,D0045907
R0008379,D0009688
R0032150,D0037356
R0021211,D0024677
R0003522,D0004090
R0021399,D0024901
R0010742,D0012508
R0002396,D0002803
R0011502,D0013412
R0032442,D0037734
R0025886,D0030058
R0008913,D0010328
R0015923,D0018515
R0023925,D0027766
R0031341,D0036376
R0021578,D0025105
R0014292,D0016660
R0023827,D0027653
R0029677,D0034500
R0026750,D0031087
R0001495,D0001748
R0039234,D0045931
R0010874,D0012669
R0031428,D0036475
R0038562,D0045162
R0038252,D0044804
R0029187,D0033940
R0036829,D0043190
R0032770,D0038153
R0008595,D0009951
R0023014,D0026716
R0028448,D0033075
R0034838,D0040738
R0004551,D0005278
R0001012,D0001196
R0023725,D0027538
R0016929,D0019691
R0006236,D0007210
R0026247,D0030495
R0029547,D0034347
R0033382,D0038881
R0031521,D0036583
R0037484,D0043921
R0013676,D0015976
R0007606,D0008770
R0001017,D0001202
R0007195,D0008301
R0028446,D0033073
R0031300,D0036327
R0023864,D0027693
R0027297,D0031724
R0005273,D0006101
R0003194,D0003730
R0003284,D0003827
R0017233,D0020035
R0035764,D0041849
R0001310,D0001538
R0024788,D0028793
R0008954,D0010373
R0009488,D0011015
R0008019,D0009257
R0014339,D0016710
R0001289,D0001514
R0023144,D0026874
R0013144,D0015359
R0002294,D0002687
R0022229,D0025843
R0035233,D0041188
R0026496,D0030779
R0021136,D0024587
R0018210,D0021161
R0035081,D0041016
R0036703,D0043035
R0024109,D0027986
R0022555,D0026211
R0017983,D0020892
R0007063,D0008144
R0003478,D0004042
R0020243,D0023549
R0026188,D0030424
R0008439,D0009773
R0035728,D0041807
R0023161,D0026891
R0014702,D0017109
R0002156,D0002526
R0032496,D0037809
R0031471,D0036525
R0028724,D0033398
R0005667,D0006569
R0028811,D0033501
R0027525,D0031985
R0003646,D0004237
R0021221,D0024688
R0001532,D0001788
R0028997,D0033718
R0009856,D0011451
R0032421,D0037706
R0005623,D0006521
R0015787,D0018350
R0024763,D0028765
R0007592,D0008755
R0033998,D0039686
R0020551,D0023904
R0029874,D0034715
R0011178,D0013043
R0030826,D0035793
R0002657,D0003103
R0003629,D0004216
R0013435,D0015703
R0005092,D0005899
R0012486,D0014582
R0030120,D0034988
R0007384,D0008511
R0002752,D0003214
R0015938,D0018532
R0009845,D0011440
R0001884,D0002198
R0002403,D0002811
R0020652,D0024028
R0014381,D0016754
R0034634,D0040497
R0001982,D0002315
R0013022,D0015211
R0015646,D0018185
R0005731,D0006645
R0008722,D0010102
R0024666,D0028653
R0030207,D0035084
R0032106,D0037304
R0016646,D0019356
R0022025,D0025602
R0008737,D0010120
R0011971,D0013952
R0017354,D0020178
R0011869,D0013821
R0020286,D0023603
R0028110,D0032672
R0028950,D0033663
R0000102,D0000125
R0011578,D0013495
R0026458,D0030732
R0023547,D0027336
R0035714,D0041785
R0005046,D0005842
R0014013,D0016338
R0023269,D0027007
R0009233,D0010720
R0020949,D0024382
R0002149,D0002519
R0013880,D0016194
R0011611,D0013530
R0037708,D0044177
R0020586,D0023946
R0035366,D0041341
R0010974,D0012787
R0013700,D0016002
R0001835,D0002147
R0033980,D0039665
R0025491,D0029608
R0022255,D0025872
R0029985,D0034836
R0022022,D0025599
R0019823,D0023038
R0028711,D0033385
R0030269,D0035155
R0029325,D0034098
R0028800,D0033487
R0000709,D0000840
R0026363,D0030626
R0037289,D0043704
R0007435,D0008570
R0015949,D0018543
R0017152,D0019943
R0026314,D0030570
R0038824,D0045466
R0037897,D0044394
R0016716,D0019443
R0013639,D0015933
R0018689,D0021721
R0010595,D0012329
R0014678,D0017082
R0023132,D0026859
R0029741,D0034569
R0013329,D0015577
R0006112,D0007069
R0028099,D0032660
R0021422,D0024926
R0021845,D0025396
R0020472,D0023811
R0036862,D0043227
R0008135,D0009397
R0016749,D0019484
R0006324,D0007308
R0011076,D0012914
R0018232,D0021184
R0026890,D0031254
R0037737,D0044209
R0006143,D0007103
R0038202,D0044752
R0032756,D0038139
R0021680,D0025216
R0007877,D0009088
R0031083,D0036077
R0020165,D0023450
R0036835,D0043197
R0025664,D0029799
R0035213,D0041165
R0035707,D0041773
R0020371,D0023696
R0017963,D0020871
R0020544,D0023897
R0010961,D0012769
R0000145,D0000176
R0010510,D0012233
R0001072,D0001266
R0010466,D0012183
R0031283,D0036307
R0016094,D0018714
R0013836,D0016149
R0011172,D0013035
R0032744,D0038125
R0012401,D0014470
R0011439,D0013342
R0033629,D0039173
R0028064,D0032619
R0026601,D0030910
R0031841,D0036955
R0008833,D0010239
R0032248,D0037487
R0022501,D0026152
R0023513,D0027297
R0022775,D0026456
R0012280,D0014319
R0024782,D0028785
R0003485,D0004049
R0012632,D0014755
R0023306,D0027051
R0024906,D0028928
R0031121,D0036120
R0019875,D0023099
R0001589,D0001856
R0030792,D0035751
R0008919,D0010337
R0035008,D0040937
R0024355,D0028278
R0019531,D0022703
R0002730,D0003190
R0037910,D0044409
R0021180,D0024640
R0019498,D0022664
R0021745,D0025286
R0006587,D0007604
R0039052,D0045724
R0030158,D0035029
R0024752,D0028754
R0008643,D0010010
R0017031,D0019804
R0031196,D0036206
R0013831,D0016144
R0006775,D0007817
R0014785,D0017206
R0034499,D0040321
R0036930,D0043301
R0031252,D0036273
R0033453,D0038963
R0015144,D0017615
R0024916,D0028940
R0030219,D0035098
R0007916,D0009136
R0009073,D0010521
R0008756,D0010144
R0019275,D0022415
R0016893,D0019649
R0029476,D0034264
R0012863,D0015033
R0028231,D0032817
R0037693,D0044158
R0038752,D0045383
R0011744,D0013682
R0027178,D0031591
R0000628,D0000740
R0029352,D0034128
R0009852,D0011447
R0018533,D0021539
R0017616,D0020478
R0018489,D0021492
R0025763,D0029908
R0028203,D0032785
R0027137,D0031545
R0031609,D0036680
R0016949,D0019713
R0025492,D0029610
R0037195,D0043602
R0026560,D0030855
R0034936,D0040853
R0004758,D0005519
R0015921,D0018513
R0010469,D0012186
R0026085,D0030302
R0031506,D0036566
R0009611,D0011168
R0010303,D0011989
R0026283,D0030533
R0026099,D0030319
R0021998,D0025574
R0022788,D0026469
R0005367,D0006212
R0007416,D0008548
R0021531,D0025049
R0037522,D0043965
R0001703,D0001984
R0018881,D0021939
R0005572,D0006456
R0037888,D0044382
R0006184,D0007148
R0035900,D0042034
R0038483,D0045074
R0038353,D0044924
R0034518,D0040349
R0033605,D0039143
R0034157,D0039890
R0034281,D0040041
R0016877,D0019630
R0031945,D0037095
R0028030,D0032575
R0008804,D0010198
R0008313,D0009613
R0021611,D0025141
R0003207,D0003743
R0021486,D0024996
R0014408,D0016785
R0038866,D0045515
R0008364,D0009672
R0030976,D0035958
R0024017,D0027881
R0020704,D0024096
R0004516,D0005237
R0015609,D0018143
R0019283,D0022426
R0013804,D0016115
R0000493,D0000582
R0033137,D0038593
R0025471,D0029584
R0008341,D0009646
R0019012,D0022099
R0034427,D0040221
R0018141,D0021080
R0005549,D0006430
R0020621,D0023993
R0036164,D0042385
R0028315,D0032920
R0016237,D0018886
R0028669,D0033340
R0033206,D0038675
R0023445,D0027211
R0000880,D0001043
R0005050,D0005847
R0023342,D0027092
R0021965,D0025537
R0029403,D0034182
R0022996,D0026696
R0017932,D0020835
R0026157,D0030390
R0015733,D0018287
R0018986,D0022069
R0035796,D0041889
R0035424,D0041415
R0018060,D0020980
R0034956,D0040875
R0013012,D0015200
R0003582,D0004160
R0025355,D0029455
R0011976,D0013958
R0015335,D0017826
R0011532,D0013446
R0026795,D0031146
R0010098,D0011743
R0032257,D0037498
R0002174,D0002545
R0027985,D0032524
R0026848,D0031211
R0037971,D0044479
R0007047,D0008127
R0037245,D0043656
R0038448,D0045034
R0012389,D0014454
R0038774,D0045408
R0038091,D0044623
R0027754,D0032252
R0027752,D0032249
R0027209,D0031628
R0014991,D0017438
R0023935,D0027782
R0039151,D0045835
R0038906,D0045560
R0036830,D0043191
R0032362,D0037629
R0004139,D0004800
R0030192,D0035067
R0032974,D0038408
R0028770,D0033451
R0009477,D0011003
R0003690,D0004286
R0002579,D0003014
R0011318,D0013198
R0023541,D0027330
R0014037,D0016364
R0015467,D0017974
R0016797,D0019539
R0006094,D0007051
R0009089,D0010540
R0009521,D0011059
R0004860,D0005632
R0011001,D0012820
R0031776,D0036877
R0024268,D0028179
R0007561,D0008715
R0014135,D0016480
R0023143,D0026873
R0038994,D0045662
R0034228,D0039976
R0020069,D0023339
R0032008,D0037180
R0018744,D0021786
R0036515,D0042812
R0028801,D0033488
R0013641,D0015935
R0033556,D0039076
R0038417,D0045001
R0032198,D0037417
R0006894,D0007953
R0005212,D0006031
R0019373,D0022527
R0017496,D0020343
R0021383,D0024879
R0036928,D0043299
R0006922,D0007984
R0001899,D0002215
R0009668,D0011234
R0029050,D0033783
R0022381,D0026017
R0031584,D0036652
R0019350,D0022498
R0022493,D0026141
R0007712,D0008896
R0036800,D0043150
R0019456,D0022616
R0003508,D0004073
R0016706,D0019432
R0012224,D0014254
R0033801,D0039423
R0030454,D0035359
R0034163,D0039898
R0017279,D0020092
R0019316,D0022461
R0019154,D0022268
R0016291,D0018948
R0024231,D0028134
R0024487,D0028448
R0039032,D0045704
R0034652,D0040517
R0014538,D0016930
R0010728,D0012489
R0003537,D0004110
R0006874,D0007929
R0005693,D0006597
R0014449,D0016833
R0032911,D0038327
R0007841,D0009042
R0029289,D0034057
R0011032,D0012859
R0038602,D0045209
R0019813,D0023025
R0023542,D0027331
R0010146,D0011799
R0000502,D0000591
R0022071,D0025655
R0013771,D0016080
R0037764,D0044243
R0000586,D0000691
R0023168,D0026898
R0005384,D0006230
R0025858,D0030028
R0024358,D0028282
R0035055,D0040986
R0027037,D0031431
R0033396,D0038899
R0016410,D0019087
R0010687,D0012440
R0003399,D0003955
R0036671,D0043003
R0032000,D0037166
R0036146,D0042364
R0012753,D0014905
R0006103,D0007060
R0000981,D0001160
R0013290,D0015529
R0015245,D0017724
R0018739,D0021780
R0022770,D0026451
R0036677,D0043009
R0006060,D0007016
R0028156,D0032728
R0008711,D0010088
R0033462,D0038974
R0024618,D0028601
R0012457,D0014548
R0032725,D0038103
R0009188,D0010663
R0030103,D0034969
R0002744,D0003205
R0035617,D0041655
R0025436,D0029548
R0032209,D0037434
R0009104,D0010559
R0034431,D0040228
R0026034,D0030238
R0021016,D0024458
R0031666,D0036741
R0036219,D0042462
R0007922,D0009142
R0026317,D0030574
R0015876,D0018459
R0037172,D0043575
R0027186,D0031601
R0019234,D0022364
R0000038,D0000045
R0006915,D0007977
R0014815,D0017241
R0038392,D0044974
R0014949,D0017393
R0013926,D0016242
R0026027,D0030230
R0017642,D0020506
R0024663,D0028650
R0000200,D0000238
R0024399,D0028332
R0023705,D0027515
R0010036,D0011662
R0034327,D0040096
R0001567,D0001827
R0003756,D0004361
R0000919,D0001088
R0020765,D0024167
R0019634,D0022823
R0036772,D0043112
R0008534,D0009881
R0017580,D0020438
R0013585,D0015877
R0025939,D0030126
R0006805,D0007852
R0017751,D0020631
R0007365,D0008490
R0008521,D0009865
R0022482,D0026130
R0000813,D0000969
R0027181,D0031594
R0035942,D0042096
R0007400,D0008528
R0035696,D0041758
R0035179,D0041128
R0002597,D0003034
R0012264,D0014298
R0027275,D0031700
R0017378,D0020205
R0016501,D0019187
R0013597,D0015889
R0033466,D0038979
R0035064,D0040997
R0032894,D0038305
R0030508,D0035426
R0016149,D0018784
R0014716,D0017128
R0010954,D0012762
R0014548,D0016941
R0017549,D0020403
R0007936,D0009159
R0016923,D0019683
R0006602,D0007620
R0005777,D0006697
R0037180,D0043585
R0028232,D0032818
R0021967,D0025539
R0022820,D0026506
R0017817,D0020706
R0026608,D0030918
R0006771,D0007811
R0016971,D0019737
R0033794,D0039415
R0020690,D0024078
R0037632,D0044092
R0018954,D0022025
R0009021,D0010453
R0036661,D0042993
R0032127,D0037325
R0015971,D0018567
R0036573,D0042888
R0012241,D0014271
R0016667,D0019383
R0009534,D0011075
R0023469,D0027242
R0017628,D0020491
R0023680,D0027486
R0026098,D0030318
R0037005,D0043391
R0026704,D0031032
R0001753,D0002043
R0035637,D0041685
R0034050,D0039743
R0038263,D0044819
R0027238,D0031659
R0000363,D0000432
R0005724,D0006637
R0001962,D0002288
R0012620,D0014739
R0039212,D0045908
R0000835,D0000992
R0009060,D0010507
R0013557,D0015842
R0023405,D0027167
R0016597,D0019302
R0029260,D0034021
R0027759,D0032257
R0004245,D0004920
R0010285,D0011969
R0032855,D0038264
R0021340,D0024828
R0026836,D0031196
R0018113,D0021042
R0022216,D0025822
R0029450,D0034235
R0003818,D0004429
R0018023,D0020940
R0005058,D0005856
R0014816,D0017242
R0029593,D0034401
R0012893,D0015065
R0011402,D0013301
R0014313,D0016682
R0021071,D0024516
R0038056,D0044582
R0037821,D0044309
R0007355,D0008480
R0018856,D0021910
R0012150,D0014161
R0003750,D0004355
R0016756,D0019492
R0021116,D0024565
R0001354,D0001584
R0028945,D0033656
R0023771,D0027593
R0034154,D0039886
R0039180,D0045870
R0015407,D0017908
R0018661,D0021688
R0025984,D0030184
R0009794,D0011374
R0017089,D0019869
R0020271,D0023587
R0012316,D0014364
R0013947,D0016265
R0007550,D0008702
R0032830,D0038234
R0027363,D0031802
R0013809,D0016121
R0034075,D0039773
R0024808,D0028816
R0013418,D0015681
R0035813,D0041917
R0023076,D0026789
R0018035,D0020953
R0035556,D0041585
R0036051,D0042249
R0008142,D0009405
R0011600,D0013519
R0003111,D0003631
R0026697,D0031022
R0007586,D0008748
R0033688,D0039265
R0018875,D0021932
R0035033,D0040962
R0026077,D0030294
R0006745,D0007785
R0029369,D0034146
R0030830,D0035798
R0010103,D0011750
R0026910,D0031280
R0012901,D0015073
R0012825,D0014988
R0027407,D0031850
R0000544,D0000639
R0029519,D0034315
R0008407,D0009735
R0008871,D0010282
R0002129,D0002496
R0029154,D0033903
R0031959,D0037114
R0023462,D0027231
R0027203,D0031621
R0011382,D0013273
R0029033,D0033761
R0033237,D0038713
R0020818,D0024233
R0011258,D0013129
R0020423,D0023752
R0035195,D0041146
R0032510,D0037828
R0014293,D0016661
R0015229,D0017707
R0019305,D0022449
R0030475,D0035386
R0038980,D0045647
R0007985,D0009216
R0035534,D0041553
R0009757,D0011335
R0021924,D0025492
R0038750,D0045381
R0016327,D0018990
R0019374,D0022528
R0007573,D0008733
R0027889,D0032415
R0005248,D0006073
R0006008,D0006956
R0034792,D0040686
R0031587,D0036656
R0025363,D0029464
R0012834,D0015000
R0016109,D0018735
R0016871,D0019624
R0017763,D0020646
R0027487,D0031942
R0015538,D0018055
R0013535,D0015818
R0030502,D0035420
R0018518,D0021524
R0021217,D0024684
R0016526,D0019214
R0037734,D0044205
R0016047,D0018661
R0016784,D0019525
R0000805,D0000959
R0013982,D0016304
R0033646,D0039201
R0028994,D0033714
R0022026,D0025603
R0036202,D0042433
R0033897,D0039561
R0037094,D0043487
R0004132,D0004793
R0019019,D0022107
R0021029,D0024471
R0014361,D0016734
R0024430,D0028372
R0028181,D0032758
R0030482,D0035393
R0019112,D0022214
R0022188,D0025791
R0035121,D0041062
R0031696,D0036776
R0027370,D0031809
R0004616,D0005358
R0034834,D0040732
R0032346,D0037609
R0003289,D0003832
R0033847,D0039493
R0006209,D0007177
R0002440,D0002851
R0010530,D0012256
R0025623,D0029756
R0003828,D0004439
R0037239,D0043649
R0023634,D0027431
R0014294,D0016662
R0022585,D0026243
R0019025,D0022113
R0035226,D0041180
R0032243,D0037479
R0038989,D0045657
R0022398,D0026038
R0013346,D0015596
R0008093,D0009344
R0016955,D0019720
R0017420,D0020254
R0024076,D0027947
R0007098,D0008184
R0036205,D0042439
R0004983,D0005767
R0037870,D0044361
R0007394,D0008522
R0014750,D0017167
R0038141,D0044681
R0032805,D0038203
R0013070,D0015271
R0011993,D0013981
R0038201,D0044751
R0001491,D0001744
R0016282,D0018938
R0022526,D0026179
R0000433,D0000509
R0007742,D0008930
R0039286,D0045993
R0015793,D0018357
R0037463,D0043899
R0000060,D0000073
R0015000,D0017448
R0016063,D0018678
R0029315,D0034088
R0006484,D0007490
R0016812,D0019557
R0008386,D0009700
R0034949,D0040868
R0039102,D0045781
R0015729,D0018283
R0034153,D0039885
R0034201,D0039944
R0022818,D0026504
R0012201,D0014225
R0003859,D0004474
R0015499,D0018013
R0009065,D0010512
R0017267,D0020075
R0035089,D0041024
R0009119,D0010582
R0016551,D0019244
R0019340,D0022487
R0015619,D0018154
R0033981,D0039667
R0037398,D0043825
R0010127,D0011777
R0003887,D0004509
R0004674,D0005421
R0033333,D0038824
R0020602,D0023968
R0016221,D0018866
R0013937,D0016254
R0039115,D0045795
R0028054,D0032607
R0001741,D0002031
R0023578,D0027370
R0016866,D0019619
R0000084,D0000104
R0012240,D0014270
R0008244,D0009531
R0005857,D0006787
R0009008,D0010437
R0026984,D0031371
R0038920,D0045576
R0026800,D0031152
R0028452,D0033081
R0012503,D0014599
R0010518,D0012241
R0025254,D0029334
R0025022,D0029058
R0003475,D0004039
R0010885,D0012682
R0018472,D0021471
R0000240,D0000286
R0028989,D0033707
R0009973,D0011591
R0028356,D0032968
R0001616,D0001890
R0017392,D0020220
R0002860,D0003340
R0010193,D0011854
R0004653,D0005398
R0034468,D0040275
R0007805,D0009003
R0009589,D0011142
R0010283,D0011966
R0020032,D0023296
R0029765,D0034596
R0009799,D0011379
R0018175,D0021119
R0006176,D0007140
R0003107,D0003625
R0037028,D0043415
R0024484,D0028440
R0019193,D0022313
R0034396,D0040178
R0000857,D0001016
R0033248,D0038726
R0033293,D0038779
R0036144,D0042362
R0030257,D0035142
R0032258,D0037499
R0038935,D0045593
R0033941,D0039615
R0025382,D0029486
R0003255,D0003796
R0017618,D0020481
R0024809,D0028817
R0025996,D0030198
R0024499,D0028462
R0014752,D0017169
R0002206,D0002584
R0028042,D0032594
R0027200,D0031617
R0005761,D0006679
R0014346,D0016717
R0022687,D0026353
R0007833,D0009034
R0034990,D0040914
R0001592,D0001860
R0013227,D0015458
R0019622,D0022808
R0027651,D0032132
R0000584,D0000689
R0009554,D0011100
R0010968,D0012778
R0020077,D0023348
R0036257,D0042509
R0024920,D0028944
R0027682,D0032168
R0006631,D0007651
R0015843,D0018415
R0012848,D0015016
R0003382,D0003937
R0012442,D0014528
R0008635,D0010000
R0026331,D0030589
R0037416,D0043846
R0031807,D0036917
R0005307,D0006140
R0039073,D0045749
R0001374,D0001606
R0026389,D0030655
R0036876,D0043243
R0032124,D0037322
R0007813,D0009012
R0013182,D0015404
R0025567,D0029697
R0000635,D0000747
R0007825,D0009025
R0008324,D0009625
R0013765,D0016073
R0034839,D0040740
R0004143,D0004804
R0030930,D0035907
R0006836,D0007889
R0021225,D0024692
R0021244,D0024715
R0031989,D0037153
R0023485,D0027262
R0021147,D0024602
R0009199,D0010676
R0032511,D0037829
R0015633,D0018171
R0026126,D0030354
R0016682,D0019399
R0034539,D0040377
R0018120,D0021052
R0008728,D0010110
R0012214,D0014241
R0019390,D0022544
R0001250,D0001473
R0003110,D0003629
R0014575,D0016972
R0014536,D0016928
R0034128,D0039847
R0007272,D0008390
R0007173,D0008278
R0009680,D0011247
R0022311,D0025935
R0027195,D0031612
R0015199,D0017674
R0025684,D0029819
R0001684,D0001963
R0006155,D0007115
R0003932,D0004558
R0025752,D0029896
R0022177,D0025779
R0032212,D0037437
R0025332,D0029428
R0020752,D0024153
R0032963,D0038395
R0015780,D0018343
R0036386,D0042657
R0015891,D0018478
R0018942,D0022011
R0011586,D0013505
R0014146,D0016491
R0025889,D0030061
R0013058,D0015256
R0027995,D0032534
R0024476,D0028428
R0038953,D0045613
R0024186,D0028078
R0020589,D0023950
R0020164,D0023449
R0022205,D0025809
R0012030,D0014022
R0024651,D0028637
R0005699,D0006606
R0000881,D0001044
R0028009,D0032551
R0021196,D0024658
R0017528,D0020378
R0019167,D0022282
R0028702,D0033375
R0019988,D0023239
R0036419,D0042700
R0016293,D0018951
R0006589,D0007606
R0003354,D0003904
R0000831,D0000988
R0014356,D0016729
R0011523,D0013436
R0010887,D0012684
R0020008,D0023261
R0004876,D0005654
R0015948,D0018542
R0007699,D0008882
R0025722,D0029865
R0026943,D0031323
R0012447,D0014534
R0026744,D0031081
R0016133,D0018764
R0023777,D0027599
R0033712,D0039297
R0001536,D0001793
R0023199,D0026932
R0006953,D0008019
R0036601,D0042917
R0005782,D0006703
R0021705,D0025244
R0018328,D0021301
R0001857,D0002170
R0028194,D0032774
R0028808,D0033496
R0032496,D0037807
R0021548,D0025070
R0031739,D0036823
R0030044,D0034903
R0012109,D0014115
R0007769,D0008964
R0008709,D0010084
R0008421,D0009750
R0035105,D0041042
R0033366,D0038861
R0000874,D0001034
R0034002,D0039690
R0032867,D0038276
R0003187,D0003723
R0030074,D0034937
R0028658,D0033328
R0035175,D0041124
R0005322,D0006159
R0018431,D0021420
R0007301,D0008422
R0038686,D0045303
R0007603,D0008767
R0025120,D0029177
R0039293,D0046000
R0032321,D0037580
R0030617,D0035552
R0026603,D0030913
R0023257,D0026995
R0032359,D0037624
R0023394,D0027153
R0031122,D0036121
R0028670,D0033341
R0022190,D0025793
R0006109,D0007066
R0010571,D0012304
R0028020,D0032564
R0021484,D0024994
R0013907,D0016223
R0027629,D0032106
R0001293,D0001519
R0033734,D0039333
R0018439,D0021429
R0032396,D0037676
R0013020,D0015209
R0036536,D0042837
R0033082,D0038531
R0024228,D0028130
R0026304,D0030558
R0028444,D0033069
R0001126,D0001332
R0007360,D0008485
R0008582,D0009933
R0017526,D0020375
R0033651,D0039208
R0020509,D0023854
R0018654,D0021681
R0026128,D0030356
R0015221,D0017697
R0038593,D0045198
R0030487,D0035399
R0024512,D0028477
R0002557,D0002989
R0036167,D0042388
R0018238,D0021190
R0017760,D0020643
R0012279,D0014318
R0005282,D0006113
R0027801,D0032308
R0009643,D0011205
R0034049,D0039742
R0022054,D0025637
R0015500,D0018014
R0010157,D0011810
R0003994,D0004631
R0036000,D0042175
R0021775,D0025320
R0016813,D0019558
R0037390,D0043817
R0035345,D0041316
R0029164,D0033915
R0012855,D0015024
R0034008,D0039696
R0017964,D0020873
R0013007,D0015195
R0005900,D0006835
R0010683,D0012435
R0016174,D0018811
R0024986,D0029015
R0037290,D0043705
R0027634,D0032113
R0016544,D0019233
R0036354,D0042620
R0026064,D0030274
R0026282,D0030532
R0030511,D0035429
R0001669,D0001947
R0005688,D0006592
R0019841,D0023060
R0028891,D0033592
R0026405,D0030671
R0014551,D0016945
R0004915,D0005695
R0003693,D0004290
R0014478,D0016865
R0025781,D0029934
R0028892,D0033593
R0009109,D0010565
R0015704,D0018252
R0019668,D0022858
R0001833,D0002145
R0011542,D0013456
R0028018,D0032561
R0018136,D0021074
R0019063,D0022162
R0017732,D0020610
R0035631,D0041674
R0005683,D0006585
R0036874,D0043241
R0035716,D0041788
R0028534,D0033180
R0001638,D0001915
R0014080,D0016420
R0009537,D0011079
R0014499,D0016889
R0016763,D0019501
R0006419,D0007415
R0035583,D0041614
R0004619,D0005361
R0002178,D0002550
R0035100,D0041036
R0025839,D0030003
R0008041,D0009281
R0038507,D0045100
R0009873,D0011470
R0027479,D0031933
R0008085,D0009335
R0029287,D0034055
R0003030,D0003538
R0017145,D0019936
R0025866,D0030036
R0014400,D0016776
R0026354,D0030616
R0031234,D0036247
R0008685,D0010057
R0017881,D0020777
R0013383,D0015638
R0025416,D0029525
R0018231,D0021183
R0027271,D0031696
R0032958,D0038389
R0031517,D0036579
R0031116,D0036115
R0024898,D0028920
R0024127,D0028008
R0010546,D0012273
R0004590,D0005326
R0004500,D0005219
R0016290,D0018947
R0031836,D0036950
R0011214,D0013081
R0034796,D0040690
R0030179,D0035052
R0002013,D0002353
R0017444,D0020281
R0006653,D0007676
R0030020,D0034876
R0009395,D0010910
R0005928,D0006867
R0004138,D0004799
R0036726,D0043060
R0002161,D0002531
R0035678,D0041736
R0035436,D0041429
R0000903,D0001069
R0033654,D0039211
R0029386,D0034165
R0016053,D0018667
R0030421,D0035319
R0012493,D0014589
R0033040,D0038483
R0038490,D0045081
R0033552,D0039072
R0004421,D0005123
R0010783,D0012563
R0006316,D0007300
R0036951,D0043326
R0029330,D0034103
R0036018,D0042205
R0020095,D0023370
R0025771,D0029921
R0021163,D0024621
R0001324,D0001553
R0021957,D0025529
R0018906,D0021968
R0013584,D0015876
R0026948,D0031328
R0028561,D0033211
R0038848,D0045494
R0016218,D0018863
R0021295,D0024772
R0001896,D0002212
R0013459,D0015730
R0015815,D0018381
R0033626,D0039169
R0001268,D0001491
R0038660,D0045275
R0015527,D0018043
R0018765,D0021807
R0011443,D0013346
R0029132,D0033878
R0027122,D0031528
R0010818,D0012601
R0018522,D0021528
R0000803,D0000956
R0021934,D0025505
R0032035,D0037217
R0032342,D0037604
R0020791,D0024201
R0016013,D0018620
R0035611,D0041648
R0020108,D0023383
R0023730,D0027547
R0001731,D0002016
R0003593,D0004175
R0008298,D0009595
R0023834,D0027661
R0037716,D0044185
R0028578,D0033232
R0027702,D0032190
R0015506,D0018020
R0030534,D0035457
R0025404,D0029511
R0013341,D0015591
R0020904,D0024329
R0006073,D0007029
R0012980,D0015164
R0031579,D0036646
R0035349,D0041321
R0022832,D0026520
R0034612,D0040466
R0033239,D0038716
R0002073,D0002426
R0028048,D0032601
R0020382,D0023708
R0027964,D0032501
R0026142,D0030372
R0007071,D0008153
R0005727,D0006641
R0029282,D0034048
R0008548,D0009895
R0031829,D0036942
R0031340,D0036375
R0005214,D0006033
R0038058,D0044584
R0038036,D0044557
R0012199,D0014223
R0032935,D0038358
R0018890,D0021949
R0001678,D0001957
R0035718,D0041793
R0033908,D0039575
R0013792,D0016102
R0028629,D0033292
R0034773,D0040664
R0032534,D0037862
R0023231,D0026965
R0025214,D0029287
R0034751,D0040638
R0005725,D0006639
R0013252,D0015487
R0009836,D0011431
R0028616,D0033277
R0029930,D0034778
R0000866,D0001025
R0010876,D0012672
R0035692,D0041753
R0012860,D0015029
R0019383,D0022537
R0002594,D0003031
R0026218,D0030462
R0029556,D0034357
R0030971,D0035952
R0019775,D0022981
R0019706,D0022901
R0016196,D0018835
R0007362,D0008487
R0022303,D0025926
R0009988,D0011607
R0016348,D0019015
R0018106,D0021035
R0036246,D0042495
R0022029,D0025606
R0027712,D0032201
R0032403,D0037685
R0010204,D0011868
R0015414,D0017916
R0029098,D0033839
R0017032,D0019805
R0012611,D0014729
R0010991,D0012808
R0006503,D0007511
R0025378,D0029481
R0008748,D0010131
R0009528,D0011068
R0005527,D0006402
R0016403,D0019079
R0024388,D0028317
R0036343,D0042608
R0027946,D0032480
R0016996,D0019767
R0004060,D0004711
R0030743,D0035697
R0006478,D0007484
R0023434,D0027199
R0038164,D0044707
R0032862,D0038271
R0021822,D0025371
R0014460,D0016847
R0013846,D0016159
R0009898,D0011498
R0000141,D0000172
R0032815,D0038216
R0025422,D0029531
R0034955,D0040874
R0031216,D0036226
R0032609,D0037951
R0019110,D0022212
R0020402,D0023729
R0013598,D0015890
R0034690,D0040563
R0028016,D0032559
R0007982,D0009211
R0017862,D0020756
R0006367,D0007354
R0002180,D0002553
R0019001,D0022085
R0016014,D0018621
R0037681,D0044145
R0032533,D0037860
R0009429,D0010946
R0017368,D0020192
R0008258,D0009546
R0025774,D0029925
R0008626,D0009988
R0037173,D0043576
R0021062,D0024507
R0013417,D0015680
R0002385,D0002790
R0014480,D0016867
R0026055,D0030262
R0001906,D0002222
R0029331,D0034104
R0003238,D0003776
R0038482,D0045073
R0034341,D0040115
R0005972,D0006918
R0011674,D0013605
R0029639,D0034453
R0005201,D0006020
R0035348,D0041320
R0017967,D0020876
R0006003,D0006951
R0017678,D0020550
R0021693,D0025231
R0011946,D0013925
R0036809,D0043162
R0000458,D0000540
R0033771,D0039382
R0002629,D0003071
R0031803,D0036913
R0016499,D0019185
R0018907,D0021970
R0001819,D0002125
R0013992,D0016317
R0031246,D0036263
R0000728,D0000864
R0017858,D0020751
R0035173,D0041121
R0020240,D0023546
R0020268,D0023584
R0030625,D0035562
R0028388,D0033005
R0006050,D0007004
R0009690,D0011259
R0014309,D0016678
R0029291,D0034059
R0013092,D0015300
R0016075,D0018691
R0020689,D0024077
R0013142,D0015356
R0032795,D0038188
R0000778,D0000925
R0008539,D0009886
R0018798,D0021845
R0021096,D0024543
R0021390,D0024888
R0001315,D0001543
R0035626,D0041669
R0002867,D0003348
R0001912,D0002232
R0030841,D0035809
R0017175,D0019969
R0014919,D0017359
R0010837,D0012627
R0025415,D0029524
R0015595,D0018124
R0011255,D0013124
R0026828,D0031186
R0037380,D0043806
R0010264,D0011941
R0033402,D0038905
R0035950,D0042111
R0023207,D0026940
R0035572,D0041603
R0014922,D0017362
R0017929,D0020831
R0037161,D0043561
R0033417,D0038920
R0030029,D0034886
R0012335,D0014389
R0036728,D0043062
R0029532,D0034329
R0026933,D0031311
R0027257,D0031680
R0028039,D0032588
R0025893,D0030065
R0007801,D0008998
R0016158,D0018793
R0038683,D0045300
R0011687,D0013621
R0031551,D0036616
R0019175,D0022290
R0032262,D0037505
R0028238,D0032824
R0016264,D0018916
R0001972,D0002299
R0011985,D0013969
R0011104,D0012951
R0016286,D0018943
R0014718,D0017131
R0033594,D0039129
R0019764,D0022968
R0023135,D0026862
R0027701,D0032189
R0019338,D0022485
R0021791,D0025338
R0016789,D0019530
R0019573,D0022749
R0021123,D0024573
R0019354,D0022502
R0008338,D0009643
R0008631,D0009996
R0010945,D0012752
R0036450,D0042739
R0022587,D0026247
R0022380,D0026016
R0016994,D0019765
R0027169,D0031581
R0025823,D0029985
R0021020,D0024462
R0034007,D0039695
R0021553,D0025077
R0012698,D0014838
R0003731,D0004334
R0001018,D0001204
R0008607,D0009964
R0026009,D0030212
R0036034,D0042227
R0006283,D0007262
R0021892,D0025451
R0006318,D0007302
R0022484,D0026132
R0021280,D0024755
R0018040,D0020958
R0008459,D0009794
R0004363,D0005055
R0034203,D0039947
R0001868,D0002182
R0020617,D0023988
R0003379,D0003934
R0031948,D0037101
R0037200,D0043607
R0015134,D0017604
R0030535,D0035458
R0030411,D0035309
R0025650,D0029784
R0034009,D0039697
R0001668,D0001946
R0031934,D0037081
R0010783,D0012562
R0004244,D0004919
R0019756,D0022959
R0033147,D0038606
R0002918,D0003408
R0023497,D0027277
R0014706,D0017113
R0019680,D0022874
R0010566,D0012297
R0022319,D0025943
R0038804,D0045445
R0000116,D0000142
R0005544,D0006421
R0034697,D0040572
R0027715,D0032204
R0011376,D0013267
R0019650,D0022840
R0000361,D0000429
R0025809,D0029970
R0014034,D0016360
R0017612,D0020474
R0017790,D0020675
R0036652,D0042984
R0000901,D0001067
R0020115,D0023390
R0018192,D0021140
R0019161,D0022275
R0030584,D0035516
R0019592,D0022772
R0002122,D0002488
R0036548,D0042852
R0007197,D0008303
R0016441,D0019121
R0034088,D0039790
R0003875,D0004495
R0013072,D0015275
R0024034,D0027900
R0031320,D0036350
R0021923,D0025491
R0036453,D0042742
R0011119,D0012969
R0003020,D0003525
R0012967,D0015150
R0006487,D0007493
R0000524,D0000617
R0001607,D0001881
R0007624,D0008791
R0031307,D0036335
R0002283,D0002676
R0036119,D0042333
R0032430,D0037720
R0035715,D0041787
R0013802,D0016113
R0015895,D0018482
R0038013,D0044527
R0030188,D0035063
R0004693,D0005441
R0017801,D0020689
R0033659,D0039217
R0005213,D0006032
R0037765,D0044244
R0004264,D0004946
R0029814,D0034647
R0013129,D0015341
R0026075,D0030289
R0011069,D0012903
R0032462,D0037760
R0004367,D0005059
R0017690,D0020565
R0033819,D0039451
R0012233,D0014263
R0011476,D0013383
R0030392,D0035289
R0005355,D0006196
R0005579,D0006464
R0005017,D0005804
R0009764,D0011342
R0006282,D0007261
R0014134,D0016479
R0021839,D0025388
R0017661,D0020531
R0007851,D0009053
R0018423,D0021412
R0017273,D0020084
R0026763,D0031103
R0037564,D0044014
R0017326,D0020145
R0005145,D0005958
R0018071,D0020993
R0014316,D0016685
R0007276,D0008394
R0008139,D0009402
R0023569,D0027360
R0032293,D0037544
R0024458,D0028406
R0004338,D0005026
R0004099,D0004756
R0017379,D0020206
R0022332,D0025957
R0037932,D0044435
R0011838,D0013783
R0009849,D0011444
R0005154,D0005967
R0037097,D0043490
R0021795,D0025343
R0011673,D0013604
R0020658,D0024036
R0003190,D0003726
R0000402,D0000474
R0039096,D0045774
R0031758,D0036853
R0013783,D0016092
R0027883,D0032409
R0022754,D0026431
R0007704,D0008887
R0019478,D0022642
R0015720,D0018271
R0007694,D0008877
R0020056,D0023324
R0012593,D0014708
R0025379,D0029483
R0004733,D0005486
R0010138,D0011789
R0008822,D0010222
R0023653,D0027454
R0025741,D0029885
R0023309,D0027055
R0038267,D0044824
R0036679,D0043011
R0031150,D0036152
R0018884,D0021942
R0028821,D0033511
R0016744,D0019478
R0009752,D0011330
R0004157,D0004820
R0002722,D0003181
R0024196,D0028093
R0013183,D0015405
R0000439,D0000516
R0014005,D0016330
R0030070,D0034932
R0024071,D0027942
R0034573,D0040422
R0031751,D0036841
R0015437,D0017941
R0033632,D0039176
R0028187,D0032767
R0019965,D0023215
R0019162,D0022276
R0015560,D0018080
R0021709,D0025248
R0028287,D0032885
R0013236,D0015467
R0009934,D0011545
R0022777,D0026458
R0004298,D0004983
R0005674,D0006576
R0009505,D0011039
R0031168,D0036174
R0005565,D0006448
R0029228,D0033988
R0015343,D0017834
R0023204,D0026937
R0012828,D0014993
R0014416,D0016794
R0031294,D0036320
R0001073,D0001267
R0029323,D0034096
R0000125,D0000152
R0024827,D0028836
R0034462,D0040266
R0021669,D0025203
R0012733,D0014878
R0023972,D0027829
R0017027,D0019799
R0010435,D0012145
R0032026,D0037205
R0028544,D0033193
R0015676,D0018220
R0021342,D0024830
R0025439,D0029552
R0017871,D0020767
R0039202,D0045897
R0031390,D0036431
R0023187,D0026919
R0031480,D0036534
R0028850,D0033545
R0035425,D0041416
R0012748,D0014899
R0007074,D0008157
R0010354,D0012050
R0016489,D0019174
R0006497,D0007504
R0002572,D0003007
R0033619,D0039160
R0025453,D0029566
R0031866,D0036987
R0007504,D0008649
R0036893,D0043262
R0036368,D0042636
R0006057,D0007012
R0021013,D0024455
R0024407,D0028341
R0038995,D0045663
R0029058,D0033792
R0033643,D0039195
R0022258,D0025875
R0026851,D0031214
R0017944,D0020850
R0009393,D0010908
R0020611,D0023979
R0028645,D0033312
R0033473,D0038987
R0011460,D0013364
R0025604,D0029736
R0009814,D0011398
R0032365,D0037636
R0002148,D0002518
R0015318,D0017805
R0004588,D0005324
R0028933,D0033642
R0007918,D0009138
R0028974,D0033690
R0026877,D0031241
R0018466,D0021465
R0000827,D0000984
R0033731,D0039328
R0020436,D0023766
R0013045,D0015237
R0038246,D0044797
R0009027,D0010460
R0020561,D0023914
R0007948,D0009172
R0035898,D0042031
R0028509,D0033151
R0010086,D0011725
R0030445,D0035349
R0017186,D0019981
R0016882,D0019636
R0011225,D0013092
R0038043,D0044566
R0017814,D0020703
R0023630,D0027427
R0023654,D0027455
R0014123,D0016467
R0004236,D0004909
R0035858,D0041982
R0006855,D0007908
R0002514,D0002941
R0021214,D0024681
R0024518,D0028483
R0026463,D0030737
R0015879,D0018463
R0000269,D0000323
R0033757,D0039365
R0028342,D0032952
R0008308,D0009606
R0011780,D0013721
R0033347,D0038841
R0009481,D0011008
R0037439,D0043873
R0018134,D0021072
R0023581,D0027373
R0027402,D0031845
R0036758,D0043094
R0000770,D0000913
R0001512,D0001766
R0038605,D0045212
R0009891,D0011489
R0001005,D0001189
R0028265,D0032857
R0032961,D0038392
R0003141,D0003666
R0003544,D0004117
R0037546,D0043993
R0016476,D0019158
R0013458,D0015729
R0023116,D0026841
R0022065,D0025649
R0004904,D0005684
R0038182,D0044727
R0038682,D0045298
R0025321,D0029416
R0022423,D0026067
R0024593,D0028572
R0031194,D0036204
R0029818,D0034651
R0017143,D0019934
R0001647,D0001924
R0037930,D0044433
R0034524,D0040358
R0003225,D0003763
R0024686,D0028679
R0003972,D0004607
R0025772,D0029923
R0024835,D0028845
R0030831,D0035799
R0011458,D0013362
R0012658,D0014788
R0020477,D0023818
R0022021,D0025598
R0033285,D0038771
R0000695,D0000819
R0024287,D0028200
R0002276,D0002669
R0021565,D0025089
R0003138,D0003663
R0030396,D0035293
R0009835,D0011429
R0006390,D0007383
R0005045,D0005841
R0025957,D0030148
R0001200,D0001412
R0038869,D0045519
R0008978,D0010403
R0021577,D0025104
R0005998,D0006945
R0031072,D0036064
R0031176,D0036184
R0035638,D0041686
R0029288,D0034056
R0033102,D0038557
R0023070,D0026782
R0016760,D0019496
R0005394,D0006240
R0018723,D0021762
R0024643,D0028629
R0024926,D0028950
R0016457,D0019138
R0001566,D0001825
R0020093,D0023368
R0038786,D0045421
R0025721,D0029864
R0024424,D0028361
R0024851,D0028867
R0031980,D0037143
R0018638,D0021658
R0005347,D0006188
R0032686,D0038054
R0011996,D0013984
R0037527,D0043972
R0009200,D0010677
R0031599,D0036670
R0024050,D0027919
R0009133,D0010598
R0010071,D0011707
R0032642,D0038000
R0020140,D0023421
R0025963,D0030159
R0022464,D0026111
R0014198,D0016550
R0027879,D0032405
R0012265,D0014299
R0033768,D0039378
R0005865,D0006795
R0002252,D0002636
R0006895,D0007954
R0031797,D0036905
R0007345,D0008468
R0033531,D0039050
R0029418,D0034200
R0018903,D0021964
R0015762,D0018323
R0025184,D0029253
R0027953,D0032487
R0004209,D0004879
R0022503,D0026155
R0020637,D0024011
R0034213,D0039959
R0034807,D0040703
R0009317,D0010817
R0007585,D0008747
R0019194,D0022316
R0020568,D0023922
R0019146,D0022257
R0030143,D0035014
R0022768,D0026448
R0011820,D0013762
R0014097,D0016439
R0014742,D0017159
R0020301,D0023619
R0011422,D0013323
R0025646,D0029780
R0009283,D0010779
R0029479,D0034267
R0002369,D0002770
R0010226,D0011897
R0004225,D0004898
R0005723,D0006636
R0038432,D0045016
R0014296,D0016664
R0004795,D0005560
R0006942,D0008008
R0018476,D0021477
R0006989,D0008057
R0029183,D0033936
R0011208,D0013075
R0028456,D0033088
R0024793,D0028798
R0036631,D0042957
R0036859,D0043224
R0003016,D0003521
R0038728,D0045350
R0001101,D0001302
R0006366,D0007353
R0001704,D0001986
R0020807,D0024219
R0027113,D0031518
R0006415,D0007411
R0022100,D0025694
R0004682,D0005429
R0017866,D0020760
R0037836,D0044324
R0001104,D0001305
R0010250,D0011926
R0017340,D0020159
R0031514,D0036576
R0002418,D0002827
R0022094,D0025687
R0032846,D0038254
R0018951,D0022020
R0016127,D0018757
R0009052,D0010497
R0019279,D0022420
R0023101,D0026822
R0016803,D0019548
R0034105,D0039817
R0021067,D0024512
R0009223,D0010710
R0002948,D0003443
R0031884,D0037007
R0024425,D0028364
R0004552,D0005279
R0021353,D0024843
R0016054,D0018668
R0037052,D0043440
R0021656,D0025188
R0029328,D0034101
R0021334,D0024822
R0010516,D0012239
R0009255,D0010746
R0006474,D0007479
R0036015,D0042200
R0012324,D0014376
R0027111,D0031516
R0026505,D0030791
R0021112,D0024561
R0006561,D0007576
R0017380,D0020207
R0028970,D0033686
R0018660,D0021687
R0021918,D0025486
R0033468,D0038981
R0027132,D0031540
R0002664,D0003113
R0021294,D0024771
R0013243,D0015474
R0017271,D0020082
R0007124,D0008218
R0032264,D0037507
R0020741,D0024140
R0025273,D0029358
R0007570,D0008728
R0015274,D0017757
R0018835,D0021886
R0011716,D0013651
R0036005,D0042185
R0024965,D0028994
R0010536,D0012262
R0001901,D0002217
R0027564,D0032029
R0032914,D0038330
R0025656,D0029790
R0012497,D0014593
R0015847,D0018423
R0009967,D0011585
R0005849,D0006778
R0024509,D0028474
R0000711,D0000842
R0031361,D0036400
R0005172,D0005987
R0022516,D0026169
R0015080,D0017542
R0004569,D0005301
R0037111,D0043505
R0031393,D0036434
R0015667,D0018209
R0036851,D0043216
R0008654,D0010021
R0015572,D0018097
R0006575,D0007591
R0019578,D0022754
R0014683,D0017088
R0028556,D0033206
R0010816,D0012599
R0031364,D0036403
R0010496,D0012217
R0004401,D0005100
R0035347,D0041319
R0033846,D0039491
R0024197,D0028094
R0030764,D0035720
R0035515,D0041530
R0002302,D0002695
R0010709,D0012469
R0020958,D0024391
R0037485,D0043922
R0002160,D0002530
R0026623,D0030935
R0035127,D0041068
R0009577,D0011129
R0001597,D0001868
R0029559,D0034361
R0000900,D0001066
R0004583,D0005316
R0011637,D0013563
R0020644,D0024019
R0001467,D0001713
R0001064,D0001258
R0017745,D0020625
R0004351,D0005042
R0011917,D0013888
R0011111,D0012961
R0033079,D0038527
R0015835,D0018404
R0027710,D0032199
R0037981,D0044491
R0030198,D0035073
R0034304,D0040070
R0024507,D0028472
R0025159,D0029224
R0034229,D0039977
R0028882,D0033582
R0030532,D0035455
R0037948,D0044453
R0013232,D0015463
R0012338,D0014392
R0008518,D0009862
R0029811,D0034644
R0038539,D0045138
R0021739,D0025280
R0014487,D0016874
R0031255,D0036276
R0026955,D0031335
R0000595,D0000704
R0036362,D0042628
R0012505,D0014601
R0028171,D0032747
R0026761,D0031101
R0007618,D0008784
R0033250,D0038728
R0004587,D0005323
R0031470,D0036524
R0025639,D0029773
R0003816,D0004425
R0013163,D0015383
R0000475,D0000561
R0028256,D0032847
R0004970,D0005753
R0015562,D0018083
R0017076,D0019854
R0025070,D0029115
R0003873,D0004492
R0010054,D0011684
R0010381,D0012085
R0011508,D0013419
R0035122,D0041063
R0015621,D0018156
R0031698,D0036778
R0022634,D0026296
R0008146,D0009410
R0028973,D0033689
R0026281,D0030531
R0034080,D0039781
R0032062,D0037253
R0021465,D0024974
R0029253,D0034013
R0029270,D0034033
R0028816,D0033506
R0026350,D0030612
R0036666,D0042998
R0017665,D0020535
R0036702,D0043034
R0031704,D0036784
R0035679,D0041737
R0012887,D0015059
R0035350,D0041322
R0012399,D0014467
R0027530,D0031990
R0005882,D0006814
R0019353,D0022501
R0026464,D0030738
R0014444,D0016827
R0023685,D0027491
R0013710,D0016013
R0023807,D0027631
R0033777,D0039389
R0031186,D0036195
R0019214,D0022339
R0005505,D0006377
R0032005,D0037171
R0029384,D0034163
R0027943,D0032476
R0001346,D0001576
R0020920,D0024348
R0022356,D0025984
R0037862,D0044352
R0022785,D0026466
R0025479,D0029595
R0037353,D0043775
R0032828,D0038231
R0033184,D0038649
R0016231,D0018878
R0035883,D0042010
R0028844,D0033538
R0018990,D0022073
R0008625,D0009986
R0022976,D0026675
R0003040,D0003550
R0004381,D0005075
R0021237,D0024707
R0012633,D0014757
R0021588,D0025117
R0036229,D0042473
R0018620,D0021636
R0027779,D0032280
R0018526,D0021532
R0029825,D0034660
R0008283,D0009579
R0015279,D0017763
R0002072,D0002425
R0010023,D0011649
R0037665,D0044127
R0009101,D0010556
R0013892,D0016207
R0005386,D0006232
R0009314,D0010813
R0009023,D0010455
R0038865,D0045513
R0020236,D0023540
R0006028,D0006978
R0031958,D0037113
R0009759,D0011337
R0031233,D0036246
R0032513,D0037832
R0012952,D0015135
R0020524,D0023871
R0033252,D0038733
R0016346,D0019013
R0030096,D0034962
R0009069,D0010517
R0012686,D0014824
R0033434,D0038943
R0020252,D0023560
R0034881,D0040791
R0000377,D0000447
R0012517,D0014614
R0005858,D0006788
R0023687,D0027494
R0014928,D0017369
R0011882,D0013839
R0030919,D0035895
R0030075,D0034938
R0003130,D0003652
R0003964,D0004596
R0014122,D0016466
R0000809,D0000965
R0010850,D0012641
R0032326,D0037585
R0017587,D0020446
R0027528,D0031988
R0034331,D0040101
R0026885,D0031249
R0009338,D0010842
R0017749,D0020629
R0021384,D0024880
R0010076,D0011714
R0019955,D0023202
R0032587,D0037924
R0000434,D0000510
R0001691,D0001971
R0030933,D0035910
R0004910,D0005690
R0004957,D0005740
R0033419,D0038922
R0032547,D0037877
R0010726,D0012487
R0011614,D0013533
R0032793,D0038186
R0026740,D0031077
R0022570,D0026227
R0034641,D0040504
R0018340,D0021317
R0007389,D0008516
R0027455,D0031905
R0025150,D0029212
R0036094,D0042300
R0001562,D0001821
R0037568,D0044018
R0020811,D0024224
R0012736,D0014882
R0019501,D0022668
R0023100,D0026820
R0021241,D0024712
R0035592,D0041627
R0007427,D0008560
R0001794,D0002097
R0017878,D0020774
R0027506,D0031964
R0033673,D0039241
R0006639,D0007661
R0010212,D0011876
R0003559,D0004133
R0007530,D0008680
R0019884,D0023109
R0034065,D0039763
R0031657,D0036732
R0002893,D0003378
R0011473,D0013379
R0009470,D0010995
R0011151,D0013010
R0009258,D0010749
R0033783,D0039404
R0017568,D0020425
R0010739,D0012505
R0032101,D0037298
R0018854,D0021908
R0009649,D0011212
R0009515,D0011052
R0032877,D0038288
R0037539,D0043986
R0001782,D0002081
R0021381,D0024876
R0009097,D0010549
R0007375,D0008500
R0027243,D0031664
R0038218,D0044769
R0013873,D0016187
R0022935,D0026629
R0003963,D0004594
R0014029,D0016355
R0026959,D0031341
R0004359,D0005051
R0028035,D0032583
R0019191,D0022310
R0013935,D0016252
R0010314,D0012003
R0001486,D0001736
R0038188,D0044734
R0025156,D0029220
R0027850,D0032373
R0017819,D0020708
R0015379,D0017878
R0008826,D0010226
R0032748,D0038129
R0001787,D0002089
R0005398,D0006246
R0012685,D0014823
R0033809,D0039434
R0006204,D0007172
R0030572,D0035501
R0036567,D0042877
R0020196,D0023493
R0010359,D0012057
R0011238,D0013105
R0009675,D0011242
R0035263,D0041220
R0003528,D0004096
R0018760,D0021802
R0029649,D0034468
R0001387,D0001620
R0007852,D0009055
R0019369,D0022521
R0000774,D0000920
R0028122,D0032690
R0038814,D0045456
R0008933,D0010351
R0022366,D0025995
R0000444,D0000522
R0006701,D0007730
R0000190,D0000228
R0002509,D0002936
R0000360,D0000428
R0011222,D0013089
R0009860,D0011455
R0012373,D0014434
R0022972,D0026671
R0009423,D0010940
R0005161,D0005975
R0007180,D0008285
R0008847,D0010256
R0023764,D0027586
R0023009,D0026710
R0025713,D0029855
R0031426,D0036473
R0026268,D0030518
R0005188,D0006005
R0002175,D0002546
R0009160,D0010629
R0027078,D0031478
R0036240,D0042486
R0036982,D0043364
R0025136,D0029196
R0033973,D0039656
R0020753,D0024154
R0027222,D0031641
R0010972,D0012784
R0006757,D0007797
R0023027,D0026733
R0001455,D0001700
R0006001,D0006949
R0010494,D0012215
R0027565,D0032031
R0015307,D0017792
R0016743,D0019477
R0018894,D0021954
R0016485,D0019169
R0009581,D0011133
R0025021,D0029057
R0005007,D0005793
R0007977,D0009206
R0022596,D0026256
R0033766,D0039375
R0030931,D0035908
R0014118,D0016462
R0008960,D0010381
R0004756,D0005517
R0008465,D0009800
R0034163,D0039897
R0028933,D0033643
R0009912,D0011517
R0028399,D0033017
R0001342,D0001572
R0024892,D0028914
R0002501,D0002925
R0033963,D0039641
R0037832,D0044320
R0002924,D0003414
R0003709,D0004310
R0038136,D0044676
R0029899,D0034742
R0005901,D0006836
R0000495,D0000584
R0015445,D0017949
R0033521,D0039040
R0005806,D0006729
R0032422,D0037709
R0006363,D0007350
R0031198,D0036208
R0009737,D0011314
R0016699,D0019423
R0008808,D0010204
R0020119,D0023396
R0009761,D0011339
R0019387,D0022541
R0033887,D0039546
R0026474,D0030751
R0005884,D0006816
R0036280,D0042541
R0038951,D0045611
R0028125,D0032694
R0002682,D0003136
R0014250,D0016611
R0035732,D0041812
R0015208,D0017684
R0007615,D0008781
R0005892,D0006826
R0019654,D0022844
R0000973,D0001151
R0027885,D0032411
R0007783,D0008978
R0039241,D0045939
R0007771,D0008966
R0037169,D0043572
R0017903,D0020802
R0032480,D0037787
R0035929,D0042077
R0002011,D0002351
R0014667,D0017071
R0031376,D0036415
R0019434,D0022590
R0038874,D0045524
R0003148,D0003675
R0022048,D0025630
R0013475,D0015747
R0001361,D0001592
R0036465,D0042757
R0001263,D0001486
R0025209,D0029282
R0002220,D0002601
R0014159,D0016504
R0018683,D0021712
R0007212,D0008319
R0009684,D0011251
R0025020,D0029055
R0024378,D0028305
R0001665,D0001943
R0011498,D0013408
R0019888,D0023113
R0022693,D0026360
R0005919,D0006856
R0009250,D0010741
R0018605,D0021617
R0004040,D0004690
R0029903,D0034746
R0015468,D0017975
R0016572,D0019270
R0001372,D0001604
R0026129,D0030357
R0028840,D0033531
R0025417,D0029526
R0010498,D0012220
R0028061,D0032616
R0013101,D0015310
R0025369,D0029470
R0036459,D0042750
R0018018,D0020933
R0028152,D0032723
R0018084,D0021009
R0033903,D0039568
R0002326,D0002722
R0020012,D0023265
R0020564,D0023917
R0019649,D0022839
R0022465,D0026112
R0035323,D0041291
R0022643,D0026305
R0002478,D0002896
R0002929,D0003422
R0020435,D0023765
R0002460,D0002875
R0010627,D0012372
R0023255,D0026992
R0021713,D0025252
R0000833,D0000990
R0033145,D0038602
R0019951,D0023195
R0001831,D0002143
R0010777,D0012552
R0007594,D0008758
R0016455,D0019136
R0005590,D0006480
R0001730,D0002015
R0023648,D0027447
R0037483,D0043920
R0021497,D0025008
R0024336,D0028255
R0035209,D0041161
R0010216,D0011883
R0012501,D0014597
R0016480,D0019164
R0030214,D0035092
R0006839,D0007892
R0033721,D0039312
R0006981,D0008048
R0004477,D0005195
R0007161,D0008264
R0034027,D0039718
R0016294,D0018952
R0001950,D0002276
R0028358,D0032970
R0019792,D0022999
R0034804,D0040700
R0017121,D0019908
R0008783,D0010174
R0011593,D0013512
R0035274,D0041234
R0014841,D0017271
R0012556,D0014661
R0027665,D0032149
R0036769,D0043109
R0031261,D0036283
R0036971,D0043350
R0014689,D0017094
R0030877,D0035849
R0037968,D0044476
R0006488,D0007494
R0015699,D0018247
R0004611,D0005353
R0007419,D0008551
R0018124,D0021057
R0000920,D0001089
R0011701,D0013635
R0002500,D0002924
R0009938,D0011549
R0004861,D0005635
R0011967,D0013948
R0011374,D0013265
R0014145,D0016490
R0013913,D0016229
R0033713,D0039299
R0031111,D0036109
R0014270,D0016638
R0000950,D0001125
R0012605,D0014722
R0032468,D0037768
R0025219,D0029293
R0038002,D0044514
R0005738,D0006653
R0001098,D0001298
R0028583,D0033238
R0028477,D0033111
R0027618,D0032093
R0013834,D0016147
R0000893,D0001058
R0035663,D0041718
R0030189,D0035064
R0025920,D0030102
R0004942,D0005724
R0038628,D0045238
R0014673,D0017077
R0023641,D0027440
R0008575,D0009925
R0003734,D0004337
R0016301,D0018959
R0004789,D0005553
R0008997,D0010424
R0007494,D0008638
R0001147,D0001355
R0027524,D0031984
R0009647,D0011210
R0016798,D0019540
R0005894,D0006828
R0030104,D0034971
R0017702,D0020579
R0037334,D0043755
R0024747,D0028749
R0011303,D0013182
R0004992,D0005777
R0012777,D0014933
R0014255,D0016620
R0000457,D0000539
R0016714,D0019440
R0006880,D0007936
R0017843,D0020736
R0027971,D0032508
R0036746,D0043081
R0013978,D0016300
R0037080,D0043471
R0002300,D0002693
R0021533,D0025051
R0029231,D0033991
R0038695,D0045313
R0034047,D0039740
R0031994,D0037159
R0038436,D0045020
R0001655,D0001932
R0024171,D0028058
R0014077,D0016417
R0027854,D0032377
R0030172,D0035044
R0012292,D0014333
R0007680,D0008860
R0020478,D0023819
R0036806,D0043157
R0029678,D0034501
R0025338,D0029434
R0023529,D0027317
R0005845,D0006773
R0007973,D0009200
R0021408,D0024910
R0029614,D0034425
R0038727,D0045349
R0005091,D0005898
R0034667,D0040534
R0035892,D0042024
R0008007,D0009242
R0012307,D0014352
R0013387,D0015642
R0026961,D0031343
R0036401,D0042679
R0029445,D0034230
R0005503,D0006375
R0008217,D0009501
R0036779,D0043121
R0019950,D0023194
R0013572,D0015859
R0031191,D0036201
R0002834,D0003310
R0012716,D0014858
R0010020,D0011646
R0024157,D0028042
R0018885,D0021943
R0006604,D0007622
R0020729,D0024125
R0011513,D0013424
R0012155,D0014167
R0005026,D0005817
R0001311,D0001539
R0016766,D0019505
R0018707,D0021743
R0004713,D0005464
R0037760,D0044237
R0033039,D0038482
R0000945,D0001120
R0038317,D0044879
R0008062,D0009310
R0019057,D0022156
R0016651,D0019362
R0007523,D0008672
R0012731,D0014876
R0032291,D0037542
R0015792,D0018355
R0035294,D0041258
R0030356,D0035252
R0035780,D0041868
R0024941,D0028966
R0030304,D0035194
R0032918,D0038336
R0003519,D0004086
R0033213,D0038683
R0004924,D0005704
R0036883,D0043250
R0009536,D0011078
R0034772,D0040662
R0033300,D0038786
R0036819,D0043175
R0016823,D0019571
R0017312,D0020130
R0016023,D0018636
R0007306,D0008427
R0033695,D0039275
R0010604,D0012343
R0006995,D0008064
R0034941,D0040859
R0014903,D0017341
R0038265,D0044821
R0016042,D0018656
R0012083,D0014086
R0019640,D0022829
R0016182,D0018819
R0021069,D0024514
R0008725,D0010106
R0006433,D0007431
R0001816,D0002121
R0036958,D0043334
R0011386,D0013277
R0000808,D0000964
R0018267,D0021222
R0033314,D0038801
R0014668,D0017072
R0021090,D0024536
R0034631,D0040491
R0021120,D0024570
R0026829,D0031187
R0021464,D0024973
R0022591,D0026251
R0014863,D0017295
R0023679,D0027484
R0015385,D0017884
R0030604,D0035537
R0032077,D0037270
R0023247,D0026981
R0028620,D0033282
R0030685,D0035627
R0017212,D0020013
R0017477,D0020318
R0037436,D0043870
R0013427,D0015692
R0025229,D0029305
R0009597,D0011151
R0021508,D0025024
R0027274,D0031699
R0033762,D0039371
R0019271,D0022410
R0021470,D0024979
R0004935,D0005717
R0026381,D0030647
R0018793,D0021840
R0020956,D0024389
R0031500,D0036559
R0000666,D0000779
R0026686,D0031008
R0030191,D0035066
R0017355,D0020179
R0012400,D0014468
R0024079,D0027950
R0032200,D0037420
R0036464,D0042756
R0016977,D0019745
R0034098,D0039806
R0008951,D0010370
R0001951,D0002277
R0008204,D0009484
R0032819,D0038220
R0006852,D0007905
R0014828,D0017254
R0037574,D0044025
R0012761,D0014914
R0021664,D0025197
R0012499,D0014595
R0033194,D0038661
R0019513,D0022684
R0007557,D0008710
R0010741,D0012507
R0010795,D0012576
R0009084,D0010535
R0020441,D0023771
R0005054,D0005852
R0009430,D0010947
R0013273,D0015510
R0016506,D0019193
R0015847,D0018421
R0013464,D0015735
R0019705,D0022900
R0018673,D0021701
R0003633,D0004221
R0027738,D0032229
R0022389,D0026025
R0027463,D0031914
R0014829,D0017255
R0013213,D0015437
R0019452,D0022611
R0001158,D0001368
R0001080,D0001276
R0001944,D0002268
R0006540,D0007552
R0019724,D0022925
R0003467,D0004030
R0029170,D0033921
R0037223,D0043632
R0021248,D0024719
R0015850,D0018427
R0034421,D0040213
R0014955,D0017400
R0028830,D0033520
R0003421,D0003979
R0023965,D0027819
R0000771,D0000914
R0009721,D0011297
R0035396,D0041382
R0025349,D0029449
R0012856,D0015025
R0013551,D0015834
R0005310,D0006144
R0019343,D0022490
R0020562,D0023915
R0037423,D0043853
R0010445,D0012158
R0030701,D0035645
R0008334,D0009639
R0002851,D0003328
R0013583,D0015872
R0006517,D0007528
R0033560,D0039080
R0029414,D0034195
R0024351,D0028274
R0025430,D0029541
R0019536,D0022709
R0001321,D0001550
R0016770,D0019510
R0036457,D0042748
R0031362,D0036401
R0034472,D0040280
R0018420,D0021408
R0009653,D0011218
R0032636,D0037992
R0038027,D0044546
R0030017,D0034873
R0022836,D0026524
R0007636,D0008808
R0015493,D0018006
R0034268,D0040022
R0032535,D0037863
R0029021,D0033748
R0029869,D0034710
R0031818,D0036928
R0024513,D0028478
R0027234,D0031655
R0011683,D0013615
R0038031,D0044552
R0019309,D0022453
R0021958,D0025530
R0018458,D0021456
R0017854,D0020747
R0029841,D0034679
R0033106,D0038561
R0033509,D0039027
R0034217,D0039963
R0000206,D0000244
R0026263,D0030512
R0015523,D0018039
R0011837,D0013782
R0007935,D0009158
R0037907,D0044405
R0035781,D0041869
R0015362,D0017857
R0016665,D0019380
R0014181,D0016531
R0028113,D0032679
R0006958,D0008024
R0027732,D0032222
R0035956,D0042118
R0025208,D0029281
R0011184,D0013049
R0031935,D0037082
R0038010,D0044523
R0006091,D0007048
R0033804,D0039426
R0005957,D0006898
R0000545,D0000641
R0016024,D0018637
R0039154,D0045838
R0019670,D0022861
R0023611,D0027405
R0035522,D0041540
R0019399,D0022554
R0000499,D0000588
R0023428,D0027193
R0006875,D0007930
R0018684,D0021714
R0021463,D0024972
R0018927,D0021993
R0017087,D0019867
R0036712,D0043044
R0003754,D0004359
R0019796,D0023003
R0030630,D0035567
R0032366,D0037637
R0033867,D0039514
R0038938,D0045597
R0010456,D0012172
R0006522,D0007534
R0025632,D0029766
R0033021,D0038463
R0015449,D0017953
R0007339,D0008462
R0001675,D0001953
R0020797,D0024207
R0008670,D0010040
R0005844,D0006772
R0037766,D0044245
R0024970,D0028999
R0011340,D0013223
R0000364,D0000433
R0038248,D0044799
R0009685,D0011254
R0021943,D0025514
R0003803,D0004412
R0007342,D0008465
R0015164,D0017635
R0005718,D0006629
R0027776,D0032277
R0018430,D0021419
R0007153,D0008255
R0008360,D0009668
R0016126,D0018756
R0010300,D0011986
R0029640,D0034454
R0017863,D0020757
R0017641,D0020504
R0017049,D0019823
R0029373,D0034150
R0030780,D0035738
R0033488,D0039003
R0027475,D0031929
R0011800,D0013742
R0036037,D0042231
R0009501,D0011033
R0010149,D0011802
R0015798,D0018362
R0039043,D0045715
R0019244,D0022374
R0017314,D0020132
R0039228,D0045924
R0014064,D0016401
R0009628,D0011187
R0033322,D0038812
R0033114,D0038569
R0015941,D0018535
R0021525,D0025042
R0011751,D0013690
R0020321,D0023641
R0015656,D0018196
R0036292,D0042554
R0023343,D0027093
R0015785,D0018348
R0035992,D0042164
R0010290,D0011974
R0037368,D0043791
R0009420,D0010937
R0002543,D0002974
R0016532,D0019220
R0030259,D0035144
R0012420,D0014494
R0022491,D0026139
R0009333,D0010837
R0000443,D0000521
R0021674,D0025208
R0007510,D0008656
R0038553,D0045153
R0035661,D0041715
R0005420,D0006273
R0000571,D0000676
R0034295,D0040060
R0026936,D0031315
R0028409,D0033028
R0028106,D0032668
R0033670,D0039231
R0028131,D0032701
R0007264,D0008381
R0023545,D0027334
R0027226,D0031645
R0025709,D0029851
R0008987,D0010414
R0003027,D0003533
R0031726,D0036808
R0023825,D0027651
R0014923,D0017363
R0039242,D0045940
R0002665,D0003115
R0002244,D0002628
R0017931,D0020833
R0035982,D0042152
R0002848,D0003325
R0024798,D0028803
R0021904,D0025466
R0000963,D0001139
R0031913,D0037048
R0037116,D0043510
R0016556,D0019249
R0019342,D0022489
R0036348,D0042614
R0023015,D0026717
R0024684,D0028675
R0012270,D0014304
R0024800,D0028805
R0034451,D0040251
R0011681,D0013613
R0013896,D0016211
R0024182,D0028073
R0022230,D0025844
R0001172,D0001383
R0000534,D0000629
R0007527,D0008677
R0026193,D0030432
R0031123,D0036122
R0019169,D0022284
R0020260,D0023573
R0033968,D0039648
R0039235,D0045932
R0018089,D0021015
R0011583,D0013501
R0009112,D0010574
R0036232,D0042477
R0029203,D0033960
R0032103,D0037301
R0012121,D0014127
R0015085,D0017547
R0020078,D0023350
R0018098,D0021027
R0003563,D0004137
R0029646,D0034464
R0031423,D0036468
R0015648,D0018187
R0025808,D0029968
R0016359,D0019029
R0027079,D0031479
R0032052,D0037239
R0004801,D0005566
R0013151,D0015367
R0037000,D0043386
R0014672,D0017076
R0002365,D0002766
R0033028,D0038471
R0004936,D0005718
R0012073,D0014073
R0010000,D0011620
R0032975,D0038410
R0011951,D0013930
R0014965,D0017410
R0036335,D0042600
R0034851,D0040757
R0005775,D0006695
R0036980,D0043361
R0023139,D0026867
R0037312,D0043731
R0031913,D0037049
R0033634,D0039180
R0002114,D0002478
R0000035,D0000041
R0007831,D0009032
R0008352,D0009658
R0000146,D0000177
R0036577,D0042892
R0010114,D0011762
R0037618,D0044077
R0031648,D0036721
R0018521,D0021527
R0032909,D0038324
R0000538,D0000633
R0014952,D0017397
R0022450,D0026094
R0025407,D0029515
R0002955,D0003451
R0033586,D0039114
R0000670,D0000784
R0031313,D0036341
R0010951,D0012758
R0034412,D0040198
R0006216,D0007185
R0008504,D0009847
R0032216,D0037441
R0033744,D0039346
R0014423,D0016801
R0031979,D0037142
R0023474,D0027248
R0008866,D0010276
R0006553,D0007566
R0027861,D0032384
R0020944,D0024375
R0007189,D0008294
R0014163,D0016510
R0026256,D0030505
R0036561,D0042869
R0022728,D0026401
R0021733,D0025274
R0004407,D0005107
R0027687,D0032174
R0034057,D0039754
R0009239,D0010727
R0003552,D0004126
R0035082,D0041017
R0038590,D0045195
R0019919,D0023150
R0037363,D0043786
R0018625,D0021642
R0033590,D0039121
R0002331,D0002729
R0024071,D0027941
R0011110,D0012960
R0018893,D0021953
R0027537,D0031998
R0029508,D0034302
R0036612,D0042931
R0021740,D0025281
R0024036,D0027903
R0012773,D0014929
R0026473,D0030750
R0005539,D0006416
R0015117,D0017583
R0003244,D0003783
R0006586,D0007603
R0000417,D0000491
R0023214,D0026947
R0022630,D0026292
R0032694,D0038062
R0033564,D0039084
R0011342,D0013225
R0005412,D0006265
R0035220,D0041173
R0017047,D0019821
R0010454,D0012170
R0037297,D0043714
R0031019,D0036006
R0018767,D0021809
R0005081,D0005882
R0009517,D0011055
R0016192,D0018831
R0024777,D0028780
R0020300,D0023618
R0030057,D0034916
R0026954,D0031334
R0015569,D0018093
R0007001,D0008072
R0014281,D0016649
R0012642,D0014770
R0009650,D0011213
R0000179,D0000215
R0025477,D0029593
R0002898,D0003385
R0031127,D0036126
R0036453,D0042743
R0025842,D0030009
R0013212,D0015435
R0014933,D0017374
R0031779,D0036881
R0035634,D0041682
R0031749,D0036838
R0023181,D0026913
R0026659,D0030978
R0036004,D0042181
R0015736,D0018290
R0000345,D0000411
R0039225,D0045921
R0038185,D0044731
R0028186,D0032763
R0025798,D0029955
R0027380,D0031819
R0032371,D0037645
R0006186,D0007150
R0021581,D0025109
R0025144,D0029205
R0036151,D0042370
R0024731,D0028732
R0012836,D0015002
R0020218,D0023519
R0030757,D0035713
R0034053,D0039748
R0002884,D0003368
R0039159,D0045844
R0013303,D0015547
R0023415,D0027179
R0014498,D0016888
R0038083,D0044613
R0022720,D0026390
R0038183,D0044729
R0029949,D0034799
R0024687,D0028680
R0030897,D0035871
R0026703,D0031031
R0032128,D0037326
R0000873,D0001033
R0022163,D0025764
R0025759,D0029903
R0025805,D0029964
R0020846,D0024264
R0010786,D0012567
R0005130,D0005943
R0025550,D0029677
R0038014,D0044528
R0009268,D0010761
R0002989,D0003488
R0021448,D0024956
R0015258,D0017739
R0032298,D0037551
R0031719,D0036800
R0033378,D0038875
R0039257,D0045960
R0037308,D0043727
R0032489,D0037798
R0014043,D0016373
R0028236,D0032822
R0038659,D0045274
R0026063,D0030272
R0031404,D0036446
R0002613,D0003054
R0031126,D0036125
R0016210,D0018852
R0003007,D0003510
R0026540,D0030834
R0002873,D0003354
R0038800,D0045438
R0026480,D0030758
R0017554,D0020408
R0018677,D0021705
R0017141,D0019932
R0015613,D0018148
R0010490,D0012211
R0031892,D0037018
R0033575,D0039098
R0013319,D0015566
R0012284,D0014324
R0014008,D0016333
R0019968,D0023218
R0032623,D0037972
R0031966,D0037122
R0036897,D0043266
R0009751,D0011329
R0001111,D0001312
R0020421,D0023749
R0027873,D0032398
R0025457,D0029570
R0038894,D0045546
R0016227,D0018872
R0027462,D0031912
R0006267,D0007244
R0019548,D0022721
R0017884,D0020780
R0017438,D0020274
R0018214,D0021165
R0035519,D0041536
R0033076,D0038524
R0028209,D0032793
R0018572,D0021580
R0002141,D0002511
R0029277,D0034041
R0011962,D0013942
R0036600,D0042916
R0031497,D0036556
R0004736,D0005490
R0011348,D0013234
R0002578,D0003013
R0033811,D0039436
R0024207,D0028106
R0004033,D0004679
R0001515,D0001769
R0010148,D0011801
R0024169,D0028056
R0000789,D0000938
R0036700,D0043032
R0021665,D0025198
R0012944,D0015126
R0038351,D0044922
R0034233,D0039981
R0008400,D0009724
R0004265,D0004947
R0014632,D0017032
R0009579,D0011131
R0022161,D0025762
R0022256,D0025873
R0039062,D0045736
R0017308,D0020126
R0000237,D0000282
R0034847,D0040749
R0025608,D0029740
R0010719,D0012479
R0030705,D0035649
R0002949,D0003444
R0031647,D0036720
R0007974,D0009201
R0022898,D0026589
R0001030,D0001218
R0014067,D0016404
R0031218,D0036228
R0013933,D0016250
R0030924,D0035900
R0006244,D0007220
R0036380,D0042650
R0039155,D0045839
R0007075,D0008158
R0036472,D0042765
R0028086,D0032645
R0037433,D0043866
R0015637,D0018176
R0014470,D0016857
R0027976,D0032515
R0037159,D0043559
R0019611,D0022796
R0028676,D0033347
R0016466,D0019148
R0007403,D0008532
R0025935,D0030120
R0002736,D0003197
R0032544,D0037874
R0011514,D0013427
R0006772,D0007812
R0012388,D0014451
R0005019,D0005806
R0004158,D0004821
R0038217,D0044768
R0039188,D0045881
R0012058,D0014057
R0002012,D0002352
R0009110,D0010568
R0006992,D0008060
R0020204,D0023503
R0027913,D0032446
R0036408,D0042687
R0001528,D0001784
R0026320,D0030577
R0022408,D0026049
R0001357,D0001587
R0024360,D0028284
R0015690,D0018237
R0015872,D0018455
R0007601,D0008765
R0012484,D0014579
R0022945,D0026640
R0007245,D0008355
R0005711,D0006620
R0016222,D0018867
R0012038,D0014030
R0006626,D0007645
R0013956,D0016275
R0032755,D0038137
R0024642,D0028628
R0013819,D0016132
R0033110,D0038565
R0034801,D0040695
R0016355,D0019025
R0021766,D0025310
R0003275,D0003818
R0025511,D0029632
R0022406,D0026047
R0036263,D0042519
R0016224,D0018869
R0004950,D0005732
R0025095,D0029148
R0037683,D0044148
R0027988,D0032527
R0002076,D0002431
R0027117,D0031522
R0016344,D0019011
R0020822,D0024239
R0005847,D0006776
R0004728,D0005480
R0027442,D0031892
R0023000,D0026700
R0024083,D0027955
R0014283,D0016651
R0017388,D0020215
R0029329,D0034102
R0027694,D0032182
R0025737,D0029880
R0020065,D0023335
R0010495,D0012216
R0028266,D0032858
R0009796,D0011376
R0034192,D0039932
R0016478,D0019162
R0034119,D0039836
R0014878,D0017312
R0008816,D0010215
R0024822,D0028831
R0030372,D0035269
R0009373,D0010883
R0029226,D0033986
R0012859,D0015028
R0026935,D0031313
R0010475,D0012193
R0038240,D0044791
R0036155,D0042374
R0018741,D0021782
R0005177,D0005992
R0026526,D0030818
R0013692,D0015994
R0033426,D0038931
R0016772,D0019513
R0001163,D0001373
R0033124,D0038579
R0026257,D0030506
R0018600,D0021612
R0035829,D0041938
R0034585,D0040436
R0017483,D0020327
R0021728,D0025269
R0015424,D0017927
R0011282,D0013158
R0033130,D0038585
R0020174,D0023462
R0028966,D0033680
R0024511,D0028476
R0020050,D0023318
R0017391,D0020218
R0014234,D0016592
R0027816,D0032326
R0025687,D0029823
R0021146,D0024600
R0006910,D0007971
R0028341,D0032951
R0030842,D0035810
R0012721,D0014865
R0007542,D0008694
R0005385,D0006231
R0026486,D0030767
R0023521,D0027305
R0007136,D0008232
R0036549,D0042853
R0004626,D0005369
R0026788,D0031137
R0010448,D0012161
R0030810,D0035773
R0022938,D0026633
R0018153,D0021096
R0032029,D0037211
R0025506,D0029625
R0001356,D0001586
R0039163,D0045851
R0038830,D0045472
R0034912,D0040825
R0017753,D0020633
R0000172,D0000208
R0013112,D0015322
R0033507,D0039025
R0018698,D0021733
R0007902,D0009117
R0031635,D0036707
R0026219,D0030463
R0015182,D0017655
R0035414,D0041401
R0020673,D0024058
R0024933,D0028958
R0017860,D0020753
R0034157,D0039889
R0000051,D0000061
R0032990,D0038429
R0039203,D0045898
R0010312,D0012001
R0033939,D0039612
R0032634,D0037989
R0018036,D0020954
R0034636,D0040499
R0017039,D0019813
R0023612,D0027406
R0016248,D0018897
R0004966,D0005749
R0013489,D0015763
R0025356,D0029456
R0006537,D0007549
R0010027,D0011653
R0006315,D0007299
R0020070,D0023340
R0021725,D0025265
R0005984,D0006930
R0023872,D0027703
R0025335,D0029431
R0026228,D0030472
R0010839,D0012629
R0025616,D0029749
R0013996,D0016321
R0010042,D0011668
R0038458,D0045044
R0034452,D0040253
R0009061,D0010508
R0015178,D0017651
R0027179,D0031592
R0012655,D0014785
R0032251,D0037492
R0001602,D0001873
R0034957,D0040876
R0036340,D0042605
R0012958,D0015141
R0012714,D0014855
R0035403,D0041389
R0001792,D0002095
R0011692,D0013626
R0032955,D0038384
R0022536,D0026190
R0009335,D0010839
R0025336,D0029432
R0014862,D0017294
R0020633,D0024007
R0021703,D0025242
R0008152,D0009419
R0035915,D0042054
R0022752,D0026428
R0020067,D0023337
R0035285,D0041246
R0014486,D0016873
R0037747,D0044221
R0019282,D0022425
R0026308,D0030563
R0021749,D0025291
R0011804,D0013746
R0021808,D0025356
R0032957,D0038388
R0005395,D0006242
R0013424,D0015689
R0017677,D0020549
R0006301,D0007285
R0017656,D0020526
R0000825,D0000981
R0007436,D0008571
R0035246,D0041203
R0020172,D0023460
R0024272,D0028183
R0019347,D0022495
R0019620,D0022806
R0000087,D0000107
R0028505,D0033146
R0024279,D0028192
R0013347,D0015597
R0014469,D0016856
R0002935,D0003429
R0009194,D0010671
R0013869,D0016183
R0008975,D0010400
R0028338,D0032947
R0035386,D0041370
R0020289,D0023606
R0038001,D0044512
R0016683,D0019402
R0014445,D0016828
R0006346,D0007331
R0026319,D0030576
R0015235,D0017713
R0017920,D0020821
R0028389,D0033006
R0001529,D0001785
R0003428,D0003987
R0026163,D0030398
R0011885,D0013843
R0004944,D0005726
R0000115,D0000141
R0012614,D0014733
R0013222,D0015450
R0034189,D0039929
R0013263,D0015500
R0001221,D0001434
R0021537,D0025055
R0000315,D0000377
R0019635,D0022824
R0003378,D0003933
R0014729,D0017146
R0039113,D0045793
R0021436,D0024941
R0008025,D0009263
R0029704,D0034529
R0035559,D0041588
R0013003,D0015191
R0036097,D0042304
R0015578,D0018103
R0008515,D0009858
R0034026,D0039717
R0010324,D0012014
R0029543,D0034343
R0030886,D0035858
R0036419,D0042701
R0028937,D0033647
R0033541,D0039061
R0004762,D0005523
R0027141,D0031549
R0007711,D0008895
R0031722,D0036803
R0032490,D0037799
R0020201,D0023499
R0009181,D0010655
R0015936,D0018530
R0010843,D0012633
R0017600,D0020462
R0033367,D0038863
R0034728,D0040610
R0025915,D0030095
R0026563,D0030859
R0010161,D0011814
R0015515,D0018029
R0036407,D0042686
R0031621,D0036693
R0035474,D0041480
R0012141,D0014150
R0009329,D0010831
R0033098,D0038552
R0034536,D0040374
R0036427,D0042714
R0008906,D0010321
R0014699,D0017106
R0037399,D0043826
R0005383,D0006229
R0028435,D0033058
R0031761,D0036856
R0009817,D0011406
R0014544,D0016936
R0003144,D0003669
R0036223,D0042466
R0035017,D0040946
R0023297,D0027039
R0003988,D0004624
R0005911,D0006847
R0029193,D0033948
R0024842,D0028855
R0031740,D0036824
R0002033,D0002376
R0001129,D0001335
R0016534,D0019222
R0015071,D0017532
R0005819,D0006743
R0016389,D0019063
R0009665,D0011231
R0033087,D0038538
R0018297,D0021265
R0015984,D0018584
R0011073,D0012911
R0022483,D0026131
R0001074,D0001269
R0024137,D0028019
R0002741,D0003202
R0009201,D0010678
R0007225,D0008333
R0018146,D0021086
R0015501,D0018015
R0031431,D0036478
R0035590,D0041625
R0033209,D0038678
R0009346,D0010852
R0025474,D0029590
R0027033,D0031427
R0031616,D0036687
R0005482,D0006352
R0033084,D0038534
R0011957,D0013937
R0039280,D0045985
R0022377,D0026012
R0019797,D0023004
R0010095,D0011740
R0010619,D0012361
R0009787,D0011366
R0032004,D0037170
R0022655,D0026317
R0015834,D0018402
R0000552,D0000650
R0007005,D0008077
R0020790,D0024200
R0003099,D0003617
R0021711,D0025250
R0006476,D0007481
R0022645,D0026307
R0015579,D0018104
R0025898,D0030072
R0008259,D0009548
R0023518,D0027302
R0008932,D0010350
R0030875,D0035847
R0037174,D0043577
R0033735,D0039334
R0025054,D0029097
R0023746,D0027565
R0004843,D0005612
R0022470,D0026117
R0027927,D0032460
R0006054,D0007009
R0025394,D0029500
R0028759,D0033439
R0007003,D0008074
R0023288,D0027029
R0021308,D0024786
R0028823,D0033513
R0024412,D0028346
R0026619,D0030931
R0029936,D0034784
R0013657,D0015955
R0005446,D0006305
R0037216,D0043624
R0008165,D0009433
R0029027,D0033755
R0025790,D0029945
R0002723,D0003182
R0016461,D0019143
R0008272,D0009566
R0034062,D0039759
R0008467,D0009802
R0027272,D0031697
R0029916,D0034762
R0025728,D0029871
R0034678,D0040549
R0017257,D0020064
R0007196,D0008302
R0007741,D0008929
R0028643,D0033308
R0018558,D0021565
R0019160,D0022274
R0021446,D0024954
R0019038,D0022129
R0005622,D0006517
R0030459,D0035365
R0021258,D0024729
R0023781,D0027603
R0007682,D0008862
R0007526,D0008676
R0037467,D0043903
R0030595,D0035528
R0032018,D0037193
R0026171,D0030406
R0013940,D0016257
R0003905,D0004527
R0005726,D0006640
R0028975,D0033691
R0011886,D0013845
R0001613,D0001887
R0029729,D0034557
R0003507,D0004072
R0014060,D0016395
R0019344,D0022492
R0034896,D0040809
R0003564,D0004138
R0003209,D0003745
R0014446,D0016830
R0033880,D0039539
R0015952,D0018546
R0011161,D0013022
R0022400,D0026041
R0009875,D0011472
R0019760,D0022963
R0023183,D0026915
R0030135,D0035006
R0009331,D0010833
R0024148,D0028031
R0019997,D0023250
R0016872,D0019625
R0000193,D0000231
R0039074,D0045750
R0023360,D0027114
R0037583,D0044035
R0028500,D0033141
R0027904,D0032436
R0018271,D0021227
R0031750,D0036839
R0038858,D0045505
R0018578,D0021586
R0010648,D0012397
R0037069,D0043459
R0027105,D0031510
R0008568,D0009917
R0012019,D0014010
R0029588,D0034395
R0021459,D0024968
R0001194,D0001406
R0010119,D0011769
R0022942,D0026637
R0009540,D0011084
R0017402,D0020235
R0037755,D0044232
R0002116,D0002480
R0007476,D0008618
R0027075,D0031474
R0017617,D0020480
R0005661,D0006561
R0023709,D0027519
R0023185,D0026917
R0020997,D0024438
R0005270,D0006098
R0003914,D0004538
R0003295,D0003840
R0004165,D0004829
R0008828,D0010229
R0030145,D0035016
R0008594,D0009950
R0010664,D0012416
R0021256,D0024727
R0026199,D0030439
R0021519,D0025035
R0013491,D0015765
R0010986,D0012801
R0012688,D0014827
R0023831,D0027658
R0023498,D0027278
R0016145,D0018778
R0007132,D0008228
R0008446,D0009781
R0010646,D0012393
R0009105,D0010561
R0028487,D0033125
R0027308,D0031736
R0037306,D0043725
R0028298,D0032899
R0002647,D0003091
R0037106,D0043500
R0018485,D0021487
R0020463,D0023798
R0017127,D0019915
R0025179,D0029247
R0026693,D0031017
R0030747,D0035701
R0024946,D0028971
R0022731,D0026405
R0024665,D0028652
R0009164,D0010633
R0003086,D0003601
R0025413,D0029521
R0001231,D0001447
R0018301,D0021270
R0010939,D0012746
R0016952,D0019716
R0022846,D0026534
R0001610,D0001884
R0001421,D0001659
R0002652,D0003098
R0003121,D0003643
R0019372,D0022524
R0000046,D0000054
R0009108,D0010564
R0003189,D0003725
R0014112,D0016455
R0038291,D0044850
R0020028,D0023288
R0031413,D0036457
R0024750,D0028752
R0017498,D0020345
R0028515,D0033157
R0021899,D0025458
R0023879,D0027710
R0006254,D0007230
R0037511,D0043952
R0028372,D0032988
R0013897,D0016212
R0008328,D0009630
R0001103,D0001304
R0025536,D0029660
R0022737,D0026411
R0000105,D0000128
R0002804,D0003274
R0018676,D0021704
R0022874,D0026562
R0037181,D0043586
R0033996,D0039684
R0025538,D0029664
R0003860,D0004475
R0020768,D0024172
R0030779,D0035737
R0018733,D0021773
R0004042,D0004692
R0011453,D0013356
R0006290,D0007272
R0000335,D0000400
R0036307,D0042572
R0033321,D0038811
R0015830,D0018397
R0017298,D0020116
R0019542,D0022715
R0033491,D0039006
R0011469,D0013373
R0008638,D0010003
R0027066,D0031465
R0031967,D0037124
R0019831,D0023048
R0003611,D0004196
R0022583,D0026240
R0008552,D0009899
R0030288,D0035177
R0019248,D0022380
R0033279,D0038763
R0019615,D0022800
R0032646,D0038004
R0019523,D0022694
R0021078,D0024523
R0023225,D0026958
R0015495,D0018008
R0025395,D0029501
R0037084,D0043475
R0019910,D0023137
R0010529,D0012255
R0000469,D0000553
R0036033,D0042225
R0006717,D0007750
R0019199,D0022322
R0006668,D0007691
R0011793,D0013735
R0028173,D0032749
R0028698,D0033371
R0018922,D0021987
R0010938,D0012745
R0024143,D0028025
R0023702,D0027512
R0009077,D0010526
R0032652,D0038011
R0012490,D0014586
R0009165,D0010634
R0001366,D0001597
R0037189,D0043596
R0007505,D0008650
R0016165,D0018801
R0030959,D0035938
R0027365,D0031804
R0021310,D0024790
R0023033,D0026739
R0008429,D0009761
R0012676,D0014810
R0015478,D0017989
R0002775,D0003241
R0027621,D0032096
R0017709,D0020586
R0029594,D0034402
R0007768,D0008963
R0027250,D0031671
R0014228,D0016583
R0011004,D0012824
R0012530,D0014630
R0018094,D0021021
R0032083,D0037277
R0029366,D0034143
R0014981,D0017427
R0005343,D0006182
R0018806,D0021855
R0031646,D0036719
R0025553,D0029681
R0018156,D0021099
R0030406,D0035304
R0011733,D0013670
R0026255,D0030504
R0001497,D0001750
R0011613,D0013532
R0036805,D0043156
R0021485,D0024995
R0025232,D0029308
R0022843,D0026531
R0002994,D0003496
R0033201,D0038670
R0013601,D0015893
R0008877,D0010289
R0037383,D0043810
R0015412,D0017914
R0000969,D0001145
R0018115,D0021044
R0021132,D0024583
R0013733,D0016037
R0026259,D0030508
R0029922,D0034768
R0024855,D0028871
R0026491,D0030773
R0024938,D0028963
R0018852,D0021906
R0003652,D0004244
R0013724,D0016028
R0034738,D0040621
R0001032,D0001221
R0023824,D0027650
R0012977,D0015161
R0030211,D0035089
R0018901,D0021962
R0011546,D0013461
R0032053,D0037241
R0001633,D0001910
R0020232,D0023536
R0015889,D0018476
R0016401,D0019077
R0024611,D0028592
R0026051,D0030258
R0011337,D0013220
R0031450,D0036502
R0016450,D0019131
R0020526,D0023875
R0029740,D0034568
R0034655,D0040520
R0020678,D0024064
R0001547,D0001804
R0008708,D0010083
R0013762,D0016069
R0007004,D0008076
R0013267,D0015504
R0003372,D0003925
R0030199,D0035074
R0024981,D0029010
R0017431,D0020266
R0029994,D0034848
R0030399,D0035296
R0017864,D0020758
R0025053,D0029095
R0031787,D0036890
R0018960,D0022032
R0005671,D0006573
R0031181,D0036189
R0014653,D0017055
R0000727,D0000863
R0002964,D0003460
R0033562,D0039082
R0017208,D0020009
R0005885,D0006817
R0013352,D0015604
R0006211,D0007179
R0013453,D0015723
R0006948,D0008014
R0019457,D0022617
R0034344,D0040120
R0005115,D0005923
R0018539,D0021545
R0032584,D0037921
R0003119,D0003640
R0025210,D0029283
R0022784,D0026465
R0038469,D0045057
R0026766,D0031109
R0029863,D0034702
R0020225,D0023528
R0011610,D0013529
R0039143,D0045827
R0012545,D0014649
R0037211,D0043618
R0004269,D0004952
R0001904,D0002220
R0025981,D0030181
R0028045,D0032597
R0019976,D0023226
R0028320,D0032925
R0022776,D0026457
R0021284,D0024760
R0015007,D0017457
R0008767,D0010158
R0001621,D0001896
R0026594,D0030901
R0032027,D0037208
R0028239,D0032825
R0016148,D0018782
R0034923,D0040836
R0036239,D0042485
R0017426,D0020261
R0037725,D0044195
R0026115,D0030341
R0017010,D0019781
R0036602,D0042918
R0007734,D0008922
R0026591,D0030898
R0006808,D0007855
R0028476,D0033110
R0012692,D0014832
R0016142,D0018774
R0022267,D0025886
R0015419,D0017921
R0028858,D0033554
R0015029,D0017486
R0033486,D0039000
R0023857,D0027686
R0013477,D0015750
R0023108,D0026832
R0005183,D0005999
R0019222,D0022350
R0008824,D0010224
R0012875,D0015046
R0008156,D0009423
R0020723,D0024118
R0019184,D0022301
R0006375,D0007364
R0032025,D0037203
R0004149,D0004811
R0004819,D0005587
R0013515,D0015794
R0037490,D0043927
R0035632,D0041675
R0017872,D0020768
R0012920,D0015094
R0034572,D0040419
R0006597,D0007615
R0027945,D0032479
R0033958,D0039636
R0038093,D0044625
R0003217,D0003753
R0023756,D0027576
R0036713,D0043045
R0001673,D0001951
R0004559,D0005289
R0006501,D0007508
R0001234,D0001451
R0008885,D0010299
R0015814,D0018380
R0005057,D0005855
R0017396,D0020225
R0032661,D0038023
R0033100,D0038555
R0011861,D0013808
R0003409,D0003965
R0017399,D0020228
R0032523,D0037845
R0014606,D0017005
R0030204,D0035080
R0013985,D0016309
R0001314,D0001542
R0026812,D0031166
R0018329,D0021302
R0025837,D0030001
R0016313,D0018972
R0010800,D0012581
R0032844,D0038252
R0009416,D0010932
R0032653,D0038012
R0003550,D0004124
R0034074,D0039772
R0003573,D0004149
R0031553,D0036618
R0009006,D0010434
R0036139,D0042357
R0038685,D0045302
R0004204,D0004874
R0011408,D0013307
R0019729,D0022930
R0018944,D0022013
R0000286,D0000342
R0027884,D0032410
R0013737,D0016041
R0015017,D0017468
R0009158,D0010627
R0015377,D0017875
R0038140,D0044680
R0003118,D0003639
R0012622,D0014742
R0015715,D0018266
R0023924,D0027765
R0002515,D0002942
R0036233,D0042478
R0025590,D0029721
R0028076,D0032633
R0017541,D0020395
R0001670,D0001948
R0026230,D0030475
R0023281,D0027020
R0028560,D0033210
R0036877,D0043244
R0023843,D0027671
R0004701,D0005449
R0009444,D0010965
R0031811,D0036921
R0035488,D0041497
R0007383,D0008510
R0017984,D0020893
R0015314,D0017801
R0035241,D0041197
R0027504,D0031962
R0003585,D0004165
R0014543,D0016935
R0033869,D0039521
R0032949,D0038376
R0014251,D0016612
R0036555,D0042859
R0004529,D0005252
R0007858,D0009062
R0032760,D0038143
R0003632,D0004220
R0033579,D0039104
R0029804,D0034637
R0019521,D0022692
R0001692,D0001972
R0017007,D0019778
R0030845,D0035813
R0033086,D0038536
R0014088,D0016430
R0010473,D0012191
R0027680,D0032165
R0031947,D0037097
R0006432,D0007429
R0017416,D0020250
R0012189,D0014211
R0014075,D0016415
R0014851,D0017282
R0034324,D0040093
R0008426,D0009756
R0032886,D0038297
R0021633,D0025163
R0037397,D0043824
R0011483,D0013390
R0031448,D0036500
R0033841,D0039481
R0005492,D0006363
R0029130,D0033875
R0022066,D0025650
R0036074,D0042277
R0034339,D0040111
R0006615,D0007634
R0005272,D0006100
R0018222,D0021173
R0016179,D0018816
R0032487,D0037796
R0033882,D0039541
R0016805,D0019550
R0023533,D0027322
R0024252,D0028159
R0027707,D0032195
R0033522,D0039041
R0033072,D0038519
R0004742,D0005498
R0000118,D0000144
R0022354,D0025982
R0037208,D0043615
R0005748,D0006665
R0026966,D0031348
R0027298,D0031725
R0032579,D0037915
R0028336,D0032943
R0028776,D0033458
R0008065,D0009314
R0019939,D0023177
R0015015,D0017466
R0003945,D0004572
R0006980,D0008047
R0037626,D0044086
R0024088,D0027963
R0034553,D0040394
R0000404,D0000476
R0030745,D0035699
R0001651,D0001928
R0035866,D0041993
R0030802,D0035764
R0021175,D0024634
R0019742,D0022945
R0035605,D0041642
R0019463,D0022623
R0038569,D0045169
R0012709,D0014850
R0005617,D0006512
R0013433,D0015699
R0021356,D0024846
R0037443,D0043877
R0030126,D0034995
R0012225,D0014255
R0015072,D0017534
R0001992,D0002327
R0025906,D0030084
R0013615,D0015909
R0011241,D0013108
R0008394,D0009711
R0019140,D0022251
R0020597,D0023960
R0035689,D0041750
R0022544,D0026199
R0015480,D0017991
R0019967,D0023217
R0016747,D0019482
R0034439,D0040236
R0001203,D0001415
R0033034,D0038477
R0027982,D0032521
R0030962,D0035942
R0018845,D0021896
R0024628,D0028614
R0004729,D0005481
R0002093,D0002450
R0015623,D0018158
R0033670,D0039232
R0036238,D0042484
R0029177,D0033930
R0023430,D0027195
R0037920,D0044422
R0025274,D0029359
R0032479,D0037783
R0017194,D0019991
R0014830,D0017257
R0029189,D0033942
R0026771,D0031117
R0003285,D0003828
R0020533,D0023884
R0035154,D0041098
R0012719,D0014861
R0023585,D0027377
R0004402,D0005101
R0024110,D0027988
R0017091,D0019871
R0006883,D0007939
R0021032,D0024475
R0000617,D0000728
R0031987,D0037151
R0013256,D0015492
R0002120,D0002484
R0015444,D0017948
R0035281,D0041241
R0015143,D0017614
R0004169,D0004834
R0023621,D0027417
R0037123,D0043518
R0005751,D0006669
R0036009,D0042189
R0005129,D0005941
R0011942,D0013921
R0027678,D0032163
R0032272,D0037519
R0033094,D0038545
R0028392,D0033009
R0017097,D0019877
R0010925,D0012730
R0030922,D0035898
R0039217,D0045913
R0007437,D0008572
R0005665,D0006567
R0029734,D0034562
R0005949,D0006890
R0021906,D0025468
R0015687,D0018234
R0031990,D0037154
R0032695,D0038063
R0020860,D0024281
R0012965,D0015148
R0018213,D0021164
R0013153,D0015369
R0027746,D0032243
R0008986,D0010412
R0007758,D0008948
R0004104,D0004761
R0005580,D0006466
R0010543,D0012269
R0019704,D0022899
R0003311,D0003857
R0018874,D0021930
R0009260,D0010751
R0029148,D0033895
R0027878,D0032404
R0027997,D0032538
R0027304,D0031732
R0034983,D0040905
R0034552,D0040392
R0014983,D0017429
R0015909,D0018497
R0017901,D0020800
R0004067,D0004719
R0009763,D0011341
R0035468,D0041472
R0032989,D0038428
R0014790,D0017211
R0012164,D0014176
R0011888,D0013848
R0033995,D0039683
R0032085,D0037279
R0002800,D0003269
R0009146,D0010613
R0009544,D0011088
R0004649,D0005394
R0019612,D0022797
R0019081,D0022180
R0003132,D0003654
R0030364,D0035261
R0037865,D0044356
R0032858,D0038267
R0022718,D0026388
R0015076,D0017538
R0007010,D0008083
R0007871,D0009078
R0032426,D0037714
R0031378,D0036418
R0000918,D0001087
R0002684,D0003138
R0029424,D0034206
R0035093,D0041028
R0012882,D0015054
R0017729,D0020607
R0026006,D0030209
R0014147,D0016492
R0011526,D0013439
R0003109,D0003628
R0025760,D0029904
R0002641,D0003084
R0019953,D0023199
R0021532,D0025050
R0008070,D0009320
R0001369,D0001600
R0012180,D0014199
R0016046,D0018660
R0017237,D0020039
R0032337,D0037596
R0023002,D0026702
R0035990,D0042161
R0017631,D0020494
R0021610,D0025140
R0001364,D0001595
R0013505,D0015782
R0033929,D0039601
R0002992,D0003492
R0017535,D0020385
R0031672,D0036747
R0013029,D0015218
R0029774,D0034606
R0020547,D0023900
R0038510,D0045104
R0022304,D0025927
R0023245,D0026979
R0020623,D0023996
R0008523,D0009868
R0026211,D0030455
R0027161,D0031573
R0002707,D0003165
R0006260,D0007237
R0012375,D0014436
R0028393,D0033010
R0012242,D0014273
R0018851,D0021903
R0016068,D0018684
R0036433,D0042722
R0003049,D0003560
R0002201,D0002579
R0013397,D0015655
R0016578,D0019280
R0017178,D0019972
R0026345,D0030606
R0009526,D0011066
R0002614,D0003055
R0010166,D0011820
R0000077,D0000096
R0034897,D0040810
R0016821,D0019568
R0021031,D0024474
R0026782,D0031131
R0002863,D0003344
R0017578,D0020436
R0025577,D0029707
R0033054,D0038500
R0033763,D0039372
R0031206,D0036216
R0006107,D0007064
R0026813,D0031167
R0008496,D0009838
R0030136,D0035007
R0027077,D0031477
R0033393,D0038894
R0033192,D0038658
R0005948,D0006888
R0038446,D0045032
R0010942,D0012749
R0014808,D0017234
R0019296,D0022439
R0020090,D0023365
R0035229,D0041183
R0028548,D0033197
R0006229,D0007203
R0011170,D0013032
R0017933,D0020837
R0025620,D0029753
R0029017,D0033744
R0033946,D0039622
R0024778,D0028781
R0019840,D0023059
R0005056,D0005854
R0008147,D0009411
R0014438,D0016821
R0029376,D0034155
R0027149,D0031557
R0027643,D0032123
R0011879,D0013836
R0014441,D0016824
R0038273,D0044832
R0000226,D0000270
R0025286,D0029375
R0001464,D0001710
R0019623,D0022809
R0017595,D0020457
R0004951,D0005734
R0018157,D0021101
R0031567,D0036633
R0030270,D0035156
R0023847,D0027675
R0026710,D0031039
R0012630,D0014753
R0034133,D0039859
R0012128,D0014135
R0032734,D0038114
R0037875,D0044367
R0032056,D0037245
R0001441,D0001685
R0005814,D0006737
R0035957,D0042119
R0025503,D0029622
R0033262,D0038745
R0022264,D0025883
R0005809,D0006732
R0018393,D0021374
R0031144,D0036146
R0021743,D0025284
R0035155,D0041100
R0034036,D0039728
R0019144,D0022255
R0036489,D0042784
R0026749,D0031086
R0020186,D0023481
R0034480,D0040294
R0020146,D0023428
R0006371,D0007360
R0009266,D0010759
R0008082,D0009332
R0038148,D0044688
R0023676,D0027480
R0003391,D0003947
R0001710,D0001992
R0024823,D0028832
R0009319,D0010820
R0008434,D0009768
R0032097,D0037293
R0007496,D0008641
R0037344,D0043765
R0005428,D0006284
R0013711,D0016014
R0008765,D0010156
R0003551,D0004125
R0028134,D0032704
R0011624,D0013547
R0001700,D0001980
R0027249,D0031670
R0011559,D0013475
R0018383,D0021361
R0003413,D0003969
R0005764,D0006683
R0038580,D0045184
R0018219,D0021170
R0003181,D0003714
R0015773,D0018334
R0000032,D0000038
R0031617,D0036688
R0015530,D0018046
R0033594,D0039130
R0009518,D0011056
R0025871,D0030041
R0025030,D0029067
R0033251,D0038730
R0018132,D0021070
R0033311,D0038798
R0002912,D0003402
R0004202,D0004872
R0025195,D0029267
R0035826,D0041935
R0004849,D0005618
R0020596,D0023959
R0023867,D0027696
R0024676,D0028665
R0020605,D0023972
R0000898,D0001064
R0022079,D0025666
R0003728,D0004330
R0009556,D0011102
R0035026,D0040955
R0031743,D0036832
R0024538,D0028508
R0017514,D0020363
R0012628,D0014749
R0002082,D0002437
R0008184,D0009459
R0013342,D0015592
R0004892,D0005672
R0013014,D0015202
R0014241,D0016600
R0013941,D0016258
R0021452,D0024960
R0005103,D0005911
R0021505,D0025019
R0008419,D0009748
R0027450,D0031900
R0006794,D0007840
R0038939,D0045598
R0034774,D0040666
R0004024,D0004670
R0022239,D0025853
R0031178,D0036186
R0020426,D0023755
R0027949,D0032483
R0019932,D0023167
R0027432,D0031879
R0019048,D0022146
R0009127,D0010591
R0021208,D0024674
R0015663,D0018205
R0017300,D0020118
R0029944,D0034794
R0013776,D0016085
R0032635,D0037990
R0022249,D0025865
R0025244,D0029322
R0014206,D0016561
R0011266,D0013139
R0018645,D0021667
R0033200,D0038668
R0037140,D0043537
R0002677,D0003130
R0003764,D0004369
R0023465,D0027236
R0030460,D0035366
R0021024,D0024466
R0009128,D0010592
R0006756,D0007796
R0035374,D0041353
R0012433,D0014517
R0022042,D0025622
R0023372,D0027128
R0028834,D0033524
R0020042,D0023309
R0022902,D0026593
R0014679,D0017083
R0036716,D0043048
R0019412,D0022567
R0038610,D0045218
R0032060,D0037249
R0025669,D0029804
R0016305,D0018963
R0010414,D0012122
R0032333,D0037592
R0035546,D0041570
R0003768,D0004373
R0027129,D0031537
R0024688,D0028681
R0011619,D0013542
R0037988,D0044498
R0021570,D0025094
R0000547,D0000643
R0035591,D0041626
R0025203,D0029276
R0009733,D0011309
R0038399,D0044981
R0012844,D0015012
R0034489,D0040308
R0037224,D0043634
R0004730,D0005482
R0026198,D0030438
R0016266,D0018919
R0030907,D0035881
R0016441,D0019120
R0019463,D0022624
R0022597,D0026257
R0035498,D0041510
R0009022,D0010454
R0004520,D0005242
R0035266,D0041226
R0030150,D0035021
R0038348,D0044919
R0027469,D0031922
R0015266,D0017748
R0033569,D0039091
R0028648,D0033315
R0023506,D0027289
R0033592,D0039123
R0010037,D0011663
R0025091,D0029144
R0020483,D0023826
R0026152,D0030385
R0030171,D0035043
R0018174,D0021118
R0006214,D0007183
R0037170,D0043573
R0003723,D0004325
R0035697,D0041759
R0008717,D0010097
R0018868,D0021924
R0019367,D0022519
R0018139,D0021078
R0024060,D0027930
R0004612,D0005354
R0012119,D0014125
R0020325,D0023645
R0013448,D0015718
R0010247,D0011923
R0020392,D0023718
R0005433,D0006290
R0033338,D0038829
R0031227,D0036240
R0035238,D0041193
R0014658,D0017061
R0006844,D0007897
R0038997,D0045665
R0002224,D0002606
R0035912,D0042051
R0038132,D0044672
R0011094,D0012936
R0017594,D0020454
R0009226,D0010713
R0038759,D0045391
R0035335,D0041304
R0022451,D0026095
R0025435,D0029547
R0031886,D0037011
R0016122,D0018752
R0035402,D0041388
R0021045,D0024488
R0031747,D0036836
R0021535,D0025053
R0036083,D0042286
R0036364,D0042630
R0001493,D0001746
R0010480,D0012200
R0034878,D0040786
R0030652,D0035592
R0005443,D0006301
R0034982,D0040904
R0015122,D0017589
R0015483,D0017994
R0019985,D0023236
R0030762,D0035718
R0016279,D0018934
R0030778,D0035736
R0005680,D0006582
R0004971,D0005754
R0027799,D0032306
R0015001,D0017449
R0036718,D0043050
R0033653,D0039210
R0017930,D0020832
R0039009,D0045679
R0015152,D0017623
R0027338,D0031773
R0006035,D0006985
R0032166,D0037377
R0035750,D0041832
R0021202,D0024667
R0013867,D0016181
R0036177,D0042402
R0019016,D0022104
R0019774,D0022980
R0029077,D0033815
R0016883,D0019637
R0003815,D0004424
R0012933,D0015111
R0003503,D0004067
R0002328,D0002724
R0015496,D0018009
R0024018,D0027882
R0013895,D0016210
R0024514,D0028479
R0024683,D0028674
R0012808,D0014967
R0016691,D0019412
R0025142,D0029203
R0037179,D0043584
R0017117,D0019902
R0026597,D0030905
R0003819,D0004430
R0033351,D0038845
R0001598,D0001869
R0034274,D0040031
R0026787,D0031136
R0011493,D0013401
R0020816,D0024230
R0036267,D0042524
R0037989,D0044499
R0025554,D0029682
R0035851,D0041968
R0019699,D0022893
R0035603,D0041640
R0016533,D0019221
R0030679,D0035621
R0011480,D0013387
R0016850,D0019600
R0004606,D0005347
R0024446,D0028390
R0009699,D0011271
R0016523,D0019211
R0002806,D0003276
R0028339,D0032949
R0029525,D0034321
R0012382,D0014445
R0016358,D0019028
R0017629,D0020492
R0035987,D0042158
R0031061,D0036051
R0015752,D0018310
R0034087,D0039789
R0008556,D0009904
R0036436,D0042725
R0018672,D0021700
R0026514,D0030804
R0028729,D0033403
R0023762,D0027584
R0016206,D0018848
R0004112,D0004770
R0005083,D0005886
R0001958,D0002284
R0016288,D0018945
R0032786,D0038178
R0001326,D0001556
R0030437,D0035341
R0003926,D0004552
R0034437,D0040234
R0029537,D0034335
R0024155,D0028040
R0018686,D0021716
R0022067,D0025651
R0008560,D0009908
R0003254,D0003794
R0010355,D0012051
R0014130,D0016474
R0035581,D0041612
R0034533,D0040371
R0026872,D0031236
R0000111,D0000134
R0016979,D0019747
R0013034,D0015225
R0020868,D0024289
R0030837,D0035805
R0001367,D0001598
R0007744,D0008932
R0023540,D0027329
R0010716,D0012476
R0037563,D0044013
R0021790,D0025337
R0011595,D0013514
R0017183,D0019977
R0035569,D0041600
R0024601,D0028580
R0006959,D0008025
R0036535,D0042836
R0001329,D0001559
R0035989,D0042160
R0021134,D0024585
R0000199,D0000237
R0030006,D0034861
R0020363,D0023688
R0015913,D0018502
R0023959,D0027810
R0032504,D0037821
R0017486,D0020330
R0027720,D0032209
R0012430,D0014514
R0019281,D0022424
R0015057,D0017518
R0034416,D0040205
R0014363,D0016736
R0011724,D0013659
R0022286,D0025906
R0003414,D0003971
R0008509,D0009852
R0037136,D0043533
R0025719,D0029862
R0038497,D0045088
R0030558,D0035484
R0012282,D0014321
R0003026,D0003532
R0000896,D0001061
R0005021,D0005810
R0010856,D0012647
R0031214,D0036224
R0000849,D0001007
R0030659,D0035600
R0031407,D0036449
R0026814,D0031168
R0014280,D0016648
R0018848,D0021899
R0032739,D0038120
R0028979,D0033696
R0006731,D0007768
R0024125,D0028006
R0009972,D0011590
R0004200,D0004869
R0020391,D0023717
R0015842,D0018412
R0014723,D0017136
R0015719,D0018270
R0030080,D0034944
R0025088,D0029140
R0014129,D0016473
R0033988,D0039674
R0024040,D0027907
R0023738,D0027556
R0008196,D0009476
R0033197,D0038665
R0019832,D0023049
R0035688,D0041747
R0004046,D0004696
R0024703,D0028699
R0021047,D0024490
R0020903,D0024328
R0024650,D0028636
R0000477,D0000563
R0000714,D0000846
R0016856,D0019608
R0023067,D0026779
R0009782,D0011361
R0026768,D0031111
R0038821,D0045463
R0034286,D0040051
R0036274,D0042533
R0012177,D0014194
R0012203,D0014227
R0012815,D0014974
R0024849,D0028865
R0001686,D0001965
R0029867,D0034708
R0000186,D0000223
R0033090,D0038541
R0016904,D0019661
R0006485,D0007491
R0033167,D0038631
R0010636,D0012382
R0003041,D0003551
R0012302,D0014343
R0037637,D0044098
R0018708,D0021744
R0012792,D0014950
R0000132,D0000162
R0037292,D0043707
R0025873,D0030043
R0015242,D0017721
R0018947,D0022016
R0024669,D0028657
R0018348,D0021325
R0017894,D0020791
R0016446,D0019127
R0035346,D0041317
R0005187,D0006003
R0025201,D0029274
R0028855,D0033550
R0008009,D0009244
R0006289,D0007271
R0003075,D0003590
R0026311,D0030566
R0021246,D0024717
R0016807,D0019552
R0014797,D0017219
R0016034,D0018647
R0023271,D0027009
R0030975,D0035957
R0028679,D0033350
R0014680,D0017084
R0033386,D0038887
R0018399,D0021382
R0028466,D0033098
R0034537,D0040375
R0035575,D0041606
R0031645,D0036718
R0006767,D0007807
R0016873,D0019626
R0015765,D0018326
R0011298,D0013177
R0026815,D0031169
R0031516,D0036578
R0036576,D0042891
R0026616,D0030928
R0037962,D0044468
R0004370,D0005063
R0011299,D0013178
R0013767,D0016075
R0002024,D0002364
R0035138,D0041080
R0008220,D0009504
R0000667,D0000781
R0002897,D0003383
R0036405,D0042684
R0002138,D0002508
R0004007,D0004645
R0026217,D0030461
R0006238,D0007212
R0026094,D0030313
R0019564,D0022739
R0035801,D0041898
R0000748,D0000887
R0007954,D0009178
R0019628,D0022817
R0013152,D0015368
R0025163,D0029230
R0012817,D0014977
R0035212,D0041164
R0008050,D0009296
R0034302,D0040068
R0027089,D0031492
R0035269,D0041229
R0014781,D0017202
R0028271,D0032864
R0030248,D0035132
R0022426,D0026070
R0036881,D0043248
R0019187,D0022306
R0008821,D0010221
R0017840,D0020733
R0015287,D0017771
R0031005,D0035989
R0004010,D0004649
R0032074,D0037267
R0012321,D0014371
R0005889,D0006821
R0000451,D0000532
R0013621,D0015915
R0025145,D0029206
R0033953,D0039631
R0030274,D0035160
R0025614,D0029747
R0017589,D0020449
R0029297,D0034068
R0016765,D0019503
R0007162,D0008265
R0003885,D0004507
R0006111,D0007068
R0021838,D0025387
R0024604,D0028585
R0005472,D0006340
R0037016,D0043402
R0020385,D0023711
R0020553,D0023906
R0023884,D0027715
R0033934,D0039606
R0000392,D0000463
R0022884,D0026573
R0028176,D0032752
R0000380,D0000450
R0016391,D0019065
R0002998,D0003500
R0031406,D0036448
R0019164,D0022278
R0000933,D0001105
R0002606,D0003047
R0029267,D0034030
R0016595,D0019300
R0026884,D0031248
R0028445,D0033070
R0000536,D0000631
R0008675,D0010046
R0004151,D0004813
R0009384,D0010895
R0025918,D0030100
R0009555,D0011101
R0030007,D0034862
R0008403,D0009727
R0038645,D0045258
R0013830,D0016143
R0027553,D0032015
R0011410,D0013309
R0012221,D0014249
R0009974,D0011592
R0027882,D0032408
R0011153,D0013014
R0008022,D0009260
R0014846,D0017277
R0002270,D0002659
R0037785,D0044267
R0019801,D0023009
R0028308,D0032910
R0023463,D0027233
R0004831,D0005599
R0000403,D0000475
R0001349,D0001579
R0018028,D0020945
R0022773,D0026454
R0006279,D0007258
R0003621,D0004207
R0008775,D0010166
R0013210,D0015433
R0028790,D0033475
R0035548,D0041572
R0037874,D0044365
R0011572,D0013489
R0020601,D0023967
R0034173,D0039908
R0008374,D0009682
R0003484,D0004048
R0007336,D0008459
R0031317,D0036347
R0000843,D0001001
R0022139,D0025739
R0034338,D0040109
R0019719,D0022920
R0014893,D0017327
R0035618,D0041656
R0013980,D0016302
R0011690,D0013624
R0004471,D0005186
R0009434,D0010953
R0034144,D0039871
R0018805,D0021854
R0007115,D0008206
R0028602,D0033257
R0014889,D0017323
R0023722,D0027534
R0003113,D0003634
R0002896,D0003382
R0007777,D0008972
R0030357,D0035254
R0034317,D0040084
R0037768,D0044247
R0000117,D0000143
R0006709,D0007742
R0025343,D0029443
R0028123,D0032692
R0013770,D0016079
R0023381,D0027137
R0006642,D0007664
R0002170,D0002541
R0021750,D0025292
R0004498,D0005217
R0021799,D0025347
R0010049,D0011678
R0000148,D0000179
R0025533,D0029657
R0017635,D0020498
R0021098,D0024545
R0012368,D0014428
R0013262,D0015499
R0023403,D0027165
R0011025,D0012850
R0010892,D0012689
R0037726,D0044196
R0013316,D0015563
R0013289,D0015527
R0035911,D0042048
R0025629,D0029762
R0000033,D0000039
R0029049,D0033782
R0009831,D0011422
R0014370,D0016743
R0026136,D0030364
R0019050,D0022149
R0029605,D0034415
R0024969,D0028998
R0009132,D0010597
R0000065,D0000080
R0016277,D0018932
R0014189,D0016541
R0022971,D0026670
R0024660,D0028646
R0025459,D0029572
R0013514,D0015793
R0016972,D0019738
R0008764,D0010155
R0018915,D0021980
R0000249,D0000297
R0015737,D0018291
R0003430,D0003989
R0031446,D0036498
R0011840,D0013785
R0038740,D0045366
R0029095,D0033836
R0034093,D0039801
R0015875,D0018458
R0028257,D0032849
R0035976,D0042145
R0023809,D0027634
R0005389,D0006235
R0006152,D0007112
R0013725,D0016029
R0008186,D0009461
R0006215,D0007184
R0035223,D0041176
R0005987,D0006933
R0026340,D0030600
R0003474,D0004038
R0022353,D0025981
R0028391,D0033008
R0014876,D0017310
R0012472,D0014564
R0024202,D0028100
R0038322,D0044884
R0033672,D0039238
R0011177,D0013042
R0017506,D0020353
R0009494,D0011024
R0022891,D0026581
R0020889,D0024312
R0029816,D0034649
R0035903,D0042038
R0007373,D0008498
R0017980,D0020889
R0017993,D0020902
R0018306,D0021277
R0009182,D0010656
R0029785,D0034617
R0026546,D0030840
R0001968,D0002294
R0032809,D0038209
R0007171,D0008276
R0015084,D0017546
R0013378,D0015632
R0006399,D0007394
R0024725,D0028723
R0007176,D0008281
R0017036,D0019809
R0027237,D0031658
R0028573,D0033226
R0008020,D0009258
R0031159,D0036164
R0005747,D0006664
R0004943,D0005725
R0032157,D0037366
R0009745,D0011322
R0031718,D0036799
R0012145,D0014155
R0013772,D0016081
R0026821,D0031178
R0025497,D0029615
R0031217,D0036227
R0020672,D0024057
R0038391,D0044973
R0036919,D0043290
R0002776,D0003242
R0038223,D0044774
R0030202,D0035078
R0022212,D0025817
R0002562,D0002994
R0008903,D0010318
R0009742,D0011319
R0012927,D0015102
R0000289,D0000346
R0008181,D0009453
R0002425,D0002836
R0033745,D0039347
R0029465,D0034252
R0027027,D0031420
R0018421,D0021409
R0010806,D0012588
R0016484,D0019168
R0020430,D0023759
R0016363,D0019033
R0010947,D0012754
R0028925,D0033634
R0026047,D0030254
R0003493,D0004057
R0004677,D0005424
R0015873,D0018456
R0002350,D0002750
R0010656,D0012407
R0020469,D0023805
R0038598,D0045205
R0013082,D0015287
R0007228,D0008336
R0023298,D0027040
R0025175,D0029243
R0012384,D0014447
R0009463,D0010987
R0003338,D0003888
R0016336,D0019002
R0018237,D0021189
R0027592,D0032062
R0038928,D0045586
R0031651,D0036726
R0008501,D0009844
R0030303,D0035193
R0008678,D0010049
R0039221,D0045917
R0033371,D0038868
R0020035,D0023300
R0010394,D0012100
R0011539,D0013453
R0029026,D0033754
R0026144,D0030375
R0015050,D0017510
R0037814,D0044300
R0019371,D0022523
R0012081,D0014083
R0003620,D0004206
R0006106,D0007063
R0005642,D0006541
R0005003,D0005789
R0030039,D0034898
R0029438,D0034222
R0011455,D0013358
R0028285,D0032883
R0032187,D0037402
R0009631,D0011190
R0028223,D0032808
R0017532,D0020382
R0009118,D0010581
R0004671,D0005418
R0038175,D0044720
R0023640,D0027439
R0038546,D0045146
R0012192,D0014215
R0003293,D0003838
R0016848,D0019598
R0000927,D0001097
R0029972,D0034823
R0012574,D0014685
R0003045,D0003556
R0039238,D0045935
R0014150,D0016495
R0039049,D0045721
R0028792,D0033477
R0032215,D0037440
R0029781,D0034613
R0018945,D0022014
R0013680,D0015981
R0035408,D0041394
R0016707,D0019433
R0017883,D0020779
R0012211,D0014238
R0027906,D0032438
R0006183,D0007147
R0035512,D0041525
R0017646,D0020512
R0033268,D0038751
R0021770,D0025315
R0029444,D0034229
R0026274,D0030524
R0007988,D0009219
R0007421,D0008553
R0023336,D0027085
R0004156,D0004819
R0024804,D0028809
R0030258,D0035143
R0001870,D0002184
R0034085,D0039786
R0025218,D0029292
R0009993,D0011613
R0033120,D0038575
R0037250,D0043661
R0006223,D0007193
R0019481,D0022645
R0006532,D0007544
R0018201,D0021151
R0031694,D0036774
R0032546,D0037876
R0033005,D0038446
R0017045,D0019819
R0026081,D0030298
R0017538,D0020392
R0019240,D0022370
R0014886,D0017320
R0000801,D0000954
R0030294,D0035184
R0025716,D0029859
R0009968,D0011586
R0025924,D0030106
R0026178,D0030414
R0019178,D0022294
R0036106,D0042316
R0030598,D0035531
R0038842,D0045486
R0011900,D0013869
R0036191,D0042422
R0030777,D0035735
R0038303,D0044864
R0024006,D0027870
R0020245,D0023552
R0039187,D0045879
R0005829,D0006755
R0007030,D0008108
R0026869,D0031233
R0012627,D0014747
R0030315,D0035205
R0038636,D0045247
R0015333,D0017823
R0036113,D0042324
R0011872,D0013824
R0024910,D0028932
R0000088,D0000108
R0025536,D0029661
R0002058,D0002405
R0028612,D0033272
R0030284,D0035172
R0011315,D0013195
R0038658,D0045273
R0033701,D0039285
R0021386,D0024884
R0038864,D0045511
R0004518,D0005240
R0027559,D0032023
R0016051,D0018665
R0037132,D0043529
R0022015,D0025591
R0038545,D0045145
R0005712,D0006621
R0020711,D0024104
R0015772,D0018333
R0010692,D0012447
R0000029,D0000035
R0034991,D0040915
R0035713,D0041784
R0000034,D0000040
R0015039,D0017498
R0025196,D0029269
R0009574,D0011125
R0021495,D0025006
R0038424,D0045008
R0020992,D0024432
R0038430,D0045014
R0016540,D0019229
R0021369,D0024863
R0010691,D0012444
R0024772,D0028775
R0020703,D0024095
R0034001,D0039689
R0034475,D0040285
R0020514,D0023861
R0030010,D0034866
R0025911,D0030089
R0003712,D0004313
R0024998,D0029030
R0031511,D0036573
R0007944,D0009167
R0017118,D0019905
R0008088,D0009338
R0006929,D0007993
R0019902,D0023128
R0031771,D0036870
R0028440,D0033065
R0008712,D0010090
R0005162,D0005976
R0037617,D0044076
R0026781,D0031130
R0019188,D0022307
R0029685,D0034508
R0023278,D0027017
R0000379,D0000449
R0018920,D0021985
R0032525,D0037847
R0037572,D0044022
R0037454,D0043889
R0027604,D0032076
R0016510,D0019197
R0023277,D0027015
R0021360,D0024852
R0005883,D0006815
R0013359,D0015611
R0022280,D0025900
R0017323,D0020142
R0035420,D0041411
R0015065,D0017526
R0003946,D0004573
R0017553,D0020407
R0001037,D0001228
R0038655,D0045270
R0025316,D0029411
R0035690,D0041751
R0017767,D0020650
R0038941,D0045601
R0033948,D0039625
R0010403,D0012111
R0001938,D0002262
R0017053,D0019828
R0016696,D0019420
R0038749,D0045380
R0022126,D0025725
R0017987,D0020896
R0021469,D0024978
R0018899,D0021960
R0002330,D0002726
R0012760,D0014913
R0027890,D0032418
R0016322,D0018983
R0033740,D0039342
R0032274,D0037522
R0014802,D0017226
R0008760,D0010151
R0020404,D0023731
R0033295,D0038781
R0025958,D0030150
R0017509,D0020357
R0023903,D0027738
R0016700,D0019424
R0032943,D0038368
R0032890,D0038301
R0012600,D0014716
R0007254,D0008370
R0007211,D0008318
R0002844,D0003321
R0006350,D0007336
R0025090,D0029143
R0015756,D0018316
R0029730,D0034558
R0018444,D0021436
R0015584,D0018111
R0006730,D0007767
R0031120,D0036119
R0012874,D0015045
R0010198,D0011860
R0026924,D0031300
R0001721,D0002006
R0009312,D0010811
R0011978,D0013960
R0001246,D0001469
R0031706,D0036786
R0029897,D0034740
R0024825,D0028834
R0028592,D0033247
R0020782,D0024189
R0020822,D0024237
R0012873,D0015044
R0018087,D0021013
R0019643,D0022832
R0017576,D0020434
R0034727,D0040608
R0002304,D0002697
R0001120,D0001324
R0013008,D0015196
R0034239,D0039988
R0033447,D0038957
R0011730,D0013667
R0029488,D0034280
R0005796,D0006718
R0038090,D0044622
R0026150,D0030381
R0005131,D0005944
R0022757,D0026437
R0018898,D0021959
R0005090,D0005896
R0001330,D0001560
R0031825,D0036938
R0005643,D0006542
R0024711,D0028708
R0005332,D0006170
R0029473,D0034261
R0024939,D0028964
R0018441,D0021433
R0000924,D0001093
R0033620,D0039162
R0012802,D0014961
R0035282,D0041242
R0021555,D0025079
R0016113,D0018739
R0014617,D0017017
R0030556,D0035482
R0008745,D0010128
R0023001,D0026701
R0038902,D0045555
R0033822,D0039455
R0015833,D0018400
R0011821,D0013763
R0020039,D0023305
R0020541,D0023894
R0028468,D0033100
R0012364,D0014421
R0033679,D0039250
R0008410,D0009738
R0002358,D0002759
R0035262,D0041219
R0018228,D0021180
R0025945,D0030132
R0005313,D0006148
R0017482,D0020326
R0038358,D0044931
R0015190,D0017663
R0001885,D0002199
R0038230,D0044781
R0026271,D0030521
R0034851,D0040756
R0009298,D0010795
R0000054,D0000067
R0018665,D0021692
R0011871,D0013823
R0016808,D0019553
R0014477,D0016864
R0019229,D0022357
R0006285,D0007264
R0020116,D0023391
R0006377,D0007366
R0035784,D0041872
R0002070,D0002422
R0033215,D0038685
R0018904,D0021966
R0008253,D0009541
R0005790,D0006712
R0025340,D0029437
R0004479,D0005197
R0005851,D0006780
R0017046,D0019820
R0035410,D0041397
R0014583,D0016980
R0036506,D0042802
R0018721,D0021760
R0005767,D0006686
R0009079,D0010528
R0003996,D0004634
R0025705,D0029845
R0024879,D0028898
R0012966,D0015149
R0027227,D0031646
R0006527,D0007539
R0006113,D0007070
R0019070,D0022169
R0020675,D0024061
R0004579,D0005311
R0012518,D0014615
R0000961,D0001137
R0006242,D0007218
R0036564,D0042872
R0034778,D0040670
R0025610,D0029742
R0015675,D0018219
R0026875,D0031239
R0033883,D0039542
R0015026,D0017482
R0015548,D0018065
R0027064,D0031462
R0023893,D0027727
R0000389,D0000460
R0009153,D0010622
R0007224,D0008332
R0012217,D0014245
R0034445,D0040244
R0025636,D0029770
R0021220,D0024687
R0009370,D0010880
R0033587,D0039116
R0032411,D0037696
R0025769,D0029915
R0022083,D0025671
R0000997,D0001181
R0020503,D0023848
R0039035,D0045707
R0036972,D0043351
R0027011,D0031404
R0025694,D0029833
R0020659,D0024037
R0013722,D0016026
R0032416,D0037701
R0027291,D0031717
R0014782,D0017203
R0030619,D0035554
R0020663,D0024043
R0020939,D0024369
R0038958,D0045618
R0024956,D0028985
R0015961,D0018556
R0010685,D0012437
R0027718,D0032207
R0037624,D0044084
R0007775,D0008970
R0006207,D0007175
R0034145,D0039872
R0036825,D0043184
R0035509,D0041522
R0035477,D0041484
R0025133,D0029192
R0017366,D0020190
R0015985,D0018585
R0010561,D0012291
R0015841,D0018411
R0022412,D0026054
R0038770,D0045402
R0011449,D0013352
R0013960,D0016280
R0032696,D0038064
R0026072,D0030284
R0028175,D0032751
R0000683,D0000802
R0037856,D0044345
R0006710,D0007743
R0029821,D0034654
R0001199,D0001411
R0032314,D0037569
R0015292,D0017776
R0005812,D0006735
R0007038,D0008117
R0036346,D0042612
R0031115,D0036114
R0007955,D0009180
R0008130,D0009389
R0027163,D0031575
R0004191,D0004859
R0032397,D0037677
R0036784,D0043128
R0027201,D0031618
R0020707,D0024099
R0011830,D0013774
R0031067,D0036059
R0028074,D0032631
R0035344,D0041314
R0013492,D0015767
R0023082,D0026795
R0023980,D0027839
R0014260,D0016626
R0019357,D0022506
R0036027,D0042217
R0021190,D0024651
R0034527,D0040364
R0031608,D0036679
R0030086,D0034951
R0004404,D0005103
R0035072,D0041005
R0023413,D0027177
R0015679,D0018223
R0033669,D0039230
R0028746,D0033422
R0033203,D0038672
R0032410,D0037695
R0021779,D0025324
R0017586,D0020444
R0006645,D0007667
R0026202,D0030443
R0033384,D0038883
R0029711,D0034538
R0015886,D0018473
R0024441,D0028383
R0014182,D0016532
R0036494,D0042790
R0029722,D0034549
R0032865,D0038274
R0015195,D0017668
R0018164,D0021108
R0038985,D0045653
R0015630,D0018167
R0023103,D0026825
R0021489,D0024999
R0004884,D0005663
R0003784,D0004391
R0020577,D0023934
R0011464,D0013368
R0021734,D0025275
R0022915,D0026608
R0022576,D0026233
R0015937,D0018531
R0031356,D0036395
R0022708,D0026377
R0021428,D0024933
R0027405,D0031848
R0037184,D0043590
R0016709,D0019435
R0005789,D0006711
R0011802,D0013744
R0000659,D0000772
R0022611,D0026273
R0003578,D0004155
R0020229,D0023532
R0026296,D0030548
R0011355,D0013244
R0032594,D0037932
R0029139,D0033885
R0034549,D0040388
R0011695,D0013629
R0003716,D0004317
R0024972,D0029001
R0005022,D0005811
R0029617,D0034428
R0020071,D0023341
R0000661,D0000774
R0016479,D0019163
R0027992,D0032531
R0012752,D0014904
R0017766,D0020649
R0032446,D0037738
R0030706,D0035651
R0028841,D0033533
R0028999,D0033723
R0036537,D0042838
R0025674,D0029809
R0024001,D0027862
R0039275,D0045979
R0001274,D0001497
R0031001,D0035984
R0024963,D0028992
R0004017,D0004661
R0038427,D0045011
R0024178,D0028068
R0007248,D0008362
R0002651,D0003096
R0019802,D0023011
R0026989,D0031379
R0013659,D0015957
R0033400,D0038903
R0025255,D0029335
R0033545,D0039065
R0006388,D0007381
R0015346,D0017838
R0003011,D0003516
R0033287,D0038773
R0006699,D0007728
R0035452,D0041454
R0021781,D0025326
R0023118,D0026843
R0023238,D0026972
R0003624,D0004211
R0020809,D0024221
R0000517,D0000609
R0026229,D0030474
R0036979,D0043360
R0026905,D0031273
R0008481,D0009818
R0035298,D0041262
R0027511,D0031970
R0027797,D0032304
R0005111,D0005919
R0025637,D0029771
R0028785,D0033470
R0025917,D0030099
R0013543,D0015826
R0024151,D0028036
R0035662,D0041716
R0022218,D0025826
R0037531,D0043976
R0033065,D0038512
R0005938,D0006877
R0006118,D0007075
R0018116,D0021047
R0036403,D0042681
R0035555,D0041583
R0037145,D0043543
R0026056,D0030263
R0030308,D0035198
R0018358,D0021336
R0023040,D0026747
R0029947,D0034797
R0038635,D0045246
R0008123,D0009381
R0019714,D0022910
R0021726,D0025266
R0011373,D0013264
R0015364,D0017859
R0018831,D0021882
R0013854,D0016168
R0014036,D0016362
R0002356,D0002757
R0029083,D0033821
R0038413,D0044996
R0021243,D0024714
R0028809,D0033497
R0031930,D0037075
R0012928,D0015103
R0019524,D0022695
R0011295,D0013173
R0018597,D0021608
R0038905,D0045559
R0018450,D0021447
R0038502,D0045094
R0031864,D0036983
R0003732,D0004335
R0017619,D0020482
R0028749,D0033427
R0036985,D0043368
R0025857,D0030027
R0023931,D0027776
R0000537,D0000632
R0025864,D0030034
R0037040,D0043427
R0026745,D0031082
R0015599,D0018129
R0018619,D0021634
R0036867,D0043233
R0031263,D0036286
R0015940,D0018534
R0035570,D0041601
R0017324,D0020143
R0020927,D0024356
R0023058,D0026765
R0001869,D0002183
R0033058,D0038505
R0027292,D0031719
R0025151,D0029214
R0015610,D0018144
R0028908,D0033613
R0036901,D0043271
R0006686,D0007714
R0010142,D0011794
R0030418,D0035316
R0035191,D0041142
R0032935,D0038360
R0008311,D0009611
R0006059,D0007014
R0024635,D0028621
R0025773,D0029924
R0018538,D0021544
R0005324,D0006161
R0004078,D0004732
R0022625,D0026287
R0019294,D0022437
R0000262,D0000314
R0026317,D0030573
R0018896,D0021957
R0005192,D0006009
R0014587,D0016984
R0027792,D0032299
R0020007,D0023260
R0022850,D0026538
R0019395,D0022550
R0019400,D0022555
R0004824,D0005592
R0012673,D0014806
R0013518,D0015797
R0008969,D0010392
R0020676,D0024062
R0015159,D0017630
R0019602,D0022783
R0007566,D0008723
R0001568,D0001829
R0002074,D0002427
R0023362,D0027116
R0025325,D0029421
R0026476,D0030753
R0013730,D0016034
R0010468,D0012185
R0038976,D0045642
R0010595,D0012330
R0001615,D0001889
R0023735,D0027552
R0037335,D0043756
R0020618,D0023989
R0027951,D0032485
R0036382,D0042652
R0022762,D0026442
R0012878,D0015050
R0038861,D0045508
R0033460,D0038972
R0001022,D0001209
R0026060,D0030268
R0007117,D0008208
R0034177,D0039914
R0027675,D0032160
R0038563,D0045163
R0018631,D0021649
R0013553,D0015836
R0008566,D0009914
R0023174,D0026905
R0012689,D0014828
R0029235,D0033995
R0029163,D0033914
R0019663,D0022853
R0031324,D0036357
R0037900,D0044398
R0023816,D0027641
R0027767,D0032267
R0010043,D0011669
R0011265,D0013138
R0013200,D0015423
R0026276,D0030526
R0033636,D0039183
R0004720,D0005472
R0018049,D0020968
R0001463,D0001709
R0012468,D0014560
R0028696,D0033369
R0011832,D0013776
R0008076,D0009326
R0003980,D0004616
R0021242,D0024713
R0001254,D0001477
R0037696,D0044162
R0006294,D0007276
R0037122,D0043517
R0036101,D0042309
R0017450,D0020287
R0017238,D0020040
R0033388,D0038889
R0032287,D0037538
R0019507,D0022675
R0002498,D0002920
R0020799,D0024209
R0024948,D0028973
R0000042,D0000050
R0022043,D0025623
R0012487,D0014583
R0034106,D0039819
R0012198,D0014222
R0008234,D0009519
R0019722,D0022923
R0015124,D0017591
R0019733,D0022935
R0017896,D0020793
R0015956,D0018550
R0032006,D0037176
R0028708,D0033381
R0017722,D0020600
R0019386,D0022540
R0021188,D0024649
R0017174,D0019967
R0000725,D0000861
R0018682,D0021711
R0004309,D0004995
R0005997,D0006944
R0012098,D0014103
R0038398,D0044980
R0007156,D0008258
R0008032,D0009270
R0003560,D0004134
R0025284,D0029373
R0022345,D0025972
R0038323,D0044885
R0003892,D0004514
R0027042,D0031437
R0005167,D0005981
R0038669,D0045284
R0007275,D0008393
R0034035,D0039727
R0036065,D0042265
R0016374,D0019047
R0024732,D0028733
R0018470,D0021469
R0005805,D0006728
R0020145,D0023427
R0025958,D0030149
R0015125,D0017592
R0014602,D0017001
R0019540,D0022713
R0038138,D0044678
R0033177,D0038641
R0024960,D0028989
R0030477,D0035388
R0033047,D0038493
R0035460,D0041462
R0006715,D0007748
R0000987,D0001167
R0026841,D0031202
R0032663,D0038026
R0015013,D0017464
R0012394,D0014460
R0019014,D0022101
R0007289,D0008408
R0005682,D0006584
R0018650,D0021674
R0010440,D0012152
R0012185,D0014206
R0011343,D0013226
R0024894,D0028916
R0024794,D0028799
R0012153,D0014164
R0005560,D0006442
R0012185,D0014205
R0033640,D0039189
R0006568,D0007583
R0013403,D0015662
R0026112,D0030338
R0032519,D0037841
R0026893,D0031258
R0030223,D0035103
R0029425,D0034207
R0031025,D0036013
R0027742,D0032234
R0022713,D0026383
R0027829,D0032348
R0037763,D0044242
R0034538,D0040376
R0003349,D0003899
R0011106,D0012953
R0003866,D0004484
R0001936,D0002260
R0030229,D0035110
R0001632,D0001909
R0028901,D0033603
R0028127,D0032696
R0005170,D0005985
R0001425,D0001665
R0001307,D0001535
R0012391,D0014456
R0008242,D0009529
R0002195,D0002570
R0011311,D0013190
R0000252,D0000303
R0037120,D0043514
R0005522,D0006397
R0011623,D0013546
R0030645,D0035585
R0006679,D0007703
R0000947,D0001122
R0003299,D0003844
R0025980,D0030180
R0029896,D0034739
R0007330,D0008452
R0033160,D0038622
R0021758,D0025302
R0009202,D0010680
R0004766,D0005528
R0001742,D0002032
R0025539,D0029665
R0018857,D0021911
R0000844,D0001002
R0024710,D0028707
R0037247,D0043658
R0021224,D0024691
R0013205,D0015428
R0038329,D0044892
R0021101,D0024548
R0027480,D0031935
R0001595,D0001866
R0021427,D0024932
R0036469,D0042761
R0001034,D0001224
R0001480,D0001728
R0039243,D0045941
R0034659,D0040524
R0030696,D0035639
R0013358,D0015610
R0009514,D0011051
R0013859,D0016173
R0013664,D0015962
R0010605,D0012344
R0009289,D0010785
R0004289,D0004973
R0008141,D0009404
R0013164,D0015384
R0036715,D0043047
R0036803,D0043153
R0018498,D0021501
R0000702,D0000829
R0028452,D0033082
R0007491,D0008634
R0034270,D0040024
R0013042,D0015233
R0001113,D0001315
R0008609,D0009966
R0021455,D0024963
R0000283,D0000339
R0013286,D0015524
R0030996,D0035979
R0007651,D0008831
R0020656,D0024034
R0000586,D0000693
R0023450,D0027217
R0032065,D0037257
R0022614,D0026276
R0010597,D0012333
R0009599,D0011154
R0004558,D0005285
R0011466,D0013370
R0006588,D0007605
R0028063,D0032618
R0037891,D0044385
R0002341,D0002741
R0031190,D0036199
R0013215,D0015443
R0004291,D0004976
R0000762,D0000902
R0025268,D0029353
R0020734,D0024132
R0016930,D0019692
R0009484,D0011011
R0031780,D0036882
R0006016,D0006964
R0034597,D0040449
R0021851,D0025402
R0014489,D0016876
R0002785,D0003252
R0015309,D0017796
R0011020,D0012845
R0038077,D0044606
R0005541,D0006418
R0006480,D0007486
R0026938,D0031318
R0011046,D0012875
R0006986,D0008053
R0011444,D0013347
R0037374,D0043798
R0030215,D0035094
R0006197,D0007165
R0031349,D0036387
R0036626,D0042949
R0031751,D0036842
R0009337,D0010841
R0026629,D0030944
R0019817,D0023031
R0035734,D0041814
R0038509,D0045103
R0022448,D0026092
R0014954,D0017399
R0008270,D0009564
R0005480,D0006350
R0027460,D0031910
R0011302,D0013181
R0004125,D0004784
R0031106,D0036103
R0023273,D0027011
R0018179,D0021123
R0006259,D0007236
R0026584,D0030889
R0010172,D0011829
R0017216,D0020017
R0023990,D0027849
R0029387,D0034166
R0038647,D0045260
R0038455,D0045041
R0022753,D0026429
R0031476,D0036530
R0035604,D0041641
R0023294,D0027036
R0025013,D0029048
R0017552,D0020406
R0022128,D0025727
R0025419,D0029528
R0000777,D0000924
R0033888,D0039547
R0020377,D0023702
R0028247,D0032836
R0032327,D0037586
R0001081,D0001277
R0020335,D0023656
R0028618,D0033280
R0003574,D0004150
R0002474,D0002890
R0032709,D0038083
R0032674,D0038039
R0035820,D0041925
R0019763,D0022967
R0030507,D0035425
R0030712,D0035658
R0009914,D0011521
R0020871,D0024293
R0036213,D0042452
R0000178,D0000214
R0014771,D0017190
R0025540,D0029666
R0000136,D0000167
R0002437,D0002848
R0012562,D0014669
R0031960,D0037115
R0038681,D0045297
R0026330,D0030588
R0035446,D0041445
R0009261,D0010752
R0015154,D0017625
R0004019,D0004663
R0035550,D0041574
R0030557,D0035483
R0011959,D0013939
R0013245,D0015478
R0036686,D0043018
R0029738,D0034566
R0001396,D0001631
R0008790,D0010182
R0029074,D0033811
R0036182,D0042412
R0023155,D0026885
R0003694,D0004291
R0009910,D0011514
R0003938,D0004564
R0028034,D0032582
R0033334,D0038825
R0027512,D0031971
R0032287,D0037537
R0015981,D0018581
R0033957,D0039635
R0007297,D0008418
R0021122,D0024572
R0037649,D0044111
R0031592,D0036662
R0019362,D0022513
R0003795,D0004404
R0024037,D0027904
R0028248,D0032837
R0031013,D0035999
R0038714,D0045335
R0028147,D0032717
R0014041,D0016371
R0035650,D0041702
R0036759,D0043095
R0028604,D0033261
R0002591,D0003028
R0004333,D0005021
R0016274,D0018928
R0002217,D0002597
R0036684,D0043016
R0028481,D0033117
R0007787,D0008982
R0003598,D0004181
R0002510,D0002937
R0008744,D0010127
R0011752,D0013691
R0006685,D0007713
R0009825,D0011416
R0015618,D0018153
R0020282,D0023598
R0006810,D0007857
R0015224,D0017700
R0036084,D0042287
R0010811,D0012594
R0022095,D0025688
R0017655,D0020525
R0029059,D0033793
R0036586,D0042902
R0020788,D0024197
R0034187,D0039927
R0035739,D0041820
R0035755,D0041838
R0034259,D0040012
R0025376,D0029479
R0019818,D0023032
R0021830,D0025379
R0018296,D0021263
R0020666,D0024046
R0024936,D0028961
R0000776,D0000923
R0018784,D0021830
R0016581,D0019284
R0031282,D0036306
R0014597,D0016995
R0008716,D0010095
R0020285,D0023602
R0021247,D0024718
R0036647,D0042979
R0017171,D0019964
R0033866,D0039513
R0015185,D0017658
R0024622,D0028606
R0016525,D0019213
R0008091,D0009342
R0016306,D0018964
R0034831,D0040729
R0001142,D0001350
R0023050,D0026757
R0010170,D0011827
R0009551,D0011097
R0036001,D0042176
R0020294,D0023612
R0012509,D0014605
R0004304,D0004990
R0032261,D0037504
R0001280,D0001504
R0036620,D0042941
R0009387,D0010900
R0030756,D0035712
R0023718,D0027530
R0027640,D0032120
R0033015,D0038457
R0020610,D0023977
R0027006,D0031398
R0019448,D0022607
R0007708,D0008891
R0010140,D0011792
R0009945,D0011556
R0011435,D0013337
R0026438,D0030706
R0032377,D0037652
R0004688,D0005436
R0028014,D0032557
R0024908,D0028930
R0013623,D0015917
R0038008,D0044521
R0027205,D0031624
R0012285,D0014325
R0038815,D0045457
R0038966,D0045626
R0002899,D0003387
R0014798,D0017221
R0003373,D0003926
R0029737,D0034565
R0028118,D0032686
R0006387,D0007380
R0028948,D0033660
R0008190,D0009466
R0001624,D0001899
R0019201,D0022324
R0036974,D0043353
R0009893,D0011492
R0007072,D0008154
R0009263,D0010754
R0021434,D0024939
R0030656,D0035597
R0006671,D0007695
R0016278,D0018933
R0037157,D0043556
R0038566,D0045166
R0013399,D0015657
R0024654,D0028640
R0005822,D0006746
R0023736,D0027553
R0034709,D0040586
R0020084,D0023357
R0021316,D0024800
R0020493,D0023836
R0036157,D0042376
R0005455,D0006316
R0006687,D0007715
R0013759,D0016065
R0010178,D0011835
R0001336,D0001566
R0010439,D0012151
R0031953,D0037107
R0017373,D0020200
R0001135,D0001342
R0002826,D0003301
R0027895,D0032425
R0032434,D0037725
R0002689,D0003144
R0009802,D0011383
R0016914,D0019674
R0004956,D0005739
R0018390,D0021371
R0032742,D0038123
R0024543,D0028513
R0030580,D0035511
R0015319,D0017806
R0032747,D0038128
R0005596,D0006486
R0003448,D0004008
R0032343,D0037605
R0007484,D0008626
R0022129,D0025728
R0021102,D0024549
R0009308,D0010806
R0013547,D0015830
R0018497,D0021500
R0019814,D0023028
R0025157,D0029222
R0004744,D0005502
R0029969,D0034820
R0016326,D0018988
R0037993,D0044504
R0030533,D0035456
R0024895,D0028917
R0031898,D0037026
R0023315,D0027061
R0037440,D0043874
R0034381,D0040162
R0017369,D0020193
R0033440,D0038949
R0036689,D0043021
R0016255,D0018905
R0019522,D0022693
R0002200,D0002578
R0009307,D0010805
R0023088,D0026804
R0039213,D0045909
R0008226,D0009510
R0032009,D0037181
R0024524,D0028489
R0025703,D0029842
R0027958,D0032495
R0003219,D0003755
R0006356,D0007343
R0023149,D0026879
R0007046,D0008125
R0014659,D0017062
R0005415,D0006268
R0000575,D0000680
R0001518,D0001772
R0012147,D0014158
R0027911,D0032444
R0016897,D0019653
R0002878,D0003360
R0007524,D0008673
R0006082,D0007038
R0019466,D0022628
R0028192,D0032772
R0011328,D0013210
R0006406,D0007401
R0005905,D0006840
R0001187,D0001399
R0003656,D0004248
R0033984,D0039670
R0025784,D0029939
R0026469,D0030743
R0014388,D0016761
R0031717,D0036798
R0038092,D0044624
R0000021,D0000024
R0001856,D0002169
R0028824,D0033514
R0016960,D0019725
R0013230,D0015461
R0029759,D0034588
R0006975,D0008042
R0020726,D0024121
R0024376,D0028303
R0009887,D0011485
R0003037,D0003546
R0005465,D0006329
R0012857,D0015026
R0035515,D0041531
R0032154,D0037363
R0003797,D0004406
R0025580,D0029710
R0030752,D0035708
R0015438,D0017942
R0022114,D0025711
R0022170,D0025771
R0016674,D0019390
R0006567,D0007582
R0006692,D0007721
R0017469,D0020308
R0018934,D0022001
R0022103,D0025698
R0015695,D0018242
R0020876,D0024299
R0005744,D0006660
R0005010,D0005796
R0014403,D0016780
R0020200,D0023498
R0017292,D0020110
R0030882,D0035854
R0026762,D0031102
R0007740,D0008928
R0020308,D0023627
R0011618,D0013540
R0013446,D0015716
R0030243,D0035126
R0035461,D0041464
R0033813,D0039440
R0013642,D0015936
R0008894,D0010308
R0035052,D0040983
R0002484,D0002902
R0016547,D0019236
R0036394,D0042671
R0028169,D0032745
R0037373,D0043797
R0002526,D0002954
R0007172,D0008277
R0000684,D0000803
R0001671,D0001949
R0008945,D0010363
R0005952,D0006893
R0018252,D0021205
R0026046,D0030253
R0004426,D0005129
R0015747,D0018304
R0022540,D0026195
R0029463,D0034250
R0028872,D0033570
R0007487,D0008630
R0037559,D0044009
R0005416,D0006269
R0020203,D0023502
R0004851,D0005620
R0039104,D0045783
R0030969,D0035949
R0003184,D0003719
R0009243,D0010732
R0021456,D0024964
R0021737,D0025278
R0025750,D0029894
R0017666,D0020536
R0035492,D0041503
R0028332,D0032938
R0036459,D0042751
R0039111,D0045791
R0035418,D0041409
R0019151,D0022264
R0007430,D0008563
R0033375,D0038872
R0028028,D0032573
R0024055,D0027924
R0021457,D0024965
R0014831,D0017258
R0016172,D0018809
R0005062,D0005861
R0036269,D0042528
R0013618,D0015912
R0018187,D0021132
R0029808,D0034641
R0014938,D0017380
R0023976,D0027835
R0033227,D0038699
R0027047,D0031442
R0006317,D0007301
R0020309,D0023628
R0019834,D0023051
R0025613,D0029746
R0017343,D0020164
R0009824,D0011415
R0011226,D0013093
R0009959,D0011576
R0022524,D0026177
R0009857,D0011452
R0026044,D0030251
R0012679,D0014815
R0017903,D0020803
R0021236,D0024705
R0022529,D0026182
R0039246,D0045944
R0010434,D0012144
R0019708,D0022903
R0019136,D0022247
R0031345,D0036383
R0023321,D0027068
R0031429,D0036476
R0016516,D0019204
R0004189,D0004856
R0020498,D0023841
R0022107,D0025702
R0017296,D0020114
R0034930,D0040845
R0012862,D0015032
R0016128,D0018758
R0001591,D0001858
R0010437,D0012147
R0037786,D0044268
R0031561,D0036626
R0028910,D0033615
R0029830,D0034666
R0018943,D0022012
R0001271,D0001494
R0011133,D0012991
R0008793,D0010185
R0035965,D0042130
R0005371,D0006216
R0013525,D0015806
R0019702,D0022897
R0006068,D0007024
R0023929,D0027773
R0006161,D0007122
R0030361,D0035258
R0034234,D0039982
R0001997,D0002332
R0021503,D0025016
R0010585,D0012319
R0026844,D0031205
R0024507,D0028471
R0004929,D0005709
R0024370,D0028296
R0015288,D0017772
R0000459,D0000541
R0014011,D0016336
R0024353,D0028276
R0017718,D0020595
R0034222,D0039968
R0034554,D0040396
R0012745,D0014894
R0011875,D0013828
R0011122,D0012973
R0000308,D0000369
R0010641,D0012387
R0025778,D0029929
R0028971,D0033687
R0019069,D0022168
R0007303,D0008424
R0002569,D0003004
R0006969,D0008036
R0012865,D0015035
R0036725,D0043058
R0006620,D0007639
R0037778,D0044258
R0024210,D0028109
R0023967,D0027822
R0013431,D0015697
R0005255,D0006081
R0030400,D0035297
R0036448,D0042737
R0004947,D0005729
R0025542,D0029668
R0007910,D0009127
R0023304,D0027048
R0010348,D0012043
R0008838,D0010246
R0028128,D0032697
R0021650,D0025181
R0007035,D0008114
R0002059,D0002408
R0029865,D0034705
R0017268,D0020076
R0014531,D0016923
R0006038,D0006990
R0029118,D0033862
R0028565,D0033216
R0026106,D0030328
R0036590,D0042906
R0001253,D0001476
R0018471,D0021470
R0034058,D0039755
R0032702,D0038074
R0022092,D0025684
R0023909,D0027746
R0026610,D0030920
R0036398,D0042675
R0029615,D0034426
R0023690,D0027497
R0029839,D0034676
R0037271,D0043684
R0020649,D0024024
R0001322,D0001551
R0029845,D0034684
R0032466,D0037764
R0003948,D0004575
R0023639,D0027438
R0038533,D0045130
R0004514,D0005235
R0035756,D0041839
R0022362,D0025991
R0035703,D0041767
R0015188,D0017661
R0024828,D0028838
R0016512,D0019200
R0017786,D0020671
R0032012,D0037186
R0017342,D0020163
R0031644,D0036717
R0038087,D0044618
R0011496,D0013405
R0017363,D0020187
R0018115,D0021046
R0011103,D0012950
R0015252,D0017732
R0008613,D0009972
R0027028,D0031422
R0020153,D0023437
R0022689,D0026355
R0028719,D0033393
R0008373,D0009681
R0011556,D0013472
R0027172,D0031584
R0038172,D0044717
R0024615,D0028598
R0009457,D0010981
R0031695,D0036775
R0017569,D0020426
R0025819,D0029981
R0004395,D0005093
R0029549,D0034349
R0020896,D0024321
R0019358,D0022507
R0026567,D0030865
R0022904,D0026596
R0016252,D0018901
R0016317,D0018976
R0037807,D0044292
R0034569,D0040414
R0020323,D0023643
R0024886,D0028905
R0014762,D0017179
R0000894,D0001059
R0032919,D0038337
R0018860,D0021915
R0033149,D0038609
R0013866,D0016180
R0022007,D0025583
R0023280,D0027019
R0024636,D0028622
R0010781,D0012557
R0017230,D0020032
R0032234,D0037461
R0014626,D0017026
R0008795,D0010187
R0015249,D0017729
R0027361,D0031800
R0023699,D0027508
R0033048,D0038494
R0031411,D0036454
R0019302,D0022445
R0005217,D0006036
R0002053,D0002399
R0008777,D0010168
R0008418,D0009747
R0032776,D0038164
R0025059,D0029102
R0027935,D0032468
R0012538,D0014639
R0008770,D0010161
R0012606,D0014723
R0006352,D0007338
R0032341,D0037602
R0026466,D0030740
R0021874,D0025427
R0007110,D0008200
R0033818,D0039448
R0022592,D0026252
R0029889,D0034732
R0026581,D0030883
R0022527,D0026180
R0020543,D0023896
R0030436,D0035339
R0029320,D0034093
R0001244,D0001466
R0035693,D0041754
R0035380,D0041361
R0003339,D0003889
R0001295,D0001521
R0010497,D0012219
R0005418,D0006271
R0028408,D0033027
R0007863,D0009067
R0033624,D0039167
R0039042,D0045714
R0011864,D0013814
R0030185,D0035060
R0000752,D0000891
R0038402,D0044984
R0036672,D0043004
R0031026,D0036014
R0027533,D0031994
R0010385,D0012089
R0016004,D0018610
R0030037,D0034895
R0033787,D0039408
R0008408,D0009736
R0011537,D0013451
R0010711,D0012471
R0000791,D0000941
R0023475,D0027250
R0036329,D0042594
R0028794,D0033480
R0005668,D0006570
R0028109,D0032671
R0015098,D0017561
R0030409,D0035307
R0032265,D0037508
R0025900,D0030075
R0002566,D0002999
R0035748,D0041830
R0036053,D0042252
R0007762,D0008955
R0013217,D0015445
R0013542,D0015825
R0022747,D0026422
R0014953,D0017398
R0026499,D0030785
R0019073,D0022172
R0029166,D0033917
R0036372,D0042642
R0017694,D0020569
R0019493,D0022659
R0031876,D0036999
R0037301,D0043719
R0004554,D0005281
R0022486,D0026134
R0016168,D0018804
R0024609,D0028590
R0032916,D0038333
R0028460,D0033092
R0032823,D0038224
R0004918,D0005698
R0026362,D0030625
R0029412,D0034193
R0019435,D0022592
R0027834,D0032353
R0009121,D0010585
R0001093,D0001291
R0005279,D0006108
R0036395,D0042672
R0000174,D0000210
R0007337,D0008460
R0006569,D0007584
R0026357,D0030619
R0001272,D0001495
R0001302,D0001528
R0016949,D0019712
R0032463,D0037761
R0037668,D0044130
R0021117,D0024566
R0026125,D0030353
R0006231,D0007205
R0027826,D0032344
R0014066,D0016403
R0030285,D0035174
R0015580,D0018105
R0033725,D0039316
R0032020,D0037198
R0013106,D0015315
R0034763,D0040653
R0026120,D0030346
R0038878,D0045529
R0004301,D0004987
R0025558,D0029687
R0036162,D0042382
R0024784,D0028787
R0019145,D0022256
R0033975,D0039660
R0019013,D0022100
R0026572,D0030870
R0005409,D0006260
R0009937,D0011548
R0025621,D0029754
R0016253,D0018902
R0000767,D0000910
R0013052,D0015249
R0017299,D0020117
R0025735,D0029878
R0006954,D0008020
R0022090,D0025681
R0019237,D0022367
R0033164,D0038628
R0014148,D0016493
R0036135,D0042352
R0031757,D0036852
R0018261,D0021215
R0035950,D0042109
R0016946,D0019709
R0002727,D0003187
R0024570,D0028543
R0014864,D0017296
R0021347,D0024837
R0024247,D0028153
R0002945,D0003440
R0026859,D0031222
R0029219,D0033979
R0017382,D0020209
R0007232,D0008341
R0031654,D0036729
R0013261,D0015498
R0024310,D0028224
R0012055,D0014054
R0014686,D0017091
R0038253,D0044805
R0004663,D0005408
R0010347,D0012042
R0032531,D0037858
R0009568,D0011118
R0028817,D0033507
R0005151,D0005964
R0033889,D0039549
R0007794,D0008989
R0008901,D0010316
R0030796,D0035755
R0020305,D0023624
R0031856,D0036974
R0022374,D0026009
R0023534,D0027323
R0020144,D0023426
R0014374,D0016747
R0035315,D0041282
R0022903,D0026594
R0034642,D0040505
R0014920,D0017360
R0009478,D0011004
R0012984,D0015168
R0014099,D0016441
R0007555,D0008708
R0037795,D0044278
R0007498,D0008643
R0021760,D0025304
R0012215,D0014242
R0012415,D0014488
R0014958,D0017403
R0018169,D0021113
R0035108,D0041047
R0031692,D0036772
R0009952,D0011567
R0022593,D0026253
R0025943,D0030130
R0020884,D0024307
R0011159,D0013020
R0029097,D0033838
R0022399,D0026039
R0034059,D0039756
R0029143,D0033889
R0018603,D0021615
R0016206,D0018846
R0020746,D0024145
R0001134,D0001341
R0033935,D0039607
R0017213,D0020014
R0005363,D0006208
R0002850,D0003327
R0013749,D0016055
R0004750,D0005510
R0012421,D0014496
R0005702,D0006609
R0020181,D0023474
R0034793,D0040687
R0018108,D0021037
R0008799,D0010192
R0022782,D0026463
R0037054,D0043443
R0021126,D0024576
R0004698,D0005446
R0021895,D0025454
R0028533,D0033179
R0027398,D0031841
R0022210,D0025814
R0034799,D0040693
R0005405,D0006256
R0033148,D0038608
R0019813,D0023027
R0009142,D0010608
R0012690,D0014829
R0004328,D0005016
R0032995,D0038434
R0027032,D0031426
R0033742,D0039344
R0014094,D0016436
R0027413,D0031857
R0028659,D0033329
R0039249,D0045947
R0024081,D0027952
R0015881,D0018466
R0028804,D0033491
R0014786,D0017207
R0031308,D0036336
R0001220,D0001432
R0027671,D0032155
R0003954,D0004582
R0032700,D0038071
R0005708,D0006617
R0038967,D0045628
R0034628,D0040488
R0032486,D0037795
R0003608,D0004193
R0026583,D0030888
R0037343,D0043764
R0029838,D0034675
R0025437,D0029549
R0031372,D0036411
R0002213,D0002593
R0031166,D0036172
R0000151,D0000182
R0002787,D0003254
R0026960,D0031342
R0032698,D0038066
R0024205,D0028103
R0017902,D0020801
R0037193,D0043600
R0032450,D0037743
R0020549,D0023902
R0021571,D0025095
R0036017,D0042202
R0037781,D0044263
R0032013,D0037188
R0030575,D0035504
R0013201,D0015424
R0022978,D0026677
R0027730,D0032219
R0003757,D0004362
R0035553,D0041580
R0018314,D0021285
R0003291,D0003834
R0037604,D0044058
R0034312,D0040078
R0039038,D0045710
R0038656,D0045271
R0003269,D0003812
R0005330,D0006168
R0015448,D0017952
R0002823,D0003298
R0035547,D0041571
R0029799,D0034632
R0018034,D0020952
R0008544,D0009891
R0029980,D0034831
R0033782,D0039402
R0032924,D0038343
R0014142,D0016487
R0009189,D0010664
R0016369,D0019040
R0000110,D0000133
R0015716,D0018267
R0013375,D0015629
R0001895,D0002211
R0017384,D0020211
R0001635,D0001912
R0038242,D0044793
R0029178,D0033931
R0031389,D0036429
R0008214,D0009498
R0007676,D0008856
R0016205,D0018845
R0025846,D0030013
R0027476,D0031930
R0026911,D0031282
R0033812,D0039439
R0027318,D0031747
R0038505,D0045098
R0011732,D0013669
R0018178,D0021122
R0021043,D0024486
R0015339,D0017830
R0030196,D0035071
R0019054,D0022153
R0037741,D0044214
R0034409,D0040195
R0023407,D0027170
R0026605,D0030915
R0035353,D0041326
R0005592,D0006482
R0033435,D0038944
R0032144,D0037346
R0001811,D0002115
R0019011,D0022098
R0014558,D0016954
R0010931,D0012737
R0000043,D0000051
R0005061,D0005860
R0017273,D0020085
R0024343,D0028263
R0006623,D0007642
R0037695,D0044161
R0018706,D0021741
R0021374,D0024868
R0004574,D0005306
R0003701,D0004299
R0024059,D0027929
R0032183,D0037397
R0015511,D0018025
R0005591,D0006481
R0008046,D0009289
R0036735,D0043069
R0037167,D0043570
R0029201,D0033957
R0000891,D0001056
R0001517,D0001771
R0017472,D0020313
R0013423,D0015687
R0026970,D0031354
R0031331,D0036364
R0009766,D0011345
R0004539,D0005263
R0038496,D0045087
R0020175,D0023466
R0035574,D0041605
R0020106,D0023381
R0029047,D0033780
R0021415,D0024917
R0017598,D0020460
R0018983,D0022064
R0036610,D0042929
R0022926,D0026620
R0026306,D0030560
R0020714,D0024107
R0021165,D0024623
R0023083,D0026798
R0030631,D0035568
R0005304,D0006137
R0029618,D0034429
R0017098,D0019878
R0005237,D0006061
R0031554,D0036619
R0027778,D0032279
R0034452,D0040254
R0024987,D0029017
R0033000,D0038441
R0022379,D0026014
R0038327,D0044890
R0014791,D0017212
R0011487,D0013394
R0005635,D0006533
R0008769,D0010160
R0036597,D0042913
R0006816,D0007864
R0015167,D0017639
R0018746,D0021788
R0003530,D0004099
R0005079,D0005880
R0033943,D0039617
R0023389,D0027147
R0024819,D0028827
R0018088,D0021014
R0005168,D0005982
R0032235,D0037467
R0000291,D0000349
R0009912,D0011519
R0022997,D0026697
R0036445,D0042734
R0018304,D0021275
R0034251,D0040003
R0003400,D0003956
R0027287,D0031713
R0032704,D0038076
R0003014,D0003519
R0002865,D0003346
R0021477,D0024987
R0011922,D0013895
R0037521,D0043963
R0038960,D0045620
R0023627,D0027424
R0017066,D0019844
R0002323,D0002719
R0012227,D0014257
R0031444,D0036496
R0019833,D0023050
R0032307,D0037561
R0010933,D0012739
R0013628,D0015922
R0028732,D0033406
R0006528,D0007540
R0035205,D0041156
R0026143,D0030374
R0037548,D0043996
R0011378,D0013269
R0026604,D0030914
R0010139,D0011791
R0034725,D0040606
R0006531,D0007543
R0005788,D0006709
R0008930,D0010348
R0037633,D0044093
R0021731,D0025272
R0024057,D0027927
R0017505,D0020352
R0017338,D0020157
R0029324,D0034097
R0015402,D0017902
R0020886,D0024309
R0026950,D0031330
R0018247,D0021200
R0002951,D0003446
R0016843,D0019593
R0002802,D0003271
R0017699,D0020576
R0002344,D0002744
R0039086,D0045762
R0004488,D0005206
R0021003,D0024444
R0021944,D0025515
R0000982,D0001161
R0002990,D0003489
R0004107,D0004764
R0014806,D0017232
R0030661,D0035602
R0002859,D0003339
R0018159,D0021103
R0026312,D0030567
R0024554,D0028525
R0028443,D0033068
R0022824,D0026511
R0035675,D0041732
R0025110,D0029164
R0004920,D0005700
R0021245,D0024716
R0007919,D0009139
R0035625,D0041668
R0012088,D0014091
R0032927,D0038347
R0013682,D0015983
R0023766,D0027588
R0000472,D0000557
R0021478,D0024988
R0007545,D0008697
R0017269,D0020077
R0000288,D0000344
R0029394,D0034173
R0022690,D0026356
R0013965,D0016287
R0026186,D0030422
R0024889,D0028909
R0011320,D0013200
R0032436,D0037728
R0001059,D0001252
R0028967,D0033681
R0001476,D0001723
R0028531,D0033177
R0038330,D0044893
R0008462,D0009797
R0006766,D0007806
R0026713,D0031043
R0016498,D0019184
R0010485,D0012206
R0004754,D0005514
R0021561,D0025085
R0011887,D0013846
R0005890,D0006824
R0017809,D0020698
R0008601,D0009957
R0027679,D0032164
R0034875,D0040783
R0005483,D0006353
R0018601,D0021613
R0031151,D0036153
R0025859,D0030029
R0004316,D0005003
R0014940,D0017384
R0024285,D0028198
R0028255,D0032846
R0020302,D0023620
R0005084,D0005887
R0027038,D0031432
R0016406,D0019083
R0031022,D0036009
R0000822,D0000978
R0007105,D0008195
R0027261,D0031685
R0016643,D0019353
R0025216,D0029290
R0012634,D0014760
R0017793,D0020679
R0035684,D0041743
R0031462,D0036514
R0030991,D0035974
R0037642,D0044103
R0013734,D0016038
R0031215,D0036225
R0015293,D0017777
R0012266,D0014300
R0015054,D0017514
R0016708,D0019434
R0037676,D0044139
R0010825,D0012614
R0021050,D0024493
R0003638,D0004228
R0037558,D0044008
R0027029,D0031423
R0034354,D0040131
R0011329,D0013212
R0018206,D0021156
R0014565,D0016961
R0030724,D0035672
R0025499,D0029618
R0001593,D0001863
R0010453,D0012169
R0021084,D0024529
R0006150,D0007110
R0030984,D0035967
R0022881,D0026569
R0038622,D0045232
R0016693,D0019417
R0027642,D0032122
R0028311,D0032913
R0037628,D0044088
R0011417,D0013317
R0005337,D0006175
R0010698,D0012455
R0035968,D0042133
R0006854,D0007907
R0020779,D0024185
R0024001,D0027861
R0014362,D0016735
R0032843,D0038251
R0005086,D0005892
R0020438,D0023768
R0024022,D0027887
R0025936,D0030122
R0001167,D0001377
R0018956,D0022027
R0001062,D0001256
R0029592,D0034400
R0003617,D0004203
R0004888,D0005667
R0003019,D0003524
R0014418,D0016796
R0010872,D0012667
R0020591,D0023953
R0011789,D0013731
R0025919,D0030101
R0032235,D0037468
R0012337,D0014391
R0017703,D0020580
R0027954,D0032489
R0039091,D0045767
R0003498,D0004062
R0016079,D0018695
R0008185,D0009460
R0031868,D0036990
R0000797,D0000948
R0036584,D0042899
R0003477,D0004041
R0017630,D0020493
R0004458,D0005172
R0009051,D0010496
R0030187,D0035062
R0013736,D0016040
R0017832,D0020725
R0022680,D0026346
R0015521,D0018037
R0013586,D0015878
R0032358,D0037623
R0011310,D0013189
R0003786,D0004393
R0031169,D0036176
R0017914,D0020814
R0031491,D0036549
R0030772,D0035730
R0023248,D0026983
R0000405,D0000477
R0000766,D0000907
R0000384,D0000455
R0038890,D0045542
R0021894,D0025453
R0032247,D0037485
R0021344,D0024833
R0004695,D0005443
R0015453,D0017957
R0002455,D0002868
R0027963,D0032500
R0004088,D0004744
R0006742,D0007780
R0019272,D0022411
R0000081,D0000100
R0003634,D0004223
R0035087,D0041022
R0026189,D0030425
R0032323,D0037582
R0030054,D0034913
R0012115,D0014121
R0008758,D0010146
R0000139,D0000170
R0020542,D0023895
R0003076,D0003591
R0018562,D0021569
R0038816,D0045458
R0039118,D0045798
R0028857,D0033552
R0019990,D0023241
R0025372,D0029474
R0020415,D0023743
R0026426,D0030692
R0018235,D0021187
R0004560,D0005290
R0030245,D0035128
R0021914,D0025480
R0032905,D0038320
R0025733,D0029876
R0010895,D0012693
R0001258,D0001481
R0001943,D0002267
R0038559,D0045159
R0023136,D0026863
R0032761,D0038144
R0035059,D0040991
R0020053,D0023321
R0013915,D0016231
R0024816,D0028824
R0009844,D0011439
R0003829,D0004440
R0015519,D0018035
R0005961,D0006903
R0022828,D0026516
R0005930,D0006869
R0017848,D0020741
R0008266,D0009559
R0036674,D0043006
R0027568,D0032034
R0027529,D0031989
R0034886,D0040798
R0012826,D0014989
R0016502,D0019188
R0015227,D0017705
R0036121,D0042335
R0004825,D0005593
R0025967,D0030163
R0032638,D0037996
R0034125,D0039844
R0004975,D0005758
R0034924,D0040838
R0005002,D0005788
R0021689,D0025226
R0021530,D0025048
R0000181,D0000217
R0005468,D0006333
R0028021,D0032565
R0011086,D0012925
R0018487,D0021489
R0032033,D0037215
R0020615,D0023985
R0025622,D0029755
R0016229,D0018875
R0019815,D0023029
R0012735,D0014880
R0009180,D0010654
R0020737,D0024135
R0001261,D0001484
R0008538,D0009885
R0021151,D0024607
R0023753,D0027572
R0026403,D0030669
R0001031,D0001219
R0012100,D0014105
R0017149,D0019940
R0010534,D0012260
R0022328,D0025952
R0003876,D0004496
R0017440,D0020276
R0027819,D0032332
R0005458,D0006321
R0018644,D0021665
R0022577,D0026234
R0011085,D0012924
R0024805,D0028812
R0021909,D0025472
R0000456,D0000537
R0038617,D0045225
R0037933,D0044436
R0034193,D0039933
R0016400,D0019076
R0013627,D0015921
R0033930,D0039602
R0029469,D0034257
R0033415,D0038918
R0013317,D0015564
R0014173,D0016523
R0030591,D0035524
R0028990,D0033709
R0007325,D0008447
R0016599,D0019304
R0008432,D0009764
R0018447,D0021442
R0004998,D0005784
R0022238,D0025852
R0000785,D0000932
R0006354,D0007340
R0019676,D0022869
R0003809,D0004418
R0004952,D0005735
R0037960,D0044466
R0016059,D0018673
R0038595,D0045201
R0002364,D0002765
R0003491,D0004055
R0012770,D0014926
R0022539,D0026194
R0030212,D0035090
R0003438,D0003998
R0008471,D0009807
R0013964,D0016286
R0019780,D0022987
R0029232,D0033992
R0015035,D0017492
R0014532,D0016924
R0029153,D0033902
R0023991,D0027850
R0029760,D0034591
R0032068,D0037260
R0030587,D0035520
R0013787,D0016097
R0032114,D0037312
R0005105,D0005913
R0033484,D0038998
R0003008,D0003513
R0027764,D0032263
R0024335,D0028254
R0008925,D0010343
R0027305,D0031733
R0028248,D0032838
R0010235,D0011909
R0001789,D0002091
R0015207,D0017683
R0034916,D0040829
R0006378,D0007367
R0020720,D0024114
R0023958,D0027809
R0005514,D0006387
R0009780,D0011359
R0023536,D0027325
R0021157,D0024613
R0032493,D0037802
R0026736,D0031073
R0035539,D0041563
R0019562,D0022736
R0003915,D0004539
R0031907,D0037041
R0020771,D0024176
R0013735,D0016039
R0009552,D0011098
R0027101,D0031505
R0024359,D0028283
R0005419,D0006272
R0025861,D0030031
R0027593,D0032063
R0015470,D0017977
R0014247,D0016608
R0004076,D0004730
R0029042,D0033773
R0010353,D0012049
R0034546,D0040385
R0016997,D0019768
R0018979,D0022059
R0033533,D0039052
R0034898,D0040811
R0018244,D0021197
R0011095,D0012938
R0036060,D0042259
R0028522,D0033167
R0017524,D0020373
R0022204,D0025808
R0014773,D0017192
R0005108,D0005916
R0025768,D0029913
R0038640,D0045252
R0007500,D0008645
R0009677,D0011244
R0038530,D0045127
R0002698,D0003155
R0033243,D0038720
R0017564,D0020421
R0018253,D0021206
R0014208,D0016563
R0024201,D0028099
R0012968,D0015151
R0014963,D0017408
R0005816,D0006740
R0039097,D0045775
R0001500,D0001753
R0020858,D0024279
R0007688,D0008869
R0034099,D0039809
R0033918,D0039587
R0031515,D0036577
R0001021,D0001208
R0027547,D0032009
R0030068,D0034930
R0031909,D0037043
R0017337,D0020156
R0026541,D0030835
R0023803,D0027627
R0032950,D0038377
R0008733,D0010115
R0036102,D0042311
R0016624,D0019330
R0007669,D0008849
R0021935,D0025506
R0031580,D0036648
R0000639,D0000751
R0038773,D0045407
R0006040,D0006992
R0036593,D0042909
R0007961,D0009187
R0039105,D0045784
R0027451,D0031901
R0013025,D0015214
R0022263,D0025882
R0007327,D0008449
R0011145,D0013003
R0002619,D0003060
R0022856,D0026544
R0028281,D0032877
R0038558,D0045158
R0006809,D0007856
R0031576,D0036643
R0006445,D0007444
R0010104,D0011751
R0003149,D0003676
R0037715,D0044184
R0033395,D0038896
R0013544,D0015827
R0002442,D0002854
R0002969,D0003467
R0005746,D0006663
R0003168,D0003696
R0023003,D0026704
R0007897,D0009110
R0018046,D0020965
R0019334,D0022481
R0013971,D0016293
R0010705,D0012464
R0024617,D0028600
R0035416,D0041405
R0029989,D0034842
R0006893,D0007951
R0027486,D0031941
R0005933,D0006872
R0021857,D0025408
R0017999,D0020909
R0038949,D0045609
R0007190,D0008295
R0031248,D0036267
R0009695,D0011266
R0037059,D0043449
R0018556,D0021563
R0006611,D0007630
R0008325,D0009627
R0037571,D0044021
R0018520,D0021526
R0003941,D0004568
R0016048,D0018662
R0025222,D0029296
R0012485,D0014580
R0031835,D0036949
R0004630,D0005373
R0024356,D0028279
R0002704,D0003162
R0028055,D0032608
R0001916,D0002236
R0032832,D0038237
R0025118,D0029174
R0022498,D0026146
R0023692,D0027499
R0012179,D0014196
R0011188,D0013053
R0029773,D0034604
R0016363,D0019034
R0038190,D0044736
R0024278,D0028191
R0005909,D0006845
R0013134,D0015346
R0000872,D0001032
R0032564,D0037895
R0029173,D0033924
R0011156,D0013017
R0039266,D0045969
R0022830,D0026518
R0008099,D0009353
R0017389,D0020216
R0024250,D0028156
R0023947,D0027797
R0022905,D0026597
R0010228,D0011902
R0016962,D0019728
R0036181,D0042408
R0017385,D0020212
R0030429,D0035329
R0027435,D0031884
R0032319,D0037576
R0012740,D0014886
R0020373,D0023698
R0035910,D0042047
R0017188,D0019984
R0014931,D0017372
R0028993,D0033713
R0028738,D0033413
R0038238,D0044789
R0011121,D0012972
R0027762,D0032260
R0017139,D0019930
R0003065,D0003576
R0022253,D0025870
R0034913,D0040826
R0018728,D0021768
R0034782,D0040676
R0000410,D0000484
R0010090,D0011732
R0025788,D0029943
R0035272,D0041232
R0031906,D0037038
R0003908,D0004530
R0027608,D0032081
R0024896,D0028918
R0004320,D0005007
R0010282,D0011965
R0019959,D0023209
R0016759,D0019495
R0029096,D0033837
R0033987,D0039673
R0014355,D0016728
R0021499,D0025011
R0010970,D0012781
R0000749,D0000888
R0028981,D0033699
R0005824,D0006750
R0013707,D0016010
R0029046,D0033778
R0029045,D0033776
R0030004,D0034859
R0010721,D0012481
R0024398,D0028330
R0003674,D0004268
R0031711,D0036792
R0011933,D0013908
R0026290,D0030541
R0004941,D0005723
R0003036,D0003545
R0028771,D0033452
R0000030,D0000036
R0038444,D0045030
R0018354,D0021332
R0013331,D0015579
R0001931,D0002254
R0031966,D0037123
R0032434,D0037724
R0015924,D0018516
R0004814,D0005582
R0030119,D0034987
R0024733,D0028734
R0019433,D0022589
R0030529,D0035451
R0015216,D0017692
R0036739,D0043073
R0018966,D0022041
R0018886,D0021944
R0017727,D0020605
R0010979,D0012793
R0012244,D0014276
R0034389,D0040170
R0002887,D0003372
R0001734,D0002020
R0016659,D0019373
R0010200,D0011862
R0031686,D0036766
R0026301,D0030553
R0010063,D0011695
R0032866,D0038275
R0026080,D0030297
R0035790,D0041879
R0010108,D0011755
R0025786,D0029941
R0024321,D0028237
R0020394,D0023720
R0019419,D0022574
R0018312,D0021283
R0025552,D0029680
R0036696,D0043028
R0019930,D0023165
R0022316,D0025940
R0039245,D0045943
R0028369,D0032985
R0000095,D0000116
R0012522,D0014619
R0027683,D0032169
R0002639,D0003081
R0033066,D0038513
R0019928,D0023163
R0011880,D0013837
R0035243,D0041200
R0020880,D0024303
R0035683,D0041741
R0011204,D0013071
R0037584,D0044036
R0031312,D0036340
R0025811,D0029972
R0035063,D0040995
R0006507,D0007515
R0026562,D0030857
R0017184,D0019978
R0018079,D0021003
R0022441,D0026085
R0011598,D0013517
R0007590,D0008752
R0025582,D0029712
R0003185,D0003720
R0010521,D0012246
R0016574,D0019273
R0013130,D0015342
R0024250,D0028157
R0024622,D0028605
R0027966,D0032503
R0006714,D0007747
R0011728,D0013665
R0037396,D0043823
R0002528,D0002956
R0032758,D0038141
R0033083,D0038532
R0024790,D0028795
R0028839,D0033530
R0031357,D0036396
R0029959,D0034809
R0008067,D0009316
R0003134,D0003657
R0014100,D0016442
R0006716,D0007749
R0039131,D0045812
R0018897,D0021958
R0034609,D0040463
R0003592,D0004174
R0014735,D0017152
R0025484,D0029600
R0017812,D0020701
R0002646,D0003090
R0034016,D0039704
R0034367,D0040146
R0018426,D0021415
R0025482,D0029598
R0033961,D0039639
R0004283,D0004967
R0036558,D0042865
R0029400,D0034179
R0013654,D0015952
R0035878,D0042005
R0030650,D0035590
R0037560,D0044010
R0025557,D0029686
R0000336,D0000401
R0003057,D0003568
R0024649,D0028635
R0024815,D0028823
R0036933,D0043305
R0004177,D0004843
R0035787,D0041876
R0034932,D0040849
R0036345,D0042611
R0006722,D0007756
R0011615,D0013534
R0016916,D0019676
R0000501,D0000590
R0036120,D0042334
R0027672,D0032157
R0027282,D0031708
R0024301,D0028214
R0010547,D0012274
R0018337,D0021314
R0035585,D0041616
R0008726,D0010107
R0008095,D0009349
R0027429,D0031876
R0008519,D0009863
R0039204,D0045899
R0018422,D0021411
R0023172,D0026903
R0014670,D0017074
R0028148,D0032718
R0011893,D0013860
R0019852,D0023073
R0025074,D0029121
R0017757,D0020639
R0039210,D0045906
R0024632,D0028618
R0032577,D0037913
R0006045,D0006999
R0009000,D0010427
R0035560,D0041589
R0030893,D0035867
R0027023,D0031416
R0017971,D0020880
R0033937,D0039609
R0005993,D0006940
R0006098,D0007055
R0002532,D0002960
R0002228,D0002610
R0020150,D0023433
R0008229,D0009514
R0016246,D0018895
R0026801,D0031153
R0030041,D0034900
R0017282,D0020096
R0006703,D0007735
R0007629,D0008797
R0018913,D0021977
R0020195,D0023492
R0028783,D0033468
R0000845,D0001003
R0013886,D0016201
R0011784,D0013726
R0012504,D0014600
R0015657,D0018198
R0029924,D0034770
R0033036,D0038479
R0014023,D0016349
R0015166,D0017638
R0014519,D0016910
R0012772,D0014928
R0001660,D0001937
R0024480,D0028435
R0025293,D0029386
R0008448,D0009783
R0021979,D0025554
R0007222,D0008330
R0010812,D0012595
R0038575,D0045176
R0016430,D0019109
R0027614,D0032089
R0010637,D0012383
R0023151,D0026881
R0034129,D0039850
R0009157,D0010626
R0010304,D0011990
R0005585,D0006472
R0023402,D0027164
R0039166,D0045854
R0007634,D0008805
R0019153,D0022267
R0024917,D0028941
R0014378,D0016751
R0009655,D0011220
R0019890,D0023115
R0005429,D0006286
R0018923,D0021989
R0038855,D0045502
R0020125,D0023404
R0022223,D0025832
R0030819,D0035784
R0020319,D0023639
R0033408,D0038911
R0027258,D0031681
R0003263,D0003806
R0001812,D0002116
R0015761,D0018322
R0024746,D0028748
R0030072,D0034934
R0027870,D0032393
R0002828,D0003303
R0002009,D0002347
R0023392,D0027151
R0009313,D0010812
R0028521,D0033166
R0003415,D0003972
R0014883,D0017317
R0018392,D0021373
R0021065,D0024510
R0029793,D0034626
R0003355,D0003905
R0032269,D0037513
R0013865,D0016179
R0024730,D0028731
R0000485,D0000574
R0000613,D0000724
R0015505,D0018019
R0013093,D0015301
R0014238,D0016597
R0032984,D0038422
R0024461,D0028409
R0016262,D0018914
R0000327,D0000392
R0007068,D0008149
R0030690,D0035632
R0010642,D0012389
R0010229,D0011903
R0030495,D0035411
R0008798,D0010190
R0015440,D0017944
R0012551,D0014655
R0025189,D0029259
R0008423,D0009752
R0026793,D0031144
R0031915,D0037051
R0014084,D0016426
R0028781,D0033465
R0014510,D0016900
R0017013,D0019784
R0010556,D0012284
R0026678,D0030999
R0037720,D0044190
R0030966,D0035946
R0008875,D0010287
R0025916,D0030097
R0016833,D0019583
R0017981,D0020890
R0022991,D0026691
R0031200,D0036210
R0004621,D0005364
R0017163,D0019955
R0011605,D0013524
R0008071,D0009321
R0032349,D0037612
R0035092,D0041027
R0013199,D0015422
R0028594,D0033249
R0014297,D0016665
R0007425,D0008558
R0017990,D0020899
R0032126,D0037324
R0037054,D0043442
R0020123,D0023401
R0028745,D0033421
R0003989,D0004625
R0022088,D0025679
R0028210,D0032795
R0020532,D0023883
R0029562,D0034364
R0031479,D0036533
R0025207,D0029280
R0006072,D0007028
R0033465,D0038977
R0010408,D0012116
R0036774,D0043115
R0000248,D0000296
R0000729,D0000866
R0005862,D0006792
R0038189,D0044735
R0024771,D0028773
R0024099,D0027974
R0028307,D0032909
R0034531,D0040369
R0001107,D0001308
R0009653,D0011217
R0012352,D0014407
R0023239,D0026973
R0007418,D0008550
R0033675,D0039243
R0002117,D0002481
R0036969,D0043346
R0008064,D0009312
R0032899,D0038313
R0024465,D0028414
R0019843,D0023062
R0027717,D0032206
R0005098,D0005906
R0008052,D0009298
R0000724,D0000860
R0002124,D0002490
R0029686,D0034509
R0007144,D0008242
R0037453,D0043888
R0011253,D0013122
R0006866,D0007920
R0019880,D0023104
R0038075,D0044603
R0006370,D0007359
R0010128,D0011778
R0014554,D0016949
R0033970,D0039653
R0000020,D0000023
R0023684,D0027490
R0008451,D0009786
R0031671,D0036746
R0006872,D0007927
R0003825,D0004436
R0021961,D0025533
R0023487,D0027265
R0010168,D0011822
R0018081,D0021005
R0005507,D0006379
R0027733,D0032223
R0028204,D0032788
R0030734,D0035686
R0001709,D0001991
R0022619,D0026281
R0021785,D0025330
R0030008,D0034864
R0026368,D0030631
R0006325,D0007309
R0002377,D0002780
R0030389,D0035286
R0028084,D0032642
R0019662,D0022852
R0019627,D0022816
R0023739,D0027557
R0000391,D0000462
R0012513,D0014609
R0002610,D0003051
R0027143,D0031551
R0004503,D0005224
R0004274,D0004958
R0005989,D0006936
R0033722,D0039313
R0009646,D0011208
R0017537,D0020389
R0018705,D0021740
R0035537,D0041559
R0004211,D0004881
R0039289,D0045996
R0027580,D0032049
R0019034,D0022125
R0000526,D0000619
R0033546,D0039066
R0038846,D0045491
R0010214,D0011878
R0026507,D0030795
R0007906,D0009123
R0031037,D0036026
R0000954,D0001129
R0007014,D0008087
R0020883,D0024306
R0038489,D0045080
R0034031,D0039723
R0016587,D0019291
R0009464,D0010989
R0018496,D0021499
R0001219,D0001431
R0017721,D0020599
R0005684,D0006586
R0013920,D0016236
R0001893,D0002208
R0030071,D0034933
R0018865,D0021920
R0002436,D0002847
R0025454,D0029567
R0004056,D0004707
R0024326,D0028243
R0021498,D0025009
R0006548,D0007561
R0010221,D0011891
R0032791,D0038184
R0018202,D0021152
R0028818,D0033508
R0010039,D0011665
R0002793,D0003260
R0011163,D0013024
R0004428,D0005131
R0020912,D0024338
R0038565,D0045165
R0008119,D0009376
R0004226,D0004899
R0018137,D0021075
R0021140,D0024592
R0001225,D0001438
R0015850,D0018429
R0008608,D0009965
R0025237,D0029314
R0009546,D0011090
R0004790,D0005554
R0020853,D0024274
R0038254,D0044806
R0023961,D0027813
R0016428,D0019107
R0010861,D0012652
R0013523,D0015803
R0014807,D0017233
R0000942,D0001115
R0038124,D0044662
R0031055,D0036044
R0029638,D0034452
R0007737,D0008925
R0030737,D0035689
R0037013,D0043399
R0002590,D0003027
R0002985,D0003484
R0031721,D0036802
R0021268,D0024743
R0039066,D0045742
R0032119,D0037317
R0026832,D0031190
R0020215,D0023516
R0021341,D0024829
R0016670,D0019386
R0036185,D0042415
R0019588,D0022765
R0028214,D0032799
R0013105,D0015314
R0003171,D0003699
R0038537,D0045136
R0017752,D0020632
R0031292,D0036318
R0031610,D0036681
R0035234,D0041189
R0009741,D0011318
R0008709,D0010085
R0016987,D0019757
R0028462,D0033094
R0015791,D0018354
R0025593,D0029724
R0008693,D0010066
R0023217,D0026950
R0017743,D0020622
R0012554,D0014659
R0031527,D0036590
R0015611,D0018145
R0009203,D0010681
R0011553,D0013469
R0009189,D0010665
R0006965,D0008032
R0012609,D0014727
R0003675,D0004269
R0036048,D0042246
R0031900,D0037031
R0007313,D0008434
R0032443,D0037735
R0024333,D0028252
R0000741,D0000880
R0028312,D0032915
R0014648,D0017049
R0023505,D0027288
R0033854,D0039500
R0002885,D0003370
R0000707,D0000838
R0026834,D0031192
R0035674,D0041731
R0016057,D0018671
R0036754,D0043089
R0014961,D0017406
R0007820,D0009019
R0033967,D0039647
R0036546,D0042848
R0034565,D0040407
R0017057,D0019833
R0029484,D0034276
R0038957,D0045617
R0037831,D0044319
R0028518,D0033163
R0027543,D0032005
R0027340,D0031777
R0012262,D0014296
R0032277,D0037526
R0018844,D0021895
R0010369,D0012069
R0036978,D0043357
R0026576,D0030878
R0027572,D0032039
R0031049,D0036038
R0019185,D0022302
R0023915,D0027754
R0010541,D0012267
R0007310,D0008431
R0036510,D0042806
R0021804,D0025352
R0001648,D0001925
R0029347,D0034123
R0021030,D0024473
R0017376,D0020203
R0015557,D0018076
R0001806,D0002110
R0027560,D0032024
R0012571,D0014681
R0011092,D0012932
R0005979,D0006925
R0001414,D0001651
R0006859,D0007912
R0025108,D0029161
R0022821,D0026507
R0032606,D0037946
R0024485,D0028442
R0009228,D0010715
R0027155,D0031564
R0031069,D0036061
R0020890,D0024313
R0033777,D0039390
R0034616,D0040470
R0017742,D0020621
R0008223,D0009507
R0029743,D0034571
R0033274,D0038757
R0006634,D0007654
R0021089,D0024535
R0020980,D0024418
R0038157,D0044698
R0021579,D0025106
R0021893,D0025452
R0030000,D0034854
R0004633,D0005377
R0034391,D0040172
R0035642,D0041691
R0037019,D0043405
R0017055,D0019830
R0035635,D0041683
R0029800,D0034633
R0034258,D0040011
R0024384,D0028311
R0002352,D0002753
R0024261,D0028171
R0017456,D0020293
R0031487,D0036544
R0029274,D0034038
R0015502,D0018016
R0008502,D0009845
R0006529,D0007541
R0017490,D0020334
R0010822,D0012605
R0019732,D0022934
R0026109,D0030333
R0023476,D0027251
R0020654,D0024031
R0017653,D0020523
R0005493,D0006364
R0031546,D0036611
R0003163,D0003691
R0018234,D0021186
R0000934,D0001106
R0031110,D0036108
R0019130,D0022237
R0036237,D0042483
R0001908,D0002224
R0003793,D0004402
R0016176,D0018813
R0016555,D0019248
R0013237,D0015468
R0037867,D0044358
R0020938,D0024368
R0006512,D0007522
R0035110,D0041049
R0021872,D0025425
R0027393,D0031834
R0030246,D0035129
R0010912,D0012715
R0037273,D0043687
R0017412,D0020246
R0034679,D0040550
R0001558,D0001816
R0008525,D0009871
R0003402,D0003958
R0029024,D0033752
R0009498,D0011030
R0002111,D0002475
R0036172,D0042397
R0024727,D0028727
R0015885,D0018472
R0006647,D0007669
R0025421,D0029530
R0029206,D0033964
R0038452,D0045038
R0028093,D0032652
R0031339,D0036374
R0032597,D0037936
R0013154,D0015370
R0021192,D0024653
R0036199,D0042430
R0015401,D0017901
R0038409,D0044992
R0032896,D0038308
R0001979,D0002310
R0023471,D0027244
R0032668,D0038032
R0002026,D0002367
R0037082,D0043473
R0000604,D0000713
R0029250,D0034010
R0019896,D0023122
R0028133,D0032703
R0023984,D0027843
R0027010,D0031403
R0008528,D0009874
R0021544,D0025064
R0007627,D0008795
R0023059,D0026766
R0005612,D0006505
R0002957,D0003453
R0036341,D0042606
R0014697,D0017104
R0016223,D0018868
R0004270,D0004953
R0006145,D0007105
R0014754,D0017171
R0036149,D0042368
R0035729,D0041808
R0032130,D0037328
R0033353,D0038848
R0010162,D0011815
R0025302,D0029396
R0027729,D0032218
R0005023,D0005813
R0015355,D0017847
R0026174,D0030410
R0029382,D0034161
R0027606,D0032079
R0007295,D0008416
R0011479,D0013386
R0028184,D0032761
R0005846,D0006775
R0013088,D0015294
R0032427,D0037715
R0006180,D0007144
R0019047,D0022143
R0028693,D0033365
R0013384,D0015639
R0009437,D0010957
R0017891,D0020787
R0035258,D0041215
R0019933,D0023168
R0000452,D0000533
R0029515,D0034311
R0010755,D0012524
R0016431,D0019110
R0035507,D0041520
R0021913,D0025479
R0009847,D0011442
R0012827,D0014992
R0013081,D0015286
R0025096,D0029149
R0008365,D0009673
R0011039,D0012867
R0029596,D0034404
R0026867,D0031231
R0009404,D0010919
R0016488,D0019173
R0015024,D0017480
R0019785,D0022992
R0031143,D0036145
R0035020,D0040949
R0032930,D0038352
R0016615,D0019320
R0007890,D0009103
R0013894,D0016209
R0036645,D0042976
R0014767,D0017184
R0016503,D0019190
R0001639,D0001916
R0037505,D0043944
R0007729,D0008917
R0002127,D0002494
R0036749,D0043084
R0019925,D0023159
R0033305,D0038791
R0020826,D0024243
R0039087,D0045763
R0036834,D0043196
R0007141,D0008238
R0030955,D0035934
R0016495,D0019180
R0015103,D0017566
R0012325,D0014378
R0024813,D0028821
R0015100,D0017563
R0009770,D0011349
R0020443,D0023774
R0011231,D0013098
R0034649,D0040514
R0038755,D0045386
R0002917,D0003407
R0011200,D0013067
R0000009,D0000010
R0029502,D0034296
R0016912,D0019672
R0020748,D0024147
R0026644,D0030962
R0038206,D0044756
R0012283,D0014322
R0038819,D0045461
R0031977,D0037140
R0016045,D0018659
R0018790,D0021836
R0026558,D0030853
R0033831,D0039466
R0006638,D0007660
R0000864,D0001023
R0028138,D0032708
R0026395,D0030661
R0014465,D0016852
R0007193,D0008298
R0029436,D0034220
R0033770,D0039380
R0012432,D0014516
R0037300,D0043717
R0007333,D0008455
R0017341,D0020161
R0024586,D0028565
R0002179,D0002552
R0014190,D0016542
R0034188,D0039928
R0034525,D0040362
R0003079,D0003594
R0010344,D0012039
R0019554,D0022727
R0026415,D0030681
R0031531,D0036595
R0010520,D0012245
R0011147,D0013006
R0003371,D0003924
R0002415,D0002823
R0032657,D0038018
R0021271,D0024746
R0004223,D0004896
R0012548,D0014652
R0014677,D0017081
R0012099,D0014104
R0004542,D0005267
R0002446,D0002858
R0012915,D0015088
R0037455,D0043890
R0020869,D0024291
R0035771,D0041857
R0010450,D0012165
R0033271,D0038754
R0015156,D0017627
R0013678,D0015978
R0034235,D0039983
R0004808,D0005574
R0028983,D0033701
R0029906,D0034749
R0035653,D0041705
R0027495,D0031951
R0002927,D0003418
R0039024,D0045696
R0014717,D0017129
R0027853,D0032376
R0030023,D0034879
R0036355,D0042621
R0017134,D0019923
R0033028,D0038470
R0024672,D0028660
R0008454,D0009789
R0024217,D0028117
R0015867,D0018450
R0022447,D0026091
R0030237,D0035119
R0000704,D0000834
R0025352,D0029452
R0006394,D0007387
R0032108,D0037306
R0028778,D0033461
R0007474,D0008616
R0004534,D0005258
R0027182,D0031596
R0016686,D0019406
R0033095,D0038548
R0015482,D0017993
R0004939,D0005721
R0022569,D0026226
R0010615,D0012356
R0038178,D0044723
R0031539,D0036603
R0002568,D0003003
R0020857,D0024278
R0030296,D0035186
R0005795,D0006717
R0037067,D0043457
R0011749,D0013688
R0037644,D0044105
R0014452,D0016838
R0017329,D0020148
R0021262,D0024733
R0005715,D0006625
R0025829,D0029992
R0006358,D0007345
R0000514,D0000605
R0033217,D0038687
R0033538,D0039058
R0009970,D0011588
R0025165,D0029232
R0027859,D0032382
R0002521,D0002948
R0008042,D0009282
R0031180,D0036188
R0033078,D0038526
R0031802,D0036912
R0035222,D0041175
R0015269,D0017751
R0021124,D0024574
R0009921,D0011530
R0006896,D0007955
R0007641,D0008817
R0026535,D0030829
R0002243,D0002627
R0028661,D0033331
R0032233,D0037460
R0007622,D0008789
R0037486,D0043923
R0033424,D0038927
R0037629,D0044089
R0013528,D0015811
R0032883,D0038294
R0032109,D0037307
R0020894,D0024318
R0030776,D0035734
R0011645,D0013573
R0003473,D0004037
R0005186,D0006002
R0033682,D0039256
R0035549,D0041573
R0032690,D0038058
R0030523,D0035443
R0015018,D0017469
R0035171,D0041119
R0030525,D0035446
R0000302,D0000360
R0015261,D0017742
R0020361,D0023685
R0006443,D0007442
R0019337,D0022484
R0038371,D0044946
R0028586,D0033241
R0023993,D0027852
R0012937,D0015116
R0015088,D0017550
R0035582,D0041613
R0025147,D0029208
R0031468,D0036522
R0010152,D0011805
R0015442,D0017946
R0026471,D0030746
R0027214,D0031633
R0005094,D0005901
R0007962,D0009188
R0001065,D0001259
R0007691,D0008872
R0010992,D0012809
R0034821,D0040717
R0021812,D0025360
R0031653,D0036728
R0015877,D0018460
R0001881,D0002195
R0002518,D0002945
R0000406,D0000478
R0014911,D0017349
R0023121,D0026846
R0004968,D0005751
R0025282,D0029369
R0010184,D0011842
R0026300,D0030552
R0022871,D0026559
R0027758,D0032256
R0035863,D0041988
R0010269,D0011949
R0035770,D0041856
R0025999,D0030201
R0011291,D0013169
R0005825,D0006751
R0012236,D0014266
R0009029,D0010463
R0027188,D0031603
R0014533,D0016925
R0037076,D0043467
R0011369,D0013260
R0004002,D0004640
R0036934,D0043306
R0025725,D0029868
R0009351,D0010858
R0035091,D0041026
R0000182,D0000218
R0027509,D0031968
R0012656,D0014786
R0032572,D0037905
R0012722,D0014866
R0016775,D0019516
R0008428,D0009758
R0032161,D0037371
R0033773,D0039384
R0014236,D0016594
R0010824,D0012610
R0038214,D0044765
R0022371,D0026004
R0016564,D0019259
R0006518,D0007529
R0019098,D0022199
R0026475,D0030752
R0016477,D0019159
R0016568,D0019265
R0030358,D0035255
R0035248,D0041205
R0027502,D0031959
R0022848,D0026536
R0026739,D0031076
R0003115,D0003636
R0036534,D0042835
R0019874,D0023098
R0032042,D0037225
R0006939,D0008005
R0034449,D0040249
R0009812,D0011394
R0008832,D0010238
R0010091,D0011733
R0003139,D0003664
R0003108,D0003627
R0035136,D0041078
R0021373,D0024867
R0037238,D0043648
R0003033,D0003542
R0035795,D0041887
R0002205,D0002583
R0028965,D0033679
R0013044,D0015236
R0009475,D0011001
R0036003,D0042180
R0029757,D0034586
R0007165,D0008268
R0020425,D0023754
R0035884,D0042011
R0011254,D0013123
R0033792,D0039413
R0031988,D0037152
R0019948,D0023192
R0018278,D0021240
R0013617,D0015911
R0008486,D0009825
R0038331,D0044895
R0005807,D0006730
R0018974,D0022052
R0029266,D0034029
R0006284,D0007263
R0015410,D0017912
R0037474,D0043910
R0004647,D0005392
R0011262,D0013133
R0014580,D0016977
R0032506,D0037824
R0025116,D0029172
R0024097,D0027972
R0002203,D0002581
R0007040,D0008119
R0037792,D0044275
R0024885,D0028904
R0020088,D0023363
R0013512,D0015790
R0021057,D0024502
R0002176,D0002547
R0002389,D0002794
R0002729,D0003189
R0018445,D0021439
R0034595,D0040447
R0014340,D0016711
R0004964,D0005747
R0032137,D0037337
R0034572,D0040421
R0014644,D0017045
R0018349,D0021327
R0025714,D0029857
R0016377,D0019051
R0035672,D0041728
R0009670,D0011236
R0005786,D0006707
R0022068,D0025652
R0014594,D0016992
R0006416,D0007412
R0022574,D0026231
R0031819,D0036929
R0016832,D0019581
R0012176,D0014192
R0023727,D0027543
R0006641,D0007663
R0010660,D0012411
R0024479,D0028434
R0028116,D0032684
R0017133,D0019922
R0018975,D0022054
R0029076,D0033813
R0012250,D0014282
R0010851,D0012642
R0015359,D0017852
R0020410,D0023737
R0020946,D0024379
R0015200,D0017675
R0011385,D0013276
R0031259,D0036281
R0011128,D0012984
R0031370,D0036409
R0009622,D0011180
R0030227,D0035107
R0016792,D0019534
R0028819,D0033509
R0014586,D0016983
R0024256,D0028166
R0010068,D0011704
R0018162,D0021106
R0005552,D0006433
R0006837,D0007890
R0024002,D0027864
R0028017,D0032560
R0019529,D0022700
R0033111,D0038566
R0028446,D0033072
R0016671,D0019387
R0000976,D0001154
R0036904,D0043274
R0031847,D0036962
R0027453,D0031903
R0018257,D0021210
R0013811,D0016124
R0016580,D0019283
R0024824,D0028833
R0028384,D0033000
R0025922,D0030104
R0011380,D0013271
R0025644,D0029778
R0026789,D0031138
R0003697,D0004295
R0009358,D0010867
R0027213,D0031632
R0035080,D0041015
R0029249,D0034009
R0003043,D0003554
R0030316,D0035206
R0001933,D0002257
R0003038,D0003547
R0038204,D0044754
R0021059,D0024504
R0007725,D0008913
R0004544,D0005269
R0021260,D0024731
R0002402,D0002810
R0017822,D0020713
R0026626,D0030938
R0036013,D0042194
R0006454,D0007455
R0022437,D0026081
R0024693,D0028686
R0011223,D0013090
R0027115,D0031520
R0035024,D0040953
R0013277,D0015514
R0029895,D0034738
R0013483,D0015756
R0020538,D0023890
R0025129,D0029186
R0028710,D0033384
R0030644,D0035583
R0000015,D0000017
R0034642,D0040506
R0037562,D0044012
R0015120,D0017586
R0032095,D0037291
R0035612,D0041649
R0017289,D0020106
R0020935,D0024365
R0028277,D0032872
R0004013,D0004656
R0000953,D0001128
R0017077,D0019855
R0022321,D0025945
R0033602,D0039139
R0033730,D0039323
R0027211,D0031630
R0028727,D0033401
R0036939,D0043311
R0015254,D0017734
R0013588,D0015880
R0013870,D0016184
R0024087,D0027962
R0019534,D0022706
R0038571,D0045172
R0031070,D0036062
R0005238,D0006062
R0030513,D0035432
R0021235,D0024704
R0022344,D0025971
R0026665,D0030985
R0009167,D0010637
R0018690,D0021722
R0002838,D0003314
R0015730,D0018284
R0002637,D0003079
R0003161,D0003689
R0009774,D0011353
R0009282,D0010778
R0005447,D0006307
R0036214,D0042453
R0022141,D0025741
R0009718,D0011293
R0032947,D0038374
R0030856,D0035828
R0026359,D0030621
R0019978,D0023229
R0015860,D0018443
R0038791,D0045427
R0012290,D0014330
R0008115,D0009372
R0005820,D0006744
R0039132,D0045813
R0024724,D0028722
R0005966,D0006910
R0013276,D0015513
R0010616,D0012357
R0012547,D0014651
R0009009,D0010438
R0035158,D0041104
R0038404,D0044987
R0034729,D0040611
R0003246,D0003785
R0033505,D0039023
R0002366,D0002767
R0017493,D0020339
R0022331,D0025956
R0020429,D0023758
R0010915,D0012719
R0029521,D0034317
R0033942,D0039616
R0017715,D0020592
R0012401,D0014469
R0011522,D0013435
R0000164,D0000197
R0005779,D0006699
R0024051,D0027920
R0018834,D0021885
R0026806,D0031158
R0028111,D0032674
R0024848,D0028864
R0007815,D0009014
R0032123,D0037321
R0014366,D0016739
R0007079,D0008162
R0023130,D0026857
R0015577,D0018102
R0034165,D0039900
R0032552,D0037882
R0026759,D0031098
R0023522,D0027306
R0005934,D0006873
R0037673,D0044136
R0031847,D0036961
R0029647,D0034465
R0029961,D0034811
R0003169,D0003697
R0024107,D0027984
R0033529,D0039048
R0021460,D0024969
R0038735,D0045359
R0029066,D0033803
R0000428,D0000504
R0023312,D0027058
R0013494,D0015769
R0022224,D0025835
R0036791,D0043137
R0012682,D0014820
R0017005,D0019776
R0028013,D0032556
R0015821,D0018388
R0034534,D0040372
R0021173,D0024632
R0013155,D0015371
R0011742,D0013680
R0011135,D0012993
R0001248,D0001471
R0025185,D0029254
R0026525,D0030816
R0007307,D0008428
R0003802,D0004411
R0032810,D0038211
R0019278,D0022418
R0006104,D0007061
R0012341,D0014396
R0019606,D0022791
R0019292,D0022435
R0012880,D0015052
R0013298,D0015541
R0036967,D0043344
R0020393,D0023719
R0007352,D0008475
R0030560,D0035486
R0006621,D0007640
R0016718,D0019446
R0025652,D0029786
R0019936,D0023174
R0002798,D0003267
R0017082,D0019861
R0018766,D0021808
R0005867,D0006797
R0000023,D0000028
R0009629,D0011188
R0034320,D0040087
R0032954,D0038382
R0038493,D0045084
R0029201,D0033958
R0035061,D0040993
R0030727,D0035678
R0015193,D0017666
R0000257,D0000308
R0006212,D0007180
R0021278,D0024753
R0029978,D0034829
R0030278,D0035166
R0006392,D0007385
R0029417,D0034199
R0022485,D0026133
R0023177,D0026909
R0035162,D0041109
R0026691,D0031015
R0020395,D0023721
R0035721,D0041798
R0023354,D0027108
R0033623,D0039166
R0028873,D0033573
R0004530,D0005253
R0008326,D0009628
R0026465,D0030739
R0033615,D0039156
R0010849,D0012640
R0006125,D0007082
R0012803,D0014962
R0002713,D0003171
R0029129,D0033874
R0039031,D0045703
R0011370,D0013261
R0025617,D0029750
R0010443,D0012156
R0038066,D0044593
R0025250,D0029328
R0005424,D0006279
R0015130,D0017597
R0034249,D0040001
R0036504,D0042800
R0034731,D0040613
R0008227,D0009511
R0000508,D0000597
R0016106,D0018731
R0038243,D0044794
R0019028,D0022117
R0031902,D0037033
R0035917,D0042062
R0005856,D0006786
R0025892,D0030064
R0026860,D0031223
R0034290,D0040055
R0003410,D0003966
R0010584,D0012318
R0021423,D0024927
R0008966,D0010389
R0032667,D0038031
R0027685,D0032172
R0001133,D0001339
R0034654,D0040519
R0002000,D0002336
R0000063,D0000077
R0006217,D0007186
R0030473,D0035384
R0002186,D0002560
R0000923,D0001092
R0001171,D0001382
R0004776,D0005539
R0007747,D0008935
R0021600,D0025130
R0012799,D0014958
R0014778,D0017197
R0013608,D0015900
R0024520,D0028485
R0007032,D0008110
R0022827,D0026515
R0030230,D0035111
R0002401,D0002809
R0026239,D0030484
R0008213,D0009497
R0021442,D0024948
R0007840,D0009041
R0025410,D0029518
R0000737,D0000874
R0021524,D0025041
R0009614,D0011171
R0003175,D0003705
R0012169,D0014182
R0034099,D0039808
R0033709,D0039294
R0011399,D0013298
R0005936,D0006875
R0026632,D0030947
R0038630,D0045240
R0031809,D0036919
R0008455,D0009790
R0001687,D0001966
R0024199,D0028096
R0019969,D0023219
R0002207,D0002585
R0027596,D0032067
R0010975,D0012788
R0012832,D0014998
R0029122,D0033866
R0031040,D0036029
R0004383,D0005078
R0036828,D0043187
R0020147,D0023429
R0038707,D0045328
R0008219,D0009503
R0015558,D0018077
R0006162,D0007123
R0029404,D0034183
R0030055,D0034914
R0004193,D0004861
R0011639,D0013566
R0023745,D0027564
R0027757,D0032255
R0005095,D0005902
R0008585,D0009940
R0004634,D0005378
R0032521,D0037843
R0004141,D0004802
R0016312,D0018971
R0032687,D0038055
R0000013,D0000015
R0001713,D0001996
R0000372,D0000441
R0001631,D0001908
R0030824,D0035790
R0021270,D0024745
R0006656,D0007679
R0024432,D0028374
R0037109,D0043503
R0018574,D0021582
R0030413,D0035311
R0021850,D0025401
R0026512,D0030802
R0030607,D0035540
R0016981,D0019750
R0006381,D0007370
R0018607,D0021620
R0033758,D0039366
R0004399,D0005098
R0010760,D0012530
R0008415,D0009744
R0035630,D0041673
R0029942,D0034792
R0034276,D0040033
R0037949,D0044454
R0005773,D0006693
R0038192,D0044739
R0009600,D0011155
R0002517,D0002944
R0034665,D0040532
R0015760,D0018321
R0037964,D0044471
R0010782,D0012559
R0036609,D0042928
R0029482,D0034272
R0004072,D0004726
R0011191,D0013058
R0008916,D0010332
R0001942,D0002266
R0000811,D0000967
R0003760,D0004365
R0014501,D0016891
R0007367,D0008492
R0039170,D0045858
R0013975,D0016297
R0008055,D0009302
R0034969,D0040890
R0010667,D0012419
R0026676,D0030997
R0011447,D0013350
R0013507,D0015785
R0013204,D0015427
R0013131,D0015343
R0034481,D0040298
R0038573,D0045174
R0021398,D0024900
R0033290,D0038776
R0025923,D0030105
R0012204,D0014229
R0030524,D0035444
R0013002,D0015190
R0024954,D0028982
R0027025,D0031418
R0037941,D0044445
R0011248,D0013116
R0008299,D0009596
R0006039,D0006991
R0033026,D0038468
R0004639,D0005383
R0004593,D0005330
R0035487,D0041496
R0026249,D0030497
R0010965,D0012773
R0031084,D0036078
R0014557,D0016952
R0034279,D0040039
R0037770,D0044249
R0016157,D0018792
R0024105,D0027981
R0009171,D0010641
R0035538,D0041560
R0024962,D0028991
R0008367,D0009675
R0010446,D0012159
R0007880,D0009092
R0019202,D0022325
R0029975,D0034826
R0003648,D0004239
R0016302,D0018960
R0018264,D0021219
R0028438,D0033062
R0034375,D0040155
R0006423,D0007419
R0010991,D0012807
R0001934,D0002258
R0011596,D0013515
R0023305,D0027049
R0021599,D0025129
R0020977,D0024413
R0011920,D0013893
R0004063,D0004715
R0031058,D0036048
R0014421,D0016799
R0028401,D0033019
R0000313,D0000375
R0001751,D0002041
R0010643,D0012390
R0009633,D0011193
R0003635,D0004225
R0013845,D0016158
R0029854,D0034693
R0025341,D0029438
R0029225,D0033985
R0029100,D0033841
R0028951,D0033664
R0023570,D0027361
R0034166,D0039901
R0019853,D0023074
R0036175,D0042400
R0022057,D0025640
R0023091,D0026807
R0018772,D0021816
R0036272,D0042531
R0000351,D0000419
R0033144,D0038601
R0025587,D0029718
R0022851,D0026539
R0020263,D0023577
R0032107,D0037305
R0035843,D0041957
R0030381,D0035278
R0025309,D0029404
R0032237,D0037471
R0019642,D0022831
R0018484,D0021486
R0016325,D0018986
R0038524,D0045120
R0023440,D0027205
R0025388,D0029493
R0014302,D0016671
R0018221,D0021172
R0038783,D0045418
R0024415,D0028349
R0019204,D0022327
R0010549,D0012276
R0012994,D0015179
R0034455,D0040257
R0018144,D0021083
R0003042,D0003552
R0034369,D0040148
R0030144,D0035015
R0022184,D0025786
R0025780,D0029931
R0014518,D0016909
R0010705,D0012463
R0003691,D0004287
R0006907,D0007968
R0026328,D0030586
R0028668,D0033339
R0019114,D0022216
R0010405,D0012113
R0025901,D0030078
R0026516,D0030806
R0029056,D0033789
R0022418,D0026060
R0007808,D0009006
R0002242,D0002625
R0018719,D0021758
R0010397,D0012105
R0004258,D0004939
R0007329,D0008451
R0006274,D0007253
R0035809,D0041909
R0011353,D0013241
R0016323,D0018984
R0003408,D0003964
R0000415,D0000489
R0010279,D0011961
R0033715,D0039302
R0009170,D0010640
R0002379,D0002783
R0026347,D0030609
R0000878,D0001039
R0025992,D0030192
R0025420,D0029529
R0033270,D0038753
R0001661,D0001938
R0018404,D0021388
R0011640,D0013567
R0025012,D0029046
R0025297,D0029391
R0016557,D0019251
R0005178,D0005993
R0025848,D0030015
R0034894,D0040806
R0004655,D0005400
R0026158,D0030392
R0034958,D0040877
R0036771,D0043111
R0033346,D0038839
R0018096,D0021025
R0018282,D0021246
R0018366,D0021344
R0019842,D0023061
R0013026,D0015215
R0006168,D0007131
R0015305,D0017789
R0028346,D0032957
R0007219,D0008327
R0014157,D0016502
R0012696,D0014836
R0019236,D0022366
R0028767,D0033448
R0005676,D0006578
R0000505,D0000594
R0019015,D0022102
R0038367,D0044940
R0028597,D0033252
R0025127,D0029184
R0023013,D0026715
R0001983,D0002316
R0013344,D0015594
R0022343,D0025970
R0037296,D0043713
R0020626,D0024000
R0038606,D0045213
R0028335,D0032942
R0037338,D0043759
R0028740,D0033415
R0036642,D0042971
R0029220,D0033980
R0011387,D0013279
R0031352,D0036391
R0025534,D0029658
R0027341,D0031778
R0006127,D0007084
R0025249,D0029327
R0036879,D0043246
R0026707,D0031035
R0032825,D0038228
R0012759,D0014912
R0020692,D0024080
R0028550,D0033200
R0035908,D0042044
R0023549,D0027338
R0002405,D0002813
R0033687,D0039262
R0033421,D0038924
R0000305,D0000363
R0005403,D0006253
R0009343,D0010847
R0002290,D0002683
R0000285,D0000341
R0020312,D0023631
R0030574,D0035503
R0011604,D0013523
R0020715,D0024108
R0015463,D0017970
R0024905,D0028927
R0024826,D0028835
R0008872,D0010283
R0024675,D0028664
R0010436,D0012146
R0000079,D0000098
R0004796,D0005561
R0033622,D0039165
R0019437,D0022594
R0026184,D0030420
R0000006,D0000007
R0007605,D0008769
R0033169,D0038633
R0013558,D0015843
R0030480,D0035391
R0034669,D0040536
R0032218,D0037443
R0036156,D0042375
R0030536,D0035459
R0024200,D0028098
R0034584,D0040435
R0027233,D0031654
R0003642,D0004232
R0015552,D0018070
R0015969,D0018565
R0033985,D0039671
R0002416,D0002824
R0024156,D0028041
R0023019,D0026724
R0018085,D0021010
R0026588,D0030895
R0030815,D0035779
R0002715,D0003174
R0013816,D0016129
R0030857,D0035829
R0017307,D0020125
R0020154,D0023438
R0009775,D0011354
R0029576,D0034381
R0008260,D0009549
R0012981,D0015165
R0022815,D0026501
R0009672,D0011238
R0027695,D0032183
R0012672,D0014805
R0029368,D0034145
R0024122,D0028003
R0017226,D0020028
R0014962,D0017407
R0033454,D0038965
R0013244,D0015477
R0001872,D0002186
R0038105,D0044639
R0012251,D0014283
R0029558,D0034360
R0010413,D0012121
R0016793,D0019535
R0014834,D0017262
R0000651,D0000764
R0020580,D0023937
R0003704,D0004304
R0029602,D0034412
R0020129,D0023408
R0019789,D0022996
R0024754,D0028756
R0028546,D0033195
R0007169,D0008274
R0034576,D0040426
R0030551,D0035477
R0024290,D0028203
R0006725,D0007761
R0000507,D0000596
R0012769,D0014925
R0031434,D0036485
R0016025,D0018638
R0032270,D0037515
R0025602,D0029734
R0022320,D0025944
R0004491,D0005209
R0031668,D0036743
R0021403,D0024905
R0009530,D0011070
R0015627,D0018162
R0015073,D0017535
R0001325,D0001555
R0003100,D0003618
R0032524,D0037846
R0009357,D0010866
R0018648,D0021671
R0033849,D0039495
R0025847,D0030014
R0006616,D0007635
R0025841,D0030005
R0023790,D0027614
R0033968,D0039649
R0028328,D0032934
R0015973,D0018569
R0001470,D0001717
R0026855,D0031218
R0027812,D0032321
R0009034,D0010472
R0015260,D0017741
R0023229,D0026962
R0031731,D0036814
R0027579,D0032048
R0034824,D0040721
R0024709,D0028706
R0011528,D0013442
R0033582,D0039107
R0035128,D0041069
R0009183,D0010657
R0000569,D0000674
R0004911,D0005691
R0000424,D0000499
R0038670,D0045285
R0000234,D0000279
R0008122,D0009380
R0016050,D0018664
R0028797,D0033484
R0003928,D0004554
R0014748,D0017165
R0023417,D0027181
R0000594,D0000703
R0004961,D0005744
R0032816,D0038217
R0031569,D0036635
R0022806,D0026491
R0002909,D0003399
R0003780,D0004386
R0024918,D0028942
R0012406,D0014477
R0039205,D0045900
R0028043,D0032595
R0037001,D0043387
R0007423,D0008555
R0005005,D0005791
R0023367,D0027123
R0012315,D0014363
R0029886,D0034728
R0013798,D0016109
R0026042,D0030248
R0001879,D0002193
R0000615,D0000726
R0022175,D0025777
R0036410,D0042690
R0007000,D0008071
R0031854,D0036972
R0032960,D0038391
R0032615,D0037960
R0020456,D0023790
R0007807,D0009005
R0017880,D0020776
R0013484,D0015757
R0029847,D0034686
R0034355,D0040132
R0003116,D0003637
R0018405,D0021389
R0017846,D0020739
R0014684,D0017089
R0010400,D0012108
R0034598,D0040450
R0000420,D0000495
R0005787,D0006708
R0018233,D0021185
R0024495,D0028458
R0027322,D0031751
R0000258,D0000309
R0023791,D0027615
R0035145,D0041087
R0033730,D0039324
R0008276,D0009571
R0008869,D0010279
R0005973,D0006919
R0018748,D0021790
R0030503,D0035421
R0016561,D0019255
R0019568,D0022743
R0007178,D0008283
R0024160,D0028045
R0037032,D0043419
R0007097,D0008183
R0013856,D0016170
R0024007,D0027871
R0016371,D0019042
R0021659,D0025192
R0006550,D0007563
R0004432,D0005136
R0002714,D0003172
R0026495,D0030778
R0020231,D0023535
R0038386,D0044967
R0036873,D0043240
R0027014,D0031407
R0002293,D0002686
R0010484,D0012205
R0037074,D0043464
R0001623,D0001898
R0028581,D0033235
R0028108,D0032670
R0010813,D0012596
R0031272,D0036295
R0022397,D0026036
R0037469,D0043905
R0025176,D0029244
R0036205,D0042438
R0011416,D0013316
R0019891,D0023116
R0006712,D0007745
R0024807,D0028814
R0008174,D0009444
R0011218,D0013085
R0009686,D0011255
R0028624,D0033286
R0021150,D0024606
R0021974,D0025547
R0001791,D0002094
R0038401,D0044983
R0026743,D0031080
R0031640,D0036713
R0008596,D0009952
R0025902,D0030079
R0033319,D0038807
R0013381,D0015636
R0036357,D0042623
R0015020,D0017474
R0000543,D0000638
R0021663,D0025196
R0030985,D0035968
R0010213,D0011877
R0003868,D0004486
R0016589,D0019293
R0032432,D0037722
R0014024,D0016350
R0024475,D0028427
R0038137,D0044677
R0022232,D0025846
R0034493,D0040313
R0027418,D0031863
R0024229,D0028131
R0031205,D0036215
R0005561,D0006443
R0031425,D0036471
R0012644,D0014773
R0001521,D0001776
R0025276,D0029362
R0005628,D0006526
R0033365,D0038860
R0023596,D0027388
R0035099,D0041034
R0002275,D0002665
R0018317,D0021290
R0027207,D0031626
R0037347,D0043768
R0006462,D0007466
R0028276,D0032870
R0032135,D0037334
R0036528,D0042829
R0026124,D0030352
R0006251,D0007227
R0016066,D0018682
R0024303,D0028216
R0016590,D0019294
R0004343,D0005034
R0030309,D0035199
R0013644,D0015938
R0037251,D0043663
R0014462,D0016849
R0020801,D0024211
R0034428,D0040222
R0017726,D0020604
R0013517,D0015796
R0010982,D0012796
R0033892,D0039555
R0019415,D0022570
R0013434,D0015702
R0036404,D0042683
R0036823,D0043181
R0029197,D0033953
R0006523,D0007535
R0000796,D0000947
R0035738,D0041819
R0017525,D0020374
R0026237,D0030482
R0025660,D0029795
R0016239,D0018888
R0022181,D0025783
R0025033,D0029070
R0021620,D0025150
R0025424,D0029533
R0018066,D0020987
R0035011,D0040940
R0001541,D0001798
R0004390,D0005086
R0001218,D0001430
R0023728,D0027544
R0032116,D0037314
R0015725,D0018277
R0004030,D0004676
R0017830,D0020722
R0012305,D0014348
R0008662,D0010030
R0010996,D0012813
R0005528,D0006403
R0015533,D0018049
R0001693,D0001973
R0036092,D0042298
R0019519,D0022690
R0029188,D0033941
R0019759,D0022962
R0001516,D0001770
R0010886,D0012683
R0017072,D0019850
R0033512,D0039031
R0013522,D0015802
R0027688,D0032175
R0033099,D0038554
R0020697,D0024087
R0038780,D0045414
R0035645,D0041694
R0033983,D0039669
R0000119,D0000145
R0014360,D0016733
R0038556,D0045156
R0008498,D0009841
R0031368,D0036407
R0012222,D0014252
R0032908,D0038323
R0024188,D0028080
R0036606,D0042924
R0021684,D0025221
R0005781,D0006701
R0007404,D0008533
R0011708,D0013643
R0005067,D0005867
R0025495,D0029613
R0025851,D0030018
R0003714,D0004315
R0025023,D0029059
R0013860,D0016174
R0020566,D0023920
R0014406,D0016783
R0031207,D0036217
R0029713,D0034540
R0001788,D0002090
R0020522,D0023869
R0002612,D0003053
R0013857,D0016171
R0012724,D0014869
R0011525,D0013438
R0005182,D0005998
R0018727,D0021766
R0008012,D0009247
R0030058,D0034917
R0018128,D0021062
R0035791,D0041880
R0025277,D0029363
R0004561,D0005291
R0025690,D0029828
R0034830,D0040728
R0008249,D0009537
R0003814,D0004423
R0010712,D0012472
R0026200,D0030440
R0024319,D0028235
R0021297,D0024774
R0028112,D0032676
R0005119,D0005927
R0002211,D0002591
R0007706,D0008889
R0014435,D0016817
R0003204,D0003740
R0024831,D0028841
R0034716,D0040596
R0029102,D0033843
R0003443,D0004003
R0028318,D0032923
R0038972,D0045637
R0031714,D0036795
R0005942,D0006881
R0006608,D0007627
R0021788,D0025335
R0038231,D0044782
R0022930,D0026624
R0035078,D0041012
R0024952,D0028980
R0007533,D0008684
R0013084,D0015289
R0014969,D0017414
R0023043,D0026750
R0024708,D0028705
R0014289,D0016657
R0022814,D0026500
R0035455,D0041457
R0023528,D0027315
R0009732,D0011308
R0020408,D0023735
R0025227,D0029302
R0026204,D0030446
R0030293,D0035183
R0026598,D0030907
R0004770,D0005533
R0026326,D0030584
R0010099,D0011744
R0019131,D0022238
R0032361,D0037627
R0009286,D0010782
R0018879,D0021936
R0036789,D0043135
R0031395,D0036436
R0006298,D0007281
R0008856,D0010265
R0032699,D0038067
R0034415,D0040203
R0035193,D0041144
R0000416,D0000490
R0023062,D0026771
R0023523,D0027308
R0016940,D0019702
R0028737,D0033412
R0012422,D0014497
R0030287,D0035176
R0035151,D0041094
R0011361,D0013250
R0019359,D0022509
R0037419,D0043849
R0021194,D0024655
R0016402,D0019078
R0030348,D0035243
R0013858,D0016172
R0036288,D0042549
R0036552,D0042856
R0032226,D0037452
R0032561,D0037892
R0006978,D0008045
R0025746,D0029890
R0017117,D0019903
R0009613,D0011170
R0026501,D0030787
R0036738,D0043072
R0014731,D0017148
R0003835,D0004446
R0030691,D0035634
R0013949,D0016267
R0003820,D0004431
R0018315,D0021287
R0013143,D0015357
R0037657,D0044119
R0013206,D0015429
R0004877,D0005655
R0033483,D0038997
R0005745,D0006661
R0032424,D0037711
R0018295,D0021262
R0021764,D0025308
R0021841,D0025391
R0018972,D0022050
R0020104,D0023379
R0029337,D0034111
R0023511,D0027295
R0031713,D0036794
R0013162,D0015382
R0001448,D0001693
R0009454,D0010978
R0007659,D0008839
R0004670,D0005417
R0030871,D0035843
R0027406,D0031849
R0037295,D0043711
R0007657,D0008837
R0035360,D0041333
R0035184,D0041135
R0022974,D0026673
R0038366,D0044939
R0036720,D0043052
R0037621,D0044081
R0006342,D0007327
R0034110,D0039824
R0007119,D0008210
R0032542,D0037872
R0034833,D0040731
R0028152,D0032724
R0014842,D0017272
R0036692,D0043024
R0004536,D0005260
R0009955,D0011570
R0007671,D0008851
R0016425,D0019104
R0023595,D0027387
R0005209,D0006028
R0005260,D0006086
R0019808,D0023017
R0019725,D0022926
R0033472,D0038985
R0023538,D0027327
R0034864,D0040772
R0036952,D0043327
R0020316,D0023635
R0039099,D0045778
R0015097,D0017560
R0009567,D0011117
R0031172,D0036180
R0007924,D0009144
R0006931,D0007995
R0021234,D0024703
R0017240,D0020046
R0030376,D0035273
R0019906,D0023133
R0022882,D0026570
R0007942,D0009165
R0024539,D0028509
R0029372,D0034149
R0013443,D0015713
R0021768,D0025312
R0005687,D0006591
R0015799,D0018363
R0026991,D0031381
R0025260,D0029343
R0011995,D0013983
R0013479,D0015752
R0007887,D0009100
R0036468,D0042760
R0013952,D0016271
R0005681,D0006583
R0007862,D0009066
R0011902,D0013871
R0009166,D0010636
R0026808,D0031161
R0015082,D0017544
R0037302,D0043720
R0020179,D0023471
R0034647,D0040511
R0013419,D0015682
R0013379,D0015633
R0010836,D0012626
R0003589,D0004170
R0011877,D0013830
R0010191,D0011852
R0006691,D0007720
R0011041,D0012870
R0007356,D0008481
R0021649,D0025180
R0010005,D0011628
R0021916,D0025484
R0007103,D0008192
R0000012,D0000014
R0002789,D0003256
R0021882,D0025435
R0037412,D0043842
R0034187,D0039926
R0003082,D0003597
R0024174,D0028064
R0004099,D0004755
R0024705,D0028701
R0035640,D0041689
R0012640,D0014768
R0021672,D0025206
R0020878,D0024301
R0014676,D0017080
R0001582,D0001849
R0037744,D0044217
R0008399,D0009723
R0023837,D0027665
R0001211,D0001423
R0034447,D0040246
R0025987,D0030187
R0038403,D0044986
R0034758,D0040647
R0038275,D0044834
R0034961,D0040880
R0001138,D0001345
R0015158,D0017629
R0018540,D0021546
R0003907,D0004529
R0000539,D0000634
R0022508,D0026161
R0031939,D0037086
R0025710,D0029852
R0023010,D0026711
R0037460,D0043895
R0022290,D0025913
R0034100,D0039812
R0020094,D0023369
R0028044,D0032596
R0012710,D0014851
R0022604,D0026265
R0031387,D0036427
R0003497,D0004061
R0005692,D0006596
R0029852,D0034691
R0023949,D0027799
R0038721,D0045342
R0017441,D0020277
R0020615,D0023983
R0009623,D0011182
R0026654,D0030973
R0013740,D0016044
R0030095,D0034961
R0011819,D0013761
R0035715,D0041786
R0002367,D0002768
R0034402,D0040184
R0032630,D0037984
R0035247,D0041204
R0028836,D0033526
R0012417,D0014490
R0031641,D0036714
R0035838,D0041952
R0007929,D0009150
R0028078,D0032635
R0011186,D0013051
R0003846,D0004459
R0033304,D0038790
R0017315,D0020133
R0022502,D0026154
R0015727,D0018280
R0037003,D0043389
R0017484,D0020328
R0002069,D0002421
R0018789,D0021835
R0001910,D0002226
R0009414,D0010929
R0024840,D0028853
R0020193,D0023490
R0017941,D0020846
R0036486,D0042779
R0016421,D0019099
R0017458,D0020295
R0032624,D0037973
R0027022,D0031415
R0036147,D0042365
R0028865,D0033561
R0022342,D0025969
R0038421,D0045005
R0034687,D0040559
R0001256,D0001479
R0020859,D0024280
R0012638,D0014765
R0037279,D0043694
R0001510,D0001764
R0030738,D0035691
R0038437,D0045022
R0009014,D0010445
R0035462,D0041465
R0004858,D0005630
R0020023,D0023281
R0008652,D0010019
R0011937,D0013915
R0026322,D0030580
R0036369,D0042638
R0001680,D0001959
R0017448,D0020285
R0037507,D0043946
R0005768,D0006688
R0009727,D0011303
R0006707,D0007740
R0036045,D0042242
R0020785,D0024193
R0037685,D0044150
R0005388,D0006234
R0024311,D0028225
R0010958,D0012766
R0026410,D0030676
R0025212,D0029285
R0030118,D0034986
R0022897,D0026588
R0012112,D0014118
R0034412,D0040199
R0013872,D0016186
R0037438,D0043872
R0022873,D0026561
R0033141,D0038597
R0025299,D0029393
R0022475,D0026123
R0012228,D0014258
R0013674,D0015974
R0009492,D0011022
R0022610,D0026272
R0031951,D0037105
R0027260,D0031684
R0005817,D0006741
R0037090,D0043481
R0024706,D0028703
R0036695,D0043027
R0021186,D0024647
R0003122,D0003644
R0031851,D0036969
R0011659,D0013590
R0024061,D0027931
R0023941,D0027789
R0003981,D0004617
R0027864,D0032387
R0022883,D0026571
R0023657,D0027459
R0020439,D0023769
R0012003,D0013993
R0021598,D0025128
R0005876,D0006807
R0034852,D0040759
R0013955,D0016274
R0020520,D0023867
R0029064,D0033798
R0036651,D0042983
R0004827,D0005595
R0012324,D0014375
R0027517,D0031976
R0027359,D0031797
R0032322,D0037581
R0015299,D0017783
R0004295,D0004980
R0003534,D0004107
R0003071,D0003586
R0004645,D0005390
R0007411,D0008541
R0004581,D0005313
R0019567,D0022742
R0005638,D0006537
R0018963,D0022037
R0037043,D0043430
R0005501,D0006372
R0036138,D0042356
R0020967,D0024400
R0035060,D0040992
R0015389,D0017888
R0008829,D0010230
R0012891,D0015063
R0020293,D0023611
R0037152,D0043550
R0009072,D0010520
R0003177,D0003708
R0037730,D0044200
R0029378,D0034157
R0025077,D0029124
R0035870,D0041997
R0013999,D0016324
R0008686,D0010058
R0009559,D0011105
R0024932,D0028957
R0025624,D0029757
R0000669,D0000783
R0024523,D0028488
R0025090,D0029142
R0003112,D0003632
R0000979,D0001158
R0022738,D0026413
R0037124,D0043519
R0018351,D0021329
R0012969,D0015152
R0007292,D0008411
R0013839,D0016152
R0001454,D0001699
R0030031,D0034889
R0002900,D0003388
R0027171,D0031583
R0016804,D0019549
R0011841,D0013786
R0018300,D0021269
R0021700,D0025239
R0018849,D0021900
R0028253,D0032844
R0018889,D0021948
R0015349,D0017841
R0007241,D0008350
R0025072,D0029117
R0001121,D0001325
R0016092,D0018711
R0009637,D0011197
R0013000,D0015187
R0020174,D0023463
R0003364,D0003914
R0018807,D0021856
R0015298,D0017782
R0010067,D0011701
R0011341,D0013224
R0038308,D0044869
R0002695,D0003152
R0029542,D0034341
R0013001,D0015188
R0001393,D0001627
R0002448,D0002860
R0004690,D0005438
R0021529,D0025047
R0007013,D0008086
R0035881,D0042008
R0028424,D0033046
R0016910,D0019670
R0013625,D0015919
R0004416,D0005116
R0016429,D0019108
R0007154,D0008256
R0033381,D0038880
R0029853,D0034692
R0008985,D0010411
R0031399,D0036440
R0014971,D0017416
R0016412,D0019090
R0001090,D0001288
R0000397,D0000469
R0016830,D0019579
R0029540,D0034339
R0011031,D0012857
R0033136,D0038592
R0035439,D0041434
R0012286,D0014326
R0021898,D0025457
R0020808,D0024220
R0018758,D0021800
R0033033,D0038476
R0000544,D0000640
R0035419,D0041410
R0025692,D0029830
R0035818,D0041923
R0007926,D0009147
R0011839,D0013784
R0002420,D0002830
R0015673,D0018217
R0032370,D0037644
R0004668,D0005414
R0037909,D0044407
R0022283,D0025903
R0009227,D0010714
R0022030,D0025607
R0036361,D0042627
R0032001,D0037167
R0003258,D0003799
R0012090,D0014093
R0014160,D0016507
R0037860,D0044350
R0023614,D0027408
R0035342,D0041312
R0022813,D0026499
R0013242,D0015473
R0015795,D0018359
R0010553,D0012280
R0024103,D0027979
R0027081,D0031481
R0012362,D0014419
R0022515,D0026168
R0022318,D0025942
R0008663,D0010031
R0031793,D0036897
R0029478,D0034266
R0012539,D0014641
R0010708,D0012468
R0012796,D0014955
R0002490,D0002909
R0036782,D0043124
R0013990,D0016315
R0034827,D0040724
R0022282,D0025902
R0007137,D0008233
R0012867,D0015037
R0038871,D0045521
R0036924,D0043295
R0003626,D0004213
R0022606,D0026267
R0007994,D0009225
R0034387,D0040168
R0029140,D0033886
R0029333,D0034107
R0026570,D0030868
R0027869,D0032392
R0019549,D0022722
R0011471,D0013376
R0038717,D0045338
R0003309,D0003855
R0032071,D0037264
R0019469,D0022631
R0010158,D0011811
R0030446,D0035350
R0014768,D0017185
R0035991,D0042163
R0026734,D0031071
R0004307,D0004993
R0005254,D0006080
R0017955,D0020863
R0006200,D0007168
R0027375,D0031814
R0012552,D0014656
R0018959,D0022031
R0001666,D0001944
R0035046,D0040976
R0001370,D0001602
R0031568,D0036634
R0017116,D0019901
R0032836,D0038243
R0026189,D0030426
R0002965,D0003462
R0034206,D0039951
R0024571,D0028545
R0018818,D0021867
R0013474,D0015746
R0029053,D0033786
R0015041,D0017500
R0025405,D0029512
R0030786,D0035744
R0025627,D0029760
R0023437,D0027202
R0000156,D0000187
R0026075,D0030292
R0000681,D0000800
R0002136,D0002506
R0036088,D0042291
R0008677,D0010048
R0018517,D0021522
R0019761,D0022965
R0022921,D0026614
R0013876,D0016190
R0035976,D0042144
R0016467,D0019149
R0009992,D0011612
R0007240,D0008349
R0019500,D0022667
R0002853,D0003332
R0033830,D0039465
R0020121,D0023398
R0019022,D0022110
R0026447,D0030717
R0035964,D0042129
R0028600,D0033255
R0015311,D0017798
R0019097,D0022198
R0018372,D0021350
R0015813,D0018379
R0018543,D0021549
R0019496,D0022662
R0036210,D0042448
R0015748,D0018305
R0022514,D0026167
R0027009,D0031401
R0026886,D0031250
R0002567,D0003001
R0007270,D0008387
R0037417,D0043847
R0002836,D0003312
R0021997,D0025573
R0028653,D0033320
R0009190,D0010666
R0015434,D0017938
R0024572,D0028547
R0000937,D0001109
R0035103,D0041040
R0026847,D0031210
R0036630,D0042955
R0004101,D0004758
R0026779,D0031126
R0031725,D0036806
R0019484,D0022648
R0036429,D0042717
R0038055,D0044580
R0025391,D0029497
R0031510,D0036571
R0025501,D0029620
R0001764,D0002054
R0024775,D0028778
R0031975,D0037137
R0030241,D0035124
R0002911,D0003401
R0028928,D0033637
R0022779,D0026460
R0036618,D0042939
R0014595,D0016993
R0026075,D0030290
R0021433,D0024938
R0010360,D0012058
R0035198,D0041149
R0007927,D0009148
R0007267,D0008384
R0015681,D0018225
R0008800,D0010193
R0010810,D0012593
R0028912,D0033617
R0035658,D0041712
R0033459,D0038971
R0015847,D0018422
R0035372,D0041351
R0017280,D0020093
R0019793,D0023000
R0012654,D0014783
R0038944,D0045604
R0011599,D0013518
R0021345,D0024834
R0028049,D0032602
R0038021,D0044537
R0032640,D0037998
R0031492,D0036551
R0019528,D0022699
R0015678,D0018222
R0003445,D0004005
R0032192,D0037407
R0021591,D0025120
R0027610,D0032085
R0013606,D0015898
R0011774,D0013714
R0032160,D0037370
R0002380,D0002785
R0029881,D0034723
R0032840,D0038248
R0021515,D0025031
R0004705,D0005453
R0004053,D0004703
R0014628,D0017028
R0037864,D0044355
R0027697,D0032185
R0021876,D0025429
R0011155,D0013016
R0023660,D0027462
R0029185,D0033938
R0023196,D0026929
R0000436,D0000512
R0020754,D0024155
R0031347,D0036385
R0025678,D0029813
R0034582,D0040433
R0010778,D0012553
R0013924,D0016240
R0034671,D0040540
R0003845,D0004458
R0004854,D0005625
R0005834,D0006760
R0023180,D0026912
R0006506,D0007514
R0002371,D0002773
R0003785,D0004392
R0038766,D0045398
R0010156,D0011809
R0002763,D0003228
R0003480,D0004044
R0016845,D0019595
R0027653,D0032134
R0009864,D0011460
R0019658,D0022848
R0012765,D0014918
R0002284,D0002677
R0010841,D0012631
R0030520,D0035440
R0006313,D0007297
R0024668,D0028656
R0027616,D0032091
R0014237,D0016595
R0001888,D0002202
R0003469,D0004032
R0022033,D0025612
R0036603,D0042919
R0036624,D0042946
R0017333,D0020152
R0016732,D0019461
R0037916,D0044417
R0020708,D0024100
R0032158,D0037367
R0014849,D0017280
R0018286,D0021250
R0028303,D0032905
R0020539,D0023892
R0025322,D0029417
R0024552,D0028523
R0022899,D0026590
R0026286,D0030536
R0006927,D0007991
R0035289,D0041253
R0012607,D0014725
R0038004,D0044516
R0019492,D0022658
R0007755,D0008944
R0036440,D0042729
R0011768,D0013708
R0007126,D0008222
R0013575,D0015862
R0016835,D0019585
R0025121,D0029178
R0017108,D0019892
R0022812,D0026498
R0009304,D0010802
R0031679,D0036758
R0033870,D0039522
R0035941,D0042094
R0027968,D0032505
R0032270,D0037517
R0011626,D0013550
R0006906,D0007967
R0000344,D0000410
R0031289,D0036315
R0018196,D0021145
R0037839,D0044328
R0039005,D0045675
R0019586,D0022763
R0010514,D0012237
R0035201,D0041152
R0008133,D0009393
R0031626,D0036698
R0022620,D0026282
R0021115,D0024564
R0002434,D0002845
R0026158,D0030391
R0033877,D0039534
R0033681,D0039253
R0020963,D0024396
R0001140,D0001348
R0006195,D0007162
R0025186,D0029256
R0007287,D0008406
R0033617,D0039158
R0023075,D0026788
R0027587,D0032056
R0022369,D0025999
R0011666,D0013597
R0007183,D0008288
R0029595,D0034403
R0017125,D0019913
R0021718,D0025257
R0021073,D0024518
R0012323,D0014373
R0034705,D0040582
R0006256,D0007232
R0004757,D0005518
R0031768,D0036866
R0031874,D0036997
R0032268,D0037512
R0025164,D0029231
R0008491,D0009830
R0014106,D0016448
R0019530,D0022702
R0025085,D0029136
R0012414,D0014487
R0005655,D0006555
R0006121,D0007078
R0013502,D0015778
R0002897,D0003384
R0030344,D0035239
R0029065,D0033801
R0026234,D0030479
R0033876,D0039532
R0002240,D0002623
R0018780,D0021825
R0020262,D0023576
R0011696,D0013630
R0032003,D0037169
R0037237,D0043647
R0031484,D0036538
R0015095,D0017557
R0023409,D0027172
R0029857,D0034696
R0038269,D0044827
R0009031,D0010465
R0027527,D0031987
R0039124,D0045804
R0024443,D0028386
R0033978,D0039663
R0005075,D0005876
R0005233,D0006057
R0010693,D0012448
R0033534,D0039054
R0000276,D0000332
R0022084,D0025672
R0038048,D0044571
R0019147,D0022258
R0001170,D0001381
R0019812,D0023024
R0037056,D0043445
R0022064,D0025648
R0025631,D0029765
R0022980,D0026679
R0011203,D0013070
R0017542,D0020396
R0031391,D0036432
R0035111,D0041050
R0028107,D0032669
R0010423,D0012132
R0010934,D0012740
R0001728,D0002013
R0010234,D0011908
R0032015,D0037190
R0004722,D0005474
R0030385,D0035282
R0013229,D0015460
R0018716,D0021755
R0021742,D0025283
R0024869,D0028886
R0038541,D0045140
R0002158,D0002528
R0038738,D0045363
R0004714,D0005465
R0011474,D0013381
R0007130,D0008226
R0023264,D0027002
R0020040,D0023307
R0001756,D0002046
R0006898,D0007958
R0012445,D0014531
R0030972,D0035953
R0015282,D0017766
R0020743,D0024142
R0005372,D0006217
R0033344,D0038835
R0034034,D0039726
R0004895,D0005675
R0021959,D0025531
R0025202,D0029275
R0025233,D0029309
R0033838,D0039475
R0013799,D0016110
R0003501,D0004065
R0026396,D0030662
R0026015,D0030218
R0020645,D0024020
R0024990,D0029021
R0005218,D0006037
R0034866,D0040774
R0002636,D0003078
R0025779,D0029930
R0004257,D0004935
R0003455,D0004015
R0013973,D0016295
R0013727,D0016031
R0004753,D0005513
R0008617,D0009978
R0023966,D0027820
R0029093,D0033834
R0037996,D0044507
R0007649,D0008829
R0014307,D0016676
R0018456,D0021454
R0038312,D0044873
R0032603,D0037943
R0009504,D0011037
R0014384,D0016757
R0026719,D0031053
R0006768,D0007808
R0001926,D0002246
R0025263,D0029347
R0016884,D0019638
R0017352,D0020176
R0015477,D0017986
R0018657,D0021684
R0000932,D0001104
R0012648,D0014777
R0011955,D0013935
R0017272,D0020083
R0020598,D0023961
R0010393,D0012099
R0037557,D0044007
R0033485,D0038999
R0003230,D0003768
R0026712,D0031042
R0000292,D0000350
R0038856,D0045503
R0033380,D0038877
R0017459,D0020297
R0016072,D0018688
R0018828,D0021879
R0037314,D0043733
R0039075,D0045751
R0003772,D0004378
R0038431,D0045015
R0000220,D0000263
R0000756,D0000896
R0001712,D0001994
R0001406,D0001643
R0007714,D0008899
R0020499,D0023844
R0033284,D0038770
R0006119,D0007076
R0004702,D0005450
R0031366,D0036405
R0010990,D0012806
R0031280,D0036304
R0031195,D0036205
R0008621,D0009982
R0038712,D0045333
R0031955,D0037109
R0028153,D0032725
R0014887,D0017321
R0029535,D0034333
R0004345,D0005036
R0005859,D0006789
R0002348,D0002748
R0038340,D0044908
R0037190,D0043597
R0034284,D0040046
R0022957,D0026654
R0023624,D0027421
R0021021,D0024463
R0032590,D0037927
R0006698,D0007727
R0036339,D0042604
R0022653,D0026315
R0006395,D0007388
R0017682,D0020554
R0014365,D0016738
R0029581,D0034386
R0035038,D0040967
R0036675,D0043007
R0035905,D0042041
R0021940,D0025511
R0011207,D0013074
R0017645,D0020511
R0003590,D0004172
R0028842,D0033534
R0034232,D0039980
R0010590,D0012324
R0036183,D0042413
R0009606,D0011162
R0008386,D0009701
R0028180,D0032756
R0008522,D0009867
R0007728,D0008916
R0004504,D0005225
R0021331,D0024819
R0021466,D0024975
R0010694,D0012449
R0030789,D0035747
R0029579,D0034384
R0002043,D0002387
R0002063,D0002415
R0022075,D0025661
R0008239,D0009524
R0021868,D0025420
R0012579,D0014693
R0006904,D0007965
R0032241,D0037477
R0014624,D0017024
R0015481,D0017992
R0004206,D0004876
R0009380,D0010890
R0007535,D0008686
R0032179,D0037392
R0026222,D0030466
R0033881,D0039540
R0036669,D0043001
R0020525,D0023874
R0022601,D0026261
R0013500,D0015776
R0026861,D0031224
R0035624,D0041666
R0017285,D0020102
R0000910,D0001077
R0005288,D0006120
R0012904,D0015076
R0020259,D0023571
R0026244,D0030489
R0001078,D0001273
R0034025,D0039714
R0020845,D0024262
R0017131,D0019919
R0016885,D0019640
R0033205,D0038674
R0025563,D0029693
R0000254,D0000305
R0003330,D0003879
R0039258,D0045961
R0016591,D0019295
R0003341,D0003891
R0007652,D0008832
R0036538,D0042839
R0015281,D0017765
R0036518,D0042819
R0033542,D0039062
R0033894,D0039557
R0017255,D0020062
R0035932,D0042080
R0026615,D0030927
R0000432,D0000508
R0020002,D0023255
R0022994,D0026694
R0034114,D0039830
R0017910,D0020810
R0027194,D0031611
R0006434,D0007432
R0028165,D0032740
R0007996,D0009227
R0030047,D0034906
R0037137,D0043534
R0012317,D0014365
R0006562,D0007577
R0028098,D0032659
R0024057,D0027926
R0034770,D0040660
R0015935,D0018529
R0028494,D0033135
R0004901,D0005681
R0017810,D0020699
R0032766,D0038149
R0019986,D0023237
R0014350,D0016721
R0001642,D0001919
R0012220,D0014248
R0015109,D0017573
R0030568,D0035496
R0001957,D0002283
R0017637,D0020500
R0008161,D0009428
R0006333,D0007318
R0036047,D0042245
R0011227,D0013094
R0030078,D0034942
R0037125,D0043520
R0013498,D0015774
R0012111,D0014117
R0010427,D0012137
R0035899,D0042033
R0013041,D0015232
R0020822,D0024238
R0024619,D0028602
R0025104,D0029157
R0016513,D0019201
R0028289,D0032887
R0021688,D0025225
R0013738,D0016042
R0004771,D0005534
R0009287,D0010783
R0022681,D0026347
R0037743,D0044216
R0009112,D0010571
R0002858,D0003338
R0023470,D0027243
R0006583,D0007599
R0007558,D0008711
R0020133,D0023412
R0015104,D0017567
R0014607,D0017006
R0033190,D0038656
R0009483,D0011010
R0002904,D0003392
R0004290,D0004974
R0010383,D0012087
R0003264,D0003807
R0004271,D0004954
R0008333,D0009637
R0037210,D0043617
R0010757,D0012526
R0012918,D0015092
R0011271,D0013144
R0014612,D0017011
R0017518,D0020367
R0005320,D0006156
R0016021,D0018630
R0015107,D0017570
R0002398,D0002806
R0029664,D0034484
R0019257,D0022390
R0002551,D0002983
R0038739,D0045364
R0016511,D0019198
R0027253,D0031676
R0012946,D0015128
R0008956,D0010375
R0034426,D0040219
R0022893,D0026583
R0018492,D0021495
R0027354,D0031791
R0037462,D0043897
R0023579,D0027371
R0030222,D0035101
R0028062,D0032617
R0019782,D0022989
R0021402,D0024904
R0036423,D0042707
R0012900,D0015072
R0003193,D0003729
R0026941,D0031321
R0009715,D0011290
R0025944,D0030131
R0004654,D0005399
R0011740,D0013678
R0035599,D0041635
R0021411,D0024913
R0006911,D0007972
R0020310,D0023629
R0034068,D0039766
R0017351,D0020174
R0032677,D0038044
R0038673,D0045288
R0028776,D0033459
R0034006,D0039694
R0021744,D0025285
R0025589,D0029720
R0002119,D0002483
R0039033,D0045705
R0037414,D0043844
R0019599,D0022780
R0020173,D0023461
R0019100,D0022201
R0012046,D0014042
R0012465,D0014557
R0028799,D0033486
R0030663,D0035604
R0025878,D0030048
R0032796,D0038189
R0034870,D0040778
R0037740,D0044213
R0000069,D0000085
R0035722,D0041799
R0001634,D0001911
R0004609,D0005351
R0038233,D0044784
R0006753,D0007793
R0024755,D0028757
R0000839,D0000996
R0019047,D0022145
R0007674,D0008854
R0031924,D0037068
R0009520,D0011058
R0023426,D0027191
R0014737,D0017154
R0006044,D0006997
R0011905,D0013875
R0011579,D0013496
R0029152,D0033901
R0010375,D0012077
R0008568,D0009916
R0007255,D0008371
R0018014,D0020925
R0024603,D0028584
R0004948,D0005730
R0027578,D0032047
R0008840,D0010248
R0002655,D0003101
R0020158,D0023443
R0013633,D0015927
R0006310,D0007294
R0025852,D0030019
R0023887,D0027720
R0010124,D0011774
R0030368,D0035265
R0028046,D0032598
R0035914,D0042053
R0035944,D0042100
R0014571,D0016968
R0035967,D0042132
R0036944,D0043316
R0000332,D0000397
R0003323,D0003871
R0008273,D0009567
R0022778,D0026459
R0015849,D0018425
R0022463,D0026110
R0012026,D0014018
R0024420,D0028355
R0019806,D0023015
R0020706,D0024098
R0037951,D0044457
R0010190,D0011851
R0035700,D0041763
R0036761,D0043098
R0017453,D0020290
R0022472,D0026120
R0037944,D0044449
R0013923,D0016239
R0022521,D0026174
R0010345,D0012040
R0024129,D0028011
R0025481,D0029597
R0030483,D0035394
R0015954,D0018548
R0034786,D0040680
R0035267,D0041227
R0033835,D0039471
R0026531,D0030823
R0007836,D0009037
R0005983,D0006929
R0033340,D0038831
R0030876,D0035848
R0015429,D0017933
R0022626,D0026288
R0018411,D0021396
R0016212,D0018855
R0002972,D0003470
R0005902,D0006837
R0036381,D0042651
R0035327,D0041295
R0032335,D0037594
R0018130,D0021068
R0022420,D0026062
R0027062,D0031460
R0035745,D0041827
R0030753,D0035709
R0025310,D0029405
R0023904,D0027739
R0028428,D0033050
R0032714,D0038089
R0031379,D0036419
R0018792,D0021838
R0037198,D0043605
R0025792,D0029947
R0032073,D0037266
R0001578,D0001844
R0007736,D0008924
R0024974,D0029003
R0008447,D0009782
R0008785,D0010177
R0006579,D0007595
R0020446,D0023779
R0005625,D0006523
R0019064,D0022163
R0020786,D0024194
R0027862,D0032385
R0003226,D0003764
R0017411,D0020245
R0000781,D0000928
R0020971,D0024404
R0007687,D0008868
R0019735,D0022937
R0001210,D0001422
R0029005,D0033731
R0017040,D0019814
R0015408,D0017909
R0032318,D0037575
R0006878,D0007933
R0008087,D0009337
R0034169,D0039904
R0002687,D0003142
R0000264,D0000316
R0030178,D0035050
R0003607,D0004192
R0021861,D0025412
R0021848,D0025399
R0035479,D0041486
R0025084,D0029135
R0002449,D0002861
R0005999,D0006947
R0011627,D0013551
R0005953,D0006894
R0033253,D0038734
R0016562,D0019256
R0031530,D0036594
R0038543,D0045142
R0020449,D0023782
R0000660,D0000773
R0012787,D0014944
R0019382,D0022536
R0018617,D0021632
R0001564,D0001823
R0006864,D0007918
R0005345,D0006184
R0007208,D0008315
R0026731,D0031067
R0025253,D0029333
R0012458,D0014550
R0018931,D0021998
R0013728,D0016032
R0033109,D0038564
R0019809,D0023020
R0030566,D0035494
R0032182,D0037396
R0026103,D0030324
R0007284,D0008403
R0006770,D0007810
R0037268,D0043681
R0029806,D0034639
R0000738,D0000875
R0009645,D0011207
R0013828,D0016141
R0032090,D0037285
R0037240,D0043650
R0025578,D0029708
R0023977,D0027836
R0030371,D0035268
R0030781,D0035739
R0022410,D0026051
R0006407,D0007402
R0025698,D0029837
R0027875,D0032400
R0034742,D0040626
R0034014,D0039702
R0039189,D0045882
R0018632,D0021651
R0029597,D0034405
R0030825,D0035791
R0031912,D0037047
R0011827,D0013771
R0015148,D0017619
R0001725,D0002010
R0020021,D0023279
R0031221,D0036232
R0024915,D0028939
R0025462,D0029575
R0013570,D0015856
R0028008,D0032550
R0004818,D0005586
R0012273,D0014311
R0006332,D0007317
R0007468,D0008609
R0008964,D0010387
R0002498,D0002922
R0009019,D0010451
R0008914,D0010329
R0032889,D0038300
R0011658,D0013588
R0000943,D0001118
R0017874,D0020770
R0015267,D0017749
R0005128,D0005940
R0028104,D0032666
R0028907,D0033612
R0037452,D0043887
R0015689,D0018236
R0004839,D0005608
R0012279,D0014317
R0023527,D0027314
R0024483,D0028438
R0013149,D0015364
R0006382,D0007372
R0018761,D0021803
R0006511,D0007519
R0017565,D0020422
R0011120,D0012970
R0018125,D0021058
R0013589,D0015881
R0036002,D0042179
R0006220,D0007190
R0026986,D0031373
R0017018,D0019789
R0029861,D0034700
R0016973,D0019740
R0014026,D0016352
R0007291,D0008410
R0038032,D0044553
R0006504,D0007512
R0027741,D0032233
R0020863,D0024284
R0038544,D0045143
R0003995,D0004633
R0021279,D0024754
R0036471,D0042764
R0006479,D0007485
R0017954,D0020862
R0023041,D0026748
R0027148,D0031556
R0021771,D0025316
R0026102,D0030322
R0027262,D0031686
R0016753,D0019489
R0024594,D0028573
R0002626,D0003068
R0033463,D0038975
R0011014,D0012837
R0006752,D0007792
R0028309,D0032911
R0035411,D0041398
R0004346,D0005037
R0020349,D0023671
R0031965,D0037121
R0005041,D0005837
R0015723,D0018274
R0007767,D0008962
R0022185,D0025787
R0038723,D0045344
R0004171,D0004836
R0023237,D0026971
R0013056,D0015254
R0015540,D0018057
R0015685,D0018232
R0003755,D0004360
R0017781,D0020666
R0030267,D0035153
R0031163,D0036169
R0021363,D0024856
R0033013,D0038455
R0028888,D0033588
R0037437,D0043871
R0034988,D0040910
R0018718,D0021757
R0015893,D0018480
R0030514,D0035433
R0037987,D0044497
R0018791,D0021837
R0008742,D0010125
R0019389,D0022543
R0026408,D0030674
R0000956,D0001131
R0023224,D0026957
R0005281,D0006112
R0029370,D0034147
R0002249,D0002633
R0001415,D0001652
R0038288,D0044847
R0000990,D0001170
R0037420,D0043850
R0016959,D0019724
R0028259,D0032851
R0010302,D0011988
R0034204,D0039948
R0004613,D0005355
R0018923,D0021988
R0036701,D0043033
R0024863,D0028880
R0010894,D0012691
R0028290,D0032888
R0019459,D0022619
R0015817,D0018383
R0017838,D0020731
R0000203,D0000241
R0033479,D0038993
R0024180,D0028071
R0006590,D0007607
R0010447,D0012160
R0034929,D0040843
R0033147,D0038607
R0032306,D0037559
R0034917,D0040830
R0010374,D0012076
R0007213,D0008320
R0029622,D0034433
R0032991,D0038430
R0006591,D0007608
R0025887,D0030059
R0015735,D0018289
R0035338,D0041307
R0036543,D0042845
R0016637,D0019346
R0033241,D0038718
R0023608,D0027402
R0023974,D0027832
R0032454,D0037749
R0034284,D0040047
R0032794,D0038187
R0038915,D0045571
R0000994,D0001177
R0017413,D0020247
R0036648,D0042980
R0011362,D0013251
R0029234,D0033994
R0018345,D0021322
R0009949,D0011563
R0030732,D0035684
R0012886,D0015058
R0005695,D0006599
R0023282,D0027021
R0006944,D0008010
R0016573,D0019272
R0001560,D0001819
R0001039,D0001230
R0002198,D0002574
R0034379,D0040160
R0008835,D0010242
R0005931,D0006870
R0019989,D0023240
R0023197,D0026930
R0017828,D0020720
R0005554,D0006435
R0012332,D0014386
R0033843,D0039486
R0015184,D0017657
R0001614,D0001888
R0032299,D0037552
R0028607,D0033264
R0021708,D0025247
R0035896,D0042029
R0005864,D0006794
R0000272,D0000326
R0013791,D0016101
R0031145,D0036147
R0001068,D0001262
R0006769,D0007809
R0016602,D0019307
R0015816,D0018382
R0027552,D0032014
R0018117,D0021048
R0039010,D0045680
R0024639,D0028625
R0018697,D0021732
R0008287,D0009584
R0009837,D0011432
R0007901,D0009116
R0034578,D0040428
R0002623,D0003065
R0004507,D0005228
R0030297,D0035187
R0010902,D0012703
R0037465,D0043901
R0007413,D0008543
R0022749,D0026424
R0038729,D0045353
R0039215,D0045911
R0014614,D0017013
R0002680,D0003133
R0023004,D0026705
R0007616,D0008782
R0028378,D0032994
R0014254,D0016618
R0025955,D0030146
R0018643,D0021664
R0000712,D0000843
R0030686,D0035628
R0034676,D0040546
R0013179,D0015401
R0014017,D0016343
R0028079,D0032637
R0006543,D0007556
R0001300,D0001526
R0002849,D0003326
R0008038,D0009276
R0024535,D0028503
R0024304,D0028217
R0005261,D0006088
R0019449,D0022608
R0024940,D0028965
R0020163,D0023448
R0002355,D0002756
R0017909,D0020809
R0012535,D0014635
R0018763,D0021805
R0017808,D0020697
R0014780,D0017201
R0002861,D0003341
R0032550,D0037880
R0031982,D0037145
R0019804,D0023013
R0017011,D0019782
R0000989,D0001169
R0009280,D0010776
R0006727,D0007763
R0008727,D0010108
R0007660,D0008840
R0009066,D0010514
R0002236,D0002619
R0010797,D0012578
R0001999,D0002334
R0030331,D0035225
R0005422,D0006276
R0001769,D0002062
R0016104,D0018729
R0026606,D0030916
R0010702,D0012460
R0007386,D0008513
R0032759,D0038142
R0017103,D0019883
R0028212,D0032797
R0036514,D0042811
R0027735,D0032225
R0005762,D0006680
R0022156,D0025757
R0036250,D0042500
R0023997,D0027857
R0035586,D0041618
R0011798,D0013740
R0036530,D0042831
R0024648,D0028634
R0020615,D0023984
R0015857,D0018438
R0028282,D0032878
R0038020,D0044536
R0011346,D0013230
R0014327,D0016697
R0017774,D0020658
R0000026,D0000032
R0007668,D0008848
R0010441,D0012153
R0034812,D0040708
R0017991,D0020900
R0023672,D0027475
R0002439,D0002850
R0008212,D0009493
R0025657,D0029792
R0002956,D0003452
R0010378,D0012080
R0035018,D0040947
R0023643,D0027442
R0011705,D0013639
R0011669,D0013600
R0016869,D0019622
R0016652,D0019363
R0028822,D0033512
R0038649,D0045262
R0003460,D0004022
R0035355,D0041328
R0000694,D0000817
R0024277,D0028190
R0017182,D0019976
R0014299,D0016667
R0006447,D0007447
R0035161,D0041108
R0003157,D0003684
R0022721,D0026391
R0014261,D0016627
R0010634,D0012380
R0033113,D0038568
R0022153,D0025753
R0031879,D0037002
R0006101,D0007058
R0023146,D0026876
R0010890,D0012687
R0002453,D0002866
R0005714,D0006623
R0008158,D0009425
R0033647,D0039202
R0036483,D0042776
R0012395,D0014461
R0016372,D0019043
R0006153,D0007113
R0016782,D0019523
R0007387,D0008514
R0032084,D0037278
R0026834,D0031193
R0028763,D0033444
R0004375,D0005068
R0005390,D0006236
R0034150,D0039880
R0015805,D0018371
R0023795,D0027619
R0016621,D0019326
R0017826,D0020718
R0015352,D0017844
R0030618,D0035553
R0038592,D0045197
R0029162,D0033913
R0020280,D0023596
R0005568,D0006451
R0013213,D0015438
R0014328,D0016698
R0015139,D0017610
R0003383,D0003938
R0008024,D0009262
R0010045,D0011671
R0019913,D0023141
R0026338,D0030598
R0038788,D0045424
R0017546,D0020400
R0034435,D0040232
R0031302,D0036329
R0018964,D0022039
R0037896,D0044393
R0020910,D0024335
R0003901,D0004523
R0028848,D0033543
R0014342,D0016713
R0017060,D0019837
R0038937,D0045596
R0000853,D0001011
R0008362,D0009670
R0022069,D0025653
R0031056,D0036046
R0027063,D0031461
R0023484,D0027261
R0011904,D0013873
R0028499,D0033140
R0036268,D0042525
R0017225,D0020027
R0027253,D0031675
R0004706,D0005454
R0013693,D0015995
R0003505,D0004070
R0035962,D0042127
R0029455,D0034241
R0030375,D0035272
R0033368,D0038864
R0025747,D0029891
R0007980,D0009209
R0003279,D0003822
R0030159,D0035030
R0005250,D0006076
R0019518,D0022689
R0017161,D0019953
R0015688,D0018235
R0010977,D0012791
R0016704,D0019428
R0011304,D0013183
R0028227,D0032813
R0029169,D0033920
R0038719,D0045340
R0007854,D0009057
R0018402,D0021385
R0012133,D0014142
R0017847,D0020740
R0033343,D0038834
R0007707,D0008890
R0005124,D0005936
R0006799,D0007845
R0018840,D0021891
R0021410,D0024912
R0038007,D0044520
R0033108,D0038563
R0004418,D0005118
R0006383,D0007374
R0035384,D0041367
R0017295,D0020113
R0032139,D0037339
R0021026,D0024468
R0034247,D0039999
R0005364,D0006209
R0026561,D0030856
R0030950,D0035929
R0002204,D0002582
R0037475,D0043911
R0008318,D0009618
R0025119,D0029175
R0017796,D0020683
R0026146,D0030377
R0009138,D0010603
R0029945,D0034795
R0023886,D0027719
R0032945,D0038370
R0008535,D0009882
R0006666,D0007689
R0007884,D0009096
R0014225,D0016580
R0024662,D0028649
R0020839,D0024256
R0001490,D0001743
R0024089,D0027964
R0036622,D0042943
R0033571,D0039093
R0010740,D0012506
R0008014,D0009251
R0022109,D0025704
R0020239,D0023544
R0038326,D0044889
R0015644,D0018183
R0017197,D0019994
R0012890,D0015062
R0030889,D0035863
R0002872,D0003353
R0023813,D0027638
R0024039,D0027906
R0025911,D0030091
R0026050,D0030257
R0037711,D0044180
R0039011,D0045681
R0005173,D0005988
R0001384,D0001617
R0036511,D0042808
R0002976,D0003475
R0028978,D0033694
R0008859,D0010268
R0015476,D0017985
R0025329,D0029425
R0034364,D0040143
R0011050,D0012882
R0000311,D0000372
R0000369,D0000438
R0019632,D0022821
R0008083,D0009333
R0004845,D0005614
R0027191,D0031607
R0036344,D0042609
R0003098,D0003615
R0003152,D0003679
R0013374,D0015628
R0032553,D0037883
R0010402,D0012110
R0015169,D0017641
R0006900,D0007961
R0020814,D0024227
R0010864,D0012658
R0007134,D0008230
R0000740,D0000877
R0019505,D0022673
R0001319,D0001548
R0037536,D0043983
R0033668,D0039228
R0036285,D0042546
R0022765,D0026445
R0016185,D0018823
R0001763,D0002053
R0030416,D0035314
R0033292,D0038778
R0003506,D0004071
R0008189,D0009465
R0032315,D0037570
R0012691,D0014831
R0034932,D0040848
R0019584,D0022760
R0038843,D0045487
R0016280,D0018935
R0028941,D0033651
R0036182,D0042410
R0032900,D0038314
R0020273,D0023589
R0016927,D0019689
R0000460,D0000542
R0031212,D0036222
R0026360,D0030623
R0014875,D0017309
R0009082,D0010533
R0030590,D0035523
R0028590,D0033245
R0014621,D0017021
R0030605,D0035538
R0015338,D0017829
R0015809,D0018375
R0033450,D0038960
R0036115,D0042326
R0028897,D0033598
R0036370,D0042640
R0031135,D0036136
R0032014,D0037189
R0035846,D0041963
R0035736,D0041817
R0035023,D0040952
R0024533,D0028500
R0030365,D0035262
R0006014,D0006962
R0020778,D0024183
R0019132,D0022239
R0003131,D0003653
R0028756,D0033435
R0028682,D0033353
R0028353,D0032964
R0017780,D0020665
R0030799,D0035758
R0037806,D0044291
R0033723,D0039314
R0011070,D0012906
R0000597,D0000706
R0023555,D0027344
R0018019,D0020934
R0025885,D0030057
R0000810,D0000966
R0003545,D0004119
R0028404,D0033022
R0023922,D0027763
R0014891,D0017325
R0011738,D0013675
R0037757,D0044234
R0010559,D0012289
R0036078,D0042281
R0032149,D0037354
R0000585,D0000690
R0022949,D0026644
R0034160,D0039893
R0014926,D0017367
R0019364,D0022516
R0038304,D0044865
R0029090,D0033831
R0018914,D0021978
R0008005,D0009239
R0037774,D0044254
R0022837,D0026525
R0004272,D0004955
R0029815,D0034648
R0029246,D0034006
R0012643,D0014771
R0037620,D0044080
R0036949,D0043323
R0022157,D0025758
R0021955,D0025527
R0012387,D0014450
R0022289,D0025911
R0025985,D0030185
R0037691,D0044156
R0033138,D0038594
R0002387,D0002792
R0031503,D0036563
R0020546,D0023899
R0019286,D0022429
R0020464,D0023799
R0012850,D0015018
R0009816,D0011405
R0007205,D0008312
R0010418,D0012126
R0014545,D0016937
R0018847,D0021898
R0039247,D0045945
R0024255,D0028163
R0029204,D0033961
R0023408,D0027171
R0025171,D0029238
R0038059,D0044585
R0028226,D0032812
R0038122,D0044659
R0012748,D0014900
R0012618,D0014737
R0007243,D0008353
R0011383,D0013274
R0010956,D0012764
R0034766,D0040656
R0004175,D0004841
R0024860,D0028877
R0018373,D0021351
R0035088,D0041023
R0010292,D0011977
R0038225,D0044776
R0031885,D0037010
R0028359,D0032971
R0016801,D0019546
R0011527,D0013440
R0014126,D0016470
R0024276,D0028189
R0001487,D0001737
R0017232,D0020034
R0010575,D0012308
R0010218,D0011887
R0008109,D0009366
R0019601,D0022782
R0036128,D0042344
R0007991,D0009222
R0020813,D0024226
R0018742,D0021784
R0010330,D0012023
R0009293,D0010789
R0007792,D0008987
R0032671,D0038035
R0007894,D0009107
R0029029,D0033757
R0027392,D0031833
R0002792,D0003259
R0034901,D0040814
R0014666,D0017070
R0021161,D0024619
R0028731,D0033405
R0009360,D0010869
R0024024,D0027889
R0010932,D0012738
R0027571,D0032038
R0017996,D0020905
R0030053,D0034912
R0033009,D0038451
R0025561,D0029691
R0013636,D0015930
R0011093,D0012934
R0027944,D0032478
R0019696,D0022890
R0010057,D0011688
R0016689,D0019410
R0002942,D0003436
R0011917,D0013889
R0026159,D0030393
R0035071,D0041004
R0031690,D0036770
R0000855,D0001013
R0037578,D0044029
R0002438,D0002849
R0017730,D0020608
R0008000,D0009231
R0038063,D0044589
R0012448,D0014535
R0031728,D0036811
R0020969,D0024402
R0016575,D0019274
R0026394,D0030660
R0007903,D0009118
R0017865,D0020759
R0022497,D0026145
R0015219,D0017695
R0029662,D0034482
R0013138,D0015350
R0020143,D0023425
R0011929,D0013902
R0033911,D0039579
R0034303,D0040069
R0029060,D0033794
R0001807,D0002111
R0030636,D0035574
R0007393,D0008521
R0000733,D0000870
R0010673,D0012425
R0020092,D0023367
R0034406,D0040191
R0003290,D0003833
R0029086,D0033826
R0020258,D0023569
R0035875,D0042002
R0003684,D0004278
R0000074,D0000091
R0037058,D0043447
R0033904,D0039569
R0000236,D0000281
R0029402,D0034181
R0024437,D0028379
R0024408,D0028342
R0014377,D0016750
R0010776,D0012551
R0025668,D0029803
R0000772,D0000918
R0005780,D0006700
R0022292,D0025915
R0012734,D0014879
R0001664,D0001942
R0000076,D0000095
R0036562,D0042870
R0036902,D0043272
R0000072,D0000088
R0013930,D0016247
R0034334,D0040104
R0012768,D0014923
R0027337,D0031771
R0004043,D0004693
R0001867,D0002181
R0001215,D0001427
R0029356,D0034133
R0008553,D0009901
R0023934,D0027781
R0010380,D0012083
R0024810,D0028818
R0034167,D0039902
R0008888,D0010302
R0024728,D0028728
R0004054,D0004705
R0008787,D0010179
R0005515,D0006388
R0024909,D0028931
R0020120,D0023397
R0032981,D0038418
R0017135,D0019924
R0013513,D0015792
R0027872,D0032396
R0029967,D0034818
R0020534,D0023886
R0033604,D0039141
R0032870,D0038280
R0021080,D0024525
R0024271,D0028182
R0038169,D0044714
R0039208,D0045904
R0021141,D0024593
R0002525,D0002953
R0033561,D0039081
R0032405,D0037688
R0018346,D0021323
R0024900,D0028922
R0034787,D0040681
R0022924,D0026617
R0035301,D0041266
R0036391,D0042666
R0008655,D0010023
R0006097,D0007054
R0008303,D0009601
R0029933,D0034781
R0035960,D0042125
R0002539,D0002967
R0000846,D0001004
R0026998,D0031388
R0012827,D0014991
R0038903,D0045556
R0001834,D0002146
R0000201,D0000239
R0003613,D0004198
R0025634,D0029768
R0021429,D0024934
R0010577,D0012310
R0016039,D0018652
R0013648,D0015945
R0030735,D0035687
R0026818,D0031174
R0030840,D0035808
R0031540,D0036604
R0019630,D0022819
R0005769,D0006689
R0017741,D0020620
R0029242,D0034002
R0027619,D0032094
R0006719,D0007752
R0018212,D0021163
R0025989,D0030189
R0008715,D0010093
R0022235,D0025849
R0029629,D0034442
R0036682,D0043014
R0004103,D0004760
R0031038,D0036027
R0015231,D0017709
R0028283,D0032879
R0027112,D0031517
R0003549,D0004123
R0018991,D0022075
R0012066,D0014066
R0005994,D0006941
R0012453,D0014544
R0002168,D0002539
R0008422,D0009751
R0034943,D0040861
R0003606,D0004191
R0036992,D0043375
R0010280,D0011962
R0010821,D0012604
R0033074,D0038521
R0006566,D0007581
R0028614,D0033275
R0036683,D0043015
R0009168,D0010638
R0023227,D0026960
R0000256,D0000307
R0039146,D0045830
R0010865,D0012659
R0026857,D0031220
R0022078,D0025665
R0029126,D0033870
R0007259,D0008375
R0035135,D0041077
R0033246,D0038724
R0001716,D0002001
R0029752,D0034580
R0016780,D0019521
R0024209,D0028108
R0016732,D0019462
R0023243,D0026977
R0015405,D0017905
R0003858,D0004472
R0027635,D0032115
R0003619,D0004205
R0008959,D0010380
R0005893,D0006827
R0019762,D0022966
R0002157,D0002527
R0006888,D0007945
R0004028,D0004674
R0012163,D0014175
R0025278,D0029365
R0007390,D0008517
R0020662,D0024042
R0032450,D0037744
R0023945,D0027795
R0022894,D0026585
R0032514,D0037833
R0025900,D0030076
R0004317,D0005004
R0021831,D0025380
R0017367,D0020191
R0015990,D0018591
R0005293,D0006125
R0027984,D0032523
R0039134,D0045816
R0021420,D0024923
R0007290,D0008409
R0032240,D0037476
R0038203,D0044753
R0022414,D0026056
R0015570,D0018095
R0000476,D0000562
R0019095,D0022196
R0004018,D0004662
R0023443,D0027208
R0016717,D0019444
R0000370,D0000439
R0016874,D0019627
R0038383,D0044962
R0014874,D0017308
R0031870,D0036992
R0006233,D0007207
R0003871,D0004489
R0006510,D0007518
R0009212,D0010694
R0015066,D0017527
R0035702,D0041766
R0014652,D0017054
R0000453,D0000534
R0028714,D0033388
R0035803,D0041901
R0025565,D0029695
R0034215,D0039961
R0033650,D0039207
R0000746,D0000885
R0035434,D0041426
R0018012,D0020922
R0037014,D0043400
R0005607,D0006499
R0000340,D0000405
R0019526,D0022697
R0023081,D0026794
R0018487,D0021490
R0021786,D0025332
R0013580,D0015868
R0027165,D0031577
R0036959,D0043335
R0018412,D0021397
R0004791,D0005555
R0023096,D0026814
R0002738,D0003199
R0029136,D0033882
R0021648,D0025179
R0026367,D0030630
R0025330,D0029426
R0001690,D0001970
R0001955,D0002281
R0038968,D0045630
R0008056,D0009303
R0039173,D0045861
R0022039,D0025619
R0028889,D0033589
R0001828,D0002138
R0026004,D0030207
R0013786,D0016096
R0002109,D0002472
R0037705,D0044173
R0010109,D0011756
R0017681,D0020553
R0026613,D0030924
R0032705,D0038077
R0017948,D0020854
R0008178,D0009448
R0033566,D0039087
R0025161,D0029226
R0014929,D0017370
R0029567,D0034369
R0018355,D0021333
R0033301,D0038787
R0006547,D0007560
R0010631,D0012376
R0008706,D0010081
R0019233,D0022363
R0034458,D0040261
R0037800,D0044285
R0019847,D0023067
R0008278,D0009573
R0001399,D0001634
R0004217,D0004889
R0031092,D0036088
R0012434,D0014518
R0009418,D0010935
R0038423,D0045007
R0010764,D0012534
R0015647,D0018186
R0007465,D0008605
R0012708,D0014849
R0013559,D0015844
R0019346,D0022494
R0036943,D0043315
R0005256,D0006082
R0017834,D0020727
R0037980,D0044490
R0021033,D0024476
R0018990,D0022074
R0035448,D0041447
R0029954,D0034804
R0009985,D0011604
R0000553,D0000652
R0010317,D0012006
R0033662,D0039220
R0020728,D0024124
R0026987,D0031374
R0021706,D0025245
R0009953,D0011568
R0023329,D0027077
R0010246,D0011921
R0016181,D0018818
R0021479,D0024989
R0038834,D0045476
R0037999,D0044510
R0037025,D0043412
R0000120,D0000146
R0012404,D0014474
R0030765,D0035721
R0017675,D0020546
R0009848,D0011443
R0000242,D0000289
R0037899,D0044397
R0010216,D0011884
R0034985,D0040907
R0001570,D0001833
R0017861,D0020755
R0017964,D0020872
R0011788,D0013730
R0018418,D0021406
R0033329,D0038819
R0011671,D0013602
R0023759,D0027581
R0031002,D0035985
R0005179,D0005994
R0030570,D0035498
R0032246,D0037484
R0030280,D0035168
R0024833,D0028843
R0027091,D0031494
R0031046,D0036035
R0015894,D0018481
R0007963,D0009189
R0013282,D0015520
R0018481,D0021482
R0025508,D0029627
R0036303,D0042568
R0018259,D0021213
R0021638,D0025168
R0028782,D0033466
R0004336,D0005024
R0016062,D0018676
R0020905,D0024330
R0030812,D0035775
R0016381,D0019055
R0011786,D0013728
R0002183,D0002556
R0031314,D0036343
R0006758,D0007798
R0023562,D0027353
R0022010,D0025586
R0008837,D0010245
R0019071,D0022170
R0014638,D0017039
R0011511,D0013422
R0034968,D0040889
R0016265,D0018917
R0012553,D0014657
R0012671,D0014804
R0036125,D0042340
R0003615,D0004201
R0011000,D0012818
R0010965,D0012774
R0006884,D0007940
R0015734,D0018288
R0028006,D0032547
R0008420,D0009749
R0034156,D0039888
R0029279,D0034044
R0004073,D0004727
R0022963,D0026660
R0017791,D0020676
R0028677,D0033348
R0011454,D0013357
R0009869,D0011465
R0033746,D0039349
R0005031,D0005822
R0023861,D0027690
R0023302,D0027046
R0008401,D0009725
R0017577,D0020435
R0032527,D0037851
R0006920,D0007982
R0033719,D0039309
R0004455,D0005169
R0019527,D0022698
R0028552,D0033202
R0010000,D0011621
R0012713,D0014854
R0017621,D0020484
R0012474,D0014567
R0029919,D0034765
R0018147,D0021089
R0033779,D0039394
R0020291,D0023609
R0022272,D0025891
R0003206,D0003742
R0036837,D0043200
R0009411,D0010926
R0018629,D0021646
R0024054,D0027923
R0009806,D0011388
R0032618,D0037966
R0000887,D0001050
R0031823,D0036934
R0024117,D0027997
R0031585,D0036653
R0009748,D0011325
R0012382,D0014444
R0000861,D0001020
R0009701,D0011273
R0000045,D0000053
R0028863,D0033559
R0002023,D0002363
R0028540,D0033189
R0006786,D0007830
R0034410,D0040196
R0014993,D0017440
R0030052,D0034911
R0012392,D0014458
R0020866,D0024287
R0034482,D0040299
R0012524,D0014621
R0028786,D0033471
R0009746,D0011323
R0035079,D0041014
R0009155,D0010624
R0015069,D0017530
R0038718,D0045339
R0024091,D0027966
R0005339,D0006177
R0023330,D0027078
R0039239,D0045937
R0006498,D0007505
R0038831,D0045473
R0019345,D0022493
R0008000,D0009232
R0027426,D0031873
R0018194,D0021143
R0034874,D0040782
R0002779,D0003246
R0025326,D0029422
R0003925,D0004551
R0004589,D0005325
R0029138,D0033884
R0010285,D0011968
R0033784,D0039405
R0033245,D0038723
R0004760,D0005521
R0019844,D0023063
R0034858,D0040765
R0032562,D0037893
R0029733,D0034561
R0018581,D0021589
R0030162,D0035034
R0010997,D0012814
R0028252,D0032843
R0022330,D0025955
R0015713,D0018263
R0024452,D0028400
R0014227,D0016582
R0023472,D0027245
R0006494,D0007501
R0018074,D0020997
R0031863,D0036982
R0028651,D0033318
R0004792,D0005557
R0033973,D0039657
R0000018,D0000021
R0009919,D0011528
R0032501,D0037818
R0023274,D0027012
R0018007,D0020917
R0012924,D0015099
R0015315,D0017802
R0012234,D0014264
R0006182,D0007146
R0037503,D0043942
R0035842,D0041956
R0017001,D0019772
R0008920,D0010338
R0011899,D0013867
R0024921,D0028945
R0036816,D0043171
R0017713,D0020590
R0025965,D0030161
R0014158,D0016503
R0025544,D0029670
R0033350,D0038844
R0016785,D0019526
R0010041,D0011667
R0030895,D0035869
R0000664,D0000777
R0011746,D0013684
R0010141,D0011793
R0025574,D0029704
R0034865,D0040773
R0026057,D0030264
R0002545,D0002976
R0026059,D0030267
R0004878,D0005656
R0026137,D0030365
R0002297,D0002690
R0036709,D0043041
R0033919,D0039588
R0020598,D0023962
R0033666,D0039225
R0017059,D0019836
R0027400,D0031843
R0030673,D0035614
R0032502,D0037819
R0012263,D0014297
R0005512,D0006385
R0033514,D0039033
R0030430,D0035330
R0038047,D0044570
R0018289,D0021254
R0037093,D0043485
R0004219,D0004892
R0002841,D0003318
R0031269,D0036292
R0001279,D0001502
R0004388,D0005084
R0026595,D0030902
R0034285,D0040049
R0001391,D0001625
R0035239,D0041194
R0028100,D0032661
R0010275,D0011957
R0013429,D0015695
R0015062,D0017523
R0022617,D0026279
R0013350,D0015600
R0035832,D0041943
R0016607,D0019312
R0034140,D0039867
R0001096,D0001295
R0016003,D0018607
R0026981,D0031367
R0033803,D0039425
R0035701,D0041765
R0027503,D0031960
R0035837,D0041950
R0009046,D0010490
R0001043,D0001235
R0000198,D0000236
R0022211,D0025816
R0003695,D0004293
R0003450,D0004010
R0020097,D0023372
R0023724,D0027536
R0031898,D0037027
R0024859,D0028876
R0037822,D0044310
R0038584,D0045189
R0033017,D0038459
R0011915,D0013885
R0001343,D0001573
R0016469,D0019151
R0031066,D0036057
R0006545,D0007558
R0005872,D0006802
R0005202,D0006021
R0025896,D0030069
R0028349,D0032960
R0010500,D0012222
R0003955,D0004583
R0013353,D0015605
R0002239,D0002622
R0035553,D0041579
R0029190,D0033944
R0013060,D0015258
R0000720,D0000852
R0037261,D0043673
R0012355,D0014410
R0031685,D0036765
R0005180,D0005995
R0034733,D0040616
R0029321,D0034094
R0018691,D0021723
R0032398,D0037678
R0000368,D0000437
R0027561,D0032025
R0030438,D0035342
R0026024,D0030227
R0035112,D0041052
R0020592,D0023955
R0038319,D0044881
R0034938,D0040856
R0010622,D0012365
R0036697,D0043029
R0038930,D0045588
R0000580,D0000685
R0023963,D0027815
R0026563,D0030861
R0030470,D0035381
R0002761,D0003225
R0018241,D0021193
R0012134,D0014143
R0038519,D0045113
R0034015,D0039703
R0010110,D0011758
R0006262,D0007239
R0034892,D0040804
R0018388,D0021368
R0010544,D0012271
R0020724,D0024119
R0002332,D0002730
R0002227,D0002609
R0025651,D0029785
R0005185,D0006001
R0022816,D0026502
R0033578,D0039103
R0014258,D0016623
R0026988,D0031376
R0012959,D0015142
R0037346,D0043767
R0000908,D0001074
R0036932,D0043303
R0008168,D0009436
R0002054,D0002400
R0031964,D0037119
R0033516,D0039035
R0021494,D0025005
R0012056,D0014055
R0017842,D0020735
R0007268,D0008385
R0016880,D0019633
R0030880,D0035852
R0025485,D0029601
R0031845,D0036959
R0016666,D0019381
R0028810,D0033498
R0028077,D0032634
R0034441,D0040238
R0004896,D0005676
R0013768,D0016076
R0027898,D0032429
R0011561,D0013477
R0034703,D0040579
R0002077,D0002432
R0038741,D0045367
R0002791,D0003258
R0028998,D0033722
R0010189,D0011849
R0013268,D0015505
R0022327,D0025951
R0014133,D0016478
R0002472,D0002887
R0016393,D0019068
R0011206,D0013073
R0006713,D0007746
R0026816,D0031170
R0033267,D0038750
R0032213,D0037438
R0030449,D0035353
R0025181,D0029249
R0029280,D0034045
R0019684,D0022878
R0013567,D0015853
R0030251,D0035135
R0020418,D0023746
R0029466,D0034253
R0002954,D0003450
R0012851,D0015019
R0037615,D0044073
R0019293,D0022436
R0025083,D0029134
R0003639,D0004229
R0015804,D0018370
R0021301,D0024779
R0002485,D0002903
R0039037,D0045709
R0020073,D0023344
R0037121,D0043516
R0003971,D0004606
R0003922,D0004548
R0038372,D0044947
R0015433,D0017937
R0037177,D0043582
R0003924,D0004550
R0038370,D0044944
R0032295,D0037548
R0037493,D0043930
R0037692,D0044157
R0020961,D0024394
R0028374,D0032990
R0006843,D0007896
R0011844,D0013789
R0007011,D0008084
R0006515,D0007526
R0029557,D0034359
R0034160,D0039894
R0000142,D0000173
R0023671,D0027474
R0036518,D0042818
R0020264,D0023580
R0015724,D0018276
R0026904,D0031272
R0001184,D0001396
R0004061,D0004712
R0005074,D0005875
R0023906,D0027742
R0029149,D0033896
R0013380,D0015635
R0033053,D0038499
R0033492,D0039007
R0003140,D0003665
R0037479,D0043916
R0015151,D0017622
R0035456,D0041458
R0008809,D0010205
R0024211,D0028110
R0012127,D0014134
R0006336,D0007321
R0020026,D0023284
R0037776,D0044256
R0031981,D0037144
R0022545,D0026200
R0037852,D0044341
R0007628,D0008796
R0022458,D0026103
R0016385,D0019059
R0013874,D0016188
R0027346,D0031783
R0013630,D0015924
R0007800,D0008997
R0026235,D0030480
R0016542,D0019231
R0032500,D0037817
R0021046,D0024489
R0037550,D0043998
R0024957,D0028986
R0026545,D0030839
R0022159,D0025760
R0000137,D0000168
R0002461,D0002876
R0016272,D0018926
R0005362,D0006207
R0032266,D0037509
R0027962,D0032499
R0026003,D0030205
R0029651,D0034470
R0003243,D0003782
R0038467,D0045055
R0023112,D0026837
R0026404,D0030670
R0027998,D0032539
R0024213,D0028113
R0004118,D0004776
R0018692,D0021725
R0034038,D0039730
R0018777,D0021821
R0024953,D0028981
R0022895,D0026586
R0031956,D0037111
R0027218,D0031637
R0004826,D0005594
R0003221,D0003758
R0010481,D0012201
R0003425,D0003984
R0024837,D0028849
R0031792,D0036896
R0000692,D0000815
R0008351,D0009657
R0014613,D0017012
R0014611,D0017010
R0030589,D0035522
R0012069,D0014069
R0004931,D0005711
R0027139,D0031547
R0028001,D0032542
R0005605,D0006497
R0023125,D0026851
R0019604,D0022789
R0013454,D0015724
R0008867,D0010277
R0035719,D0041794
R0001919,D0002239
R0021522,D0025039
R0024420,D0028356
R0029007,D0033733
R0019819,D0023033
R0033635,D0039181
R0013052,D0015250
R0001052,D0001245
R0034223,D0039969
R0012510,D0014606
R0005598,D0006488
R0024065,D0027935
R0032041,D0037223
R0020378,D0023703
R0033174,D0038638
R0032304,D0037557
R0000378,D0000448
R0033361,D0038856
R0036347,D0042613
R0026721,D0031055
R0009500,D0011032
R0014865,D0017297
R0012116,D0014122
R0035999,D0042174
R0019821,D0023035
R0005379,D0006225
R0018043,D0020961
R0017198,D0019995
R0012042,D0014034
R0013602,D0015894
R0011277,D0013152
R0007990,D0009221
R0034608,D0040462
R0019219,D0022346
R0001759,D0002049
R0013444,D0015714
R0024442,D0028384
R0011095,D0012937
R0004022,D0004668
R0009957,D0011573
R0007420,D0008552
R0018024,D0020941
R0030761,D0035717
R0014354,D0016726
R0012398,D0014466
R0027220,D0031639
R0020087,D0023360
R0019055,D0022154
R0002987,D0003486
R0029309,D0034082
R0000463,D0000546
R0008215,D0009499
R0027069,D0031468
R0026364,D0030627
R0023806,D0027630
R0024230,D0028132
R0030754,D0035710
R0022045,D0025626
R0035800,D0041897
R0005312,D0006147
R0030505,D0035423
R0000885,D0001048
R0026182,D0030418
R0018815,D0021864
R0008406,D0009732
R0024171,D0028059
R0023650,D0027450
R0028807,D0033494
R0027333,D0031767
R0036017,D0042203
R0025894,D0030067
R0034113,D0039829
R0010265,D0011942
R0005327,D0006164
R0033067,D0038514
R0038237,D0044788
R0037197,D0043604
R0011986,D0013970
R0021066,D0024511
R0036940,D0043312
R0026073,D0030286
R0038146,D0044686
R0002310,D0002704
R0011960,D0013940
R0003146,D0003673
R0015149,D0017620
R0004048,D0004698
R0035485,D0041494
R0027228,D0031648
R0024522,D0028487
R0009541,D0011085
R0004487,D0005205
R0031201,D0036211
R0011651,D0013580
R0006380,D0007369
R0020740,D0024139
R0024644,D0028630
R0037133,D0043530
R0010588,D0012322
R0008558,D0009906
R0021696,D0025234
R0015989,D0018590
R0029312,D0034085
R0005675,D0006577
R0011368,D0013258
R0002386,D0002791
R0012252,D0014284
R0022919,D0026612
R0028068,D0032625
R0029955,D0034805
R0025205,D0029278
R0008262,D0009553
R0017325,D0020144
R0018038,D0020956
R0017201,D0019999
R0021388,D0024886
R0035070,D0041003
R0036643,D0042974
R0028916,D0033623
R0023678,D0027483
R0023967,D0027821
R0010167,D0011821
R0026914,D0031286
R0031798,D0036906
R0010251,D0011927
R0006606,D0007624
R0008630,D0009995
R0003685,D0004280
R0024625,D0028610
R0030369,D0035266
R0030048,D0034907
R0004543,D0005268
R0034311,D0040077
R0019755,D0022958
R0017485,D0020329
R0012390,D0014455
R0016650,D0019361
R0015236,D0017714
R0025530,D0029653
R0038309,D0044870
R0012917,D0015091
R0023482,D0027258
R0038560,D0045160
R0037952,D0044458
R0010731,D0012495
R0021901,D0025462
R0036046,D0042243
R0008320,D0009620
R0027538,D0031999
R0009342,D0010846
R0038395,D0044977
R0020571,D0023928
R0035423,D0041414
R0022357,D0025986
R0036268,D0042526
R0000975,D0001153
R0002586,D0003023
R0023798,D0027622
R0027390,D0031831
R0000321,D0000385
R0015925,D0018518
R0012157,D0014169
R0007832,D0009033
R0003313,D0003861
R0018093,D0021020
R0017579,D0020437
R0013047,D0015240
R0002754,D0003216
R0010133,D0011784
R0023970,D0027825
R0022860,D0026548
R0003517,D0004084
R0023299,D0027041
R0029456,D0034242
R0001162,D0001372
R0012758,D0014911
R0033232,D0038704
R0011256,D0013125
R0032788,D0038180
R0005842,D0006770
R0030823,D0035789
R0024925,D0028949
R0006292,D0007274
R0024371,D0028297
R0002145,D0002515
R0016577,D0019279
R0012186,D0014208
R0008561,D0009909
R0019091,D0022191
R0028398,D0033016
R0025695,D0029834
R0015991,D0018592
R0008540,D0009887
R0004449,D0005159
R0010725,D0012486
R0017359,D0020183
R0000260,D0000312
R0029513,D0034309
R0022914,D0026607
R0033678,D0039247
R0033211,D0038680
R0004599,D0005338
R0023352,D0027105
R0021528,D0025046
R0031850,D0036968
R0002829,D0003304
R0016487,D0019171
R0034434,D0040231
R0009624,D0011183
R0008224,D0009508
R0022794,D0026477
R0007763,D0008957
R0018332,D0021306
R0008731,D0010113
R0021971,D0025544
R0033861,D0039508
R0001820,D0002126
R0006225,D0007196
R0010845,D0012635
R0032777,D0038165
R0031249,D0036269
R0033871,D0039525
R0037606,D0044062
R0002830,D0003305
R0019544,D0022717
R0017043,D0019817
R0020355,D0023677
R0035429,D0041420
R0029782,D0034614
R0032037,D0037219
R0029428,D0034210
R0016687,D0019407
R0023338,D0027087
R0005295,D0006127
R0013246,D0015480
R0006933,D0007997
R0029192,D0033947
R0000587,D0000694
R0002536,D0002964
R0024047,D0027916
R0003174,D0003704
R0006027,D0006977
R0036266,D0042522
R0034111,D0039826
R0006654,D0007677
R0029745,D0034573
R0032038,D0037220
R0024098,D0027973
R0018050,D0020969
R0012629,D0014752
R0032453,D0037748
R0037587,D0044039
R0029913,D0034757
R0009311,D0010810
R0028609,D0033269
R0012849,D0015017
R0022138,D0025738
R0021219,D0024686
R0014664,D0017068
R0006253,D0007229
R0011457,D0013361
R0004977,D0005761
R0005531,D0006406
R0036336,D0042601
R0032285,D0037535
R0000530,D0000625
R0011515,D0013428
R0008809,D0010206
R0004292,D0004977
R0020274,D0023590
R0008977,D0010402
R0037612,D0044068
R0028174,D0032750
R0018811,D0021860
R0009808,D0011390
R0023658,D0027460
R0003203,D0003739
R0020284,D0023601
R0006750,D0007790
R0021160,D0024618
R0037576,D0044027
R0011152,D0013013
R0033609,D0039147
R0021492,D0025003
R0004967,D0005750
R0030771,D0035729
R0033310,D0038797
R0004472,D0005188
R0031155,D0036158
R0035324,D0041292
R0006690,D0007718
R0000576,D0000681
R0029573,D0034377
R0005438,D0006295
R0038215,D0044766
R0007317,D0008438
R0003288,D0003831
R0004865,D0005640
R0012007,D0013997
R0023148,D0026878
R0033699,D0039282
R0028422,D0033043
R0018532,D0021538
R0012942,D0015123
R0003884,D0004506
R0011510,D0013421
R0014429,D0016808
R0003538,D0004111
R0036330,D0042595
R0024767,D0028769
R0004930,D0005710
R0010718,D0012478
R0001513,D0001767
R0027492,D0031948
R0011760,D0013699
R0027123,D0031529
R0029698,D0034522
R0009777,D0011356
R0025114,D0029168
R0001226,D0001440
R0027576,D0032044
R0036863,D0043228
R0022415,D0026057
R0029243,D0034003
R0004711,D0005461
R0032699,D0038068
R0024225,D0028127
R0011197,D0013064
R0018817,D0021866
R0034877,D0040785
R0008409,D0009737
R0026807,D0031159
R0036637,D0042964
R0020370,D0023695
R0013655,D0015953
R0009220,D0010705
R0025041,D0029082
R0029872,D0034713
R0000211,D0000249
R0021668,D0025201
R0036532,D0042833
R0003985,D0004621
R0003361,D0003911
R0001996,D0002331
R0009585,D0011137
R0023085,D0026801
R0024995,D0029026
R0012259,D0014292
R0034528,D0040365
R0013752,D0016058
R0022887,D0026577
R0000161,D0000194
R0007930,D0009151
R0015639,D0018178
R0031962,D0037117
R0001981,D0002314
R0012833,D0014999
R0001115,D0001317
R0030512,D0035431
R0013875,D0016189
R0004862,D0005637
R0022868,D0026556
R0038025,D0044541
R0018227,D0021178
R0015669,D0018211
R0027102,D0031506
R0011636,D0013561
R0030721,D0035669
R0005286,D0006118
R0033530,D0039049
R0013932,D0016249
R0013318,D0015565
R0007024,D0008101
R0023452,D0027220
R0000863,D0001022
R0007006,D0008078
R0018463,D0021461
R0001407,D0001644
R0005615,D0006510
R0028632,D0033295
R0016436,D0019115
R0024320,D0028236
R0030729,D0035680
R0015005,D0017455
R0027970,D0032507
R0035483,D0041492
R0009878,D0011476
R0006405,D0007400
R0001266,D0001489
R0030958,D0035937
R0039082,D0045758
R0030098,D0034964
R0006573,D0007589
R0023744,D0027563
R0028164,D0032739
R0029494,D0034287
R0009609,D0011166
R0013910,D0016226
R0004969,D0005752
R0020874,D0024296
R0028507,D0033148
R0031380,D0036420
R0030800,D0035759
R0002827,D0003302
R0029742,D0034570
R0001417,D0001654
R0037607,D0044063
R0030015,D0034871
R0021405,D0024907
R0038433,D0045017
R0023308,D0027054
R0026539,D0030833
R0032382,D0037659
R0036690,D0043022
R0009193,D0010670
R0007923,D0009143
R0036559,D0042867
R0024736,D0028737
R0000574,D0000679
R0033335,D0038826
R0036636,D0042963
R0027385,D0031825
R0031778,D0036880
R0037813,D0044299
R0004070,D0004723
R0026667,D0030987
R0026645,D0030963
R0009176,D0010646
R0038619,D0045227
R0023178,D0026910
R0005318,D0006154
R0028436,D0033060
R0028598,D0033253
R0000656,D0000769
R0027644,D0032124
R0016508,D0019195
R0011894,D0013861
R0021956,D0025528
R0019406,D0022561
R0006617,D0007636
R0007847,D0009048
R0037561,D0044011
R0035299,D0041264
R0002971,D0003469
R0036908,D0043279
R0034335,D0040105
R0003365,D0003916
R0027288,D0031714
R0026504,D0030790
R0007650,D0008830
R0017250,D0020057
R0030101,D0034967
R0023907,D0027744
R0009425,D0010942
R0018506,D0021511
R0025038,D0029079
R0015758,D0018319
R0026508,D0030797
R0016790,D0019531
R0013218,D0015446
R0002762,D0003227
R0003439,D0003999
R0030848,D0035817
R0038828,D0045470
R0018917,D0021982
R0028666,D0033336
R0016675,D0019391
R0037254,D0043666
R0032059,D0037248
R0024620,D0028603
R0024341,D0028261
R0008406,D0009733
R0013422,D0015685
R0007519,D0008667
R0015741,D0018295
R0032583,D0037919
R0025269,D0029354
R0005303,D0006136
R0030299,D0035189
R0000784,D0000931
R0000793,D0000944
R0016619,D0019324
R0023632,D0027429
R0000446,D0000524
R0015697,D0018244
R0003962,D0004593
R0007630,D0008798
R0018542,D0021548
R0007401,D0008530
R0002749,D0003211
R0018056,D0020975
R0024325,D0028241
R0038416,D0045000
R0008823,D0010223
R0002108,D0002471
R0006158,D0007119
R0012502,D0014598
R0031944,D0037094
R0025907,D0030085
R0034147,D0039876
R0003188,D0003724
R0029870,D0034711
R0004547,D0005272
R0032034,D0037216
R0019897,D0023123
R0003227,D0003765
R0006056,D0007011
R0019776,D0022982
R0004486,D0005204
R0003332,D0003882
R0002486,D0002904
R0026134,D0030362
R0030360,D0035257
R0036644,D0042975
R0007824,D0009024
R0024967,D0028996
R0008201,D0009481
R0013040,D0015231
R0026699,D0031024
R0015957,D0018551
R0010465,D0012182
R0012267,D0014301
R0024961,D0028990
R0010201,D0011863
R0031676,D0036754
R0039076,D0045752
R0038459,D0045045
R0002587,D0003024
R0032799,D0038194
R0016549,D0019240
R0000304,D0000362
R0004248,D0004923
R0037441,D0043875
R0033780,D0039395
R0018547,D0021554
R0012843,D0015010
R0019376,D0022530
R0028310,D0032912
R0010220,D0011890
R0011783,D0013725
R0010276,D0011958
R0011884,D0013842
R0009584,D0011136
R0021833,D0025382
R0001224,D0001437
R0025443,D0029556
R0003397,D0003953
R0013757,D0016063
R0002923,D0003413
R0023647,D0027446
R0009217,D0010702
R0016451,D0019132
R0005382,D0006228
R0029788,D0034621
R0011058,D0012890
R0017868,D0020764
R0021007,D0024449
R0010819,D0012602
R0022127,D0025726
R0007380,D0008506
R0025625,D0029758
R0014092,D0016434
R0017256,D0020063
R0023551,D0027340
R0005441,D0006299
R0023157,D0026887
R0026972,D0031358
R0015513,D0018027
R0033532,D0039051
R0008058,D0009306
R0030797,D0035756
R0001116,D0001318
R0028895,D0033596
R0011766,D0013705
R0026036,D0030242
R0039284,D0045991
R0038081,D0044611
R0000027,D0000033
R0018006,D0020916
R0025367,D0029468
R0016219,D0018864
R0038907,D0045561
R0008881,D0010295
R0032255,D0037496
R0005064,D0005863
R0023610,D0027404
R0034747,D0040634
R0011379,D0013270
R0006093,D0007050
R0009562,D0011108
R0036243,D0042490
R0035187,D0041138
R0013226,D0015457
R0005174,D0005989
R0009094,D0010545
R0021487,D0024997
R0022530,D0026184
R0031277,D0036300
R0007059,D0008140
R0023808,D0027632
R0035010,D0040939
R0016951,D0019715
R0006263,D0007240
R0037635,D0044096
R0001786,D0002088
R0019439,D0022596
R0005146,D0005959
R0008233,D0009518
R0014454,D0016840
R0009355,D0010863
R0026550,D0030845
R0017947,D0020853
R0002317,D0002713
R0007816,D0009015
R0026085,D0030303
R0039219,D0045915
R0030640,D0035578
R0031010,D0035995
R0021969,D0025542
R0033073,D0038520
R0030662,D0035603
R0006185,D0007149
R0021454,D0024962
R0026680,D0031001
R0006818,D0007866
R0028988,D0033706
R0030755,D0035711
R0020409,D0023736
R0001247,D0001470
R0005562,D0006444
R0030621,D0035556
R0022284,D0025904
R0003127,D0003649
R0008923,D0010341
R0011862,D0013809
R0012274,D0014312
R0029437,D0034221
R0030804,D0035766
R0027452,D0031902
R0014989,D0017436
R0022396,D0026033
R0035602,D0041638
R0031073,D0036065
R0000609,D0000720
R0008506,D0009849
R0031202,D0036212
R0024062,D0027932
R0034419,D0040211
R0027396,D0031839
R0019227,D0022355
R0003645,D0004236
R0036475,D0042768
R0008066,D0009315
R0033778,D0039392
R0029883,D0034725
R0012941,D0015122
R0004881,D0005659
R0014744,D0017161
R0036756,D0043092
R0007931,D0009154
R0026424,D0030690
R0013622,D0015916
R0038724,D0045345
R0032638,D0037994
R0008397,D0009717
R0004727,D0005479
R0024565,D0028538
R0008118,D0009375
R0020062,D0023330
R0009296,D0010793
R0021937,D0025508
R0030713,D0035659
R0028663,D0033333
R0038971,D0045636
R0015127,D0017594
R0030016,D0034872
R0014999,D0017446
R0038151,D0044692
R0037468,D0043904
R0035181,D0041130
R0028053,D0032606
R0036217,D0042457
R0038147,D0044687
R0009378,D0010888
R0014506,D0016896
R0012528,D0014627
R0036209,D0042445
R0032159,D0037368
R0036119,D0042331
R0002600,D0003038
R0012541,D0014643
R0030983,D0035966
R0016655,D0019366
R0023885,D0027716
R0018359,D0021337
R0030704,D0035648
R0021888,D0025444
R0031650,D0036725
R0023554,D0027343
R0025543,D0029669
R0007181,D0008286
R0030947,D0035926
R0016189,D0018828
R0003657,D0004249
R0024428,D0028370
R0027276,D0031701
R0022056,D0025639
R0025880,D0030050
R0015612,D0018146
R0020685,D0024072
R0024567,D0028540
R0005755,D0006673
R0011603,D0013522
R0017169,D0019962
R0026238,D0030483
R0027381,D0031820
R0008081,D0009331
R0031310,D0036338
R0038294,D0044854
R0028828,D0033518
R0002581,D0003016
R0008934,D0010352
R0007760,D0008951
R0011754,D0013693
R0011364,D0013253
R0016198,D0018837
R0020224,D0023526
R0002797,D0003266
R0026122,D0030350
R0037586,D0044038
R0037660,D0044122
R0003827,D0004438
R0025988,D0030188
R0006831,D0007881
R0015332,D0017822
R0007644,D0008822
R0036890,D0043258
R0039259,D0045962
R0009829,D0011420
R0027570,D0032037
R0022664,D0026327
R0010070,D0011706
R0017736,D0020615
R0000241,D0000287
R0029353,D0034129
R0009295,D0010791
R0018998,D0022082
R0031009,D0035993
R0023898,D0027732
R0012542,D0014644
R0037424,D0043854
R0036569,D0042883
R0001848,D0002160
R0014590,D0016988
R0020058,D0023326
R0033233,D0038705
R0004480,D0005198
R0009211,D0010691
R0014858,D0017290
R0035412,D0041399
R0021820,D0025369
R0019825,D0023041
R0021824,D0025373
R0033165,D0038629
R0012132,D0014141
R0000663,D0000776
R0015547,D0018064
R0001790,D0002093
R0022571,D0026228
R0010476,D0012194
R0002671,D0003122
R0030791,D0035750
R0001050,D0001242
R0011406,D0013305
R0015116,D0017582
R0025374,D0029477
R0025512,D0029633
R0029749,D0034577
R0034277,D0040036
R0031065,D0036056
R0036599,D0042915
R0005365,D0006210
R0014065,D0016402
R0027374,D0031813
R0002902,D0003390
R0034921,D0040834
R0031154,D0036156
R0022766,D0026446
R0027142,D0031550
R0026928,D0031306
R0031284,D0036310
R0024116,D0027996
R0029365,D0034142
R0038038,D0044559
R0006446,D0007446
R0021085,D0024530
R0024525,D0028490
R0033753,D0039358
R0024443,D0028387
R0028704,D0033377
R0016432,D0019111
R0026138,D0030367
R0004166,D0004830
R0006887,D0007943
R0028520,D0033165
R0029719,D0034546
R0013409,D0015670
R0004023,D0004669
R0026664,D0030984
R0038062,D0044588
R0014248,D0016609
R0009125,D0010589
R0000832,D0000989
R0022633,D0026295
R0017821,D0020711
R0003145,D0003670
R0020968,D0024401
R0023152,D0026882
R0037970,D0044478
R0017024,D0019796
R0027044,D0031439
R0027034,D0031428
R0016890,D0019646
R0032670,D0038034
R0021371,D0024865
R0011127,D0012979
R0027897,D0032428
R0020516,D0023863
R0006655,D0007678
R0030206,D0035083
R0013744,D0016048
R0020126,D0023405
R0035503,D0041516
R0031124,D0036123
R0025467,D0029580
R0005839,D0006766
R0027216,D0031635
R0039262,D0045965
R0038414,D0044997
R0002663,D0003112
R0001269,D0001492
R0021216,D0024683
R0004550,D0005277
R0034294,D0040059
R0023375,D0027131
R0038772,D0045404
R0002135,D0002505
R0021858,D0025409
R0011538,D0013452
R0034200,D0039942
R0035663,D0041717
R0013592,D0015884
R0033373,D0038870
R0036131,D0042348
R0030887,D0035859
R0009011,D0010442
R0022028,D0025605
R0001915,D0002235
R0033117,D0038572
R0037804,D0044289
R0019135,D0022246
R0008205,D0009485
R0001847,D0002159
R0022751,D0026426
R0029275,D0034039
R0036529,D0042830
R0034785,D0040679
R0031360,D0036399
R0033493,D0039010
R0025079,D0029126
R0007979,D0009208
R0011699,D0013633
R0004617,D0005359
R0038540,D0045139
R0031629,D0036701
R0024008,D0027872
R0011286,D0013163
R0019047,D0022144
R0019661,D0022851
R0007028,D0008105
R0013885,D0016199
R0031441,D0036492
R0015696,D0018243
R0023145,D0026875
R0013493,D0015768
R0016064,D0018679
R0030987,D0035970
R0024460,D0028408
R0037541,D0043988
R0029483,D0034275
R0030024,D0034880
R0032028,D0037209
R0022966,D0026664
R0021936,D0025507
R0012002,D0013992
R0007572,D0008732
R0029265,D0034028
R0027664,D0032148
R0029601,D0034411
R0001813,D0002117
R0006300,D0007284
R0029608,D0034418
R0003531,D0004100
R0022560,D0026216
R0024673,D0028661
R0034139,D0039865
R0020827,D0024244
R0024233,D0028136
R0024111,D0027989
R0025638,D0029772
R0001259,D0001482
R0014426,D0016805
R0023272,D0027010
R0024531,D0028498
R0015262,D0017743
R0028692,D0033364
R0032817,D0038218
R0000188,D0000226
R0008137,D0009399
R0026086,D0030304
R0038549,D0045149
R0012047,D0014043
R0010144,D0011797
R0006851,D0007904
R0016867,D0019620
R0033895,D0039558
R0029490,D0034283
R0018291,D0021257
R0009605,D0011161
R0003362,D0003912
R0024080,D0027951
R0037432,D0043865
R0025008,D0029041
R0017924,D0020826
R0011423,D0013324
R0026590,D0030897
R0008942,D0010360
R0017304,D0020122
R0033352,D0038847
R0024389,D0028318
R0020540,D0023893
R0038126,D0044664
R0003270,D0003813
R0025468,D0029581
R0018541,D0021547
R0011349,D0013235
R0004775,D0005538
R0027388,D0031829
R0031842,D0036956
R0021594,D0025124
R0024108,D0027985
R0007756,D0008945
R0011397,D0013296
R0029039,D0033770
R0020041,D0023308
R0017960,D0020868
R0024049,D0027918
R0015345,D0017837
R0001017,D0001203
R0013756,D0016062
R0019672,D0022863
R0001422,D0001661
R0027888,D0032414
R0000816,D0000972
R0029037,D0033767
R0006876,D0007931
R0018623,D0021640
R0028380,D0032996
R0011697,D0013631
R0015225,D0017702
R0009871,D0011467
R0024237,D0028141
R0009753,D0011331
R0036798,D0043147
R0008771,D0010162
R0013051,D0015248
R0032934,D0038357
R0014380,D0016753
R0003232,D0003770
R0010432,D0012142
R0005974,D0006920
R0011239,D0013106
R0016376,D0019050
R0008350,D0009655
R0009209,D0010689
R0033004,D0038445
R0011909,D0013879
R0028482,D0033119
R0003253,D0003793
R0035783,D0041871
R0012146,D0014156
R0006765,D0007805
R0012822,D0014983
R0031427,D0036474
R0027488,D0031944
R0022402,D0026043
R0021954,D0025526
R0017805,D0020694
R0036508,D0042804
R0008698,D0010072
R0009990,D0011609
R0038405,D0044988
R0034353,D0040130
R0032148,D0037352
R0014727,D0017142
R0016735,D0019467
R0000371,D0000440
R0008820,D0010220
R0010640,D0012386
R0004373,D0005066
R0005253,D0006079
R0033404,D0038907
R0023526,D0027313
R0028413,D0033032
R0007770,D0008965
R0026846,D0031208
R0007647,D0008825
R0037972,D0044480
R0020048,D0023316
R0008101,D0009355
R0029377,D0034156
R0037164,D0043567
R0024534,D0028502
R0021866,D0025418
R0030722,D0035670
R0028832,D0033522
R0021960,D0025532
R0004025,D0004671
R0026261,D0030510
R0025776,D0029927
R0008801,D0010194
R0000520,D0000613
R0016387,D0019061
R0038577,D0045181
R0031494,D0036553
R0008353,D0009660
R0007914,D0009131
R0012739,D0014885
R0021774,D0025319
R0018479,D0021480
R0037444,D0043879
R0024501,D0028464
R0030867,D0035839
R0007716,D0008901
R0034413,D0040201
R0002251,D0002635
R0021131,D0024582
R0013604,D0015896
R0011333,D0013216
R0001549,D0001807
R0010610,D0012351
R0025150,D0029213
R0008177,D0009447
R0023740,D0027558
R0002905,D0003394
R0024450,D0028398
R0014183,D0016533
R0000875,D0001035
R0037614,D0044071
R0033710,D0039295
R0032780,D0038168
R0027638,D0032118
R0031386,D0036426
R0026478,D0030755
R0036141,D0042359
R0038226,D0044777
R0034020,D0039709
R0021761,D0025305
R0029676,D0034499
R0023379,D0027135
R0016964,D0019730
R0023792,D0027616
R0021430,D0024935
R0004857,D0005629
R0027125,D0031532
R0005833,D0006759
R0021539,D0025057
R0030521,D0035441
R0011007,D0012828
R0030155,D0035026
R0006007,D0006955
R0031773,D0036872
R0014415,D0016792
R0006934,D0007999
R0028650,D0033317
R0031928,D0037072
R0011272,D0013145
R0005557,D0006439
R0030001,D0034855
R0013053,D0015251
R0002123,D0002489
R0035253,D0041210
R0002202,D0002580
R0014694,D0017099
R0010175,D0011832
R0004526,D0005249
R0014787,D0017208
R0030892,D0035866
R0029851,D0034690
R0026399,D0030665
R0028069,D0032626
R0012080,D0014081
R0006821,D0007869
R0035588,D0041620
R0038484,D0045075
R0007464,D0008604
R0017264,D0020072
R0003557,D0004131
R0017784,D0020669
R0010309,D0011996
R0026208,D0030450
R0004540,D0005264
R0000480,D0000568
R0030412,D0035310
R0005535,D0006411
R0008245,D0009532
R0031703,D0036783
R0002822,D0003296
R0022375,D0026010
R0004864,D0005639
R0003344,D0003894
R0020415,D0023742
R0027240,D0031661
R0032996,D0038435
R0031091,D0036087
R0029666,D0034486
R0007987,D0009218
R0028377,D0032993
R0013826,D0016139
R0001335,D0001565
R0018283,D0021247
R0038508,D0045102
R0028183,D0032760
R0005797,D0006719
R0000788,D0000937
R0021361,D0024853
R0021639,D0025169
R0026985,D0031372
R0026502,D0030788
R0002634,D0003076
R0015561,D0018081
R0004571,D0005303
R0035293,D0041257
R0014957,D0017402
R0025545,D0029671
R0029318,D0034091
R0021276,D0024751
R0032782,D0038172
R0027260,D0031683
R0031922,D0037064
R0015831,D0018398
R0015275,D0017759
R0000070,D0000086
R0026994,D0031384
R0014620,D0017020
R0033648,D0039203
R0029213,D0033972
R0021658,D0025191
R0007060,D0008141
R0036043,D0042240
R0016420,D0019098
R0016073,D0018689
R0001352,D0001582
R0032675,D0038040
R0019404,D0022559
R0023889,D0027723
R0002939,D0003433
R0007463,D0008603
R0035935,D0042085
R0034224,D0039970
R0008036,D0009274
R0037799,D0044284
R0021409,D0024911
R0028083,D0032641
R0011824,D0013767
R0003979,D0004615
R0006917,D0007979
R0038222,D0044773
R0018186,D0021131
R0016965,D0019731
R0004111,D0004768
R0014229,D0016585
R0022457,D0026102
R0013823,D0016136
R0020313,D0023632
R0017119,D0019906
R0026845,D0031207
R0000672,D0000788
R0038983,D0045651
R0015542,D0018059
R0029013,D0033740
R0015232,D0017710
R0007364,D0008489
R0023233,D0026967
R0036694,D0043026
R0008584,D0009938
R0017591,D0020451
R0031957,D0037112
R0009479,D0011005
R0025469,D0029582
R0014988,D0017435
R0010419,D0012127
R0019093,D0022193
R0036899,D0043268
R0003753,D0004358
R0028984,D0033702
R0023210,D0026943
R0028707,D0033380
R0009117,D0010580
R0016627,D0019333
R0038746,D0045376
R0022674,D0026339
R0036112,D0042323
R0020434,D0023764
R0001964,D0002290
R0014650,D0017051
R0033649,D0039204
R0005743,D0006659
R0008868,D0010278
R0013520,D0015800
R0024786,D0028791
R0017252,D0020059
R0018861,D0021916
R0023593,D0027385
R0026113,D0030339
R0026314,D0030569
R0036858,D0043223
R0024602,D0028581
R0030565,D0035493
R0020221,D0023523
R0023703,D0027513
R0026378,D0030643
R0034097,D0039805
R0008984,D0010410
R0035656,D0041709
R0007970,D0009197
R0004096,D0004752
R0036208,D0042444
R0016424,D0019103
R0007891,D0009104
R0037976,D0044486
R0010511,D0012234
R0015060,D0017521
R0019685,D0022879
R0032352,D0037615
R0021846,D0025397
R0029416,D0034198
R0032722,D0038100
R0026355,D0030617
R0024427,D0028369
R0025194,D0029266
R0015996,D0018599
R0011927,D0013900
R0032441,D0037733
R0032181,D0037394
R0012531,D0014631
R0034123,D0039842
R0021835,D0025384
R0031943,D0037092
R0009366,D0010876
R0002038,D0002381
R0034226,D0039972
R0030177,D0035049
R0023642,D0027441
R0038852,D0045498
R0034168,D0039903
R0002065,D0002417
R0022616,D0026278
R0036795,D0043143
R0035309,D0041276
R0031442,D0036494
R0035504,D0041517
R0031482,D0036536
R0010075,D0011712
R0017249,D0020056
R0010754,D0012523
R0037183,D0043589
R0028495,D0033136
R0032942,D0038367
R0000479,D0000565
R0012093,D0014096
R0003649,D0004240
R0028874,D0033574
R0025700,D0029839
R0022565,D0026222
R0005144,D0005957
R0027566,D0032032
R0025371,D0029473
R0006619,D0007638
R0007512,D0008658
R0018683,D0021713
R0001303,D0001530
R0008207,D0009487
R0011715,D0013650
R0037457,D0043892
R0005873,D0006804
R0021671,D0025205
R0002199,D0002575
R0015312,D0017799
R0017904,D0020804
R0009074,D0010523
R0038768,D0045400
R0032646,D0038005
R0013656,D0015954
R0021179,D0024639
R0006949,D0008015
R0002688,D0003143
R0028465,D0033097
R0019659,D0022849
R0029632,D0034446
R0027360,D0031798
R0036217,D0042458
R0002428,D0002839
R0016558,D0019252
R0024276,D0028187
R0017231,D0020033
R0026523,D0030814
R0010137,D0011788
R0001965,D0002291
R0024723,D0028721
R0030384,D0035281
R0006812,D0007859
R0013471,D0015742
R0005636,D0006535
R0009666,D0011232
R0024262,D0028172
R0032804,D0038202
R0018624,D0021641
R0039057,D0045730
R0004717,D0005469
R0016088,D0018706
R0017625,D0020488
R0014656,D0017059
R0034794,D0040688
R0016154,D0018789
R0018724,D0021763
R0024035,D0027901
R0018588,D0021597
R0024845,D0028860
R0013481,D0015754
R0037118,D0043512
R0007591,D0008754
R0006303,D0007287
R0000213,D0000251
R0029072,D0033809
R0013332,D0015580
R0028847,D0033541
R0035461,D0041463
R0018357,D0021335
R0007160,D0008263
R0021424,D0024928
R0002429,D0002840
R0008143,D0009406
R0021343,D0024832
R0009739,D0011316
R0034995,D0040923
R0029040,D0033771
R0017245,D0020052
R0013864,D0016178
R0013270,D0015507
R0032820,D0038221
R0023895,D0027729
R0031743,D0036831
R0019451,D0022610
R0020014,D0023267
R0006240,D0007216
R0036145,D0042363
R0005410,D0006261
R0023223,D0026956
R0011050,D0012881
R0013595,D0015887
R0019458,D0022618
R0025160,D0029225
R0024786,D0028790
R0011325,D0013207
R0026907,D0031275
R0030925,D0035902
R0013794,D0016105
R0028820,D0033510
R0021060,D0024505
R0034256,D0040009
R0036402,D0042680
R0020170,D0023457
R0000532,D0000627
R0026711,D0031040
R0009371,D0010881
R0011767,D0013707
R0032385,D0037663
R0009573,D0011123
R0016300,D0018958
R0009882,D0011480
R0013504,D0015780
R0020815,D0024229
R0031708,D0036789
R0033611,D0039150
R0024667,D0028654
R0006171,D0007135
R0015794,D0018358
R0020635,D0024009
R0025228,D0029303
R0009601,D0011157
R0010729,D0012490
R0031096,D0036093
R0009502,D0011034
R0006322,D0007306
R0037472,D0043908
R0035278,D0041238
R0018785,D0021831
R0028157,D0032732
R0022543,D0026198
R0012200,D0014224
R0021813,D0025361
R0016136,D0018768
R0030634,D0035571
R0035398,D0041384
R0012181,D0014200
R0022657,D0026319
R0023464,D0027235
R0000780,D0000927
R0011964,D0013944
R0033103,D0038558
R0019116,D0022219
R0031235,D0036248
R0000078,D0000097
R0004405,D0005104
R0004533,D0005257
R0036072,D0042273
R0024689,D0028682
R0034639,D0040502
R0001351,D0001581
R0027523,D0031983
R0032143,D0037344
R0001428,D0001669
R0029560,D0034362
R0015204,D0017680
R0002946,D0003441
R0013089,D0015295
R0024875,D0028892
R0037340,D0043761
R0000008,D0000009
R0002410,D0002818
R0029181,D0033934
R0034683,D0040554
R0004765,D0005526
R0024490,D0028453
R0002640,D0003083
R0017349,D0020172
R0026358,D0030620
R0020687,D0024075
R0001697,D0001977
R0010727,D0012488
R0024215,D0028115
R0024744,D0028746
R0012669,D0014802
R0024829,D0028839
R0014038,D0016368
R0026434,D0030702
R0032399,D0037680
R0028811,D0033500
R0000160,D0000193
R0024462,D0028410
R0004456,D0005170
R0016888,D0019643
R0017835,D0020728
R0035698,D0041760
R0030516,D0035435
R0016988,D0019758
R0014364,D0016737
R0015755,D0018314
R0011818,D0013760
R0004160,D0004823
R0019489,D0022655
R0025225,D0029299
R0018078,D0021002
R0023723,D0027535
R0030827,D0035795
R0035296,D0041260
R0034903,D0040816
R0032317,D0037573
R0003984,D0004620
R0009705,D0011278
R0018443,D0021435
R0027150,D0031558
R0031071,D0036063
R0020296,D0023614
R0023250,D0026985
R0036574,D0042889
R0022876,D0026564
R0014663,D0017067
R0009807,D0011389
R0002498,D0002921
R0033037,D0038480
R0011550,D0013466
R0018912,D0021976
R0033806,D0039430
R0018057,D0020976
R0007633,D0008804
R0011125,D0012976
R0024714,D0028712
R0005521,D0006395
R0033678,D0039246
R0012216,D0014243
R0036229,D0042474
R0014818,D0017244
R0009522,D0011060
R0004752,D0005512
R0029458,D0034244
R0032882,D0038293
R0005670,D0006572
R0029820,D0034653
R0033391,D0038892
R0033123,D0038578
R0008240,D0009527
R0024270,D0028181
R0005960,D0006902
R0019102,D0022203
R0032526,D0037849
R0006187,D0007151
R0010848,D0012638
R0001662,D0001940
R0014631,D0017031
R0027454,D0031904
R0030289,D0035178
R0007908,D0009125
R0037688,D0044153
R0022479,D0026127
R0002915,D0003405
R0022060,D0025643
R0013275,D0015512
R0027677,D0032162
R0026633,D0030949
R0025903,D0030080
R0016648,D0019359
R0004692,D0005440
R0010826,D0012615
R0037610,D0044066
R0007679,D0008859
R0017922,D0020823
R0017190,D0019986
R0032575,D0037910
R0007369,D0008494
R0035123,D0041064
R0037168,D0043571
R0009678,D0011245
R0000603,D0000712
R0032211,D0037436
R0004222,D0004895
R0036794,D0043142
R0006198,D0007166
R0038663,D0045278
R0018107,D0021036
R0038870,D0045520
R0029480,D0034268
R0004869,D0005645
R0006862,D0007915
R0018925,D0021991
R0017205,D0020005
R0013460,D0015731
R0011091,D0012931
R0030522,D0035442
R0025010,D0029043
R0037569,D0044019
R0029209,D0033968
R0037520,D0043962
R0031458,D0036510
R0023556,D0027345
R0006663,D0007686
R0032283,D0037533
R0030468,D0035378
R0032808,D0038208
R0015977,D0018577
R0026194,D0030434
R0020406,D0023733
R0019183,D0022300
R0019165,D0022279
R0031128,D0036127
R0008054,D0009300
R0034708,D0040585
R0011029,D0012855
R0024658,D0028644
R0027700,D0032188
R0008039,D0009279
R0024449,D0028394
R0013903,D0016218
R0030168,D0035040
R0012170,D0014183
R0020523,D0023870
R0034094,D0039802
R0000216,D0000255
R0003389,D0003945
R0021349,D0024839
R0026221,D0030465
R0032736,D0038117
R0013511,D0015789
R0004782,D0005546
R0035705,D0041769
R0010859,D0012650
R0014912,D0017350
R0021991,D0025567
R0000067,D0000083
R0029868,D0034709
R0001803,D0002107
R0036981,D0043362
R0008991,D0010418
R0032407,D0037692
R0036976,D0043355
R0030879,D0035851
R0007576,D0008737
R0033645,D0039200
R0017193,D0019990
R0008051,D0009297
R0031658,D0036733
R0017643,D0020508
R0031367,D0036406
R0035616,D0041654
R0011491,D0013398
R0026140,D0030369
R0033733,D0039331
R0034164,D0039899
R0011102,D0012947
R0011485,D0013392
R0014982,D0017428
R0039093,D0045771
R0026727,D0031063
R0030859,D0035831
R0011477,D0013384
R0022220,D0025829
R0000886,D0001049
R0019361,D0022512
R0030115,D0034982
R0016995,D0019766
R0009231,D0010718
R0036481,D0042774
R0014968,D0017413
R0004008,D0004646
R0004108,D0004765
R0026316,D0030572
R0039181,D0045871
R0026185,D0030421
R0017592,D0020452
R0008264,D0009555
R0037982,D0044492
R0028687,D0033358
R0021094,D0024541
R0012029,D0014021
R0028402,D0033020
R0000687,D0000806
R0037341,D0043762
R0013954,D0016273
R0028646,D0033313
R0001874,D0002188
R0007596,D0008760
R0021431,D0024936
R0014368,D0016741
R0028381,D0032997
R0037204,D0043611
R0036625,D0042948
R0012668,D0014800
R0010679,D0012431
R0003681,D0004275
R0037848,D0044337
R0016560,D0019254
R0022691,D0026357
R0013439,D0015709
R0037592,D0044044
R0012287,D0014327
R0033451,D0038961
R0000629,D0000741
R0035075,D0041008
R0001980,D0002312
R0038676,D0045292
R0019485,D0022649
R0010077,D0011715
R0018054,D0020973
R0006667,D0007690
R0016975,D0019743
R0000215,D0000253
R0026490,D0030772
R0008436,D0009770
R0027765,D0032264
R0031003,D0035987
R0017783,D0020668
R0013103,D0015312
R0026900,D0031266
R0039127,D0045807
R0027055,D0031453
R0023848,D0027676
R0028228,D0032814
R0026190,D0030428
R0009888,D0011486
R0023393,D0027152
R0025018,D0029053
R0034819,D0040715
R0000484,D0000573
R0029551,D0034351
R0022388,D0026024
R0013919,D0016235
R0021097,D0024544
R0022550,D0026206
R0018554,D0021561
R0010478,D0012197
R0019838,D0023056
R0023446,D0027212
R0017449,D0020286
R0014409,D0016786
R0013061,D0015259
R0029305,D0034077
R0025412,D0029520
R0008500,D0009843
R0001809,D0002113
R0032888,D0038299
R0034018,D0039706
R0011166,D0013027
R0034056,D0039752
R0038916,D0045572
R0020272,D0023588
R0012954,D0015137
R0024161,D0028046
R0001824,D0002131
R0007069,D0008151
R0023047,D0026754
R0008090,D0009340
R0006991,D0008059
R0010135,D0011786
R0025527,D0029648
R0018434,D0021423
R0001182,D0001393
R0007246,D0008358
R0027903,D0032435
R0023837,D0027664
R0020780,D0024187
R0024242,D0028148
R0002755,D0003217
R0009936,D0011547
R0030694,D0035637
R0034734,D0040617
R0001033,D0001222
R0019574,D0022750
R0035319,D0041286
R0012326,D0014379
R0006177,D0007141
R0008949,D0010368
R0039101,D0045780
R0034226,D0039973
R0035535,D0041554
R0019431,D0022587
R0013619,D0015913
R0032897,D0038311
R0025105,D0029158
R0010645,D0012392
R0014950,D0017394
R0030131,D0035002
R0001239,D0001460
R0000674,D0000791
R0015404,D0017904
R0017869,D0020765
R0001373,D0001605
R0004467,D0005182
R0022477,D0026125
R0005083,D0005884
R0033972,D0039655
R0017652,D0020521
R0036909,D0043280
R0008943,D0010361
R0039183,D0045874
R0036520,D0042821
R0019538,D0022711
R0033011,D0038453
R0028923,D0033632
R0013336,D0015585
R0033001,D0038442
R0011984,D0013968
R0027026,D0031419
R0009768,D0011347
R0020700,D0024090
R0010326,D0012017
R0030932,D0035909
R0010471,D0012189
R0011390,D0013282
R0006773,D0007813
R0007587,D0008749
R0017334,D0020153
R0010783,D0012560
R0034726,D0040607
R0001385,D0001618
R0020669,D0024052
R0014681,D0017086
R0009169,D0010639
R0010519,D0012242
R0024084,D0027957
R0038156,D0044697
R0021094,D0024540
R0023365,D0027120
R0024996,D0029028
R0015551,D0018069
R0012336,D0014390
R0023480,D0027256
R0029831,D0034668
R0019123,D0022228
R0031405,D0036447
R0030843,D0035811
R0019051,D0022150
R0003807,D0004416
R0008953,D0010372
R0013998,D0016323
R0034076,D0039774
R0009334,D0010838
R0024131,D0028013
R0014025,D0016351
R0015790,D0018353
R0033258,D0038741
R0019546,D0022719
R0009638,D0011199
R0009095,D0010546
R0006092,D0007049
R0016297,D0018955
R0005341,D0006179
R0022295,D0025918
R0034400,D0040182
R0025607,D0029739
R0033975,D0039659
R0039264,D0045967
R0024633,D0028619
R0014214,D0016569
R0027196,D0031613
R0020684,D0024071
R0027983,D0032522
R0038517,D0045111
R0011365,D0013254
R0002301,D0002694
R0007442,D0008578
R0024396,D0028326
R0031042,D0036031
R0012441,D0014526
R0023663,D0027465
R0038044,D0044567
R0013416,D0015679
R0038763,D0045395
R0013908,D0016224
R0038054,D0044579
R0022729,D0026403
R0035144,D0041086
R0000337,D0000402
R0027190,D0031606
R0009326,D0010828
R0019121,D0022226
R0018825,D0021875
R0014276,D0016644
R0011389,D0013281
R0022074,D0025659
R0015030,D0017487
R0023147,D0026877
R0013473,D0015744
R0027483,D0031938
R0004508,D0005229
R0015027,D0017483
R0019487,D0022652
R0028155,D0032727
R0010941,D0012748
R0003146,D0003672
R0009493,D0011023
R0003028,D0003535
R0031919,D0037057
R0027661,D0032144
R0019375,D0022529
R0034293,D0040058
R0037515,D0043957
R0028300,D0032902
R0018103,D0021032
R0025500,D0029619
R0028789,D0033474
R0026760,D0031100
R0016084,D0018701
R0010065,D0011697
R0025428,D0029537
R0017530,D0020380
R0036587,D0042903
R0027692,D0032179
R0008199,D0009479
R0036005,D0042182
R0008897,D0010311
R0034974,D0040895
R0021710,D0025249
R0020176,D0023468
R0004446,D0005154
R0017034,D0019807
R0002527,D0002955
R0004515,D0005236
R0007853,D0009056
R0024865,D0028882
R0029694,D0034517
R0004255,D0004931
R0021111,D0024560
R0039237,D0045934
R0034246,D0039996
R0005086,D0005890
R0027438,D0031887
R0001128,D0001334
R0004074,D0004728
R0022787,D0026468
R0022756,D0026435
R0032678,D0038045
R0003241,D0003779
R0014755,D0017172
R0036228,D0042472
R0018962,D0022036
R0037829,D0044317
R0027508,D0031967
R0012884,D0015056
R0034863,D0040771
R0025537,D0029662
R0009110,D0010566
R0038064,D0044591
R0028326,D0032932
R0015205,D0017681
R0038441,D0045027
R0035443,D0041442
R0034333,D0040103
R0034461,D0040265
R0007614,D0008780
R0027751,D0032248
R0011486,D0013393
R0030300,D0035190
R0010998,D0012815
R0012596,D0014711
R0019149,D0022262
R0015028,D0017485
R0034152,D0039882
R0033480,D0038994
R0029070,D0033807
R0008874,D0010285
R0001337,D0001567
R0002373,D0002776
R0010255,D0011931
R0021354,D0024844
R0020844,D0024261
R0013581,D0015870
R0016029,D0018642
R0022584,D0026241
R0022675,D0026340
R0019857,D0023078
R0003805,D0004414
R0015363,D0017858
R0017692,D0020567
R0024653,D0028639
R0015422,D0017925
R0004898,D0005678
R0008738,D0010121
R0030121,D0034989
R0013180,D0015402
R0023865,D0027694
R0016491,D0019176
R0021564,D0025088
R0014164,D0016511
R0030091,D0034957
R0029036,D0033766
R0007354,D0008477
R0027833,D0032352
R0036614,D0042934
R0001376,D0001608
R0015968,D0018564
R0002819,D0003293
R0032043,D0037226
R0008267,D0009561
R0022849,D0026537
R0023615,D0027410
R0008416,D0009745
R0015432,D0017936
R0004310,D0004996
R0008485,D0009823
R0022091,D0025682
R0008370,D0009678
R0000374,D0000444
R0016203,D0018843
R0002662,D0003110
R0014063,D0016400
R0028726,D0033400
R0034086,D0039787
R0008443,D0009778
R0008924,D0010342
R0033751,D0039356
R0029048,D0033781
R0018330,D0021304
R0007582,D0008744
R0005616,D0006511
R0006012,D0006960
R0008758,D0010148
R0005125,D0005937
R0024177,D0028067
R0006374,D0007363
R0002649,D0003093
R0019197,D0022319
R0010197,D0011859
R0008349,D0009654
R0026891,D0031256
R0031786,D0036888
R0030936,D0035913
R0000328,D0000393
R0003740,D0004343
R0023852,D0027680
R0002235,D0002617
R0030717,D0035665
R0033841,D0039483
R0028224,D0032810
R0031032,D0036020
R0011954,D0013933
R0035998,D0042172
R0020895,D0024320
R0016193,D0018832
R0028004,D0032545
R0037926,D0044428
R0034081,D0039782
R0007872,D0009079
R0025742,D0029886
R0012087,D0014090
R0011436,D0013339
R0012788,D0014946
R0029068,D0033805
R0003911,D0004534
R0004640,D0005385
R0004150,D0004812
R0008089,D0009339
R0023427,D0027192
R0036513,D0042810
R0010272,D0011954
R0038121,D0044658
R0029160,D0033911
R0013605,D0015897
R0020253,D0023561
R0038822,D0045464
R0020001,D0023254
R0020462,D0023797
R0003676,D0004270
R0015271,D0017753
R0028772,D0033453
R0010254,D0011930
R0016634,D0019343
R0024382,D0028309
R0038450,D0045036
R0029626,D0034439
R0034684,D0040555
R0009563,D0011110
R0016620,D0019325
R0030728,D0035679
R0037889,D0044383
R0018816,D0021865
R0008511,D0009854
R0012558,D0014663
R0004823,D0005591
R0022384,D0026020
R0036337,D0042602
R0032528,D0037852
R0006968,D0008035
R0025677,D0029812
R0022750,D0026425
R0017030,D0019803
R0022960,D0026657
R0006276,D0007255
R0024150,D0028035
R0012800,D0014959
R0031570,D0036636
R0009110,D0010567
R0038963,D0045623
R0022478,D0026126
R0028922,D0033630
R0031021,D0036008
R0019142,D0022253
R0001717,D0002002
R0037114,D0043508
R0027268,D0031693
R0015625,D0018160
R0024929,D0028954
R0020348,D0023670
R0025514,D0029635
R0033467,D0038980
R0018978,D0022058
R0032203,D0037425
R0023772,D0027594
R0005778,D0006698
R0032295,D0037547
R0011661,D0013592
R0002470,D0002885
R0032444,D0037736
R0013324,D0015572
R0014870,D0017302
R0005065,D0005865
R0006759,D0007799
R0037974,D0044484
R0003422,D0003980
R0005827,D0006753
R0006010,D0006958
R0024298,D0028211
R0016777,D0019518
R0004601,D0005340
R0024001,D0027863
R0017648,D0020515
R0020576,D0023933
R0012125,D0014131
R0028605,D0033262
R0038614,D0045222
R0025295,D0029388
R0024354,D0028277
R0007279,D0008397
R0004391,D0005089
R0022271,D0025890
R0036278,D0042539
R0021569,D0025093
R0030266,D0035152
R0025308,D0029403
R0003983,D0004619
R0037022,D0043408
R0005581,D0006468
R0027858,D0032381
R0012929,D0015104
R0032802,D0038200
R0019671,D0022862
R0008657,D0010025
R0032555,D0037885
R0037293,D0043708
R0015958,D0018552
R0014576,D0016973
R0031604,D0036675
R0015055,D0017516
R0037714,D0044183
R0010291,D0011975
R0017235,D0020037
R0006885,D0007941
R0023283,D0027022
R0007055,D0008135
R0006535,D0007547
R0027147,D0031555
R0035497,D0041509
R0036621,D0042942
R0029396,D0034175
R0010501,D0012223
R0029449,D0034234
R0021803,D0025351
R0035217,D0041169
R0013938,D0016255
R0024328,D0028246
R0021660,D0025193
R0000699,D0000825
R0022279,D0025899
R0034079,D0039780
R0001618,D0001892
R0012269,D0014303
R0021762,D0025306
R0038955,D0045615
R0030917,D0035893
R0033157,D0038619
R0002711,D0003169
R0028027,D0032572
R0012650,D0014779
R0038346,D0044917
R0004382,D0005077
R0024550,D0028521
R0019473,D0022636
R0031033,D0036021
R0032136,D0037336
R0015068,D0017529
R0022492,D0026140
R0010061,D0011693
R0035897,D0042030
R0013376,D0015630
R0012945,D0015127
R0029898,D0034741
R0033570,D0039092
R0018209,D0021159
R0003851,D0004464
R0027441,D0031890
R0035598,D0041634
R0016886,D0019641
R0006738,D0007775
R0033607,D0039145
R0013271,D0015508
R0003395,D0003951
R0013288,D0015526
R0015649,D0018188
R0036413,D0042694
R0020233,D0023537
R0017435,D0020271
R0000382,D0000452
R0034790,D0040684
R0022513,D0026166
R0039117,D0045797
R0036385,D0042656
R0031762,D0036858
R0003581,D0004159
R0036478,D0042771
R0022390,D0026026
R0016026,D0018639
R0027977,D0032516
R0027289,D0031715
R0003249,D0003788
R0021144,D0024598
R0023603,D0027395
R0011516,D0013429
R0008998,D0010425
R0035524,D0041542
R0009593,D0011146
R0012916,D0015090
R0004778,D0005541
R0015371,D0017868
R0009876,D0011473
R0014823,D0017249
R0030620,D0035555
R0036950,D0043324
R0018524,D0021530
R0037102,D0043496
R0030151,D0035022
R0027917,D0032450
R0022546,D0026201
R0020751,D0024151
R0009897,D0011497
R0009363,D0010872
R0036484,D0042777
R0009574,D0011124
R0015638,D0018177
R0034850,D0040754
R0020913,D0024339
R0011694,D0013628
R0032988,D0038427
R0009244,D0010733
R0010929,D0012735
R0032827,D0038230
R0005729,D0006643
R0036422,D0042706
R0008414,D0009743
R0024183,D0028075
R0023969,D0027824
R0000461,D0000543
R0038191,D0044737
R0019472,D0022635
R0006337,D0007322
R0005835,D0006761
R0008308,D0009607
R0003052,D0003563
R0032847,D0038255
R0027602,D0032073
R0031904,D0037036
R0007608,D0008772
R0028962,D0033675
R0020881,D0024304
R0014917,D0017356
R0013708,D0016011
R0015168,D0017640
R0004362,D0005054
R0011210,D0013077
R0011829,D0013773
R0006362,D0007349
R0011438,D0013341
R0026151,D0030383
R0022300,D0025923
R0019300,D0022443
R0037718,D0044187
R0031559,D0036624
R0013658,D0015956
R0033844,D0039487
R0008889,D0010303
R0032271,D0037518
R0032492,D0037801
R0038286,D0044845
R0027159,D0031571
R0016458,D0019139
R0009652,D0011216
R0011602,D0013521
R0008710,D0010087
R0027310,D0031739
R0029957,D0034807
R0018114,D0021043
R0025766,D0029911
R0010195,D0011857
R0028601,D0033256
R0026518,D0030808
R0017687,D0020561
R0014835,D0017263
R0015960,D0018554
R0019943,D0023182
R0024888,D0028908
R0038535,D0045134
R0008598,D0009954
R0036032,D0042224
R0015177,D0017650
R0024347,D0028270
R0028329,D0032935
R0015415,D0017917
R0027060,D0031458
R0030981,D0035964
R0010487,D0012208
R0000591,D0000699
R0002289,D0002682
R0014986,D0017433
R0012014,D0014004
R0029230,D0033990
R0033032,D0038475
R0018395,D0021376
R0035441,D0041438
R0013921,D0016237
R0009388,D0010901
R0002107,D0002470
R0032485,D0037794
R0029908,D0034751
R0014984,D0017431
R0023164,D0026894
R0018560,D0021567
R0018548,D0021555
R0016195,D0018834
R0017162,D0019954
R0007388,D0008515
R0001935,D0002259
R0027053,D0031451
R0034788,D0040682
R0007175,D0008280
R0003156,D0003683
R0025442,D0029555
R0027658,D0032139
R0007834,D0009035
R0007520,D0008669
R0007340,D0008463
R0023296,D0027038
R0012840,D0015006
R0010551,D0012278
R0028532,D0033178
R0001190,D0001402
R0018804,D0021853
R0022567,D0026224
R0038255,D0044807
R0034722,D0040603
R0022547,D0026203
R0029422,D0034204
R0031681,D0036760
R0009424,D0010941
R0027981,D0032520
R0019879,D0023103
R0035536,D0041556
R0025562,D0029692
R0010391,D0012096
R0028572,D0033225
R0004937,D0005719
R0034207,D0039952
R0035759,D0041844
R0014390,D0016763
R0029787,D0034620
R0015189,D0017662
R0023202,D0026935
R0026033,D0030237
R0009533,D0011074
R0027267,D0031691
R0022847,D0026535
R0004235,D0004908
R0022266,D0025885
R0004036,D0004682
R0024796,D0028801
R0024104,D0027980
R0022561,D0026217
R0027041,D0031435
R0000638,D0000750
R0005442,D0006300
R0027266,D0031690
R0035235,D0041190
R0007846,D0009047
R0018347,D0021324
R0037552,D0044002
R0037434,D0043868
R0011098,D0012943
R0006108,D0007065
R0021621,D0025151
R0019739,D0022942
R0025324,D0029420
R0002113,D0002477
R0016015,D0018622
R0008709,D0010086
R0013487,D0015761
R0018380,D0021358
R0034372,D0040151
R0030741,D0035695
R0013675,D0015975
R0030719,D0035667
R0026342,D0030603
R0007482,D0008624
R0003273,D0003816
R0008310,D0009610
R0022440,D0026084
R0038542,D0045141
R0012239,D0014269
R0022453,D0026098
R0035125,D0041066
R0024614,D0028597
R0012190,D0014213
R0011858,D0013803
R0038196,D0044743
R0015239,D0017718
R0036938,D0043310
R0013829,D0016142
R0037684,D0044149
R0021439,D0024945
R0021082,D0024527
R0025441,D0029554
R0033158,D0038620
R0011273,D0013147
R0013851,D0016164
R0011103,D0012949
R0006228,D0007201
R0015428,D0017932
R0001312,D0001540
R0012289,D0014329
R0007826,D0009026
R0002751,D0003213
R0015585,D0018112
R0005072,D0005873
R0033686,D0039261
R0008333,D0009638
R0020643,D0024017
R0001427,D0001667
R0021572,D0025096
R0010075,D0011713
R0011144,D0013002
R0037066,D0043456
R0034350,D0040127
R0026902,D0031270
R0017022,D0019794
R0028094,D0032653
R0010564,D0012294
R0013977,D0016299
R0032177,D0037390
R0002767,D0003233
R0033819,D0039452
R0025585,D0029716
R0030133,D0035004
R0035797,D0041891
R0005359,D0006203
R0002125,D0002492
R0026975,D0031361
R0007112,D0008202
R0009440,D0010961
R0002390,D0002795
R0013686,D0015987
R0009299,D0010796
R0032781,D0038170
R0030209,D0035087
R0002139,D0002509
R0021239,D0024710
R0018284,D0021248
R0005914,D0006851
R0012053,D0014052
R0022595,D0026255
R0019882,D0023106
R0011987,D0013973
R0014167,D0016516
R0010569,D0012301
R0032852,D0038260
R0011816,D0013758
R0029909,D0034753
R0038934,D0045592
R0006085,D0007042
R0034740,D0040623
R0008646,D0010013
R0024670,D0028658
R0024766,D0028768
R0009285,D0010781
R0034265,D0040018
R0022417,D0026059
R0022724,D0026396
R0023801,D0027625
R0014956,D0017401
R0034871,D0040779
R0001180,D0001391
R0014352,D0016723
R0003583,D0004162
R0026079,D0030296
R0039140,D0045823
R0018361,D0021339
R0037362,D0043785
R0006789,D0007834
R0027880,D0032406
R0032146,D0037348
R0002573,D0003008
R0029221,D0033981
R0020292,D0023610
R0000742,D0000881
R0028876,D0033576
R0005924,D0006861
R0005840,D0006768
R0005195,D0006013
R0033398,D0038901
R0037394,D0043821
R0010118,D0011766
R0011865,D0013815
R0029383,D0034162
R0029996,D0034850
R0037751,D0044227
R0037678,D0044142
R0022673,D0026338
R0019470,D0022633
R0002919,D0003409
R0038981,D0045649
R0000133,D0000164
R0024882,D0028901
R0016621,D0019327
R0010421,D0012129
R0007975,D0009204
R0018177,D0021121
R0029184,D0033937
R0017395,D0020224
R0037535,D0043981
R0000935,D0001107
R0035712,D0041782
R0027307,D0031735
R0029296,D0034065
R0007083,D0008166
R0015136,D0017606
R0027114,D0031519
R0011425,D0013326
R0002658,D0003104
R0017711,D0020588
R0031165,D0036171
R0032088,D0037283
R0029991,D0034844
R0019717,D0022917
R0006226,D0007198
R0008001,D0009233
R0007518,D0008666
R0031709,D0036790
R0029239,D0033999
R0008495,D0009837
R0034500,D0040322
R0005076,D0005877
R0024075,D0027946
R0012137,D0014146
R0013327,D0015575
R0001889,D0002203
R0021491,D0025001
R0034615,D0040469
R0027347,D0031784
R0011795,D0013737
R0037802,D0044287
R0013488,D0015762
R0011411,D0013310
R0001236,D0001454
R0002247,D0002631
R0013729,D0016033
R0016076,D0018692
R0033104,D0038559
R0022807,D0026492
R0004871,D0005649
R0022231,D0025845
R0014427,D0016806
R0033634,D0039179
R0034095,D0039803
R0036579,D0042894
R0020194,D0023491
R0016052,D0018666
R0022150,D0025750
R0018469,D0021468
R0003666,D0004259
R0018440,D0021431
R0002397,D0002805
R0026361,D0030624
R0005356,D0006197
R0010409,D0012117
R0010173,D0011830
R0012458,D0014549
R0019425,D0022580
R0022454,D0026099
R0029767,D0034598
R0013899,D0016214
R0028545,D0033194
R0038591,D0045196
R0033364,D0038859
R0020802,D0024212
R0029429,D0034211
R0006853,D0007906
R0029442,D0034227
R0008371,D0009679
R0035561,D0041590
R0027796,D0032303
R0008961,D0010382
R0010724,D0012484
R0005569,D0006452
R0031577,D0036644
R0014685,D0017090
R0000059,D0000072
R0002154,D0002524
R0025548,D0029674
R0011309,D0013188
R0022106,D0025701
R0007065,D0008146
R0015491,D0018004
R0028529,D0033174
R0027004,D0031396
R0014888,D0017322
R0034779,D0040671
R0035414,D0041403
R0037965,D0044473
R0008279,D0009574
R0024244,D0028150
R0026005,D0030208
R0015456,D0017962
R0019920,D0023153
R0017581,D0020439
R0020360,D0023684
R0023754,D0027574
R0018189,D0021135
R0002497,D0002919
R0008282,D0009578
R0008533,D0009879
R0002931,D0003424
R0034521,D0040353
R0018453,D0021451
R0001036,D0001226
R0002088,D0002444
R0006798,D0007844
R0027490,D0031946
R0008340,D0009645
R0026293,D0030545
R0013364,D0015616
R0029522,D0034318
R0039206,D0045902
R0030707,D0035652
R0000221,D0000265
R0035798,D0041892
R0038803,D0045443
R0036993,D0043376
R0038052,D0044576
R0006625,D0007644
R0020139,D0023419
R0028603,D0033259
R0037935,D0044438
R0012380,D0014442
R0005477,D0006347
R0008126,D0009384
R0021683,D0025219
R0001715,D0001999
R0036418,D0042699
R0010047,D0011673
R0011635,D0013559
R0012718,D0014860
R0003146,D0003671
R0019379,D0022533
R0032499,D0037815
R0005664,D0006566
R0032165,D0037376
R0020804,D0024214
R0024400,D0028333
R0014070,D0016409
R0037327,D0043748
R0009187,D0010662
R0023998,D0027858
R0007230,D0008339
R0020877,D0024300
R0022225,D0025838
R0037009,D0043395
R0004578,D0005310
R0037780,D0044260
R0032125,D0037323
R0015975,D0018573
R0001863,D0002176
R0021157,D0024614
R0003792,D0004400
R0037973,D0044482
R0021773,D0025318
R0034671,D0040539
R0015662,D0018204
R0035413,D0041400
R0033125,D0038580
R0021691,D0025229
R0033563,D0039083
R0027017,D0031410
R0028514,D0033156
R0035918,D0042063
R0019791,D0022998
R0006397,D0007391
R0021596,D0025126
R0006674,D0007698
R0037784,D0044266
R0005721,D0006633
R0039150,D0045834
R0013773,D0016082
R0020893,D0024317
R0022125,D0025723
R0005526,D0006401
R0022456,D0026101
R0032406,D0037690
R0019349,D0022497
R0026786,D0031135
R0029888,D0034731
R0018092,D0021019
R0001974,D0002302
R0023882,D0027713
R0024409,D0028343
R0006826,D0007874
R0026995,D0031385
R0009047,D0010492
R0001785,D0002086
R0038764,D0045396
R0029000,D0033724
R0013614,D0015908
R0030616,D0035551
R0026883,D0031247
R0017364,D0020188
R0006457,D0007458
R0017659,D0020529
R0003009,D0003514
R0019709,D0022904
R0018587,D0021596
R0028867,D0033564
R0038498,D0045089
R0024009,D0027873
R0012124,D0014130
R0011755,D0013694
R0017029,D0019801
R0015223,D0017699
R0017831,D0020724
R0012746,D0014896
R0007467,D0008608
R0034712,D0040590
R0028162,D0032737
R0031334,D0036367
R0009691,D0011260
R0036378,D0042648
R0010038,D0011664
R0002947,D0003442
R0035608,D0041645
R0002810,D0003281
R0009828,D0011419
R0025320,D0029415
R0004781,D0005545
R0034544,D0040382
R0020803,D0024213
R0028504,D0033145
R0034906,D0040819
R0000593,D0000702
R0012926,D0015101
R0006178,D0007142
R0032558,D0037889
R0013813,D0016126
R0027556,D0032019
R0004440,D0005146
R0002602,D0003040
R0006420,D0007416
R0011078,D0012916
R0031160,D0036166
R0012446,D0014532
R0035390,D0041375
R0026379,D0030645
R0021852,D0025403
R0017551,D0020405
R0019964,D0023214
R0028327,D0032933
R0020364,D0023689
R0032041,D0037224
R0026784,D0031133
R0039230,D0045926
R0022564,D0026220
R0020719,D0024113
R0021201,D0024665
R0031465,D0036519
R0030763,D0035719
R0038011,D0044524
R0033600,D0039137
R0020686,D0024074
R0035706,D0041771
R0003407,D0003963
R0025765,D0029910
R0030410,D0035308
R0035165,D0041112
R0019541,D0022714
R0022062,D0025645
R0019983,D0023234
R0035300,D0041265
R0023086,D0026802
R0031628,D0036700
R0033732,D0039329
R0013132,D0015344
R0023773,D0027595
R0025120,D0029176
R0036710,D0043042
R0017605,D0020467
R0033316,D0038803
R0018401,D0021384
R0034297,D0040063
R0005986,D0006932
R0005508,D0006381
R0002670,D0003121
R0028430,D0033053
R0019937,D0023175
R0011512,D0013423
R0002274,D0002663
R0011634,D0013558
R0020591,D0023952
R0012530,D0014629
R0002984,D0003483
R0006134,D0007093
R0008103,D0009359
R0016135,D0018767
R0030814,D0035778
R0020942,D0024373
R0038998,D0045667
R0022627,D0026289
R0006908,D0007969
R0035450,D0041450
R0035486,D0041495
R0001007,D0001191
R0035641,D0041690
R0012246,D0014278
R0016110,D0018736
R0036160,D0042380
R0002961,D0003457
R0038797,D0045434
R0004785,D0005549
R0002705,D0003163
R0011201,D0013068
R0002577,D0003012
R0014078,D0016418
R0036184,D0042414
R0000421,D0000496
R0007155,D0008257
R0030060,D0034920
R0020351,D0023673
R0009348,D0010854
R0030492,D0035408
R0012500,D0014596
R0031606,D0036677
R0028909,D0033614
R0005123,D0005934
R0009564,D0011111
R0013568,D0015854
R0030345,D0035240
R0025027,D0029064
R0019503,D0022671
R0015240,D0017719
R0024854,D0028870
R0025718,D0029861
R0002667,D0003118
R0002881,D0003363
R0022609,D0026271
R0033913,D0039581
R0031901,D0037032
R0024707,D0028704
R0033474,D0038988
R0023318,D0027064
R0039001,D0045670
R0003943,D0004570
R0028050,D0032603
R0027666,D0032150
R0029766,D0034597
R0029832,D0034669
R0027604,D0032077
R0031968,D0037125
R0018193,D0021141
R0037371,D0043794
R0014625,D0017025
R0030510,D0035428
R0036134,D0042351
R0004409,D0005109
R0007322,D0008444
R0034657,D0040522
R0020489,D0023832
R0014913,D0017351
R0025327,D0029423
R0031518,D0036580
R0006427,D0007423
R0028656,D0033325
R0036947,D0043321
R0025312,D0029407
R0039218,D0045914
R0036871,D0043238
R0005085,D0005888
R0035558,D0041587
R0032647,D0038006
R0018118,D0021050
R0014871,D0017304
R0028733,D0033407
R0022496,D0026144
R0026246,D0030494
R0037817,D0044303
R0019084,D0022183
R0009963,D0011581
R0036572,D0042886
R0012144,D0014154
R0027784,D0032289
R0036219,D0042461
R0001724,D0002009
R0035264,D0041221
R0008593,D0009949
R0033896,D0039560
R0015393,D0017892
R0034178,D0039915
R0023089,D0026805
R0028812,D0033502
R0015396,D0017896
R0004987,D0005772
R0006688,D0007716
R0003095,D0003611
R0014009,D0016334
R0032878,D0038289
R0000800,D0000953
R0025385,D0029490
R0028207,D0032791
R0031079,D0036072
R0032391,D0037671
R0007408,D0008538
R0006202,D0007170
R0004253,D0004928
R0007842,D0009043
R0010242,D0011916
R0025350,D0029450
R0006174,D0007138
R0035894,D0042027
R0002502,D0002926
R0028537,D0033185
R0027521,D0031981
R0036211,D0042449
R0006897,D0007956
R0022394,D0026030
R0030040,D0034899
R0019998,D0023251
R0036497,D0042793
R0007286,D0008405
R0034337,D0040108
R0002561,D0002993
R0003117,D0003638
R0021645,D0025175
R0019254,D0022387
R0020485,D0023828
R0024115,D0027995
R0003977,D0004613
R0001605,D0001879
R0018068,D0020990
R0031619,D0036691
R0001768,D0002060
R0025486,D0029603
R0005587,D0006475
R0034476,D0040286
R0024768,D0028770
R0008116,D0009373
R0024066,D0027936
R0035470,D0041474
R0032638,D0037995
R0012744,D0014891
R0023291,D0027032
R0014560,D0016956
R0036776,D0043117
R0015230,D0017708
R0018115,D0021045
R0012084,D0014087
R0004459,D0005173
R0001176,D0001387
R0035934,D0042084
R0009259,D0010750
R0024192,D0028087
R0010356,D0012052
R0010555,D0012283
R0014413,D0016790
R0008639,D0010005
R0003405,D0003961
R0026481,D0030759
R0005071,D0005872
R0019790,D0022997
R0016576,D0019276
R0019454,D0022614
R0015337,D0017828
R0024096,D0027971
R0004648,D0005393
R0034370,D0040149
R0019533,D0022705
R0001711,D0001993
R0006596,D0007614
R0038638,D0045250
R0026192,D0030430
R0004972,D0005755
R0031893,D0037019
R0019535,D0022707
R0000243,D0000291
R0022913,D0026605
R0015042,D0017501
R0038000,D0044511
R0020781,D0024188
R0019327,D0022473
R0034606,D0040460
R0008811,D0010208
R0032120,D0037318
R0033281,D0038765
R0028367,D0032982
R0029988,D0034841
R0002335,D0002733
R0004859,D0005631
R0034900,D0040813
R0024488,D0028450
R0001086,D0001282
R0012645,D0014774
R0032735,D0038116
R0015047,D0017507
R0027144,D0031552
R0014996,D0017443
R0025409,D0029517
R0003949,D0004576
R0005694,D0006598
R0019621,D0022807
R0024069,D0027939
R0007812,D0009011
R0026131,D0030359
R0036912,D0043283
R0030888,D0035861
R0013414,D0015677
R0024856,D0028873
R0008882,D0010296
R0038506,D0045099
R0026648,D0030966
R0023292,D0027034
R0035922,D0042068
R0034570,D0040415
R0025849,D0030016
R0034610,D0040464
R0016019,D0018628
R0008440,D0009774
R0005766,D0006685
R0019490,D0022656
R0005136,D0005949
R0032161,D0037372
R0032049,D0037236
R0023620,D0027416
R0006940,D0008006
R0001216,D0001428
R0010203,D0011866
R0021679,D0025214
R0024208,D0028107
R0018738,D0021779
R0009067,D0010515
R0025234,D0029310
R0032055,D0037244
R0021017,D0024459
R0035170,D0041118
R0004414,D0005114
R0025771,D0029922
R0036946,D0043320
R0029334,D0034108
R0012377,D0014438
R0003406,D0003962
R0009204,D0010682
R0019197,D0022320
R0025298,D0029392
R0033592,D0039124
R0006074,D0007030
R0012253,D0014285
R0021382,D0024877
R0013634,D0015928
R0019738,D0022941
R0030977,D0035959
R0011763,D0013702
R0002110,D0002473
R0031737,D0036821
R0024578,D0028553
R0017052,D0019827
R0022169,D0025770
R0011945,D0013924
R0018586,D0021595
R0024631,D0028617
R0021437,D0024943
R0001947,D0002272
R0030519,D0035439
R0015904,D0018492
R0026430,D0030696
R0033691,D0039271
R0034551,D0040390
R0037596,D0044048
R0013214,D0015440
R0024657,D0028643
R0034883,D0040795
R0004600,D0005339
R0012666,D0014797
R0002226,D0002608
R0030481,D0035392
R0012570,D0014680
R0028412,D0033031
R0035933,D0042082
R0029025,D0033753
R0021990,D0025566
R0036764,D0043103
R0030742,D0035696
R0014603,D0017002
R0022694,D0026361
R0035003,D0040931
R0012529,D0014628
R0019570,D0022746
R0006607,D0007625
R0007569,D0008727
R0006100,D0007057
R0032604,D0037944
R0011434,D0013336
R0004085,D0004741
R0025961,D0030156
R0036090,D0042294
R0019957,D0023207
R0033841,D0039482
R0037645,D0044106
R0033891,D0039552
R0039130,D0045811
R0021942,D0025513
R0013754,D0016060
R0000899,D0001065
R0024991,D0029022
R0016180,D0018817
R0030419,D0035317
R0036442,D0042731
R0016120,D0018748
R0033288,D0038774
R0013495,D0015770
R0022639,D0026301
R0019873,D0023097
R0009790,D0011369
R0013415,D0015678
R0033637,D0039185
R0029836,D0034673
R0003758,D0004363
R0009919,D0011526
R0034031,D0039722
R0013079,D0015284
R0001013,D0001197
R0012835,D0015001
R0009529,D0011069
R0023780,D0027602
R0021039,D0024482
R0004152,D0004815
R0027252,D0031673
R0029941,D0034791
R0009345,D0010851
R0028952,D0033665
R0036394,D0042670
R0024911,D0028933
R0014407,D0016784
R0022016,D0025592
R0026460,D0030734
R0009016,D0010448
R0033003,D0038444
R0011702,D0013636
R0018867,D0021922
R0014072,D0016411
R0031535,D0036599
R0027791,D0032298
R0029807,D0034640
R0003705,D0004306
R0024715,D0028713
R0038050,D0044573
R0021418,D0024920
R0024899,D0028921
R0038418,D0045002
R0010969,D0012780
R0034332,D0040102
R0012636,D0014763
R0001413,D0001650
R0021523,D0025040
R0013850,D0016163
R0031742,D0036827
R0030432,D0035333
R0018614,D0021629
R0014018,D0016344
R0014605,D0017004
R0032812,D0038213
R0030038,D0034897
R0017731,D0020609
R0001213,D0001425
R0034869,D0040777
R0017521,D0020370
R0024334,D0028253
R0021685,D0025222
R0000625,D0000737
R0007007,D0008080
R0038257,D0044812
R0024702,D0028698
R0013704,D0016007
R0004788,D0005552
R0025682,D0029817
R0021585,D0025114
R0032527,D0037850
R0009096,D0010548
R0008203,D0009483
R0031774,D0036873
R0023203,D0026936
R0030927,D0035904
R0014925,D0017365
R0018685,D0021715
R0008806,D0010202
R0008577,D0009928
R0008576,D0009926
R0000058,D0000071
R0027908,D0032440
R0037150,D0043548
R0036014,D0042195
R0028890,D0033591
R0037222,D0043631
R0031598,D0036669
R0038343,D0044912
R0009951,D0011566
R0023201,D0026934
R0002188,D0002562
R0019992,D0023243
R0018480,D0021481
R0024836,D0028846
R0004822,D0005590
R0030489,D0035402
R0003917,D0004542
R0001488,D0001741
R0030012,D0034868
R0033341,D0038832
R0001897,D0002213
R0004510,D0005231
R0006941,D0008007
R0023335,D0027083
R0020636,D0024010
R0008705,D0010080
R0032182,D0037395
R0028297,D0032896
R0015705,D0018254
R0036044,D0042241
R0028416,D0033035
R0015206,D0017682
R0006067,D0007023
R0035196,D0041147
R0036681,D0043013
R0005705,D0006613
R0012247,D0014279
R0038042,D0044565
R0030817,D0035781
R0007269,D0008386
R0022939,D0026634
R0018170,D0021114
R0009057,D0010503
R0018266,D0021221
R0017679,D0020551
R0023975,D0027834
R0023880,D0027711
R0004031,D0004677
R0033891,D0039553
R0031138,D0036139
R0015507,D0018021
R0012353,D0014408
R0029999,D0034853
R0036247,D0042496
R0036988,D0043371
R0026452,D0030726
R0009184,D0010658
R0017994,D0020903
R0025966,D0030162
R0023742,D0027561
R0038065,D0044592
R0017068,D0019846
R0004121,D0004780
R0020027,D0023286
R0008148,D0009412
R0029336,D0034110
R0028762,D0033443
R0018957,D0022029
R0033399,D0038902
R0011018,D0012841
R0020570,D0023927
R0025034,D0029071
R0005519,D0006393
R0028774,D0033455
R0026934,D0031312
R0006422,D0007418
R0008368,D0009676
R0013943,D0016261
R0032834,D0038241
R0011470,D0013374
R0010662,D0012414
R0032456,D0037752
R0027818,D0032330
R0011581,D0013498
R0017085,D0019864
R0037364,D0043787
R0013116,D0015326
R0009580,D0011132
R0020004,D0023257
R0039229,D0045925
R0021984,D0025559
R0004492,D0005211
R0008134,D0009396
R0000412,D0000486
R0024904,D0028926
R0011994,D0013982
R0021313,D0024794
R0010113,D0011761
R0012701,D0014841
R0008746,D0010129
R0034037,D0039729
R0010884,D0012681
R0033069,D0038516
R0033592,D0039125
R0011608,D0013527
R0022261,D0025880
R0038307,D0044868
R0017543,D0020397
R0029803,D0034636
R0008557,D0009905
R0024041,D0027908
R0003774,D0004380
R0000450,D0000530
R0030042,D0034901
R0020623,D0023995
R0011903,D0013872
R0028475,D0033108
R0008533,D0009880
R0018307,D0021278
R0033254,D0038735
R0026824,D0031182
R0024094,D0027969
R0029901,D0034744
R0038073,D0044601
R0011999,D0013989
R0003730,D0004333
R0021816,D0025364
R0008636,D0010001
R0037091,D0043483
R0039092,D0045770
R0028530,D0033176
R0039240,D0045938
R0008908,D0010323
R0011638,D0013565
R0023810,D0027635
R0026452,D0030724
R0033220,D0038690
R0029987,D0034840
R0038306,D0044867
R0027052,D0031450
R0010000,D0011622
R0018067,D0020988
R0005190,D0006007
R0013715,D0016018
R0012392,D0014457
R0038909,D0045563
R0037699,D0044165
R0033422,D0038925
R0019005,D0022090
R0023839,D0027667
R0017654,D0020524
R0007600,D0008764
R0021482,D0024992
R0008061,D0009309
R0007422,D0008554
R0001320,D0001549
R0008870,D0010280
R0034509,D0040335
R0018309,D0021280
R0032174,D0037387
R0034051,D0039744
R0013961,D0016282
R0020761,D0024163
R0006682,D0007708
R0024386,D0028314
R0019916,D0023146
R0019737,D0022939
R0022658,D0026320
R0021002,D0024443
R0000036,D0000042
R0010842,D0012632
R0013445,D0015715
R0000921,D0001090
R0037958,D0044464
R0004114,D0004772
R0020005,D0023258
R0033687,D0039263
R0027183,D0031598
R0000467,D0000550
R0021321,D0024806
R0018531,D0021537
R0029827,D0034662
R0019365,D0022517
R0010763,D0012533
R0037232,D0043642
R0032363,D0037631
R0008080,D0009330
R0005577,D0006462
R0007912,D0009129
R0035963,D0042128
R0011283,D0013160
R0022892,D0026582
R0030967,D0035947
R0001538,D0001795
R0007597,D0008761
R0017856,D0020749
R0021265,D0024739
R0016565,D0019260
R0005943,D0006882
R0016969,D0019735
R0028949,D0033662
R0039283,D0045988
R0016226,D0018871
R0011275,D0013149
R0013337,D0015586
R0022801,D0026485
R0015273,D0017756
R0007892,D0009105
R0004933,D0005715
R0004308,D0004994
R0010277,D0011959
R0002678,D0003131
R0018172,D0021116
R0011326,D0013208
R0029211,D0033970
R0015421,D0017923
R0014674,D0017078
R0015457,D0017963
R0019946,D0023188
R0021606,D0025136
R0019460,D0022620
R0007429,D0008562
R0020026,D0023285
R0007516,D0008662
R0010688,D0012441
R0022661,D0026323
R0006601,D0007619
R0034115,D0039831
R0004123,D0004782
R0026277,D0030527
R0000129,D0000158
R0011940,D0013919
R0015770,D0018331
R0009179,D0010652
R0010278,D0011960
R0032605,D0037945
R0011087,D0012926
R0015636,D0018175
R0038311,D0044872
R0021008,D0024450
R0006751,D0007791
R0029409,D0034188
R0032223,D0037449
R0029087,D0033828
R0017014,D0019785
R0009122,D0010586
R0002308,D0002701
R0005301,D0006133
R0015553,D0018071
R0016260,D0018912
R0025399,D0029506
R0022987,D0026686
R0031922,D0037062
R0006357,D0007344
R0034082,D0039783
R0016453,D0019134
R0015350,D0017842
R0025954,D0030145
R0026796,D0031147
R0017748,D0020628
R0005728,D0006642
R0031489,D0036546
R0008792,D0010184
R0017706,D0020583
R0002708,D0003166
R0022166,D0025767
R0036359,D0042625
R0003483,D0004047
R0032775,D0038162
R0017381,D0020208
R0010509,D0012232
R0009558,D0011104
R0013750,D0016056
R0033810,D0039435
R0024176,D0028066
R0029812,D0034645
R0035475,D0041481
R0033156,D0038618
R0033550,D0039070
R0033690,D0039269
R0024629,D0028615
R0030276,D0035163
R0005918,D0006855
R0039267,D0045970
R0002264,D0002653
R0022199,D0025802
R0012466,D0014558
R0029108,D0033850
R0034412,D0040200
R0033585,D0039112
R0020735,D0024133
R0013701,D0016003
R0028906,D0033611
R0004335,D0005023
R0001015,D0001199
R0024431,D0028373
R0037100,D0043493
R0029367,D0034144
R0020437,D0023767
R0035339,D0041308
R0006594,D0007611
R0021018,D0024460
R0031632,D0036704
R0025106,D0029159
R0004163,D0004827
R0010706,D0012465
R0013983,D0016306
R0037859,D0044349
R0013440,D0015710
R0016030,D0018643
R0035276,D0041236
R0036797,D0043145
R0026553,D0030848
R0019741,D0022944
R0025888,D0030060
R0038959,D0045619
R0018843,D0021894
R0012791,D0014949
R0038694,D0045312
R0002039,D0002382
R0001539,D0001796
R0016796,D0019538
R0029061,D0033795
R0008257,D0009545
R0021121,D0024571
R0030462,D0035368
R0011272,D0013146
R0025927,D0030110
R0002683,D0003137
R0006735,D0007772
R0009216,D0010699
R0009428,D0010945
R0017512,D0020361
R0013842,D0016155
R0007653,D0008833
R0015187,D0017660
R0038473,D0045061
R0036588,D0042904
R0029963,D0034813
R0029016,D0033743
R0014848,D0017279
R0016730,D0019459
R0022901,D0026592
R0034191,D0039931
R0004231,D0004904
R0026030,D0030234
R0032628,D0037982
R0018862,D0021917
R0015661,D0018202
R0020068,D0023338
R0022382,D0026018
R0038337,D0044905
R0028354,D0032966
R0005051,D0005848
R0018997,D0022081
R0005155,D0005968
R0019631,D0022820
R0023532,D0027321
R0020783,D0024191
R0035565,D0041595
R0032779,D0038167
R0024847,D0028863
R0003677,D0004271
R0022758,D0026438
R0038296,D0044857
R0008183,D0009456
R0029426,D0034208
R0034535,D0040373
R0008990,D0010417
R0038898,D0045551
R0004020,D0004664
R0018535,D0021541
R0035618,D0041658
R0011366,D0013255
R0017086,D0019865
R0037664,D0044126
R0035252,D0041209
R0008834,D0010241
R0037470,D0043906
R0019569,D0022744
R0004420,D0005121
R0013593,D0015885
R0007940,D0009163
R0015914,D0018504
R0000988,D0001168
R0023646,D0027445
R0005122,D0005933
R0001305,D0001532
R0003978,D0004614
R0006728,D0007764
R0022490,D0026138
R0034710,D0040587
R0031297,D0036324
R0018011,D0020921
R0030336,D0035230
R0020725,D0024120
R0020757,D0024158
R0033971,D0039654
R0034999,D0040927
R0004614,D0005356
R0025796,D0029953
R0032232,D0037458
R0017723,D0020601
R0004210,D0004880
R0025257,D0029338
R0013452,D0015722
R0025174,D0029241
R0006572,D0007588
R0015435,D0017939
R0036093,D0042299
R0038388,D0044969
R0038390,D0044972
R0003081,D0003596
R0028161,D0032736
R0030670,D0035611
R0004664,D0005410
R0028881,D0033581
R0030561,D0035487
R0032959,D0038390
R0019718,D0022918
R0024447,D0028391
R0013574,D0015861
R0000531,D0000626
R0004411,D0005111
R0032022,D0037200
R0028642,D0033307
R0027668,D0032152
R0012507,D0014603
R0017700,D0020577
R0017714,D0020591
R0010791,D0012572
R0015915,D0018505
R0025496,D0029614
R0033256,D0038738
R0030688,D0035630
R0036927,D0043298
R0037079,D0043470
R0012076,D0014076
R0034593,D0040445
R0012123,D0014129
R0038574,D0045175
R0038282,D0044841
R0020336,D0023657
R0026803,D0031155
R0000802,D0000955
R0018717,D0021756
R0005926,D0006865
R0000601,D0000710
R0033325,D0038815
R0005408,D0006259
R0034208,D0039953
R0022070,D0025654
R0004133,D0004794
R0025039,D0029080
R0012361,D0014418
R0038802,D0045441
R0037723,D0044193
R0009506,D0011040
R0020838,D0024255
R0035834,D0041947
R0027600,D0032071
R0008642,D0010009
R0037319,D0043740
R0017771,D0020655
R0029363,D0034140
R0006467,D0007472
R0004011,D0004653
R0028485,D0033123
R0012025,D0014016
R0016902,D0019659
R0001946,D0002271
R0009644,D0011206
R0020742,D0024141
R0024120,D0028001
R0024489,D0028452
R0031303,D0036331
R0030033,D0034891
R0006435,D0007433
R0000474,D0000560
R0015546,D0018063
R0019748,D0022951
R0023128,D0026854
R0022774,D0026455
R0027639,D0032119
R0032419,D0037704
R0016639,D0019349
R0004675,D0005422
R0016976,D0019744
R0038936,D0045595
R0038144,D0044684
R0031853,D0036971
R0008716,D0010096
R0022148,D0025748
R0001953,D0002279
R0004208,D0004878
R0017118,D0019904
R0024846,D0028862
R0035320,D0041287
R0027235,D0031656
R0000658,D0000771
R0012092,D0014095
R0034686,D0040558
R0004105,D0004762
R0031794,D0036898
R0039027,D0045699
R0010532,D0012258
R0003351,D0003901
R0033631,D0039175
R0016757,D0019493
R0033725,D0039317
R0008611,D0009969
R0036768,D0043108
R0017683,D0020555
R0008372,D0009680
R0034151,D0039881
R0018457,D0021455
R0018908,D0021971
R0015430,D0017934
R0039081,D0045757
R0009729,D0011305
R0027457,D0031907
R0017697,D0020573
R0001689,D0001968
R0033692,D0039272
R0038810,D0045452
R0025769,D0029914
R0026868,D0031232
R0025067,D0029112
R0016032,D0018645
R0034220,D0039966
R0013438,D0015706
R0023295,D0027037
R0014978,D0017424
R0009408,D0010923
R0002979,D0003478
R0005342,D0006180
R0025828,D0029991
R0005047,D0005844
R0016261,D0018913
R0029216,D0033976
R0014649,D0017050
R0030235,D0035117
R0038679,D0045295
R0012275,D0014313
R0038495,D0045086
R0030637,D0035575
R0019636,D0022825
R0021655,D0025186
R0015121,D0017588
R0018131,D0021069
R0008880,D0010294
R0029410,D0034189
R0005774,D0006694
R0017582,D0020440
R0023286,D0027027
R0028221,D0032806
R0032160,D0037369
R0029663,D0034483
R0035802,D0041899
R0036085,D0042288
R0003877,D0004497
R0003686,D0004281
R0006502,D0007510
R0022950,D0026645
R0008425,D0009755
R0036744,D0043078
R0007508,D0008654
R0016818,D0019565
R0032091,D0037287
R0016630,D0019337
R0011112,D0012962
R0015967,D0018563
R0017240,D0020045
R0015884,D0018471
R0013407,D0015667
R0033008,D0038449
R0006998,D0008067
R0015215,D0017691
R0026722,D0031057
R0020484,D0023827
R0032484,D0037791
R0009367,D0010877
R0037162,D0043564
R0024930,D0028955
R0007528,D0008678
R0005285,D0006117
R0004982,D0005766
R0005583,D0006470
R0027657,D0032138
R0036334,D0042599
R0028145,D0032715
R0025190,D0029261
R0025572,D0029702
R0033754,D0039360
R0039261,D0045964
R0028606,D0033263
R0033223,D0038693
R0026175,D0030411
R0004840,D0005609
R0030350,D0035245
R0025666,D0029801
R0026164,D0030399
R0021527,D0025045
R0005481,D0006351
R0015170,D0017642
R0028856,D0033551
R0013032,D0015223
R0022299,D0025922
R0032964,D0038397
R0000549,D0000647
R0015259,D0017740
R0026090,D0030308
R0003137,D0003661
R0036040,D0042236
R0017775,D0020659
R0032785,D0038177
R0006080,D0007036
R0008265,D0009557
R0009076,D0010525
R0031947,D0037099
R0006694,D0007723
R0012071,D0014071
R0029840,D0034677
R0023674,D0027478
R0028940,D0033650
R0027628,D0032105
R0026562,D0030858
R0038757,D0045388
R0027648,D0032129
R0033700,D0039284
R0033619,D0039161
R0002329,D0002725
R0009590,D0011143
R0001144,D0001352
R0012889,D0015061
R0006296,D0007278
R0017710,D0020587
R0001976,D0002304
R0025178,D0029246
R0038982,D0045650
R0028723,D0033397
R0009149,D0010616
R0010999,D0012816
R0030434,D0035335
R0019580,D0022756
R0013439,D0015707
R0037446,D0043881
R0036029,D0042219
R0014709,D0017120
R0017603,D0020465
R0032530,D0037856
R0018926,D0021992
R0005112,D0005920
R0018462,D0021460
R0000185,D0000222
R0002466,D0002881
R0021298,D0024776
R0020230,D0023533
R0028080,D0032638
R0027273,D0031698
R0034418,D0040208
R0008442,D0009777
R0035428,D0041419
R0029208,D0033967
R0032087,D0037282
R0006835,D0007888
R0035803,D0041902
R0004732,D0005485
R0013348,D0015598
R0005916,D0006853
R0010545,D0012272
R0004154,D0004817
R0024313,D0028229
R0027768,D0032268
R0031947,D0037100
R0016160,D0018795
R0022334,D0025960
R0012113,D0014119
R0028344,D0032954
R0002794,D0003261
R0021149,D0024605
R0036035,D0042228
R0028188,D0032768
R0036235,D0042481
R0014904,D0017342
R0007138,D0008234
R0007827,D0009028
R0010632,D0012378
R0024951,D0028979
R0008059,D0009307
R0022933,D0026627
R0008092,D0009343
R0016497,D0019182
R0005231,D0006053
R0008433,D0009766
R0002504,D0002928
R0001063,D0001257
R0028254,D0032845
R0000298,D0000356
R0027513,D0031972
R0012096,D0014100
R0026965,D0031347
R0028081,D0032639
R0001395,D0001630
R0038678,D0045294
R0010904,D0012705
R0012168,D0014181
R0026272,D0030522
R0028932,D0033641
R0005039,D0005835
R0025311,D0029406
R0010935,D0012741
R0009570,D0011120
R0002349,D0002749
R0012476,D0014570
R0007381,D0008508
R0019421,D0022576
R0010776,D0012550
R0016860,D0019612
R0013203,D0015426
R0023982,D0027841
R0023182,D0026914
R0014906,D0017344
R0032440,D0037732
R0005221,D0006042
R0011019,D0012842
R0034238,D0039987
R0037464,D0043900
R0037686,D0044151
R0033969,D0039650
R0034296,D0040061
R0027820,D0032334
R0015974,D0018572
R0026130,D0030358
R0003213,D0003749
R0016058,D0018672
R0001020,D0001206
R0007845,D0009046
R0005836,D0006762
R0001193,D0001405
R0002925,D0003416
R0039179,D0045869
R0026295,D0030547
R0023994,D0027854
R0034077,D0039776
R0016925,D0019687
R0027605,D0032078
R0000892,D0001057
R0008551,D0009898
R0030680,D0035622
R0030648,D0035588
R0023659,D0027461
R0030891,D0035865
R0023618,D0027414
R0025869,D0030039
R0001855,D0002168
R0037919,D0044421
R0034653,D0040518
R0018143,D0021082
R0026093,D0030312
R0006970,D0008037
R0018446,D0021441
R0004627,D0005370
R0017685,D0020559
R0006175,D0007139
R0037286,D0043701
R0008936,D0010354
R0011858,D0013804
R0010713,D0012473
R0000744,D0000883
R0000487,D0000576
R0014633,D0017033
R0031208,D0036218
R0021100,D0024547
R0010710,D0012470
R0035943,D0042098
R0027164,D0031576
R0032685,D0038053
R0021587,D0025116
R0031821,D0036932
R0025523,D0029644
R0025493,D0029611
R0036635,D0042962
R0026493,D0030775
R0019894,D0023119
R0023717,D0027529
R0037331,D0043752
R0015019,D0017472
R0030770,D0035728
R0005634,D0006532
R0020841,D0024258
R0010160,D0011813
R0011057,D0012889
R0005426,D0006281
R0018286,D0021251
R0031097,D0036094
R0035769,D0041855
R0039156,D0045840
R0008262,D0009552
R0025699,D0029838
R0036792,D0043138
R0035442,D0041440
R0005020,D0005808
R0014623,D0017023
R0033188,D0038653
R0019113,D0022215
R0008435,D0009769
R0030067,D0034929
R0028222,D0032807
R0036612,D0042932
R0017476,D0020317
R0010910,D0012713
R0021053,D0024496
R0013521,D0015801
R0010523,D0012248
R0004485,D0005203
R0004885,D0005664
R0019079,D0022178
R0007860,D0009064
R0032243,D0037480
R0018553,D0021560
R0009642,D0011204
R0002196,D0002572
R0031633,D0036705
R0023259,D0026997
R0028741,D0033416
R0000868,D0001027
R0014278,D0016646
R0018130,D0021066
R0033664,D0039223
R0035169,D0041116
R0034378,D0040159
R0023515,D0027299
R0011544,D0013459
R0029332,D0034106
R0011664,D0013595
R0023695,D0027503
R0007475,D0008617
R0012810,D0014969
R0007147,D0008247
R0024484,D0028441
R0031724,D0036805
R0015845,D0018418
R0036849,D0043213
R0012934,D0015113
R0024377,D0028304
R0028284,D0032881
R0033850,D0039496
R0007850,D0009052
R0023162,D0026892
R0012106,D0014112
R0009560,D0011106
R0035597,D0041633
R0019913,D0023142
R0013501,D0015777
R0018775,D0021819
R0000244,D0000292
R0038471,D0045059
R0005653,D0006553
R0015976,D0018575
R0028385,D0033001
R0032167,D0037378
R0020842,D0024259
R0030739,D0035692
R0011676,D0013607
R0038089,D0044621
R0032078,D0037272
R0019887,D0023112
R0005361,D0006206
R0033023,D0038465
R0004489,D0005207
R0021283,D0024759
R0015653,D0018193
R0026019,D0030222
R0038478,D0045067
R0029582,D0034387
R0029516,D0034312
R0006360,D0007347
R0001652,D0001929
R0015036,D0017495
R0021948,D0025520
R0018031,D0020948
R0023786,D0027610
R0013457,D0015728
R0017423,D0020257
R0029890,D0034733
R0012403,D0014473
R0004397,D0005095
R0008395,D0009715
R0004276,D0004960
R0039070,D0045746
R0005175,D0005990
R0003385,D0003940
R0016418,D0019096
R0002759,D0003223
R0018365,D0021343
R0016481,D0019165
R0013439,D0015708
R0025283,D0029371
R0005971,D0006916
R0008973,D0010398
R0032112,D0037310
R0036865,D0043230
R0013806,D0016118
R0022309,D0025932
R0003969,D0004604
R0002081,D0002436
R0038350,D0044921
R0022909,D0026601
R0020661,D0024039
R0037217,D0043625
R0029520,D0034316
R0018168,D0021112
R0006930,D0007994
R0019166,D0022281
R0013564,D0015849
R0008280,D0009575
R0034530,D0040368
R0006549,D0007562
R0008634,D0009999
R0020114,D0023389
R0032532,D0037859
R0022209,D0025813
R0028787,D0033472
R0013017,D0015206
R0011187,D0013052
R0002967,D0003465
R0005716,D0006627
R0022452,D0026097
R0002273,D0002662
R0037646,D0044107
R0013748,D0016054
R0017575,D0020433
R0014102,D0016444
R0032871,D0038281
R0029101,D0033842
R0008900,D0010315
R0017585,D0020443
R0036926,D0043297
R0030866,D0035838
R0025993,D0030194
R0026176,D0030412
R0004886,D0005665
R0009091,D0010542
R0030458,D0035364
R0020414,D0023741
R0010725,D0012485
R0027156,D0031566
R0029134,D0033880
R0032412,D0037697
R0033503,D0039020
R0003853,D0004466
R0024517,D0028482
R0037697,D0044163
R0032477,D0037781
R0034184,D0039922
R0018256,D0021209
R0038333,D0044898
R0030798,D0035757
R0023537,D0027326
R0011796,D0013738
R0006110,D0007067
R0002422,D0002833
R0008192,D0009469
R0021834,D0025383
R0021720,D0025259
R0028893,D0033594
R0030414,D0035312
R0020775,D0024180
R0001747,D0002037
R0002311,D0002705
R0034805,D0040701
R0027649,D0032130
R0009340,D0010844
R0023167,D0026897
R0020504,D0023849
R0007062,D0008143
R0038666,D0045281
R0016868,D0019621
R0035618,D0041657
R0005325,D0006162
R0008941,D0010359
R0036640,D0042969
R0021810,D0025358
R0030340,D0035235
R0029123,D0033867
R0028363,D0032976
R0006762,D0007802
R0022835,D0026523
R0035924,D0042072
R0014273,D0016641
R0020448,D0023781
R0038589,D0045194
R0031204,D0036214
R0035021,D0040950
R0013835,D0016148
R0006600,D0007618
R0025689,D0029826
R0031622,D0036694
R0033294,D0038780
R0011040,D0012868
R0016129,D0018759
R0020468,D0023804
R0017390,D0020217
R0024589,D0028568
R0016434,D0019113
R0034904,D0040817
R0002734,D0003194
R0017020,D0019791
R0006230,D0007204
R0015658,D0018199
R0039059,D0045732
R0012694,D0014834
R0010533,D0012259
R0010647,D0012395
R0006551,D0007564
R0034970,D0040891
R0013259,D0015495
R0024123,D0028004
R0031905,D0037037
R0004934,D0005716
R0026931,D0031309
R0016470,D0019152
R0023442,D0027207
R0013599,D0015891
R0013031,D0015222
R0026747,D0031084
R0008549,D0009896
R0026351,D0030613
R0019321,D0022466
R0035373,D0041352
R0020102,D0023377
R0029194,D0033949
R0035277,D0041237
R0009648,D0011211
R0019583,D0022759
R0027430,D0031877
R0027567,D0032033
R0019674,D0022865
R0022183,D0025785
R0002037,D0002380
R0013345,D0015595
R0010350,D0012045
R0017915,D0020815
R0028851,D0033546
R0000343,D0000408
R0015903,D0018491
R0000992,D0001175
R0024765,D0028767
R0010024,D0011650
R0024901,D0028923
R0001612,D0001886
R0016920,D0019680
R0023156,D0026886
R0028991,D0033710
R0022736,D0026410
R0035966,D0042131
R0014212,D0016567
R0027439,D0031888
R0031023,D0036011
R0032789,D0038182
R0022040,D0025620
R0003720,D0004322
R0031734,D0036818
R0035341,D0041311
R0001767,D0002059
R0014397,D0016773
R0000004,D0000005
R0025024,D0029060
R0026287,D0030537
R0025047,D0029088
R0006021,D0006970
R0038272,D0044831
R0018778,D0021822
R0021994,D0025570
R0004161,D0004824
R0033845,D0039488
R0004442,D0005149
R0021900,D0025459
R0017129,D0019917
R0004586,D0005320
R0025516,D0029637
R0019805,D0023014
R0001102,D0001303
R0014120,D0016464
R0034306,D0040072
R0011279,D0013155
R0011913,D0013883
R0028775,D0033456
R0029023,D0033751
R0006309,D0007293
R0004556,D0005283
R0033892,D0039554
R0006208,D0007176
R0011938,D0013917
R0028471,D0033103
R0002717,D0003176
R0003961,D0004591
R0035723,D0041800
R0035940,D0042093
R0018850,D0021902
R0012913,D0015085
R0001371,D0001603
R0013425,D0015690
R0027673,D0032158
R0039168,D0045856
R0010186,D0011846
R0010723,D0012483
R0033436,D0038945
R0021036,D0024479
R0013188,D0015410
R0000722,D0000856
R0001606,D0001880
R0001350,D0001580
R0014153,D0016498
R0014332,D0016702
R0018461,D0021459
R0029656,D0034475
R0018269,D0021224
R0004394,D0005092
R0000842,D0001000
R0000113,D0000138
R0004810,D0005577
R0032013,D0037187
R0015922,D0018514
R0007100,D0008186
R0020342,D0023663
R0005678,D0006580
R0027126,D0031533
R0034637,D0040500
R0035491,D0041502
R0009524,D0011063
R0010286,D0011970
R0010704,D0012462
R0004519,D0005241
R0006909,D0007970
R0025863,D0030033
R0013320,D0015567
R0018952,D0022023
R0008184,D0009458
R0033789,D0039410
R0013194,D0015417
R0026017,D0030220
R0037395,D0043822
R0035097,D0041032
R0025881,D0030051
R0010196,D0011858
R0013141,D0015355
R0019082,D0022181
R0032199,D0037418
R0014777,D0017196
R0035816,D0041921
R0024903,D0028925
R0013038,D0015229
R0015898,D0018485
R0020326,D0023646
R0037299,D0043716
R0031634,D0036706
R0036918,D0043289
R0027301,D0031729
R0005485,D0006356
R0034646,D0040510
R0000478,D0000564
R0017248,D0020055
R0021509,D0025025
R0028286,D0032884
R0016206,D0018847
R0026923,D0031298
R0022173,D0025774
R0030488,D0035401
R0016536,D0019225
R0012320,D0014369
R0025140,D0029201
R0005826,D0006752
R0029603,D0034413
R0008078,D0009328
R0034577,D0040427
R0024821,D0028830
R0023065,D0026777
R0009693,D0011263
R0035793,D0041884
R0020917,D0024345
R0026071,D0030283
R0018983,D0022065
R0009290,D0010786
R0016483,D0019167
R0000852,D0001010
R0020751,D0024152
R0006232,D0007206
R0019787,D0022994
R0038451,D0045037
R0011075,D0012913
R0005012,D0005798
R0009583,D0011135
R0029931,D0034779
R0011334,D0013217
R0034012,D0039700
R0016331,D0018995
R0034803,D0040699
R0022927,D0026621
R0001245,D0001467
R0025447,D0029560
R0025979,D0030178
R0026025,D0030228
R0018594,D0021605
R0023580,D0027372
R0020535,D0023887
R0006353,D0007339
R0006651,D0007674
R0003509,D0004074
R0035034,D0040963
R0010903,D0012704
R0023332,D0027080
R0026193,D0030433
R0000769,D0000912
R0038377,D0044955
R0007822,D0009022
R0027994,D0032533
R0038332,D0044897
R0020759,D0024161
R0017794,D0020680
R0038470,D0045058
R0020625,D0023998
R0029207,D0033965
R0020862,D0024283
R0002193,D0002568
R0025749,D0029893
R0021289,D0024766
R0028190,D0032770
R0032585,D0037922
R0038698,D0045317
R0020250,D0023557
R0029673,D0034494
R0024626,D0028611
R0036338,D0042603
R0033621,D0039164
R0037234,D0043644
R0028368,D0032984
R0002716,D0003175
R0013775,D0016084
R0005380,D0006226
R0003218,D0003754
R0002922,D0003412
R0026108,D0030330
R0022798,D0026482
R0011782,D0013724
R0006947,D0008013
R0035800,D0041896
R0020328,D0023648
R0025463,D0029576
R0000504,D0000593
R0008461,D0009796
R0008375,D0009683
R0001927,D0002247
R0037026,D0043413
R0003047,D0003558
R0019970,D0023220
R0015079,D0017541
R0002627,D0003069
R0022864,D0026552
R0031291,D0036317
R0035249,D0041206
R0025767,D0029912
R0001755,D0002045
R0027067,D0031466
R0021230,D0024697
R0009896,D0011496
R0009445,D0010966
R0017470,D0020311
R0029161,D0033912
R0016132,D0018762
R0011467,D0013371
R0025701,D0029840
R0002558,D0002990
R0006743,D0007782
R0017417,D0020251
R0037667,D0044129
R0001332,D0001562
R0037844,D0044333
R0029828,D0034664
R0012042,D0014035
R0027534,D0031995
R0013797,D0016108
R0024288,D0028201
R0027012,D0031405
R0027423,D0031869
R0030611,D0035545
R0031439,D0036490
R0035283,D0041243
R0016310,D0018968
R0017442,D0020278
R0008494,D0009836
R0024735,D0028736
R0032850,D0038258
R0028831,D0033521
R0009588,D0011141
R0016319,D0018979
R0005868,D0006798
R0001625,D0001900
R0037904,D0044402
R0015896,D0018483
R0038357,D0044930
R0006960,D0008027
R0027823,D0032338
R0037710,D0044179
R0036032,D0042223
R0021025,D0024467
R0031700,D0036780
R0034241,D0039990
R0039007,D0045677
R0029805,D0034638
R0012477,D0014571
R0004832,D0005600
R0014645,D0017046
R0014049,D0016382
R0037051,D0043439
R0032102,D0037299
R0030758,D0035714
R0023560,D0027351
R0008729,D0010111
R0000689,D0000809
R0037356,D0043779
R0005118,D0005926
R0004954,D0005737
R0039036,D0045708
R0036888,D0043255
R0001362,D0001593
R0036585,D0042900
R0034872,D0040780
R0004513,D0005234
R0004828,D0005596
R0011174,D0013038
R0008008,D0009243
R0033170,D0038634
R0037188,D0043594
R0024467,D0028417
R0007635,D0008806
R0011430,D0013332
R0029902,D0034745
R0018444,D0021438
R0011351,D0013237
R0009935,D0011546
R0019238,D0022368
R0011475,D0013382
R0023395,D0027155
R0012235,D0014265
R0026698,D0031023
R0009508,D0011044
R0027753,D0032251
R0021558,D0025082
R0035359,D0041332
R0037294,D0043709
R0025874,D0030044
R0025824,D0029986
R0031114,D0036113
R0013995,D0016320
R0033122,D0038577
R0022857,D0026545
R0036231,D0042476
R0017519,D0020368
R0005950,D0006891
R0004239,D0004913
R0027899,D0032431
R0029172,D0033923
R0001719,D0002004
R0016999,D0019770
R0032111,D0037309
R0031767,D0036865
R0010672,D0012424
R0013843,D0016156
R0024716,D0028714
R0032752,D0038133
R0008179,D0009449
R0022346,D0025973
R0007229,D0008337
R0004708,D0005457
R0021625,D0025155
R0032649,D0038008
R0016007,D0018614
R0011247,D0013115
R0009026,D0010458
R0012602,D0014719
R0014277,D0016645
R0008285,D0009582
R0019115,D0022218
R0004423,D0005125
R0002824,D0003299
R0018341,D0021318
R0023628,D0027425
R0024564,D0028537
R0018988,D0022071
R0015356,D0017849
R0034984,D0040906
R0009222,D0010709
R0007148,D0008249
R0028325,D0032931
R0006179,D0007143
R0017719,D0020597
R0023419,D0027183
R0023378,D0027134
R0004314,D0005000
R0026894,D0031259
R0033785,D0039406
R0024817,D0028825
R0016217,D0018862
R0024700,D0028693
R0007856,D0009060
R0000134,D0000165
R0018608,D0021621
R0022554,D0026210
R0013548,D0015831
R0019961,D0023211
R0019427,D0022582
R0015692,D0018239
R0032662,D0038025
R0018646,D0021668
R0026808,D0031162
R0012838,D0015004
R0010004,D0011626
R0032596,D0037935
R0014168,D0016517
R0015541,D0018058
R0007888,D0009101
R0020695,D0024083
R0031991,D0037156
R0014827,D0017253
R0025384,D0029488
R0036082,D0042285
R0004532,D0005256
R0006235,D0007209
R0020471,D0023810
R0021549,D0025071
R0022130,D0025729
R0036168,D0042390
R0005912,D0006849
R0024942,D0028967
R0023516,D0027300
R0014087,D0016429
R0026265,D0030514
R0034682,D0040553
R0037495,D0043932
R0015686,D0018233
R0021070,D0024515
R0017130,D0019918
R0005772,D0006692
R0032516,D0037836
R0038601,D0045208
R0018171,D0021115
R0001196,D0001408
R0031729,D0036812
R0026612,D0030922
R0000826,D0000983
R0037566,D0044016
R0009711,D0011285
R0036798,D0043146
R0000564,D0000668
R0036629,D0042954
R0018211,D0021162
R0017478,D0020319
R0027586,D0032055
R0003318,D0003866
R0011597,D0013516
R0030286,D0035175
R0016258,D0018908
R0025726,D0029869
R0012971,D0015155
R0010048,D0011675
R0028673,D0033344
R0019850,D0023071
R0023566,D0027357
R0034620,D0040475
R0026022,D0030225
R0002505,D0002929
R0012452,D0014543
R0006190,D0007156
R0031087,D0036081
R0005917,D0006854
R0001645,D0001922
R0020996,D0024437
R0020347,D0023669
R0037117,D0043511
R0018190,D0021138
R0008102,D0009357
R0005460,D0006323
R0031846,D0036960
R0016593,D0019298
R0037315,D0043734
R0027323,D0031752
R0029432,D0034216
R0036283,D0042544
R0007986,D0009217
R0025152,D0029215
R0000719,D0000851
R0012756,D0014909
R0034442,D0040239
R0001296,D0001522
R0002146,D0002516
R0027887,D0032413
R0017515,D0020364
R0008342,D0009647
R0022195,D0025798
R0028765,D0033446
R0012005,D0013995
R0002357,D0002758
R0002699,D0003156
R0002596,D0003033
R0001233,D0001450
R0036882,D0043249
R0015631,D0018169
R0032347,D0037610
R0002279,D0002672
R0038974,D0045639
R0032680,D0038047
R0016244,D0018893
R0037425,D0043855
R0030359,D0035256
R0015870,D0018453
R0016347,D0019014
R0023448,D0027215
R0028626,D0033288
R0010089,D0011731
R0031381,D0036421
R0002115,D0002479
R0001620,D0001894
R0007656,D0008836
R0033044,D0038490
R0012462,D0014554
R0008784,D0010175
R0003403,D0003959
R0034730,D0040612
R0038040,D0044562
R0022650,D0026312
R0003957,D0004585
R0012572,D0014682
R0002392,D0002797
R0022678,D0026344
R0021627,D0025157
R0029001,D0033725
R0026521,D0030812
R0007439,D0008574
R0032612,D0037956
R0017084,D0019863
R0026387,D0030653
R0024456,D0028404
R0003770,D0004376
R0030751,D0035707
R0018755,D0021797
R0017558,D0020414
R0009640,D0011202
R0012829,D0014994
R0035438,D0041431
R0010980,D0012794
R0008378,D0009687
R0000697,D0000821
R0035029,D0040958
R0027871,D0032394
R0011679,D0013611
R0029934,D0034782
R0028126,D0032695
R0011462,D0013366
R0038449,D0045035
R0008876,D0010288
R0021767,D0025311
R0001735,D0002021
R0019132,D0022240
R0018876,D0021933
R0007797,D0008992
R0010010,D0011633
R0016957,D0019722
R0006802,D0007848
R0005733,D0006647
R0026557,D0030852
R0037997,D0044508
R0026611,D0030921
R0024078,D0027949
R0006521,D0007532
R0023481,D0027257
R0031463,D0036517
R0000031,D0000037
R0028930,D0033639
R0036922,D0043293
R0020034,D0023298
R0028914,D0033621
R0028657,D0033327
R0011078,D0012917
R0031189,D0036198
R0026849,D0031212
R0003453,D0004013
R0013582,D0015871
R0035955,D0042117
R0023399,D0027161
R0020800,D0024210
R0021253,D0024724
R0032449,D0037742
R0018000,D0020910
R0002413,D0002821
R0005813,D0006736
R0009249,D0010740
R0016065,D0018680
R0005083,D0005885
R0032861,D0038270
R0031525,D0036587
R0025392,D0029498
R0004199,D0004868
R0007917,D0009137
R0033947,D0039624
R0024949,D0028974
R0001587,D0001854
R0015386,D0017885
R0021064,D0024509
R0011459,D0013363
R0034501,D0040323
R0006055,D0007010
R0036657,D0042989
R0037243,D0043654
R0038006,D0044518
R0022646,D0026308
R0018919,D0021984
R0012386,D0014449
R0025052,D0029094
R0004657,D0005402
R0023962,D0027814
R0019168,D0022283
R0034914,D0040827
R0029332,D0034105
R0030733,D0035685
R0036373,D0042643
R0023477,D0027252
R0001646,D0001923
R0000177,D0000213
R0037307,D0043726
R0005923,D0006860
R0007989,D0009220
R0034856,D0040763
R0000464,D0000547
R0016838,D0019588
R0011792,D0013734
R0019783,D0022990
R0030653,D0035593
R0032061,D0037250
R0028735,D0033409
R0035387,D0041371
R0017220,D0020021
R0005048,D0005845
R0028660,D0033330
R0004631,D0005375
R0003532,D0004104
R0005252,D0006078
R0000917,D0001085
R0016815,D0019561
R0024281,D0028194
R0000948,D0001123
R0035566,D0041596
R0035681,D0041739
R0000408,D0000480
R0039044,D0045716
R0033146,D0038605
R0036550,D0042854
R0016690,D0019411
R0036253,D0042504
R0024606,D0028587
R0001823,D0002130
R0005523,D0006398
R0018656,D0021683
R0033511,D0039030
R0000124,D0000151
R0036328,D0042593
R0002312,D0002706
R0019644,D0022833
R0012631,D0014754
R0011652,D0013581
R0013803,D0016114
R0018985,D0022068
R0014960,D0017405
R0006782,D0007826
R0015427,D0017930
R0029756,D0034585
R0001331,D0001561
R0014941,D0017385
R0022214,D0025819
R0010093,D0011737
R0038016,D0044530
R0030671,D0035612
R0037487,D0043924
R0030439,D0035343
R0026484,D0030762
R0026725,D0031061
R0019664,D0022854
R0016852,D0019604
R0013976,D0016298
R0008852,D0010261
R0025480,D0029596
R0018263,D0021218
R0015497,D0018010
R0026073,D0030287
R0036730,D0043064
R0016338,D0019004
R0022977,D0026676
R0009811,D0011393
R0011182,D0013047
R0032414,D0037699
R0020043,D0023310
R0021550,D0025073
R0001723,D0002008
R0014547,D0016940
R0037316,D0043735
R0001596,D0001867
R0001222,D0001435
R0000701,D0000828
R0017529,D0020379
R0009930,D0011539
R0028675,D0033346
R0024700,D0028694
R0008665,D0010033
R0000255,D0000306
R0004187,D0004854
R0030531,D0035454
R0016357,D0019027
R0037113,D0043507
R0034918,D0040831
R0009236,D0010724
R0005639,D0006538
R0011180,D0013045
R0008210,D0009491
R0033152,D0038612
R0018432,D0021421
R0016712,D0019438
R0029065,D0033800
R0016507,D0019194
R0007249,D0008363
R0029075,D0033812
R0035852,D0041969
R0015358,D0017851
R0016802,D0019547
R0029408,D0034187
R0002660,D0003107
R0030836,D0035804
R0000287,D0000343
R0000176,D0000212
R0000592,D0000701
R0028536,D0033182
R0002580,D0003015
R0023276,D0027014
R0028695,D0033368
R0016517,D0019205
R0011313,D0013193
R0034133,D0039858
R0014491,D0016878
R0008131,D0009391
R0016894,D0019650
R0010055,D0011685
R0038697,D0045316
R0025854,D0030021
R0008529,D0009875
R0004604,D0005345
R0027690,D0032177
R0019747,D0022950
R0033625,D0039168
R0023119,D0026844
R0026133,D0030361
R0035417,D0041406
R0038583,D0045188
R0028197,D0032779
R0028900,D0033602
R0002672,D0003123
R0031304,D0036332
R0006201,D0007169
R0025243,D0029321
R0014161,D0016508
R0017481,D0020323
R0029887,D0034730
R0020047,D0023315
R0038281,D0044840
R0000073,D0000089
R0018674,D0021702
R0026409,D0030675
R0004144,D0004805
R0025642,D0029776
R0012366,D0014424
R0014083,D0016425
R0006020,D0006969
R0038680,D0045296
R0036942,D0043314
R0023841,D0027669
R0026592,D0030899
R0030730,D0035682
R0025594,D0029726
R0005249,D0006075
R0009651,D0011214
R0014811,D0017237
R0034959,D0040878
R0009881,D0011479
R0020614,D0023982
R0019958,D0023208
R0030479,D0035390
R0025472,D0029586
R0023559,D0027350
R0011797,D0013739
R0026979,D0031365
R0003304,D0003850
R0028523,D0033168
R0005536,D0006412
R0012912,D0015084
R0039287,D0045994
R0032693,D0038061
R0012160,D0014172
R0004555,D0005282
R0017680,D0020552
R0025762,D0029907
R0020985,D0024424
R0007904,D0009119
R0004080,D0004735
R0010692,D0012445
R0008645,D0010012
R0024613,D0028595
R0011507,D0013418
R0002529,D0002957
R0026773,D0031119
R0031275,D0036298
R0013355,D0015607
R0013624,D0015918
R0000652,D0000765
R0009465,D0010990
R0018133,D0021071
R0024907,D0028929
R0030545,D0035470
R0026485,D0030765
R0019118,D0022223
R0011881,D0013838
R0022338,D0025965
R0004863,D0005638
R0002538,D0002966
R0014475,D0016862
R0003991,D0004628
R0031812,D0036922
R0034388,D0040169
R0030952,D0035931
R0028082,D0032640
R0021950,D0025522
R0001347,D0001577
R0014795,D0017216
R0005052,D0005850
R0016167,D0018803
R0008470,D0009806
R0000097,D0000118
R0024185,D0028077
R0030354,D0035250
R0005476,D0006346
R0020362,D0023687
R0002567,D0003000
R0021809,D0025357
R0025606,D0029738
R0001084,D0001280
R0033497,D0039014
R0031603,D0036674
R0011103,D0012948
R0033397,D0038900
R0026337,D0030597
R0027335,D0031769
R0004902,D0005682
R0029268,D0034031
R0032517,D0037838
R0019949,D0023193
R0004567,D0005299
R0008861,D0010270
R0023591,D0027383
R0014463,D0016850
R0017977,D0020886
R0037893,D0044388
R0004880,D0005658
R0005328,D0006165
R0028919,D0033627
R0024406,D0028339
R0004461,D0005175
R0035381,D0041362
R0009162,D0010631
R0033708,D0039292
R0015128,D0017595
R0031578,D0036645
R0012219,D0014247
R0014561,D0016957
R0034102,D0039814
R0034132,D0039857
R0009103,D0010558
R0014517,D0016908
R0001969,D0002295
R0035050,D0040981
R0002632,D0003074
R0023189,D0026921
R0035706,D0041772
R0008444,D0009779
R0036553,D0042857
R0008163,D0009431
R0001122,D0001328
R0034684,D0040556
R0038924,D0045581
R0018787,D0021833
R0005097,D0005905
R0009725,D0011301
R0024645,D0028631
R0011519,D0013432
R0029950,D0034800
R0006041,D0006994
R0005532,D0006408
R0018622,D0021639
R0023553,D0027342
R0029943,D0034793
R0007773,D0008968
R0026681,D0031002
R0027915,D0032448
R0023263,D0027001
R0013948,D0016266
R0001308,D0001536
R0013209,D0015432
R0005624,D0006522
R0023897,D0027731
R0029631,D0034444
R0006711,D0007744
R0027106,D0031511
R0036116,D0042328
R0012662,D0014793
R0004620,D0005363
R0033498,D0039015
R0022275,D0025895
R0021922,D0025490
R0016200,D0018839
R0001019,D0001205
R0034902,D0040815
R0006603,D0007621
R0003274,D0003817
R0007870,D0009076
R0021905,D0025467
R0004703,D0005451
R0007426,D0008559
R0026494,D0030776
R0002489,D0002908
R0005881,D0006813
R0024339,D0028258
R0037354,D0043776
R0029398,D0034177
R0025000,D0029032
R0035116,D0041057
R0034244,D0039994
R0009743,D0011320
R0034926,D0040840
R0004999,D0005785
R0011452,D0013355
R0002272,D0002661
R0023275,D0027013
R0031240,D0036255
R0015145,D0017616
R0005299,D0006131
R0008117,D0009374
R0031267,D0036290
R0022481,D0026129
R0015137,D0017608
R0020081,D0023354
R0026488,D0030770
R0030128,D0034997
R0004006,D0004644
R0029295,D0034064
R0032563,D0037894
R0007080,D0008163
R0004431,D0005135
R0034694,D0040568
R0032263,D0037506
R0000299,D0000357
R0014508,D0016898
R0022831,D0026519
R0036258,D0042510
R0018610,D0021623
R0004926,D0005706
R0032924,D0038344
R0031008,D0035992
R0012712,D0014853
R0030549,D0035475
R0011721,D0013656
R0038513,D0045107
R0003529,D0004098
R0021259,D0024730
R0012278,D0014316
R0014244,D0016605
R0039185,D0045876
R0009044,D0010487
R0027975,D0032512
R0018537,D0021543
R0001530,D0001786
R0029809,D0034642
R0010270,D0011950
R0014220,D0016575
R0005011,D0005797
R0013890,D0016205
R0011836,D0013781
R0033875,D0039531
R0032508,D0037826
R0031677,D0036755
R0021712,D0025251
R0023314,D0027060
R0030569,D0035497
R0015090,D0017552
R0027706,D0032194
R0006905,D0007966
R0037729,D0044199
R0032639,D0037997
R0012174,D0014189
R0019870,D0023094
R0023084,D0026800
R0009186,D0010661
R0038129,D0044667
R0017219,D0020020
R0002871,D0003352
R0036377,D0042647
R0030324,D0035215
R0035685,D0041744
R0024685,D0028676
R0002441,D0002852
R0036698,D0043030
R0030374,D0035271
R0023584,D0027376
R0030239,D0035122
R0014056,D0016390
R0022281,D0025901
R0008772,D0010163
R0016328,D0018992
R0026532,D0030824
R0038407,D0044990
R0031766,D0036864
R0003120,D0003642
R0020622,D0023994
R0022401,D0026042
R0008569,D0009918
R0036646,D0042978
R0013335,D0015584
R0024806,D0028813
R0033133,D0038588
R0008512,D0009855
R0030295,D0035185
R0003543,D0004116
R0017849,D0020742
R0031020,D0036007
R0016715,D0019441
R0013039,D0015230
R0000938,D0001110
R0028196,D0032777
R0036505,D0042801
R0004281,D0004965
R0025344,D0029444
R0007673,D0008853
R0037336,D0043757
R0007116,D0008207
R0010544,D0012270
R0013925,D0016241
R0005980,D0006926
R0024297,D0028210
R0017211,D0020012
R0024173,D0028061
R0012573,D0014683
R0037825,D0044313
R0019683,D0022877
R0034743,D0040628
R0023316,D0027062
R0026964,D0031346
R0000848,D0001006
R0035831,D0041940
R0024616,D0028599
R0001450,D0001695
R0024170,D0028057
R0031017,D0036004
R0006838,D0007891
R0034092,D0039799
R0037877,D0044369
R0036685,D0043017
R0034446,D0040245
R0010091,D0011734
R0004787,D0005551
R0023473,D0027247
R0014932,D0017373
R0020433,D0023763
R0037847,D0044336
R0024260,D0028170
R0031678,D0036756
R0014268,D0016635
R0026939,D0031319
R0038777,D0045411
R0007581,D0008742
R0016915,D0019675
R0029514,D0034310
R0025015,D0029050
R0017613,D0020475
R0002546,D0002977
R0031140,D0036142
R0021877,D0025430
R0035628,D0041671
R0023544,D0027333
R0014476,D0016863
R0010112,D0011760
R0005566,D0006449
R0029637,D0034451
R0017851,D0020744
R0013356,D0015608
R0023279,D0027018
R0018891,D0021950
R0005599,D0006491
R0025974,D0030171
R0031220,D0036231
R0007218,D0008326
R0022983,D0026682
R0002166,D0002536
R0020624,D0023997
R0014081,D0016421
R0003628,D0004215
R0036971,D0043349
R0015784,D0018347
R0026689,D0031013
R0006564,D0007579
R0026420,D0030686
R0007531,D0008681
R0005340,D0006178
R0019137,D0022248
R0038627,D0045237
R0032256,D0037497
R0038096,D0044628
R0009982,D0011600
R0005908,D0006844
R0034973,D0040894
R0012751,D0014903
R0022732,D0026406
R0030254,D0035139
R0007984,D0009213
R0022840,D0026528
R0017075,D0019853
R0023914,D0027753
R0022171,D0025772
R0009466,D0010991
R0028924,D0033633
R0008164,D0009432
R0027057,D0031455
R0022727,D0026400
R0012988,D0015172
R0037728,D0044198
R0028198,D0032780
R0025748,D0029892
R0004628,D0005371
R0018167,D0021111
R0017262,D0020070
R0030592,D0035525
R0022096,D0025689
R0030427,D0035327
R0038380,D0044958
R0014695,D0017100
R0025704,D0029844
R0004378,D0005072
R0028686,D0033357
R0010830,D0012619
R0018382,D0021360
R0014578,D0016975
R0032100,D0037297
R0034522,D0040355
R0016011,D0018618
R0022350,D0025978
R0018051,D0020970
R0028115,D0032683
R0017398,D0020227
R0031142,D0036144
R0011069,D0012904
R0025016,D0029051
R0025598,D0029730
R0036105,D0042315
R0004026,D0004672
R0016107,D0018733
R0024486,D0028443
R0016492,D0019177
R0035167,D0041114
R0004050,D0004700
R0014490,D0016877
R0013739,D0016043
R0036498,D0042794
R0012720,D0014863
R0013969,D0016291
R0033439,D0038948
R0017673,D0020544
R0037908,D0044406
R0005765,D0006684
R0029218,D0033978
R0020943,D0024374
R0006636,D0007657
R0002140,D0002510
R0035312,D0041279
R0006172,D0007136
R0020189,D0023484
R0020096,D0023371
R0028324,D0032930
R0032518,D0037840
R0028124,D0032693
R0012496,D0014592
R0009779,D0011358
R0008637,D0010002
R0019107,D0022208
R0020585,D0023945
R0019029,D0022118
R0011823,D0013766
R0011280,D0013156
R0036997,D0043381
R0002221,D0002602
R0021238,D0024709
R0031919,D0037058
R0036592,D0042908
R0028453,D0033084
R0010103,D0011749
R0016847,D0019597
R0034028,D0039719
R0029034,D0033763
R0002696,D0003153
R0002959,D0003455
R0039265,D0045968
R0026127,D0030355
R0008010,D0009245
R0005588,D0006476
R0031325,D0036358
R0028345,D0032956
R0017602,D0020464
R0011270,D0013143
R0002298,D0002691
R0022027,D0025604
R0012717,D0014859
R0014000,D0016325
R0006376,D0007365
R0036281,D0042542
R0015086,D0017548
R0032079,D0037273
R0026977,D0031363
R0036872,D0043239
R0036509,D0042805
R0038419,D0045003
R0006584,D0007600
R0037081,D0043472
R0000488,D0000577
R0031298,D0036325
R0022823,D0026510
R0009433,D0010952
R0036168,D0042389
R0034305,D0040071
R0021227,D0024694
R0013993,D0016318
R0010461,D0012177
R0014502,D0016892
R0015651,D0018190
R0007538,D0008689
R0018722,D0021761
R0030105,D0034972
R0028167,D0032742
R0000202,D0000240
R0032913,D0038329
R0011233,D0013100
R0018102,D0021031
R0023376,D0027132
R0009886,D0011484
R0027802,D0032309
R0019483,D0022647
R0005454,D0006315
R0011499,D0013409
R0005475,D0006344
R0013934,D0016251
R0028241,D0032827
R0025259,D0029342
R0024779,D0028782
R0020926,D0024354
R0010901,D0012702
R0010855,D0012646
R0032224,D0037450
R0026160,D0030394
R0005089,D0005895
R0032458,D0037755
R0038779,D0045413
R0031075,D0036067
R0000600,D0000709
R0019250,D0022383
R0026856,D0031219
R0029892,D0034735
R0036414,D0042695
R0032768,D0038151
R0035920,D0042065
R0018693,D0021726
R0012001,D0013991
R0024521,D0028486
R0031006,D0035990
R0031555,D0036620
R0011199,D0013066
R0033876,D0039533
R0007454,D0008592
R0024656,D0028642
R0002499,D0002923
R0001316,D0001544
R0035889,D0042020
R0037218,D0043626
R0018688,D0021718
R0027491,D0031947
R0028946,D0033657
R0002048,D0002394
R0002102,D0002464
R0019624,D0022810
R0003353,D0003903
R0024299,D0028212
R0027520,D0031980
R0021376,D0024870
R0003719,D0004321
R0016990,D0019761
R0007613,D0008779
R0003434,D0003993
R0011731,D0013668
R0035245,D0041202
R0028886,D0033586
R0022257,D0025874
R0001198,D0001410
R0008228,D0009513
R0022413,D0026055
R0010477,D0012195
R0010684,D0012436
R0032495,D0037805
R0002693,D0003149
R0004623,D0005366
R0015490,D0018002
R0028653,D0033321
R0021985,D0025560
R0012232,D0014262
R0032496,D0037808
R0008136,D0009398
R0008458,D0009793
R0005630,D0006528
R0013090,D0015296
R0020776,D0024181
R0008573,D0009923
R0014766,D0017183
R0030422,D0035320
R0036326,D0042591
R0023574,D0027366
R0033776,D0039388
R0038925,D0045582
R0030277,D0035165
R0031256,D0036277
R0017695,D0020571
R0030554,D0035480
R0033954,D0039632
R0003673,D0004267
R0021917,D0025485
R0034992,D0040918
R0028390,D0033007
R0016185,D0018822
R0007697,D0008880
R0003343,D0003893
R0025093,D0029146
R0000786,D0000933
R0036864,D0043229
R0037042,D0043429
R0004572,D0005304
R0009140,D0010605
R0004327,D0005015
R0011944,D0013923
R0001622,D0001897
R0027193,D0031610
R0005815,D0006738
R0035076,D0041009
R0001262,D0001485
R0021052,D0024495
R0023385,D0027141
R0028365,D0032980
R0029092,D0033833
R0001232,D0001448
R0016270,D0018924
R0003494,D0004058
R0034146,D0039875
R0004216,D0004888
R0028208,D0032792
R0003280,D0003823
R0017841,D0020734
R0029085,D0033825
R0024852,D0028868
R0036767,D0043107
R0015691,D0018238
R0025941,D0030128
R0010840,D0012630
R0012665,D0014796
R0032278,D0037527
R0016859,D0019611
R0002261,D0002646
R0030982,D0035965
R0011437,D0013340
R0013333,D0015581
R0002105,D0002468
R0004809,D0005575
R0017474,D0020315
R0020017,D0023272
R0009364,D0010874
R0035472,D0041476
R0038199,D0044748
R0030530,D0035452
R0027470,D0031923
R0027539,D0032001
R0033755,D0039361
R0027466,D0031918
R0009487,D0011014
R0020450,D0023783
R0017110,D0019894
R0038948,D0045608
R0037038,D0043425
R0026023,D0030226
R0003790,D0004397
R0026816,D0031172
R0021797,D0025345
R0020599,D0023965
R0017517,D0020366
R0015119,D0017585
R0002030,D0002371
R0013683,D0015984
R0005828,D0006754
R0013015,D0015203
R0007073,D0008156
R0019944,D0023184
R0023597,D0027389
R0033582,D0039108
R0000962,D0001138
R0017181,D0019975
R0012293,D0014334
R0014793,D0017214
R0009422,D0010939
R0031625,D0036697
R0013905,D0016220
R0036420,D0042704
R0010183,D0011841
R0003542,D0004115
R0001328,D0001558
R0006239,D0007215
R0004629,D0005372
R0014104,D0016446
R0031999,D0037164
R0026637,D0030955
R0036766,D0043105
R0008587,D0009942
R0029671,D0034492
R0012091,D0014094
R0000162,D0000195
R0021287,D0024764
R0004813,D0005581
R0029900,D0034743
R0035514,D0041528
R0029057,D0033791
R0003643,D0004233
R0000647,D0000760
R0008069,D0009319
R0011717,D0013652
R0018173,D0021117
R0037378,D0043804
R0015250,D0017730
R0016287,D0018944
R0035760,D0041845
R0031254,D0036275
R0011339,D0013222
R0021040,D0024483
R0025188,D0029258
R0029600,D0034410
R0035978,D0042148
R0013569,D0015855
R0011852,D0013797
R0017934,D0020838
R0035970,D0042136
R0008184,D0009457
R0023483,D0027259
R0031281,D0036305
R0019245,D0022377
R0017958,D0020866
R0029354,D0034131
R0035903,D0042039
R0006676,D0007700
R0036279,D0042540
R0018523,D0021529
R0033207,D0038676
R0038313,D0044874
R0035367,D0041345
R0019299,D0022442
R0024340,D0028259
R0025449,D0029562
R0024537,D0028506
R0024130,D0028012
R0006559,D0007574
R0028579,D0033233
R0038632,D0045243
R0032893,D0038304
R0000357,D0000425
R0003356,D0003906
R0004469,D0005184
R0004465,D0005180
R0007517,D0008663
R0006137,D0007096
R0017792,D0020678
R0034231,D0039979
R0015510,D0018024
R0017165,D0019957
R0039071,D0045747
R0021883,D0025437
R0001404,D0001640
R0034316,D0040083
R0029165,D0033916
R0017566,D0020423
R0013195,D0015418
R0022004,D0025580
R0010297,D0011983
R0016834,D0019584
R0013469,D0015740
R0023023,D0026729
R0028470,D0033102
R0007621,D0008787
R0034407,D0040192
R0038012,D0044525
R0004254,D0004929
R0036124,D0042338
R0005156,D0005969
R0022920,D0026613
R0004433,D0005137
R0018836,D0021887
R0015203,D0017679
R0003419,D0003976
R0018015,D0020929
R0001733,D0002018
R0028902,D0033604
R0012075,D0014075
R0039194,D0045889
R0023833,D0027660
R0032655,D0038015
R0025635,D0029769
R0026835,D0031195
R0036220,D0042463
R0003826,D0004437
R0002719,D0003178
R0031288,D0036314
R0017000,D0019771
R0009365,D0010875
R0010762,D0012532
R0000223,D0000267
R0033222,D0038692
R0003208,D0003744
R0028022,D0032566
R0025235,D0029311
R0008905,D0010320
R0023631,D0027428
R0006985,D0008052
R0017939,D0020843
R0029541,D0034340
R0026919,D0031294
R0020848,D0024267
R0031941,D0037088
R0028753,D0033432
R0017520,D0020369
R0033896,D0039559
R0014267,D0016634
R0024586,D0028564
R0037703,D0044171
R0019863,D0023086
R0028191,D0032771
R0027910,D0032443
R0016863,D0019615
R0006364,D0007351
R0014453,D0016839
R0016166,D0018802
R0035624,D0041667
R0009412,D0010927
R0034498,D0040320
R0022429,D0026073
R0018996,D0022080
R0002445,D0002857
R0034466,D0040273
R0017772,D0020656
R0006677,D0007701
R0027296,D0031723
R0027175,D0031588
R0006889,D0007946
R0008068,D0009317
R0003813,D0004422
R0031034,D0036022
R0002937,D0003431
R0016267,D0018920
R0015140,D0017611
R0005996,D0006943
R0014068,D0016406
R0038987,D0045655
R0032998,D0038438
R0007399,D0008527
R0003251,D0003791
R0007823,D0009023
R0005648,D0006548
R0007114,D0008205
R0020953,D0024386
R0014760,D0017177
R0012633,D0014756
R0035120,D0041061
R0038456,D0045042
R0023359,D0027113
R0009566,D0011116
R0039177,D0045867
R0007562,D0008716
R0001557,D0001815
R0013169,D0015389
R0033155,D0038616
R0020141,D0023422
R0029717,D0034544
R0037707,D0044175
R0007304,D0008425
R0024184,D0028076
R0027716,D0032205
R0007034,D0008112
R0002339,D0002738
R0037655,D0044117
R0000057,D0000070
R0004425,D0005128
R0004473,D0005189
R0001397,D0001632
R0010772,D0012546
R0032771,D0038156
R0006051,D0007006
R0035945,D0042101
R0016681,D0019398
R0004337,D0005025
R0001548,D0001805
R0000815,D0000971
R0035808,D0041908
R0034040,D0039732
R0030403,D0035300
R0037041,D0043428
R0037129,D0043525
R0024985,D0029014
R0025065,D0029109
R0014048,D0016381
R0006937,D0008003
R0023289,D0027030
R0026072,D0030285
R0020208,D0023507
R0022763,D0026443
R0024588,D0028567
R0014541,D0016933
R0035765,D0041850
R0033860,D0039506
R0004712,D0005463
R0037270,D0043683
R0021930,D0025500
R0001583,D0001850
R0024331,D0028249
R0030342,D0035237
R0006598,D0007616
R0026733,D0031069
R0014662,D0017066
R0004445,D0005153
R0023592,D0027384
R0002631,D0003073
R0010649,D0012398
R0035904,D0042040
R0013747,D0016052
R0021392,D0024891
R0023823,D0027649
R0007730,D0008918
R0025720,D0029863
R0027755,D0032253
R0025882,D0030052
R0003129,D0003651
R0009224,D0010711
R0023051,D0026758
R0005271,D0006099
R0026468,D0030742
R0007146,D0008245
R0021746,D0025288
R0028245,D0032834
R0034371,D0040150
R0034944,D0040862
R0018408,D0021393
R0003495,D0004059
R0000909,D0001076
R0013117,D0015327
R0010062,D0011694
R0024043,D0027911
R0000870,D0001029
R0019510,D0022678
R0019303,D0022447
R0018302,D0021272
R0011935,D0013911
R0033044,D0038489
R0038293,D0044853
R0024165,D0028052
R0026705,D0031033
R0007522,D0008671
R0007111,D0008201
R0029314,D0034087
R0033698,D0039280
R0038397,D0044979
R0001041,D0001232
R0010116,D0011764
R0024133,D0028015
R0036033,D0042226
R0027773,D0032274
R0033358,D0038853
R0016099,D0018721
R0011997,D0013985
R0008369,D0009677
R0027448,D0031898
R0023087,D0026803
R0035845,D0041962
R0015824,D0018391
R0021860,D0025411
R0016027,D0018640
R0011750,D0013689
R0018149,D0021091
R0014713,D0017124
R0004430,D0005133
R0022050,D0025632
R0008694,D0010068
R0022155,D0025755
R0028921,D0033629
R0018649,D0021672
R0001626,D0001901
R0033869,D0039520
R0016421,D0019100
R0000715,D0000847
R0021551,D0025075
R0031815,D0036925
R0007984,D0009214
R0010785,D0012566
R0036796,D0043144
R0008692,D0010065
R0003088,D0003604
R0014629,D0017029
R0002153,D0002523
R0014570,D0016967
R0016021,D0018631
R0028333,D0032939
R0030903,D0035877
R0012303,D0014344
R0038554,D0045154
R0013958,D0016277
R0017489,D0020333
R0038466,D0045054
R0030094,D0034960
R0013691,D0015993
R0031247,D0036266
R0002191,D0002565
R0010310,D0011998
R0034072,D0039770
R0034693,D0040566
R0013391,D0015646
R0039051,D0045723
R0010126,D0011776
R0017887,D0020783
R0019266,D0022405
R0012306,D0014349
R0025771,D0029920
R0000812,D0000968
R0005516,D0006389
R0025170,D0029237
R0024482,D0028437
R0031552,D0036617
R0029082,D0033820
R0011297,D0013176
R0038245,D0044796
R0010365,D0012065
R0016230,D0018877
R0011878,D0013832
R0009405,D0010920
R0031414,D0036458
R0023664,D0027466
R0028101,D0032662
R0012842,D0015009
R0001040,D0001231
R0021941,D0025512
R0010237,D0011911
R0022116,D0025714
R0017467,D0020306
R0038551,D0045151
R0006987,D0008054
R0027401,D0031844
R0032075,D0037268
R0010184,D0011843
R0019352,D0022500
R0029566,D0034368
R0000196,D0000234
R0011729,D0013666
R0015596,D0018125
R0007341,D0008464
R0025526,D0029647
R0036426,D0042711
R0020850,D0024270
R0018326,D0021299
R0032591,D0037928
R0030615,D0035550
R0005265,D0006092
R0020416,D0023744
R0032751,D0038132
R0038854,D0045501
R0009003,D0010431
R0012523,D0014620
R0001987,D0002321
R0005110,D0005918
R0001301,D0001527
R0038095,D0044627
R0002764,D0003229
R0026393,D0030659
R0010315,D0012004
R0034880,D0040789
R0026372,D0030636
R0038061,D0044587
R0020444,D0023777
R0024195,D0028092
R0000239,D0000284
R0021204,D0024669
R0034432,D0040229
R0034566,D0040410
R0019971,D0023221
R0017035,D0019808
R0038711,D0045332
R0033030,D0038473
R0024498,D0028461
R0021890,D0025449
R0034430,D0040227
R0004167,D0004831
R0023439,D0027204
R0006147,D0007107
R0004400,D0005099
R0018448,D0021445
R0037662,D0044124
R0017650,D0020517
R0010952,D0012759
R0034089,D0039792
R0030395,D0035292
R0036374,D0042644
R0007282,D0008401
R0018980,D0022061
R0023797,D0027621
R0034996,D0040924
R0028437,D0033061
R0029728,D0034556
R0013049,D0015244
R0017827,D0020719
R0027728,D0032217
R0007793,D0008988
R0030542,D0035466
R0031662,D0036737
R0032390,D0037670
R0018343,D0021320
R0029205,D0033963
R0012667,D0014799
R0025017,D0029052
R0029544,D0034344
R0005899,D0006834
R0004153,D0004816
R0021631,D0025161
R0037857,D0044347
R0009145,D0010612
R0005093,D0005900
R0033581,D0039106
R0002182,D0002555
R0034393,D0040174
R0011606,D0013525
R0015934,D0018528
R0011198,D0013065
R0007433,D0008567
R0026874,D0031238
R0037656,D0044118
R0037048,D0043436
R0005874,D0006805
R0032332,D0037591
R0033385,D0038886
R0030313,D0035203
R0031507,D0036568
R0013075,D0015279
R0031748,D0036837
R0034490,D0040309
R0033061,D0038508
R0037257,D0043669
R0016055,D0018669
R0037213,D0043621
R0000411,D0000485
R0020828,D0024245
R0015853,D0018432
R0038793,D0045429
R0020187,D0023482
R0001079,D0001274
R0016858,D0019610
R0034469,D0040276
R0016304,D0018962
R0036818,D0043174
R0002513,D0002940
R0024563,D0028536
R0020388,D0023714
R0031940,D0037087
R0018216,D0021167
R0037148,D0043546
R0028871,D0033569
R0029510,D0034304
R0007066,D0008147
R0000895,D0001060
R0028996,D0033717
R0037967,D0044475
R0022947,D0026642
R0036778,D0043120
R0037422,D0043852
R0023021,D0026727
R0028313,D0032916
R0004447,D0005155
R0008355,D0009662
R0036206,D0042442
R0029905,D0034748
R0002883,D0003367
R0028177,D0032753
R0024866,D0028883
R0026526,D0030817
R0030132,D0035003
R0007786,D0008981
R0026952,D0031332
R0037512,D0043953
R0038611,D0045219
R0024073,D0027944
R0003767,D0004372
R0024712,D0028709
R0039271,D0045974
R0020009,D0023262
R0016528,D0019216
R0006704,D0007736
R0015522,D0018038
R0027437,D0031886
R0029089,D0033830
R0033337,D0038828
R0016982,D0019751
R0005357,D0006198
R0028750,D0033428
R0029168,D0033919
R0005235,D0006059
R0023218,D0026951
R0021716,D0025255
R0009594,D0011147
R0029530,D0034327
R0004015,D0004659
R0034252,D0040004
R0035292,D0041256
R0038796,D0045433
R0021228,D0024695
R0014417,D0016795
R0009663,D0011229
R0033713,D0039298
R0011567,D0013484
R0012023,D0014014
R0005208,D0006027
R0014318,D0016688
R0025775,D0029926
R0015324,D0017811
R0020587,D0023947
R0036262,D0042517
R0018579,D0021587
R0010263,D0011940
R0005659,D0006559
R0002345,D0002745
R0026498,D0030784
R0005792,D0006714
R0013300,D0015544
R0013784,D0016093
R0030388,D0035285
R0028182,D0032759
R0001008,D0001192
R0019563,D0022737
R0039220,D0045916
R0005449,D0006309
R0022315,D0025939
R0023876,D0027707
R0035752,D0041834
R0000400,D0000472
R0034599,D0040451
R0009137,D0010602
R0015970,D0018566
R0008843,D0010252
R0033289,D0038775
R0031993,D0037158
R0031338,D0036372
R0028122,D0032691
R0027901,D0032433
R0004847,D0005616
R0036638,D0042966
R0029322,D0034095
R0013398,D0015656
R0001281,D0001505
R0007721,D0008907
R0033260,D0038743
R0003801,D0004410
R0014466,D0016853
R0001410,D0001647
R0032884,D0038295
R0020085,D0023358
R0026028,D0030231
R0013368,D0015620
R0027080,D0031480
R0024681,D0028672
R0023955,D0027806
R0028139,D0032709
R0031844,D0036958
R0007201,D0008308
R0013777,D0016086
R0001822,D0002129
R0026380,D0030646
R0012814,D0014973
R0004481,D0005199
R0008209,D0009490
R0003322,D0003870
R0006993,D0008061
R0020595,D0023958
R0024426,D0028366
R0019480,D0022644
R0021170,D0024629
R0033231,D0038703
R0030547,D0035473
R0017259,D0020066
R0016448,D0019129
R0019610,D0022795
R0011257,D0013128
R0038597,D0045204
R0001118,D0001320
R0013716,D0016019
R0012766,D0014920
R0024239,D0028144
R0017664,D0020534
R0038892,D0045544
R0032980,D0038416
R0030699,D0035643
R0019141,D0022252
R0022203,D0025807
R0007214,D0008321
R0022685,D0026351
R0034418,D0040209
R0006747,D0007787
R0027965,D0032502
R0002263,D0002650
R0010460,D0012176
R0015296,D0017780
R0033171,D0038635
R0015034,D0017491
R0027734,D0032224
R0029292,D0034060
R0030695,D0035638
R0035454,D0041456
R0024555,D0028526
R0001061,D0001254
R0032669,D0038033
R0012110,D0014116
R0005346,D0006187
R0016822,D0019570
R0030980,D0035963
R0034846,D0040748
R0016232,D0018879
R0028528,D0033173
R0010984,D0012799
R0014132,D0016477
R0002728,D0003188
R0035772,D0041859
R0022701,D0026369
R0005619,D0006514
R0004672,D0005419
R0014822,D0017248
R0014219,D0016574
R0024101,D0027977
R0034845,D0040747
R0017311,D0020129
R0002480,D0002898
R0022712,D0026382
R0017386,D0020213
R0026670,D0030990
R0009294,D0010790
R0006449,D0007449
R0004183,D0004850
R0005396,D0006243
R0035040,D0040969
R0031659,D0036734
R0002197,D0002573
R0029763,D0034594
R0035915,D0042056
R0000614,D0000725
R0024795,D0028800
R0037033,D0043420
R0031630,D0036702
R0016456,D0019137
R0027569,D0032035
R0029695,D0034518
R0024175,D0028065
R0022537,D0026191
R0024867,D0028884
R0029956,D0034806
R0010048,D0011676
R0015320,D0017807
R0031898,D0037025
R0005291,D0006123
R0020033,D0023297
R0004525,D0005248
R0010894,D0012692
R0038778,D0045412
R0010074,D0011711
R0024029,D0027894
R0028511,D0033153
R0021666,D0025199
R0033547,D0039067
R0030370,D0035267
R0036604,D0042920
R0015147,D0017618
R0013019,D0015208
R0037323,D0043744
R0018475,D0021476
R0016388,D0019062
R0006817,D0007865
R0021575,D0025102
R0003600,D0004183
R0038872,D0045522
R0022989,D0026688
R0012525,D0014622
R0027938,D0032471
R0009274,D0010769
R0038428,D0045012
R0035422,D0041413
R0004300,D0004985
R0032403,D0037684
R0009532,D0011072
R0028911,D0033616
R0019230,D0022359
R0038789,D0045425
R0012818,D0014978
R0032712,D0038087
R0031485,D0036539
R0025546,D0029672
R0019180,D0022297
R0017069,D0019847
R0037773,D0044252
R0028276,D0032871
R0015708,D0018258
R0009273,D0010768
R0008804,D0010199
R0019975,D0023225
R0034384,D0040165
R0035288,D0041250
R0010770,D0012543
R0007209,D0008316
R0001426,D0001666
R0015524,D0018040
R0010550,D0012277
R0036127,D0042343
R0037605,D0044060
R0023572,D0027364
R0030234,D0035115
R0030961,D0035941
R0015768,D0018329
R0019648,D0022838
R0007551,D0008703
R0014691,D0017096
R0024429,D0028371
R0005267,D0006095
R0015498,D0018011
R0006241,D0007217
R0033667,D0039226
R0009343,D0010849
R0009694,D0011265
R0038868,D0045517
R0003153,D0003680
R0030310,D0035200
R0018567,D0021575
R0011431,D0013333
R0023184,D0026916
R0015284,D0017768
R0036655,D0042987
R0037573,D0044024
R0021222,D0024689
R0007143,D0008241
R0025672,D0029807
R0037375,D0043799
R0015032,D0017489
R0026323,D0030581
R0001937,D0002261
R0023358,D0027112
R0010621,D0012364
R0008356,D0009664
R0006426,D0007422
R0008103,D0009358
R0011866,D0013816
R0014526,D0016917
R0029727,D0034555
R0008624,D0009985
R0032154,D0037361
R0033914,D0039582
R0007567,D0008724
R0035045,D0040975
R0000653,D0000766
R0006149,D0007109
R0021667,D0025200
R0038677,D0045293
R0031330,D0036363
R0005698,D0006604
R0008507,D0009850
R0024652,D0028638
R0030343,D0035238
R0015972,D0018568
R0000108,D0000131
R0032394,D0037674
R0017317,D0020135
R0011776,D0013716
R0007945,D0009168
R0009901,D0011503
R0012349,D0014404
R0033992,D0039679
R0026752,D0031090
R0013395,D0015651
R0005584,D0006471
R0032098,D0037295
R0013526,D0015808
R0036342,D0042607
R0003444,D0004004
R0027952,D0032486
R0034066,D0039764
R0022819,D0026505
R0012170,D0014184
R0010298,D0011984
R0035131,D0041073
R0014634,D0017035
R0022110,D0025705
R0008992,D0010419
R0011771,D0013711
R0029390,D0034169
R0017407,D0020241
R0032898,D0038312
R0002047,D0002393
R0034454,D0040256
R0001123,D0001329
R0013712,D0016015
R0008284,D0009580
R0016787,D0019528
R0020346,D0023667
R0021164,D0024622
R0016463,D0019145
R0025517,D0029638
R0021133,D0024584
R0037404,D0043831
R0011400,D0013299
R0022711,D0026381
R0038445,D0045031
R0017167,D0019959
R0008734,D0010116
R0018095,D0021022
R0015754,D0018312
R0013732,D0016036
R0028396,D0033014
R0009302,D0010800
R0026797,D0031148
R0015431,D0017935
R0031130,D0036129
R0003520,D0004087
R0029389,D0034168
R0001825,D0002132
R0033089,D0038540
R0013140,D0015353
R0023793,D0027617
R0000171,D0000206
R0002286,D0002679
R0013807,D0016119
R0026153,D0030386
R0028449,D0033077
R0002024,D0002365
R0036300,D0042564
R0011825,D0013768
R0022167,D0025768
R0028634,D0033297
R0003211,D0003747
R0012962,D0015145
R0036753,D0043088
R0012997,D0015183
R0035126,D0041067
R0016298,D0018956
R0029538,D0034336
R0006429,D0007426
R0018509,D0021514
R0037602,D0044054
R0013428,D0015693
R0032778,D0038166
R0014057,D0016391
R0030466,D0035373
R0038696,D0045315
R0034227,D0039975
R0014995,D0017442
R0008858,D0010267
R0037322,D0043743
R0031614,D0036685
R0018774,D0021818
R0027594,D0032064
R0035471,D0041475
R0007506,D0008652
R0033574,D0039096
R0001501,D0001754
R0004523,D0005246
R0007452,D0008590
R0029878,D0034719
R0010515,D0012238
R0034253,D0040005
R0035646,D0041696
R0011831,D0013775
R0015165,D0017637
R0005791,D0006713
R0012439,D0014524
R0027316,D0031745
R0034202,D0039945
R0014775,D0017194
R0027244,D0031665
R0010332,D0012026
R0005102,D0005910
R0014520,D0016911
R0002795,D0003262
R0035314,D0041281
R0025389,D0029494
R0017224,D0020026
R0003337,D0003887
R0034972,D0040893
R0011686,D0013619
R0017795,D0020682
R0004268,D0004951
R0019046,D0022142
R0019156,D0022270
R0029915,D0034761
R0025724,D0029867
R0019558,D0022731
R0012175,D0014191
R0024884,D0028903
R0017404,D0020237
R0003220,D0003756
R0035499,D0041512
R0038844,D0045489
R0001898,D0002214
R0014141,D0016486
R0011686,D0013618
R0036369,D0042637
R0020978,D0024415
R0024350,D0028273
R0022955,D0026652
R0017058,D0019835
R0036424,D0042708
R0010168,D0011823
R0006099,D0007056
R0004879,D0005657
R0015192,D0017665
R0014090,D0016432
R0005654,D0006554
R0009028,D0010462
R0018604,D0021616
R0003446,D0004006
R0017436,D0020272
R0007078,D0008161
R0031490,D0036548
R0016928,D0019690
R0014600,D0016999
R0039138,D0045821
R0035741,D0041822
R0010378,D0012081
R0001482,D0001730
R0000279,D0000335
R0029141,D0033887
R0005049,D0005846
R0006670,D0007694
R0011008,D0012831
R0032809,D0038210
R0030740,D0035694
R0028371,D0032987
R0030064,D0034924
R0023449,D0027216
R0028166,D0032741
R0009723,D0011299
R0037352,D0043774
R0016776,D0019517
R0029993,D0034847
R0036100,D0042308
R0012907,D0015079
R0003260,D0003801
R0011981,D0013964
R0023613,D0027407
R0020013,D0023266
R0033482,D0038996
R0005959,D0006901
R0022826,D0026514
R0005491,D0006362
R0011982,D0013965
R0007564,D0008720
R0028218,D0032803
R0037430,D0043863
R0004368,D0005060
R0034532,D0040370
R0003791,D0004399
R0013239,D0015470
R0013573,D0015860
R0016907,D0019666
R0006868,D0007922
R0004646,D0005391
R0006061,D0007017
R0017318,D0020136
R0019691,D0022885
R0009141,D0010606
R0001542,D0001799
R0012819,D0014979
R0024696,D0028689
R0031335,D0036368
R0002036,D0002379
R0000650,D0000763
R0023261,D0026999
R0017818,D0020707
R0031795,D0036900
R0021443,D0024949
R0031765,D0036862
R0023751,D0027570
R0004261,D0004943
R0017957,D0020865
R0004906,D0005686
R0035295,D0041259
R0008460,D0009795
R0013817,D0016130
R0008604,D0009960
R0035480,D0041487
R0024316,D0028232
R0003923,D0004549
R0013139,D0015351
R0015411,D0017913
R0024877,D0028895
R0026945,D0031325
R0000390,D0000461
R0035039,D0040968
R0013848,D0016161
R0015674,D0018218
R0031878,D0037001
R0010775,D0012549
R0031239,D0036254
R0025732,D0029875
R0026777,D0031123
R0039281,D0045986
R0006955,D0008021
R0014756,D0017173
R0013285,D0015523
R0001038,D0001229
R0031188,D0036197
R0024434,D0028376
R0001265,D0001488
R0030355,D0035251
R0008107,D0009364
R0006495,D0007502
R0011056,D0012888
R0011420,D0013320
R0012974,D0015158
R0023838,D0027666
R0012871,D0015041
R0024792,D0028797
R0034623,D0040481
R0007956,D0009181
R0032227,D0037453
R0006224,D0007194
R0003605,D0004190
R0022900,D0026591
R0009245,D0010734
R0006302,D0007286
R0035257,D0041214
R0021240,D0024711
R0024837,D0028848
R0032718,D0038096
R0023126,D0026852
R0022322,D0025946
R0001201,D0001413
R0016353,D0019023
R0039069,D0045745
R0037627,D0044087
R0015353,D0017845
R0001804,D0002108
R0023804,D0027628
R0030210,D0035088
R0035856,D0041978
R0022668,D0026331
R0015911,D0018499
R0009818,D0011407
R0031642,D0036715
R0018166,D0021110
R0026118,D0030344
R0005437,D0006294
R0039040,D0045712
R0014540,D0016932
R0017111,D0019895
R0004568,D0005300
R0020278,D0023594
R0039021,D0045693
R0033677,D0039245
R0036022,D0042211
R0008162,D0009429
R0023124,D0026850
R0037599,D0044051
R0036434,D0042723
R0032338,D0037598
R0034717,D0040597
R0017037,D0019811
R0013225,D0015456
R0014853,D0017285
R0003281,D0003824
R0018977,D0022056
R0010788,D0012569
R0028031,D0032578
R0006555,D0007569
R0010329,D0012022
R0000795,D0000946
R0003832,D0004443
R0029198,D0033954
R0031512,D0036574
R0010217,D0011885
R0024164,D0028050
R0000807,D0000963
R0024582,D0028560
R0022310,D0025934
R0006438,D0007436
R0005471,D0006339
R0011588,D0013507
R0023988,D0027847
R0008034,D0009272
R0000266,D0000319
R0020556,D0023909
R0015303,D0017787
R0029504,D0034298
R0027000,D0031390
R0020457,D0023791
R0025305,D0029399
R0025003,D0029035
R0017689,D0020563
R0028137,D0032707
R0004344,D0005035
R0032367,D0037639
R0015999,D0018603
R0016439,D0019118
R0033568,D0039090
R0021311,D0024791
R0020082,D0023355
R0012675,D0014809
R0017660,D0020530
R0022672,D0026336
R0001650,D0001927
R0016140,D0018772
R0007683,D0008864
R0007450,D0008588
R0014733,D0017150
R0002533,D0002961
R0022098,D0025692
R0023220,D0026953
R0033478,D0038992
R0006891,D0007949
R0038481,D0045072
R0011006,D0012827
R0028450,D0033078
R0013878,D0016192
R0000931,D0001102
R0025833,D0029996
R0006307,D0007291
R0004005,D0004643
R0033441,D0038951
R0012585,D0014700
R0004079,D0004734
R0002686,D0003140
R0015850,D0018426
R0034638,D0040501
R0035473,D0041479
R0009438,D0010958
R0024841,D0028854
R0002219,D0002599
R0009673,D0011239
R0013951,D0016270
R0006058,D0007013
R0013840,D0016153
R0035156,D0041101
R0038241,D0044792
R0008437,D0009771
R0033112,D0038567
R0003496,D0004060
R0014351,D0016722
R0005843,D0006771
R0033043,D0038488
R0012629,D0014751
R0031602,D0036673
R0006669,D0007693
R0038561,D0045161
R0026443,D0030713
R0029254,D0034014
R0005224,D0006045
R0024379,D0028306
R0013392,D0015648
R0038177,D0044722
R0037661,D0044123
R0005104,D0005912
R0025408,D0029516
R0001636,D0001913
R0036617,D0042938
R0018958,D0022030
R0029237,D0033997
R0007346,D0008469
R0009920,D0011529
R0019411,D0022566
R0032681,D0038048
R0011925,D0013898
R0016170,D0018807
R0025386,D0029491
R0038037,D0044558
R0027494,D0031950
R0024580,D0028555
R0018454,D0021452
R0025592,D0029723
R0003178,D0003710
R0002986,D0003485
R0007129,D0008225
R0005338,D0006176
R0018394,D0021375
R0003703,D0004303
R0030908,D0035882
R0024282,D0028195
R0028854,D0033549
R0023169,D0026899
R0027116,D0031521
R0025758,D0029902
R0034761,D0040651
R0030942,D0035920
R0030165,D0035037
R0024275,D0028186
R0029079,D0033817
R0021635,D0025165
R0033974,D0039658
R0007761,D0008953
R0023995,D0027855
R0025317,D0029412
R0020217,D0023518
R0018955,D0022026
R0019919,D0023151
R0033502,D0039019
R0014615,D0017014
R0028777,D0033460
R0000806,D0000962
R0003183,D0003716
R0035880,D0042007
R0000462,D0000544
R0029914,D0034758
R0023870,D0027701
R0035950,D0042110
R0022393,D0026029
R0034145,D0039873
R0001918,D0002238
R0035973,D0042140
R0022154,D0025754
R0026554,D0030849
R0029929,D0034777
R0036069,D0042269
R0037553,D0044003
R0037361,D0043784
R0011632,D0013556
R0010100,D0011745
R0026614,D0030925
R0037276,D0043691
R0025911,D0030090
R0035364,D0041339
R0031919,D0037056
R0011719,D0013654
R0023018,D0026723
R0022553,D0026209
R0028047,D0032600
R0024500,D0028463
R0002185,D0002558
R0033199,D0038667
R0036419,D0042702
R0021507,D0025023
R0016545,D0019234
R0014096,D0016438
R0038732,D0045356
R0027766,D0032265
R0009577,D0011128
R0010873,D0012668
R0002051,D0002397
R0010978,D0012792
R0011059,D0012891
R0035791,D0041881
R0029217,D0033977
R0020003,D0023256
R0023913,D0027751
R0008695,D0010069
R0009874,D0011471
R0025080,D0029127
R0028992,D0033711
R0038596,D0045203
R0002468,D0002883
R0035326,D0041294
R0012599,D0014715
R0036066,D0042266
R0007514,D0008660
R0015939,D0018533
R0000550,D0000648
R0013868,D0016182
R0038279,D0044838
R0027364,D0031803
R0026037,D0030243
R0014509,D0016899
R0008469,D0009805
R0006979,D0008046
R0008862,D0010271
R0033229,D0038701
R0025754,D0029898
R0006736,D0007773
R0020984,D0024423
R0033193,D0038659
R0021840,D0025389
R0023206,D0026939
R0030379,D0035276
R0036503,D0042799
R0034025,D0039715
R0006166,D0007128
R0011414,D0013313
R0032046,D0037229
R0008211,D0009492
R0012534,D0014634
R0009210,D0010690
R0006169,D0007133
R0020713,D0024106
R0035106,D0041045
R0014651,D0017052
R0020892,D0024315
R0038639,D0045251
R0013150,D0015366
R0006847,D0007900
R0026706,D0031034
R0010701,D0012458
R0026275,D0030525
R0016569,D0019266
R0036894,D0043263
R0026652,D0030971
R0017339,D0020158
R0001189,D0001401
R0022032,D0025610
R0031048,D0036037
R0015202,D0017678
R0020653,D0024030
R0038731,D0045355
R0035100,D0041035
R0007640,D0008816
R0001988,D0002322
R0009152,D0010621
R0026074,D0030288
R0016778,D0019519
R0018930,D0021997
R0016404,D0019080
R0037787,D0044269
R0026862,D0031225
R0019909,D0023136
R0004984,D0005769
R0003865,D0004483
R0030014,D0034870
R0037402,D0043829
R0001864,D0002177
R0005479,D0006349
R0017754,D0020634
R0025011,D0029044
R0018100,D0021029
R0022097,D0025691
R0031182,D0036190
R0009503,D0011036
R0032767,D0038150
R0029233,D0033993
R0034503,D0040326
R0019394,D0022548
R0036990,D0043373
R0033559,D0039079
R0030420,D0035318
R0009550,D0011095
R0031486,D0036541
R0018062,D0020982
R0016701,D0019425
R0009813,D0011396
R0033318,D0038806
R0029561,D0034363
R0036447,D0042736
R0037901,D0044399
R0003536,D0004109
R0002383,D0002788
R0036831,D0043193
R0002409,D0002817
R0038500,D0045092
R0036996,D0043380
R0021277,D0024752
R0027654,D0032135
R0000798,D0000951
R0002215,D0002595
R0018977,D0022057
R0021288,D0024765
R0033805,D0039428
R0024983,D0029012
R0026776,D0031122
R0024945,D0028970
R0010506,D0012229
R0034368,D0040147
R0002746,D0003207
R0017504,D0020351
R0029009,D0033736
R0021545,D0025065
R0018119,D0021051
R0010542,D0012268
R0015394,D0017893
R0015892,D0018479
R0017740,D0020619
R0038835,D0045477
R0027336,D0031770
R0007406,D0008536
R0014012,D0016337
R0018331,D0021305
R0031499,D0036558
R0003700,D0004298
R0014690,D0017095
R0027731,D0032220
R0008048,D0009293
R0005586,D0006474
R0028685,D0033356
R0008599,D0009955
R0018995,D0022079
R0006475,D0007480
R0016836,D0019586
R0029155,D0033904
R0030573,D0035502
R0034408,D0040194
R0032735,D0038115
R0011571,D0013488
R0027781,D0032284
R0008554,D0009902
R0035194,D0041145
R0015861,D0018444
R0031158,D0036163
R0014474,D0016861
R0018379,D0021357
R0026971,D0031356
R0011736,D0013673
R0023502,D0027284
R0032225,D0037451
R0020239,D0023543
R0013240,D0015471
R0034101,D0039813
R0000350,D0000417
R0007043,D0008122
R0033242,D0038719
R0027948,D0032482
R0038503,D0045095
R0004330,D0005018
R0017942,D0020847
R0034965,D0040886
R0027313,D0031742
R0005400,D0006249
R0029518,D0034314
R0019609,D0022794
R0003789,D0004396
R0013122,D0015334
R0023782,D0027604
R0000818,D0000974
R0029866,D0034706
R0017495,D0020342
R0003162,D0003690
R0037060,D0043450
R0031661,D0036736
R0008732,D0010114
R0034109,D0039822
R0001398,D0001633
R0011074,D0012912
R0009092,D0010543
R0005542,D0006419
R0035735,D0041815
R0026996,D0031386
R0016520,D0019208
R0015198,D0017673
R0037477,D0043914
R0008656,D0010024
R0002862,D0003343
R0038624,D0045234
R0003202,D0003738
R0017502,D0020349
R0036745,D0043079
R0022637,D0026299
R0026030,D0030233
R0014284,D0016652
R0017669,D0020539
R0014188,D0016540
R0019991,D0023242
R0001375,D0001607
R0035130,D0041072
R0021818,D0025366
R0031226,D0036239
R0034349,D0040126
R0014058,D0016392
R0019255,D0022388
R0011035,D0012862
R0021889,D0025448
R0020161,D0023446
R0015858,D0018441
R0027709,D0032198
R0028172,D0032748
R0025521,D0029642
R0007654,D0008834
R0009410,D0010925
R0025583,D0029713
R0033707,D0039291
R0030441,D0035345
R0038744,D0045373
R0013077,D0015282
R0004990,D0005775
R0006658,D0007681
R0019566,D0022741
R0038716,D0045337
R0028433,D0033056
R0027607,D0032080
R0010868,D0012662
R0025708,D0029849
R0034511,D0040340
R0019468,D0022630
R0026201,D0030442
R0001865,D0002179
R0035563,D0041593
R0010949,D0012756
R0016452,D0019133
R0037845,D0044334
R0017611,D0020473
R0004949,D0005731
R0024717,D0028715
R0002852,D0003329
R0033383,D0038882
R0036923,D0043294
R0003783,D0004390
R0011244,D0013112
R0023253,D0026988
R0022306,D0025929
R0027522,D0031982
R0011582,D0013500
R0013994,D0016319
R0021041,D0024484
R0037426,D0043856
R0010769,D0012541
R0009880,D0011478
R0026976,D0031362
R0038912,D0045567
R0033524,D0039043
R0011803,D0013745
R0029665,D0034485
R0034055,D0039751
R0021636,D0025166
R0008160,D0009427
R0004055,D0004706
R0034692,D0040565
R0017196,D0019993
R0038057,D0044583
R0039139,D0045822
R0028938,D0033648
R0027425,D0031872
R0020789,D0024199
R0001998,D0002333
R0012584,D0014699
R0020480,D0023822
R0020476,D0023816
R0008154,D0009421
R0038364,D0044937
R0009174,D0010644
R0031805,D0036915
R0008478,D0009814
R0034574,D0040423
R0022158,D0025759
R0022480,D0026128
R0012532,D0014632
R0037044,D0043431
R0030032,D0034890
R0011319,D0013199
R0008466,D0009801
R0026640,D0030958
R0021206,D0024671
R0030335,D0035229
R0033636,D0039182
R0034395,D0040177
R0019795,D0023002
R0027472,D0031926
R0006095,D0007052
R0027135,D0031543
R0018032,D0020949
R0015927,D0018521
R0013191,D0015413
R0037459,D0043894
R0037264,D0043676
R0029833,D0034670
R0014569,D0016966
R0012495,D0014591
R0032932,D0038354
R0025897,D0030071
R0010838,D0012628
R0017246,D0020053
R0027321,D0031750
R0036016,D0042201
R0021568,D0025092
R0018342,D0021319
R0020475,D0023815
R0014055,D0016389
R0018433,D0021422
R0019482,D0022646
R0005044,D0005840
R0011573,D0013490
R0015983,D0018583
R0011807,D0013749
R0033808,D0039433
R0015077,D0017539
R0012544,D0014648
R0019883,D0023107
R0008327,D0009629
R0024093,D0027968
R0019155,D0022269
R0035164,D0041111
R0003368,D0003920
R0015360,D0017854
R0019206,D0022329
R0029620,D0034431
R0013099,D0015308
R0032163,D0037374
R0024323,D0028239
R0017870,D0020766
R0034752,D0040640
R0021496,D0025007
R0005354,D0006195
R0026880,D0031244
R0009592,D0011145
R0016919,D0019679
R0035603,D0041639
R0025817,D0029979
R0004182,D0004848
R0026457,D0030731
R0019148,D0022259
R0015899,D0018486
R0026462,D0030736
R0009800,D0011380
R0039125,D0045805
R0032066,D0037258
R0036586,D0042901
R0009482,D0011009
R0031684,D0036764
R0022439,D0026083
R0015413,D0017915
R0000757,D0000897
R0003869,D0004487
R0001146,D0001354
R0000413,D0000487
R0019517,D0022688
R0002280,D0002673
R0002165,D0002535
R0017905,D0020805
R0022912,D0026604
R0014385,D0016758
R0014732,D0017149
R0032757,D0038140
R0034781,D0040673
R0009087,D0010538
R0010784,D0012565
R0009369,D0010879
R0004980,D0005764
R0011060,D0012892
R0022946,D0026641
R0018384,D0021362
R0004341,D0005031
R0026962,D0031344
R0012257,D0014289
R0002661,D0003109
R0033056,D0038503
R0003262,D0003804
R0022131,D0025730
R0017733,D0020612
R0005181,D0005996
R0019697,D0022891
R0009709,D0011282
R0019947,D0023191
R0012360,D0014416
R0031933,D0037080
R0025446,D0029559
R0008980,D0010405
R0033101,D0038556
R0031558,D0036623
R0012610,D0014728
R0026753,D0031091
R0003167,D0003695
R0031068,D0036060
R0002184,D0002557
R0020867,D0024288
R0020420,D0023748
R0037092,D0043484
R0007869,D0009075
R0003051,D0003562
R0009491,D0011021
R0018871,D0021927
R0015652,D0018191
R0036054,D0042253
R0037762,D0044239
R0017106,D0019890
R0003466,D0004029
R0011739,D0013677
R0024273,D0028184
R0012677,D0014811
R0037305,D0043724
R0017593,D0020453
R0037894,D0044389
R0016462,D0019144
R0011071,D0012907
R0020951,D0024384
R0007410,D0008540
R0012864,D0015034
R0016069,D0018685
R0038053,D0044577
R0001424,D0001664
R0021307,D0024785
R0017157,D0019948
R0010092,D0011735
R0015247,D0017726
R0019018,D0022106
R0004625,D0005368
R0035593,D0041628
R0030803,D0035765
R0007666,D0008846
R0031244,D0036260
R0029723,D0034550
R0027987,D0032526
R0024526,D0028491
R0010576,D0012309
R0002419,D0002829
R0025755,D0029899
R0023079,D0026792
R0022572,D0026229
R0017667,D0020537
R0031099,D0036096
R0037196,D0043603
R0015263,D0017744
R0036571,D0042885
R0019571,D0022747
R0011989,D0013975
R0009234,D0010722
R0008845,D0010254
R0029633,D0034447
R0025711,D0029853
R0029527,D0034324
R0012063,D0014063
R0034399,D0040181
R0008644,D0010011
R0019922,D0023155
R0034298,D0040064
R0028939,D0033649
R0011558,D0013474
R0024221,D0028123
R0023586,D0027378
R0036824,D0043182
R0031460,D0036512
R0035684,D0041742
R0032581,D0037917
R0002635,D0003077
R0023074,D0026787
R0030552,D0035478
R0007810,D0009008
R0031225,D0036238
R0022305,D0025928
R0015986,D0018587
R0016037,D0018650
R0016263,D0018915
R0039061,D0045735
R0024789,D0028794
R0011317,D0013197
R0029481,D0034271
R0002993,D0003495
R0035463,D0041466
R0031416,D0036460
R0016124,D0018754
R0037107,D0043501
R0033307,D0038793
R0013296,D0015537
R0032301,D0037554
R0037348,D0043769
R0027845,D0032366
R0019041,D0022133
R0021932,D0025503
R0018634,D0021653
R0000745,D0000884
R0038261,D0044817
R0010373,D0012073
R0010909,D0012712
R0022294,D0025917
R0012767,D0014922
R0038439,D0045025
R0022179,D0025781
R0015913,D0018501
R0031565,D0036630
R0037811,D0044297
R0026574,D0030876
R0002988,D0003487
R0037931,D0044434
R0035868,D0041995
R0033429,D0038934
R0037594,D0044046
R0010155,D0011808
R0016454,D0019135
R0017953,D0020861
R0031922,D0037063
R0005000,D0005786
R0037203,D0043610
R0027477,D0031931
R0038355,D0044926
R0018130,D0021065
R0009797,D0011377
R0021441,D0024947
R0001526,D0001782
R0014521,D0016912
R0007022,D0008098
R0023024,D0026730
R0014032,D0016358
R0011764,D0013703
R0000387,D0000458
R0028607,D0033266
R0000621,D0000732
R0009713,D0011288
R0029960,D0034810
R0026840,D0031201
R0018590,D0021601
R0024383,D0028310
R0038425,D0045009
R0004016,D0004660
R0010181,D0011838
R0031273,D0036296
R0022403,D0026044
R0015201,D0017677
R0034776,D0040668
R0008720,D0010100
R0015218,D0017694
R0035871,D0041998
R0023412,D0027176
R0002721,D0003180
R0034209,D0039954
R0027831,D0032350
R0005564,D0006446
R0012342,D0014397
R0014196,D0016548
R0035667,D0041723
R0029751,D0034579
R0013610,D0015903
R0032303,D0037556
R0018183,D0021128
R0016281,D0018937
R0033696,D0039278
R0024132,D0028014
R0014288,D0016656
R0027737,D0032228
R0034602,D0040454
R0022934,D0026628
R0016596,D0019301
R0020345,D0023666
R0008562,D0009910
R0027573,D0032040
R0015698,D0018245
R0010364,D0012064
R0021476,D0024986
R0004287,D0004971
R0036663,D0042995
R0014916,D0017355
R0030218,D0035097
R0025128,D0029185
R0034558,D0040400
R0034186,D0039925
R0004145,D0004807
R0028400,D0033018
R0033819,D0039449
R0028263,D0032855
R0018045,D0020964
R0031420,D0036464
R0009669,D0011235
R0036165,D0042386
R0013136,D0015348
R0011066,D0012900
R0010017,D0011642
R0029423,D0034205
R0005861,D0006791
R0001035,D0001225
R0018083,D0021008
R0038195,D0044742
R0038258,D0044813
R0011543,D0013458
R0032169,D0037380
R0015603,D0018135
R0008325,D0009626
R0020247,D0023554
R0005863,D0006793
R0032968,D0038402
R0030405,D0035303
R0010613,D0012354
R0037690,D0044155
R0035286,D0041247
R0036038,D0042232
R0027120,D0031526
R0012260,D0014293
R0023102,D0026823
R0031675,D0036753
R0015418,D0017920
R0027003,D0031395
R0036136,D0042353
R0035646,D0041697
R0013363,D0015615
R0013638,D0015932
R0033265,D0038748
R0010591,D0012325
R0016245,D0018894
R0038674,D0045289
R0014347,D0016718
R0017302,D0020120
R0010594,D0012328
R0016070,D0018686
R0014306,D0016675
R0021282,D0024757
R0020998,D0024439
R0012754,D0014907
R0023986,D0027845
R0031498,D0036557
R0007142,D0008239
R0025069,D0029114
R0030579,D0035510
R0003333,D0003883
R0012644,D0014772
R0024634,D0028620
R0017907,D0020807
R0022376,D0026011
R0018240,D0021192
R0001748,D0002038
R0014688,D0017093
R0007625,D0008793
R0032356,D0037619
R0020445,D0023778
R0002833,D0003309
R0019270,D0022409
R0007743,D0008931
R0019475,D0022638
R0016397,D0019073
R0035287,D0041249
R0019360,D0022511
R0008322,D0009623
R0002676,D0003127
R0020397,D0023723
R0014061,D0016397
R0027411,D0031854
R0032379,D0037655
R0034481,D0040295
R0016879,D0019632
R0010863,D0012657
R0003006,D0003508
R0027979,D0032518
R0029374,D0034153
R0033799,D0039421
R0029643,D0034459
R0026052,D0030259
R0038582,D0045186
R0023053,D0026760
R0010580,D0012313
R0039292,D0045999
R0010085,D0011724
R0016740,D0019473
R0029435,D0034219
R0031396,D0036437
R0013450,D0015720
R0021292,D0024769
R0004755,D0005515
R0001160,D0001370
R0005907,D0006843
R0016758,D0019494
R0025655,D0029789
R0028995,D0033716
R0033508,D0039026
R0009401,D0010916
R0016098,D0018720
R0017882,D0020778
R0002941,D0003435
R0037659,D0044121
R0019984,D0023235
R0020152,D0023436
R0038522,D0045117
R0034698,D0040573
R0003056,D0003567
R0027598,D0032069
R0019956,D0023203
R0032155,D0037364
R0038873,D0045523
R0016235,D0018884
R0018993,D0022077
R0032473,D0037776
R0031051,D0036040
R0027391,D0031832
R0014467,D0016854
R0016118,D0018745
R0038271,D0044830
R0037071,D0043461
R0039171,D0045859
R0014930,D0017371
R0027814,D0032323
R0014286,D0016654
R0025081,D0029129
R0001534,D0001791
R0034424,D0040217
R0021589,D0025118
R0029986,D0034839
R0032032,D0037214
R0034560,D0040402
R0016570,D0019268
R0037534,D0043980
R0019403,D0022558
R0007361,D0008486
R0004068,D0004721
R0010182,D0011840
R0037514,D0043956
R0008580,D0009931
R0012218,D0014246
R0038946,D0045606
R0005027,D0005818
R0035395,D0041381
R0026011,D0030214
R0000854,D0001012
R0023158,D0026888
R0020655,D0024033
R0001061,D0001255
R0017583,D0020441
R0014622,D0017022
R0026232,D0030477
R0013795,D0016106
R0037883,D0044376
R0002303,D0002696
R0025347,D0029447
R0013688,D0015989
R0016247,D0018896
R0011954,D0013934
R0009912,D0011518
R0006570,D0007586
R0011077,D0012915
R0031078,D0036070
R0024551,D0028522
R0017879,D0020775
R0010827,D0012616
R0025640,D0029774
R0033828,D0039462
R0037754,D0044231
R0034005,D0039693
R0032770,D0038154
R0003259,D0003800
R0001092,D0001290
R0037947,D0044452
R0020555,D0023908
R0022122,D0025720
R0003214,D0003750
R0019863,D0023085
R0031513,D0036575
R0003682,D0004276
R0018410,D0021395
R0036462,D0042754
R0012869,D0015039
R0010372,D0012072
R0008485,D0009824
R0036500,D0042796
R0029269,D0034032
R0015334,D0017824
R0023141,D0026870
R0000492,D0000581
R0032529,D0037855
R0007318,D0008439
R0016002,D0018606
R0001327,D0001557
R0014784,D0017205
R0006519,D0007530
R0030225,D0035105
R0011956,D0013936
R0004820,D0005588
R0017170,D0019963
R0015536,D0018053
R0024469,D0028419
R0014774,D0017193
R0021546,D0025066
R0014269,D0016636
R0010014,D0011637
R0008189,D0009464
R0005370,D0006215
R0024167,D0028054
R0020882,D0024305
R0032915,D0038332
R0038832,D0045474
R0026520,D0030811
R0025982,D0030182
R0019181,D0022298
R0036896,D0043265
R0011064,D0012897
R0002803,D0003272
R0005932,D0006871
R0019267,D0022406
R0034952,D0040871
R0014019,D0016345
R0017054,D0019829
R0034581,D0040432
R0025838,D0030002
R0033501,D0039018
R0031290,D0036316
R0033523,D0039042
R0018949,D0022018
R0014154,D0016499
R0024508,D0028473
R0019617,D0022803
R0007733,D0008921
R0011569,D0013486
R0017499,D0020346
R0001818,D0002124
R0027232,D0031652
R0005329,D0006167
R0008813,D0010211
R0021806,D0025354
R0001883,D0002197
R0012514,D0014611
R0009736,D0011313
R0032692,D0038060
R0035203,D0041154
R0030993,D0035976
R0035254,D0041211
R0033798,D0039420
R0019065,D0022164
R0004227,D0004900
R0028896,D0033597
R0003968,D0004603
R0033312,D0038799
R0035313,D0041280
R0023077,D0026790
R0020832,D0024249
R0026990,D0031380
R0005696,D0006602
R0000101,D0000124
R0028352,D0032963
R0009854,D0011449
R0019905,D0023132
R0006257,D0007233
R0021143,D0024597
R0011181,D0013046
R0010470,D0012187
R0005196,D0006014
R0004894,D0005674
R0013766,D0016074
R0038661,D0045276
R0028558,D0033208
R0035362,D0041337
R0034643,D0040507
R0008027,D0009265
R0013432,D0015698
R0038109,D0044645
R0030750,D0035705
R0017215,D0020016
R0036058,D0042257
R0020529,D0023879
R0012982,D0015166
R0038290,D0044849
R0006508,D0007516
R0003515,D0004082
R0010567,D0012298
R0015382,D0017881
R0019767,D0022972
R0038879,D0045530
R0037176,D0043580
R0027043,D0031438
R0027788,D0032295
R0018550,D0021557
R0010164,D0011818
R0034473,D0040282
R0019177,D0022293
R0027646,D0032127
R0007764,D0008958
R0000970,D0001147
R0032317,D0037572
R0004100,D0004757
R0023868,D0027697
R0035899,D0042032
R0026299,D0030551
R0004807,D0005573
R0005127,D0005939
R0015854,D0018433
R0003665,D0004258
R0033458,D0038970
R0021879,D0025432
R0033795,D0039416
R0018438,D0021428
R0003670,D0004263
R0019479,D0022643
R0005498,D0006369
R0033655,D0039212
R0001511,D0001765
R0028306,D0032908
R0002430,D0002841
R0006718,D0007751
R0034618,D0040472
R0010936,D0012743
R0023874,D0027705
R0020923,D0024351
R0020647,D0024022
R0032507,D0037825
R0018398,D0021381
R0017265,D0020073
R0037975,D0044485
R0035753,D0041835
R0005922,D0006859
R0022308,D0025931
R0039214,D0045910
R0005149,D0005962
R0019506,D0022674
R0020329,D0023649
R0029411,D0034192
R0038352,D0044923
R0017522,D0020371
R0024181,D0028072
R0024193,D0028090
R0033927,D0039598
R0011876,D0013829
R0009242,D0010731
R0035435,D0041428
R0024114,D0027993
R0037519,D0043961
R0032556,D0037886
R0006755,D0007795
R0025932,D0030117
R0034908,D0040821
R0019582,D0022758
R0013219,D0015447
R0017443,D0020280
R0014803,D0017227
R0001572,D0001835
R0017800,D0020688
R0035186,D0041137
R0036119,D0042332
R0005662,D0006562
R0029779,D0034611
R0036986,D0043369
R0007056,D0008136
R0027355,D0031792
R0019868,D0023092
R0031117,D0036116
R0003182,D0003715
R0004084,D0004740
R0033898,D0039562
R0026422,D0030688
R0027264,D0031688
R0015907,D0018495
R0038690,D0045307
R0036458,D0042749
R0034338,D0040110
R0018549,D0021556
R0011748,D0013687
R0009037,D0010475
R0038782,D0045417
R0021056,D0024501
R0028216,D0032801
R0013698,D0016000
R0000911,D0001079
R0018992,D0022076
R0010832,D0012621
R0023341,D0027090
R0031192,D0036202
R0011660,D0013591
R0015380,D0017879
R0012397,D0014464
R0032253,D0037494
R0038009,D0044522
R0035430,D0041421
R0016603,D0019308
R0029926,D0034772
R0010478,D0012196
R0016669,D0019385
R0019312,D0022456
R0035451,D0041452
R0021869,D0025421
R0011631,D0013555
R0014813,D0017239
R0012831,D0014996
R0033420,D0038923
R0027284,D0031710
R0004650,D0005395
R0013668,D0015966
R0012340,D0014395
R0031104,D0036101
R0038691,D0045308
R0003890,D0004512
R0016861,D0019613
R0016273,D0018927
R0009309,D0010807
R0011217,D0013084
R0034980,D0040902
R0012120,D0014126
R0008384,D0009696
R0020320,D0023640
R0026882,D0031246
R0014321,D0016691
R0024591,D0028570
R0002790,D0003257
R0037772,D0044251
R0010284,D0011967
R0030485,D0035396
R0018924,D0021990
R0029487,D0034279
R0004326,D0005014
R0017811,D0020700
R0009455,D0010979
R0012899,D0015071
R0037837,D0044325
R0004237,D0004911
R0010462,D0012179
R0035876,D0042003
R0031861,D0036980
R0011794,D0013736
R0020887,D0024310
R0014522,D0016913
R0006556,D0007571
R0034888,D0040800
R0008277,D0009572
R0022219,D0025827
R0006724,D0007760
R0002067,D0002419
R0013307,D0015553
R0018147,D0021087
R0006912,D0007973
R0009962,D0011580
R0022886,D0026576
R0009001,D0010429
R0022705,D0026374
R0008592,D0009948
R0003106,D0003624
R0000388,D0000459
R0008235,D0009520
R0037872,D0044363
R0035614,D0041651
R0035885,D0042013
R0038886,D0045538
R0000676,D0000794
R0017401,D0020234
R0014484,D0016871
R0001120,D0001323
R0031522,D0036584
R0012591,D0014706
R0038964,D0045624
R0023683,D0027489
R0010209,D0011873
R0031544,D0036609
R0032982,D0038419
R0005494,D0006365
R0012801,D0014960
R0002234,D0002616
R0019996,D0023249
R0019474,D0022637
R0015366,D0017861
R0008316,D0009616
R0008526,D0009872
R0015700,D0018248
R0006379,D0007368
R0036201,D0042432
R0023195,D0026928
R0033588,D0039117
R0015472,D0017980
R0025314,D0029409
R0012592,D0014707
R0010665,D0012417
R0016566,D0019261
R0023598,D0027390
R0036356,D0042622
R0018165,D0021109
R0018559,D0021566
R0023034,D0026740
R0012597,D0014712
R0008125,D0009383
R0024950,D0028975
R0037929,D0044431
R0034386,D0040167
R0005487,D0006358
R0000598,D0000707
R0003061,D0003572
R0022682,D0026348
R0007578,D0008739
R0003436,D0003995
R0039109,D0045789
R0021949,D0025521
R0037679,D0044143
R0014001,D0016326
R0028814,D0033504
R0033057,D0038504
R0021995,D0025571
R0023131,D0026858
R0023776,D0027598
R0001027,D0001215
R0016899,D0019656
R0020763,D0024165
R0000691,D0000812
R0003464,D0004027
R0018272,D0021228
R0003669,D0004262
R0011762,D0013701
R0027317,D0031746
R0009858,D0011453
R0028117,D0032685
R0028067,D0032624
R0016992,D0019763
R0007722,D0008908
R0036274,D0042534
R0027699,D0032187
R0037794,D0044277
R0015494,D0018007
R0010911,D0012714
R0031260,D0036282
R0034110,D0039825
R0021233,D0024702
R0037166,D0043569
R0003268,D0003811
R0013673,D0015973
R0000399,D0000471
R0006577,D0007593
R0028637,D0033301
R0039094,D0045772
R0021657,D0025190
R0023388,D0027145
R0031398,D0036439
R0012470,D0014562
R0018858,D0021912
R0010159,D0011812
R0018866,D0021921
R0000309,D0000370
R0014039,D0016369
R0001237,D0001458
R0035051,D0040982
R0014282,D0016650
R0026280,D0030530
R0023651,D0027452
R0016908,D0019667
R0007009,D0008082
R0022339,D0025966
R0015021,D0017476
R0025665,D0029800
R0013265,D0015502
R0005143,D0005956
R0015555,D0018074
R0015294,D0017778
R0038857,D0045504
R0003316,D0003864
R0013689,D0015990
R0021989,D0025565
R0006006,D0006954
R0018099,D0021028
R0010442,D0012155
R0009621,D0011179
R0026014,D0030217
R0021730,D0025271
R0010735,D0012500
R0001389,D0001623
R0035113,D0041053
R0036639,D0042968
R0025549,D0029676
R0018188,D0021134
R0021926,D0025495
R0016649,D0019360
R0016876,D0019629
R0028051,D0032604
R0009586,D0011138
R0009439,D0010960
R0021981,D0025556
R0037923,D0044425
R0003595,D0004178
R0029294,D0034062
R0033991,D0039678
R0027790,D0032297
R0028788,D0033473
R0017286,D0020103
R0034176,D0039913
R0017759,D0020642
R0036783,D0043127
R0004357,D0005049
R0037824,D0044312
R0028920,D0033628
R0008536,D0009883
R0028474,D0033107
R0002966,D0003464
R0018989,D0022072
R0022549,D0026205
R0002593,D0003030
R0007876,D0009086
R0027293,D0031720
R0017636,D0020499
R0010107,D0011754
R0031419,D0036463
R0013665,D0015963
R0036727,D0043061
R0006834,D0007887
R0017500,D0020347
R0016505,D0019192
R0015788,D0018351
R0009846,D0011441
R0012811,D0014970
R0024374,D0028301
R0013021,D0015210
R0004960,D0005743
R0032941,D0038366
R0002589,D0003026
R0017913,D0020813
R0031524,D0036586
R0012659,D0014790
R0008844,D0010253
R0031455,D0036507
R0035636,D0041684
R0016105,D0018730
R0017191,D0019987
R0012369,D0014429
R0022600,D0026260
R0036305,D0042570
R0021617,D0025147
R0017346,D0020168
R0033216,D0038686
R0030063,D0034923
R0016647,D0019358
R0021694,D0025232
R0010177,D0011834
R0038219,D0044770
R0017063,D0019841
R0029108,D0033851
R0026068,D0030280
R0022588,D0026248
R0002246,D0002630
R0005823,D0006749
R0032176,D0037389
R0007343,D0008466
R0026802,D0031154
R0012309,D0014354
R0013697,D0015999
R0006828,D0007876
R0023875,D0027706
R0035438,D0041433
R0016980,D0019748
R0027199,D0031616
R0016716,D0019442
R0038882,D0045533
R0009980,D0011598
R0036089,D0042292
R0019656,D0022846
R0013637,D0015931
R0009033,D0010471
R0032409,D0037694
R0006384,D0007375
R0029709,D0034536
R0007837,D0009038
R0014588,D0016986
R0029880,D0034721
R0008202,D0009482
R0026823,D0031180
R0002316,D0002711
R0022349,D0025977
R0003248,D0003787
R0025809,D0029969
R0029298,D0034070
R0029224,D0033984
R0021010,D0024452
R0014315,D0016684
R0009348,D0010855
R0025057,D0029100
R0009553,D0011099
R0027270,D0031695
R0035757,D0041842
R0014059,D0016393
R0029658,D0034478
R0013986,D0016310
R0034594,D0040446
R0032774,D0038160
R0002223,D0002604
R0021365,D0024858
R0000753,D0000893
R0011080,D0012919
R0026513,D0030803
R0002374,D0002777
R0030916,D0035891
R0020825,D0024242
R0010608,D0012348
R0014383,D0016756
R0032569,D0037902
R0024450,D0028397
R0029630,D0034443
R0008970,D0010393
R0008138,D0009400
R0022990,D0026689
R0002845,D0003322
R0014979,D0017425
R0012383,D0014446
R0018814,D0021863
R0032787,D0038179
R0015908,D0018496
R0018797,D0021844
R0024876,D0028894
R0013900,D0016215
R0012420,D0014493
R0032936,D0038361
R0034314,D0040081
R0034044,D0039736
R0037934,D0044437
R0005689,D0006593
R0010946,D0012753
R0021181,D0024641
R0027804,D0032311
R0024678,D0028669
R0002465,D0002880
R0018819,D0021869
R0009093,D0010544
R0008314,D0009614
R0004553,D0005280
R0012420,D0014495
R0008015,D0009252
R0004953,D0005736
R0026730,D0031066
R0008848,D0010257
R0031968,D0037127
R0024440,D0028382
R0037413,D0043843
R0031102,D0036099
R0007554,D0008707
R0018130,D0021067
R0009257,D0010748
R0013371,D0015625
R0007731,D0008919
R0032036,D0037218
R0016531,D0019219
R0028870,D0033567
R0022455,D0026100
R0020031,D0023294
R0029146,D0033892
R0010052,D0011681
R0037328,D0043749
R0009842,D0011437
R0029772,D0034603
R0012344,D0014399
R0038923,D0045580
R0028559,D0033209
R0020510,D0023855
R0010955,D0012763
R0016905,D0019662
R0013539,D0015822
R0020716,D0024109
R0001507,D0001761
R0000066,D0000081
R0006571,D0007587
R0025380,D0029484
R0012129,D0014137
R0000003,D0000004
R0001000,D0001184
R0020190,D0023485
R0030066,D0034927
R0012182,D0014202
R0039145,D0045829
R0032574,D0037907
R0038820,D0045462
R0015710,D0018260
R0031309,D0036337
R0011668,D0013599
R0005219,D0006039
R0023235,D0026969
R0035595,D0041630
R0020338,D0023659
R0026949,D0031329
R0020948,D0024381
R0017253,D0020060
R0034240,D0039989
R0028640,D0033305
R0003831,D0004442
R0007672,D0008852
R0034764,D0040654
R0022642,D0026304
R0036763,D0043101
R0038781,D0045415
R0021473,D0024983
R0009078,D0010527
R0031883,D0037006
R0033873,D0039529
R0030079,D0034943
R0023873,D0027704
R0001575,D0001840
R0003307,D0003853
R0030788,D0035746
R0028843,D0033537
R0015132,D0017601
R0024701,D0028695
R0035806,D0041905
R0003623,D0004210
R0026617,D0030929
R0001157,D0001366
R0013412,D0015674
R0019213,D0022338
R0025513,D0029634
R0031916,D0037053
R0035273,D0041233
R0032656,D0038016
R0037671,D0044134
R0014325,D0016695
R0002617,D0003058
R0026566,D0030864
R0022686,D0026352
R0019438,D0022595
R0039236,D0045933
R0028379,D0032995
R0021366,D0024859
R0033870,D0039524
R0025498,D0029616
R0008153,D0009420
R0030301,D0035191
R0027314,D0031743
R0038396,D0044978
R0004334,D0005022
R0021640,D0025170
R0022717,D0026387
R0010972,D0012785
R0032921,D0038340
R0024759,D0028761
R0018726,D0021765
R0018160,D0021104
R0004386,D0005082
R0038325,D0044888
R0015150,D0017621
R0006659,D0007682
R0015009,D0017459
R0010021,D0011647
R0026402,D0030668
R0005499,D0006370
R0039056,D0045729
R0014721,D0017134
R0020076,D0023347
R0036248,D0042497
R0028516,D0033159
R0030387,D0035284
R0030034,D0034892
R0030125,D0034994
R0024915,D0028938
R0025053,D0029096
R0012837,D0015003
R0018069,D0020991
R0024799,D0028804
R0009850,D0011445
R0009513,D0011050
R0032470,D0037771
R0003216,D0003752
R0010581,D0012315
R0026439,D0030708
R0028953,D0033666
R0005120,D0005928
R0030221,D0035100
R0002642,D0003085
R0013852,D0016165
R0028090,D0032649
R0021377,D0024871
R0010252,D0011928
R0010918,D0012723
R0018335,D0021312
R0007965,D0009191
R0007789,D0008984
R0012684,D0014822
R0009219,D0010704
R0014944,D0017388
R0013997,D0016322
R0024307,D0028221
R0010361,D0012059
R0024891,D0028913
R0028709,D0033382
R0001432,D0001673
R0032175,D0037388
R0007107,D0008197
R0019660,D0022850
R0012866,D0015036
R0024435,D0028377
R0005735,D0006650
R0003808,D0004417
R0034498,D0040319
R0014479,D0016866
R0022317,D0025941
R0008968,D0010391
R0033394,D0038895
R0017927,D0020829
R0034946,D0040865
R0027167,D0031579
R0017468,D0020307
R0003759,D0004364
R0024785,D0028788
R0036021,D0042210
R0015226,D0017703
R0015832,D0018399
R0002384,D0002789
R0015978,D0018578
R0022707,D0026376
R0017332,D0020151
R0027140,D0031548
R0018070,D0020992
R0038621,D0045231
R0030046,D0034905
R0000579,D0000684
R0028990,D0033708
R0007102,D0008191
R0028543,D0033192
R0029119,D0033863
R0022034,D0025613
R0005080,D0005881
R0002248,D0002632
R0023433,D0027198
R0003449,D0004009
R0025964,D0030160
R0019551,D0022724
R0004324,D0005012
R0021853,D0025404
R0008238,D0009523
R0024786,D0028789
R0024373,D0028300
R0014905,D0017343
R0009330,D0010832
R0025082,D0029130
R0021759,D0025303
R0008597,D0009953
R0010520,D0012243
R0023854,D0027683
R0010852,D0012643
R0025060,D0029103
R0037384,D0043811
R0028986,D0033704
R0029882,D0034724
R0032261,D0037503
R0031473,D0036527
R0006365,D0007352
R0023246,D0026980
R0011306,D0013185
R0025064,D0029108
R0032549,D0037879
R0012781,D0014937
R0014191,D0016543
R0006157,D0007118
R0029798,D0034631
R0027868,D0032391
R0016130,D0018760
R0036965,D0043342
R0000334,D0000399
R0020705,D0024097
R0017644,D0020509
R0018823,D0021873
R0032232,D0037459
R0011232,D0013099
R0018909,D0021973
R0011919,D0013892
R0036799,D0043148
R0013393,D0015649
R0020955,D0024388
R0027294,D0031721
R0022312,D0025936
R0038570,D0045170
R0016259,D0018909
R0023550,D0027339
R0025531,D0029655
R0026191,D0030429
R0022165,D0025766
R0030913,D0035887
R0007720,D0008906
R0007849,D0009050
R0000082,D0000101
R0002471,D0002886
R0027531,D0031991
R0013160,D0015379
R0030731,D0035683
R0016727,D0019456
R0031250,D0036270
R0034939,D0040857
R0002137,D0002507
R0016809,D0019554
R0026556,D0030851
R0017274,D0020087
R0008887,D0010301
R0018437,D0021427
R0021826,D0025375
R0030474,D0035385
R0021630,D0025160
R0000673,D0000790
R0034194,D0039934
R0019749,D0022952
R0016164,D0018799
R0020266,D0023582
R0038715,D0045336
R0022742,D0026417
R0008086,D0009336
R0032289,D0037540
R0024312,D0028226
R0004122,D0004781
R0017892,D0020788
R0039147,D0045831
R0001851,D0002164
R0024980,D0029009
R0004496,D0005215
R0034711,D0040588
R0026865,D0031229
R0008271,D0009565
R0025476,D0029592
R0022740,D0026415
R0033369,D0038866
R0029739,D0034567
R0029819,D0034652
R0014604,D0017003
R0008166,D0009434
R0032048,D0037235
R0001317,D0001545
R0012612,D0014731
R0023317,D0027063
R0021580,D0025107
R0029506,D0034300
R0014274,D0016642
R0033128,D0038583
R0004875,D0005653
R0021992,D0025568
R0023500,D0027280
R0002840,D0003317
R0022842,D0026530
R0037663,D0044125
R0027595,D0032066
R0036412,D0042692
R0020358,D0023682
R0031018,D0036005
R0014334,D0016704
R0022023,D0025600
R0032568,D0037901
R0019477,D0022640
R0002016,D0002356
R0008707,D0010082
R0030602,D0035535
R0030129,D0034998
R0008947,D0010365
R0005319,D0006155
R0021055,D0024499
R0009602,D0011158
R0006578,D0007594
R0032375,D0037649
R0037018,D0043404
R0016676,D0019392
R0019560,D0022733
R0004643,D0005388
R0004738,D0005492
R0005760,D0006678
R0029974,D0034825
R0000297,D0000355
R0018058,D0020977
R0029965,D0034815
R0035874,D0042001
R0036565,D0042873
R0019903,D0023129
R0007875,D0009085
R0000219,D0000261
R0003018,D0003523
R0019547,D0022720
R0013388,D0015643
R0013709,D0016012
R0035909,D0042046
R0030467,D0035375
R0013764,D0016072
R0011773,D0013713
R0004725,D0005477
R0017033,D0019806
R0036313,D0042578
R0008149,D0009414
R0000192,D0000230
R0036955,D0043330
R0019416,D0022571
R0006338,D0007323
R0019127,D0022233
R0026180,D0030416
R0027846,D0032368
R0022793,D0026476
R0018275,D0021235
R0025893,D0030066
R0033720,D0039310
R0029397,D0034176
R0019826,D0023042
R0002953,D0003449
R0011176,D0013041
R0039232,D0045928
R0012329,D0014382
R0013097,D0015305
R0038973,D0045638
R0026135,D0030363
R0012741,D0014887
R0021615,D0025145
R0005637,D0006536
R0022133,D0025733
R0008547,D0009894
R0030346,D0035241
R0018663,D0021690
R0015582,D0018107
R0000819,D0000975
R0005066,D0005866
R0037491,D0043928
R0003762,D0004367
R0028582,D0033236
R0034737,D0040620
R0005921,D0006858
R0037428,D0043858
R0016741,D0019474
R0006320,D0007304
R0008453,D0009788
R0011132,D0012988
R0009654,D0011219
R0038235,D0044786
R0010233,D0011907
R0023193,D0026926
R0035495,D0041507
R0033584,D0039111
R0017536,D0020387
R0003800,D0004409
R0035147,D0041089
R0031660,D0036735
R0012312,D0014359
R0036817,D0043172
R0004783,D0005547
R0003958,D0004586
R0033416,D0038919
R0000533,D0000628
R0017615,D0020477
R0005995,D0006942
R0031936,D0037083
R0030902,D0035876
R0009947,D0011559
R0024372,D0028299
R0007405,D0008535
R0008983,D0010409
R0027727,D0032216
R0011503,D0013413
R0004963,D0005746
R0015660,D0018201
R0039121,D0045801
R0010599,D0012337
R0030341,D0035236
R0014820,D0017246
R0034632,D0040492
R0007320,D0008442
R0006131,D0007089
R0011693,D0013627
R0008879,D0010292
R0019325,D0022470
R0012114,D0014120
R0014997,D0017444
R0032582,D0037918
R0018104,D0021033
R0012161,D0014173
R0017319,D0020138
R0033786,D0039407
R0016839,D0019589
R0021109,D0024558
R0003125,D0003647
R0030720,D0035668
R0013833,D0016146
R0037945,D0044450
R0000554,D0000653
R0013988,D0016313
R0019637,D0022826
R0033494,D0039011
R0030194,D0035069
R0006135,D0007094
R0006417,D0007413
R0025131,D0029190
R0037110,D0043504
R0013705,D0016008
R0001400,D0001635
R0006237,D0007211
R0004203,D0004873
R0038168,D0044713
R0014599,D0016998
R0021787,D0025333
R0012117,D0014123
R0039201,D0045896
R0007796,D0008991
R0030692,D0035635
R0033121,D0038576
R0028429,D0033051
R0034947,D0040866
R0010708,D0012467
R0022009,D0025585
R0016800,D0019542
R0026485,D0030766
R0019476,D0022639
R0021372,D0024866
R0031869,D0036991
R0007502,D0008647
R0009054,D0010499
R0000865,D0001024
R0015387,D0017886
R0015887,D0018474
R0037151,D0043549
R0028954,D0033667
R0012016,D0014007
R0023467,D0027240
R0005618,D0006513
R0030154,D0035025
R0012089,D0014092
R0007434,D0008568
R0026810,D0031164
R0016695,D0019419
R0014442,D0016825
R0026298,D0030550
R0030813,D0035777
R0035699,D0041761
R0010522,D0012247
R0010396,D0012104
R0000312,D0000373
R0005758,D0006676
R0037214,D0043622
R0022578,D0026235
R0010323,D0012013
R0021763,D0025307
R0030327,D0035219
R0038472,D0045060
R0018407,D0021392
R0028483,D0033120
R0004311,D0004997
R0026494,D0030777
R0014003,D0016328
R0028005,D0032546
R0009262,D0010753
R0020239,D0023545
R0026642,D0030960
R0023142,D0026872
R0022649,D0026311
R0009161,D0010630
R0024086,D0027960
R0009409,D0010924
R0013577,D0015865
R0027265,D0031689
R0003024,D0003530
R0027049,D0031446
R0024347,D0028269
R0022986,D0026685
R0034310,D0040076
R0029112,D0033855
R0011883,D0013840
R0012649,D0014778
R0025832,D0029995
R0013135,D0015347
R0033476,D0038990
R0024680,D0028671
R0006328,D0007312
R0014114,D0016458
R0013157,D0015373
R0014641,D0017042
R0027872,D0032397
R0004743,D0005500
R0006618,D0007637
R0013814,D0016127
R0025723,D0029866
R0028654,D0033323
R0017204,D0020003
R0030581,D0035512
R0002609,D0003050
R0036915,D0043286
R0027584,D0032053
R0035053,D0040984
R0030298,D0035188
R0033249,D0038727
R0023916,D0027755
R0038642,D0045255
R0026436,D0030704
R0022922,D0026615
R0014176,D0016526
R0030484,D0035395
R0016954,D0019718
R0019035,D0022126
R0038662,D0045277
R0035737,D0041818
R0019688,D0022882
R0015855,D0018436
R0008091,D0009341
R0015369,D0017864
R0008441,D0009776
R0001894,D0002210
R0015340,D0017831
R0015789,D0018352
R0034940,D0040858
R0025865,D0030035
R0031241,D0036257
R0036393,D0042669
R0023356,D0027110
R0015348,D0017840
R0024830,D0028840
R0029953,D0034803
R0024235,D0028138
R0037985,D0044495
R0007407,D0008537
R0009905,D0011508
R0009473,D0010999
R0022517,D0026170
R0004587,D0005322
R0004374,D0005067
R0013098,D0015306
R0033024,D0038466
R0009840,D0011435
R0000763,D0000903
R0033133,D0038589
R0016332,D0018997
R0020885,D0024308
R0021322,D0024807
R0025913,D0030093
R0032483,D0037790
R0021145,D0024599
R0005640,D0006539
R0015600,D0018131
R0034248,D0040000
R0000263,D0000315
R0028355,D0032967
R0014155,D0016500
R0016201,D0018840
R0000622,D0000733
R0021218,D0024685
R0018198,D0021148
R0012895,D0015067
R0039174,D0045862
R0017290,D0020107
R0036589,D0042905
R0021864,D0025415
R0031590,D0036660
R0035337,D0041306
R0013057,D0015255
R0010504,D0012227
R0025799,D0029957
R0033613,D0039152
R0032864,D0038273
R0011296,D0013175
R0002607,D0003048
R0013192,D0015414
R0012206,D0014231
R0028488,D0033126
R0012429,D0014513
R0032221,D0037446
R0009607,D0011163
R0037407,D0043836
R0024038,D0027905
R0009163,D0010632
R0003796,D0004405
R0003017,D0003522
R0032047,D0037234
R0000862,D0001021
R0017966,D0020875
R0038462,D0045048
R0008289,D0009586
R0020855,D0024276
R0008995,D0010422
R0005504,D0006376
R0030472,D0035383
R0031627,D0036699
R0008620,D0009981
R0001556,D0001814
R0019686,D0022880
R0028621,D0033283
R0038120,D0044657
R0009447,D0010969
R0015518,D0018034
R0012745,D0014893
R0005344,D0006183
R0033224,D0038694
R0021945,D0025516
R0009315,D0010814
R0035923,D0042070
R0031457,D0036509
R0000519,D0000611
R0034519,D0040350
R0001841,D0002153
R0008679,D0010050
R0009865,D0011461
R0007541,D0008693
R0010018,D0011644
R0008918,D0010334
R0027541,D0032003
R0022364,D0025993
R0024295,D0028208
R0029351,D0034127
R0007920,D0009140
R0012677,D0014812
R0005206,D0006025
R0000159,D0000190
R0038174,D0044719
R0023368,D0027124
R0038594,D0045200
R0007724,D0008912
R0015868,D0018451
R0012737,D0014883
R0010236,D0011910
R0003172,D0003700
R0002459,D0002873
R0004856,D0005628
R0008159,D0009426
R0015992,D0018593
R0008255,D0009543
R0033263,D0038746
R0014584,D0016981
R0017422,D0020256
R0030193,D0035068
R0030988,D0035971
R0035873,D0042000
R0022385,D0026021
R0010844,D0012634
R0020924,D0024352
R0027467,D0031919
R0023374,D0027130
R0008358,D0009666
R0006938,D0008004
R0022965,D0026662
R0003468,D0004031
R0020983,D0024422
R0031430,D0036477
R0016661,D0019376
R0038586,D0045191
R0010231,D0011905
R0036852,D0043217
R0006973,D0008040
R0028591,D0033246
R0030328,D0035220
R0023901,D0027736
R0035995,D0042168
R0035767,D0041852
R0005171,D0005986
R0015771,D0018332
R0037182,D0043588
R0013818,D0016131
R0031770,D0036869
R0018730,D0021770
R0009531,D0011071
R0037228,D0043638
R0027860,D0032383
R0028011,D0032554
R0004302,D0004988
R0003012,D0003517
R0029308,D0034081
R0036186,D0042416
R0001252,D0001475
R0000688,D0000807
R0006428,D0007425
R0017925,D0020827
R0020025,D0023283
R0004086,D0004742
R0011332,D0013215
R0015234,D0017712
R0024063,D0027933
R0017199,D0019996
R0016948,D0019711
R0019053,D0022152
R0024471,D0028421
R0001353,D0001583
R0026741,D0031078
R0022329,D0025953
R0017632,D0020495
R0006865,D0007919
R0007751,D0008940
R0009374,D0010884
R0008718,D0010098
R0030217,D0035096
R0035438,D0041432
R0024286,D0028199
R0036050,D0042248
R0016183,D0018820
R0002424,D0002835
R0004580,D0005312
R0024153,D0028038
R0019641,D0022830
R0019264,D0022399
R0034343,D0040119
R0002241,D0002624
R0029693,D0034516
R0012957,D0015140
R0014836,D0017264
R0023310,D0027056
R0026974,D0031360
R0018584,D0021593
R0038499,D0045091
R0001208,D0001420
R0020482,D0023825
R0025078,D0029125
R0016991,D0019762
R0035717,D0041789
R0022723,D0026394
R0015375,D0017873
R0028040,D0032589
R0020365,D0023690
R0024928,D0028953
R0028595,D0033250
R0020277,D0023593
R0002799,D0003268
R0038476,D0045065
R0023213,D0026946
R0023459,D0027227
R0030883,D0035855
R0018229,D0021181
R0001506,D0001760
R0000098,D0000120
R0010267,D0011946
R0017735,D0020614
R0038701,D0045320
R0003298,D0003843
R0028649,D0033316
R0032250,D0037489
R0008572,D0009921
R0003576,D0004153
R0015291,D0017775
R0004032,D0004678
R0006293,D0007275
R0002673,D0003124
R0018768,D0021810
R0034510,D0040337
R0032395,D0037675
R0000122,D0000149
R0020976,D0024411
R0031410,D0036453
R0012963,D0015146
R0038085,D0044616
R0020269,D0023585
R0012498,D0014594
R0025334,D0029430
R0019515,D0022686
R0033665,D0039224
R0035310,D0041277
R0030852,D0035821
R0034784,D0040678
R0007907,D0009124
R0004563,D0005293
R0019869,D0023093
R0022975,D0026674
R0039184,D0045875
R0008354,D0009661
R0026193,D0030431
R0026878,D0031242
R0022621,D0026283
R0021827,D0025376
R0017409,D0020243
R0020027,D0023287
R0020497,D0023840
R0031030,D0036018
R0028611,D0033271
R0039050,D0045722
R0000607,D0000717
R0008045,D0009288
R0005462,D0006326
R0009427,D0010944
R0013208,D0015431
R0002666,D0003116
R0001729,D0002014
R0017446,D0020283
R0032813,D0038214
R0030463,D0035369
R0027855,D0032378
R0005940,D0006879
R0012057,D0014056
R0029464,D0034251
R0035316,D0041283
R0037333,D0043754
R0035231,D0041185
R0012797,D0014956
R0016601,D0019306
R0029681,D0034504
R0015059,D0017520
R0037742,D0044215
R0027748,D0032245
R0027373,D0031812
R0024352,D0028275
R0024010,D0027874
R0037037,D0043424
R0033303,D0038789
R0020137,D0023417
R0025248,D0029326
R0008449,D0009784
R0037906,D0044404
R0039098,D0045777
R0037828,D0044316
R0027082,D0031482
R0033093,D0038544
R0024861,D0028878
R0030170,D0035042
R0018442,D0021434
R0030946,D0035924
R0010758,D0012527
R0015811,D0018377
R0014232,D0016588
R0014448,D0016832
R0006633,D0007653
R0004855,D0005626
R0011811,D0013753
R0018706,D0021742
R0038908,D0045562
R0030998,D0035981
R0031618,D0036689
R0035250,D0041207
R0023099,D0026819
R0011548,D0013463
R0013510,D0015788
R0016335,D0019001
R0029327,D0034100
R0006053,D0007008
R0037471,D0043907
R0000205,D0000243
R0020749,D0024148
R0023853,D0027681
R0027290,D0031716
R0032999,D0038440
R0008049,D0009294
R0020873,D0024295
R0035552,D0041578
R0004689,D0005437
R0024497,D0028460
R0026524,D0030815
R0010697,D0012453
R0017099,D0019879
R0008380,D0009692
R0007866,D0009072
R0034925,D0040839
R0011384,D0013275
R0005452,D0006312
R0013761,D0016068
R0027947,D0032481
R0029555,D0034355
R0019667,D0022857
R0034699,D0040574
R0027780,D0032281
R0026602,D0030912
R0027088,D0031490
R0026066,D0030276
R0026600,D0030909
R0027015,D0031408
R0011560,D0013476
R0038480,D0045071
R0006005,D0006953
R0011530,D0013444
R0025182,D0029250
R0000646,D0000759
R0004861,D0005633
R0025787,D0029942
R0023456,D0027224
R0035536,D0041557
R0002608,D0003049
R0030425,D0035325
R0018970,D0022048
R0020016,D0023269
R0013369,D0015621
R0019766,D0022971
R0036821,D0043178
R0020888,D0024311
R0012048,D0014044
R0006695,D0007724
R0028225,D0032811
R0031984,D0037147
R0036477,D0042770
R0027379,D0031818
R0032220,D0037445
R0018710,D0021748
R0006683,D0007709
R0006574,D0007590
R0002209,D0002588
R0032979,D0038414
R0022697,D0026365
R0005518,D0006392
R0026702,D0031029
R0011570,D0013487
R0020131,D0023410
R0001087,D0001283
R0003092,D0003608
R0011689,D0013623
R0003951,D0004578
R0005060,D0005858
R0030069,D0034931
R0018274,D0021231
R0015598,D0018127
R0022943,D0026638
R0016320,D0018980
R0013304,D0015548
R0023731,D0027548
R0027505,D0031963
R0033535,D0039055
R0035927,D0042075
R0022336,D0025962
R0015897,D0018484
R0036554,D0042858
R0032276,D0037525
R0000830,D0000987
R0019103,D0022204
R0030597,D0035530
R0024455,D0028403
R0025438,D0029550
R0013640,D0015934
R0002659,D0003105
R0003891,D0004513
R0027154,D0031563
R0027389,D0031830
R0031305,D0036333
R0035849,D0041966
R0014371,D0016744
R0033477,D0038991
R0003857,D0004471
R0009722,D0011298
R0034225,D0039971
R0022548,D0026204
R0009977,D0011595
R0001124,D0001330
R0029667,D0034487
R0001761,D0002051
R0007257,D0008373
R0018880,D0021937
R0007089,D0008172
R0034825,D0040722
R0010266,D0011944
R0038207,D0044757
R0000265,D0000317
R0035804,D0041903
R0010411,D0012119
R0010700,D0012457
R0022215,D0025821
R0016394,D0019069
R0024924,D0028948
R0027366,D0031805
R0036087,D0042290
R0015786,D0018349
R0019392,D0022546
R0018591,D0021602
R0015108,D0017572
R0028338,D0032948
R0012078,D0014079
R0023890,D0027724
R0002963,D0003459
R0007058,D0008139
R0027280,D0031706
R0021885,D0025439
R0007458,D0008596
R0033908,D0039576
R0009931,D0011540
R0014373,D0016746
R0015943,D0018537
R0015094,D0017556
R0008476,D0009812
R0038608,D0045216
R0037142,D0043540
R0022425,D0026069
R0033614,D0039154
R0015123,D0017590
R0018368,D0021346
R0036123,D0042337
R0018386,D0021364
R0012578,D0014692
R0038187,D0044733
R0023862,D0027691
R0010339,D0012034
R0027824,D0032339
R0000259,D0000311
R0009923,D0011532
R0031265,D0036288
R0012943,D0015124
R0007661,D0008841
R0001802,D0002106
R0037903,D0044401
R0008218,D0009502
R0021337,D0024825
R0035830,D0041939
R0033836,D0039473
R0002320,D0002716
R0001952,D0002278
R0024887,D0028907
R0025197,D0029270
R0006820,D0007868
R0018896,D0021956
R0012314,D0014362
R0036001,D0042177
R0039273,D0045976
R0007431,D0008564
R0014990,D0017437
R0025730,D0029873
R0036706,D0043038
R0027419,D0031865
R0004751,D0005511
R0039126,D0045806
R0016191,D0018830
R0029196,D0033951
R0030263,D0035148
R0016891,D0019647
R0011529,D0013443
R0006886,D0007942
R0016769,D0019509
R0004853,D0005623
R0028143,D0032713
R0030407,D0035305
R0009798,D0011378
R0022599,D0026259
R0026400,D0030666
R0020459,D0023793
R0011648,D0013577
R0005137,D0005950
R0002548,D0002980
R0010034,D0011660
R0008169,D0009437
R0034836,D0040735
R0008292,D0009589
R0030321,D0035211
R0035821,D0041927
R0019889,D0023114
R0030708,D0035653
R0000768,D0000911
R0035172,D0041120
R0027891,D0032419
R0010669,D0012421
R0019196,D0022318
R0015479,D0017990
R0038798,D0045435
R0022573,D0026230
R0008948,D0010367
R0035620,D0041661
R0036789,D0043134
R0007804,D0009002
R0014568,D0016965
R0001181,D0001392
R0019553,D0022726
R0026953,D0031333
R0008937,D0010355
R0017154,D0019945
R0023150,D0026880
R0025097,D0029150
R0028496,D0033137
R0021137,D0024589
R0017928,D0020830
R0026103,D0030323
R0002622,D0003064
R0016468,D0019150
R0018324,D0021297
R0024463,D0028412
R0001657,D0001934
R0032142,D0037342
R0019426,D0022581
R0000739,D0000876
R0006643,D0007665
R0006470,D0007475
R0004044,D0004694
R0031563,D0036628
R0018226,D0021177
R0004632,D0005376
R0000235,D0000280
R0034795,D0040689
R0034966,D0040887
R0029680,D0034503
R0038950,D0045610
R0006471,D0007476
R0035000,D0040928
R0034521,D0040352
R0032252,D0037493
R0019820,D0023034
R0027532,D0031993
R0006516,D0007527
R0020769,D0024173
R0030769,D0035727
R0020074,D0023345
R0011686,D0013620
R0025445,D0029558
R0011116,D0012966
R0014661,D0017065
R0012367,D0014427
R0011033,D0012860
R0008640,D0010006
R0017414,D0020248
R0031481,D0036535
R0018285,D0021249
R0016111,D0018737
R0022506,D0026159
R0003618,D0004204
R0037927,D0044429
R0036411,D0042691
R0000320,D0000383
R0017306,D0020124
R0034250,D0040002
R0004852,D0005622
R0025991,D0030191
R0014866,D0017298
R0021081,D0024526
R0024674,D0028663
R0019509,D0022677
R0021293,D0024770
R0017550,D0020404
R0011002,D0012821
R0032308,D0037562
R0006807,D0007854
R0031871,D0036993
R0010639,D0012385
R0017979,D0020888
R0005736,D0006651
R0015642,D0018181
R0031631,D0036703
R0025800,D0029958
R0025570,D0029700
R0007273,D0008391
R0036857,D0043222
R0024697,D0028690
R0035400,D0041386
R0008128,D0009387
R0020452,D0023785
R0001070,D0001264
R0036962,D0043339
R0037777,D0044257
R0031060,D0036050
R0011357,D0013246
R0000050,D0000060
R0035481,D0041490
R0008230,D0009515
R0031638,D0036710
R0015180,D0017653
R0033745,D0039348
R0015378,D0017876
R0036479,D0042772
R0020167,D0023454
R0006580,D0007596
R0016608,D0019313
R0013745,D0016050
R0000175,D0000211
R0034282,D0040042
R0011501,D0013411
R0017540,D0020394
R0006951,D0008017
R0003748,D0004353
R0025292,D0029385
R0002592,D0003029
R0022076,D0025662
R0037221,D0043630
R0029511,D0034307
R0011758,D0013697
R0024542,D0028512
R0001445,D0001690
R0030610,D0035544
R0025112,D0029166
R0007409,D0008539
R0028833,D0033523
R0023707,D0027517
R0038347,D0044918
R0033916,D0039584
R0035019,D0040948
R0013339,D0015588
R0020265,D0023581
R0015078,D0017540
R0029623,D0034436
R0003838,D0004450
R0007913,D0009130
R0005228,D0006049
R0014758,D0017175
R0022603,D0026263
R0000268,D0000321
R0009557,D0011103
R0009793,D0011373
R0009950,D0011565
R0004800,D0005565
R0011857,D0013802
R0034981,D0040903
R0013847,D0016160
R0036557,D0042861
R0005888,D0006820
R0036752,D0043087
R0008474,D0009810
R0027230,D0031650
R0021567,D0025091
R0032970,D0038404
R0001746,D0002036
R0012043,D0014036
R0000985,D0001165
R0023163,D0026893
R0005040,D0005836
R0033661,D0039219
R0013600,D0015892
R0019335,D0022482
R0004652,D0005397
R0037759,D0044236
R0002307,D0002700
R0032619,D0037967
R0007830,D0009031
R0023812,D0027637
R0002353,D0002754
R0018545,D0021552
R0006165,D0007126
R0005589,D0006477
R0031031,D0036019
R0031947,D0037098
R0035117,D0041058
R0012371,D0014432
R0032738,D0038119
R0018417,D0021405
R0018333,D0021310
R0001276,D0001499
R0000144,D0000175
R0003170,D0003698
R0014115,D0016459
R0037523,D0043966
R0018022,D0020938
R0022473,D0026121
R0008385,D0009699
R0008926,D0010344
R0013660,D0015958
R0034131,D0039856
R0007632,D0008800
R0029361,D0034138
R0012077,D0014077
R0014530,D0016922
R0006741,D0007779
R0027809,D0032316
R0012594,D0014709
R0021886,D0025440
R0006538,D0007550
R0031095,D0036092
R0031358,D0036397
R0037590,D0044042
R0004726,D0005478
R0011726,D0013662
R0038538,D0045137
R0029088,D0033829
R0006164,D0007125
R0012896,D0015068
R0014839,D0017269
R0003314,D0003862
R0010351,D0012046
R0008194,D0009473
R0003937,D0004563
R0014549,D0016942
R0013258,D0015494
R0030855,D0035827
R0014610,D0017009
R0011974,D0013956
R0002733,D0003193
R0038986,D0045654
R0007210,D0008317
R0012443,D0014529
R0033432,D0038940
R0028549,D0033199
R0011194,D0013061
R0032641,D0037999
R0025051,D0029093
R0002189,D0002563
R0035893,D0042026
R0034604,D0040457
R0009890,D0011488
R0023137,D0026865
R0021305,D0024783
R0017668,D0020538
R0034019,D0039708
R0022944,D0026639
R0009251,D0010742
R0033830,D0039464
R0035812,D0041915
R0029150,D0033898
R0006697,D0007726
R0025368,D0029469
R0024193,D0028089
R0026029,D0030232
R0027259,D0031682
R0030377,D0035274
R0032384,D0037662
R0016673,D0019389
R0010362,D0012061
R0032345,D0037607
R0010959,D0012767
R0022259,D0025876
R0037278,D0043693
R0015133,D0017603
R0036163,D0042384
R0037456,D0043891
R0007023,D0008099
R0017041,D0019815
R0013385,D0015640
R0032039,D0037221
R0017945,D0020851
R0035977,D0042147
R0039120,D0045800
R0005244,D0006069
R0020142,D0023424
R0011856,D0013801
R0008323,D0009624
R0030599,D0035532
R0002781,D0003248
R0005297,D0006129
R0037674,D0044137
R0003658,D0004250
R0009927,D0011536
R0036061,D0042260
R0026075,D0030291
R0030818,D0035782
R0006245,D0007221
R0033681,D0039255
R0028502,D0033143
R0038080,D0044610
R0030833,D0035801
R0014062,D0016398
R0035856,D0041976
R0038881,D0045532
R0019977,D0023227
R0035516,D0041532
R0024762,D0028764
R0029477,D0034265
R0001473,D0001720
R0012329,D0014383
R0012652,D0014781
R0003653,D0004245
R0036277,D0042538
R0006450,D0007450
R0009469,D0010994
R0011505,D0013416
R0006660,D0007683
R0006064,D0007020
R0000882,D0001045
R0009002,D0010430
R0009903,D0011505
R0009688,D0011257
R0010082,D0011721
R0010563,D0012293
R0031350,D0036388
R0032448,D0037741
R0009769,D0011348
R0012291,D0014332
R0004651,D0005396
R0003556,D0004130
R0012464,D0014556
R0021110,D0024559
R0012212,D0014239
R0008275,D0009570
R0008786,D0010178
R0013194,D0015416
R0036502,D0042798
R0024592,D0028571
R0015963,D0018558
R0005298,D0006130
R0004406,D0005106
R0006544,D0007557
R0023111,D0026836
R0013815,D0016128
R0017437,D0020273
R0026418,D0030684
R0004221,D0004894
R0002541,D0002969
R0033116,D0038571
R0010363,D0012063
R0026716,D0031048
R0032096,D0037292
R0003029,D0003537
R0036799,D0043149
R0017353,D0020177
R0031274,D0036297
R0013685,D0015986
R0016788,D0019529
R0012693,D0014833
R0032093,D0037289
R0009884,D0011482
R0037608,D0044064
R0024739,D0028740
R0023171,D0026902
R0006421,D0007417
R0018338,D0021315
R0005147,D0005960
R0026483,D0030761
R0011202,D0013069
R0035227,D0041181
R0014881,D0017315
R0013421,D0015684
R0019443,D0022600
R0004528,D0005251
R0005473,D0006341
R0004353,D0005044
R0017622,D0020485
R0013731,D0016035
R0033703,D0039287
R0022162,D0025763
R0027068,D0031467
R0013035,D0015226
R0034526,D0040363
R0023802,D0027626
R0014392,D0016766
R0021155,D0024611
R0034103,D0039815
R0021333,D0024821
R0015092,D0017554
R0005734,D0006648
R0030311,D0035201
R0021652,D0025183
R0023404,D0027166
R0012563,D0014670
R0002576,D0003011
R0031373,D0036412
R0019088,D0022188
R0021953,D0025525
R0015852,D0018431
R0003286,D0003829
R0003899,D0004521
R0004922,D0005702
R0025794,D0029949
R0003025,D0003531
R0035793,D0041885
R0004092,D0004748
R0018076,D0021000
R0024438,D0028380
R0004387,D0005083
R0016408,D0019085
R0026070,D0030282
R0038929,D0045587
R0038794,D0045430
R0032488,D0037797
R0019938,D0023176
R0006086,D0007043
R0003077,D0003592
R0006840,D0007893
R0021772,D0025317
R0003920,D0004546
R0021054,D0024498
R0007939,D0009162
R0013269,D0015506
R0017829,D0020721
R0008782,D0010173
R0029661,D0034481
R0008402,D0009726
R0026653,D0030972
R0012171,D0014185
R0035322,D0041289
R0014596,D0016994
R0019020,D0022108
R0037282,D0043697
R0024248,D0028154
R0018396,D0021378
R0003336,D0003886
R0019555,D0022728
R0010474,D0012192
R0039282,D0045987
R0035909,D0042045
R0019646,D0022835
R0011863,D0013813
R0024541,D0028511
R0035862,D0041987
R0033680,D0039252
R0009419,D0010936
R0026343,D0030604
R0038072,D0044600
R0002818,D0003291
R0010458,D0012174
R0026692,D0031016
R0031385,D0036425
R0014880,D0017314
R0002936,D0003430
R0012695,D0014835
R0017951,D0020859
R0015278,D0017762
R0034108,D0039821
R0015825,D0018392
R0023421,D0027185
R0013944,D0016262
R0034195,D0039936
R0008653,D0010020
R0026775,D0031121
R0038954,D0045614
R0000631,D0000743
R0012009,D0013999
R0019769,D0022974
R0030896,D0035870
R0021088,D0024534
R0012385,D0014448
R0002745,D0003206
R0027821,D0032336
R0020762,D0024164
R0007971,D0009198
R0037119,D0043513
R0032425,D0037712
R0022734,D0026408
R0026016,D0030219
R0019225,D0022353
R0018757,D0021799
R0029290,D0034058
R0018828,D0021878
R0025238,D0029315
R0036006,D0042186
R0027817,D0032327
R0026568,D0030866
R0032309,D0037563
R0016289,D0018946
R0007120,D0008212
R0024612,D0028594
R0030548,D0035474
R0012583,D0014698
R0015993,D0018596
R0000665,D0000778
R0026993,D0031383
R0009703,D0011276
R0010241,D0011915
R0006009,D0006957
R0003195,D0003731
R0001100,D0001301
R0008605,D0009961
R0014151,D0016496
R0026096,D0030316
R0012010,D0014000
R0008505,D0009848
R0011100,D0012945
R0011465,D0013369
R0009576,D0011127
R0017624,D0020487
R0020299,D0023617
R0002807,D0003277
R0023339,D0027088
R0008132,D0009392
R0038737,D0045361
R0031326,D0036359
R0034385,D0040166
R0008044,D0009284
R0022020,D0025596
R0011114,D0012964
R0001701,D0001982
R0011988,D0013974
R0036665,D0042997
R0014046,D0016378
R0008650,D0010017
R0038572,D0045173
R0033633,D0039178
R0034651,D0040516
R0038440,D0045026
R0004913,D0005693
R0027588,D0032057
R0033041,D0038486
R0001294,D0001520
R0020185,D0023479
R0034273,D0040027
R0001459,D0001704
R0011045,D0012874
R0030292,D0035181
R0018223,D0021174
R0004262,D0004944
R0004082,D0004738
R0035919,D0042064
R0027368,D0031807
R0032860,D0038269
R0030451,D0035355
R0022135,D0025735
R0013663,D0015961
R0001932,D0002255
R0009578,D0011130
R0006148,D0007108
R0029701,D0034526
R0028721,D0033395
R0036861,D0043226
R0023370,D0027126
R0023153,D0026883
R0007780,D0008975
R0026530,D0030822
R0004315,D0005001
R0002675,D0003126
R0013788,D0016098
R0016721,D0019449
R0022968,D0026666
R0004462,D0005176
R0037969,D0044477
R0020767,D0024171
R0003257,D0003798
R0026912,D0031283
R0005920,D0006857
R0012426,D0014508
R0035496,D0041508
R0034048,D0039741
R0023696,D0027505
R0034422,D0040214
R0012870,D0015040
R0019494,D0022660
R0029338,D0034112
R0004129,D0004789
R0005296,D0006128
R0024562,D0028535
R0004721,D0005473
R0018385,D0021363
R0009728,D0011304
R0032906,D0038321
R0022865,D0026553
R0018400,D0021383
R0037925,D0044427
R0037939,D0044443
R0009851,D0011446
R0015783,D0018346
R0018236,D0021188
R0008391,D0009708
R0025440,D0029553
R0001708,D0001990
R0029746,D0034574
R0005153,D0005966
R0029015,D0033742
R0000713,D0000845
R0005818,D0006742
R0027815,D0032325
R0026156,D0030389
R0029843,D0034681
R0007335,D0008457
R0008144,D0009407
R0035720,D0041796
R0011042,D0012871
R0025261,D0029345
R0027431,D0031878
R0035086,D0041021
R0013223,D0015451
R0033890,D0039551
R0005289,D0006121
R0011930,D0013903
R0005784,D0006705
R0024993,D0029024
R0011301,D0013180
R0001924,D0002244
R0004470,D0005185
R0034962,D0040881
R0035084,D0041019
R0008472,D0009808
R0004034,D0004680
R0026231,D0030476
R0021686,D0025223
R0011211,D0013078
R0020110,D0023385
R0021286,D0024763
R0028432,D0033055
R0036108,D0042318
R0033558,D0039078
R0007981,D0009210
R0012296,D0014337
R0024145,D0028027
R0028425,D0033047
R0036998,D0043384
R0028121,D0032689
R0026903,D0031271
R0024720,D0028718
R0022326,D0025950
R0022301,D0025924
R0023285,D0027026
R0032393,D0037673
R0009674,D0011240
R0012082,D0014084
R0022647,D0026309
R0021139,D0024591
R0003788,D0004395
R0018946,D0022015
R0008263,D0009554
R0026714,D0031046
R0030083,D0034947
R0026632,D0030948
R0006539,D0007551
R0034935,D0040852
R0033591,D0039122
R0032992,D0038431
R0004186,D0004853
R0023525,D0027311
R0032920,D0038338
R0004848,D0005617
R0022049,D0025631
R0009815,D0011401
R0018427,D0021416
R0024417,D0028351
R0004575,D0005307
R0027574,D0032041
R0037810,D0044295
R0018091,D0021017
R0029777,D0034609
R0028878,D0033578
R0023691,D0027498
R0018413,D0021398
R0005963,D0006906
R0014724,D0017138
R0027894,D0032424
R0032404,D0037686
R0035472,D0041477
R0038710,D0045331
R0037516,D0043958
R0004380,D0005074
R0008588,D0009944
R0020155,D0023439
R0038587,D0045192
R0017055,D0019831
R0011047,D0012876
R0001365,D0001596
R0007067,D0008148
R0037805,D0044290
R0009981,D0011599
R0022432,D0026076
R0013719,D0016023
R0023492,D0027271
R0013467,D0015738
R0029810,D0034643
R0032548,D0037878
R0029128,D0033873
R0019021,D0022109
R0003085,D0003600
R0030746,D0035700
R0030767,D0035723
R0024871,D0028888
R0018575,D0021583
R0000449,D0000528
R0038270,D0044829
R0029493,D0034286
R0022671,D0026334
R0026772,D0031118
R0023710,D0027520
R0007873,D0009083
R0032275,D0037523
R0005915,D0006852
R0003863,D0004481
R0029715,D0034542
R0003861,D0004478
R0003420,D0003977
R0010294,D0011979
R0017917,D0020817
R0038839,D0045482
R0017886,D0020782
R0016147,D0018781
R0023140,D0026869
R0021908,D0025470
R0010206,D0011870
R0012254,D0014286
R0015917,D0018508
R0033221,D0038691
R0038334,D0044900
R0007486,D0008628
R0017782,D0020667
R0020805,D0024216
R0015629,D0018166
R0023241,D0026975
R0038637,D0045249
R0005556,D0006438
R0038426,D0045010
R0032557,D0037887
R0028348,D0032959
R0031831,D0036944
R0003896,D0004518
R0001496,D0001749
R0015255,D0017735
R0038947,D0045607
R0025827,D0029990
R0001535,D0001792
R0015336,D0017827
R0029997,D0034851
R0034607,D0040461
R0013486,D0015760
R0028779,D0033462
R0001714,D0001998
R0015074,D0017536
R0007938,D0009161
R0012348,D0014403
R0002064,D0002416
R0020879,D0024302
R0002256,D0002640
R0011897,D0013864
R0014743,D0017160
R0025279,D0029366
R0008743,D0010126
R0034011,D0039699
R0002756,D0003218
R0032588,D0037925
R0005490,D0006361
R0038529,D0045126
R0029531,D0034328
R0014524,D0016915
R0035542,D0041566
R0008098,D0009352
R0014964,D0017409
R0013005,D0015193
R0028314,D0032917
R0032374,D0037648
R0022172,D0025773
R0027378,D0031817
R0025601,D0029733
R0025588,D0029719
R0012537,D0014637
R0010433,D0012143
R0022102,D0025697
R0027227,D0031647
R0011621,D0013544
R0003416,D0003973
R0024385,D0028312
R0000247,D0000295
R0039016,D0045686
R0017466,D0020305
R0007191,D0008296
R0018987,D0022070
R0019217,D0022342
R0027921,D0032454
R0017156,D0019947
R0023007,D0026708
R0035788,D0041877
R0030504,D0035422
R0028599,D0033254
R0004565,D0005297
R0003069,D0003580
R0012687,D0014825
R0011377,D0013268
R0006345,D0007330
R0038181,D0044726
R0012428,D0014512
R0016938,D0019700
R0034931,D0040847
R0018249,D0021202
R0021783,D0025328
R0028472,D0033104
R0016085,D0018702
R0022932,D0026626
R0020554,D0023907
R0035333,D0041301
R0030197,D0035072
R0001323,D0001552
R0030578,D0035509
R0020297,D0023615
R0022335,D0025961
R0033414,D0038917
R0035511,D0041524
R0016213,D0018856
R0023435,D0027200
R0026433,D0030700
R0034645,D0040509
R0029080,D0033818
R0019994,D0023247
R0038672,D0045287
R0007976,D0009205
R0005753,D0006671
R0035389,D0041374
R0018013,D0020924
R0033551,D0039071
R0038321,D0044883
R0006181,D0007145
R0026663,D0030983
R0027907,D0032439
R0026000,D0030202
R0022783,D0026464
R0027434,D0031883
R0032336,D0037595
R0028655,D0033324
R0010256,D0011932
R0017410,D0020244
R0005053,D0005851
R0038813,D0045455
R0026008,D0030211
R0016209,D0018851
R0008281,D0009577
R0026517,D0030807
R0028869,D0033566
R0028469,D0033101
R0028251,D0032842
R0003143,D0003668
R0035153,D0041097
R0030367,D0035264
R0037229,D0043639
R0037386,D0043813
R0017405,D0020238
R0016251,D0018900
R0007589,D0008751
R0029778,D0034610
R0007798,D0008994
R0007732,D0008920
R0008581,D0009932
R0026141,D0030370
R0010441,D0012154
R0009984,D0011602
R0027202,D0031620
R0004592,D0005329
R0030494,D0035410
R0010767,D0012539
R0030943,D0035921
R0014404,D0016781
R0003671,D0004264
R0016384,D0019058
R0018687,D0021717
R0018464,D0021462
R0003233,D0003771
R0033237,D0038712
R0037727,D0044197
R0012451,D0014542
R0038374,D0044951
R0038221,D0044772
R0018449,D0021446
R0015238,D0017716
R0000792,D0000942
R0001230,D0001446
R0017120,D0019907
R0013607,D0015899
R0035691,D0041752
R0020641,D0024015
R0021865,D0025416
R0024997,D0029029
R0000570,D0000675
R0026586,D0030893
R0027458,D0031908
R0032115,D0037313
R0005082,D0005883
R0009989,D0011608
R0008346,D0009651
R0022367,D0025997
R0032121,D0037319
R0008120,D0009377
R0036755,D0043091
R0031985,D0037148
R0003380,D0003935
R0020864,D0024285
R0014314,D0016683
R0023543,D0027332
R0023576,D0027368
R0013406,D0015666
R0036207,D0042443
R0021692,D0025230
R0018519,D0021525
R0002821,D0003295
R0018786,D0021832
R0002996,D0003498
R0020304,D0023623
R0025173,D0029240
R0014010,D0016335
R0017696,D0020572
R0006351,D0007337
R0022193,D0025796
R0001978,D0002308
R0017222,D0020024
R0027434,D0031882
R0017672,D0020542
R0032576,D0037911
R0002934,D0003428
R0029121,D0033865
R0015640,D0018179
R0000358,D0000426
R0032245,D0037483
R0014113,D0016456
R0029180,D0033933
R0018933,D0022000
R0017997,D0020907
R0021769,D0025313
R0039110,D0045790
R0011791,D0013733
R0021605,D0025135
R0029441,D0034226
R0029052,D0033785
R0020213,D0023513
R0033874,D0039530
R0032595,D0037934
R0023992,D0027851
R0003724,D0004326
R0001810,D0002114
R0034491,D0040311
R0017933,D0020836
R0004638,D0005382
R0012018,D0014009
R0009495,D0011025
R0025643,D0029777
R0005609,D0006502
R0022438,D0026082
R0015512,D0018026
R0023649,D0027449
R0005880,D0006811
R0008996,D0010423
R0035984,D0042155
R0009256,D0010747
R0002977,D0003476
R0033679,D0039248
R0023661,D0027463
R0001672,D0001950
R0002338,D0002737
R0001975,D0002303
R0023836,D0027663
R0005264,D0006091
R0004131,D0004792
R0007574,D0008735
R0004179,D0004845
R0030905,D0035879
R0013272,D0015509
R0024774,D0028777
R0013174,D0015396
R0035786,D0041875
R0015508,D0018022
R0020184,D0023478
R0034056,D0039753
R0010079,D0011717
R0028010,D0032552
R0013904,D0016219
R0008911,D0010326
R0010111,D0011759
R0009983,D0011601
R0027326,D0031758
R0037565,D0044015
R0017214,D0020015
R0002487,D0002905
R0011481,D0013388
R0022875,D0026563
R0000425,D0000500
R0025757,D0029901
R0024401,D0028334
R0028569,D0033222
R0011242,D0013109
R0039080,D0045756
R0035210,D0041162
R0038664,D0045279
R0005148,D0005961
R0030140,D0035011
R0020583,D0023942
R0001630,D0001907
R0007296,D0008417
R0026384,D0030650
R0007293,D0008412
R0035030,D0040959
R0001882,D0002196
R0016779,D0019520
R0012595,D0014710
R0011990,D0013976
R0024858,D0028875
R0007934,D0009157
R0021552,D0025076
R0034448,D0040247
R0004214,D0004884
R0003228,D0003766
R0004482,D0005200
R0038900,D0045553
R0006536,D0007548
R0024870,D0028887
R0017608,D0020470
R0000339,D0000404
R0005417,D0006270
R0014935,D0017377
R0028447,D0033074
R0029708,D0034534
R0037185,D0043591
R0029054,D0033787
R0000834,D0000991
R0030216,D0035095
R0006490,D0007496
R0030153,D0035024
R0022855,D0026543
R0020931,D0024360
R0024834,D0028844
R0032801,D0038199
R0030408,D0035306
R0008114,D0009371
R0018569,D0021577
R0012143,D0014153
R0001799,D0002103
R0015776,D0018337
R0004636,D0005380
R0000636,D0000748
R0036249,D0042498
R0008817,D0010217
R0031136,D0036137
R0002906,D0003395
R0027403,D0031846
R0019816,D0023030
R0015945,D0018539
R0001890,D0002204
R0019940,D0023179
R0012261,D0014294
R0006049,D0007003
R0028361,D0032973
R0004602,D0005341
R0012104,D0014110
R0005240,D0006064
R0017457,D0020294
R0025575,D0029705
R0012311,D0014358
R0034460,D0040264
R0004091,D0004747
R0033286,D0038772
R0000700,D0000826
R0016009,D0018616
R0019467,D0022629
R0022923,D0026616
R0029653,D0034472
R0022520,D0026173
R0003317,D0003865
R0005502,D0006373
R0016571,D0019269
R0032389,D0037669
R0020579,D0023936
R0030938,D0035916
R0031890,D0037016
R0009253,D0010744
R0022684,D0026350
R0022961,D0026658
R0012033,D0014025
R0021182,D0024642
R0020258,D0023570
R0022562,D0026218
R0016623,D0019329
R0038078,D0044608
R0004299,D0004984
R0022954,D0026649
R0038548,D0045148
R0021821,D0025370
R0030457,D0035362
R0006441,D0007440
R0033681,D0039254
R0003752,D0004357
R0005798,D0006720
R0033990,D0039676
R0007149,D0008250
R0026599,D0030908
R0003812,D0004421
R0020907,D0024332
R0011352,D0013238
R0020691,D0024079
R0017943,D0020849
R0007094,D0008180
R0009636,D0011196
R0026048,D0030255
R0033741,D0039343
R0037389,D0043816
R0037078,D0043469
R0029240,D0034000
R0028168,D0032744
R0008721,D0010101
R0022557,D0026213
R0004230,D0004903
R0003465,D0004028
R0025040,D0029081
R0012320,D0014370
R0036104,D0042313
R0019512,D0022682
R0008761,D0010152
R0034318,D0040085
R0002889,D0003374
R0036575,D0042890
R0006988,D0008055
R0021972,D0025545
R0005334,D0006172
R0038171,D0044716
R0010087,D0011727
R0033853,D0039499
R0008684,D0010056
R0008006,D0009241
R0004986,D0005771
R0034828,D0040725
R0011790,D0013732
R0033636,D0039184
R0025727,D0029870
R0025239,D0029317
R0022665,D0026328
R0011848,D0013793
R0020287,D0023604
R0005121,D0005931
R0037146,D0043544
R0025812,D0029973
R0009986,D0011605
R0010773,D0012547
R0014761,D0017178
R0001798,D0002102
R0008694,D0010067
R0006033,D0006983
R0024042,D0027910
R0003147,D0003674
R0017744,D0020623
R0031655,D0036730
R0029911,D0034755
R0034361,D0040139
R0020421,D0023750
R0020563,D0023916
R0011330,D0013213
R0001205,D0001417
R0013484,D0015758
R0023524,D0027309
R0010557,D0012285
R0014814,D0017240
R0005043,D0005839
R0007839,D0009040
R0012461,D0014553
R0024610,D0028591
R0017137,D0019927
R0030314,D0035204
R0010787,D0012568
R0024166,D0028053
R0026170,D0030405
R0034135,D0039861
R0000876,D0001036
R0009390,D0010903
R0000130,D0000159
R0032197,D0037416
R0028240,D0032826
R0017218,D0020019
R0034116,D0039833
R0003939,D0004565
R0032354,D0037617
R0032231,D0037457
R0003900,D0004522
R0020639,D0024013
R0029304,D0034076
R0021391,D0024889
R0035526,D0041545
R0038689,D0045306
R0024135,D0028017
R0006779,D0007822
R0001412,D0001649
R0016186,D0018825
R0012822,D0014982
R0023383,D0027139
R0022001,D0025577
R0023192,D0026924
R0005220,D0006040
R0017513,D0020362
R0014320,D0016690
R0011509,D0013420
R0006684,D0007711
R0006493,D0007499
R0019125,D0022230
R0002068,D0002420
R0035178,D0041127
R0018638,D0021659
R0007150,D0008251
R0025998,D0030200
R0027828,D0032347
R0024988,D0029018
R0013118,D0015328
R0010008,D0011631
R0003672,D0004265
R0025215,D0029289
R0029754,D0034582
R0008315,D0009615
R0004605,D0005346
R0029771,D0034602
R0019864,D0023087
R0007631,D0008799
R0023989,D0027848
R0004293,D0004978
R0022534,D0026188
R0039222,D0045918
R0015012,D0017463
R0034677,D0040548
R0021449,D0024957
R0034017,D0039705
R0020495,D0023838
R0031164,D0036170
R0027031,D0031425
R0019453,D0022613
R0008300,D0009597
R0020148,D0023430
R0035513,D0041526
R0013579,D0015867
R0027827,D0032346
R0031860,D0036978
R0010717,D0012477
R0028112,D0032677
R0029932,D0034780
R0000518,D0000610
R0000376,D0000446
R0009352,D0010859
R0003960,D0004590
R0033845,D0039489
R0009130,D0010595
R0034210,D0039955
R0000319,D0000382
R0005799,D0006721
R0026327,D0030585
R0014992,D0017439
R0010145,D0011798
R0032134,D0037333
R0034735,D0040618
R0036961,D0043337
R0032208,D0037432
R0036704,D0043036
R0002760,D0003224
R0011943,D0013922
R0036539,D0042840
R0035192,D0041143
R0025251,D0029329
R0003429,D0003988
R0008993,D0010420
R0004899,D0005679
R0012193,D0014216
R0035160,D0041107
R0032260,D0037502
R0014845,D0017276
R0029802,D0034635
R0003224,D0003761
R0004322,D0005009
R0024124,D0028005
R0020038,D0023303
R0030894,D0035868
R0034706,D0040583
R0020324,D0023644
R0014873,D0017307
R0020918,D0024346
R0013667,D0015965
R0033790,D0039411
R0019072,D0022171
R0025975,D0030173
R0027206,D0031625
R0006219,D0007189
R0035775,D0041862
R0026376,D0030640
R0009098,D0010550
R0025339,D0029435
R0037367,D0043790
R0010617,D0012358
R0036910,D0043281
R0015586,D0018114
R0003568,D0004144
R0010208,D0011872
R0020029,D0023289
R0037648,D0044110
R0035208,D0041160
R0022467,D0026114
R0039285,D0045992
R0033139,D0038595
R0020837,D0024254
R0029707,D0034533
R0009756,D0011334
R0036430,D0042718
R0028866,D0033562
R0022462,D0026109
R0032476,D0037780
R0002018,D0002358
R0033837,D0039474
R0038657,D0045272
R0010430,D0012140
R0006071,D0007027
R0010745,D0012511
R0004077,D0004731
R0019633,D0022822
R0032775,D0038161
R0003571,D0004147
R0033956,D0039634
R0000883,D0001046
R0000567,D0000672
R0007513,D0008659
R0003837,D0004448
R0036705,D0043037
R0017823,D0020715
R0014186,D0016537
R0034681,D0040552
R0006295,D0007277
R0014914,D0017352
R0006141,D0007101
R0035970,D0042135
R0008256,D0009544
R0005878,D0006809
R0003463,D0004026
R0008492,D0009834
R0030465,D0035372
R0021521,D0025038
R0019898,D0023124
R0023052,D0026759
R0018029,D0020946
R0024923,D0028947
R0013463,D0015734
R0027793,D0032300
R0030455,D0035360
R0027072,D0031471
R0015838,D0018407
R0018837,D0021888
R0018832,D0021883
R0001341,D0001571
R0023575,D0027367
R0007489,D0008632
R0026233,D0030478
R0032148,D0037353
R0002042,D0002386
R0033228,D0038700
R0037358,D0043781
R0005336,D0006174
R0010274,D0011956
R0022858,D0026546
R0028934,D0033644
R0025816,D0029978
R0005855,D0006785
R0028340,D0032950
R0005672,D0006574
R0012379,D0014441
R0018191,D0021139
R0020333,D0023653
R0029512,D0034308
R0027836,D0032355
R0034660,D0040526
R0007447,D0008584
R0031910,D0037045
R0013037,D0015228
R0010923,D0012728
R0007349,D0008472
R0004385,D0005081
R0023025,D0026731
R0001776,D0002074
R0005548,D0006429
R0002342,D0002742
R0000789,D0000939
R0001094,D0001292
R0011259,D0013130
R0009129,D0010593
R0009507,D0011041
R0012396,D0014462
R0006914,D0007976
R0002866,D0003347
R0009278,D0010774
R0015998,D0018601
R0034624,D0040482
R0031877,D0037000
R0023850,D0027678
R0026183,D0030419
R0026167,D0030402
R0017584,D0020442
R0014121,D0016465
R0005246,D0006071
R0020044,D0023311
R0036480,D0042773
R0030806,D0035768
R0030540,D0035464
R0008393,D0009710
R0025884,D0030056
R0007235,D0008344
R0025200,D0029273
R0008290,D0009587
R0006196,D0007163
R0007969,D0009196
R0004354,D0005045
R0020941,D0024371
R0002650,D0003095
R0004541,D0005266
R0019269,D0022408
R0010548,D0012275
R0016318,D0018977
R0031899,D0037029
R0023313,D0027059
R0018695,D0021729
R0000280,D0000336
R0028029,D0032574
R0037135,D0043532
R0007070,D0008152
R0013027,D0015216
R0010343,D0012038
R0016036,D0018649
R0017873,D0020769
R0012438,D0014523
R0035132,D0041074
R0005375,D0006221
R0030863,D0035835
R0026040,D0030246
R0012412,D0014485
R0026873,D0031237
R0037538,D0043985
R0033018,D0038460
R0022086,D0025675
R0024982,D0029011
R0007925,D0009146
R0016271,D0018925
R0026210,D0030453
R0037350,D0043771
R0023510,D0027294
R0036607,D0042926
R0036321,D0042586
R0029195,D0033950
R0033567,D0039088
R0013914,D0016230
R0035336,D0041305
R0024464,D0028413
R0031825,D0036936
R0021968,D0025540
R0031336,D0036369
R0036062,D0042261
R0038208,D0044758
R0014434,D0016815
R0030290,D0035179
R0001071,D0001265
R0013178,D0015400
R0018248,D0021201
R0032429,D0037717
R0038515,D0045109
R0008348,D0009653
R0010573,D0012306
R0008121,D0009379
R0024843,D0028856
R0030085,D0034950
R0016768,D0019508
R0011461,D0013365
R0014331,D0016701
R0003599,D0004182
R0038162,D0044705
R0039142,D0045826
R0026031,D0030235
R0007182,D0008287
R0017867,D0020762
R0038785,D0045420
R0026489,D0030771
R0013147,D0015362
R0028002,D0032543
R0031781,D0036883
R0012842,D0015008
R0031229,D0036242
R0023665,D0027467
R0012755,D0014908
R0023950,D0027801
R0011868,D0013819
R0000333,D0000398
R0029236,D0033996
R0022917,D0026610
R0011923,D0013896
R0038406,D0044989
R0036387,D0042659
R0013354,D0015606
R0022504,D0026156
R0020747,D0024146
R0007750,D0008939
R0034052,D0039746
R0015264,D0017745
R0022268,D0025887
R0037339,D0043760
R0010715,D0012475
R0000971,D0001148
R0012294,D0014335
R0031449,D0036501
R0030228,D0035108
R0033370,D0038867
R0029946,D0034796
R0010094,D0011739
R0010379,D0012082
R0013723,D0016027
R0032783,D0038173
R0026973,D0031359
R0035414,D0041402
R0037767,D0044246
R0033407,D0038910
R0014372,D0016745
R0002601,D0003039
R0009196,D0010673
R0025770,D0029919
R0007978,D0009207
R0007091,D0008175
R0033680,D0039251
R0024958,D0028987
R0022825,D0026513
R0017115,D0019899
R0004769,D0005532
R0015172,D0017644
R0009916,D0011523
R0027076,D0031475
R0021135,D0024586
R0033063,D0038510
R0004587,D0005321
R0039055,D0045728
R0035856,D0041979
R0037065,D0043455
R0020632,D0024006
R0035777,D0041864
R0034546,D0040384
R0039226,D0045922
R0031950,D0037104
R0014601,D0017000
R0037669,D0044131
R0027967,D0032504
R0013396,D0015653
R0016474,D0019156
R0020613,D0023981
R0006489,D0007495
R0027806,D0032313
R0022198,D0025801
R0023221,D0026954
R0030526,D0035447
R0015739,D0018293
R0028364,D0032979
R0007145,D0008243
R0022797,D0026481
R0026720,D0031054
R0008126,D0009385
R0034443,D0040240
R0037143,D0043541
R0029860,D0034699
R0014947,D0017391
R0010733,D0012497
R0014279,D0016647
R0014500,D0016890
R0037543,D0043990
R0013044,D0015235
R0019366,D0022518
R0021162,D0024620
R0018593,D0021604
R0029214,D0033974
R0023700,D0027510
R0000562,D0000666
R0028199,D0032781
R0017968,D0020877
R0003745,D0004348
R0018750,D0021792
R0026492,D0030774
R0004997,D0005783
R0002815,D0003288
R0003044,D0003555
R0012118,D0014124
R0035837,D0041951
R0038748,D0045378
R0029672,D0034493
R0002854,D0003333
R0028647,D0033314
R0027291,D0031718
R0004463,D0005177
R0032331,D0037590
R0001014,D0001198
R0028542,D0033191
R0011860,D0013807
R0019408,D0022563
R0002520,D0002947
R0033357,D0038852
R0024028,D0027893
R0036215,D0042454
R0003424,D0003982
R0002758,D0003220
R0014493,D0016880
R0007539,D0008690
R0002801,D0003270
R0025067,D0029111
R0034986,D0040908
R0003810,D0004419
R0025535,D0029659
R0028927,D0033636
R0023022,D0026728
R0013283,D0015521
R0022012,D0025588
R0030715,D0035662
R0027703,D0032191
R0022093,D0025686
R0008294,D0009591
R0023605,D0027397
R0022099,D0025693
R0012729,D0014874
R0018246,D0021199
R0038795,D0045432
R0012787,D0014945
R0021172,D0024631
R0009900,D0011502
R0002970,D0003468
R0023031,D0026737
R0038360,D0044933
R0011576,D0013493
R0005730,D0006644
R0034149,D0039879
R0013382,D0015637
R0007008,D0008081
R0024026,D0027891
R0027902,D0032434
R0038818,D0045460
R0004251,D0004926
R0025856,D0030024
R0014763,D0017180
R0032859,D0038268
R0003357,D0003907
R0031893,D0037020
R0030665,D0035606
R0037943,D0044448
R0031141,D0036143
R0004680,D0005427
R0030028,D0034884
R0002731,D0003191
R0019377,D0022531
R0028926,D0033635
R0031810,D0036920
R0014646,D0017047
R0035529,D0041548
R0015767,D0018328
R0000103,D0000126
R0036225,D0042469
R0032821,D0038222
R0003097,D0003614
R0015326,D0017813
R0036627,D0042950
R0007456,D0008594
R0037311,D0043730
R0034640,D0040503
R0024048,D0027917
R0029200,D0033956
R0038965,D0045625
R0027670,D0032154
R0011048,D0012879
R0023734,D0027551
R0004247,D0004922
R0010804,D0012586
R0016208,D0018850
R0020840,D0024257
R0015114,D0017580
R0025135,D0029195
R0002691,D0003147
R0021119,D0024568
R0021931,D0025502
R0036839,D0043202
R0024607,D0028588
R0017989,D0020898
R0022622,D0026284
R0004136,D0004797
R0008863,D0010273
R0011947,D0013926
R0033821,D0039454
R0018696,D0021731
R0031437,D0036488
R0013774,D0016083
R0026356,D0030618
R0029735,D0034563
R0039176,D0045865
R0027306,D0031734
R0035330,D0041298
R0009538,D0011081
R0013687,D0015988
R0026735,D0031072
R0022246,D0025862
R0007025,D0008102
R0037687,D0044152
R0013884,D0016198
R0014341,D0016712
R0030748,D0035702
R0009966,D0011584
R0038029,D0044549
R0031242,D0036258
R0011518,D0013431
R0023943,D0027791
R0017065,D0019843
R0020513,D0023859
R0022445,D0026089
R0035540,D0041564
R0038528,D0045124
R0035974,D0042141
R0001925,D0002245
R0006806,D0007853
R0030999,D0035982
R0008768,D0010159
R0020524,D0023873
R0030861,D0035833
R0032310,D0037564
R0032534,D0037861
R0027098,D0031502
R0020356,D0023680
R0012919,D0015093
R0031550,D0036615
R0024380,D0028307
R0015325,D0017812
R0015214,D0017690
R0010513,D0012236
R0032383,D0037661
R0033059,D0038506
R0031730,D0036813
R0017789,D0020674
R0028880,D0033580
R0035375,D0041354
R0035142,D0041084
R0016963,D0019729
R0008106,D0009363
R0024222,D0028124
R0036670,D0043002
R0022586,D0026245
R0000409,D0000483
R0009608,D0011164
R0021480,D0024990
R0037779,D0044259
R0009676,D0011243
R0021266,D0024740
R0015554,D0018073
R0028105,D0032667
R0017050,D0019824
R0035727,D0041806
R0007543,D0008695
R0036623,D0042945
R0015295,D0017779
R0025845,D0030012
R0038603,D0045210
R0008176,D0009446
R0018749,D0021791
R0026756,D0031095
R0030061,D0034921
R0028681,D0033352
R0024361,D0028285
R0006605,D0007623
R0016697,D0019421
R0030868,D0035840
R0006877,D0007932
R0021807,D0025355
R0027650,D0032131
R0002299,D0002692
R0037761,D0044238
R0009692,D0011261
R0027803,D0032310
R0015011,D0017461
R0002325,D0002721
R0028683,D0033354
R0016664,D0019379
R0018596,D0021607
R0017080,D0019859
R0036115,D0042327
R0013411,D0015673
R0009038,D0010476
R0024935,D0028960
R0037866,D0044357
R0034053,D0039749
R0021792,D0025339
R0008672,D0010043
R0028258,D0032850
R0017501,D0020348
R0036431,D0042719
R0023230,D0026963
R0026091,D0030310
R0011440,D0013343
R0032841,D0038249
R0020817,D0024231
R0033711,D0039296
R0032268,D0037511
R0036931,D0043302
R0031355,D0036394
R0016942,D0019704
R0013742,D0016046
R0004883,D0005662
R0035785,D0041874
R0023057,D0026764
R0011237,D0013104
R0035850,D0041967
R0011843,D0013788
R0021793,D0025340
R0010207,D0011871
R0015310,D0017797
R0013367,D0015619
R0005732,D0006646
R0014512,D0016902
R0020573,D0023930
R0005469,D0006336
R0034071,D0039769
R0011409,D0013308
R0037388,D0043815
R0030027,D0034883
R0026688,D0031011
R0022662,D0026324
R0027919,D0032452
R0034907,D0040820
R0032191,D0037406
R0003471,D0004035
R0007893,D0009106
R0031461,D0036513
R0028972,D0033688
R0023441,D0027206
R0033627,D0039170
R0036415,D0042696
R0026593,D0030900
R0034520,D0040351
R0011654,D0013583
R0023561,D0027352
R0003440,D0004000
R0028976,D0033692
R0034905,D0040818
R0034064,D0039761
R0026656,D0030975
R0037351,D0043772
R0037567,D0044017
R0027311,D0031740
R0033670,D0039233
R0029979,D0034830
R0031464,D0036518
R0014285,D0016653
R0008344,D0009649
R0015138,D0017609
R0023799,D0027623
R0033225,D0038695
R0029186,D0033939
R0032658,D0038019
R0019810,D0023021
R0025547,D0029673
R0018681,D0021710
R0019424,D0022579
R0006971,D0008038
R0005534,D0006410
R0033374,D0038871
R0019862,D0023083
R0009100,D0010555
R0032325,D0037584
R0029071,D0033808
R0034823,D0040719
R0008537,D0009884
R0014882,D0017316
R0019860,D0023081
R0031978,D0037141
R0029824,D0034659
R0027422,D0031868
R0034759,D0040648
R0018552,D0021559
R0021048,D0024491
R0025995,D0030197
R0026092,D0030311
R0026997,D0031387
R0033924,D0039593
R0015565,D0018089
R0027007,D0031399
R0004039,D0004689
R0009415,D0010930
R0000618,D0000729
R0035379,D0041359
R0031822,D0036933
R0033780,D0039396
R0003021,D0003526
R0036869,D0043236
R0024791,D0028796
R0024011,D0027875
R0034977,D0040899
R0025101,D0029154
R0010448,D0012162
R0003967,D0004602
R0034857,D0040764
R0016475,D0019157
R0025573,D0029703
R0004573,D0005305
R0011123,D0012974
R0018298,D0021266
R0008254,D0009542
R0008627,D0009992
R0018769,D0021811
R0008464,D0009799
R0018300,D0021268
R0019895,D0023121
R0024183,D0028074
R0029038,D0033768
R0013465,D0015736
R0005157,D0005970
R0012436,D0014520
R0014481,D0016868
R0011568,D0013485
R0033656,D0039213
R0005673,D0006575
R0019401,D0022556
R0026646,D0030964
R0001267,D0001490
R0017556,D0020411
R0005697,D0006603
R0032164,D0037375
R0026449,D0030720
R0003229,D0003767
R0038648,D0045261
R0001749,D0002039
R0036634,D0042961
R0004737,D0005491
R0010783,D0012561
R0024245,D0028151
R0009969,D0011587
R0024661,D0028648
R0018615,D0021630
R0024004,D0027868
R0000267,D0000320
R0000324,D0000388
R0032392,D0037672
R0000755,D0000895
R0005925,D0006862
R0000633,D0000745
R0021629,D0025159
R0014738,D0017155
R0014671,D0017075
R0033863,D0039510
R0025357,D0029458
R0022958,D0026655
R0035659,D0041713
R0038213,D0044764
R0022121,D0025719
R0013166,D0015386
R0015033,D0017490
R0036302,D0042567
R0023234,D0026968
R0011874,D0013826
R0009141,D0010607
R0005464,D0006328
R0035306,D0041272
R0014230,D0016586
R0038581,D0045185
R0017859,D0020752
R0012365,D0014422
R0018740,D0021781
R0038675,D0045291
R0003525,D0004093
R0023205,D0026938
R0019086,D0022186
R0032697,D0038065
R0024324,D0028240
R0029467,D0034254
R0001249,D0001472
R0018500,D0021503
R0025138,D0029199
R0037868,D0044359
R0031475,D0036529
R0000590,D0000697
R0010335,D0012030
R0021005,D0024446
R0004615,D0005357
R0017712,D0020589
R0035137,D0041079
R0029939,D0034788
R0001993,D0002328
R0020616,D0023987
R0000274,D0000328
R0013187,D0015409
R0019104,D0022205
R0003417,D0003974
R0020646,D0024021
R0002296,D0002689
R0007859,D0009063
R0031402,D0036443
R0017243,D0020050
R0013703,D0016006
R0028213,D0032798
R0036678,D0043010
R0027980,D0032519
R0003910,D0004533
R0030885,D0035857
R0029116,D0033860
R0012560,D0014666
R0032388,D0037668
R0007459,D0008597
R0033749,D0039353
R0027849,D0032372
R0017103,D0019885
R0017092,D0019872
R0034572,D0040420
R0002759,D0003221
R0032201,D0037421
R0007865,D0009071
R0031467,D0036521
R0036688,D0043020
R0011216,D0013083
R0029174,D0033925
R0039279,D0045984
R0016535,D0019223
R0002980,D0003479
R0000783,D0000930
R0012374,D0014435
R0021682,D0025218
R0034257,D0040010
R0021646,D0025176
R0037163,D0043565
R0014431,D0016810
R0002769,D0003235
R0024218,D0028119
R0021326,D0024812
R0001483,D0001731
R0013161,D0015380
R0023860,D0027689
R0031763,D0036860
R0000730,D0000867
R0010520,D0012244
R0021397,D0024899
R0037144,D0043542
R0014197,D0016549
R0024164,D0028051
R0009679,D0011246
R0032985,D0038423
R0028382,D0032998
R0015837,D0018406
R0006890,D0007947
R0017936,D0020840
R0013046,D0015239
R0010253,D0011929
R0037956,D0044462
R0003179,D0003711
R0035557,D0041586
R0009354,D0010861
R0007941,D0009164
R0029167,D0033918
R0024481,D0028436
R0003609,D0004194
R0013812,D0016125
R0038743,D0045372
R0018666,D0021693
R0018745,D0021787
R0038118,D0044654
R0031566,D0036632
R0003575,D0004151
R0027489,D0031945
R0023080,D0026793
R0027674,D0032159
R0014243,D0016603
R0017803,D0020692
R0006156,D0007117
R0024005,D0027869
R0038422,D0045006
R0003462,D0004024
R0006222,D0007192
R0032080,D0037274
R0033901,D0039566
R0004978,D0005762
R0017236,D0020038
R0005401,D0006251
R0028459,D0033091
R0029842,D0034680
R0023539,D0027328
R0035361,D0041335
R0017590,D0020450
R0021183,D0024643
R0038801,D0045439
R0018041,D0020959
R0033644,D0039199
R0036733,D0043067
R0028130,D0032699
R0029405,D0034184
R0015290,D0017774
R0000775,D0000921
R0010338,D0012033
R0003944,D0004571
R0033630,D0039174
R0023726,D0027539
R0025505,D0029624
R0016841,D0019591
R0014867,D0017299
R0004168,D0004832
R0023361,D0027115
R0018833,D0021884
R0019993,D0023244
R0018659,D0021686
R0026909,D0031277
R0033720,D0039311
R0010658,D0012409
R0035620,D0041660
R0019854,D0023075
R0011360,D0013249
R0029606,D0034416
R0015342,D0017833
R0002004,D0002340
R0034486,D0040304
R0034895,D0040808
R0020870,D0024292
R0006247,D0007223
R0021027,D0024469
R0023384,D0027140
R0024140,D0028022
R0007867,D0009073
R0005645,D0006545
R0031086,D0036080
R0019917,D0023147
R0031064,D0036055
R0009135,D0010600
R0034130,D0039855
R0026173,D0030409
R0019440,D0022597
R0020670,D0024055
R0007817,D0009016
R0033016,D0038458
R0036190,D0042421
R0027049,D0031445
R0000359,D0000427
R0032701,D0038072
R0038111,D0044647
R0028580,D0033234
R0013221,D0015449
R0014746,D0017163
R0010603,D0012341
R0021264,D0024737
R0004250,D0004925
R0032498,D0037811
R0003787,D0004394
R0004577,D0005309
R0028065,D0032620
R0036886,D0043253
R0000565,D0000670
R0001056,D0001249
R0023594,D0027386
R0035768,D0041853
R0012564,D0014672
R0008018,D0009256
R0037326,D0043747
R0036284,D0042545
R0011456,D0013360
R0022017,D0025593
R0023232,D0026966
R0036499,D0042795
R0020330,D0023650
R0007449,D0008586
R0004408,D0005108
R0019824,D0023040
R0029157,D0033907
R0003678,D0004272
R0001207,D0001419
R0016395,D0019070
R0020289,D0023607
R0035994,D0042166
R0012921,D0015096
R0027092,D0031495
R0008586,D0009941
R0032140,D0037340
R0036383,D0042654
R0021721,D0025260
R0012229,D0014259
R0002091,D0002447
R0001514,D0001768
R0010888,D0012685
R0007258,D0008374
R0029970,D0034821
R0021168,D0024627
R0004441,D0005148
R0009431,D0010948
R0010796,D0012577
R0003741,D0004344
R0019226,D0022354
R0034099,D0039810
R0015323,D0017810
R0009229,D0010716
R0007752,D0008941
R0002862,D0003342
R0037631,D0044091
R0008989,D0010416
R0001016,D0001201
R0003090,D0003606
R0021814,D0025362
R0022019,D0025595
R0014222,D0016577
R0007239,D0008348
R0019734,D0022936
R0026383,D0030649
R0022081,D0025668
R0035541,D0041565
R0007033,D0008111
R0020488,D0023831
R0013822,D0016135
R0008836,D0010243
R0006213,D0007182
R0035027,D0040956
R0027050,D0031447
R0012581,D0014695
R0020191,D0023486
R0032400,D0037681
R0026804,D0031156
R0021212,D0024678
R0012776,D0014932
R0030986,D0035969
R0003898,D0004520
R0035444,D0041443
R0013779,D0016088
R0023350,D0027102
R0001227,D0001441
R0036984,D0043367
R0016220,D0018865
R0033062,D0038509
R0020606,D0023973
R0000217,D0000256
R0001304,D0001531
R0028585,D0033240
R0034919,D0040832
R0034069,D0039767
R0031649,D0036724
R0021836,D0025385
R0019330,D0022477
R0037497,D0043935
R0018994,D0022078
R0009115,D0010578
R0012975,D0015159
R0004201,D0004870
R0004549,D0005276
R0006090,D0007047
R0034438,D0040235
R0024212,D0028111
R0031762,D0036859
R0008309,D0009609
R0021677,D0025212
R0038285,D0044844
R0009343,D0010848
R0008430,D0009762
R0015589,D0018118
R0033685,D0039260
R0018274,D0021232
R0016427,D0019106
R0014772,D0017191
R0017348,D0020171
R0020000,D0023253
R0016934,D0019696
R0013838,D0016151
R0013646,D0015943
R0008111,D0009368
R0013338,D0015587
R0038179,D0044724
R0007563,D0008718
R0004339,D0005027
R0028806,D0033493
R0005969,D0006913
R0034142,D0039869
R0009839,D0011434
R0033195,D0038663
R0027134,D0031542
R0033135,D0038591
R0025947,D0030134
R0037345,D0043766
R0004490,D0005208
R0019794,D0023001
R0033833,D0039469
R0030417,D0035315
R0001179,D0001390
R0031243,D0036259
R0005904,D0006839
R0028853,D0033548
R0029981,D0034832
R0014885,D0017319
R0001784,D0002084
R0034179,D0039917
R0025427,D0029536
R0021444,D0024951
R0010258,D0011935
R0022568,D0026225
R0035185,D0041136
R0025879,D0030049
R0036028,D0042218
R0032217,D0037442
R0003726,D0004328
R0005621,D0006516
R0013281,D0015519
R0016354,D0019024
R0008450,D0009785
R0035613,D0041650
R0024445,D0028389
R0014725,D0017139
R0008591,D0009947
R0016083,D0018700
R0009032,D0010468
R0028089,D0032648
R0010820,D0012603
R0003510,D0004075
R0011043,D0012872
R0023733,D0027550
R0023760,D0027582
R0031157,D0036162
R0000152,D0000183
R0032334,D0037593
R0002151,D0002521
R0005138,D0005951
R0013228,D0015459
R0032665,D0038028
R0011609,D0013528
R0022706,D0026375
R0031319,D0036349
R0034398,D0040180
R0006403,D0007398
R0010948,D0012755
R0025914,D0030094
R0037220,D0043629
R0000197,D0000235
R0018982,D0022063
R0015106,D0017569
R0007481,D0008623
R0036880,D0043247
R0027540,D0032002
R0028159,D0032734
R0038999,D0045668
R0032930,D0038351
R0037938,D0044442
R0014825,D0017251
R0002874,D0003355
R0029345,D0034120
R0024922,D0028946
R0032664,D0038027
R0000365,D0000434
R0031571,D0036637
R0002742,D0003203
R0004466,D0005181
R0029998,D0034852
R0017787,D0020672
R0023113,D0026838
R0033425,D0038928
R0026929,D0031307
R0017658,D0020528
R0038799,D0045436
R0032357,D0037621
R0011314,D0013194
R0038633,D0045244
R0011589,D0013508
R0028701,D0033374
R0023686,D0027492
R0001120,D0001322
R0026258,D0030507
R0006252,D0007228
R0014184,D0016534
R0023190,D0026922
R0001348,D0001578
R0024003,D0027865
R0023363,D0027117
R0022542,D0026197
R0035031,D0040960
R0016974,D0019741
R0021560,D0025084
R0005140,D0005953
R0020354,D0023676
R0025348,D0029448
R0002118,D0002482
R0013962,D0016283
R0026010,D0030213
R0015089,D0017551
R0016953,D0019717
R0025425,D0029534
R0030646,D0035586
R0004454,D0005167
R0012320,D0014368
R0002084,D0002440
R0016628,D0019334
R0034264,D0040017
R0037445,D0043880
R0021676,D0025211
R0035579,D0041610
R0030994,D0035977
R0035979,D0042149
R0004873,D0005651
R0027353,D0031790
R0020386,D0023712
R0030593,D0035526
R0014391,D0016764
R0005927,D0006866
R0009086,D0010537
R0029952,D0034802
R0032062,D0037254
R0033168,D0038632
R0038295,D0044856
R0033081,D0038529
R0034953,D0040872
R0017105,D0019888
R0001971,D0002298
R0029951,D0034801
R0021068,D0024513
R0003847,D0004460
R0001995,D0002330
R0015994,D0018597
R0030714,D0035661
R0004041,D0004691
R0024530,D0028496
R0028142,D0032712
R0030107,D0034974
R0006305,D0007289
R0004119,D0004777
R0006280,D0007259
R0032838,D0038246
R0002944,D0003439
R0002346,D0002746
R0034196,D0039937
R0027192,D0031608
R0003096,D0003613
R0035972,D0042139
R0023587,D0027379
R0020578,D0023935
R0024344,D0028264
R0025473,D0029587
R0033999,D0039687
R0027019,D0031412
R0000342,D0000407
R0003897,D0004519
R0023609,D0027403
R0034274,D0040029
R0034496,D0040317
R0032050,D0037237
R0034278,D0040038
R0023741,D0027559
R0015933,D0018527
R0024090,D0027965
R0026201,D0030441
R0006273,D0007252
R0030141,D0035012
R0029176,D0033929
R0009726,D0011302
R0017358,D0020182
R0009853,D0011448
R0011413,D0013312
R0026564,D0030862
R0010651,D0012400
R0012715,D0014857
R0002031,D0002372
R0020428,D0023757
R0022278,D0025898
R0026963,D0031345
R0006448,D0007448
R0021000,D0024441
R0010652,D0012402
R0006791,D0007836
R0036243,D0042489
R0037798,D0044283
R0006856,D0007909
R0034112,D0039827
R0002901,D0003389
R0003773,D0004379
R0018645,D0021666
R0006151,D0007111
R0014592,D0016990
R0010896,D0012695
R0035325,D0041293
R0006822,D0007870
R0027362,D0031801
R0038889,D0045541
R0030349,D0035244
R0020374,D0023699
R0008730,D0010112
R0025402,D0029509
R0025365,D0029466
R0038028,D0044548
R0023267,D0027005
R0018810,D0021859
R0028525,D0033170
R0029459,D0034245
R0020664,D0024044
R0032993,D0038432
R0012623,D0014743
R0039072,D0045748
R0036787,D0043132
R0010750,D0012519
R0024540,D0028510
R0034723,D0040604
R0016937,D0019699
R0009007,D0010436
R0033308,D0038795
R0026216,D0030460
R0016710,D0019436
R0019765,D0022970
R0016755,D0019491
R0021947,D0025519
R0034628,D0040487
R0006552,D0007565
R0023668,D0027471
R0017561,D0020418
R0038910,D0045565
R0032189,D0037404
R0038119,D0044656
R0003699,D0004297
R0003904,D0004526
R0038165,D0044709
R0013929,D0016246
R0003128,D0003650
R0028293,D0032892
R0008319,D0009619
R0013527,D0015810
R0012621,D0014740
R0027783,D0032287
R0006650,D0007672
R0037750,D0044225
R0020481,D0023824
R0017234,D0020036
R0007626,D0008794
R0006327,D0007311
R0037194,D0043601
R0002585,D0003022
R0020796,D0024206
R0035823,D0041932
R0009542,D0011086
R0023054,D0026761
R0010944,D0012751
R0009730,D0011306
R0017816,D0020705
R0005641,D0006540
R0030443,D0035347
R0032931,D0038353
R0020567,D0023921
R0004396,D0005094
R0013312,D0015559
R0003375,D0003929
R0011543,D0013457
R0006281,D0007260
R0006355,D0007341
R0038984,D0045652
R0033775,D0039387
R0021662,D0025195
R0028506,D0033147
R0031400,D0036441
R0012951,D0015134
R0023159,D0026889
R0023590,D0027382
R0018580,D0021588
R0023964,D0027816
R0010557,D0012287
R0038115,D0044651
R0013862,D0016176
R0015063,D0017524
R0038896,D0045548
R0010525,D0012250
R0035158,D0041103
R0018210,D0021160
R0012020,D0014011
R0023519,D0027303
R0019277,D0022417
R0010384,D0012088
R0034809,D0040705
R0035543,D0041567
R0007588,D0008750
R0032464,D0037762
R0034797,D0040691
R0002780,D0003247
R0026690,D0031014
R0036643,D0042973
R0033864,D0039511
R0008398,D0009720
R0032094,D0037290
R0027589,D0032058
R0025618,D0029751
R0010216,D0011881
R0000195,D0000233
R0010081,D0011720
R0005810,D0006733
R0033162,D0038626
R0030710,D0035656
R0011015,D0012838
R0022101,D0025696
R0008221,D0009505
R0018770,D0021812
R0021251,D0024722
R0001577,D0001843
R0001029,D0001217
R0012034,D0014026
R0009215,D0010698
R0035376,D0041356
R0005579,D0006465
R0015487,D0017999
R0008079,D0009329
R0005423,D0006277
R0005292,D0006124
R0016275,D0018930
R0032715,D0038092
R0002890,D0003375
R0027900,D0032432
R0004117,D0004775
R0014647,D0017048
R0023489,D0027267
R0020608,D0023975
R0011011,D0012834
R0024234,D0028137
R0032376,D0037650
R0028641,D0033306
R0027415,D0031859
R0031219,D0036230
R0024761,D0028763
R0001358,D0001588
R0002603,D0003041
R0017247,D0020054
R0019133,D0022244
R0027660,D0032141
R0015276,D0017760
R0036595,D0042911
R0008928,D0010346
R0018061,D0020981
R0012140,D0014149
R0033266,D0038749
R0028929,D0033638
R0035696,D0041757
R0022460,D0026105
R0020630,D0024004
R0037126,D0043521
R0011053,D0012885
R0039231,D0045927
R0005251,D0006077
R0022608,D0026270
R0022518,D0026171
R0017606,D0020468
R0036898,D0043267
R0008510,D0009853
R0014433,D0016813
R0032707,D0038081
R0024436,D0028378
R0000675,D0000792
R0011115,D0012965
R0016257,D0018907
R0031715,D0036796
R0034481,D0040296
R0008759,D0010150
R0028508,D0033149
R0017897,D0020794
R0009377,D0010887
R0021257,D0024728
R0011331,D0013214
R0016386,D0019060
R0017309,D0020127
R0035177,D0041126
R0032250,D0037490
R0022277,D0025897
R0017244,D0020051
R0007244,D0008354
R0020327,D0023647
R0031875,D0036998
R0006996,D0008065
R0019713,D0022909
R0005650,D0006550
R0018155,D0021098
R0039100,D0045779
R0036369,D0042639
R0008896,D0010310
R0003524,D0004092
R0010650,D0012399
R0001653,D0001930
R0006744,D0007784
R0019040,D0022131
R0016754,D0019490
R0009996,D0011616
R0005604,D0006496
R0029401,D0034180
R0009113,D0010575
R0032418,D0037703
R0002216,D0002596
R0032222,D0037447
R0019089,D0022189
R0022541,D0026196
R0003252,D0003792
R0018152,D0021094
R0026917,D0031291
R0012601,D0014718
R0020744,D0024143
R0004246,D0004921
R0024556,D0028527
R0026482,D0030760
R0023732,D0027549
R0032313,D0037568
R0036870,D0043237
R0026694,D0031018
R0026925,D0031302
R0016061,D0018675
R0039128,D0045808
R0035478,D0041485
R0029789,D0034622
R0024627,D0028613
R0024943,D0028968
R0011907,D0013877
R0012255,D0014287
R0029346,D0034121
R0036742,D0043076
R0016008,D0018615
R0014136,D0016481
R0026084,D0030301
R0032627,D0037979
R0003942,D0004569
R0001438,D0001681
R0000028,D0000034
R0019339,D0022486
R0001382,D0001615
R0002052,D0002398
R0017974,D0020883
R0011288,D0013165
R0002029,D0002370
R0012012,D0014002
R0023222,D0026955
R0029859,D0034698
R0001523,D0001779
R0018702,D0021737
R0034989,D0040911
R0039006,D0045676
R0029012,D0033739
R0032781,D0038171
R0030326,D0035217
R0010540,D0012266
R0017638,D0020501
R0023835,D0027662
R0032279,D0037528
R0001174,D0001385
R0015714,D0018264
R0036734,D0043068
R0023755,D0027575
R0014139,D0016484
R0007328,D0008450
R0029081,D0033819
R0012195,D0014218
R0007271,D0008389
R0010878,D0012674
R0016296,D0018954
R0004522,D0005245
R0023956,D0027807
R0035065,D0040998
R0012130,D0014138
R0009198,D0010675
R0001533,D0001790
R0006270,D0007248
R0020662,D0024040
R0028968,D0033684
R0013533,D0015816
R0030937,D0035915
R0029145,D0033891
R0023188,D0026920
R0001524,D0001780
R0001588,D0001855
R0011892,D0013859
R0035383,D0041366
R0034964,D0040883
R0002309,D0002703
R0002479,D0002897
R0032977,D0038412
R0005387,D0006233
R0038977,D0045643
R0003159,D0003687
R0029726,D0034554
R0027097,D0031501
R0000641,D0000753
R0017492,D0020338
R0000957,D0001132
R0002968,D0003466
R0014337,D0016707
R0004190,D0004858
R0035710,D0041780
R0016737,D0019470
R0028202,D0032784
R0014987,D0017434
R0023720,D0027532
R0032447,D0037739
R0033931,D0039603
R0022559,D0026215
R0024293,D0028206
R0022829,D0026517
R0001422,D0001662
R0019304,D0022448
R0027550,D0032012
R0022228,D0025842
R0026930,D0031308
R0033272,D0038755
R0015959,D0018553
R0007809,D0009007
R0009232,D0010719
R0027058,D0031456
R0019757,D0022960
R0032053,D0037240
R0029731,D0034559
R0010289,D0011973
R0006581,D0007597
R0003360,D0003910
R0038826,D0045468
R0036568,D0042882
R0018321,D0021294
R0002782,D0003249
R0005530,D0006405
R0014747,D0017164
R0034277,D0040037
R0004996,D0005781
R0022240,D0025855
R0021125,D0024575
R0033925,D0039595
R0016437,D0019116
R0035216,D0041168
R0016321,D0018981
R0022525,D0026178
R0018197,D0021147
R0027124,D0031530
R0015703,D0018251
R0009697,D0011269
R0025148,D0029209
R0027076,D0031476
R0007911,D0009128
R0034060,D0039757
R0017258,D0020065
R0018627,D0021644
R0008781,D0010172
R0013652,D0015950
R0015592,D0018121
R0011734,D0013671
R0023851,D0027679
R0011381,D0013272
R0010245,D0011920
R0033452,D0038962
R0008456,D0009791
R0021661,D0025194
R0022879,D0026567
R0021199,D0024661
R0004180,D0004846
R0031363,D0036402
R0022174,D0025776
R0021153,D0024609
R0006425,D0007421
R0036205,D0042440
R0001656,D0001933
R0014844,D0017274
R0000067,D0000082
R0029044,D0033775
R0007868,D0009074
R0012036,D0014028
R0006361,D0007348
R0007637,D0008809
R0021358,D0024848
R0012308,D0014353
R0031328,D0036361
R0022551,D0026207
R0001604,D0001877
R0008110,D0009367
R0002337,D0002735
R0026452,D0030725
R0022940,D0026635
R0012419,D0014492
R0014907,D0017345
R0025004,D0029036
R0038849,D0045495
R0007577,D0008738
R0018576,D0021584
R0005109,D0005917
R0028861,D0033557
R0007501,D0008646
R0027096,D0031500
R0024263,D0028173
R0008198,D0009478
R0008438,D0009772
R0002960,D0003456
R0033872,D0039528
R0022628,D0026290
R0015979,D0018579
R0014572,D0016969
R0035401,D0041387
R0029940,D0034790
R0033832,D0039467
R0008490,D0009829
R0000619,D0000730
R0008031,D0009269
R0001386,D0001619
R0034548,D0040387
R0017158,D0019950
R0029702,D0034527
R0032428,D0037716
R0008073,D0009323
R0024529,D0028495
R0035014,D0040943
R0034444,D0040241
R0013059,D0015257
R0025560,D0029690
R0017531,D0020381
R0000754,D0000894
R0005277,D0006106
R0025315,D0029410
R0010395,D0012103
R0006466,D0007471
R0023558,D0027348
R0031538,D0036602
R0038024,D0044540
R0023072,D0026785
R0010695,D0012451
R0029276,D0034040
R0010150,D0011803
R0015420,D0017922
R0032935,D0038359
R0033663,D0039221
R0033255,D0038736
R0033238,D0038714
R0024191,D0028085
R0025958,D0030151
R0033372,D0038869
R0034583,D0040434
R0009991,D0011611
R0031705,D0036785
R0028095,D0032654
R0009359,D0010868
R0032902,D0038316
R0024641,D0028627
R0030391,D0035288
R0018126,D0021059
R0015392,D0017891
R0013946,D0016264
R0026416,D0030682
R0005016,D0005802
R0002062,D0002413
R0003401,D0003957
R0020390,D0023716
R0029674,D0034495
R0032660,D0038022
R0003412,D0003968
R0028501,D0033142
R0032147,D0037350
R0015614,D0018149
R0017479,D0020320
R0034465,D0040270
R0004256,D0004934
R0012878,D0015049
R0018180,D0021124
R0011154,D0013015
R0033131,D0038586
R0000799,D0000952
R0003265,D0003808
R0007947,D0009171
R0007445,D0008581
R0026536,D0030830
R0003346,D0003896
R0006637,D0007659
R0027848,D0032371
R0001089,D0001287
R0034567,D0040412
R0011141,D0012999
R0036099,D0042307
R0017573,D0020430
R0030539,D0035463
R0022431,D0026075
R0021330,D0024818
R0000623,D0000735
R0030544,D0035469
R0033308,D0038794
R0012923,D0015098
R0016814,D0019559
R0025125,D0029182
R0011973,D0013955
R0021451,D0024959
R0017281,D0020095
R0028811,D0033499
R0009948,D0011562
R0024246,D0028152
R0029498,D0034292
R0024812,D0028820
R0035907,D0042043
R0019297,D0022440
R0009458,D0010982
R0029563,D0034365
R0028917,D0033624
R0027601,D0032072
R0035068,D0041001
R0011010,D0012833
R0015929,D0018523
R0036680,D0043012
R0037072,D0043462
R0019231,D0022361
R0028267,D0032859
R0025465,D0029578
R0035916,D0042061
R0015053,D0017513
R0030478,D0035389
R0032339,D0037600
R0000955,D0001130
R0032811,D0038212
R0009186,D0010660
R0033921,D0039590
R0004352,D0005043
R0013959,D0016278
R0023491,D0027269
R0005658,D0006558
R0020875,D0024297
R0008003,D0009237
R0004603,D0005344
R0024773,D0028776
R0035757,D0041840
R0029278,D0034042
R0031969,D0037128
R0012931,D0015109
R0016250,D0018899
R0012153,D0014165
R0005965,D0006909
R0009978,D0011596
R0025366,D0029467
R0031594,D0036665
R0020100,D0023375
R0037650,D0044112
R0020494,D0023837
R0007206,D0008313
R0032460,D0037757
R0006505,D0007513
R0029875,D0034716
R0022395,D0026031
R0030116,D0034983
R0014021,D0016347
R0006858,D0007911
R0024504,D0028468
R0028211,D0032796
R0000572,D0000677
R0024968,D0028997
R0028610,D0033270
R0015016,D0017467
R0010906,D0012708
R0013893,D0016208
R0019211,D0022335
R0012546,D0014650
R0019083,D0022182
R0022746,D0026421
R0033780,D0039397
R0016567,D0019262
R0002144,D0002514
R0010083,D0011722
R0013541,D0015824
R0017447,D0020284
R0023923,D0027764
R0028473,D0033105
R0022428,D0026072
R0018320,D0021293
R0032857,D0038266
R0008497,D0009840
R0010765,D0012535
R0000271,D0000325
R0027840,D0032361
R0023173,D0026904
R0021780,D0025325
R0024411,D0028345
R0027667,D0032151
R0003650,D0004242
R0030442,D0035346
R0037914,D0044413
R0004474,D0005190
R0037833,D0044321
R0006331,D0007316
R0019511,D0022681
R0038845,D0045490
R0003486,D0004050
R0014367,D0016740
R0025403,D0029510
R0016471,D0019153
R0026407,D0030673
R0030142,D0035013
R0032178,D0037391
R0016641,D0019351
R0006945,D0008011
R0009064,D0010511
R0019758,D0022961
R0030363,D0035260
R0007881,D0009093
R0004793,D0005558
R0024141,D0028023
R0019465,D0022627
R0026895,D0031260
R0033052,D0038498
R0005164,D0005978
R0015670,D0018213
R0030097,D0034963
R0007583,D0008745
R0000735,D0000872
R0005426,D0006282
R0016199,D0018838
R0005511,D0006384
R0032565,D0037897
R0001795,D0002098
R0014810,D0017236
R0005571,D0006454
R0023930,D0027775
R0031173,D0036181
R0008751,D0010136
R0004372,D0005065
R0014329,D0016699
R0022696,D0026364
R0011846,D0013791
R0032904,D0038319
R0009083,D0010534
R0001766,D0002057
R0010907,D0012709
R0031801,D0036910
R0035457,D0041459
R0021747,D0025289
R0008014,D0009250
R0010670,D0012422
R0028835,D0033525
R0029580,D0034385
R0002493,D0002914
R0018511,D0021516
R0019876,D0023100
R0021379,D0024873
R0015604,D0018137
R0019726,D0022927
R0000503,D0000592
R0029675,D0034497
R0039018,D0045688
R0013054,D0015252
R0031769,D0036867
R0038400,D0044982
R0036732,D0043066
R0001217,D0001429
R0035567,D0041598
R0004868,D0005644
R0004273,D0004956
R0007686,D0008867
R0002368,D0002769
R0020375,D0023700
R0005614,D0006509
R0012520,D0014617
R0016351,D0019018
R0001474,D0001721
R0012162,D0014174
R0037677,D0044141
R0034666,D0040533
R0015659,D0018200
R0014045,D0016376
R0033990,D0039677
R0038068,D0044595
R0036760,D0043096
R0028085,D0032644
R0028813,D0033503
R0027118,D0031523
R0007357,D0008482
R0008040,D0009280
R0019344,D0022491
R0020157,D0023442
R0035102,D0041038
R0030956,D0035935
R0036811,D0043164
R0038125,D0044663
R0016735,D0019466
R0006613,D0007632
R0011685,D0013617
R0039003,D0045673
R0036306,D0042571
R0036762,D0043099
R0022910,D0026602
R0024219,D0028121
R0038154,D0044695
R0027920,D0032453
R0011677,D0013609
R0029958,D0034808
R0037701,D0044168
R0001075,D0001270
R0027811,D0032319
R0028421,D0033042
R0001313,D0001541
R0021299,D0024777
R0002181,D0002554
R0012405,D0014476
R0022880,D0026568
R0036188,D0042418
R0009017,D0010449
R0031447,D0036499
R0000790,D0000940
R0011230,D0013097
R0027693,D0032180
R0030333,D0035227
R0003883,D0004505
R0010013,D0011636
R0024082,D0027954
R0017195,D0019992
R0029257,D0034017
R0000414,D0000488
R0037613,D0044070
R0031605,D0036676
R0031923,D0037066
R0010480,D0012199
R0008664,D0010032
R0030517,D0035436
R0002837,D0003313
R0009349,D0010856
R0009339,D0010843
R0038961,D0045621
R0029770,D0034601
R0026377,D0030641
R0036332,D0042597
R0036804,D0043155
R0007933,D0009156
R0027016,D0031409
R0036507,D0042803
R0019537,D0022710
R0012238,D0014268
R0031027,D0036015
R0021095,D0024542
R0038166,D0044710
R0015142,D0017613
R0030978,D0035960
R0008246,D0009533
R0025980,D0030179
R0003689,D0004284
R0004483,D0005201
R0025281,D0029368
R0004724,D0005476
R0032380,D0037656
R0009604,D0011160
R0022615,D0026277
R0035601,D0041637
R0015744,D0018299
R0025117,D0029173
R0007802,D0008999
R0018127,D0021061
R0024839,D0028852
R0006452,D0007453
R0033500,D0039017
R0036616,D0042937
R0026290,D0030540
R0005352,D0006193
R0038652,D0045265
R0026863,D0031226
R0022287,D0025908
R0016005,D0018612
R0010734,D0012498
R0034124,D0039843
R0037636,D0044097
R0018839,D0021890
R0015161,D0017632
R0030697,D0035640
R0019502,D0022670
R0032386,D0037664
R0023461,D0027230
R0006465,D0007470
R0001880,D0002194
R0034139,D0039866
R0008541,D0009888
R0037236,D0043646
R0033752,D0039357
R0035271,D0041231
R0023045,D0026752
R0026307,D0030561
R0005898,D0006833
R0014847,D0017278
R0014143,D0016488
R0001109,D0001310
R0036114,D0042325
R0031417,D0036461
R0026095,D0030314
R0027013,D0031406
R0031735,D0036819
R0024526,D0028492
R0003641,D0004231
R0036467,D0042759
R0031691,D0036771
R0010535,D0012261
R0016035,D0018648
R0028023,D0032567
R0024444,D0028388
R0028664,D0033334
R0035066,D0040999
R0030122,D0034991
R0017779,D0020663
R0031278,D0036301
R0036542,D0042844
R0020580,D0023938
R0034271,D0040025
R0024381,D0028308
R0000978,D0001157
R0026440,D0030709
R0030628,D0035565
R0013785,D0016095
R0025928,D0030112
R0001871,D0002185
R0011345,D0013229
R0003239,D0003777
R0001051,D0001243
R0015828,D0018395
R0032243,D0037481
R0031857,D0036975
R0031814,D0036924
R0035627,D0041670
R0010508,D0012231
R0001097,D0001297
R0003073,D0003588
R0000219,D0000260
R0003584,D0004163
R0011665,D0013596
R0011190,D0013056
R0025109,D0029162
R0010389,D0012094
R0025925,D0030107
R0021389,D0024887
R0023786,D0027608
R0012094,D0014098
R0034920,D0040833
R0015905,D0018493
R0018737,D0021778
R0023573,D0027365
R0029855,D0034694
R0021093,D0024539
R0001991,D0002325
R0031148,D0036150
R0003647,D0004238
R0022416,D0026058
R0030378,D0035275
R0000860,D0001019
R0017102,D0019882
R0023942,D0027790
R0009803,D0011384
R0015330,D0017819
R0035394,D0041380
R0012049,D0014045
R0010488,D0012209
R0014192,D0016544
R0020341,D0023662
R0026390,D0030656
R0002772,D0003238
R0012148,D0014159
R0017634,D0020497
R0038389,D0044970
R0026671,D0030991
R0008938,D0010356
R0024253,D0028160
R0030638,D0035576
R0035047,D0040977
R0035119,D0041060
R0021014,D0024456
R0036379,D0042649
R0038376,D0044954
R0003067,D0003578
R0029599,D0034409
R0016896,D0019652
R0010565,D0012295
R0014529,D0016920
R0003324,D0003872
R0011979,D0013961
R0022636,D0026298
R0011268,D0013141
R0015732,D0018286
R0004959,D0005742
R0027501,D0031958
R0010399,D0012107
R0032284,D0037534
R0000231,D0000275
R0025968,D0030164
R0022262,D0025881
R0021028,D0024470
R0029031,D0033759
R0022509,D0026162
R0038579,D0045183
R0027852,D0032375
R0012027,D0014019
R0033151,D0038611
R0021698,D0025236
R0004678,D0005425
R0019822,D0023036
R0034664,D0040531
R0038853,D0045499
R0030921,D0035897
R0010940,D0012747
R0027847,D0032370
R0034122,D0039841
R0004938,D0005720
R0022337,D0025963
R0003007,D0003512
R0003105,D0003623
R0003063,D0003574
R0023619,D0027415
R0012703,D0014843
R0002075,D0002428
R0014428,D0016807
R0015777,D0018338
R0017888,D0020784
R0006335,D0007320
R0014345,D0016716
R0000929,D0001100
R0008642,D0010008
R0028689,D0033360
R0021844,D0025395
R0012905,D0015077
R0018065,D0020986
R0027449,D0031899
R0024748,D0028750
R0033277,D0038760
R0005978,D0006924
R0001508,D0001762
R0022274,D0025894
R0029110,D0033853
R0002832,D0003308
R0037171,D0043574
R0021517,D0025033
R0028295,D0032894
R0033363,D0038858
R0010322,D0012011
R0032807,D0038207
R0021061,D0024506
R0019402,D0022557
R0010227,D0011899
R0035947,D0042103
R0028638,D0033303
R0003310,D0003856
R0007776,D0008971
R0015451,D0017955
R0019332,D0022479
R0003196,D0003732
R0033519,D0039038
R0013013,D0015201
R0011344,D0013228
R0027251,D0031672
R0005059,D0005857
R0016194,D0018833
R0022297,D0025920
R0004058,D0004709
R0017567,D0020424
R0028262,D0032854
R0007131,D0008227
R0037841,D0044330
R0036090,D0042295
R0010701,D0012459
R0026002,D0030204
R0004232,D0004905
R0008855,D0010264
R0025670,D0029805
R0026701,D0031028
R0034937,D0040855
R0027819,D0032331
R0037392,D0043819
R0004460,D0005174
R0007462,D0008602
R0003004,D0003506
R0032554,D0037884
R0018003,D0020913
R0022781,D0026462
R0021035,D0024478
R0023460,D0027229
R0027941,D0032474
R0003622,D0004208
R0000275,D0000329
R0003872,D0004491
R0025092,D0029145
R0014239,D0016598
R0021975,D0025549
R0003250,D0003789
R0023048,D0026755
R0005601,D0006493
R0015573,D0018098
R0028205,D0032789
R0027772,D0032273
R0017758,D0020640
R0025373,D0029476
R0002427,D0002838
R0039002,D0045672
R0019618,D0022804
R0003580,D0004158
R0030783,D0035741
R0030809,D0035772
R0022598,D0026258
R0010531,D0012257
R0029407,D0034186
R0013936,D0016253
R0000637,D0000749
R0037983,D0044493
R0002916,D0003406
R0013524,D0015804
R0012377,D0014439
R0036241,D0042487
R0019960,D0023210
R0007782,D0008977
R0013095,D0015303
R0031478,D0036532
R0010238,D0011912
R0016585,D0019289
R0027838,D0032357
R0016842,D0019592
R0032803,D0038201
R0035545,D0041569
R0030353,D0035248
R0001940,D0002264
R0022123,D0025721
R0029589,D0034396
R0035530,D0041549
R0032727,D0038106
R0035885,D0042012
R0022359,D0025988
R0007385,D0008512
R0015946,D0018540
R0001854,D0002167
R0021042,D0024485
R0032659,D0038020
R0020584,D0023944
R0000693,D0000816
R0014908,D0017346
R0018968,D0022045
R0004923,D0005703
R0025450,D0029563
R0024864,D0028881
R0015745,D0018301
R0026881,D0031245
R0009474,D0011000
R0033627,D0039171
R0009126,D0010590
R0025423,D0029532
R0007610,D0008776
R0018367,D0021345
R0010096,D0011741
R0020006,D0023259
R0017639,D0020502
R0006903,D0007964
R0017544,D0020398
R0035012,D0040941
R0037863,D0044354
R0037651,D0044113
R0025009,D0029042
R0030424,D0035324
R0037851,D0044340
R0028463,D0033095
R0013197,D0015420
R0025223,D0029297
R0008252,D0009540
R0017574,D0020432
R0016169,D0018806
R0037191,D0043598
R0017136,D0019926
R0038220,D0044771
R0003567,D0004143
R0011069,D0012905
R0000167,D0000201
R0010131,D0011782
R0015581,D0018106
R0012661,D0014792
R0013128,D0015340
R0020986,D0024425
R0026294,D0030546
R0020700,D0024091
R0001085,D0001281
R0009306,D0010804
R0013612,D0015905
R0022906,D0026598
R0022981,D0026680
R0022355,D0025983
R0016330,D0018994
R0015357,D0017850
R0003735,D0004338
R0029650,D0034469
R0037499,D0043938
R0026013,D0030216
R0030920,D0035896
R0022907,D0026599
R0016998,D0019769
R0018794,D0021841
R0031896,D0037023
R0031689,D0036769
R0017372,D0020199
R0030110,D0034977
R0035067,D0041000
R0025294,D0029387
R0033449,D0038959
R0023981,D0027840
R0035647,D0041698
R0035712,D0041783
R0026866,D0031230
R0011359,D0013248
R0011949,D0013928
R0017916,D0020816
R0024902,D0028924
R0030226,D0035106
R0031094,D0036091
R0016636,D0019345
R0034854,D0040761
R0016917,D0019677
R0002388,D0002793
R0013824,D0016137
R0033769,D0039379
R0034510,D0040338
R0036658,D0042990
R0004347,D0005038
R0012060,D0014059
R0018637,D0021657
R0025494,D0029612
R0032745,D0038126
R0033186,D0038651
R0026677,D0030998
R0032082,D0037276
R0000999,D0001183
R0037544,D0043991
R0030951,D0035930
R0024027,D0027892
R0015102,D0017565
R0012479,D0014574
R0039089,D0045765
R0009883,D0011481
R0022089,D0025680
R0032854,D0038262
R0007321,D0008443
R0029971,D0034822
R0015416,D0017918
R0005294,D0006126
R0000010,D0000011
R0038520,D0045114
R0030174,D0035046
R0020197,D0023494
R0011300,D0013179
R0000679,D0000798
R0004278,D0004962
R0032324,D0037583
R0012586,D0014701
R0022641,D0026303
R0015454,D0017959
R0010875,D0012670
R0038408,D0044991
R0003523,D0004091
R0008814,D0010212
R0030205,D0035082
R0021320,D0024804
R0009451,D0010974
R0036352,D0042618
R0003472,D0004036
R0016604,D0019309
R0037244,D0043655
R0006453,D0007454
R0020575,D0023932
R0025830,D0029993
R0033906,D0039573
R0031093,D0036089
R0020581,D0023940
R0033056,D0038502
R0000491,D0000580
R0020925,D0024353
R0001853,D0002166
R0026195,D0030435
R0021595,D0025125
R0007749,D0008937
R0010406,D0012114
R0001114,D0001316
R0016360,D0019030
R0022276,D0025896
R0025712,D0029854
R0034505,D0040330
R0001452,D0001697
R0003154,D0003681
R0013832,D0016145
R0023244,D0026978
R0035515,D0041529
R0036966,D0043343
R0025973,D0030170
R0015878,D0018462
R0019593,D0022773
R0002552,D0002984
R0024691,D0028684
R0021856,D0025407
R0016956,D0019721
R0022370,D0026003
R0016091,D0018710
R0035304,D0041269
R0023270,D0027008
R0010007,D0011630
R0002903,D0003391
R0036295,D0042557
R0015391,D0017890
R0010320,D0012009
R0004215,D0004885
R0039000,D0045669
R0025115,D0029171
R0018349,D0021326
R0037269,D0043682
R0018869,D0021925
R0027656,D0032137
R0021842,D0025393
R0012569,D0014679
R0031197,D0036207
R0039088,D0045764
R0026958,D0031340
R0030683,D0035625
R0016958,D0019723
R0021438,D0024944
R0034975,D0040897
R0038494,D0045085
R0032408,D0037693
R0037753,D0044229
R0027782,D0032285
R0035251,D0041208
R0013334,D0015582
R0008970,D0010394
R0000083,D0000102
R0004861,D0005636
R0039153,D0045837
R0027020,D0031413
R0028144,D0032714
R0003546,D0004120
R0000448,D0000527
R0037062,D0043452
R0016892,D0019648
R0001433,D0001674
R0007159,D0008262
R0026385,D0030651
R0014879,D0017313
R0005439,D0006296
R0027397,D0031840
R0035211,D0041163
R0034226,D0039974
R0036026,D0042215
R0026254,D0030503
R0019124,D0022229
R0031050,D0036039
R0035926,D0042074
R0017313,D0020131
R0003854,D0004467
R0022810,D0026496
R0008865,D0010275
R0000743,D0000882
R0005242,D0006066
R0002703,D0003161
R0018435,D0021425
R0039200,D0045895
R0015590,D0018119
R0034976,D0040898
R0010831,D0012620
R0035961,D0042126
R0014210,D0016565
R0011991,D0013977
R0004438,D0005143
R0027181,D0031595
R0026297,D0030549
R0015800,D0018364
R0037047,D0043435
R0020798,D0024208
R0031533,D0036597
R0025820,D0029982
R0027110,D0031515
R0020105,D0023380
R0016857,D0019609
R0001277,D0001500
R0037089,D0043480
R0005486,D0006357
R0027187,D0031602
R0036068,D0042268
R0030318,D0035208
R0027138,D0031546
R0029761,D0034592
R0010394,D0012102
R0020427,D0023756
R0011781,D0013722
R0021586,D0025115
R0019716,D0022916
R0030386,D0035283
R0010689,D0012442
R0037826,D0044314
R0018129,D0021064
R0030869,D0035841
R0012910,D0015082
R0015251,D0017731
R0022236,D0025850
R0017421,D0020255
R0001573,D0001837
R0005434,D0006291
R0031329,D0036362
R0009913,D0011520
R0020401,D0023727
R0003442,D0004002
R0001966,D0002292
R0037902,D0044400
R0035936,D0042088
R0036152,D0042371
R0037994,D0044505
R0032282,D0037531
R0013010,D0015198
R0026123,D0030351
R0027763,D0032261
R0024698,D0028691
R0032903,D0038317
R0028491,D0033131
R0029697,D0034520
R0011834,D0013779
R0009904,D0011506
R0011084,D0012923
R0010607,D0012347
R0038891,D0045543
R0020019,D0023275
R0031943,D0037093
R0008603,D0009959
R0014715,D0017126
R0001286,D0001511
R0002974,D0003473
R0033176,D0038640
R0031862,D0036981
R0032923,D0038342
R0011356,D0013245
R0019926,D0023160
R0038665,D0045280
R0032849,D0038257
R0001197,D0001409
R0012295,D0014336
R0020149,D0023432
R0002624,D0003066
R0025122,D0029179
R0030261,D0035146
R0003023,D0003529
R0028451,D0033080
R0019060,D0022159
R0031595,D0036666
R0023694,D0027501
R0010900,D0012700
R0022822,D0026509
R0011806,D0013748
R0001699,D0001979
R0012210,D0014237
R0003830,D0004441
R0019322,D0022467
R0027583,D0032052
R0036388,D0042660
R0012664,D0014795
R0019886,D0023111
R0035951,D0042113
R0007234,D0008343
R0026926,D0031304
R0025844,D0030011
R0030415,D0035313
R0019306,D0022450
R0010452,D0012167
R0016851,D0019603
R0016529,D0019217
R0020527,D0023877
R0024314,D0028230
R0001850,D0002163
R0038200,D0044750
R0032578,D0037914
R0010612,D0012353
R0024598,D0028577
R0004545,D0005270
R0012747,D0014898
R0015300,D0017784
R0023750,D0027569
R0037719,D0044188
R0002040,D0002383
R0017207,D0020008
R0008807,D0010203
R0011961,D0013941
R0032350,D0037613
R0004130,D0004791
R0005376,D0006222
R0013004,D0015192
R0026569,D0030867
R0027212,D0031631
R0030499,D0035416
R0019384,D0022538
R0035291,D0041255
R0027315,D0031744
R0008860,D0010269
R0004976,D0005759
R0005757,D0006675
R0036781,D0043123
R0008895,D0010309
R0004570,D0005302
R0016849,D0019599
R0004349,D0005040
R0038170,D0044715
R0005317,D0006153
R0011215,D0013082
R0027960,D0032497
R0019182,D0022299
R0007188,D0008293
R0013939,D0016256
R0024474,D0028426
R0027471,D0031924
R0005981,D0006927
R0003579,D0004156
R0016496,D0019181
R0038079,D0044609
R0009776,D0011355
R0012555,D0014660
R0004303,D0004989
R0009634,D0011194
R0012906,D0015078
R0000685,D0000804
R0000750,D0000889
R0029151,D0033900
R0033525,D0039044
R0038160,D0044703
R0039288,D0045995
R0032180,D0037393
R0031520,D0036582
R0035004,D0040932
R0020861,D0024282
R0018254,D0021207
R0035856,D0041977
R0016309,D0018967
R0032300,D0037553
R0018135,D0021073
R0019003,D0022087
R0038442,D0045028
R0017303,D0020121
R0000295,D0000353
R0039008,D0045678
R0017647,D0020514
R0022795,D0026478
R0036968,D0043345
R0003489,D0004053
R0007646,D0008824
R0021590,D0025119
R0035742,D0041824
R0005448,D0006308
R0011096,D0012940
R0009795,D0011375
R0024064,D0027934
R0010630,D0012375
R0018694,D0021728
R0036527,D0042828
R0014855,D0017287
R0012925,D0015100
R0005803,D0006726
R0008890,D0010304
R0008011,D0009246
R0006861,D0007914
R0030687,D0035629
R0018292,D0021258
R0007466,D0008606
R0034911,D0040824
R0015436,D0017940
R0013220,D0015448
R0000331,D0000396
R0003329,D0003878
R0000071,D0000087
R0026341,D0030602
R0026621,D0030933
R0028322,D0032928
R0003918,D0004543
R0000041,D0000048
R0018182,D0021127
R0004909,D0005689
R0037954,D0044460
R0004916,D0005696
R0027837,D0032356
R0019129,D0022236
R0032620,D0037968
R0008774,D0010165
R0015409,D0017910
R0009396,D0010911
R0037087,D0043478
R0034341,D0040114
R0017093,D0019873
R0024058,D0027928
R0035757,D0041841
R0030703,D0035647
R0002375,D0002778
R0012281,D0014320
R0006609,D0007628
R0036903,D0043273
R0030435,D0035337
R0032474,D0037777
R0026982,D0031369
R0026076,D0030293
R0021304,D0024782
R0003164,D0003692
R0031806,D0036916
R0018339,D0021316
R0002541,D0002971
R0031299,D0036326
R0017633,D0020496
R0031063,D0036054
R0031995,D0037160
R0003535,D0004108
R0018803,D0021852
R0016028,D0018641
R0010598,D0012335
R0023060,D0026768
R0016021,D0018632
R0013461,D0015732
R0035426,D0041417
R0030113,D0034980
R0032147,D0037351
R0012288,D0014328
R0009598,D0011153
R0029652,D0034471
R0003610,D0004195
R0004422,D0005124
R0037658,D0044120
R0010342,D0012037
R0007050,D0008130
R0026225,D0030469
R0027036,D0031430
R0001066,D0001260
R0009131,D0010596
R0037466,D0043902
R0025213,D0029286
R0032085,D0037280
R0005497,D0006368
R0000930,D0001101
R0007051,D0008131
R0018635,D0021655
R0010457,D0012173
R0030811,D0035774
R0032193,D0037412
R0016233,D0018882
R0029375,D0034154
R0034211,D0039956
R0028644,D0033309
R0020466,D0023802
R0012949,D0015131
R0014794,D0017215
R0039227,D0045923
R0014209,D0016564
R0026332,D0030590
R0028015,D0032558
R0022688,D0026354
R0029884,D0034726
R0007921,D0009141
R0014199,D0016552
R0036271,D0042530
R0027295,D0031722
R0002169,D0002540
R0017693,D0020568
R0017336,D0020155
R0009894,D0011493
R0032146,D0037349
R0011585,D0013504
R0011099,D0012944
R0007151,D0008253
R0034347,D0040124
R0000163,D0000196
R0020188,D0023483
R0012986,D0015170
R0021647,D0025178
R0013552,D0015835
R0017465,D0020303
R0016559,D0019253
R0033487,D0039002
R0010199,D0011861
R0005421,D0006275
R0025868,D0030038
R0035096,D0041031
R0029879,D0034720
R0020727,D0024122
R0014745,D0017162
R0015052,D0017512
R0024025,D0027890
R0017970,D0020879
R0013902,D0016217
R0021421,D0024924
R0006264,D0007241
R0037010,D0043396
R0029796,D0034629
R0007778,D0008973
R0017173,D0019966
R0003586,D0004166
R0016584,D0019288
R0034545,D0040383
R0034586,D0040437
R0037131,D0043528
R0014945,D0017389
R0033986,D0039672
R0016473,D0019155
R0027655,D0032136
R0022180,D0025782
R0034675,D0040545
R0003283,D0003826
R0012732,D0014877
R0003458,D0004020
R0004476,D0005194
R0017557,D0020413
R0002710,D0003168
R0013181,D0015403
R0004286,D0004970
R0002542,D0002973
R0030624,D0035561
R0023800,D0027624
R0018736,D0021776
R0034118,D0039835
R0027083,D0031484
R0028862,D0033558
R0026864,D0031228
R0031760,D0036855
R0007713,D0008897
R0019689,D0022883
R0032728,D0038107
R0029359,D0034136
R0036091,D0042297
R0036270,D0042529
R0019619,D0022805
R0004697,D0005445
R0002015,D0002355
R0013402,D0015661
R0003794,D0004403
R0038262,D0044818
R0009301,D0010799
R0002100,D0002461
R0012378,D0014440
R0011363,D0013252
R0010983,D0012798
R0017510,D0020358
R0024220,D0028122
R0000731,D0000868
R0007547,D0008699
R0005524,D0006399
R0024232,D0028135
R0015048,D0017508
R0017663,D0020533
R0036020,D0042209
R0017850,D0020743
R0025938,D0030125
R0000513,D0000604
R0012953,D0015136
R0013801,D0016112
R0026942,D0031322
R0020648,D0024023
R0010357,D0012053
R0020442,D0023772
R0006924,D0007986
R0009240,D0010729
R0038339,D0044907
R0015162,D0017633
R0010930,D0012736
R0023645,D0027444
R0028639,D0033304
R0023697,D0027506
R0026765,D0031108
R0010732,D0012496
R0014086,D0016428
R0007344,D0008467
R0023260,D0026998
R0031112,D0036111
R0023320,D0027066
R0013821,D0016134
R0031028,D0036016
R0014205,D0016560
R0026414,D0030680
R0032922,D0038341
R0029636,D0034450
R0001903,D0002219
R0016762,D0019498
R0034390,D0040171
R0034559,D0040401
R0024493,D0028456
R0018602,D0021614
R0006398,D0007393
R0015726,D0018279
R0036389,D0042661
R0029241,D0034001
R0032413,D0037698
R0038671,D0045286
R0005802,D0006725
R0007779,D0008974
R0027519,D0031979
R0012775,D0014931
R0003998,D0004636
R0014859,D0017291
R0016101,D0018723
R0005096,D0005904
R0033774,D0039385
R0023840,D0027668
R0004784,D0005548
R0033126,D0038581
R0018033,D0020951
R0034104,D0039816
R0038578,D0045182
R0025411,D0029519
R0012511,D0014607
R0010053,D0011683
R0017959,D0020867
R0033025,D0038467
R0037554,D0044004
R0029486,D0034278
R0034814,D0040710
R0034021,D0039710
R0006533,D0007545
R0000775,D0000922
R0030260,D0035145
R0017078,D0019856
R0021642,D0025172
R0002143,D0002513
R0032360,D0037626
R0010187,D0011847
R0001752,D0002042
R0013931,D0016248
R0030518,D0035438
R0010483,D0012204
R0036649,D0042981
R0016465,D0019147
R0038415,D0044999
R0024931,D0028956
R0017025,D0019797
R0036558,D0042864
R0017160,D0019952
R0037978,D0044488
R0010185,D0011845
R0014900,D0017337
R0011142,D0013000
R0001383,D0001616
R0014440,D0016823
R0014016,D0016342
R0006011,D0006959
R0005349,D0006190
R0028630,D0033293
R0015406,D0017906
R0021445,D0024952
R0025204,D0029277
R0000016,D0000018
R0033642,D0039194
R0033495,D0039012
R0009866,D0011462
R0018646,D0021669
R0036563,D0042871
R0038585,D0045190
R0029310,D0034083
R0015475,D0017983
R0009284,D0010780
R0004973,D0005756
R0020750,D0024150
R0015131,D0017600
R0002132,D0002502
R0035655,D0041708
R0032954,D0038383
R0028279,D0032875
R0012194,D0014217
R0032551,D0037881
R0015099,D0017562
R0028350,D0032961
R0026538,D0030832
R0034417,D0040206
R0004403,D0005102
R0033049,D0038495
R0006795,D0007841
R0026349,D0030611
R0006391,D0007384
R0013449,D0015719
R0036662,D0042994
R0021083,D0024528
R0024251,D0028158
R0003572,D0004148
R0004288,D0004972
R0008463,D0009798
R0005759,D0006677
R0026116,D0030342
R0007964,D0009190
R0006863,D0007916
R0011670,D0013601
R0009063,D0010510
R0000419,D0000494
R0032152,D0037359
R0022941,D0026636
R0014581,D0016978
R0027722,D0032211
R0002259,D0002643
R0037609,D0044065
R0004994,D0005779
R0016040,D0018654
R0021481,D0024991
R0027676,D0032161
R0031589,D0036659
R0024874,D0028891
R0017975,D0020884
R0037524,D0043967
R0011285,D0013162
R0022058,D0025641
R0002943,D0003437
R0027436,D0031885
R0019159,D0022273
R0020722,D0024117
R0029028,D0033756
R0005069,D0005870
R0010771,D0012545
R0000850,D0001008
R0032723,D0038101
R0034556,D0040398
R0020242,D0023548
R0036766,D0043106
R0005794,D0006716
R0020089,D0023364
R0002555,D0002987
R0002010,D0002349
R0002155,D0002525
R0012482,D0014577
R0033376,D0038873
R0015183,D0017656
R0023625,D0027422
R0022424,D0026068
R0020900,D0024325
R0011221,D0013088
R0011747,D0013685
R0008021,D0009259
R0007017,D0008091
R0018664,D0021691
R0009490,D0011017
R0003952,D0004579
R0017400,D0020232
R0021603,D0025133
R0018161,D0021105
R0009113,D0010576
R0031238,D0036253
R0018397,D0021380
R0032684,D0038051
R0029264,D0034027
R0002768,D0003234
R0013743,D0016047
R0020667,D0024048
R0011350,D0013236
R0009173,D0010643
R0031776,D0036875
R0002041,D0002384
R0016820,D0019567
R0029395,D0034174
R0013755,D0016061
R0008962,D0010383
R0016682,D0019400
R0017397,D0020226
R0010638,D0012384
R0026927,D0031305
R0007092,D0008176
R0002066,D0002418
R0029938,D0034787
R0020574,D0023931
R0027497,D0031953
R0015635,D0018173
R0036613,D0042933
R0017261,D0020069
R0019907,D0023134
R0016006,D0018613
R0006746,D0007786
R0007560,D0008714
R0016500,D0019186
R0007441,D0008577
R0014527,D0016918
R0018199,D0021149
R0023122,D0026847
R0038283,D0044842
R0004389,D0005085
R0030948,D0035927
R0015944,D0018538
R0036643,D0042972
R0028551,D0033201
R0027174,D0031587
R0024387,D0028316
R0032994,D0038433
R0012783,D0014939
R0037021,D0043407
R0029415,D0034197
R0026515,D0030805
R0030302,D0035192
R0037049,D0043437
R0010425,D0012134
R0038604,D0045211
R0020993,D0024434
R0007457,D0008595
R0008950,D0010369
R0031332,D0036365
R0017122,D0019909
R0016435,D0019114
R0010817,D0012600
R0009517,D0011054
R0014832,D0017260
R0036785,D0043129
R0020412,D0023739
R0024740,D0028741
R0013018,D0015207
R0027549,D0032011
R0005263,D0006090
R0001110,D0001311
R0033719,D0039308
R0023662,D0027464
R0016422,D0019101
R0036180,D0042405
R0028114,D0032681
R0023601,D0027393
R0008873,D0010284
R0017938,D0020842
R0019545,D0022718
R0023866,D0027695
R0025354,D0029454
R0005032,D0005823
R0013889,D0016204
R0020138,D0023418
R0006763,D0007803
R0037823,D0044311
R0024837,D0028850
R0000559,D0000663
R0011939,D0013918
R0007781,D0008976
R0012973,D0015157
R0008618,D0009979
R0028899,D0033601
R0038457,D0045043
R0027309,D0031738
R0025240,D0029318
R0029111,D0033854
R0011565,D0013482
R0003679,D0004273
R0039277,D0045981
R0022618,D0026280
R0029284,D0034052
R0000490,D0000579
R0028140,D0032710
R0009719,D0011294
R0036417,D0042698
R0026273,D0030523
R0008030,D0009268
R0033490,D0039005
R0023493,D0027272
R0039144,D0045828
R0037556,D0044006
R0034816,D0040712
R0009516,D0011053
R0021185,D0024646
R0014898,D0017335
R0012037,D0014029
R0030974,D0035956
R0033537,D0039057
R0000481,D0000569
R0026487,D0030768
R0036729,D0043063
R0003710,D0004311
R0031687,D0036767
R0023038,D0026745
R0013912,D0016228
R0001569,D0001832
R0005750,D0006667
R0015248,D0017727
R0025266,D0029351
R0000094,D0000115
R0037405,D0043832
R0024087,D0027961
R0015023,D0017479
R0026767,D0031110
R0012072,D0014072
R0032098,D0037294
R0005720,D0006632
R0011234,D0013101
R0010029,D0011655
R0005837,D0006763
R0021362,D0024855
R0035772,D0041858
R0013808,D0016120
R0000794,D0000945
R0019900,D0023126
R0036476,D0042769
R0004120,D0004778
R0002458,D0002871
R0034885,D0040797
R0035044,D0040974
R0007253,D0008369
R0002982,D0003481
R0002638,D0003080
R0019413,D0022568
R0037476,D0043912
R0032027,D0037207
R0018929,D0021996
R0002777,D0003243
R0021375,D0024869
R0019393,D0022547
R0002843,D0003320
R0010580,D0012314
R0039046,D0045718
R0025126,D0029183
R0026506,D0030792
R0024838,D0028851
R0000698,D0000822
R0036853,D0043218
R0001472,D0001719
R0036941,D0043313
R0007580,D0008741
R0037408,D0043837
R0022192,D0025795
R0026114,D0030340
R0010635,D0012381
R0037461,D0043896
R0019552,D0022725
R0038468,D0045056
R0035218,D0041170
R0022035,D0025614
R0012024,D0014015
R0023693,D0027500
R0033756,D0039362
R0015571,D0018096
R0026583,D0030887
R0035369,D0041348
R0009591,D0011144
R0021075,D0024520
R0006797,D0007843
R0038516,D0045110
R0003060,D0003571
R0023571,D0027362
R0026111,D0030337
R0031237,D0036252
R0027285,D0031711
R0015672,D0018216
R0011966,D0013946
R0037769,D0044248
R0016626,D0019332
R0033430,D0038935
R0006400,D0007395
R0008904,D0010319
R0033969,D0039651
R0010891,D0012688
R0025717,D0029860
R0034129,D0039848
R0023616,D0027412
R0017153,D0019944
R0005033,D0005825
R0036327,D0042592
R0019008,D0022093
R0033993,D0039681
R0015803,D0018369
R0024532,D0028499
R0019092,D0022192
R0019944,D0023183
R0035615,D0041653
R0029500,D0034294
R0005078,D0005879
R0019773,D0022978
R0017310,D0020128
R0011714,D0013649
R0005553,D0006434
R0010429,D0012139
R0010814,D0012597
R0026026,D0030229
R0017254,D0020061
R0005850,D0006779
R0002406,D0002814
R0000599,D0000708
R0012536,D0014636
R0033403,D0038906
R0028025,D0032569
R0031840,D0036954
R0021044,D0024487
R0026916,D0031290
R0019911,D0023139
R0017210,D0020011
R0022999,D0026699
R0010165,D0011819
R0006138,D0007097
R0019007,D0022092
R0012757,D0014910
R0036925,D0043296
R0023635,D0027432
R0001702,D0001983
R0000596,D0000705
R0025153,D0029217
R0018225,D0021176
R0004087,D0004743
R0017361,D0020185
R0028403,D0033021
R0033772,D0039383
R0026738,D0031075
R0005466,D0006330
R0032726,D0038105
R0024574,D0028549
R0021290,D0024767
R0010924,D0012729
R0012909,D0015081
R0034557,D0040399
R0019893,D0023118
R0020990,D0024429
R0004213,D0004883
R0022182,D0025784
R0002020,D0002360
R0026652,D0030970
R0029273,D0034037
R0006932,D0007996
R0003806,D0004415
R0005555,D0006436
R0002492,D0002911
R0012074,D0014074
R0015728,D0018281
R0000949,D0001124
R0021229,D0024696
R0022411,D0026052
R0017026,D0019798
R0010215,D0011879
R0008247,D0009534
R0015388,D0017887
R0033031,D0038474
R0021309,D0024788
R0035573,D0041604
R0020619,D0023991
R0003160,D0003688
R0006829,D0007878
R0000153,D0000184
R0006610,D0007629
R0026911,D0031281
R0014799,D0017222
R0020419,D0023747
R0007252,D0008367
R0030900,D0035874
R0025946,D0030133
R0017335,D0020154
R0026189,D0030427
R0037359,D0043782
R0009987,D0011606
R0021300,D0024778
R0024013,D0027877
R0014894,D0017328
R0022051,D0025633
R0027546,D0032008
R0028189,D0032769
R0038104,D0044638
R0019037,D0022128
R0008180,D0009451
R0018577,D0021585
R0035762,D0041847
R0016644,D0019354
R0037206,D0043613
R0037309,D0043728
R0007417,D0008549
R0022804,D0026489
R0024004,D0027867
R0019418,D0022573
R0001264,D0001487
R0022885,D0026575
R0004109,D0004766
R0039039,D0045711
R0030939,D0035917
R0020972,D0024405
R0011079,D0012918
R0033428,D0038933
R0014741,D0017158
R0030716,D0035664
R0005785,D0006706
R0010040,D0011666
R0034377,D0040158
R0030500,D0035418
R0006046,D0007000
R0035564,D0041594
R0016152,D0018787
R0027617,D0032092
R0003133,D0003655
R0009144,D0010610
R0025287,D0029378
R0003062,D0003573
R0029084,D0033823
R0033704,D0039288
R0006048,D0007002
R0035860,D0041984
R0012549,D0014653
R0010690,D0012443
R0020521,D0023868
R0030201,D0035076
R0018239,D0021191
R0025028,D0029065
R0022489,D0026137
R0032824,D0038225
R0018044,D0020963
R0027342,D0031779
R0031564,D0036629
R0021086,D0024532
R0027048,D0031443
R0021547,D0025069
R0017278,D0020091
R0027189,D0031604
R0028527,D0033172
R0013690,D0015991
R0033814,D0039442
R0009909,D0011512
R0006189,D0007153
R0004595,D0005333
R0011433,D0013335
R0006644,D0007666
R0004780,D0005544
R0017893,D0020790
R0021986,D0025561
R0025804,D0029962
R0025043,D0029084
R0000555,D0000654
R0032204,D0037427
R0018981,D0022062
R0017356,D0020180
R0033064,D0038511
R0016810,D0019555
R0028706,D0033379
R0023883,D0027714
R0015460,D0017967
R0031472,D0036526
R0016114,D0018740
R0022967,D0026665
R0012612,D0014730
R0005038,D0005834
R0003102,D0003620
R0027440,D0031889
R0024559,D0028531
R0024959,D0028988
R0016653,D0019364
R0037128,D0043524
R0037258,D0043670
R0009383,D0010894
R0034086,D0039788
R0021450,D0024958
R0008167,D0009435
R0015129,D0017596
R0012512,D0014608
R0034292,D0040057
R0030265,D0035151
R0022558,D0026214
R0031502,D0036562
R0023626,D0027423
R0017067,D0019845
R0023892,D0027726
R0037653,D0044115
R0027024,D0031417
R0016033,D0018646
R0003010,D0003515
R0006700,D0007729
R0016582,D0019286
R0028157,D0032729
R0030651,D0035591
R0032417,D0037702
R0007019,D0008093
R0037601,D0044053
R0014943,D0017387
R0037096,D0043489
R0033234,D0038707
R0029575,D0034380
R0028744,D0033420
R0008578,D0009929
R0007485,D0008627
R0024421,D0028358
R0008480,D0009816
R0019163,D0022277
R0007054,D0008134
R0035397,D0041383
R0010507,D0012230
R0021562,D0025086
R0027577,D0032045
R0002681,D0003134
R0012151,D0014162
R0011424,D0013325
R0019464,D0022626
R0023357,D0027111
R0018140,D0021079
R0011162,D0013023
R0019429,D0022584
R0005575,D0006460
R0014618,D0017018
R0017508,D0020355
R0022461,D0026108
R0012256,D0014288
R0013255,D0015490
R0033282,D0038768
R0025431,D0029542
R0013260,D0015497
R0035484,D0041493
R0028780,D0033464
R0007350,D0008473
R0026429,D0030695
R0023811,D0027636
R0037603,D0044057
R0018265,D0021220
R0012939,D0015118
R0006984,D0008051
R0006873,D0007928
R0025600,D0029732
R0023110,D0026835
R0020455,D0023789
R0010943,D0012750
R0008077,D0009327
R0017956,D0020864
R0005877,D0006808
R0004142,D0004803
R0029585,D0034390
R0015566,D0018090
R0024694,D0028687
R0014117,D0016461
R0034374,D0040154
R0010366,D0012066
R0014573,D0016970
R0030002,D0034856
R0029736,D0034564
R0022011,D0025587
R0020359,D0023683
R0028454,D0033086
R0034342,D0040116
R0016882,D0019635
R0004767,D0005529
R0016739,D0019472
R0005629,D0006527
R0025466,D0029579
R0031849,D0036967
R0002372,D0002774
R0008628,D0009993
R0018415,D0021400
R0005232,D0006055
R0016337,D0019003
R0032156,D0037365
R0027867,D0032390
R0012471,D0014563
R0032338,D0037597
R0008074,D0009324
R0012876,D0015047
R0036556,D0042860
R0000022,D0000025
R0038631,D0045242
R0037890,D0044384
R0035006,D0040935
R0021707,D0025246
R0020987,D0024426
R0018052,D0020971
R0030858,D0035830
R0014627,D0017027
R0011870,D0013822
R0038646,D0045259
R0001772,D0002067
R0037638,D0044099
R0001130,D0001336
R0037542,D0043989
R0037225,D0043635
R0033214,D0038684
R0015395,D0017895
R0020061,D0023329
R0029135,D0033881
R0017124,D0019912
R0037427,D0043857
R0027356,D0031793
R0021819,D0025368
R0015096,D0017558
R0017988,D0020897
R0021185,D0024645
R0027563,D0032027
R0001911,D0002229
R0015655,D0018195
R0030184,D0035059
R0036856,D0043221
R0029921,D0034767
R0010696,D0012452
R0038434,D0045018
R0028980,D0033697
R0015368,D0017863
R0020011,D0023264
R0024470,D0028420
R0017328,D0020147
R0013430,D0015696
R0015426,D0017929
R0038726,D0045348
R0025351,D0029451
R0003660,D0004252
R0021800,D0025348
R0025483,D0029599
R0021312,D0024792
R0006823,D0007871
R0013373,D0015627
R0009762,D0011340
R0008261,D0009551
R0018910,D0021974
R0028096,D0032655
R0027839,D0032359
R0015058,D0017519
R0022160,D0025761
R0034689,D0040562
R0011917,D0013890
R0028625,D0033287
R0038107,D0044641
R0032608,D0037948
R0033298,D0038784
R0002400,D0002808
R0036659,D0042991
R0022260,D0025879
R0011169,D0013030
R0034924,D0040837
R0009043,D0010486
R0012990,D0015174
R0033879,D0039537
R0018712,D0021751
R0007983,D0009212
R0031134,D0036135
R0025729,D0029872
R0029262,D0034023
R0010560,D0012290
R0036133,D0042350
R0019077,D0022176
R0034053,D0039747
R0037030,D0043417
R0034061,D0039758
R0033858,D0039504
R0028964,D0033677
R0014149,D0016494
R0025390,D0029495
R0013466,D0015737
R0024254,D0028162
R0036130,D0042347
R0029413,D0034194
R0007118,D0008209
R0032045,D0037228
R0003570,D0004146
R0011213,D0013080
R0016734,D0019465
R0017107,D0019891
R0020795,D0024205
R0019002,D0022086
R0009587,D0011139
R0017750,D0020630
R0007044,D0008123
R0029501,D0034295
R0027247,D0031668
R0032969,D0038403
R0031623,D0036695
R0035657,D0041711
R0027482,D0031937
R0020732,D0024129
R0003039,D0003548
R0031327,D0036360
R0002089,D0002445
R0021805,D0025353
R0005690,D0006594
R0002050,D0002396
R0028158,D0032733
R0024640,D0028626
R0038453,D0045039
R0036236,D0042482
R0028795,D0033481
R0013613,D0015907
R0010602,D0012340
R0004234,D0004907
R0005686,D0006590
R0022771,D0026452
R0018316,D0021289
R0017159,D0019951
R0000238,D0000283
R0016522,D0019210
R0027414,D0031858
R0010611,D0012352
R0022041,D0025621
R0002229,D0002611
R0016295,D0018953
R0004673,D0005420
R0006126,D0007083
R0012491,D0014587
R0025433,D0029545
R0010759,D0012528
R0019080,D0022179
R0034019,D0039707
R0012938,D0015117
R0029918,D0034764
R0037253,D0043665
R0001765,D0002056
R0026058,D0030265
R0021903,D0025465
R0006326,D0007310
R0020288,D0023605
R0009841,D0011436
R0020400,D0023726
R0034147,D0039877
R0016855,D0019607
R0012641,D0014769
R0021999,D0025575
R0009397,D0010912
R0034849,D0040752
R0025058,D0029101
R0021724,D0025264
R0007645,D0008823
R0001338,D0001568
R0013898,D0016213
R0015797,D0018361
R0027286,D0031712
R0018902,D0021963
R0006472,D0007477
R0025744,D0029888
R0038705,D0045326
R0035959,D0042124
R0003457,D0004019
R0034219,D0039965
R0021704,D0025243
R0003481,D0004045
R0016586,D0019290
R0031109,D0036107
R0025296,D0029390
R0027739,D0032231
R0029692,D0034515
R0002812,D0003285
R0011703,D0013637
R0014915,D0017354
R0024439,D0028381
R0030325,D0035216
R0030332,D0035226
R0031693,D0036773
R0031970,D0037131
R0031459,D0036511
R0017908,D0020808
R0014275,D0016643
R0007886,D0009099
R0022695,D0026362
R0038046,D0044569
R0004115,D0004773
R0028622,D0033284
R0015827,D0018394
R0012015,D0014005
R0032267,D0037510
R0017179,D0019973
R0005821,D0006745
R0019945,D0023187
R0035083,D0041018
R0017895,D0020792
R0014447,D0016831
R0035032,D0040961
R0036166,D0042387
R0027585,D0032054
R0032471,D0037772
R0008735,D0010118
R0008791,D0010183
R0030709,D0035654
R0038511,D0045105
R0008104,D0009361
R0028517,D0033160
R0017206,D0020006
R0020060,D0023328
R0010586,D0012320
R0025183,D0029251
R0019751,D0022954
R0024690,D0028683
R0037342,D0043763
R0019723,D0022924
R0034768,D0040658
R0031403,D0036444
R0001720,D0002005
R0014461,D0016848
R0026181,D0030417
R0032438,D0037730
R0000173,D0000209
R0023391,D0027150
R0025688,D0029824
R0007811,D0009009
R0023066,D0026778
R0026324,D0030582
R0024053,D0027922
R0034855,D0040762
R0026609,D0030919
R0008350,D0009656
R0034313,D0040080
R0035861,D0041985
R0038250,D0044801
R0032503,D0037820
R0013264,D0015501
R0038568,D0045168
R0015865,D0018448
R0018859,D0021914
R0004838,D0005607
R0009497,D0011028
R0031868,D0036989
R0009929,D0011538
R0037995,D0044506
R0035085,D0041020
R0037447,D0043882
R0033092,D0038543
R0036158,D0042377
R0018017,D0020932
R0010654,D0012405
R0010793,D0012574
R0036042,D0042238
R0002958,D0003454
R0010003,D0011625
R0019032,D0022121
R0006557,D0007572
R0029011,D0033738
R0037095,D0043488
R0013351,D0015602
R0037713,D0044182
R0010439,D0012150
R0000680,D0000799
R0036204,D0042436
R0033738,D0039340
R0034756,D0040644
R0000761,D0000901
R0030622,D0035558
R0036473,D0042766
R0003950,D0004577
R0006069,D0007025
R0015025,D0017481
R0017428,D0020263
R0037992,D0044503
R0020237,D0023541
R0018872,D0021928
R0001260,D0001483
R0034464,D0040269
R0012550,D0014654
R0007179,D0008284
R0007347,D0008470
R0019126,D0022232
R0018841,D0021892
R0002412,D0002820
R0021637,D0025167
R0038918,D0045574
R0018546,D0021553
R0007202,D0008309
R0019043,D0022137
R0001902,D0002218
R0029565,D0034367
R0018585,D0021594
R0030220,D0035099
R0037492,D0043929
R0010122,D0011772
R0031624,D0036696
R0000512,D0000601
R0029534,D0034332
R0032208,D0037433
R0026682,D0031003
R0004376,D0005069
R0029894,D0034737
R0009207,D0010685
R0013024,D0015213
R0030347,D0035242
R0039029,D0045701
R0001054,D0001247
R0002870,D0003351
R0005742,D0006658
R0007428,D0008561
R0034365,D0040144
R0029014,D0033741
R0012131,D0014139
R0030498,D0035415
R0005660,D0006560
R0033172,D0038636
R0017048,D0019822
R0030262,D0035147
R0000913,D0001081
R0009271,D0010766
R0039254,D0045953
R0021604,D0025134
R0029319,D0034092
R0030148,D0035019
R0023530,D0027318
R0036363,D0042629
R0029127,D0033871
R0034506,D0040331
R0032928,D0038348
R0021263,D0024735
R0005467,D0006332
R0009467,D0010992
R0026669,D0030989
R0022372,D0026005
R0029191,D0033945
R0030317,D0035207
R0001257,D0001480
R0009124,D0010588
R0037722,D0044192
R0028343,D0032953
R0008381,D0009693
R0019520,D0022691
R0024726,D0028724
R0017463,D0020301
R0019974,D0023224
R0014312,D0016681
R0000747,D0000886
R0013137,D0015349
R0034757,D0040645
R0034611,D0040465
R0036840,D0043204
R0031783,D0036885
R0012245,D0014277
R0007612,D0008778
R0035134,D0041076
R0022861,D0026549
R0033815,D0039443
R0019430,D0022585
R0036466,D0042758
R0026729,D0031065
R0034512,D0040341
R0009954,D0011569
R0036014,D0042196
R0027704,D0032192
R0028036,D0032584
R0009911,D0011515
R0037381,D0043808
R0029753,D0034581
R0007220,D0008328
R0027473,D0031927
R0024659,D0028645
R0019223,D0022351
R0025247,D0029325
R0011575,D0013492
R0038899,D0045552
R0031788,D0036892
R0010950,D0012757
R0035888,D0042017
R0030834,D0035802
R0029813,D0034646
R0033899,D0039564
R0033283,D0038769
R0034648,D0040513
R0030073,D0034935
R0027327,D0031759
R0027603,D0032074
R0006329,D0007313
R0005656,D0006556
R0029607,D0034417
R0006412,D0007408
R0014582,D0016979
R0014537,D0016929
R0038292,D0044851
R0011975,D0013957
R0021364,D0024857
R0010624,D0012367
R0017123,D0019911
R0038654,D0045269
R0014924,D0017364
R0033595,D0039131
R0017202,D0020000
R0021756,D0025300
R0037880,D0044372
R0021891,D0025450
R0031509,D0036570
R0035451,D0041451
R0035468,D0041471
R0036367,D0042635
R0038224,D0044775
R0034840,D0040742
R0031888,D0037014
R0029342,D0034116
R0032845,D0038253
R0008922,D0010340
R0021197,D0024659
R0022951,D0026646
R0004083,D0004739
R0027957,D0032494
R0025745,D0029889
R0025654,D0029788
R0028627,D0033289
R0024023,D0027888
R0032499,D0037816
R0000326,D0000390
R0011293,D0013171
R0001186,D0001398
R0034987,D0040909
R0020432,D0023762
R0025595,D0029727
R0013202,D0015425
R0033119,D0038574
R0036790,D0043136
R0009489,D0011016
R0027807,D0032314
R0010801,D0012582
R0025007,D0029040
R0031983,D0037146
R0035730,D0041809
R0038863,D0045510
R0015677,D0018221
R0007638,D0008811
R0036878,D0043245
R0017547,D0020401
R0028674,D0033345
R0015801,D0018366
R0035704,D0041768
R0019315,D0022460
R0024647,D0028633
R0029976,D0034827
R0016151,D0018786
R0026666,D0030986
R0008264,D0009556
R0013257,D0015493
R0023017,D0026721
R0032302,D0037555
R0006879,D0007934
R0033674,D0039242
R0004815,D0005583
R0036843,D0043207
R0021962,D0025534
R0032910,D0038325
R0026032,D0030236
R0011817,D0013759
R0013837,D0016150
R0031422,D0036467
R0000612,D0000723
R0003824,D0004435
R0033825,D0039458
R0037320,D0043741
R0021275,D0024750
R0030236,D0035118
R0016554,D0019247
R0000170,D0000205
R0004747,D0005505
R0005879,D0006810
R0032030,D0037212
R0017799,D0020687
R0003022,D0003527
R0039107,D0045787
R0031062,D0036052
R0011354,D0013243
R0021794,D0025341
R0030718,D0035666
R0026635,D0030951
R0026121,D0030347
R0026887,D0031251
R0015328,D0017816
R0034423,D0040216
R0035492,D0041504
R0010240,D0011914
R0005025,D0005816
R0023859,D0027688
R0035188,D0041139
R0034183,D0039921
R0023254,D0026989
R0017203,D0020001
R0022077,D0025664
R0032771,D0038155
R0011081,D0012920
R0000541,D0000636
R0019318,D0022463
R0023011,D0026713
R0011672,D0013603
R0017081,D0019860
R0029871,D0034712
R0033297,D0038783
R0029612,D0034423
R0035236,D0041191
R0033907,D0039574
R0029350,D0034126
R0022531,D0026185
R0004641,D0005386
R0010867,D0012661
R0003763,D0004368
R0011264,D0013137
R0001683,D0001962
R0035779,D0041867
R0002750,D0003212
R0018938,D0022006
R0011308,D0013187
R0000080,D0000099
R0012347,D0014402
R0004384,D0005079
R0000246,D0000294
R0001195,D0001407
R0038922,D0045579
R0016703,D0019427
R0024128,D0028009
R0002654,D0003100
R0009805,D0011387
R0019745,D0022948
R0032593,D0037931
R0006749,D0007789
R0032405,D0037689
R0008524,D0009870
R0020898,D0024323
R0038378,D0044956
R0010147,D0011800
R0017132,D0019921
R0007717,D0008902
R0020211,D0023511
R0011815,D0013757
R0010316,D0012005
R0013091,D0015298
R0011034,D0012861
R0036323,D0042588
R0029690,D0034513
R0028697,D0033370
R0021273,D0024748
R0038838,D0045480
R0027929,D0032462
R0018941,D0022010
R0006018,D0006967
R0035139,D0041081
R0027760,D0032258
R0010629,D0012374
R0018743,D0021785
R0004890,D0005670
R0016826,D0019574
R0002080,D0002435
R0031528,D0036591
R0000602,D0000711
R0023451,D0027219
R0008830,D0010236
R0026811,D0031165
R0013080,D0015285
R0008531,D0009877
R0012527,D0014624
R0013146,D0015361
R0018376,D0021354
R0012987,D0015171
R0038128,D0044666
R0000489,D0000578
R0012408,D0014480
R0019829,D0023045
R0037498,D0043937
R0035865,D0041992
R0014598,D0016996
R0027278,D0031704
R0025177,D0029245
R0003601,D0004185
R0018606,D0021618
R0001292,D0001517
R0015174,D0017647
R0014410,D0016787
R0003488,D0004052
R0003377,D0003932
R0002615,D0003056
R0031113,D0036112
R0039164,D0045852
R0009459,D0010983
R0036409,D0042688
R0010194,D0011856
R0007928,D0009149
R0031575,D0036642
R0020945,D0024377
R0018561,D0021568
R0022436,D0026080
R0005947,D0006887
R0006456,D0007457
R0013537,D0015820
R0035578,D0041609
R0032682,D0038049
R0003934,D0004560
R0002894,D0003379
R0017294,D0020112
R0035459,D0041461
R0036810,D0043163
R0036495,D0042791
R0023623,D0027420
R0012519,D0014616
R0007774,D0008969
R0038474,D0045063
R0026417,D0030683
R0030252,D0035137
R0021815,D0025363
R0008145,D0009408
R0005399,D0006247
R0002765,D0003230
R0002842,D0003319
R0029460,D0034247
R0035357,D0041330
R0018583,D0021592
R0023820,D0027646
R0009235,D0010723
R0032472,D0037774
R0036765,D0043104
R0024241,D0028146
R0018820,D0021870
R0012582,D0014696
R0037029,D0043416
R0026061,D0030269
R0019721,D0022922
R0013987,D0016312
R0014542,D0016934
R0012126,D0014132
R0002001,D0002337
R0006319,D0007303
R0015953,D0018547
R0036122,D0042336
R0009755,D0011333
R0016249,D0018898
R0009740,D0011317
R0006982,D0008049
R0020974,D0024407
R0023323,D0027070
R0015351,D0017843
R0025323,D0029419
R0019908,D0023135
R0002333,D0002731
R0017104,D0019887
R0017770,D0020653
R0004413,D0005113
R0016080,D0018697
R0030506,D0035424
R0031720,D0036801
R0024548,D0028519
R0035845,D0041961
R0012097,D0014101
R0017140,D0019931
R0030626,D0035563
R0022809,D0026495
R0021401,D0024903
R0034606,D0040459
R0011901,D0013870
R0035996,D0042169
R0009241,D0010730
R0030647,D0035587
R0016112,D0018738
R0018218,D0021169
R0014869,D0017301
R0021789,D0025336
R0018528,D0021534
R0028427,D0033049
R0001106,D0001307
R0026922,D0031297
R0018270,D0021225
R0010722,D0012482
R0002131,D0002500
R0019931,D0023166
R0035449,D0041449
R0010752,D0012521
R0006023,D0006973
R0002773,D0003239
R0011678,D0013610
R0014805,D0017231
R0018495,D0021498
R0026913,D0031285
R0012407,D0014478
R0034670,D0040538
R0033423,D0038926
R0008633,D0009998
R0010438,D0012148
R0030323,D0035214
R0035358,D0041331
R0003744,D0004347
R0005848,D0006777
R0028769,D0033450
R0004173,D0004838
R0002394,D0002800
R0013253,D0015488
R0033870,D0039523
R0012762,D0014915
R0024984,D0029013
R0018830,D0021881
R0028146,D0032716
R0000338,D0000403
R0005028,D0005819
R0035843,D0041958
R0037598,D0044050
R0004066,D0004718
R0036948,D0043322
R0006348,D0007334
R0021205,D0024670
R0025393,D0029499
R0002565,D0002997
R0032613,D0037957
R0033994,D0039682
R0027663,D0032147
R0038102,D0044636
R0013942,D0016259
R0013030,D0015219
R0036522,D0042823
R0025061,D0029104
R0005099,D0005907
R0011450,D0013353
R0032966,D0038399
R0014006,D0016331
R0037733,D0044204
R0025488,D0029605
R0003342,D0003892
R0033955,D0039633
R0006130,D0007088
R0000836,D0000993
R0038082,D0044612
R0018967,D0022044
R0013063,D0015262
R0012409,D0014481
R0010313,D0012002
R0003839,D0004451
R0032772,D0038157
R0016292,D0018950
R0036560,D0042868
R0028426,D0033048
R0017061,D0019839
R0026154,D0030387
R0039058,D0045731
R0028200,D0032782
R0032051,D0037238
R0010829,D0012618
R0023920,D0027760
R0002233,D0002615
R0019616,D0022801
R0014897,D0017332
R0022352,D0025980
R0025958,D0030152
R0031688,D0036768
R0002049,D0002395
R0007316,D0008437
R0012647,D0014776
R0023160,D0026890
R0032769,D0038152
R0034767,D0040657
R0000986,D0001166
R0031371,D0036410
R0026007,D0030210
R0010499,D0012221
R0005594,D0006484
R0033920,D0039589
R0006411,D0007407
R0002895,D0003380
R0003325,D0003873
R0011926,D0013899
R0033746,D0039350
R0026353,D0030615
R0029179,D0033932
R0007658,D0008838
R0038454,D0045040
R0008331,D0009633
R0021670,D0025204
R0023055,D0026762
R0028894,D0033595
R0015856,D0018437
R0004965,D0005748
R0024077,D0027948
R0003103,D0003621
R0035867,D0041994
R0012271,D0014308
R0012345,D0014400
R0014202,D0016555
R0033278,D0038762
R0018700,D0021735
R0024405,D0028338
R0036721,D0043053
R0036751,D0043086
R0010807,D0012589
R0002178,D0002551
R0009248,D0010739
R0007701,D0008884
R0018026,D0020943
R0024375,D0028302
R0037790,D0044272
R0013984,D0016307
R0020051,D0023319
R0024243,D0028149
R0035002,D0040930
R0006297,D0007279
R0024802,D0028807
R0011950,D0013929
R0034810,D0040706
R0017604,D0020466
R0012521,D0014618
R0035228,D0041182
R0033187,D0038652
R0003895,D0004517
R0035308,D0041275
R0025362,D0029463
R0037101,D0043495
R0002126,D0002493
R0037887,D0044381
R0037589,D0044041
R0024893,D0028915
R0010450,D0012164
R0004207,D0004877
R0015344,D0017836
R0005113,D0005921
R0009965,D0011583
R0033639,D0039187
R0002534,D0002962
R0003374,D0003927
R0011428,D0013330
R0015306,D0017791
R0006740,D0007777
R0036055,D0042254
R0009810,D0011392
R0016060,D0018674
R0008788,D0010180
R0021406,D0024908
R0018900,D0021961
R0005685,D0006588
R0020897,D0024322
R0022044,D0025625
R0009510,D0011046
R0000316,D0000378
R0001845,D0002157
R0017229,D0020031
R0016416,D0019094
R0006530,D0007542
R0014801,D0017224
R0035329,D0041297
R0022889,D0026579
R0034922,D0040835
R0035915,D0042055
R0025615,D0029748
R0029904,D0034747
R0009961,D0011578
R0011168,D0013029
R0030496,D0035412
R0000716,D0000848
R0027352,D0031789
R0009765,D0011343
R0002464,D0002879
R0039030,D0045702
R0025683,D0029818
R0011228,D0013095
R0025089,D0029141
R0031976,D0037139
R0000640,D0000752
R0037815,D0044301
R0005247,D0006072
R0021938,D0025509
R0023284,D0027024
R0036782,D0043125
R0025272,D0029357
R0020830,D0024247
R0007480,D0008622
R0033132,D0038587
R0020965,D0024398
R0034945,D0040863
R0007109,D0008199
R0027554,D0032016
R0012039,D0014031
R0036583,D0042898
R0029485,D0034277
R0008567,D0009915
R0011622,D0013545
R0004429,D0005132
R0018937,D0022004
R0010963,D0012771
R0001411,D0001648
R0001077,D0001272
R0024410,D0028344
R0019952,D0023197
R0019639,D0022828
R0010371,D0012071
R0002421,D0002832
R0029285,D0034053
R0020515,D0023862
R0015268,D0017750
R0023826,D0027652
R0009277,D0010772
R0033683,D0039258
R0032571,D0037904
R0010539,D0012265
R0017126,D0019914
R0012103,D0014109
R0031253,D0036274
R0035912,D0042050
R0001858,D0002171
R0027254,D0031677
R0020046,D0023314
R0027881,D0032407
R0013677,D0015977
R0034568,D0040413
R0005602,D0006494
R0017100,D0019880
R0028768,D0033449
R0013426,D0015691
R0003555,D0004129
R0039290,D0045997
R0014464,D0016851
R0033055,D0038501
R0003261,D0003802
R0027955,D0032490
R0027090,D0031493
R0016504,D0019191
R0009195,D0010672
R0027177,D0031590
R0017607,D0020469
R0015341,D0017832
R0037886,D0044380
R0034171,D0039906
R0037068,D0043458
R0000001,D0000002
R0038722,D0045343
R0029584,D0034389
R0034590,D0040441
R0024553,D0028524
R0024402,D0028335
R0031615,D0036686
R0022000,D0025576
R0025086,D0029137
R0036086,D0042289
R0001862,D0002175
R0002027,D0002368
R0034837,D0040737
R0039196,D0045891
R0011853,D0013798
R0033070,D0038517
R0015707,D0018257
R0002725,D0003184
R0007382,D0008509
R0016941,D0019703
R0008739,D0010122
R0004478,D0005196
R0027481,D0031936
R0027039,D0031433
R0021195,D0024657
R0035774,D0041861
R0030448,D0035352
R0037547,D0043994
R0028420,D0033040
R0002210,D0002590
R0032643,D0038001
R0021983,D0025558
R0023208,D0026941
R0029744,D0034572
R0008967,D0010390
R0023682,D0027488
R0012798,D0014957
R0013928,D0016245
R0030944,D0035922
R0011662,D0013593
R0003319,D0003867
R0004803,D0005568
R0011772,D0013712
R0029591,D0034398
R0018747,D0021789
R0002544,D0002975
R0018564,D0021572
R0009269,D0010762
R0034453,D0040255
R0005509,D0006382
R0007478,D0008620
R0033603,D0039140
R0008773,D0010164
R0022151,D0025751
R0016732,D0019463
R0029786,D0034618
R0020424,D0023753
R0022120,D0025718
R0010858,D0012649
R0035098,D0041033
R0015576,D0018101
R0015964,D0018560
R0008124,D0009382
R0007015,D0008088
R0035015,D0040944
R0017357,D0020181
R0002753,D0003215
R0009706,D0011279
R0025659,D0029794
R0012847,D0015015
R0013287,D0015525
R0032914,D0038331
R0011109,D0012959
R0027622,D0032098
R0016723,D0019451
R0021254,D0024725
R0029349,D0034125
R0004495,D0005214
R0025948,D0030136
R0027404,D0031847
R0024801,D0028806
R0014344,D0016715
R0038369,D0044942
R0010260,D0011937
R0009027,D0010459
R0038447,D0045033
R0028672,D0033343
R0009539,D0011083
R0014031,D0016357
R0025731,D0029874
R0006675,D0007699
R0008763,D0010154
R0004748,D0005506
R0026107,D0030329
R0034719,D0040599
R0028478,D0033113
R0007309,D0008430
R0001706,D0001988
R0000092,D0000113
R0002457,D0002870
R0002983,D0003482
R0003604,D0004188
R0034835,D0040734
R0031285,D0036311
R0001185,D0001397
R0012872,D0015043
R0007200,D0008307
R0036717,D0043049
R0007451,D0008589
R0027590,D0032060
R0008850,D0010259
R0011855,D0013800
R0015628,D0018165
R0020206,D0023505
R0027158,D0031570
R0021255,D0024726
R0026149,D0030380
R0002674,D0003125
R0018128,D0021063
R0039053,D0045725
R0035551,D0041576
R0037415,D0043845
R0004635,D0005379
R0003992,D0004629
R0036421,D0042705
R0010623,D0012366
R0011656,D0013586
R0023249,D0026984
R0004659,D0005404
R0008187,D0009462
R0016254,D0018904
R0007376,D0008502
R0035795,D0041888
R0011948,D0013927
R0019881,D0023105
R0005597,D0006487
R0009310,D0010808
R0006781,D0007825
R0012961,D0015144
R0036444,D0042733
R0034321,D0040088
R0006117,D0007074
R0006632,D0007652
R0024743,D0028745
R0019253,D0022386
R0008629,D0009994
R0012300,D0014341
R0005703,D0006610
R0007217,D0008325
R0007681,D0008861
R0035270,D0041230
R0030022,D0034878
R0009617,D0011174
R0029271,D0034034
R0025337,D0029433
R0019626,D0022815
R0008703,D0010077
R0016660,D0019375
R0022566,D0026223
R0025825,D0029987
R0034997,D0040925
R0013441,D0015711
R0000787,D0000934
R0009452,D0010975
R0032133,D0037331
R0015112,D0017578
R0037055,D0043444
R0023788,D0027612
R0039106,D0045785
R0000183,D0000220
R0001797,D0002101
R0023987,D0027846
R0004172,D0004837
R0024566,D0028539
R0004772,D0005535
R0007677,D0008857
R0027173,D0031585
R0014514,D0016904
R0008329,D0009631
R0020306,D0023625
R0034736,D0040619
R0029624,D0034437
R0012044,D0014038
R0036490,D0042785
R0027303,D0031731
R0024168,D0028055
R0014398,D0016774
R0034340,D0040113
R0004095,D0004751
R0006761,D0007801
R0023894,D0027728
R0009868,D0011464
R0011643,D0013570
R0024257,D0028167
R0027093,D0031496
R0003452,D0004012
R0010927,D0012733
R0032028,D0037210
R0003864,D0004482
R0036226,D0042470
R0007122,D0008216
R0008433,D0009767
R0004494,D0005213
R0014375,D0016748
R0021461,D0024970
R0035949,D0042106
R0019590,D0022768
R0037400,D0043827
R0029995,D0034849
R0031011,D0035997
R0012711,D0014852
R0039209,D0045905
R0003492,D0004056
R0038256,D0044808
R0012301,D0014342
R0022186,D0025789
R0004113,D0004771
R0025342,D0029440
R0015289,D0017773
R0032515,D0037835
R0012582,D0014697
R0026078,D0030295
R0018502,D0021505
R0036516,D0042814
R0014419,D0016797
R0032897,D0038310
R0018704,D0021739
R0021701,D0025240
R0035074,D0041007
R0027367,D0031806
R0008579,D0009930
R0008778,D0010169
R0033598,D0039135
R0018667,D0021695
R0029526,D0034322
R0005992,D0006939
R0010730,D0012491
R0030567,D0035495
R0021863,D0025414
R0026951,D0031331
R0035421,D0041412
R0031318,D0036348
R0023349,D0027101
R0037421,D0043851
R0001255,D0001478
R0009687,D0011256
R0023896,D0027730
R0031707,D0036788
R0017627,D0020490
R0003771,D0004377
R0006496,D0007503
R0024977,D0029006
R0034483,D0040301
R0035489,D0041498
R0021177,D0024637
R0002443,D0002855
R0026285,D0030535
R0009400,D0010915
R0013666,D0015964
R0016767,D0019507
R0009252,D0010743
R0033230,D0038702
R0023818,D0027644
R0033976,D0039661
R0021440,D0024946
R0017177,D0019971
R0021643,D0025173
R0027434,D0031881
R0020340,D0023661
R0014256,D0016621
R0022722,D0026393
R0013294,D0015535
R0022124,D0025722
R0023783,D0027605
R0006024,D0006974
R0016612,D0019317
R0001586,D0001853
R0039149,D0045833
R0033824,D0039457
R0004925,D0005705
R0025870,D0030040
R0001532,D0001789
R0027447,D0031897
R0033219,D0038689
R0016799,D0019541
R0006680,D0007705
R0002720,D0003179
R0017837,D0020730
R0002880,D0003362
R0014439,D0016822
R0018527,D0021533
R0036371,D0042641
R0035334,D0041303
R0014516,D0016907
R0016236,D0018885
R0013377,D0015631
R0021352,D0024842
R0038761,D0045393
R0038345,D0044916
R0027107,D0031512
R0002995,D0003497
R0016082,D0018699
R0001563,D0001822
R0014616,D0017015
R0002167,D0002538
R0030081,D0034945
R0023209,D0026942
R0027328,D0031760
R0004509,D0005230
R0035520,D0041538
R0018611,D0021625
R0004804,D0005569
R0001663,D0001941
R0012793,D0014951
R0010046,D0011672
R0010019,D0011645
R0012299,D0014340
R0003894,D0004516
R0031914,D0037050
R0022704,D0026373
R0021593,D0025123
R0033932,D0039604
R0000821,D0000977
R0011136,D0012994
R0038017,D0044533
R0011845,D0013790
R0027071,D0031470
R0026374,D0030638
R0029801,D0034634
R0006368,D0007356
R0019228,D0022356
R0008877,D0010290
R0009432,D0010950
R0035521,D0041539
R0036889,D0043256
R0034741,D0040625
R0005946,D0006886
R0037324,D0043745
R0017362,D0020186
R0033928,D0039600
R0035129,D0041071
R0033166,D0038630
R0027424,D0031870
R0008002,D0009236
R0018799,D0021846
R0018709,D0021746
R0025087,D0029138
R0013189,D0015411
R0013278,D0015515
R0030775,D0035733
R0016146,D0018780
R0003902,D0004524
R0018255,D0021208
R0015447,D0017951
R0023005,D0026706
R0037088,D0043479
R0012707,D0014848
R0008789,D0010181
R0018855,D0021909
R0022324,D0025948
R0010893,D0012690
R0001771,D0002065
R0007700,D0008883
R0010415,D0012123
R0003718,D0004320
R0027052,D0031449
R0005958,D0006899
R0016783,D0019524
R0025769,D0029917
R0009341,D0010845
R0026709,D0031038
R0028752,D0033431
R0002766,D0003232
R0033191,D0038657
R0014310,D0016679
R0022670,D0026333
R0028217,D0032802
R0032423,D0037710
R0031035,D0036023
R0029689,D0034512
R0035517,D0041534
R0035104,D0041041
R0029660,D0034480
R0012903,D0015075
R0024099,D0027975
R0032566,D0037898
R0030835,D0035803
R0030576,D0035505
R0017523,D0020372
R0025541,D0029667
R0024162,D0028047
R0020604,D0023971
R0025507,D0029626
R0034283,D0040043
R0007108,D0008198
R0027229,D0031649
R0021618,D0025148
R0003959,D0004588
R0026253,D0030502
R0014405,D0016782
R0014585,D0016982
R0032214,D0037439
R0024699,D0028692
R0032717,D0038095
R0011445,D0013348
R0035482,D0041491
R0031796,D0036902
R0037255,D0043667
R0001921,D0002241
R0011533,D0013447
R0023105,D0026828
R0011404,D0013303
R0033077,D0038525
R0008171,D0009441
R0020223,D0023525
R0003331,D0003881
R0016742,D0019475
R0001127,D0001333
R0006304,D0007288
R0037533,D0043978
R0013308,D0015554
R0006246,D0007222
R0001299,D0001525
R0026944,D0031324
R0026519,D0030809
R0004135,D0004796
R0002531,D0002959
R0002391,D0002796
R0038952,D0045612
R0024581,D0028556
R0030822,D0035787
R0034596,D0040448
R0031496,D0036555
R0026054,D0030261
R0002788,D0003255
R0017537,D0020388
R0032239,D0037475
R0005811,D0006734
R0010805,D0012587
R0021854,D0025405
R0031454,D0036506
R0011924,D0013897
R0002908,D0003398
R0018204,D0021154
R0003435,D0003994
R0025231,D0029307
R0002537,D0002965
R0009545,D0011089
R0020151,D0023435
R0028498,D0033139
R0033716,D0039305
R0028784,D0033469
R0009731,D0011307
R0026063,D0030271
R0027620,D0032095
R0021063,D0024508
R0008750,D0010135
R0022298,D0025921
R0023830,D0027657
R0018599,D0021611
R0016519,D0019207
R0003504,D0004069
R0032040,D0037222
R0020249,D0023556
R0008673,D0010044
R0032570,D0037903
R0019866,D0023090
R0027800,D0032307
R0007299,D0008420
R0029619,D0034430
R0023636,D0027433
R0026675,D0030996
R0030992,D0035975
R0014359,D0016732
R0008394,D0009713
R0007992,D0009223
R0016771,D0019512
R0029550,D0034350
R0025265,D0029350
R0000877,D0001037
R0034673,D0040543
R0014093,D0016435
R0027103,D0031507
R0001681,D0001960
R0018310,D0021281
R0037634,D0044095
R0010606,D0012346
R0010618,D0012360
R0011859,D0013806
R0033134,D0038590
R0017452,D0020289
R0027925,D0032458
R0008898,D0010313
R0016918,D0019678
R0019105,D0022206
R0002171,D0002542
R0025986,D0030186
R0038536,D0045135
R0002112,D0002476
R0031581,D0036649
R0033330,D0038820
R0014308,D0016677
R0020952,D0024385
R0002102,D0002465
R0032451,D0037746
R0022419,D0026061
R0006199,D0007167
R0033989,D0039675
R0035733,D0041813
R0001861,D0002174
R0016423,D0019102
R0007896,D0009109
R0018651,D0021675
R0020162,D0023447
R0026500,D0030786
R0007568,D0008726
R0023179,D0026911
R0032141,D0037341
R0034843,D0040745
R0008404,D0009729
R0003886,D0004508
R0014515,D0016906
R0027953,D0032488
R0022852,D0026540
R0013311,D0015558
R0037130,D0043527
R0003627,D0004214
R0008952,D0010371
R0016074,D0018690
R0021296,D0024773
R0036227,D0042471
R0031601,D0036672
R0033756,D0039363
R0023602,D0027394
R0017734,D0020613
R0026132,D0030360
R0003727,D0004329
R0024975,D0029004
R0037450,D0043885
R0006732,D0007769
R0005431,D0006288
R0019587,D0022764
R0026386,D0030652
R0034580,D0040430
R0020519,D0023866
R0004340,D0005028
R0005351,D0006192
R0011756,D0013695
R0033807,D0039432
R0025934,D0030119
R0028273,D0032867
R0027516,D0031975
R0025569,D0029699
R0030675,D0035616
R0032420,D0037705
R0020059,D0023327
R0026580,D0030882
R0000445,D0000523
R0019781,D0022988
R0038702,D0045321
R0021504,D0025017
R0025753,D0029897
R0016433,D0019112
R0011009,D0012832
R0027151,D0031559
R0010668,D0012420
R0002621,D0003063
R0013497,D0015773
R0022631,D0026293
R0012045,D0014041
R0015709,D0018259
R0023548,D0027337
R0022302,D0025925
R0023871,D0027702
R0035952,D0042114
R0013247,D0015481
R0035176,D0041125
R0003308,D0003854
R0026896,D0031261
R0002616,D0003057
R0021319,D0024803
R0030402,D0035299
R0034842,D0040744
R0010102,D0011748
R0019301,D0022444
R0022134,D0025734
R0001453,D0001698
R0035930,D0042078
R0006754,D0007794
R0032077,D0037271
R0000696,D0000820
R0027100,D0031504
R0016961,D0019727
R0010301,D0011987
R0021847,D0025398
R0016725,D0019453
R0034394,D0040175
R0030562,D0035488
R0038709,D0045330
R0005870,D0006800
R0021951,D0025523
R0026509,D0030798
R0012936,D0015115
R0001051,D0001244
R0021156,D0024612
R0025193,D0029265
R0035476,D0041482
R0031920,D0037059
R0000483,D0000572
R0039122,D0045802
R0010625,D0012368
R0020080,D0023352
R0017978,D0020887
R0023198,D0026931
R0024692,D0028685
R0019039,D0022130
R0011805,D0013747
R0008473,D0009809
R0039116,D0045796
R0007932,D0009155
R0024704,D0028700
R0027555,D0032018
R0036830,D0043192
R0039256,D0045959
R0038942,D0045602
R0025843,D0030010
R0014946,D0017390
R0007088,D0008171
R0036693,D0043025
R0014630,D0017030
R0020135,D0023415
R0026214,D0030458
R0034309,D0040075
R0019715,D0022911
R0000941,D0001114
R0038412,D0044995
R0015717,D0018268
R0037379,D0043805
R0001380,D0001613
R0026248,D0030496
R0029823,D0034656
R0005962,D0006904
R0035077,D0041011
R0039054,D0045726
R0033915,D0039583
R0015471,D0017978
R0014233,D0016589
R0013781,D0016090
R0003889,D0004511
R0035202,D0041153
R0005117,D0005925
R0027465,D0031916
R0018027,D0020944
R0025076,D0029123
R0035140,D0041082
R0005086,D0005891
R0022844,D0026532
R0037597,D0044049
R0004360,D0005052
R0003843,D0004455
R0005042,D0005838
R0038653,D0045266
R0010681,D0012433
R0018360,D0021338
R0017008,D0019779
R0006430,D0007427
R0009353,D0010860
R0025434,D0029546
R0030244,D0035127
R0030283,D0035171
R0034457,D0040259
R0007379,D0008505
R0021318,D0024802
R0001832,D0002144
R0015492,D0018005
R0014942,D0017386
R0038130,D0044668
R0017172,D0019965
R0004594,D0005332
R0034174,D0039909
R0027536,D0031997
R0018566,D0021574
R0029621,D0034432
R0037265,D0043677
R0025464,D0029577
R0003456,D0004016
R0004241,D0004915
R0010707,D0012466
R0023787,D0027611
R0035490,D0041501
R0009855,D0011450
R0035676,D0041733
R0001037,D0001227
R0034042,D0039734
R0029553,D0034353
R0009214,D0010697
R0026117,D0030343
R0038993,D0045661
R0010412,D0012120
R0002892,D0003377
R0035035,D0040964
R0034701,D0040576
R0000348,D0000415
R0026455,D0030729
R0014204,D0016558
R0012050,D0014046
R0006524,D0007536
R0005706,D0006615
R0019218,D0022345
R0009151,D0010618
R0013193,D0015415
R0021072,D0024517
R0018150,D0021092
R0002928,D0003420
R0033528,D0039047
R0010512,D0012235
R0022164,D0025765
R0014687,D0017092
R0016449,D0019130
R0029966,D0034816
R0031848,D0036966
R0026798,D0031150
R0027417,D0031862
R0023752,D0027571
R0022059,D0025642
R0002814,D0003287
R0032244,D0037482
R0025359,D0029460
R0006491,D0007497
R0003844,D0004457
R0019246,D0022378
R0018288,D0021253
R0032964,D0038396
R0025626,D0029759
R0033510,D0039028
R0036252,D0042503
R0020899,D0024324
R0000869,D0001028
R0008321,D0009622
R0025025,D0029061
R0034971,D0040892
R0034198,D0039940
R0025743,D0029887
R0022243,D0025858
R0037873,D0044364
R0012651,D0014780
R0031586,D0036655
R0016341,D0019007
R0020975,D0024408
R0022003,D0025579
R0029590,D0034397
R0025262,D0029346
R0035343,D0041313
R0000573,D0000678
R0014185,D0016535
R0008565,D0009913
R0001892,D0002207
R0021368,D0024862
R0032978,D0038413
R0016738,D0019471
R0007943,D0009166
R0027300,D0031727
R0033612,D0039151
R0015812,D0018378
R0017807,D0020696
R0019323,D0022468
R0029067,D0033804
R0002477,D0002895
R0005333,D0006171
R0037878,D0044370
R0008297,D0009594
R0017287,D0020104
R0001275,D0001498
R0019235,D0022365
R0006815,D0007863
R0019877,D0023101
R0027131,D0031539
R0025258,D0029341
R0024190,D0028083
R0027713,D0032202
R0037212,D0043619
R0010230,D0011904
R0017737,D0020616
R0032997,D0038436
R0033694,D0039274
R0031733,D0036817
R0012331,D0014385
R0021106,D0024555
R0030306,D0035196
R0017155,D0019946
R0001344,D0001574
R0035720,D0041795
R0011027,D0012852
R0020843,D0024260
R0005701,D0006608
R0038041,D0044563
R0020960,D0024393
R0003271,D0003814
R0013953,D0016272
R0032467,D0037765
R0036656,D0042988
R0004116,D0004774
R0020083,D0023356
R0004566,D0005298
R0032202,D0037424
R0034429,D0040226
R0012354,D0014409
R0016038,D0018651
R0034090,D0039793
R0017260,D0020068
R0037957,D0044463
R0001658,D0001935
R0002061,D0002412
R0022115,D0025713
R0012646,D0014775
R0003094,D0003610
R0038385,D0044966
R0007133,D0008229
R0013360,D0015612
R0016543,D0019232
R0020086,D0023359
R0035836,D0041949
R0008994,D0010421
R0031424,D0036470
R0036148,D0042367
R0021148,D0024603
R0006681,D0007707
R0033936,D0039608
R0012619,D0014738
R0025584,D0029714
R0028743,D0033419
R0011441,D0013344
R0036437,D0042726
R0020908,D0024333
R0020770,D0024175
R0012807,D0014966
R0000301,D0000359
R0030247,D0035131
R0001907,D0002223
R0032469,D0037770
R0039161,D0045849
R0031799,D0036907
R0005366,D0006211
R0024149,D0028032
R0007967,D0009194
R0038687,D0045304
R0003974,D0004609
R0027548,D0032010
R0009136,D0010601
R0006813,D0007861
R0020258,D0023568
R0026288,D0030538
R0001941,D0002265
R0016230,D0018876
R0008004,D0009238
R0002014,D0002354
R0004861,D0005634
R0012176,D0014193
R0026110,D0030336
R0010362,D0012062
R0023371,D0027127
R0022245,D0025861
R0023097,D0026815
R0037376,D0043801
R0031764,D0036861
R0011489,D0013396
R0028278,D0032873
R0029912,D0034756
R0033159,D0038621
R0004174,D0004840
R0018680,D0021709
R0007226,D0008334
R0024557,D0028529
R0019385,D0022539
R0006760,D0007800
R0034798,D0040692
R0038806,D0045447
R0013451,D0015721
R0015163,D0017634
R0010568,D0012300
R0024144,D0028026
R0037963,D0044469
R0032465,D0037763
R0026543,D0030837
R0014187,D0016538
R0017527,D0020376
R0029286,D0034054
R0035938,D0042090
R0012653,D0014782
R0033944,D0039618
R0029035,D0033764
R0026830,D0031188
R0000381,D0000451
R0019090,D0022190
R0026587,D0030894
R0014401,D0016777
R0028088,D0032647
R0033608,D0039146
R0008831,D0010237
R0038817,D0045459
R0032118,D0037316
R0033410,D0038913
R0002869,D0003350
R0019111,D0022213
R0027744,D0032237
R0032648,D0038007
R0001585,D0001852
R0036089,D0042293
R0034751,D0040639
R0023667,D0027470
R0017898,D0020795
R0023769,D0027591
R0024745,D0028747
R0024095,D0027970
R0027182,D0031597
R0039278,D0045983
R0009734,D0011310
R0004398,D0005097
R0008129,D0009388
R0038733,D0045357
R0009112,D0010572
R0020836,D0024253
R0021541,D0025061
R0005644,D0006544
R0029792,D0034625
R0009446,D0010968
R0028242,D0032829
R0023844,D0027672
R0037360,D0043783
R0002495,D0002917
R0017375,D0020202
R0009720,D0011295
R0018073,D0020996
R0036491,D0042786
R0002508,D0002935
R0018984,D0022066
R0020212,D0023512
R0012680,D0014816
R0013011,D0015199
R0036079,D0042282
R0010087,D0011728
R0030864,D0035836
R0009344,D0010850
R0009134,D0010599
R0010853,D0012644
R0013207,D0015430
R0010169,D0011825
R0002456,D0002869
R0002459,D0002872
R0026589,D0030896
R0000568,D0000673
R0037039,D0043426
R0005436,D0006293
R0036598,D0042914
R0039175,D0045864
R0000710,D0000841
R0038914,D0045569
R0006678,D0007702
R0005906,D0006842
R0005633,D0006531
R0002679,D0003132
R0011090,D0012930
R0018679,D0021707
R0028757,D0033436
R0009024,D0010456
R0009946,D0011558
R0023669,D0027472
R0007993,D0009224
R0006173,D0007137
R0025397,D0029504
R0031451,D0036503
R0007705,D0008888
R0033735,D0039335
R0001844,D0002156
R0036416,D0042697
R0035800,D0041895
R0028492,D0033132
R0031948,D0037102
R0009671,D0011237
R0011175,D0013040
R0000964,D0001140
R0019436,D0022593
R0037138,D0043535
R0037820,D0044307
R0024600,D0028579
R0032987,D0038426
R0003234,D0003772
R0034680,D0040551
R0021511,D0025027
R0036366,D0042633
R0004548,D0005273
R0021896,D0025455
R0009933,D0011543
R0009682,D0011249
R0034401,D0040183
R0005199,D0006018
R0026336,D0030594
R0019550,D0022723
R0025333,D0029429
R0006140,D0007100
R0026988,D0031378
R0023954,D0027805
R0025149,D0029211
R0018655,D0021682
R0007311,D0008432
R0007095,D0008181
R0022018,D0025594
R0038074,D0044602
R0012404,D0014475
R0013702,D0016005
R0012460,D0014552
R0021034,D0024477
R0023411,D0027174
R0003046,D0003557
R0033878,D0039535
R0026572,D0030871
R0036353,D0042619
R0023713,D0027524
R0015836,D0018405
R0022716,D0026386
R0002313,D0002708
R0007277,D0008395
R0017147,D0019938
R0015446,D0017950
R0013280,D0015518
R0039083,D0045759
R0028803,D0033490
R0028662,D0033332
R0012425,D0014504
R0033750,D0039354
R0002483,D0002901
R0036840,D0043203
R0015763,D0018324
R0005808,D0006731
R0020593,D0023956
R0023565,D0027356
R0034564,D0040406
R0011287,D0013164
R0019657,D0022847
R0023008,D0026709
R0028275,D0032869
R0036451,D0042740
R0035458,D0041460
R0034287,D0040052
R0008910,D0010325
R0031529,D0036592
R0000686,D0000805
R0022222,D0025831
R0033900,D0039565
R0021166,D0024625
R0011851,D0013796
R0005037,D0005833
R0020015,D0023268
R0025681,D0029816
R0033527,D0039046
R0016447,D0019128
R0030934,D0035911
R0030847,D0035816
R0035146,D0041088
R0036080,D0042283
R0033649,D0039205
R0012183,D0014203
R0010835,D0012625
R0025045,D0029086
R0019009,D0022094
R0009820,D0011409
R0034749,D0040636
R0007900,D0009115
R0033196,D0038664
R0030901,D0035875
R0020276,D0023592
R0034143,D0039870
R0001679,D0001958
R0004195,D0004864
R0010926,D0012731
R0020777,D0024182
R0003706,D0004307
R0032967,D0038400
R0017769,D0020652
R0037876,D0044368
R0001477,D0001724
R0006649,D0007671
R0032631,D0037985
R0006089,D0007046
R0020829,D0024246
R0008084,D0009334
R0034414,D0040202
R0009413,D0010928
R0014711,D0017122
R0026401,D0030667
R0019262,D0022397
R0037263,D0043675
R0037736,D0044208
R0001659,D0001936
R0038300,D0044861
R0012154,D0014166
R0000965,D0001141
R0035587,D0041619
R0028987,D0033705
R0029313,D0034086
R0002669,D0003120
R0031656,D0036731
R0011557,D0013473
R0000093,D0000114
R0032933,D0038355
R0009754,D0011332
R0005236,D0006060
R0014348,D0016719
R0004410,D0005110
R0002690,D0003145
R0026527,D0030819
R0028397,D0033015
R0035057,D0040988
R0000726,D0000862
R0010883,D0012680
R0006723,D0007758
R0016752,D0019488
R0036866,D0043232
R0001875,D0002189
R0028577,D0033231
R0021534,D0025052
R0018773,D0021817
R0002361,D0002762
R0028418,D0033038
R0000017,D0000019
R0002271,D0002660
R0005100,D0005908
R0007999,D0009230
R0024418,D0028353
R0030801,D0035761
R0026445,D0030715
R0013901,D0016216
R0036750,D0043085
R0006672,D0007696
R0012077,D0014078
R0010216,D0011882
R0037007,D0043393
R0013611,D0015904
R0037700,D0044167
R0023293,D0027035
R0038945,D0045605
R0008170,D0009439
R0036664,D0042996
R0015081,D0017543
R0025510,D0029629
R0034884,D0040796
R0008411,D0009739
R0035791,D0041882
R0019023,D0022111
R0014556,D0016951
R0036802,D0043152
R0023747,D0027566
R0006269,D0007246
R0013789,D0016099
R0029212,D0033971
R0034744,D0040629
R0006218,D0007187
R0014482,D0016869
R0003811,D0004420
R0035266,D0041225
R0007398,D0008526
R0018505,D0021508
R0032586,D0037923
R0032364,D0037634
R0017176,D0019970
R0038479,D0045069
R0016625,D0019331
R0038227,D0044778
R0030087,D0034952
R0017009,D0019780
R0019772,D0022977
R0031203,D0036213
R0002584,D0003021
R0001456,D0001701
R0006811,D0007858
R0034083,D0039784
R0030759,D0035715
R0039020,D0045691
R0005018,D0005805
R0033641,D0039193
R0000551,D0000649
R0011446,D0013349
R0034433,D0040230
R0004517,D0005239
R0019901,D0023127
R0033565,D0039085
R0023494,D0027273
R0028635,D0033298
R0009941,D0011552
R0030501,D0035419
R0034492,D0040312
R0007790,D0008985
R0004364,D0005056
R0022136,D0025736
R0030062,D0034922
R0037349,D0043770
R0029051,D0033784
R0033235,D0038708
R0009040,D0010482
R0036435,D0042724
R0021176,D0024636
R0015834,D0018403
R0010016,D0011641
R0026245,D0030492
R0012128,D0014136
R0020072,D0023342
R0026021,D0030224
R0022233,D0025847
R0033668,D0039227
R0032219,D0037444
R0038514,D0045108
R0031974,D0037136
R0019442,D0022599
R0017855,D0020748
R0037275,D0043690
R0021911,D0025475
R0012205,D0014230
R0031394,D0036435
R0016613,D0019318
R0006286,D0007266
R0011931,D0013904
R0035407,D0041393
R0038314,D0044875
R0033496,D0039013
R0032433,D0037723
R0015871,D0018454
R0004323,D0005011
R0012333,D0014387
R0031669,D0036744
R0020113,D0023388
R0000856,D0001014
R0035708,D0041776
R0032589,D0037926
R0020099,D0023374
R0000131,D0000160
R0027698,D0032186
R0028859,D0033555
R0021339,D0024827
R0026685,D0031007
R0000590,D0000698
R0033027,D0038469
R0005453,D0006313
R0006870,D0007924
R0023127,D0026853
R0024259,D0028169
R0009071,D0010519
R0019398,D0022553
R0014637,D0017038
R0013437,D0015705
R0000447,D0000526
R0012328,D0014381
R0035623,D0041665
R0021323,D0024808
R0034724,D0040605
R0024519,D0028484
R0003367,D0003918
R0005804,D0006727
R0023757,D0027578
R0015443,D0017947
R0003158,D0003685
R0010377,D0012079
R0005663,D0006565
R0019596,D0022776
R0005210,D0006029
R0030397,D0035294
R0025658,D0029793
R0031149,D0036151
R0022104,D0025699
R0011150,D0013009
R0034218,D0039964
R0011037,D0012864
R0034960,D0040879
R0014174,D0016524
R0027343,D0031780
R0035544,D0041568
R0007838,D0009039
R0034078,D0039778
R0020054,D0023322
R0011432,D0013334
R0022466,D0026113
R0035799,D0041894
R0034404,D0040187
R0032110,D0037308
R0010288,D0011972
R0036855,D0043220
R0027719,D0032208
R0009877,D0011475
R0014937,D0017379
R0023369,D0027125
R0024226,D0028128
R0020698,D0024088
R0012839,D0015005
R0025579,D0029709
R0007135,D0008231
R0020098,D0023373
R0014152,D0016497
R0005869,D0006799
R0025094,D0029147
R0036841,D0043205
R0021778,D0025323
R0039172,D0045860
R0008749,D0010132
R0012062,D0014061
R0033315,D0038802
R0033580,D0039105
R0016472,D0019154
R0038525,D0045121
R0001846,D0002158
R0030025,D0034881
R0028739,D0033414
R0000634,D0000746
R0014231,D0016587
R0028264,D0032856
R0034755,D0040643
R0014399,D0016775
R0035923,D0042071
R0002007,D0002344
R0018325,D0021298
R0020511,D0023856
R0005871,D0006801
R0031047,D0036036
R0014589,D0016987
R0004240,D0004914
R0012410,D0014482
R0034760,D0040650
R0032881,D0038292
R0026888,D0031252
R0016477,D0019160
R0009912,D0011516
R0037510,D0043950
R0004805,D0005570
R0032194,D0037413
R0027821,D0032335
R0000823,D0000979
R0025242,D0029320
R0022660,D0026322
R0038110,D0044646
R0005567,D0006450
R0037827,D0044315
R0023035,D0026741
R0025132,D0029191
R0031697,D0036777
R0026348,D0030610
R0033461,D0038973
R0023552,D0027341
R0024019,D0027883
R0023115,D0026840
R0013400,D0015658
R0035664,D0041719
R0001209,D0001421
R0027054,D0031452
R0028589,D0033244
R0006778,D0007821
R0002910,D0003400
R0022638,D0026300
R0017674,D0020545
R0001168,D0001378
R0009943,D0011554
R0017921,D0020822
R0010176,D0011833
R0007879,D0009090
R0005314,D0006149
R0028587,D0033242
R0000281,D0000337
R0029768,D0034599
R0037712,D0044181
R0025653,D0029787
R0013790,D0016100
R0007937,D0009160
R0001737,D0002023
R0014089,D0016431
R0032380,D0037657
R0028168,D0032743
R0025005,D0029037
R0028439,D0033063
R0005158,D0005971
R0020651,D0024027
R0013234,D0015465
R0004905,D0005685
R0009081,D0010532
R0017239,D0020044
R0003411,D0003967
R0006593,D0007610
R0032235,D0037466
R0014105,D0016447
R0001929,D0002249
R0024453,D0028401
R0002060,D0002409
R0023784,D0027606
R0009689,D0011258
R0001282,D0001506
R0023337,D0027086
R0011574,D0013491
R0022872,D0026560
R0004243,D0004917
R0029144,D0033890
R0026352,D0030614
R0018363,D0021341
R0024459,D0028407
R0003034,D0003543
R0008755,D0010142
R0009059,D0010505
R0003663,D0004255
R0030973,D0035954
R0025014,D0029049
R0021158,D0024616
R0026634,D0030950
R0014052,D0016385
R0007695,D0008878
R0026391,D0030657
R0015694,D0018241
R0037494,D0043931
R0025113,D0029167
R0034542,D0040380
R0014765,D0017182
R0028826,D0033516
R0019284,D0022427
R0007236,D0008345
R0018679,D0021708
R0023106,D0026830
R0001442,D0001686
R0038142,D0044682
R0036524,D0042825
R0003276,D0003819
R0026549,D0030843
R0008929,D0010347
R0022535,D0026189
R0001860,D0002173
R0019356,D0022505
R0021086,D0024531
R0022511,D0026164
R0014852,D0017283
R0032378,D0037654
R0022988,D0026687
R0035318,D0041285
R0016307,D0018965
R0025515,D0029636
R0013306,D0015550
R0038841,D0045484
R0008127,D0009386
R0010308,D0011995
R0001873,D0002187
R0029587,D0034393
R0004437,D0005142
R0025789,D0029944
R0004683,D0005430
R0028234,D0032820
R0033693,D0039273
R0026732,D0031068
R0034811,D0040707
R0019331,D0022478
R0023327,D0027074
R0025044,D0029085
R0003198,D0003734
R0012136,D0014145
R0022383,D0026019
R0015067,D0017528
R0006396,D0007390
R0015634,D0018172
R0030134,D0035005
R0000581,D0000686
R0020988,D0024427
R0001773,D0002069
R0019687,D0022881
R0037675,D0044138
R0029210,D0033969
R0012418,D0014491
R0035114,D0041054
R0009926,D0011535
R0009879,D0011477
R0020588,D0023948
R0013751,D0016057
R0003150,D0003677
R0023919,D0027759
R0030807,D0035769
R0036170,D0042393
R0024630,D0028616
R0005600,D0006492
R0009632,D0011192
R0021416,D0024918
R0009960,D0011577
R0008955,D0010374
R0034397,D0040179
R0001554,D0001812
R0011219,D0013086
R0008623,D0009984
R0036216,D0042455
R0018377,D0021355
R0012249,D0014281
R0011371,D0013262
R0012044,D0014039
R0028315,D0032919
R0030657,D0035598
R0027623,D0032099
R0027464,D0031915
R0034330,D0040100
R0031716,D0036797
R0024159,D0028044
R0030790,D0035748
R0000270,D0000324
R0010973,D0012786
R0034992,D0040919
R0018838,D0021889
R0006783,D0007827
R0010989,D0012805
R0025930,D0030115
R0036977,D0043356
R0030923,D0035899
R0002006,D0002343
R0005576,D0006461
R0010896,D0012694
R0024883,D0028902
R0036073,D0042276
R0026825,D0031183
R0032731,D0038111
R0034844,D0040746
R0034614,D0040468
R0034630,D0040490
R0015153,D0017624
R0002393,D0002798
R0026906,D0031274
R0034474,D0040284
R0035776,D0041863
R0025707,D0029848
R0012191,D0014214
R0006860,D0007913
R0035594,D0041629
R0009254,D0010745
R0002005,D0002341
R0027035,D0031429
R0033504,D0039021
R0039078,D0045754
R0009561,D0011107
R0038623,D0045233
R0027991,D0032530
R0015928,D0018522
R0023012,D0026714
R0008704,D0010079
R0030282,D0035170
R0012730,D0014875
R0029984,D0034835
R0023266,D0027004
R0000114,D0000139
R0005165,D0005979
R0004277,D0004961
R0013086,D0015291
R0003282,D0003825
R0004267,D0004950
R0031054,D0036043
R0004371,D0005064
R0006648,D0007670
R0036748,D0043083
R0004704,D0005452
R0024092,D0027967
R0036991,D0043374
R0019285,D0022428
R0026411,D0030677
R0010295,D0011980
R0001047,D0001239
R0001119,D0001321
R0038534,D0045133
R0019319,D0022464
R0028489,D0033128
R0027669,D0032153
R0028656,D0033326
R0010358,D0012056
R0007113,D0008203
R0006801,D0007847
R0001594,D0001864
R0031847,D0036963
R0033051,D0038497
R0013016,D0015205
R0023960,D0027812
R0013632,D0015926
R0018499,D0021502
R0000914,D0001082
R0026101,D0030321
R0018846,D0021897
R0009657,D0011222
R0020954,D0024387
R0013108,D0015317
R0029094,D0033835
R0028553,D0033203
R0033781,D0039400
R0036310,D0042575
R0014751,D0017168
R0038862,D0045509
R0026318,D0030575
R0030011,D0034867
R0017144,D0019935
R0019927,D0023161
R0038641,D0045253
R0039253,D0045952
R0006990,D0008058
R0022556,D0026212
R0018827,D0021877
R0013531,D0015814
R0016967,D0019733
R0005284,D0006116
R0037579,D0044030
R0018277,D0021239
R0034375,D0040156
R0006483,D0007489
R0013560,D0015845
R0037012,D0043398
R0005032,D0005824
R0002481,D0002899
R0008736,D0010119
R0029923,D0034769
R0024136,D0028018
R0023637,D0027436
R0000227,D0000271
R0027221,D0031640
R0007260,D0008376
R0027775,D0032276
R0014555,D0016950
R0011577,D0013494
R0013314,D0015561
R0026069,D0030281
R0008713,D0010091
R0030231,D0035112
R0001318,D0001546
R0003769,D0004375
R0002359,D0002760
R0014693,D0017098
R0021751,D0025294
R0036860,D0043225
R0031421,D0036465
R0024189,D0028081
R0011189,D0013055
R0000212,D0000250
R0021557,D0025081
R0016910,D0019669
R0031392,D0036433
R0036159,D0042378
R0004914,D0005694
R0005469,D0006337
R0000649,D0000762
R0030588,D0035521
R0007076,D0008159
R0009321,D0010822
R0034262,D0040015
R0030664,D0035605
R0020379,D0023704
R0034180,D0039918
R0037458,D0043893
R0025137,D0029198
R0017670,D0020540
R0005197,D0006015
R0019455,D0022615
R0031296,D0036323
R0016419,D0019097
R0003696,D0004294
R0007348,D0008471
R0021887,D0025442
R0023287,D0027028
R0015601,D0018132
R0004928,D0005708
R0030795,D0035754
R0007351,D0008474
R0034275,D0040032
R0000427,D0000503
R0021114,D0024563
R0017716,D0020593
R0033658,D0039215
R0011405,D0013304
R0037577,D0044028
R0013325,D0015573
R0020474,D0023814
R0023546,D0027335
R0008654,D0010022
R0003068,D0003579
R0009830,D0011421
R0011278,D0013154
R0003733,D0004336
R0038155,D0044696
R0030275,D0035162
R0034299,D0040065
R0032627,D0037978
R0017291,D0020108
R0001431,D0001672
R0004844,D0005613
R0003093,D0003609
R0009030,D0010464
R0032885,D0038296
R0025738,D0029881
R0037532,D0043977
R0017491,D0020335
R0012877,D0015048
R0006925,D0007988
R0030515,D0035434
R0026148,D0030379
R0018477,D0021478
R0021687,D0025224
R0023422,D0027186
R0008619,D0009980
R0007374,D0008499
R0032962,D0038393
R0034343,D0040118
R0035665,D0041720
R0000497,D0000586
R0019074,D0022173
R0017649,D0020516
R0000616,D0000727
R0021755,D0025299
R0019915,D0023145
R0002914,D0003404
R0035688,D0041748
R0006167,D0007129
R0017820,D0020710
R0024679,D0028670
R0029448,D0034233
R0009872,D0011469
R0026105,D0030326
R0022459,D0026104
R0030043,D0034902
R0027485,D0031940
R0000180,D0000216
R0033075,D0038522
R0025103,D0029156
R0030190,D0035065
R0019067,D0022166
R0012483,D0014578
R0013635,D0015929
R0002706,D0003164
R0031495,D0036554
R0028479,D0033114
R0036312,D0042577
R0002055,D0002401
R0035778,D0041866
R0017430,D0020265
R0025426,D0029535
R0035639,D0041687
R0012357,D0014412
R0020933,D0024362
R0035839,D0041953
R0014974,D0017419
R0026519,D0030810
R0010644,D0012391
R0034927,D0040841
R0021880,D0025433
R0037482,D0043919
R0023953,D0027804
R0012989,D0015173
R0019363,D0022514
R0014497,D0016887
R0035828,D0041937
R0001826,D0002135
R0012616,D0014735
R0015712,D0018262
R0020702,D0024094
R0013827,D0016140
R0030899,D0035873
R0017717,D0020594
R0007702,D0008885
R0024296,D0028209
R0000127,D0000154
R0020508,D0023853
R0010879,D0012675
R0029103,D0033845
R0026345,D0030607
R0005029,D0005820
R0011148,D0013007
R0002831,D0003307
R0018478,D0021479
R0027990,D0032529
R0003427,D0003986
R0032946,D0038371
R0035152,D0041095
R0035215,D0041167
R0012771,D0014927
R0022666,D0026329
R0030564,D0035492
R0003878,D0004499
R0015302,D0017786
R0031409,D0036452
R0037288,D0043703
R0034873,D0040781
R0002805,D0003275
R0008893,D0010307
R0039084,D0045760
R0028540,D0033188
R0014722,D0017135
R0028092,D0032651
R0000407,D0000479
R0000455,D0000536
R0030167,D0035039
R0000341,D0000406
R0002269,D0002658
R0020731,D0024127
R0004146,D0004808
R0018403,D0021387
R0026267,D0030516
R0012573,D0014684
R0017926,D0020828
R0026497,D0030782
R0010774,D0012548
R0018563,D0021571
R0012670,D0014803
R0021263,D0024734
R0015671,D0018214
R0006194,D0007161
R0027926,D0032459
R0022146,D0025746
R0011541,D0013455
R0022579,D0026236
R0009035,D0010473
R0023842,D0027670
R0020479,D0023821
R0039274,D0045978
R0017705,D0020582
R0034159,D0039892
R0002172,D0002543
R0017548,D0020402
R0006997,D0008066
R0003729,D0004332
R0008553,D0009900
R0036163,D0042383
R0024820,D0028829
R0030906,D0035880
R0004001,D0004639
R0026555,D0030850
R0026038,D0030244
R0037885,D0044378
R0017836,D0020729
R0033842,D0039485
R0030546,D0035471
R0013506,D0015784
R0033405,D0038908
R0031782,D0036884
R0006271,D0007249
R0028802,D0033489
R0036900,D0043270
R0032666,D0038030
R0007305,D0008426
R0000470,D0000554
R0007187,D0008292
R0008818,D0010218
R0035054,D0040985
R0001235,D0001453
R0010744,D0012510
R0019995,D0023248
R0034750,D0040637
R0014203,D0016557
R0002450,D0002862
R0018883,D0021941
R0017746,D0020626
R0006170,D0007134
R0029669,D0034490
R0007905,D0009121
R0026335,D0030593
R0032755,D0038138
R0024315,D0028231
R0031826,D0036939
R0022703,D0026372
R0028730,D0033404
R0025959,D0030153
R0021138,D0024590
R0019139,D0022250
R0027845,D0032367
R0024978,D0029007
R0006972,D0008039
R0024397,D0028328
R0025289,D0029381
R0037112,D0043506
R0038901,D0045554
R0013420,D0015683
R0013330,D0015578
R0024448,D0028393
R0038612,D0045220
R0024423,D0028360
R0010554,D0012281
R0019743,D0022946
R0010678,D0012430
R0036075,D0042278
R0016103,D0018728
R0018935,D0022002
R0037489,D0043926
R0034588,D0040439
R0018864,D0021919
R0007280,D0008398
R0020283,D0023600
R0011418,D0013318
R0018274,D0021233
R0014877,D0017311
R0015746,D0018303
R0003777,D0004383
R0014349,D0016720
R0038229,D0044780
R0024216,D0028116
R0030447,D0035351
R0012268,D0014302
R0010714,D0012474
R0016816,D0019562
R0012561,D0014667
R0000438,D0000515
R0017724,D0020602
R0017973,D0020882
R0028798,D0033485
R0009792,D0011372
R0019450,D0022609
R0016190,D0018829
R0031377,D0036416
R0012763,D0014916
R0015556,D0018075
R0031541,D0036605
R0009218,D0010703
R0026041,D0030247
R0007057,D0008137
R0031504,D0036564
R0031213,D0036223
R0004991,D0005776
R0038184,D0044730
R0015995,D0018598
R0018491,D0021494
R0031751,D0036840
R0017852,D0020745
R0004833,D0005601
R0006084,D0007041
R0018013,D0020923
R0035481,D0041489
R0002321,D0002717
R0003212,D0003748
R0008946,D0010364
R0019078,D0022177
R0013800,D0016111
R0028635,D0033299
R0012930,D0015108
R0022137,D0025737
R0035331,D0041299
R0001178,D0001389
R0033226,D0038697
R0021447,D0024955
R0019006,D0022091
R0031132,D0036133
R0001900,D0002216
R0027514,D0031973
R0024100,D0027976
R0015846,D0018419
R0028516,D0033158
R0016411,D0019089
R0008735,D0010117
R0028170,D0032746
R0015759,D0018320
R0001145,D0001353
R0036012,D0042193
R0026392,D0030658
R0032290,D0037541
R0019313,D0022457
R0020453,D0023787
R0007053,D0008133
R0005435,D0006292
R0015399,D0017899
R0036234,D0042479
R0036174,D0042399
R0013906,D0016221
R0002305,D0002698
R0003965,D0004600
R0007889,D0009102
R0011647,D0013576
R0026559,D0030854
R0015520,D0018036
R0013176,D0015398
R0035189,D0041140
R0011826,D0013769
R0018195,D0021144
R0034107,D0039820
R0014131,D0016476
R0007579,D0008740
R0000356,D0000424
R0029381,D0034160
R0011140,D0012998
R0014458,D0016845
R0022772,D0026453
R0030828,D0035796
R0037884,D0044377
R0015930,D0018524
R0000251,D0000302
R0014856,D0017288
R0001891,D0002206
R0016713,D0019439
R0001009,D0001193
R0012566,D0014674
R0012894,D0015066
R0038893,D0045545
R0002549,D0002981
R0002097,D0002458
R0029300,D0034072
R0010869,D0012664
R0007448,D0008585
R0037186,D0043592
R0009403,D0010918
R0020357,D0023681
R0007843,D0009044
R0026819,D0031175
R0011164,D0013025
R0002444,D0002856
R0026423,D0030689
R0002187,D0002561
R0025667,D0029802
R0028037,D0032586
R0033593,D0039126
R0011051,D0012883
R0020779,D0024184
R0010151,D0011804
R0028103,D0032664
R0013028,D0015217
R0008431,D0009763
R0001494,D0001747
R0006078,D0007034
R0001229,D0001445
R0001440,D0001684
R0003602,D0004186
R0017088,D0019868
R0038875,D0045525
R0036836,D0043198
R0019731,D0022932
R0017148,D0019939
R0011108,D0012958
R0012533,D0014633
R0016342,D0019009
R0007493,D0008637
R0008957,D0010378
R0003840,D0004452
R0020545,D0023898
R0002491,D0002910
R0005402,D0006252
R0002962,D0003458
R0014528,D0016919
R0002095,D0002456
R0006036,D0006988
R0001082,D0001278
R0005360,D0006204
R0011952,D0013931
R0022709,D0026379
R0033657,D0039214
R0015087,D0017549
R0013916,D0016232
R0020936,D0024366
R0030559,D0035485
