reporting_unit_id,enterprise_id,stratum,site
RU000001,E00001,PRO,depot
RU000002,E00001,PRO,plant
RU000003,E00001,PRO,branch
RU000004,E00002,MFG,depot
RU000005,E00003,CON,branch
RU000006,E00004,WRT,depot
RU000007,E00005,TRS,yard
RU000008,E00006,TRS,depot
RU000009,E00007,CON,office
RU000010,E00008,PRO,depot
RU000011,E00009,WRT,depot
RU000012,E00010,MFG,yard
RU000013,E00011,ACC,yard
RU000014,E00012,TRS,head office
RU000015,E00013,MFG,depot
RU000016,E00014,TRS,plant
RU000017,E00015,MFG,office
RU000018,E00015,MFG,yard
RU000019,E00015,MFG,yard
RU000020,E00016,WRT,branch
RU000021,E00017,ACC,depot
RU000022,E00018,WRT,plant
RU000023,E00019,WRT,yard
RU000024,E00019,WRT,head office
RU000025,E00019,WRT,head office
RU000026,E00020,PRO,depot
RU000027,E00021,CON,head office
RU000028,E00021,CON,depot
RU000029,E00021,CON,office
RU000030,E00022,WRT,plant
RU000031,E00023,CON,yard
RU000032,E00024,CON,plant
RU000033,E00025,MFG,depot
RU000034,E00026,CON,office
RU000035,E00026,CON,yard
RU000036,E00027,PRO,office
RU000037,E00027,PRO,yard
RU000038,E00027,PRO,plant
RU000039,E00028,WRT,depot
RU000040,E00029,CON,branch
RU000041,E00030,ACC,yard
RU000042,E00031,MFG,office
RU000043,E00031,MFG,plant
RU000044,E00032,TRS,yard
RU000045,E00033,TRS,depot
RU000046,E00034,PRO,yard
RU000047,E00035,MFG,yard
RU000048,E00036,ACC,plant
RU000049,E00037,WRT,plant
RU000050,E00038,PRO,depot
RU000051,E00039,ACC,office
RU000052,E00040,ACC,head office
RU000053,E00041,CON,yard
RU000054,E00041,CON,office
RU000055,E00041,CON,office
RU000056,E00041,CON,yard
RU000057,E00042,WRT,head office
RU000058,E00043,PRO,office
RU000059,E00043,PRO,yard
RU000060,E00044,ACC,depot
RU000061,E00045,WRT,plant
RU000062,E00046,MFG,depot
RU000063,E00047,PRO,plant
RU000064,E00048,PRO,head office
RU000065,E00048,PRO,branch
RU000066,E00048,PRO,plant
RU000067,E00049,WRT,depot
RU000068,E00050,MFG,plant
RU000069,E00051,ACC,yard
RU000070,E00052,TRS,head office
RU000071,E00053,ACC,yard
RU000072,E00054,MFG,branch
RU000073,E00055,PRO,yard
RU000074,E00056,CON,depot
RU000075,E00057,PRO,branch
RU000076,E00058,TRS,plant
RU000077,E00058,TRS,yard
RU000078,E00058,TRS,yard
RU000079,E00059,CON,head office
RU000080,E00059,CON,yard
RU000081,E00060,TRS,yard
RU000082,E00061,MFG,branch
RU000083,E00062,ACC,plant
RU000084,E00063,PRO,depot
RU000085,E00064,MFG,branch
RU000086,E00065,MFG,plant
RU000087,E00065,MFG,yard
RU000088,E00066,MFG,office
RU000089,E00067,WRT,office
RU000090,E00068,WRT,office
RU000091,E00069,MFG,yard
RU000092,E00069,MFG,depot
RU000093,E00070,WRT,depot
RU000094,E00070,WRT,yard
RU000095,E00070,WRT,branch
RU000096,E00070,WRT,yard
RU000097,E00071,ACC,yard
RU000098,E00072,TRS,depot
RU000099,E00072,TRS,yard
RU000100,E00073,ACC,branch
RU000101,E00074,MFG,plant
RU000102,E00075,PRO,head office
RU000103,E00076,ACC,branch
RU000104,E00077,PRO,head office
RU000105,E00078,PRO,yard
RU000106,E00079,MFG,branch
RU000107,E00079,MFG,yard
RU000108,E00079,MFG,office
RU000109,E00080,WRT,office
RU000110,E00081,WRT,depot
RU000111,E00081,WRT,head office
RU000112,E00082,TRS,head office
RU000113,E00083,CON,branch
RU000114,E00083,CON,head office
RU000115,E00083,CON,plant
RU000116,E00083,CON,yard
RU000117,E00084,MFG,branch
RU000118,E00085,MFG,branch
RU000119,E00086,CON,plant
RU000120,E00087,ACC,branch
RU000121,E00088,ACC,yard
RU000122,E00089,PRO,office
RU000123,E00090,PRO,plant
RU000124,E00091,MFG,head office
RU000125,E00092,WRT,head office
RU000126,E00093,WRT,yard
RU000127,E00093,WRT,head office
RU000128,E00093,WRT,plant
RU000129,E00093,WRT,head office
RU000130,E00094,TRS,depot
RU000131,E00095,CON,branch
RU000132,E00095,CON,yard
RU000133,E00096,MFG,yard
RU000134,E00097,MFG,head office
RU000135,E00098,ACC,branch
RU000136,E00099,TRS,office
RU000137,E00100,ACC,head office
RU000138,E00100,ACC,branch
RU000139,E00101,CON,plant
RU000140,E00101,CON,plant
RU000141,E00102,WRT,office
RU000142,E00103,ACC,branch
RU000143,E00104,PRO,head office
RU000144,E00104,PRO,plant
RU000145,E00105,TRS,office
RU000146,E00106,ACC,yard
RU000147,E00106,ACC,branch
RU000148,E00107,PRO,office
RU000149,E00108,WRT,office
RU000150,E00109,PRO,yard
RU000151,E00110,WRT,head office
RU000152,E00111,WRT,depot
RU000153,E00111,WRT,office
RU000154,E00112,TRS,yard
RU000155,E00113,CON,depot
RU000156,E00114,PRO,office
RU000157,E00115,PRO,office
RU000158,E00116,TRS,office
RU000159,E00116,TRS,yard
RU000160,E00117,MFG,depot
RU000161,E00118,ACC,plant
RU000162,E00118,ACC,depot
RU000163,E00118,ACC,branch
RU000164,E00119,CON,branch
RU000165,E00120,PRO,depot
RU000166,E00121,CON,office
RU000167,E00122,WRT,yard
RU000168,E00122,WRT,head office
RU000169,E00122,WRT,yard
RU000170,E00123,PRO,yard
RU000171,E00123,PRO,office
RU000172,E00123,PRO,branch
RU000173,E00123,PRO,depot
RU000174,E00124,PRO,depot
RU000175,E00124,PRO,head office
RU000176,E00124,PRO,branch
RU000177,E00124,PRO,office
RU000178,E00125,PRO,yard
RU000179,E00126,MFG,yard
RU000180,E00127,PRO,head office
RU000181,E00128,CON,branch
RU000182,E00129,TRS,yard
RU000183,E00130,ACC,branch
RU000184,E00131,WRT,office
RU000185,E00132,CON,branch
RU000186,E00133,ACC,branch
RU000187,E00134,PRO,head office
RU000188,E00135,MFG,branch
RU000189,E00136,MFG,depot
RU000190,E00137,MFG,yard
RU000191,E00137,MFG,depot
RU000192,E00138,TRS,yard
RU000193,E00139,TRS,yard
RU000194,E00140,TRS,head office
RU000195,E00141,CON,depot
RU000196,E00142,ACC,office
RU000197,E00143,PRO,head office
RU000198,E00144,MFG,head office
RU000199,E00145,MFG,office
RU000200,E00146,ACC,depot
RU000201,E00146,ACC,office
RU000202,E00146,ACC,head office
RU000203,E00147,CON,plant
RU000204,E00148,CON,head office
RU000205,E00149,PRO,yard
RU000206,E00150,MFG,yard
RU000207,E00151,MFG,branch
RU000208,E00152,WRT,branch
RU000209,E00153,ACC,depot
RU000210,E00154,MFG,office
RU000211,E00155,TRS,office
RU000212,E00156,TRS,head office
RU000213,E00157,MFG,office
RU000214,E00158,CON,office
RU000215,E00159,CON,branch
RU000216,E00159,CON,plant
RU000217,E00159,CON,head office
RU000218,E00160,PRO,head office
RU000219,E00161,CON,office
RU000220,E00161,CON,plant
RU000221,E00162,ACC,depot
RU000222,E00162,ACC,head office
RU000223,E00162,ACC,depot
RU000224,E00163,ACC,depot
RU000225,E00164,TRS,office
RU000226,E00165,TRS,office
RU000227,E00166,ACC,plant
RU000228,E00167,TRS,office
RU000229,E00168,MFG,office
RU000230,E00169,PRO,branch
RU000231,E00170,CON,yard
RU000232,E00171,MFG,yard
RU000233,E00172,WRT,branch
RU000234,E00173,MFG,plant
RU000235,E00174,MFG,branch
RU000236,E00175,PRO,head office
RU000237,E00176,PRO,branch
RU000238,E00177,TRS,head office
RU000239,E00177,TRS,yard
RU000240,E00178,ACC,plant
RU000241,E00179,TRS,depot
RU000242,E00180,PRO,branch
RU000243,E00181,CON,head office
RU000244,E00181,CON,office
RU000245,E00182,MFG,depot
RU000246,E00183,MFG,head office
RU000247,E00183,MFG,branch
RU000248,E00183,MFG,yard
RU000249,E00183,MFG,branch
RU000250,E00184,WRT,plant
RU000251,E00184,WRT,depot
RU000252,E00184,WRT,branch
RU000253,E00185,PRO,branch
RU000254,E00186,MFG,yard
RU000255,E00187,WRT,office
RU000256,E00188,ACC,depot
RU000257,E00188,ACC,head office
RU000258,E00188,ACC,depot
RU000259,E00189,TRS,depot
RU000260,E00190,PRO,head office
RU000261,E00191,MFG,office
RU000262,E00191,MFG,depot
RU000263,E00191,MFG,plant
RU000264,E00191,MFG,head office
RU000265,E00192,MFG,office
RU000266,E00193,CON,depot
RU000267,E00193,CON,plant
RU000268,E00194,ACC,branch
RU000269,E00195,CON,branch
RU000270,E00195,CON,yard
RU000271,E00196,PRO,head office
RU000272,E00197,ACC,yard
RU000273,E00197,ACC,depot
RU000274,E00197,ACC,depot
RU000275,E00198,ACC,yard
RU000276,E00198,ACC,office
RU000277,E00198,ACC,head office
RU000278,E00199,MFG,head office
RU000279,E00200,TRS,depot
RU000280,E00201,MFG,head office
RU000281,E00202,WRT,depot
RU000282,E00203,TRS,office
RU000283,E00204,TRS,head office
RU000284,E00205,CON,plant
RU000285,E00206,PRO,branch
RU000286,E00207,TRS,branch
RU000287,E00207,TRS,plant
RU000288,E00208,TRS,depot
RU000289,E00209,WRT,depot
RU000290,E00210,CON,depot
RU000291,E00211,WRT,plant
RU000292,E00212,ACC,yard
RU000293,E00213,WRT,head office
RU000294,E00214,ACC,yard
RU000295,E00215,WRT,office
RU000296,E00216,ACC,plant
RU000297,E00216,ACC,plant
RU000298,E00216,ACC,branch
RU000299,E00217,CON,depot
RU000300,E00218,MFG,branch
RU000301,E00218,MFG,head office
RU000302,E00218,MFG,plant
RU000303,E00219,ACC,plant
RU000304,E00220,WRT,head office
RU000305,E00221,TRS,office
RU000306,E00222,WRT,office
RU000307,E00223,MFG,branch
RU000308,E00224,WRT,depot
RU000309,E00225,WRT,head office
RU000310,E00226,PRO,office
RU000311,E00227,CON,yard
RU000312,E00228,MFG,branch
RU000313,E00228,MFG,head office
RU000314,E00229,TRS,plant
RU000315,E00230,CON,branch
RU000316,E00231,WRT,office
RU000317,E00232,TRS,depot
RU000318,E00233,WRT,yard
RU000319,E00234,MFG,yard
RU000320,E00234,MFG,depot
RU000321,E00234,MFG,office
RU000322,E00235,MFG,branch
RU000323,E00236,TRS,office
RU000324,E00237,CON,yard
RU000325,E00238,TRS,depot
RU000326,E00239,TRS,head office
RU000327,E00240,MFG,office
RU000328,E00240,MFG,plant
RU000329,E00240,MFG,office
RU000330,E00241,PRO,branch
RU000331,E00242,TRS,head office
RU000332,E00243,ACC,head office
RU000333,E00243,ACC,office
RU000334,E00244,WRT,depot
RU000335,E00245,ACC,yard
RU000336,E00246,TRS,head office
RU000337,E00246,TRS,head office
RU000338,E00247,MFG,yard
RU000339,E00248,TRS,yard
RU000340,E00248,TRS,branch
RU000341,E00249,CON,plant
RU000342,E00249,CON,plant
RU000343,E00250,ACC,plant
RU000344,E00251,MFG,plant
RU000345,E00252,CON,plant
RU000346,E00252,CON,yard
RU000347,E00253,WRT,branch
RU000348,E00254,CON,head office
RU000349,E00255,MFG,head office
RU000350,E00256,TRS,head office
RU000351,E00257,TRS,depot
RU000352,E00258,CON,depot
RU000353,E00258,CON,depot
RU000354,E00258,CON,plant
RU000355,E00259,MFG,head office
RU000356,E00260,ACC,head office
RU000357,E00261,PRO,plant
RU000358,E00262,TRS,plant
RU000359,E00262,TRS,yard
RU000360,E00263,MFG,head office
RU000361,E00264,CON,head office
RU000362,E00264,CON,plant
RU000363,E00264,CON,depot
RU000364,E00265,ACC,plant
RU000365,E00266,PRO,head office
RU000366,E00267,TRS,office
RU000367,E00268,MFG,depot
RU000368,E00269,TRS,plant
RU000369,E00270,MFG,yard
RU000370,E00270,MFG,branch
RU000371,E00271,CON,depot
RU000372,E00272,WRT,branch
RU000373,E00273,MFG,branch
RU000374,E00273,MFG,plant
RU000375,E00274,MFG,yard
RU000376,E00275,CON,plant
RU000377,E00276,TRS,branch
RU000378,E00276,TRS,depot
RU000379,E00277,CON,depot
RU000380,E00278,TRS,branch
RU000381,E00278,TRS,head office
RU000382,E00278,TRS,head office
RU000383,E00279,MFG,branch
RU000384,E00280,MFG,yard
RU000385,E00281,MFG,office
RU000386,E00282,PRO,branch
RU000387,E00283,PRO,yard
RU000388,E00283,PRO,depot
RU000389,E00284,TRS,depot
RU000390,E00285,TRS,head office
RU000391,E00286,MFG,office
RU000392,E00287,PRO,branch
RU000393,E00288,TRS,yard
RU000394,E00289,CON,office
RU000395,E00289,CON,branch
RU000396,E00289,CON,head office
RU000397,E00289,CON,depot
RU000398,E00290,PRO,office
RU000399,E00291,TRS,plant
RU000400,E00292,MFG,head office
RU000401,E00293,TRS,head office
RU000402,E00294,PRO,head office
RU000403,E00295,MFG,head office
RU000404,E00295,MFG,depot
RU000405,E00296,WRT,depot
RU000406,E00297,WRT,depot
RU000407,E00298,ACC,office
RU000408,E00299,WRT,head office
RU000409,E00300,WRT,head office
RU000410,E00301,WRT,depot
RU000411,E00302,ACC,depot
RU000412,E00303,ACC,depot
RU000413,E00304,TRS,depot
RU000414,E00304,TRS,office
RU000415,E00304,TRS,plant
RU000416,E00304,TRS,branch
RU000417,E00305,ACC,plant
RU000418,E00306,PRO,branch
RU000419,E00307,MFG,yard
RU000420,E00308,ACC,plant
RU000421,E00309,WRT,yard
RU000422,E00309,WRT,yard
RU000423,E00309,WRT,head office
RU000424,E00309,WRT,plant
RU000425,E00310,ACC,plant
RU000426,E00310,ACC,depot
RU000427,E00310,ACC,depot
RU000428,E00310,ACC,plant
RU000429,E00311,ACC,office
RU000430,E00312,TRS,yard
RU000431,E00312,TRS,yard
RU000432,E00312,TRS,head office
RU000433,E00313,TRS,branch
RU000434,E00314,TRS,yard
RU000435,E00315,MFG,plant
RU000436,E00315,MFG,plant
RU000437,E00316,MFG,depot
RU000438,E00317,TRS,branch
RU000439,E00318,TRS,office
RU000440,E00319,PRO,office
RU000441,E00320,PRO,head office
RU000442,E00321,CON,head office
RU000443,E00321,CON,yard
RU000444,E00322,MFG,plant
RU000445,E00323,PRO,head office
RU000446,E00324,PRO,branch
RU000447,E00325,PRO,plant
RU000448,E00326,ACC,office
RU000449,E00327,MFG,plant
RU000450,E00328,PRO,office
RU000451,E00329,MFG,yard
RU000452,E00330,ACC,head office
RU000453,E00331,PRO,yard
RU000454,E00332,CON,branch
RU000455,E00333,MFG,plant
RU000456,E00334,PRO,office
RU000457,E00335,MFG,plant
RU000458,E00335,MFG,office
RU000459,E00335,MFG,head office
RU000460,E00336,WRT,yard
RU000461,E00336,WRT,yard
RU000462,E00337,CON,office
RU000463,E00338,PRO,head office
RU000464,E00339,TRS,yard
RU000465,E00340,WRT,branch
RU000466,E00341,WRT,branch
RU000467,E00341,WRT,depot
RU000468,E00341,WRT,yard
RU000469,E00341,WRT,yard
RU000470,E00342,TRS,office
RU000471,E00343,MFG,head office
RU000472,E00344,WRT,yard
RU000473,E00345,CON,yard
RU000474,E00346,CON,head office
RU000475,E00347,TRS,depot
RU000476,E00347,TRS,head office
RU000477,E00348,ACC,yard
RU000478,E00348,ACC,office
RU000479,E00349,PRO,head office
RU000480,E00350,MFG,depot
RU000481,E00351,PRO,yard
RU000482,E00351,PRO,branch
RU000483,E00351,PRO,office
RU000484,E00352,ACC,yard
RU000485,E00353,CON,branch
RU000486,E00354,TRS,office
RU000487,E00354,TRS,head office
RU000488,E00355,MFG,yard
RU000489,E00356,ACC,yard
RU000490,E00356,ACC,office
RU000491,E00357,ACC,plant
RU000492,E00358,WRT,yard
RU000493,E00359,CON,office
RU000494,E00360,CON,depot
RU000495,E00361,PRO,yard
RU000496,E00361,PRO,plant
RU000497,E00362,TRS,yard
RU000498,E00363,CON,yard
RU000499,E00364,WRT,office
RU000500,E00365,WRT,branch
RU000501,E00366,WRT,branch
RU000502,E00367,PRO,plant
RU000503,E00368,ACC,branch
RU000504,E00369,PRO,plant
RU000505,E00370,WRT,head office
RU000506,E00371,ACC,head office
RU000507,E00371,ACC,head office
RU000508,E00371,ACC,head office
RU000509,E00372,PRO,plant
RU000510,E00373,PRO,depot
RU000511,E00373,PRO,branch
RU000512,E00374,WRT,depot
RU000513,E00375,WRT,office
RU000514,E00376,ACC,branch
RU000515,E00377,ACC,yard
RU000516,E00378,TRS,head office
RU000517,E00379,ACC,head office
RU000518,E00380,PRO,head office
RU000519,E00380,PRO,office
RU000520,E00380,PRO,office
RU000521,E00381,ACC,yard
RU000522,E00382,WRT,plant
RU000523,E00382,WRT,yard
RU000524,E00382,WRT,office
RU000525,E00382,WRT,branch
RU000526,E00383,WRT,office
RU000527,E00384,WRT,office
RU000528,E00384,WRT,branch
RU000529,E00385,PRO,yard
RU000530,E00385,PRO,office
RU000531,E00385,PRO,branch
RU000532,E00386,PRO,head office
RU000533,E00387,ACC,office
RU000534,E00388,PRO,office
RU000535,E00389,MFG,plant
RU000536,E00389,MFG,plant
RU000537,E00389,MFG,head office
RU000538,E00390,WRT,plant
RU000539,E00391,MFG,branch
RU000540,E00392,WRT,branch
RU000541,E00393,CON,office
RU000542,E00394,WRT,office
RU000543,E00394,WRT,depot
RU000544,E00395,WRT,depot
RU000545,E00396,TRS,yard
RU000546,E00397,TRS,plant
RU000547,E00398,PRO,depot
RU000548,E00399,WRT,office
RU000549,E00400,TRS,head office
RU000550,E00401,PRO,plant
RU000551,E00402,TRS,office
RU000552,E00402,TRS,yard
RU000553,E00403,TRS,plant
RU000554,E00404,ACC,head office
RU000555,E00405,CON,branch
RU000556,E00406,PRO,yard
RU000557,E00407,PRO,depot
RU000558,E00408,MFG,depot
RU000559,E00408,MFG,depot
RU000560,E00409,ACC,plant
RU000561,E00409,ACC,depot
RU000562,E00410,TRS,branch
RU000563,E00411,WRT,depot
RU000564,E00412,ACC,depot
RU000565,E00413,MFG,office
RU000566,E00414,ACC,plant
RU000567,E00415,ACC,yard
RU000568,E00416,TRS,yard
RU000569,E00417,TRS,depot
RU000570,E00418,PRO,yard
RU000571,E00419,ACC,office
RU000572,E00420,TRS,head office
RU000573,E00421,ACC,head office
RU000574,E00422,WRT,yard
RU000575,E00423,CON,plant
RU000576,E00424,TRS,depot
RU000577,E00425,CON,head office
RU000578,E00425,CON,branch
RU000579,E00426,CON,depot
RU000580,E00427,ACC,branch
RU000581,E00428,WRT,office
RU000582,E00428,WRT,depot
RU000583,E00428,WRT,head office
RU000584,E00429,ACC,branch
RU000585,E00430,WRT,office
RU000586,E00430,WRT,branch
RU000587,E00430,WRT,yard
RU000588,E00431,WRT,branch
RU000589,E00432,ACC,depot
RU000590,E00433,PRO,branch
RU000591,E00433,PRO,branch
RU000592,E00433,PRO,depot
RU000593,E00434,CON,yard
RU000594,E00435,ACC,depot
RU000595,E00436,WRT,yard
RU000596,E00437,MFG,office
RU000597,E00438,PRO,office
RU000598,E00438,PRO,branch
RU000599,E00439,ACC,office
RU000600,E00440,TRS,plant
RU000601,E00441,WRT,branch
RU000602,E00442,CON,plant
RU000603,E00443,PRO,head office
RU000604,E00443,PRO,branch
RU000605,E00443,PRO,plant
RU000606,E00443,PRO,plant
RU000607,E00444,ACC,yard
RU000608,E00445,MFG,plant
RU000609,E00446,PRO,branch
RU000610,E00447,PRO,head office
RU000611,E00448,TRS,branch
RU000612,E00449,MFG,branch
RU000613,E00450,ACC,depot
RU000614,E00451,ACC,head office
RU000615,E00452,CON,depot
RU000616,E00453,ACC,plant
RU000617,E00454,WRT,plant
RU000618,E00454,WRT,plant
RU000619,E00455,MFG,depot
RU000620,E00456,MFG,head office
RU000621,E00456,MFG,head office
RU000622,E00457,PRO,branch
RU000623,E00458,ACC,office
RU000624,E00459,TRS,depot
RU000625,E00460,ACC,depot
RU000626,E00460,ACC,head office
RU000627,E00461,PRO,plant
RU000628,E00462,TRS,yard
RU000629,E00462,TRS,yard
RU000630,E00463,TRS,plant
RU000631,E00464,PRO,yard
RU000632,E00464,PRO,office
RU000633,E00465,MFG,branch
RU000634,E00465,MFG,branch
RU000635,E00466,MFG,office
RU000636,E00467,MFG,branch
RU000637,E00468,WRT,head office
RU000638,E00469,ACC,branch
RU000639,E00470,CON,depot
RU000640,E00471,ACC,yard
RU000641,E00472,PRO,depot
RU000642,E00473,ACC,head office
RU000643,E00474,MFG,office
RU000644,E00475,ACC,head office
RU000645,E00476,MFG,depot
RU000646,E00477,PRO,yard
RU000647,E00478,ACC,yard
RU000648,E00479,CON,head office
RU000649,E00480,ACC,office
RU000650,E00481,TRS,head office
RU000651,E00482,MFG,branch
RU000652,E00482,MFG,depot
RU000653,E00483,ACC,yard
RU000654,E00483,ACC,branch
RU000655,E00484,CON,depot
RU000656,E00485,TRS,yard
RU000657,E00486,WRT,branch
RU000658,E00487,ACC,branch
RU000659,E00488,WRT,branch
RU000660,E00489,ACC,branch
RU000661,E00489,ACC,head office
RU000662,E00489,ACC,office
RU000663,E00490,PRO,plant
RU000664,E00491,CON,office
RU000665,E00492,WRT,yard
RU000666,E00493,ACC,yard
RU000667,E00494,ACC,office
RU000668,E00495,ACC,office
RU000669,E00496,WRT,branch
RU000670,E00496,WRT,depot
RU000671,E00496,WRT,branch
RU000672,E00496,WRT,office
RU000673,E00497,CON,yard
RU000674,E00498,CON,head office
RU000675,E00499,TRS,branch
RU000676,E00500,MFG,branch
RU000677,E00500,MFG,plant
RU000678,E00501,CON,plant
RU000679,E00502,MFG,office
RU000680,E00503,MFG,office
RU000681,E00504,TRS,branch
RU000682,E00505,MFG,office
RU000683,E00505,MFG,office
RU000684,E00505,MFG,yard
RU000685,E00506,PRO,plant
RU000686,E00507,WRT,office
RU000687,E00508,CON,head office
RU000688,E00509,PRO,depot
RU000689,E00509,PRO,head office
RU000690,E00509,PRO,head office
RU000691,E00510,PRO,yard
RU000692,E00511,ACC,plant
RU000693,E00512,ACC,office
RU000694,E00513,WRT,branch
RU000695,E00514,WRT,head office
RU000696,E00515,WRT,office
RU000697,E00516,ACC,depot
RU000698,E00517,WRT,depot
RU000699,E00518,TRS,head office
RU000700,E00519,MFG,branch
RU000701,E00520,CON,depot
RU000702,E00521,PRO,head office
RU000703,E00522,MFG,yard
RU000704,E00523,PRO,head office
RU000705,E00524,PRO,yard
RU000706,E00525,TRS,depot
RU000707,E00526,CON,head office
RU000708,E00527,PRO,head office
RU000709,E00528,WRT,head office
RU000710,E00529,ACC,office
RU000711,E00530,TRS,plant
RU000712,E00531,TRS,office
RU000713,E00531,TRS,plant
RU000714,E00532,PRO,office
RU000715,E00533,PRO,branch
RU000716,E00533,PRO,office
RU000717,E00534,TRS,office
RU000718,E00535,PRO,depot
RU000719,E00535,PRO,depot
RU000720,E00536,MFG,branch
RU000721,E00537,MFG,head office
RU000722,E00537,MFG,head office
RU000723,E00537,MFG,depot
RU000724,E00538,WRT,depot
RU000725,E00539,ACC,plant
RU000726,E00540,PRO,office
RU000727,E00541,MFG,yard
RU000728,E00542,ACC,branch
RU000729,E00543,ACC,depot
RU000730,E00543,ACC,yard
RU000731,E00544,PRO,branch
RU000732,E00545,WRT,head office
RU000733,E00545,WRT,head office
RU000734,E00546,PRO,branch
RU000735,E00547,PRO,head office
RU000736,E00548,WRT,head office
RU000737,E00548,WRT,office
RU000738,E00549,PRO,branch
RU000739,E00549,PRO,office
RU000740,E00549,PRO,office
RU000741,E00550,MFG,office
RU000742,E00551,MFG,head office
RU000743,E00552,MFG,yard
RU000744,E00553,CON,plant
RU000745,E00554,MFG,head office
RU000746,E00555,MFG,head office
RU000747,E00556,WRT,office
RU000748,E00557,MFG,depot
RU000749,E00558,WRT,branch
RU000750,E00558,WRT,branch
RU000751,E00559,PRO,yard
RU000752,E00560,ACC,plant
RU000753,E00561,WRT,head office
RU000754,E00561,WRT,plant
RU000755,E00561,WRT,depot
RU000756,E00562,CON,yard
RU000757,E00563,WRT,plant
RU000758,E00564,TRS,office
RU000759,E00564,TRS,branch
RU000760,E00565,CON,branch
RU000761,E00565,CON,head office
RU000762,E00566,CON,branch
RU000763,E00567,PRO,head office
RU000764,E00567,PRO,head office
RU000765,E00567,PRO,depot
RU000766,E00568,WRT,office
RU000767,E00569,MFG,office
RU000768,E00570,MFG,depot
RU000769,E00570,MFG,depot
RU000770,E00570,MFG,office
RU000771,E00570,MFG,head office
RU000772,E00571,ACC,head office
RU000773,E00571,ACC,yard
RU000774,E00572,MFG,yard
RU000775,E00573,CON,yard
RU000776,E00574,WRT,yard
RU000777,E00575,WRT,branch
RU000778,E00576,MFG,yard
RU000779,E00577,PRO,branch
RU000780,E00578,MFG,head office
RU000781,E00579,MFG,office
RU000782,E00580,PRO,yard
RU000783,E00581,CON,depot
RU000784,E00582,ACC,yard
RU000785,E00583,CON,office
RU000786,E00584,WRT,yard
RU000787,E00585,ACC,branch
RU000788,E00585,ACC,branch
RU000789,E00585,ACC,head office
RU000790,E00586,PRO,branch
RU000791,E00587,WRT,head office
RU000792,E00588,PRO,office
RU000793,E00589,WRT,depot
RU000794,E00590,ACC,branch
RU000795,E00591,PRO,office
RU000796,E00591,PRO,plant
RU000797,E00591,PRO,head office
RU000798,E00591,PRO,plant
RU000799,E00592,PRO,head office
RU000800,E00592,PRO,office
RU000801,E00593,CON,yard
RU000802,E00594,PRO,office
RU000803,E00594,PRO,branch
RU000804,E00594,PRO,depot
RU000805,E00595,WRT,yard
RU000806,E00595,WRT,plant
RU000807,E00595,WRT,yard
RU000808,E00596,CON,branch
RU000809,E00597,ACC,office
RU000810,E00598,ACC,branch
RU000811,E00599,MFG,yard
RU000812,E00600,WRT,depot
RU000813,E00601,MFG,head office
RU000814,E00602,TRS,depot
RU000815,E00602,TRS,head office
RU000816,E00602,TRS,yard
RU000817,E00603,WRT,head office
RU000818,E00604,PRO,head office
RU000819,E00605,MFG,yard
RU000820,E00606,ACC,branch
RU000821,E00607,MFG,plant
RU000822,E00607,MFG,head office
RU000823,E00608,WRT,depot
RU000824,E00608,WRT,depot
RU000825,E00608,WRT,branch
RU000826,E00608,WRT,yard
RU000827,E00609,CON,depot
RU000828,E00609,CON,plant
RU000829,E00610,CON,plant
RU000830,E00610,CON,branch
RU000831,E00611,MFG,branch
RU000832,E00611,MFG,depot
RU000833,E00612,CON,plant
RU000834,E00612,CON,office
RU000835,E00613,PRO,depot
RU000836,E00614,PRO,depot
RU000837,E00614,PRO,office
RU000838,E00614,PRO,plant
RU000839,E00614,PRO,head office
RU000840,E00615,PRO,office
RU000841,E00616,TRS,head office
RU000842,E00616,TRS,yard
RU000843,E00616,TRS,depot
RU000844,E00617,CON,head office
RU000845,E00617,CON,head office
RU000846,E00617,CON,depot
RU000847,E00618,CON,office
RU000848,E00618,CON,head office
RU000849,E00619,TRS,yard
RU000850,E00620,CON,depot
RU000851,E00621,WRT,branch
RU000852,E00622,WRT,office
RU000853,E00623,ACC,head office
RU000854,E00623,ACC,head office
RU000855,E00624,WRT,head office
RU000856,E00624,WRT,plant
RU000857,E00625,CON,head office
RU000858,E00626,CON,yard
RU000859,E00626,CON,head office
RU000860,E00627,TRS,branch
RU000861,E00627,TRS,yard
RU000862,E00627,TRS,plant
RU000863,E00627,TRS,branch
RU000864,E00628,MFG,head office
RU000865,E00629,MFG,depot
RU000866,E00630,WRT,yard
RU000867,E00631,MFG,head office
RU000868,E00632,ACC,yard
RU000869,E00633,PRO,office
RU000870,E00634,PRO,branch
RU000871,E00634,PRO,branch
RU000872,E00635,PRO,plant
RU000873,E00635,PRO,branch
RU000874,E00636,PRO,yard
RU000875,E00637,TRS,depot
RU000876,E00638,CON,plant
RU000877,E00639,PRO,depot
RU000878,E00640,MFG,plant
RU000879,E00641,TRS,branch
RU000880,E00642,MFG,depot
RU000881,E00643,TRS,head office
RU000882,E00644,WRT,office
RU000883,E00645,MFG,depot
RU000884,E00646,WRT,head office
RU000885,E00646,WRT,head office
RU000886,E00646,WRT,head office
RU000887,E00646,WRT,yard
RU000888,E00647,CON,branch
RU000889,E00648,WRT,branch
RU000890,E00649,WRT,yard
RU000891,E00650,PRO,branch
RU000892,E00650,PRO,head office
RU000893,E00650,PRO,depot
RU000894,E00651,ACC,yard
RU000895,E00652,MFG,head office
RU000896,E00653,MFG,yard
RU000897,E00653,MFG,depot
RU000898,E00654,CON,depot
RU000899,E00655,PRO,branch
RU000900,E00656,MFG,office
RU000901,E00657,MFG,office
RU000902,E00658,MFG,depot
RU000903,E00659,WRT,plant
RU000904,E00660,MFG,yard
RU000905,E00661,PRO,plant
RU000906,E00662,MFG,office
RU000907,E00663,WRT,branch
RU000908,E00664,CON,office
RU000909,E00665,WRT,depot
RU000910,E00666,CON,depot
RU000911,E00666,CON,plant
RU000912,E00666,CON,branch
RU000913,E00667,TRS,office
RU000914,E00668,ACC,yard
RU000915,E00669,PRO,depot
RU000916,E00670,MFG,office
RU000917,E00671,CON,branch
RU000918,E00672,TRS,branch
RU000919,E00672,TRS,depot
RU000920,E00673,CON,yard
RU000921,E00674,MFG,office
RU000922,E00675,MFG,branch
RU000923,E00676,MFG,depot
RU000924,E00676,MFG,office
RU000925,E00677,MFG,head office
RU000926,E00678,ACC,office
RU000927,E00678,ACC,yard
RU000928,E00678,ACC,depot
RU000929,E00679,PRO,office
RU000930,E00680,CON,yard
RU000931,E00681,PRO,yard
RU000932,E00682,MFG,head office
RU000933,E00683,PRO,branch
RU000934,E00684,CON,yard
RU000935,E00685,PRO,depot
RU000936,E00686,TRS,plant
RU000937,E00687,WRT,yard
RU000938,E00688,TRS,depot
RU000939,E00688,TRS,office
RU000940,E00689,MFG,yard
RU000941,E00689,MFG,depot
RU000942,E00689,MFG,office
RU000943,E00690,MFG,yard
RU000944,E00691,MFG,head office
RU000945,E00692,PRO,head office
RU000946,E00693,CON,branch
RU000947,E00694,WRT,depot
RU000948,E00695,ACC,depot
RU000949,E00696,WRT,head office
RU000950,E00697,PRO,branch
RU000951,E00697,PRO,plant
RU000952,E00698,MFG,head office
RU000953,E00699,MFG,branch
RU000954,E00700,PRO,yard
RU000955,E00701,MFG,head office
RU000956,E00702,PRO,head office
RU000957,E00703,TRS,depot
RU000958,E00704,MFG,branch
RU000959,E00705,TRS,yard
RU000960,E00706,TRS,yard
RU000961,E00707,WRT,head office
RU000962,E00707,WRT,yard
RU000963,E00707,WRT,office
RU000964,E00708,ACC,office
RU000965,E00709,WRT,plant
RU000966,E00710,WRT,branch
RU000967,E00711,ACC,office
RU000968,E00712,WRT,yard
RU000969,E00712,WRT,branch
RU000970,E00712,WRT,yard
RU000971,E00713,WRT,head office
RU000972,E00714,WRT,office
RU000973,E00715,WRT,office
RU000974,E00716,WRT,head office
RU000975,E00717,PRO,office
RU000976,E00718,TRS,depot
RU000977,E00719,TRS,yard
RU000978,E00719,TRS,branch
RU000979,E00720,ACC,yard
RU000980,E00721,PRO,head office
RU000981,E00722,TRS,yard
RU000982,E00723,MFG,office
RU000983,E00724,PRO,branch
RU000984,E00725,MFG,yard
RU000985,E00726,MFG,plant
RU000986,E00727,WRT,head office
RU000987,E00728,TRS,branch
RU000988,E00729,TRS,depot
RU000989,E00730,MFG,plant
RU000990,E00731,ACC,office
RU000991,E00732,PRO,plant
RU000992,E00733,ACC,head office
RU000993,E00734,CON,plant
RU000994,E00734,CON,yard
RU000995,E00734,CON,branch
RU000996,E00735,TRS,head office
RU000997,E00735,TRS,yard
RU000998,E00735,TRS,branch
RU000999,E00736,CON,branch
RU001000,E00737,CON,plant
RU001001,E00738,MFG,yard
RU001002,E00738,MFG,head office
RU001003,E00739,CON,depot
RU001004,E00740,CON,plant
RU001005,E00741,CON,plant
RU001006,E00742,TRS,head office
RU001007,E00743,MFG,branch
RU001008,E00744,CON,yard
RU001009,E00744,CON,depot
RU001010,E00745,CON,head office
RU001011,E00745,CON,head office
RU001012,E00746,PRO,depot
RU001013,E00747,CON,head office
RU001014,E00748,CON,plant
RU001015,E00749,CON,office
RU001016,E00749,CON,depot
RU001017,E00750,ACC,head office
RU001018,E00751,CON,plant
RU001019,E00751,CON,plant
RU001020,E00752,ACC,office
RU001021,E00753,PRO,plant
RU001022,E00754,MFG,plant
RU001023,E00755,PRO,head office
RU001024,E00755,PRO,branch
RU001025,E00756,CON,plant
RU001026,E00757,PRO,plant
RU001027,E00758,TRS,yard
RU001028,E00759,CON,branch
RU001029,E00760,ACC,yard
RU001030,E00760,ACC,yard
RU001031,E00761,CON,head office
RU001032,E00762,PRO,head office
RU001033,E00763,PRO,office
RU001034,E00764,ACC,depot
RU001035,E00764,ACC,yard
RU001036,E00765,PRO,yard
RU001037,E00766,CON,plant
RU001038,E00766,CON,yard
RU001039,E00766,CON,depot
RU001040,E00767,MFG,yard
RU001041,E00768,CON,depot
RU001042,E00769,MFG,office
RU001043,E00770,ACC,branch
RU001044,E00771,MFG,yard
RU001045,E00772,MFG,plant
RU001046,E00773,PRO,depot
RU001047,E00774,WRT,office
RU001048,E00775,WRT,branch
RU001049,E00776,PRO,head office
RU001050,E00777,TRS,yard
RU001051,E00778,ACC,office
RU001052,E00779,PRO,depot
RU001053,E00779,PRO,head office
RU001054,E00780,MFG,branch
RU001055,E00781,CON,office
RU001056,E00782,MFG,branch
RU001057,E00782,MFG,yard
RU001058,E00783,ACC,yard
RU001059,E00784,MFG,depot
RU001060,E00785,TRS,office
RU001061,E00786,CON,office
RU001062,E00787,MFG,office
RU001063,E00788,MFG,office
RU001064,E00789,TRS,office
RU001065,E00789,TRS,plant
RU001066,E00790,CON,head office
RU001067,E00790,CON,plant
RU001068,E00790,CON,yard
RU001069,E00791,ACC,yard
RU001070,E00792,TRS,branch
RU001071,E00792,TRS,branch
RU001072,E00793,WRT,plant
RU001073,E00794,ACC,head office
RU001074,E00795,WRT,head office
RU001075,E00795,WRT,plant
RU001076,E00796,ACC,depot
RU001077,E00797,MFG,yard
RU001078,E00798,PRO,plant
RU001079,E00799,PRO,office
RU001080,E00799,PRO,yard
RU001081,E00800,PRO,head office
RU001082,E00801,TRS,yard
RU001083,E00802,TRS,yard
RU001084,E00803,ACC,yard
RU001085,E00803,ACC,branch
RU001086,E00804,PRO,branch
RU001087,E00804,PRO,depot
RU001088,E00804,PRO,yard
RU001089,E00805,ACC,branch
RU001090,E00806,PRO,head office
RU001091,E00807,CON,office
RU001092,E00808,PRO,depot
RU001093,E00809,MFG,office
RU001094,E00810,MFG,head office
RU001095,E00811,MFG,office
RU001096,E00811,MFG,office
RU001097,E00811,MFG,head office
RU001098,E00812,MFG,plant
RU001099,E00813,ACC,depot
RU001100,E00814,PRO,yard
RU001101,E00815,ACC,plant
RU001102,E00816,WRT,depot
RU001103,E00817,PRO,office
RU001104,E00818,PRO,yard
RU001105,E00818,PRO,office
RU001106,E00819,MFG,plant
RU001107,E00820,ACC,plant
RU001108,E00821,PRO,office
RU001109,E00821,PRO,head office
RU001110,E00821,PRO,plant
RU001111,E00822,CON,plant
RU001112,E00823,MFG,office
RU001113,E00824,ACC,depot
RU001114,E00825,PRO,depot
RU001115,E00826,TRS,head office
RU001116,E00826,TRS,branch
RU001117,E00826,TRS,office
RU001118,E00827,WRT,head office
RU001119,E00828,TRS,head office
RU001120,E00829,CON,plant
RU001121,E00830,MFG,branch
RU001122,E00831,TRS,branch
RU001123,E00832,WRT,depot
RU001124,E00832,WRT,office
RU001125,E00833,WRT,depot
RU001126,E00834,TRS,yard
RU001127,E00835,MFG,office
RU001128,E00835,MFG,plant
RU001129,E00836,PRO,plant
RU001130,E00837,TRS,branch
RU001131,E00838,TRS,yard
RU001132,E00838,TRS,yard
RU001133,E00838,TRS,depot
RU001134,E00838,TRS,branch
RU001135,E00839,MFG,office
RU001136,E00839,MFG,depot
RU001137,E00840,PRO,plant
RU001138,E00841,MFG,plant
RU001139,E00842,ACC,branch
RU001140,E00843,CON,depot
RU001141,E00844,ACC,head office
RU001142,E00845,TRS,head office
RU001143,E00846,PRO,plant
RU001144,E00847,MFG,plant
RU001145,E00848,ACC,branch
RU001146,E00849,MFG,head office
RU001147,E00850,ACC,branch
RU001148,E00851,WRT,office
RU001149,E00852,ACC,head office
RU001150,E00853,CON,yard
RU001151,E00854,WRT,plant
RU001152,E00855,PRO,depot
RU001153,E00855,PRO,yard
RU001154,E00855,PRO,office
RU001155,E00856,CON,depot
RU001156,E00857,TRS,yard
RU001157,E00858,PRO,head office
RU001158,E00859,CON,depot
RU001159,E00859,CON,branch
RU001160,E00860,ACC,yard
RU001161,E00861,CON,branch
RU001162,E00862,PRO,yard
RU001163,E00863,CON,yard
RU001164,E00864,WRT,office
RU001165,E00865,MFG,yard
RU001166,E00866,WRT,office
RU001167,E00867,PRO,branch
RU001168,E00868,MFG,head office
RU001169,E00869,PRO,depot
RU001170,E00870,WRT,office
RU001171,E00870,WRT,office
RU001172,E00871,CON,depot
RU001173,E00872,WRT,head office
RU001174,E00872,WRT,office
RU001175,E00873,CON,plant
RU001176,E00874,ACC,yard
RU001177,E00875,WRT,depot
RU001178,E00876,TRS,office
RU001179,E00877,PRO,depot
RU001180,E00878,WRT,depot
RU001181,E00878,WRT,plant
RU001182,E00878,WRT,plant
RU001183,E00878,WRT,head office
RU001184,E00879,ACC,branch
RU001185,E00880,PRO,branch
RU001186,E00880,PRO,head office
RU001187,E00881,ACC,depot
RU001188,E00881,ACC,depot
RU001189,E00882,TRS,yard
RU001190,E00883,MFG,head office
RU001191,E00884,MFG,office
RU001192,E00885,CON,depot
RU001193,E00886,PRO,plant
RU001194,E00887,WRT,plant
RU001195,E00888,PRO,office
RU001196,E00889,MFG,yard
RU001197,E00889,MFG,depot
RU001198,E00890,WRT,head office
RU001199,E00890,WRT,yard
RU001200,E00891,WRT,office
RU001201,E00891,WRT,yard
RU001202,E00891,WRT,office
RU001203,E00892,WRT,office
RU001204,E00893,TRS,head office
RU001205,E00893,TRS,depot
RU001206,E00893,TRS,yard
RU001207,E00893,TRS,office
RU001208,E00894,WRT,office
RU001209,E00895,ACC,office
RU001210,E00896,WRT,plant
RU001211,E00897,MFG,branch
RU001212,E00897,MFG,yard
RU001213,E00897,MFG,plant
RU001214,E00898,PRO,office
RU001215,E00899,TRS,depot
RU001216,E00900,ACC,office
RU001217,E00901,WRT,plant
RU001218,E00902,PRO,office
RU001219,E00903,WRT,depot
RU001220,E00904,CON,plant
RU001221,E00905,TRS,plant
RU001222,E00906,MFG,depot
RU001223,E00907,CON,yard
RU001224,E00908,WRT,branch
RU001225,E00909,MFG,branch
RU001226,E00909,MFG,plant
RU001227,E00910,WRT,depot
RU001228,E00911,WRT,branch
RU001229,E00912,WRT,head office
RU001230,E00913,PRO,yard
RU001231,E00914,CON,yard
RU001232,E00915,MFG,depot
RU001233,E00916,ACC,office
RU001234,E00917,MFG,yard
RU001235,E00918,MFG,office
RU001236,E00919,TRS,head office
RU001237,E00919,TRS,head office
RU001238,E00920,ACC,head office
RU001239,E00921,TRS,plant
RU001240,E00922,MFG,head office
RU001241,E00923,PRO,plant
RU001242,E00924,PRO,branch
RU001243,E00925,WRT,plant
RU001244,E00926,CON,branch
RU001245,E00927,WRT,office
RU001246,E00927,WRT,plant
RU001247,E00927,WRT,branch
RU001248,E00927,WRT,head office
RU001249,E00928,CON,plant
RU001250,E00929,MFG,branch
RU001251,E00930,WRT,office
RU001252,E00931,ACC,depot
RU001253,E00932,ACC,depot
RU001254,E00933,TRS,plant
RU001255,E00934,MFG,yard
RU001256,E00934,MFG,depot
RU001257,E00935,CON,head office
RU001258,E00936,PRO,office
RU001259,E00937,WRT,branch
RU001260,E00938,PRO,plant
RU001261,E00939,ACC,plant
RU001262,E00940,TRS,office
RU001263,E00941,TRS,head office
RU001264,E00942,WRT,yard
RU001265,E00943,TRS,yard
RU001266,E00943,TRS,office
RU001267,E00944,MFG,office
RU001268,E00945,MFG,depot
RU001269,E00945,MFG,branch
RU001270,E00946,MFG,yard
RU001271,E00946,MFG,office
RU001272,E00946,MFG,yard
RU001273,E00947,WRT,office
RU001274,E00947,WRT,head office
RU001275,E00948,ACC,plant
RU001276,E00949,TRS,branch
RU001277,E00950,PRO,yard
RU001278,E00951,MFG,plant
RU001279,E00951,MFG,depot
RU001280,E00951,MFG,yard
RU001281,E00951,MFG,head office
RU001282,E00952,MFG,plant
RU001283,E00953,CON,depot
RU001284,E00954,PRO,depot
RU001285,E00955,TRS,office
RU001286,E00955,TRS,plant
RU001287,E00955,TRS,head office
RU001288,E00956,WRT,office
RU001289,E00957,MFG,office
RU001290,E00958,CON,branch
RU001291,E00959,MFG,branch
RU001292,E00959,MFG,head office
RU001293,E00960,PRO,branch
RU001294,E00961,PRO,yard
RU001295,E00962,MFG,branch
RU001296,E00963,CON,yard
RU001297,E00964,WRT,depot
RU001298,E00965,TRS,branch
RU001299,E00965,TRS,depot
RU001300,E00965,TRS,plant
RU001301,E00966,MFG,plant
RU001302,E00967,TRS,branch
RU001303,E00968,ACC,yard
RU001304,E00969,PRO,depot
RU001305,E00970,CON,depot
RU001306,E00970,CON,yard
RU001307,E00971,PRO,plant
RU001308,E00972,TRS,office
RU001309,E00973,CON,head office
RU001310,E00974,TRS,office
RU001311,E00974,TRS,head office
RU001312,E00974,TRS,head office
RU001313,E00975,PRO,office
RU001314,E00976,PRO,office
RU001315,E00977,ACC,depot
RU001316,E00978,TRS,office
RU001317,E00979,PRO,head office
RU001318,E00980,WRT,yard
RU001319,E00981,ACC,branch
RU001320,E00981,ACC,head office
RU001321,E00982,MFG,branch
RU001322,E00983,TRS,plant
RU001323,E00984,ACC,plant
RU001324,E00985,CON,branch
RU001325,E00986,TRS,plant
RU001326,E00987,CON,head office
RU001327,E00988,PRO,branch
RU001328,E00989,TRS,head office
RU001329,E00990,CON,branch
RU001330,E00991,WRT,office
RU001331,E00992,CON,office
RU001332,E00993,ACC,branch
RU001333,E00994,MFG,branch
RU001334,E00995,WRT,plant
RU001335,E00996,WRT,yard
RU001336,E00997,WRT,head office
RU001337,E00998,MFG,yard
RU001338,E00999,ACC,depot
RU001339,E00999,ACC,branch
RU001340,E00999,ACC,yard
RU001341,E00999,ACC,yard
RU001342,E01000,TRS,yard
RU001343,E01001,WRT,yard
RU001344,E01002,PRO,plant
RU001345,E01003,PRO,head office
RU001346,E01004,TRS,depot
RU001347,E01005,WRT,branch
RU001348,E01006,MFG,depot
RU001349,E01007,WRT,yard
RU001350,E01008,TRS,branch
RU001351,E01009,WRT,yard
RU001352,E01010,WRT,office
RU001353,E01010,WRT,depot
RU001354,E01011,WRT,branch
RU001355,E01012,WRT,branch
RU001356,E01013,CON,plant
RU001357,E01014,WRT,depot
RU001358,E01015,TRS,yard
RU001359,E01016,TRS,office
RU001360,E01017,PRO,depot
RU001361,E01018,TRS,branch
RU001362,E01019,PRO,yard
RU001363,E01020,PRO,depot
RU001364,E01021,CON,office
RU001365,E01022,MFG,yard
RU001366,E01022,MFG,branch
RU001367,E01023,MFG,depot
RU001368,E01023,MFG,yard
RU001369,E01024,PRO,depot
RU001370,E01025,WRT,plant
RU001371,E01026,TRS,office
RU001372,E01026,TRS,head office
RU001373,E01027,PRO,plant
RU001374,E01028,TRS,plant
RU001375,E01029,PRO,branch
RU001376,E01029,PRO,head office
RU001377,E01029,PRO,head office
RU001378,E01030,ACC,plant
RU001379,E01031,ACC,plant
RU001380,E01032,CON,office
RU001381,E01033,TRS,depot
RU001382,E01034,WRT,depot
RU001383,E01035,ACC,branch
RU001384,E01035,ACC,office
RU001385,E01036,PRO,head office
RU001386,E01037,ACC,branch
RU001387,E01038,TRS,office
RU001388,E01039,ACC,branch
RU001389,E01039,ACC,branch
RU001390,E01040,CON,yard
RU001391,E01041,TRS,yard
RU001392,E01042,ACC,plant
RU001393,E01043,MFG,yard
RU001394,E01044,TRS,depot
RU001395,E01045,ACC,depot
RU001396,E01046,TRS,yard
RU001397,E01047,ACC,yard
RU001398,E01048,CON,depot
RU001399,E01049,MFG,head office
RU001400,E01050,TRS,office
RU001401,E01051,TRS,plant
RU001402,E01052,ACC,head office
RU001403,E01053,PRO,depot
RU001404,E01054,PRO,head office
RU001405,E01054,PRO,branch
RU001406,E01054,PRO,depot
RU001407,E01055,PRO,depot
RU001408,E01055,PRO,office
RU001409,E01055,PRO,depot
RU001410,E01056,WRT,office
RU001411,E01057,TRS,plant
RU001412,E01058,ACC,head office
RU001413,E01059,PRO,plant
RU001414,E01060,PRO,plant
RU001415,E01061,ACC,depot
RU001416,E01062,ACC,head office
RU001417,E01063,MFG,yard
RU001418,E01063,MFG,head office
RU001419,E01063,MFG,plant
RU001420,E01063,MFG,branch
RU001421,E01064,PRO,depot
RU001422,E01065,PRO,yard
RU001423,E01066,PRO,head office
RU001424,E01067,CON,depot
RU001425,E01068,TRS,depot
RU001426,E01069,CON,office
RU001427,E01070,WRT,plant
RU001428,E01071,WRT,plant
RU001429,E01072,WRT,yard
RU001430,E01073,MFG,yard
RU001431,E01074,TRS,yard
RU001432,E01075,ACC,branch
RU001433,E01076,TRS,office
RU001434,E01077,CON,yard
RU001435,E01078,CON,depot
RU001436,E01079,ACC,head office
RU001437,E01080,ACC,plant
RU001438,E01080,ACC,head office
RU001439,E01081,ACC,head office
RU001440,E01082,CON,office
RU001441,E01083,TRS,branch
RU001442,E01083,TRS,office
RU001443,E01084,ACC,head office
RU001444,E01084,ACC,branch
RU001445,E01085,CON,branch
RU001446,E01086,WRT,depot
RU001447,E01087,PRO,yard
RU001448,E01088,WRT,yard
RU001449,E01089,WRT,yard
RU001450,E01090,WRT,branch
RU001451,E01091,CON,head office
RU001452,E01092,PRO,head office
RU001453,E01093,ACC,depot
RU001454,E01094,PRO,office
RU001455,E01095,ACC,depot
RU001456,E01095,ACC,office
RU001457,E01095,ACC,yard
RU001458,E01095,ACC,plant
RU001459,E01096,TRS,yard
RU001460,E01096,TRS,head office
RU001461,E01097,CON,office
RU001462,E01098,TRS,yard
RU001463,E01099,TRS,depot
RU001464,E01100,WRT,plant
RU001465,E01101,MFG,branch
RU001466,E01101,MFG,yard
RU001467,E01101,MFG,office
RU001468,E01101,MFG,yard
RU001469,E01102,ACC,office
RU001470,E01103,WRT,plant
RU001471,E01104,ACC,yard
RU001472,E01105,MFG,office
RU001473,E01106,WRT,head office
RU001474,E01107,PRO,branch
RU001475,E01107,PRO,depot
RU001476,E01108,TRS,depot
RU001477,E01108,TRS,head office
RU001478,E01109,PRO,yard
RU001479,E01109,PRO,depot
RU001480,E01110,PRO,branch
RU001481,E01111,CON,branch
RU001482,E01112,ACC,yard
RU001483,E01112,ACC,plant
RU001484,E01113,WRT,office
RU001485,E01114,ACC,branch
RU001486,E01115,PRO,branch
RU001487,E01116,TRS,plant
RU001488,E01117,PRO,head office
RU001489,E01118,CON,plant
RU001490,E01119,MFG,office
RU001491,E01119,MFG,branch
RU001492,E01119,MFG,plant
RU001493,E01120,TRS,depot
RU001494,E01121,TRS,depot
RU001495,E01122,PRO,office
RU001496,E01123,PRO,depot
RU001497,E01124,WRT,depot
RU001498,E01125,WRT,plant
RU001499,E01126,MFG,head office
RU001500,E01127,ACC,depot
RU001501,E01128,ACC,office
RU001502,E01129,ACC,head office
RU001503,E01129,ACC,plant
RU001504,E01129,ACC,depot
RU001505,E01130,ACC,office
RU001506,E01131,TRS,office
RU001507,E01132,ACC,office
RU001508,E01133,ACC,yard
RU001509,E01133,ACC,yard
RU001510,E01134,MFG,plant
RU001511,E01134,MFG,branch
RU001512,E01134,MFG,head office
RU001513,E01135,WRT,head office
RU001514,E01136,TRS,head office
RU001515,E01136,TRS,depot
RU001516,E01136,TRS,depot
RU001517,E01137,CON,head office
RU001518,E01138,TRS,office
RU001519,E01138,TRS,branch
RU001520,E01138,TRS,depot
RU001521,E01139,MFG,office
RU001522,E01140,PRO,plant
RU001523,E01140,PRO,office
RU001524,E01141,MFG,plant
RU001525,E01142,CON,depot
RU001526,E01143,PRO,branch
RU001527,E01144,CON,depot
RU001528,E01145,WRT,head office
RU001529,E01146,TRS,office
RU001530,E01147,ACC,branch
RU001531,E01148,ACC,yard
RU001532,E01148,ACC,head office
RU001533,E01149,ACC,depot
RU001534,E01150,ACC,plant
RU001535,E01151,TRS,head office
RU001536,E01152,WRT,branch
RU001537,E01152,WRT,yard
RU001538,E01152,WRT,head office
RU001539,E01152,WRT,depot
RU001540,E01153,MFG,yard
RU001541,E01154,PRO,depot
RU001542,E01155,ACC,plant
RU001543,E01156,PRO,head office
RU001544,E01157,ACC,branch
RU001545,E01158,CON,office
RU001546,E01159,PRO,head office
RU001547,E01160,PRO,head office
RU001548,E01161,ACC,depot
RU001549,E01162,TRS,head office
RU001550,E01163,WRT,office
RU001551,E01164,MFG,depot
RU001552,E01165,CON,head office
RU001553,E01166,TRS,branch
RU001554,E01167,ACC,yard
RU001555,E01167,ACC,plant
RU001556,E01167,ACC,depot
RU001557,E01168,WRT,plant
RU001558,E01169,ACC,plant
RU001559,E01170,WRT,head office
RU001560,E01171,ACC,depot
RU001561,E01172,ACC,yard
RU001562,E01173,MFG,plant
RU001563,E01174,ACC,branch
RU001564,E01174,ACC,branch
RU001565,E01175,ACC,yard
RU001566,E01176,PRO,head office
RU001567,E01177,MFG,office
RU001568,E01178,WRT,depot
RU001569,E01179,CON,yard
RU001570,E01180,MFG,head office
RU001571,E01181,TRS,office
RU001572,E01182,TRS,office
RU001573,E01183,ACC,branch
RU001574,E01184,MFG,plant
RU001575,E01185,ACC,office
RU001576,E01185,ACC,yard
RU001577,E01186,WRT,plant
RU001578,E01187,TRS,plant
RU001579,E01188,CON,plant
RU001580,E01189,ACC,plant
RU001581,E01189,ACC,depot
RU001582,E01190,ACC,depot
RU001583,E01191,CON,branch
RU001584,E01191,CON,yard
RU001585,E01191,CON,head office
RU001586,E01192,ACC,branch
RU001587,E01193,MFG,plant
RU001588,E01194,PRO,plant
RU001589,E01195,PRO,head office
RU001590,E01196,TRS,branch
RU001591,E01197,CON,head office
RU001592,E01198,TRS,yard
RU001593,E01199,CON,head office
RU001594,E01200,TRS,head office
RU001595,E01201,TRS,plant
RU001596,E01202,PRO,plant
RU001597,E01203,ACC,yard
RU001598,E01204,MFG,head office
RU001599,E01205,TRS,branch
RU001600,E01206,TRS,head office
RU001601,E01207,PRO,plant
RU001602,E01207,PRO,branch
RU001603,E01207,PRO,plant
RU001604,E01207,PRO,depot
RU001605,E01208,ACC,office
RU001606,E01208,ACC,head office
RU001607,E01208,ACC,office
RU001608,E01209,ACC,plant
RU001609,E01210,CON,plant
RU001610,E01211,TRS,office
RU001611,E01212,CON,office
RU001612,E01213,WRT,branch
RU001613,E01214,CON,head office
RU001614,E01215,TRS,branch
RU001615,E01216,ACC,office
RU001616,E01216,ACC,plant
RU001617,E01217,MFG,branch
RU001618,E01217,MFG,yard
RU001619,E01217,MFG,head office
RU001620,E01218,ACC,branch
RU001621,E01219,TRS,office
RU001622,E01220,WRT,plant
RU001623,E01221,TRS,office
RU001624,E01222,MFG,branch
RU001625,E01223,WRT,plant
RU001626,E01223,WRT,branch
RU001627,E01224,WRT,branch
RU001628,E01225,WRT,plant
RU001629,E01226,MFG,head office
RU001630,E01226,MFG,branch
RU001631,E01227,WRT,yard
RU001632,E01228,MFG,yard
RU001633,E01229,ACC,branch
RU001634,E01230,PRO,depot
RU001635,E01231,CON,office
RU001636,E01232,MFG,branch
RU001637,E01233,TRS,head office
RU001638,E01234,WRT,yard
RU001639,E01235,WRT,yard
RU001640,E01236,ACC,depot
RU001641,E01236,ACC,head office
RU001642,E01237,ACC,branch
RU001643,E01238,PRO,branch
RU001644,E01239,ACC,plant
RU001645,E01240,CON,depot
RU001646,E01240,CON,depot
RU001647,E01241,TRS,plant
RU001648,E01242,WRT,plant
RU001649,E01243,TRS,plant
RU001650,E01244,WRT,depot
RU001651,E01245,TRS,yard
RU001652,E01246,CON,depot
RU001653,E01247,WRT,head office
RU001654,E01248,TRS,plant
RU001655,E01249,MFG,office
RU001656,E01250,ACC,yard
RU001657,E01251,TRS,head office
RU001658,E01252,MFG,plant
RU001659,E01253,ACC,plant
RU001660,E01254,TRS,depot
RU001661,E01255,CON,plant
RU001662,E01256,PRO,head office
RU001663,E01256,PRO,depot
RU001664,E01256,PRO,head office
RU001665,E01257,TRS,depot
RU001666,E01258,CON,plant
RU001667,E01258,CON,depot
RU001668,E01258,CON,office
RU001669,E01259,MFG,branch
RU001670,E01260,TRS,head office
RU001671,E01261,ACC,depot
RU001672,E01262,PRO,depot
RU001673,E01262,PRO,yard
RU001674,E01263,MFG,office
RU001675,E01263,MFG,office
RU001676,E01264,WRT,head office
RU001677,E01265,WRT,head office
RU001678,E01266,WRT,office
RU001679,E01266,WRT,depot
RU001680,E01266,WRT,depot
RU001681,E01267,TRS,branch
RU001682,E01268,TRS,plant
RU001683,E01269,ACC,head office
RU001684,E01270,PRO,plant
RU001685,E01271,PRO,depot
RU001686,E01271,PRO,office
RU001687,E01272,MFG,office
RU001688,E01273,WRT,yard
RU001689,E01273,WRT,office
RU001690,E01273,WRT,head office
RU001691,E01273,WRT,plant
RU001692,E01274,CON,yard
RU001693,E01275,WRT,yard
RU001694,E01276,TRS,head office
RU001695,E01277,TRS,head office
RU001696,E01278,WRT,branch
RU001697,E01279,WRT,plant
RU001698,E01280,TRS,office
RU001699,E01281,TRS,branch
RU001700,E01282,PRO,plant
RU001701,E01283,MFG,branch
RU001702,E01284,ACC,yard
RU001703,E01285,WRT,depot
RU001704,E01286,ACC,plant
RU001705,E01286,ACC,depot
RU001706,E01287,TRS,branch
RU001707,E01288,WRT,yard
RU001708,E01289,TRS,plant
RU001709,E01290,ACC,plant
RU001710,E01291,PRO,branch
RU001711,E01292,WRT,office
RU001712,E01293,PRO,head office
RU001713,E01294,WRT,office
RU001714,E01295,CON,depot
RU001715,E01296,CON,head office
RU001716,E01297,TRS,depot
RU001717,E01298,PRO,office
RU001718,E01299,MFG,office
RU001719,E01300,WRT,branch
RU001720,E01301,MFG,head office
RU001721,E01302,ACC,yard
RU001722,E01303,CON,yard
RU001723,E01304,MFG,plant
RU001724,E01304,MFG,office
RU001725,E01305,TRS,office
RU001726,E01305,TRS,depot
RU001727,E01306,PRO,depot
RU001728,E01307,ACC,depot
RU001729,E01308,CON,yard
RU001730,E01309,WRT,plant
RU001731,E01310,ACC,plant
RU001732,E01311,CON,depot
RU001733,E01312,WRT,branch
RU001734,E01313,TRS,depot
RU001735,E01314,CON,yard
RU001736,E01315,TRS,office
RU001737,E01316,CON,head office
RU001738,E01317,ACC,depot
RU001739,E01318,CON,depot
RU001740,E01319,CON,plant
RU001741,E01320,TRS,office
RU001742,E01321,TRS,office
RU001743,E01322,PRO,plant
RU001744,E01323,MFG,branch
RU001745,E01324,PRO,head office
RU001746,E01324,PRO,plant
RU001747,E01324,PRO,depot
RU001748,E01324,PRO,yard
RU001749,E01325,TRS,head office
RU001750,E01326,ACC,head office
RU001751,E01327,MFG,depot
RU001752,E01328,PRO,head office
RU001753,E01329,WRT,depot
RU001754,E01330,MFG,head office
RU001755,E01331,ACC,office
RU001756,E01331,ACC,office
RU001757,E01332,PRO,head office
RU001758,E01332,PRO,office
RU001759,E01333,PRO,head office
RU001760,E01334,WRT,plant
RU001761,E01334,WRT,office
RU001762,E01335,CON,head office
RU001763,E01336,MFG,depot
RU001764,E01337,WRT,office
RU001765,E01338,CON,head office
RU001766,E01339,TRS,head office
RU001767,E01339,TRS,depot
RU001768,E01340,MFG,plant
RU001769,E01341,MFG,plant
RU001770,E01342,MFG,yard
RU001771,E01343,TRS,head office
RU001772,E01343,TRS,depot
RU001773,E01344,WRT,plant
RU001774,E01344,WRT,depot
RU001775,E01345,CON,branch
RU001776,E01346,ACC,plant
RU001777,E01346,ACC,depot
RU001778,E01347,WRT,head office
RU001779,E01348,TRS,plant
RU001780,E01349,PRO,office
RU001781,E01350,ACC,branch
RU001782,E01351,TRS,branch
RU001783,E01352,CON,plant
RU001784,E01352,CON,depot
RU001785,E01353,PRO,depot
RU001786,E01354,TRS,branch
RU001787,E01355,CON,office
RU001788,E01356,PRO,plant
RU001789,E01356,PRO,office
RU001790,E01356,PRO,depot
RU001791,E01357,TRS,depot
RU001792,E01357,TRS,branch
RU001793,E01358,ACC,yard
RU001794,E01358,ACC,depot
RU001795,E01359,MFG,head office
RU001796,E01360,WRT,plant
RU001797,E01361,TRS,yard
RU001798,E01362,MFG,plant
RU001799,E01362,MFG,depot
RU001800,E01363,PRO,branch
RU001801,E01364,ACC,branch
RU001802,E01365,TRS,office
RU001803,E01365,TRS,office
RU001804,E01366,ACC,depot
RU001805,E01367,CON,head office
RU001806,E01368,PRO,yard
RU001807,E01369,CON,branch
RU001808,E01369,CON,branch
RU001809,E01370,PRO,depot
RU001810,E01371,MFG,plant
RU001811,E01371,MFG,office
RU001812,E01372,WRT,plant
RU001813,E01372,WRT,yard
RU001814,E01372,WRT,yard
RU001815,E01372,WRT,plant
RU001816,E01373,PRO,plant
RU001817,E01374,CON,yard
RU001818,E01374,CON,office
RU001819,E01375,WRT,yard
RU001820,E01375,WRT,branch
RU001821,E01376,ACC,yard
RU001822,E01377,TRS,head office
RU001823,E01377,TRS,plant
RU001824,E01378,MFG,plant
RU001825,E01379,MFG,depot
RU001826,E01379,MFG,yard
RU001827,E01380,MFG,yard
RU001828,E01381,TRS,yard
RU001829,E01382,CON,office
RU001830,E01383,TRS,head office
RU001831,E01384,TRS,plant
RU001832,E01385,MFG,depot
RU001833,E01386,MFG,yard
RU001834,E01387,ACC,depot
RU001835,E01388,TRS,plant
RU001836,E01389,WRT,branch
RU001837,E01390,WRT,office
RU001838,E01391,MFG,branch
RU001839,E01392,ACC,head office
RU001840,E01393,CON,branch
RU001841,E01394,CON,office
RU001842,E01395,MFG,branch
RU001843,E01396,ACC,office
RU001844,E01396,ACC,head office
RU001845,E01397,ACC,office
RU001846,E01398,ACC,yard
RU001847,E01399,WRT,yard
RU001848,E01400,TRS,yard
RU001849,E01401,CON,yard
RU001850,E01402,ACC,head office
RU001851,E01402,ACC,yard
RU001852,E01403,WRT,head office
RU001853,E01404,CON,head office
RU001854,E01405,PRO,office
RU001855,E01405,PRO,depot
RU001856,E01406,CON,plant
RU001857,E01406,CON,plant
RU001858,E01406,CON,branch
RU001859,E01407,CON,head office
RU001860,E01408,CON,yard
RU001861,E01409,TRS,yard
RU001862,E01410,CON,depot
RU001863,E01410,CON,office
RU001864,E01411,TRS,head office
RU001865,E01412,WRT,branch
RU001866,E01413,PRO,office
RU001867,E01413,PRO,office
RU001868,E01414,ACC,plant
RU001869,E01415,CON,plant
RU001870,E01416,WRT,depot
RU001871,E01417,PRO,plant
RU001872,E01418,CON,depot
RU001873,E01418,CON,office
RU001874,E01418,CON,office
RU001875,E01419,WRT,office
RU001876,E01420,PRO,plant
RU001877,E01420,PRO,office
RU001878,E01421,ACC,office
RU001879,E01422,PRO,branch
RU001880,E01423,CON,head office
RU001881,E01424,CON,yard
RU001882,E01424,CON,office
RU001883,E01424,CON,depot
RU001884,E01425,WRT,head office
RU001885,E01426,MFG,plant
RU001886,E01427,MFG,branch
RU001887,E01428,CON,yard
RU001888,E01428,CON,office
RU001889,E01429,ACC,head office
RU001890,E01429,ACC,depot
RU001891,E01429,ACC,head office
RU001892,E01430,CON,branch
RU001893,E01431,ACC,branch
RU001894,E01431,ACC,yard
RU001895,E01431,ACC,branch
RU001896,E01432,CON,yard
RU001897,E01432,CON,yard
RU001898,E01433,MFG,head office
RU001899,E01433,MFG,head office
RU001900,E01433,MFG,depot
RU001901,E01433,MFG,branch
RU001902,E01434,WRT,branch
RU001903,E01435,PRO,yard
RU001904,E01436,WRT,office
RU001905,E01437,TRS,plant
RU001906,E01437,TRS,yard
RU001907,E01438,CON,plant
RU001908,E01439,WRT,head office
RU001909,E01440,TRS,plant
RU001910,E01441,CON,branch
RU001911,E01441,CON,yard
RU001912,E01442,WRT,branch
RU001913,E01443,PRO,head office
RU001914,E01444,CON,yard
RU001915,E01445,PRO,yard
RU001916,E01445,PRO,head office
RU001917,E01445,PRO,branch
RU001918,E01445,PRO,office
RU001919,E01446,PRO,yard
RU001920,E01447,CON,head office
RU001921,E01447,CON,branch
RU001922,E01448,TRS,head office
RU001923,E01449,PRO,head office
RU001924,E01450,MFG,plant
RU001925,E01451,MFG,plant
RU001926,E01452,WRT,office
RU001927,E01453,PRO,head office
RU001928,E01454,ACC,plant
RU001929,E01454,ACC,branch
RU001930,E01454,ACC,branch
RU001931,E01455,WRT,office
RU001932,E01456,TRS,plant
RU001933,E01457,CON,head office
RU001934,E01458,WRT,yard
RU001935,E01459,ACC,branch
RU001936,E01460,TRS,yard
RU001937,E01461,CON,office
RU001938,E01462,CON,head office
RU001939,E01463,WRT,branch
RU001940,E01463,WRT,office
RU001941,E01464,PRO,office
RU001942,E01465,ACC,office
RU001943,E01465,ACC,plant
RU001944,E01466,MFG,depot
RU001945,E01467,PRO,office
RU001946,E01468,WRT,yard
RU001947,E01469,WRT,depot
RU001948,E01469,WRT,yard
RU001949,E01470,MFG,depot
RU001950,E01471,TRS,head office
RU001951,E01472,WRT,plant
RU001952,E01473,TRS,plant
RU001953,E01474,PRO,plant
RU001954,E01475,WRT,office
RU001955,E01476,WRT,office
RU001956,E01476,WRT,office
RU001957,E01476,WRT,branch
RU001958,E01477,MFG,head office
RU001959,E01478,TRS,office
RU001960,E01479,PRO,office
RU001961,E01479,PRO,yard
RU001962,E01479,PRO,head office
RU001963,E01479,PRO,head office
RU001964,E01480,PRO,office
RU001965,E01481,WRT,office
RU001966,E01481,WRT,branch
RU001967,E01482,CON,head office
RU001968,E01483,PRO,depot
RU001969,E01483,PRO,branch
RU001970,E01483,PRO,office
RU001971,E01484,WRT,yard
RU001972,E01485,MFG,yard
RU001973,E01485,MFG,yard
RU001974,E01486,PRO,depot
RU001975,E01487,MFG,office
RU001976,E01488,MFG,head office
RU001977,E01489,MFG,depot
RU001978,E01489,MFG,head office
RU001979,E01490,WRT,depot
RU001980,E01490,WRT,yard
RU001981,E01491,ACC,depot
RU001982,E01492,MFG,head office
RU001983,E01493,TRS,depot
RU001984,E01494,ACC,office
RU001985,E01495,CON,depot
RU001986,E01495,CON,head office
RU001987,E01495,CON,head office
RU001988,E01495,CON,office
RU001989,E01496,ACC,office
RU001990,E01496,ACC,plant
RU001991,E01497,CON,branch
RU001992,E01498,TRS,depot
RU001993,E01499,CON,head office
RU001994,E01500,CON,head office
RU001995,E01501,MFG,depot
RU001996,E01502,MFG,plant
RU001997,E01503,TRS,depot
RU001998,E01504,CON,head office
RU001999,E01505,PRO,office
RU002000,E01506,TRS,branch
RU002001,E01507,PRO,plant
RU002002,E01508,TRS,office
RU002003,E01509,TRS,yard
RU002004,E01509,TRS,office
RU002005,E01510,ACC,office
RU002006,E01511,ACC,depot
RU002007,E01512,TRS,office
RU002008,E01513,ACC,plant
RU002009,E01513,ACC,yard
RU002010,E01514,CON,head office
RU002011,E01515,TRS,office
RU002012,E01516,TRS,head office
RU002013,E01517,MFG,head office
RU002014,E01518,CON,office
RU002015,E01519,MFG,head office
RU002016,E01520,ACC,branch
RU002017,E01520,ACC,yard
RU002018,E01521,MFG,plant
RU002019,E01521,MFG,office
RU002020,E01521,MFG,depot
RU002021,E01521,MFG,depot
RU002022,E01522,ACC,head office
RU002023,E01523,ACC,plant
RU002024,E01524,TRS,branch
RU002025,E01524,TRS,plant
RU002026,E01525,TRS,office
RU002027,E01525,TRS,plant
RU002028,E01526,TRS,plant
RU002029,E01527,CON,branch
RU002030,E01528,PRO,head office
RU002031,E01529,WRT,branch
RU002032,E01530,PRO,head office
RU002033,E01530,PRO,branch
RU002034,E01531,PRO,office
RU002035,E01532,CON,depot
RU002036,E01533,CON,head office
RU002037,E01533,CON,office
RU002038,E01533,CON,yard
RU002039,E01534,WRT,plant
RU002040,E01534,WRT,yard
RU002041,E01534,WRT,plant
RU002042,E01535,WRT,office
RU002043,E01536,WRT,depot
RU002044,E01537,ACC,plant
RU002045,E01538,TRS,plant
RU002046,E01539,WRT,office
RU002047,E01540,TRS,plant
RU002048,E01541,TRS,depot
RU002049,E01542,ACC,branch
RU002050,E01543,WRT,office
RU002051,E01544,CON,head office
RU002052,E01545,ACC,branch
RU002053,E01546,ACC,head office
RU002054,E01547,PRO,branch
RU002055,E01548,CON,yard
RU002056,E01549,TRS,head office
RU002057,E01550,TRS,branch
RU002058,E01551,CON,branch
RU002059,E01552,TRS,plant
RU002060,E01552,TRS,depot
RU002061,E01553,TRS,branch
RU002062,E01554,CON,plant
RU002063,E01555,PRO,head office
RU002064,E01556,PRO,plant
RU002065,E01557,ACC,head office
RU002066,E01558,PRO,depot
RU002067,E01558,PRO,branch
RU002068,E01559,CON,yard
RU002069,E01559,CON,office
RU002070,E01560,MFG,office
RU002071,E01560,MFG,branch
RU002072,E01561,TRS,branch
RU002073,E01562,CON,plant
RU002074,E01563,PRO,depot
RU002075,E01564,CON,plant
RU002076,E01564,CON,head office
RU002077,E01565,WRT,branch
RU002078,E01566,TRS,branch
RU002079,E01567,TRS,head office
RU002080,E01568,WRT,branch
RU002081,E01569,ACC,yard
RU002082,E01570,MFG,branch
RU002083,E01571,PRO,office
RU002084,E01572,WRT,branch
RU002085,E01573,MFG,yard
RU002086,E01573,MFG,yard
RU002087,E01574,TRS,office
RU002088,E01575,CON,head office
RU002089,E01576,ACC,yard
RU002090,E01577,ACC,yard
RU002091,E01577,ACC,plant
RU002092,E01577,ACC,office
RU002093,E01578,ACC,plant
RU002094,E01579,ACC,depot
RU002095,E01580,WRT,yard
RU002096,E01581,MFG,branch
RU002097,E01582,PRO,yard
RU002098,E01583,CON,yard
RU002099,E01584,WRT,depot
RU002100,E01585,CON,branch
RU002101,E01585,CON,plant
RU002102,E01586,TRS,office
RU002103,E01587,TRS,depot
RU002104,E01587,TRS,yard
RU002105,E01588,MFG,plant
RU002106,E01589,PRO,yard
RU002107,E01590,WRT,depot
RU002108,E01591,CON,branch
RU002109,E01592,ACC,office
RU002110,E01593,TRS,branch
RU002111,E01594,WRT,head office
RU002112,E01595,WRT,branch
RU002113,E01596,MFG,head office
RU002114,E01597,WRT,head office
RU002115,E01598,WRT,depot
RU002116,E01599,CON,branch
RU002117,E01599,CON,depot
RU002118,E01599,CON,plant
RU002119,E01600,PRO,head office
RU002120,E01600,PRO,yard
RU002121,E01600,PRO,yard
RU002122,E01601,TRS,yard
RU002123,E01602,ACC,office
RU002124,E01602,ACC,head office
RU002125,E01602,ACC,depot
RU002126,E01603,ACC,office
RU002127,E01604,TRS,branch
RU002128,E01604,TRS,office
RU002129,E01605,MFG,office
RU002130,E01606,MFG,head office
RU002131,E01607,CON,office
RU002132,E01608,CON,depot
RU002133,E01609,PRO,office
RU002134,E01609,PRO,yard
RU002135,E01610,PRO,head office
RU002136,E01611,MFG,head office
RU002137,E01612,MFG,plant
RU002138,E01613,TRS,plant
RU002139,E01614,TRS,head office
RU002140,E01615,PRO,depot
RU002141,E01616,PRO,head office
RU002142,E01617,ACC,plant
RU002143,E01618,MFG,branch
RU002144,E01619,ACC,head office
RU002145,E01620,MFG,head office
RU002146,E01621,TRS,branch
RU002147,E01621,TRS,office
RU002148,E01622,MFG,depot
RU002149,E01622,MFG,yard
RU002150,E01623,ACC,depot
RU002151,E01624,MFG,branch
RU002152,E01625,WRT,office
RU002153,E01626,ACC,yard
RU002154,E01627,CON,office
RU002155,E01628,PRO,head office
RU002156,E01629,TRS,branch
RU002157,E01630,ACC,plant
RU002158,E01631,TRS,depot
RU002159,E01632,MFG,head office
RU002160,E01633,WRT,office
RU002161,E01634,WRT,yard
RU002162,E01634,WRT,yard
RU002163,E01634,WRT,yard
RU002164,E01635,PRO,head office
RU002165,E01636,TRS,plant
RU002166,E01637,ACC,yard
RU002167,E01638,WRT,office
RU002168,E01639,CON,plant
RU002169,E01640,ACC,plant
RU002170,E01641,CON,depot
RU002171,E01642,WRT,head office
RU002172,E01643,ACC,head office
RU002173,E01644,ACC,yard
RU002174,E01645,WRT,head office
RU002175,E01646,ACC,office
RU002176,E01647,WRT,plant
RU002177,E01648,CON,head office
RU002178,E01649,WRT,branch
RU002179,E01650,WRT,plant
RU002180,E01650,WRT,plant
RU002181,E01651,CON,plant
RU002182,E01651,CON,plant
RU002183,E01651,CON,office
RU002184,E01652,TRS,branch
RU002185,E01653,PRO,depot
RU002186,E01654,ACC,head office
RU002187,E01655,TRS,office
RU002188,E01656,MFG,plant
RU002189,E01657,PRO,yard
RU002190,E01658,ACC,plant
RU002191,E01659,PRO,plant
RU002192,E01659,PRO,plant
RU002193,E01660,ACC,branch
RU002194,E01661,MFG,branch
RU002195,E01662,TRS,plant
RU002196,E01663,PRO,plant
RU002197,E01664,MFG,depot
RU002198,E01665,PRO,branch
RU002199,E01666,WRT,depot
RU002200,E01666,WRT,yard
RU002201,E01667,MFG,depot
RU002202,E01668,MFG,plant
RU002203,E01669,ACC,plant
RU002204,E01670,ACC,plant
RU002205,E01671,PRO,head office
RU002206,E01671,PRO,office
RU002207,E01672,MFG,plant
RU002208,E01672,MFG,head office
RU002209,E01673,PRO,branch
RU002210,E01673,PRO,plant
RU002211,E01674,WRT,branch
RU002212,E01675,ACC,plant
RU002213,E01676,WRT,office
RU002214,E01677,TRS,depot
RU002215,E01678,MFG,head office
RU002216,E01679,TRS,plant
RU002217,E01680,ACC,yard
RU002218,E01681,WRT,office
RU002219,E01682,WRT,plant
RU002220,E01683,CON,yard
RU002221,E01684,PRO,plant
RU002222,E01685,TRS,plant
RU002223,E01686,CON,head office
RU002224,E01687,TRS,depot
RU002225,E01688,CON,plant
RU002226,E01689,MFG,office
RU002227,E01690,ACC,branch
RU002228,E01691,ACC,office
RU002229,E01692,PRO,yard
RU002230,E01693,MFG,branch
RU002231,E01694,WRT,head office
RU002232,E01695,CON,depot
RU002233,E01696,ACC,head office
RU002234,E01697,PRO,branch
RU002235,E01698,MFG,plant
RU002236,E01699,PRO,head office
RU002237,E01700,MFG,depot
RU002238,E01700,MFG,yard
RU002239,E01701,TRS,plant
RU002240,E01702,ACC,yard
RU002241,E01703,CON,head office
RU002242,E01704,CON,office
RU002243,E01705,WRT,head office
RU002244,E01705,WRT,yard
RU002245,E01706,TRS,head office
RU002246,E01706,TRS,plant
RU002247,E01707,WRT,head office
RU002248,E01708,TRS,plant
RU002249,E01708,TRS,depot
RU002250,E01709,WRT,office
RU002251,E01709,WRT,head office
RU002252,E01710,MFG,plant
RU002253,E01710,MFG,head office
RU002254,E01710,MFG,head office
RU002255,E01711,ACC,plant
RU002256,E01712,MFG,head office
RU002257,E01712,MFG,branch
RU002258,E01712,MFG,plant
RU002259,E01713,TRS,head office
RU002260,E01714,WRT,office
RU002261,E01714,WRT,branch
RU002262,E01715,ACC,plant
RU002263,E01716,MFG,yard
RU002264,E01717,WRT,yard
RU002265,E01717,WRT,yard
RU002266,E01718,TRS,depot
RU002267,E01719,ACC,depot
RU002268,E01720,PRO,branch
RU002269,E01721,ACC,yard
RU002270,E01721,ACC,depot
RU002271,E01721,ACC,yard
RU002272,E01722,MFG,head office
RU002273,E01723,ACC,head office
RU002274,E01724,PRO,head office
RU002275,E01724,PRO,branch
RU002276,E01724,PRO,yard
RU002277,E01724,PRO,plant
RU002278,E01725,MFG,office
RU002279,E01726,PRO,plant
RU002280,E01726,PRO,plant
RU002281,E01726,PRO,head office
RU002282,E01727,CON,plant
RU002283,E01728,TRS,plant
RU002284,E01729,ACC,yard
RU002285,E01730,CON,branch
RU002286,E01731,PRO,plant
RU002287,E01732,MFG,branch
RU002288,E01732,MFG,head office
RU002289,E01733,TRS,plant
RU002290,E01733,TRS,yard
RU002291,E01734,MFG,plant
RU002292,E01735,WRT,plant
RU002293,E01736,PRO,plant
RU002294,E01736,PRO,plant
RU002295,E01737,CON,branch
RU002296,E01738,ACC,yard
RU002297,E01739,PRO,depot
RU002298,E01740,CON,depot
RU002299,E01741,MFG,branch
RU002300,E01742,PRO,depot
RU002301,E01743,MFG,branch
RU002302,E01743,MFG,depot
RU002303,E01743,MFG,head office
RU002304,E01744,WRT,branch
RU002305,E01744,WRT,head office
RU002306,E01745,ACC,plant
RU002307,E01746,WRT,head office
RU002308,E01747,PRO,plant
RU002309,E01748,WRT,yard
RU002310,E01749,ACC,plant
RU002311,E01750,TRS,head office
RU002312,E01751,WRT,branch
RU002313,E01752,MFG,depot
RU002314,E01753,TRS,yard
RU002315,E01753,TRS,head office
RU002316,E01754,PRO,branch
RU002317,E01755,MFG,depot
RU002318,E01756,TRS,branch
RU002319,E01757,ACC,depot
RU002320,E01758,ACC,plant
RU002321,E01759,CON,depot
RU002322,E01760,CON,yard
RU002323,E01761,CON,head office
RU002324,E01761,CON,depot
RU002325,E01762,MFG,yard
RU002326,E01763,WRT,head office
RU002327,E01764,WRT,depot
RU002328,E01765,ACC,head office
RU002329,E01766,ACC,head office
RU002330,E01767,WRT,head office
RU002331,E01767,WRT,head office
RU002332,E01768,ACC,branch
RU002333,E01769,PRO,yard
RU002334,E01770,WRT,plant
RU002335,E01771,ACC,depot
RU002336,E01772,ACC,branch
RU002337,E01773,MFG,head office
RU002338,E01773,MFG,branch
RU002339,E01773,MFG,plant
RU002340,E01774,PRO,head office
RU002341,E01775,WRT,plant
RU002342,E01776,WRT,head office
RU002343,E01777,CON,plant
RU002344,E01778,TRS,depot
RU002345,E01779,ACC,plant
RU002346,E01780,WRT,office
RU002347,E01781,ACC,plant
RU002348,E01782,PRO,yard
RU002349,E01783,WRT,head office
RU002350,E01784,PRO,depot
RU002351,E01784,PRO,office
RU002352,E01784,PRO,branch
RU002353,E01785,TRS,depot
RU002354,E01786,CON,depot
RU002355,E01787,ACC,branch
RU002356,E01787,ACC,plant
RU002357,E01787,ACC,yard
RU002358,E01787,ACC,yard
RU002359,E01788,WRT,yard
RU002360,E01789,MFG,head office
RU002361,E01790,MFG,depot
RU002362,E01791,TRS,yard
RU002363,E01792,WRT,depot
RU002364,E01793,WRT,branch
RU002365,E01793,WRT,office
RU002366,E01793,WRT,yard
RU002367,E01794,ACC,head office
RU002368,E01795,TRS,office
RU002369,E01796,ACC,plant
RU002370,E01797,TRS,branch
RU002371,E01798,MFG,yard
RU002372,E01799,WRT,branch
RU002373,E01800,MFG,office
RU002374,E01801,CON,branch
RU002375,E01801,CON,branch
RU002376,E01802,CON,office
RU002377,E01802,CON,yard
RU002378,E01803,TRS,plant
RU002379,E01804,PRO,plant
RU002380,E01805,TRS,office
RU002381,E01805,TRS,yard
RU002382,E01806,PRO,head office
RU002383,E01807,CON,depot
RU002384,E01808,CON,plant
RU002385,E01809,TRS,depot
RU002386,E01810,WRT,depot
RU002387,E01811,TRS,office
RU002388,E01812,ACC,depot
RU002389,E01813,PRO,plant
RU002390,E01813,PRO,head office
RU002391,E01814,CON,branch
RU002392,E01815,PRO,yard
RU002393,E01816,MFG,depot
RU002394,E01817,PRO,depot
RU002395,E01818,MFG,depot
RU002396,E01819,WRT,plant
RU002397,E01820,TRS,head office
RU002398,E01820,TRS,office
RU002399,E01821,WRT,depot
RU002400,E01822,CON,head office
RU002401,E01823,ACC,office
RU002402,E01824,PRO,depot
RU002403,E01825,WRT,office
RU002404,E01825,WRT,yard
RU002405,E01825,WRT,head office
RU002406,E01826,PRO,branch
RU002407,E01827,PRO,depot
RU002408,E01828,MFG,branch
RU002409,E01829,ACC,office
RU002410,E01830,ACC,branch
RU002411,E01831,WRT,depot
RU002412,E01832,MFG,head office
RU002413,E01832,MFG,plant
RU002414,E01833,TRS,office
RU002415,E01833,TRS,head office
RU002416,E01834,TRS,branch
RU002417,E01835,ACC,office
RU002418,E01836,ACC,depot
RU002419,E01837,CON,depot
RU002420,E01838,MFG,yard
RU002421,E01839,ACC,plant
RU002422,E01840,MFG,branch
RU002423,E01840,MFG,head office
RU002424,E01840,MFG,plant
RU002425,E01840,MFG,branch
RU002426,E01841,MFG,office
RU002427,E01842,MFG,office
RU002428,E01843,PRO,head office
RU002429,E01844,TRS,office
RU002430,E01845,CON,yard
RU002431,E01846,PRO,plant
RU002432,E01847,ACC,yard
RU002433,E01847,ACC,office
RU002434,E01847,ACC,depot
RU002435,E01848,MFG,office
RU002436,E01848,MFG,office
RU002437,E01848,MFG,yard
RU002438,E01849,PRO,depot
RU002439,E01850,TRS,yard
RU002440,E01850,TRS,plant
RU002441,E01851,MFG,head office
RU002442,E01851,MFG,office
RU002443,E01852,WRT,depot
RU002444,E01853,WRT,plant
RU002445,E01853,WRT,branch
RU002446,E01854,PRO,yard
RU002447,E01855,CON,plant
RU002448,E01856,WRT,branch
RU002449,E01857,ACC,plant
RU002450,E01858,PRO,yard
RU002451,E01859,WRT,yard
RU002452,E01859,WRT,yard
RU002453,E01860,PRO,branch
RU002454,E01860,PRO,depot
RU002455,E01861,WRT,office
RU002456,E01862,TRS,branch
RU002457,E01862,TRS,office
RU002458,E01863,PRO,plant
RU002459,E01864,CON,plant
RU002460,E01865,MFG,branch
RU002461,E01866,PRO,head office
RU002462,E01866,PRO,yard
RU002463,E01867,ACC,head office
RU002464,E01868,MFG,depot
RU002465,E01868,MFG,head office
RU002466,E01869,WRT,plant
RU002467,E01869,WRT,head office
RU002468,E01870,TRS,head office
RU002469,E01871,TRS,branch
RU002470,E01872,PRO,plant
RU002471,E01873,ACC,yard
RU002472,E01873,ACC,yard
RU002473,E01873,ACC,head office
RU002474,E01874,CON,yard
RU002475,E01875,MFG,depot
RU002476,E01876,PRO,branch
RU002477,E01877,ACC,branch
RU002478,E01878,PRO,plant
RU002479,E01879,ACC,office
RU002480,E01880,ACC,head office
RU002481,E01881,MFG,yard
RU002482,E01882,ACC,plant
RU002483,E01882,ACC,head office
RU002484,E01883,WRT,plant
RU002485,E01884,WRT,depot
RU002486,E01884,WRT,plant
RU002487,E01885,ACC,yard
RU002488,E01886,CON,plant
RU002489,E01887,WRT,plant
RU002490,E01888,ACC,branch
RU002491,E01889,CON,plant
RU002492,E01890,MFG,head office
RU002493,E01891,ACC,yard
RU002494,E01892,CON,office
RU002495,E01892,CON,yard
RU002496,E01893,ACC,office
RU002497,E01894,MFG,office
RU002498,E01894,MFG,yard
RU002499,E01895,WRT,depot
RU002500,E01896,MFG,yard
RU002501,E01897,ACC,branch
RU002502,E01898,ACC,branch
RU002503,E01899,CON,office
RU002504,E01900,MFG,depot
RU002505,E01901,CON,office
RU002506,E01902,CON,yard
RU002507,E01903,ACC,office
RU002508,E01904,TRS,office
RU002509,E01905,ACC,head office
RU002510,E01906,CON,branch
RU002511,E01907,MFG,plant
RU002512,E01908,TRS,office
RU002513,E01908,TRS,yard
RU002514,E01909,TRS,plant
RU002515,E01910,PRO,plant
RU002516,E01911,PRO,yard
RU002517,E01912,PRO,head office
RU002518,E01913,TRS,head office
RU002519,E01914,TRS,plant
RU002520,E01915,MFG,depot
RU002521,E01916,WRT,depot
RU002522,E01917,WRT,yard
RU002523,E01918,ACC,head office
RU002524,E01919,CON,yard
RU002525,E01920,MFG,plant
RU002526,E01921,TRS,office
RU002527,E01922,TRS,branch
RU002528,E01923,WRT,yard
RU002529,E01924,MFG,branch
RU002530,E01925,MFG,head office
RU002531,E01926,CON,yard
RU002532,E01926,CON,plant
RU002533,E01926,CON,branch
RU002534,E01926,CON,plant
RU002535,E01927,CON,branch
RU002536,E01928,MFG,head office
RU002537,E01928,MFG,head office
RU002538,E01929,CON,plant
RU002539,E01929,CON,office
RU002540,E01930,PRO,depot
RU002541,E01930,PRO,branch
RU002542,E01931,PRO,branch
RU002543,E01932,TRS,plant
RU002544,E01933,WRT,depot
RU002545,E01934,CON,plant
RU002546,E01935,CON,depot
RU002547,E01935,CON,plant
RU002548,E01935,CON,depot
RU002549,E01935,CON,yard
RU002550,E01936,MFG,office
RU002551,E01937,WRT,office
RU002552,E01938,ACC,depot
RU002553,E01938,ACC,branch
RU002554,E01939,CON,yard
RU002555,E01940,PRO,head office
RU002556,E01941,CON,office
RU002557,E01942,TRS,depot
RU002558,E01943,ACC,office
RU002559,E01943,ACC,depot
RU002560,E01943,ACC,yard
RU002561,E01944,MFG,office
RU002562,E01945,ACC,yard
RU002563,E01945,ACC,office
RU002564,E01945,ACC,depot
RU002565,E01946,MFG,branch
RU002566,E01947,ACC,depot
RU002567,E01948,WRT,plant
RU002568,E01949,ACC,head office
RU002569,E01950,MFG,yard
RU002570,E01950,MFG,branch
RU002571,E01950,MFG,branch
RU002572,E01951,WRT,branch
RU002573,E01952,PRO,office
RU002574,E01952,PRO,branch
RU002575,E01953,PRO,depot
RU002576,E01954,PRO,depot
RU002577,E01955,PRO,office
RU002578,E01956,MFG,depot
RU002579,E01957,ACC,depot
RU002580,E01958,TRS,plant
RU002581,E01958,TRS,depot
RU002582,E01959,ACC,depot
RU002583,E01960,WRT,plant
RU002584,E01961,MFG,branch
RU002585,E01961,MFG,yard
RU002586,E01961,MFG,office
RU002587,E01961,MFG,branch
RU002588,E01962,TRS,branch
RU002589,E01963,MFG,plant
RU002590,E01964,ACC,yard
RU002591,E01965,CON,branch
RU002592,E01966,CON,head office
RU002593,E01967,CON,head office
RU002594,E01968,TRS,branch
RU002595,E01968,TRS,depot
RU002596,E01968,TRS,plant
RU002597,E01969,WRT,head office
RU002598,E01970,ACC,plant
RU002599,E01971,ACC,yard
RU002600,E01972,WRT,office
RU002601,E01973,ACC,depot
RU002602,E01974,MFG,yard
RU002603,E01975,PRO,yard
RU002604,E01976,WRT,depot
RU002605,E01977,ACC,plant
RU002606,E01978,MFG,depot
RU002607,E01979,CON,head office
RU002608,E01979,CON,plant
RU002609,E01980,CON,branch
RU002610,E01981,WRT,office
RU002611,E01982,CON,head office
RU002612,E01983,WRT,branch
RU002613,E01984,PRO,branch
RU002614,E01984,PRO,office
RU002615,E01985,TRS,yard
RU002616,E01986,PRO,head office
RU002617,E01987,TRS,office
RU002618,E01988,ACC,plant
RU002619,E01989,WRT,head office
RU002620,E01990,MFG,plant
RU002621,E01990,MFG,branch
RU002622,E01991,ACC,office
RU002623,E01992,CON,yard
RU002624,E01993,ACC,plant
RU002625,E01994,CON,head office
RU002626,E01995,CON,branch
RU002627,E01996,CON,branch
RU002628,E01996,CON,yard
RU002629,E01997,TRS,office
RU002630,E01998,TRS,yard
RU002631,E01999,WRT,plant
RU002632,E02000,MFG,yard
RU002633,E02001,WRT,branch
RU002634,E02002,MFG,plant
RU002635,E02002,MFG,plant
RU002636,E02003,PRO,head office
RU002637,E02003,PRO,branch
RU002638,E02004,MFG,branch
RU002639,E02005,TRS,head office
RU002640,E02006,PRO,depot
RU002641,E02007,PRO,branch
RU002642,E02008,PRO,plant
RU002643,E02009,MFG,branch
RU002644,E02010,MFG,branch
RU002645,E02011,PRO,office
RU002646,E02012,WRT,yard
RU002647,E02013,ACC,head office
RU002648,E02014,ACC,office
RU002649,E02015,PRO,branch
RU002650,E02015,PRO,yard
RU002651,E02015,PRO,head office
RU002652,E02016,ACC,depot
RU002653,E02017,TRS,plant
RU002654,E02018,PRO,plant
RU002655,E02019,CON,head office
RU002656,E02019,CON,plant
RU002657,E02020,MFG,depot
RU002658,E02021,ACC,office
RU002659,E02022,ACC,yard
RU002660,E02023,PRO,yard
RU002661,E02024,TRS,head office
RU002662,E02025,MFG,office
RU002663,E02026,TRS,yard
RU002664,E02026,TRS,depot
RU002665,E02026,TRS,yard
RU002666,E02026,TRS,head office
RU002667,E02027,MFG,depot
RU002668,E02028,TRS,yard
RU002669,E02028,TRS,office
RU002670,E02029,WRT,branch
RU002671,E02030,MFG,head office
RU002672,E02031,PRO,office
RU002673,E02032,MFG,depot
RU002674,E02033,MFG,yard
RU002675,E02034,CON,office
RU002676,E02035,WRT,branch
RU002677,E02036,PRO,yard
RU002678,E02037,WRT,yard
RU002679,E02038,WRT,head office
RU002680,E02039,PRO,branch
RU002681,E02040,PRO,depot
RU002682,E02041,TRS,branch
RU002683,E02042,TRS,plant
RU002684,E02043,PRO,plant
RU002685,E02044,ACC,plant
RU002686,E02044,ACC,plant
RU002687,E02045,CON,plant
RU002688,E02046,MFG,head office
RU002689,E02047,MFG,plant
RU002690,E02047,MFG,branch
RU002691,E02048,WRT,branch
RU002692,E02049,WRT,plant
RU002693,E02050,TRS,plant
RU002694,E02050,TRS,office
RU002695,E02050,TRS,plant
RU002696,E02051,MFG,plant
RU002697,E02051,MFG,yard
RU002698,E02051,MFG,plant
RU002699,E02052,TRS,depot
RU002700,E02053,TRS,plant
RU002701,E02054,PRO,depot
RU002702,E02055,TRS,office
RU002703,E02056,PRO,branch
RU002704,E02056,PRO,plant
RU002705,E02056,PRO,branch
RU002706,E02057,TRS,office
RU002707,E02058,CON,plant
RU002708,E02059,WRT,office
RU002709,E02060,MFG,branch
RU002710,E02061,MFG,depot
RU002711,E02062,CON,depot
RU002712,E02063,WRT,branch
RU002713,E02063,WRT,yard
RU002714,E02064,ACC,branch
RU002715,E02064,ACC,depot
RU002716,E02064,ACC,branch
RU002717,E02065,MFG,office
RU002718,E02065,MFG,yard
RU002719,E02065,MFG,branch
RU002720,E02066,TRS,branch
RU002721,E02067,TRS,branch
RU002722,E02067,TRS,plant
RU002723,E02068,WRT,head office
RU002724,E02069,ACC,branch
RU002725,E02069,ACC,yard
RU002726,E02070,MFG,yard
RU002727,E02070,MFG,plant
RU002728,E02071,TRS,head office
RU002729,E02072,ACC,head office
RU002730,E02073,MFG,head office
RU002731,E02074,ACC,office
RU002732,E02075,TRS,yard
RU002733,E02076,CON,head office
RU002734,E02077,CON,branch
RU002735,E02078,ACC,office
RU002736,E02079,CON,branch
RU002737,E02080,MFG,office
RU002738,E02081,PRO,yard
RU002739,E02082,ACC,depot
RU002740,E02083,ACC,branch
RU002741,E02084,CON,plant
RU002742,E02085,ACC,depot
RU002743,E02085,ACC,head office
RU002744,E02085,ACC,office
RU002745,E02086,WRT,office
RU002746,E02087,WRT,head office
RU002747,E02087,WRT,yard
RU002748,E02087,WRT,plant
RU002749,E02087,WRT,office
RU002750,E02088,ACC,office
RU002751,E02089,PRO,plant
RU002752,E02090,MFG,head office
RU002753,E02090,MFG,plant
RU002754,E02091,MFG,head office
RU002755,E02092,MFG,head office
RU002756,E02093,CON,yard
RU002757,E02093,CON,head office
RU002758,E02094,PRO,head office
RU002759,E02094,PRO,branch
RU002760,E02095,WRT,branch
RU002761,E02096,TRS,yard
RU002762,E02097,WRT,yard
RU002763,E02098,PRO,plant
RU002764,E02099,CON,head office
RU002765,E02099,CON,yard
RU002766,E02099,CON,plant
RU002767,E02100,CON,depot
RU002768,E02101,PRO,head office
RU002769,E02101,PRO,depot
RU002770,E02101,PRO,office
RU002771,E02102,PRO,yard
RU002772,E02102,PRO,depot
RU002773,E02103,PRO,head office
RU002774,E02104,CON,yard
RU002775,E02105,TRS,branch
RU002776,E02106,CON,yard
RU002777,E02107,ACC,branch
RU002778,E02108,ACC,plant
RU002779,E02109,CON,yard
RU002780,E02110,ACC,yard
RU002781,E02110,ACC,depot
RU002782,E02111,ACC,yard
RU002783,E02112,PRO,branch
RU002784,E02113,WRT,branch
RU002785,E02114,CON,office
RU002786,E02115,ACC,yard
RU002787,E02116,TRS,branch
RU002788,E02117,PRO,branch
RU002789,E02118,ACC,head office
RU002790,E02119,ACC,head office
RU002791,E02119,ACC,head office
RU002792,E02120,PRO,depot
RU002793,E02120,PRO,yard
RU002794,E02120,PRO,plant
RU002795,E02120,PRO,branch
RU002796,E02121,CON,head office
RU002797,E02122,CON,depot
RU002798,E02123,CON,head office
RU002799,E02124,TRS,branch
RU002800,E02125,WRT,branch
RU002801,E02126,WRT,office
RU002802,E02126,WRT,office
RU002803,E02127,CON,yard
RU002804,E02127,CON,branch
RU002805,E02128,PRO,plant
RU002806,E02129,WRT,head office
RU002807,E02130,CON,branch
RU002808,E02131,ACC,plant
RU002809,E02131,ACC,head office
RU002810,E02131,ACC,depot
RU002811,E02131,ACC,yard
RU002812,E02132,TRS,depot
RU002813,E02133,TRS,office
RU002814,E02134,MFG,plant
RU002815,E02135,PRO,office
RU002816,E02136,TRS,yard
RU002817,E02136,TRS,yard
RU002818,E02137,CON,office
RU002819,E02138,ACC,office
RU002820,E02139,PRO,head office
RU002821,E02140,CON,head office
RU002822,E02140,CON,plant
RU002823,E02141,ACC,depot
RU002824,E02142,WRT,branch
RU002825,E02143,ACC,depot
RU002826,E02143,ACC,depot
RU002827,E02143,ACC,branch
RU002828,E02144,MFG,head office
RU002829,E02145,CON,head office
RU002830,E02146,ACC,yard
RU002831,E02147,MFG,office
RU002832,E02148,CON,plant
RU002833,E02148,CON,branch
RU002834,E02149,ACC,depot
RU002835,E02149,ACC,depot
RU002836,E02149,ACC,branch
RU002837,E02150,CON,plant
RU002838,E02151,WRT,plant
RU002839,E02152,CON,plant
RU002840,E02153,CON,yard
RU002841,E02154,WRT,head office
RU002842,E02155,ACC,depot
RU002843,E02156,MFG,yard
RU002844,E02157,TRS,head office
RU002845,E02157,TRS,depot
RU002846,E02158,PRO,head office
RU002847,E02159,MFG,plant
RU002848,E02160,CON,head office
RU002849,E02161,WRT,yard
RU002850,E02162,CON,head office
RU002851,E02162,CON,office
RU002852,E02162,CON,yard
RU002853,E02162,CON,office
RU002854,E02163,TRS,yard
RU002855,E02164,TRS,head office
RU002856,E02165,ACC,office
RU002857,E02165,ACC,office
RU002858,E02165,ACC,plant
RU002859,E02165,ACC,plant
RU002860,E02166,ACC,plant
RU002861,E02167,WRT,yard
RU002862,E02168,PRO,yard
RU002863,E02168,PRO,plant
RU002864,E02168,PRO,branch
RU002865,E02169,ACC,plant
RU002866,E02170,ACC,yard
RU002867,E02171,MFG,plant
RU002868,E02172,CON,branch
RU002869,E02173,TRS,office
RU002870,E02174,PRO,yard
RU002871,E02175,TRS,yard
RU002872,E02176,MFG,head office
RU002873,E02177,ACC,branch
RU002874,E02177,ACC,yard
RU002875,E02178,TRS,yard
RU002876,E02179,TRS,yard
RU002877,E02180,TRS,plant
RU002878,E02180,TRS,plant
RU002879,E02181,WRT,yard
RU002880,E02182,CON,yard
RU002881,E02183,MFG,office
RU002882,E02184,PRO,plant
RU002883,E02185,CON,plant
RU002884,E02186,MFG,plant
RU002885,E02187,WRT,branch
RU002886,E02188,CON,head office
RU002887,E02189,CON,office
RU002888,E02189,CON,plant
RU002889,E02189,CON,branch
RU002890,E02190,MFG,head office
RU002891,E02190,MFG,office
RU002892,E02191,ACC,office
RU002893,E02191,ACC,branch
RU002894,E02191,ACC,yard
RU002895,E02192,WRT,depot
RU002896,E02193,PRO,office
RU002897,E02194,TRS,plant
RU002898,E02195,TRS,depot
RU002899,E02195,TRS,head office
RU002900,E02196,MFG,office
RU002901,E02197,MFG,depot
RU002902,E02197,MFG,plant
RU002903,E02197,MFG,yard
RU002904,E02198,PRO,plant
RU002905,E02198,PRO,depot
RU002906,E02198,PRO,plant
RU002907,E02199,PRO,branch
RU002908,E02199,PRO,plant
RU002909,E02199,PRO,branch
RU002910,E02200,PRO,yard
RU002911,E02201,TRS,branch
RU002912,E02202,MFG,plant
RU002913,E02203,ACC,office
RU002914,E02204,ACC,yard
RU002915,E02205,PRO,yard
RU002916,E02206,WRT,branch
RU002917,E02207,CON,branch
RU002918,E02208,ACC,yard
RU002919,E02208,ACC,branch
RU002920,E02208,ACC,depot
RU002921,E02209,MFG,office
RU002922,E02210,PRO,plant
RU002923,E02211,PRO,head office
RU002924,E02211,PRO,head office
RU002925,E02211,PRO,plant
RU002926,E02212,WRT,plant
RU002927,E02213,PRO,branch
RU002928,E02214,TRS,plant
RU002929,E02215,ACC,head office
RU002930,E02216,ACC,yard
RU002931,E02217,WRT,head office
RU002932,E02218,CON,office
RU002933,E02219,ACC,depot
RU002934,E02220,MFG,depot
RU002935,E02221,TRS,head office
RU002936,E02222,WRT,plant
RU002937,E02223,CON,yard
RU002938,E02224,MFG,depot
RU002939,E02225,ACC,head office
RU002940,E02226,ACC,office
RU002941,E02227,CON,office
RU002942,E02228,MFG,depot
RU002943,E02229,PRO,office
RU002944,E02230,TRS,plant
RU002945,E02231,TRS,depot
RU002946,E02232,CON,depot
RU002947,E02233,CON,yard
RU002948,E02234,MFG,plant
RU002949,E02234,MFG,plant
RU002950,E02235,PRO,branch
RU002951,E02236,WRT,head office
RU002952,E02237,WRT,office
RU002953,E02238,TRS,head office
RU002954,E02238,TRS,depot
RU002955,E02239,TRS,plant
RU002956,E02240,TRS,office
RU002957,E02241,WRT,head office
RU002958,E02241,WRT,office
RU002959,E02242,TRS,yard
RU002960,E02243,MFG,depot
RU002961,E02244,ACC,head office
RU002962,E02245,ACC,yard
RU002963,E02246,PRO,office
RU002964,E02247,CON,depot
RU002965,E02247,CON,branch
RU002966,E02248,TRS,yard
RU002967,E02248,TRS,depot
RU002968,E02249,WRT,yard
RU002969,E02250,ACC,yard
RU002970,E02251,PRO,head office
RU002971,E02251,PRO,branch
RU002972,E02252,PRO,head office
RU002973,E02253,CON,depot
RU002974,E02254,TRS,depot
RU002975,E02255,ACC,office
RU002976,E02255,ACC,office
RU002977,E02256,CON,office
RU002978,E02257,TRS,office
RU002979,E02258,MFG,office
RU002980,E02259,TRS,depot
RU002981,E02260,CON,yard
RU002982,E02260,CON,plant
RU002983,E02261,ACC,branch
RU002984,E02262,ACC,yard
RU002985,E02263,MFG,plant
RU002986,E02264,CON,head office
RU002987,E02265,TRS,depot
RU002988,E02266,ACC,depot
RU002989,E02266,ACC,branch
RU002990,E02267,WRT,branch
RU002991,E02268,CON,branch
RU002992,E02269,CON,depot
RU002993,E02269,CON,branch
RU002994,E02270,TRS,head office
RU002995,E02271,CON,plant
RU002996,E02272,WRT,branch
RU002997,E02273,PRO,head office
RU002998,E02273,PRO,plant
RU002999,E02274,TRS,plant
RU003000,E02275,ACC,depot
RU003001,E02275,ACC,yard
RU003002,E02276,TRS,branch
RU003003,E02277,TRS,head office
RU003004,E02278,MFG,depot
RU003005,E02279,TRS,depot
RU003006,E02279,TRS,plant
RU003007,E02280,MFG,plant
RU003008,E02280,MFG,head office
RU003009,E02280,MFG,plant
RU003010,E02281,TRS,branch
RU003011,E02282,ACC,office
RU003012,E02283,WRT,plant
RU003013,E02284,TRS,branch
RU003014,E02285,MFG,depot
RU003015,E02285,MFG,head office
RU003016,E02286,CON,office
RU003017,E02287,ACC,yard
RU003018,E02288,WRT,yard
RU003019,E02289,TRS,plant
RU003020,E02289,TRS,depot
RU003021,E02289,TRS,head office
RU003022,E02289,TRS,depot
RU003023,E02290,CON,branch
RU003024,E02291,TRS,plant
RU003025,E02292,CON,office
RU003026,E02293,MFG,yard
RU003027,E02294,WRT,branch
RU003028,E02295,PRO,yard
RU003029,E02296,ACC,office
RU003030,E02297,CON,yard
RU003031,E02298,TRS,depot
RU003032,E02299,CON,plant
RU003033,E02300,PRO,yard
RU003034,E02301,WRT,head office
RU003035,E02302,MFG,plant
RU003036,E02303,TRS,office
RU003037,E02304,PRO,yard
RU003038,E02304,PRO,yard
RU003039,E02305,MFG,office
RU003040,E02305,MFG,office
RU003041,E02306,CON,plant
RU003042,E02307,PRO,depot
RU003043,E02308,MFG,depot
RU003044,E02309,ACC,office
RU003045,E02310,ACC,yard
RU003046,E02311,WRT,head office
RU003047,E02312,ACC,office
RU003048,E02313,WRT,depot
RU003049,E02314,CON,depot
RU003050,E02315,CON,yard
RU003051,E02315,CON,branch
RU003052,E02316,MFG,yard
RU003053,E02316,MFG,office
RU003054,E02317,WRT,depot
RU003055,E02318,WRT,yard
RU003056,E02319,MFG,depot
RU003057,E02320,ACC,head office
RU003058,E02320,ACC,head office
RU003059,E02321,TRS,office
RU003060,E02322,WRT,head office
RU003061,E02323,ACC,depot
RU003062,E02324,MFG,branch
RU003063,E02325,MFG,yard
RU003064,E02326,ACC,depot
RU003065,E02327,PRO,head office
RU003066,E02327,PRO,yard
RU003067,E02328,WRT,plant
RU003068,E02329,ACC,head office
RU003069,E02330,TRS,depot
RU003070,E02331,TRS,office
RU003071,E02332,WRT,plant
RU003072,E02333,MFG,office
RU003073,E02334,ACC,yard
RU003074,E02335,CON,head office
RU003075,E02335,CON,head office
RU003076,E02335,CON,branch
RU003077,E02335,CON,depot
RU003078,E02336,PRO,yard
RU003079,E02337,TRS,depot
RU003080,E02338,TRS,yard
RU003081,E02338,TRS,yard
RU003082,E02339,CON,plant
RU003083,E02340,WRT,branch
RU003084,E02341,ACC,depot
RU003085,E02342,WRT,yard
RU003086,E02343,WRT,branch
RU003087,E02344,ACC,branch
RU003088,E02345,MFG,depot
RU003089,E02345,MFG,plant
RU003090,E02346,PRO,depot
RU003091,E02347,MFG,head office
RU003092,E02348,MFG,head office
RU003093,E02348,MFG,office
RU003094,E02349,MFG,depot
RU003095,E02350,ACC,plant
RU003096,E02350,ACC,head office
RU003097,E02351,TRS,depot
RU003098,E02352,CON,depot
RU003099,E02352,CON,branch
RU003100,E02353,WRT,office
RU003101,E02353,WRT,head office
RU003102,E02354,PRO,head office
RU003103,E02355,TRS,depot
RU003104,E02356,WRT,branch
RU003105,E02357,WRT,depot
RU003106,E02357,WRT,plant
RU003107,E02358,CON,branch
RU003108,E02359,MFG,depot
RU003109,E02360,MFG,yard
RU003110,E02361,WRT,branch
RU003111,E02362,CON,yard
RU003112,E02363,MFG,depot
RU003113,E02364,MFG,yard
RU003114,E02365,CON,branch
RU003115,E02366,CON,yard
RU003116,E02367,MFG,head office
RU003117,E02368,WRT,head office
RU003118,E02369,TRS,branch
RU003119,E02370,WRT,yard
RU003120,E02371,PRO,office
RU003121,E02372,TRS,plant
RU003122,E02373,CON,branch
RU003123,E02374,PRO,head office
RU003124,E02375,ACC,office
RU003125,E02375,ACC,plant
RU003126,E02376,CON,plant
RU003127,E02377,MFG,yard
RU003128,E02378,ACC,head office
RU003129,E02379,MFG,branch
RU003130,E02379,MFG,plant
RU003131,E02379,MFG,head office
RU003132,E02380,WRT,plant
RU003133,E02381,TRS,branch
RU003134,E02381,TRS,head office
RU003135,E02381,TRS,yard
RU003136,E02382,ACC,branch
RU003137,E02383,TRS,yard
RU003138,E02384,PRO,yard
RU003139,E02385,CON,branch
RU003140,E02386,WRT,plant
RU003141,E02387,PRO,depot
RU003142,E02388,PRO,office
RU003143,E02389,TRS,branch
RU003144,E02390,CON,depot
RU003145,E02391,WRT,plant
RU003146,E02392,MFG,plant
RU003147,E02393,ACC,branch
RU003148,E02394,PRO,yard
RU003149,E02395,ACC,branch
RU003150,E02395,ACC,plant
RU003151,E02395,ACC,yard
RU003152,E02396,TRS,depot
RU003153,E02396,TRS,head office
RU003154,E02396,TRS,branch
RU003155,E02397,PRO,yard
RU003156,E02398,ACC,depot
RU003157,E02398,ACC,head office
RU003158,E02398,ACC,plant
RU003159,E02399,WRT,yard
RU003160,E02400,CON,branch
RU003161,E02401,TRS,branch
RU003162,E02402,CON,plant
RU003163,E02402,CON,depot
RU003164,E02402,CON,office
RU003165,E02403,ACC,branch
RU003166,E02403,ACC,head office
RU003167,E02403,ACC,office
RU003168,E02403,ACC,plant
RU003169,E02404,MFG,depot
RU003170,E02405,CON,branch
RU003171,E02405,CON,office
RU003172,E02406,ACC,yard
RU003173,E02407,MFG,plant
RU003174,E02408,PRO,branch
RU003175,E02409,MFG,office
RU003176,E02410,WRT,branch
RU003177,E02411,PRO,depot
RU003178,E02411,PRO,depot
RU003179,E02412,ACC,yard
RU003180,E02413,TRS,depot
RU003181,E02413,TRS,office
RU003182,E02413,TRS,office
RU003183,E02414,MFG,branch
RU003184,E02415,WRT,office
RU003185,E02415,WRT,yard
RU003186,E02416,MFG,depot
RU003187,E02417,CON,yard
RU003188,E02418,MFG,office
RU003189,E02419,CON,office
RU003190,E02420,CON,yard
RU003191,E02421,WRT,yard
RU003192,E02422,PRO,depot
RU003193,E02423,TRS,yard
RU003194,E02424,PRO,plant
RU003195,E02424,PRO,depot
RU003196,E02425,ACC,plant
RU003197,E02426,WRT,head office
RU003198,E02427,TRS,plant
RU003199,E02428,ACC,head office
RU003200,E02429,WRT,depot
RU003201,E02429,WRT,yard
RU003202,E02430,CON,yard
RU003203,E02431,CON,head office
RU003204,E02431,CON,yard
RU003205,E02432,WRT,office
RU003206,E02433,TRS,depot
RU003207,E02434,PRO,depot
RU003208,E02435,TRS,depot
RU003209,E02435,TRS,yard
RU003210,E02435,TRS,head office
RU003211,E02435,TRS,head office
RU003212,E02436,CON,depot
RU003213,E02437,ACC,plant
RU003214,E02438,WRT,office
RU003215,E02439,WRT,depot
RU003216,E02440,CON,yard
RU003217,E02441,MFG,plant
RU003218,E02442,ACC,plant
RU003219,E02443,ACC,depot
RU003220,E02444,MFG,depot
RU003221,E02445,PRO,head office
RU003222,E02445,PRO,head office
RU003223,E02446,TRS,branch
RU003224,E02446,TRS,branch
RU003225,E02446,TRS,yard
RU003226,E02447,WRT,branch
RU003227,E02447,WRT,yard
RU003228,E02447,WRT,depot
RU003229,E02448,MFG,plant
RU003230,E02449,TRS,depot
RU003231,E02450,ACC,office
RU003232,E02451,PRO,head office
RU003233,E02452,TRS,office
RU003234,E02453,CON,depot
RU003235,E02454,ACC,branch
RU003236,E02455,WRT,yard
RU003237,E02455,WRT,depot
RU003238,E02455,WRT,yard
RU003239,E02456,TRS,head office
RU003240,E02456,TRS,plant
RU003241,E02456,TRS,branch
RU003242,E02457,TRS,office
RU003243,E02458,PRO,depot
RU003244,E02459,WRT,depot
RU003245,E02460,TRS,plant
RU003246,E02461,ACC,yard
RU003247,E02462,WRT,office
RU003248,E02463,WRT,head office
RU003249,E02463,WRT,depot
RU003250,E02464,PRO,branch
RU003251,E02465,WRT,head office
RU003252,E02466,TRS,plant
RU003253,E02467,WRT,office
RU003254,E02468,CON,office
RU003255,E02468,CON,depot
RU003256,E02469,TRS,plant
RU003257,E02470,ACC,office
RU003258,E02471,CON,head office
RU003259,E02472,PRO,branch
RU003260,E02473,WRT,depot
RU003261,E02474,CON,plant
RU003262,E02475,TRS,head office
RU003263,E02476,MFG,branch
RU003264,E02477,PRO,plant
RU003265,E02478,PRO,plant
RU003266,E02479,TRS,depot
RU003267,E02480,WRT,plant
RU003268,E02481,WRT,branch
RU003269,E02482,WRT,yard
RU003270,E02483,ACC,depot
RU003271,E02484,PRO,plant
RU003272,E02485,ACC,office
RU003273,E02486,ACC,depot
RU003274,E02487,MFG,office
RU003275,E02488,ACC,head office
RU003276,E02489,PRO,depot
RU003277,E02490,ACC,depot
RU003278,E02491,TRS,office
RU003279,E02492,CON,yard
RU003280,E02493,MFG,branch
RU003281,E02494,CON,yard
RU003282,E02494,CON,yard
RU003283,E02494,CON,depot
RU003284,E02495,PRO,office
RU003285,E02496,WRT,yard
RU003286,E02497,PRO,head office
RU003287,E02498,PRO,head office
RU003288,E02498,PRO,depot
RU003289,E02499,CON,depot
RU003290,E02500,TRS,depot
RU003291,E02501,ACC,plant
RU003292,E02502,CON,office
RU003293,E02503,WRT,depot
RU003294,E02504,PRO,plant
RU003295,E02505,WRT,plant
RU003296,E02505,WRT,depot
RU003297,E02505,WRT,head office
RU003298,E02506,TRS,head office
RU003299,E02506,TRS,office
RU003300,E02507,WRT,branch
RU003301,E02507,WRT,plant
RU003302,E02507,WRT,yard
RU003303,E02508,TRS,plant
RU003304,E02508,TRS,yard
RU003305,E02508,TRS,depot
RU003306,E02508,TRS,depot
RU003307,E02509,MFG,yard
RU003308,E02509,MFG,plant
RU003309,E02510,ACC,office
RU003310,E02511,ACC,yard
RU003311,E02511,ACC,plant
RU003312,E02512,WRT,office
RU003313,E02513,CON,plant
RU003314,E02514,TRS,depot
RU003315,E02515,TRS,head office
RU003316,E02515,TRS,plant
RU003317,E02515,TRS,yard
RU003318,E02516,TRS,office
RU003319,E02517,MFG,head office
RU003320,E02518,TRS,office
RU003321,E02519,ACC,plant
RU003322,E02520,WRT,branch
RU003323,E02520,WRT,yard
RU003324,E02520,WRT,yard
RU003325,E02521,WRT,depot
RU003326,E02522,CON,yard
RU003327,E02523,CON,head office
RU003328,E02524,WRT,yard
RU003329,E02524,WRT,yard
RU003330,E02524,WRT,office
RU003331,E02524,WRT,depot
RU003332,E02525,TRS,depot
RU003333,E02526,TRS,yard
RU003334,E02527,PRO,yard
RU003335,E02528,WRT,plant
RU003336,E02529,MFG,plant
RU003337,E02530,MFG,branch
RU003338,E02531,MFG,yard
RU003339,E02531,MFG,branch
RU003340,E02532,CON,office
RU003341,E02533,CON,head office
RU003342,E02534,WRT,yard
RU003343,E02535,PRO,office
RU003344,E02536,TRS,head office
RU003345,E02536,TRS,office
RU003346,E02537,TRS,office
RU003347,E02538,PRO,depot
RU003348,E02538,PRO,branch
RU003349,E02538,PRO,branch
RU003350,E02539,PRO,plant
RU003351,E02539,PRO,branch
RU003352,E02540,CON,depot
RU003353,E02540,CON,office
RU003354,E02541,TRS,yard
RU003355,E02541,TRS,head office
RU003356,E02542,CON,depot
RU003357,E02542,CON,office
RU003358,E02542,CON,depot
RU003359,E02543,CON,depot
RU003360,E02543,CON,yard
RU003361,E02544,TRS,head office
RU003362,E02545,MFG,plant
RU003363,E02545,MFG,yard
RU003364,E02546,PRO,office
RU003365,E02546,PRO,yard
RU003366,E02547,PRO,branch
RU003367,E02548,MFG,office
RU003368,E02549,MFG,head office
RU003369,E02550,ACC,yard
RU003370,E02551,MFG,depot
RU003371,E02552,TRS,yard
RU003372,E02553,CON,office
RU003373,E02554,CON,depot
RU003374,E02555,MFG,plant
RU003375,E02555,MFG,branch
RU003376,E02556,TRS,head office
RU003377,E02556,TRS,yard
RU003378,E02557,CON,branch
RU003379,E02558,TRS,head office
RU003380,E02559,TRS,office
RU003381,E02560,ACC,branch
RU003382,E02561,ACC,office
RU003383,E02562,PRO,yard
RU003384,E02563,TRS,branch
RU003385,E02564,PRO,plant
RU003386,E02565,ACC,depot
RU003387,E02566,MFG,office
RU003388,E02567,PRO,head office
RU003389,E02568,PRO,branch
RU003390,E02568,PRO,head office
RU003391,E02568,PRO,head office
RU003392,E02568,PRO,plant
RU003393,E02569,ACC,head office
RU003394,E02569,ACC,office
RU003395,E02569,ACC,yard
RU003396,E02570,ACC,office
RU003397,E02571,TRS,depot
RU003398,E02572,MFG,plant
RU003399,E02572,MFG,branch
RU003400,E02573,WRT,office
RU003401,E02573,WRT,plant
RU003402,E02574,PRO,yard
RU003403,E02575,TRS,office
RU003404,E02576,WRT,office
RU003405,E02577,TRS,depot
RU003406,E02577,TRS,depot
RU003407,E02577,TRS,office
RU003408,E02578,MFG,yard
RU003409,E02579,PRO,branch
RU003410,E02580,CON,branch
RU003411,E02581,WRT,branch
RU003412,E02581,WRT,branch
RU003413,E02582,TRS,office
RU003414,E02583,PRO,yard
RU003415,E02583,PRO,depot
RU003416,E02584,WRT,head office
RU003417,E02584,WRT,head office
RU003418,E02585,PRO,depot
RU003419,E02586,TRS,office
RU003420,E02586,TRS,branch
RU003421,E02587,WRT,depot
RU003422,E02588,ACC,depot
RU003423,E02589,PRO,depot
RU003424,E02590,WRT,depot
RU003425,E02591,WRT,plant
RU003426,E02592,ACC,office
RU003427,E02592,ACC,plant
RU003428,E02592,ACC,branch
RU003429,E02593,CON,head office
RU003430,E02594,CON,head office
RU003431,E02595,MFG,depot
RU003432,E02595,MFG,plant
RU003433,E02596,MFG,plant
RU003434,E02597,TRS,head office
RU003435,E02598,TRS,yard
RU003436,E02599,CON,branch
RU003437,E02600,TRS,depot
RU003438,E02601,PRO,yard
RU003439,E02602,CON,plant
RU003440,E02603,PRO,branch
RU003441,E02604,WRT,yard
RU003442,E02604,WRT,yard
RU003443,E02605,WRT,yard
RU003444,E02606,WRT,yard
RU003445,E02607,WRT,office
RU003446,E02608,MFG,plant
RU003447,E02608,MFG,branch
RU003448,E02609,TRS,depot
RU003449,E02609,TRS,depot
RU003450,E02610,WRT,office
RU003451,E02611,ACC,plant
RU003452,E02612,ACC,head office
RU003453,E02613,PRO,depot
RU003454,E02614,ACC,head office
RU003455,E02615,MFG,branch
RU003456,E02615,MFG,head office
RU003457,E02616,CON,yard
RU003458,E02617,PRO,depot
RU003459,E02618,CON,depot
RU003460,E02619,CON,plant
RU003461,E02619,CON,branch
RU003462,E02619,CON,branch
RU003463,E02619,CON,yard
RU003464,E02620,ACC,plant
RU003465,E02621,CON,office
RU003466,E02621,CON,yard
RU003467,E02622,WRT,plant
RU003468,E02622,WRT,depot
RU003469,E02623,CON,head office
RU003470,E02624,ACC,depot
RU003471,E02624,ACC,yard
RU003472,E02625,ACC,yard
RU003473,E02626,ACC,depot
RU003474,E02627,CON,branch
RU003475,E02628,ACC,head office
RU003476,E02629,MFG,depot
RU003477,E02630,PRO,depot
RU003478,E02631,TRS,depot
RU003479,E02631,TRS,yard
RU003480,E02632,WRT,office
RU003481,E02632,WRT,head office
RU003482,E02633,PRO,branch
RU003483,E02634,CON,head office
RU003484,E02635,TRS,branch
RU003485,E02636,ACC,depot
RU003486,E02636,ACC,office
RU003487,E02636,ACC,office
RU003488,E02637,TRS,head office
RU003489,E02638,TRS,depot
RU003490,E02639,TRS,office
RU003491,E02640,CON,branch
RU003492,E02641,ACC,depot
RU003493,E02642,PRO,office
RU003494,E02643,CON,branch
RU003495,E02644,WRT,plant
RU003496,E02644,WRT,plant
RU003497,E02645,CON,depot
RU003498,E02646,CON,branch
RU003499,E02647,MFG,depot
RU003500,E02648,TRS,yard
RU003501,E02649,CON,depot
RU003502,E02650,MFG,yard
RU003503,E02650,MFG,office
RU003504,E02651,WRT,depot
RU003505,E02651,WRT,head office
RU003506,E02652,MFG,office
RU003507,E02653,ACC,plant
RU003508,E02654,TRS,depot
RU003509,E02655,CON,head office
RU003510,E02656,WRT,office
RU003511,E02657,MFG,branch
RU003512,E02657,MFG,branch
RU003513,E02658,CON,office
RU003514,E02658,CON,office
RU003515,E02659,ACC,head office
RU003516,E02660,TRS,plant
RU003517,E02660,TRS,office
RU003518,E02661,CON,head office
RU003519,E02661,CON,office
RU003520,E02662,PRO,plant
RU003521,E02662,PRO,yard
RU003522,E02663,PRO,yard
RU003523,E02664,WRT,head office
RU003524,E02665,WRT,yard
RU003525,E02666,ACC,yard
RU003526,E02667,ACC,head office
RU003527,E02668,WRT,office
RU003528,E02669,MFG,depot
RU003529,E02670,MFG,branch
RU003530,E02671,WRT,yard
RU003531,E02672,TRS,branch
RU003532,E02672,TRS,yard
RU003533,E02673,ACC,yard
RU003534,E02674,WRT,depot
RU003535,E02675,CON,branch
RU003536,E02676,PRO,branch
RU003537,E02677,WRT,head office
RU003538,E02678,TRS,branch
RU003539,E02679,TRS,yard
RU003540,E02680,MFG,office
RU003541,E02681,TRS,plant
RU003542,E02681,TRS,depot
RU003543,E02682,CON,plant
RU003544,E02683,PRO,plant
RU003545,E02684,CON,branch
RU003546,E02684,CON,yard
RU003547,E02684,CON,office
RU003548,E02685,CON,yard
RU003549,E02686,ACC,plant
RU003550,E02687,TRS,office
RU003551,E02688,CON,plant
RU003552,E02689,WRT,plant
RU003553,E02690,WRT,office
RU003554,E02691,PRO,head office
RU003555,E02692,CON,branch
RU003556,E02693,TRS,branch
RU003557,E02693,TRS,office
RU003558,E02694,ACC,depot
RU003559,E02695,ACC,depot
RU003560,E02696,PRO,head office
RU003561,E02696,PRO,yard
RU003562,E02697,ACC,branch
RU003563,E02698,WRT,branch
RU003564,E02698,WRT,plant
RU003565,E02699,PRO,office
RU003566,E02700,MFG,office
RU003567,E02701,CON,yard
RU003568,E02701,CON,branch
RU003569,E02702,MFG,yard
RU003570,E02703,MFG,office
RU003571,E02703,MFG,office
RU003572,E02704,PRO,depot
RU003573,E02705,ACC,head office
RU003574,E02706,ACC,plant
RU003575,E02707,PRO,head office
RU003576,E02707,PRO,yard
RU003577,E02708,TRS,branch
RU003578,E02709,CON,branch
RU003579,E02709,CON,branch
RU003580,E02709,CON,yard
RU003581,E02709,CON,head office
RU003582,E02710,TRS,branch
RU003583,E02711,PRO,office
RU003584,E02712,MFG,branch
RU003585,E02713,MFG,yard
RU003586,E02713,MFG,depot
RU003587,E02714,TRS,branch
RU003588,E02715,CON,yard
RU003589,E02716,ACC,branch
RU003590,E02717,CON,head office
RU003591,E02718,ACC,branch
RU003592,E02719,WRT,office
RU003593,E02720,PRO,plant
RU003594,E02721,ACC,office
RU003595,E02722,CON,branch
RU003596,E02723,TRS,office
RU003597,E02724,WRT,office
RU003598,E02724,WRT,yard
RU003599,E02725,CON,plant
RU003600,E02726,ACC,plant
RU003601,E02727,PRO,plant
RU003602,E02727,PRO,depot
RU003603,E02727,PRO,head office
RU003604,E02727,PRO,yard
RU003605,E02728,ACC,depot
RU003606,E02729,ACC,yard
RU003607,E02730,MFG,plant
RU003608,E02731,PRO,office
RU003609,E02732,MFG,office
RU003610,E02733,ACC,yard
RU003611,E02734,WRT,depot
RU003612,E02735,TRS,head office
RU003613,E02736,ACC,office
RU003614,E02737,ACC,head office
RU003615,E02738,TRS,branch
RU003616,E02739,CON,plant
RU003617,E02740,TRS,plant
RU003618,E02740,TRS,branch
RU003619,E02741,MFG,office
RU003620,E02742,CON,office
RU003621,E02742,CON,office
RU003622,E02743,CON,plant
RU003623,E02744,ACC,depot
RU003624,E02745,CON,head office
RU003625,E02746,MFG,yard
RU003626,E02747,CON,plant
RU003627,E02748,ACC,office
RU003628,E02749,CON,plant
RU003629,E02750,PRO,branch
RU003630,E02751,TRS,plant
RU003631,E02752,ACC,plant
RU003632,E02753,WRT,plant
RU003633,E02754,ACC,yard
RU003634,E02754,ACC,head office
RU003635,E02754,ACC,head office
RU003636,E02754,ACC,office
RU003637,E02755,CON,depot
RU003638,E02755,CON,office
RU003639,E02755,CON,head office
RU003640,E02756,WRT,head office
RU003641,E02757,WRT,depot
RU003642,E02758,ACC,branch
RU003643,E02758,ACC,head office
RU003644,E02759,MFG,branch
RU003645,E02760,CON,plant
RU003646,E02760,CON,branch
RU003647,E02761,PRO,plant
RU003648,E02761,PRO,yard
RU003649,E02762,WRT,depot
RU003650,E02762,WRT,office
RU003651,E02763,CON,plant
RU003652,E02764,MFG,head office
RU003653,E02765,ACC,yard
RU003654,E02766,ACC,yard
RU003655,E02767,ACC,office
RU003656,E02768,CON,head office
RU003657,E02769,CON,yard
RU003658,E02770,MFG,head office
RU003659,E02771,WRT,plant
RU003660,E02772,TRS,head office
RU003661,E02773,ACC,plant
RU003662,E02774,TRS,branch
RU003663,E02775,CON,head office
RU003664,E02775,CON,office
RU003665,E02775,CON,plant
RU003666,E02775,CON,depot
RU003667,E02776,MFG,yard
RU003668,E02777,ACC,plant
RU003669,E02778,WRT,plant
RU003670,E02779,MFG,branch
RU003671,E02780,WRT,head office
RU003672,E02781,TRS,plant
RU003673,E02782,CON,office
RU003674,E02782,CON,office
RU003675,E02783,PRO,plant
RU003676,E02784,WRT,head office
RU003677,E02785,CON,head office
RU003678,E02785,CON,branch
RU003679,E02786,MFG,plant
RU003680,E02787,MFG,office
RU003681,E02788,PRO,branch
RU003682,E02789,ACC,office
RU003683,E02790,TRS,head office
RU003684,E02790,TRS,office
RU003685,E02791,CON,depot
RU003686,E02792,CON,office
RU003687,E02792,CON,office
RU003688,E02792,CON,branch
RU003689,E02793,TRS,office
RU003690,E02794,MFG,office
RU003691,E02795,WRT,office
RU003692,E02796,PRO,head office
RU003693,E02797,PRO,branch
RU003694,E02798,TRS,depot
RU003695,E02799,WRT,head office
RU003696,E02800,PRO,plant
RU003697,E02800,PRO,depot
RU003698,E02800,PRO,yard
RU003699,E02800,PRO,branch
RU003700,E02801,ACC,yard
RU003701,E02802,ACC,depot
RU003702,E02803,WRT,yard
RU003703,E02804,TRS,branch
RU003704,E02805,ACC,branch
RU003705,E02806,WRT,depot
RU003706,E02807,WRT,depot
RU003707,E02808,TRS,depot
RU003708,E02808,TRS,office
RU003709,E02809,ACC,head office
RU003710,E02810,WRT,plant
RU003711,E02811,PRO,branch
RU003712,E02812,WRT,office
RU003713,E02812,WRT,office
RU003714,E02812,WRT,branch
RU003715,E02813,TRS,head office
RU003716,E02814,CON,head office
RU003717,E02814,CON,office
RU003718,E02814,CON,yard
RU003719,E02815,PRO,branch
RU003720,E02815,PRO,head office
RU003721,E02816,WRT,yard
RU003722,E02817,WRT,office
RU003723,E02818,ACC,plant
RU003724,E02819,TRS,branch
RU003725,E02820,ACC,head office
RU003726,E02821,PRO,depot
RU003727,E02821,PRO,head office
RU003728,E02822,PRO,depot
RU003729,E02823,TRS,branch
RU003730,E02824,ACC,plant
RU003731,E02825,MFG,depot
RU003732,E02826,PRO,yard
RU003733,E02827,CON,depot
RU003734,E02828,PRO,yard
RU003735,E02829,MFG,head office
RU003736,E02830,PRO,yard
RU003737,E02831,PRO,head office
RU003738,E02832,CON,yard
RU003739,E02833,PRO,depot
RU003740,E02833,PRO,branch
RU003741,E02833,PRO,plant
RU003742,E02834,PRO,yard
RU003743,E02834,PRO,depot
RU003744,E02835,TRS,yard
RU003745,E02836,TRS,branch
RU003746,E02837,PRO,yard
RU003747,E02838,TRS,plant
RU003748,E02838,TRS,office
RU003749,E02838,TRS,branch
RU003750,E02839,TRS,yard
RU003751,E02839,TRS,head office
RU003752,E02839,TRS,head office
RU003753,E02840,WRT,branch
RU003754,E02841,MFG,head office
RU003755,E02842,PRO,office
RU003756,E02843,TRS,office
RU003757,E02844,TRS,depot
RU003758,E02845,WRT,head office
RU003759,E02846,ACC,branch
RU003760,E02847,ACC,depot
RU003761,E02847,ACC,plant
RU003762,E02848,WRT,plant
RU003763,E02848,WRT,office
RU003764,E02848,WRT,head office
RU003765,E02849,ACC,yard
RU003766,E02850,CON,depot
RU003767,E02851,WRT,plant
RU003768,E02852,TRS,depot
RU003769,E02853,MFG,office
RU003770,E02854,ACC,office
RU003771,E02855,MFG,depot
RU003772,E02856,MFG,head office
RU003773,E02857,TRS,yard
RU003774,E02858,WRT,head office
RU003775,E02859,MFG,head office
RU003776,E02859,MFG,yard
RU003777,E02860,MFG,office
RU003778,E02860,MFG,depot
RU003779,E02860,MFG,head office
RU003780,E02861,ACC,head office
RU003781,E02862,WRT,office
RU003782,E02863,PRO,depot
RU003783,E02864,PRO,plant
RU003784,E02864,PRO,yard
RU003785,E02865,ACC,office
RU003786,E02866,PRO,branch
RU003787,E02867,CON,office
RU003788,E02868,ACC,head office
RU003789,E02869,CON,branch
RU003790,E02870,WRT,plant
RU003791,E02871,PRO,branch
RU003792,E02872,TRS,depot
RU003793,E02873,CON,head office
RU003794,E02873,CON,branch
RU003795,E02874,ACC,head office
RU003796,E02875,ACC,branch
RU003797,E02875,ACC,plant
RU003798,E02875,ACC,office
RU003799,E02875,ACC,plant
RU003800,E02876,ACC,head office
RU003801,E02877,CON,depot
RU003802,E02878,TRS,branch
RU003803,E02878,TRS,plant
RU003804,E02878,TRS,depot
RU003805,E02879,PRO,depot
RU003806,E02880,ACC,depot
RU003807,E02881,WRT,branch
RU003808,E02881,WRT,yard
RU003809,E02881,WRT,head office
RU003810,E02882,MFG,plant
RU003811,E02883,ACC,depot
RU003812,E02884,CON,yard
RU003813,E02884,CON,depot
RU003814,E02885,ACC,head office
RU003815,E02886,MFG,office
RU003816,E02887,WRT,office
RU003817,E02888,MFG,depot
RU003818,E02889,ACC,head office
RU003819,E02890,MFG,yard
RU003820,E02890,MFG,branch
RU003821,E02891,MFG,branch
RU003822,E02892,TRS,yard
RU003823,E02893,TRS,yard
RU003824,E02894,MFG,depot
RU003825,E02895,WRT,depot
RU003826,E02896,WRT,head office
RU003827,E02897,WRT,office
RU003828,E02898,TRS,depot
RU003829,E02899,CON,office
RU003830,E02900,WRT,yard
RU003831,E02901,MFG,office
RU003832,E02902,PRO,plant
RU003833,E02903,MFG,branch
RU003834,E02904,CON,plant
RU003835,E02905,MFG,head office
RU003836,E02906,ACC,plant
RU003837,E02907,TRS,office
RU003838,E02908,ACC,head office
RU003839,E02908,ACC,head office
RU003840,E02908,ACC,plant
RU003841,E02909,ACC,yard
RU003842,E02909,ACC,yard
RU003843,E02910,MFG,depot
RU003844,E02911,CON,branch
RU003845,E02912,MFG,plant
RU003846,E02913,ACC,office
RU003847,E02914,TRS,yard
RU003848,E02915,MFG,depot
RU003849,E02916,MFG,plant
RU003850,E02917,ACC,branch
RU003851,E02917,ACC,plant
RU003852,E02918,ACC,depot
RU003853,E02919,MFG,head office
RU003854,E02920,ACC,branch
RU003855,E02921,MFG,plant
RU003856,E02922,WRT,branch
RU003857,E02923,PRO,yard
RU003858,E02924,MFG,yard
RU003859,E02925,PRO,office
RU003860,E02926,ACC,plant
RU003861,E02927,PRO,depot
RU003862,E02927,PRO,head office
RU003863,E02928,MFG,branch
RU003864,E02929,WRT,plant
RU003865,E02929,WRT,office
RU003866,E02930,WRT,plant
RU003867,E02930,WRT,plant
RU003868,E02930,WRT,depot
RU003869,E02931,TRS,head office
RU003870,E02931,TRS,head office
RU003871,E02931,TRS,office
RU003872,E02932,MFG,branch
RU003873,E02933,PRO,head office
RU003874,E02934,CON,plant
RU003875,E02934,CON,plant
RU003876,E02935,MFG,depot
RU003877,E02935,MFG,head office
RU003878,E02936,MFG,depot
RU003879,E02937,WRT,branch
RU003880,E02938,WRT,yard
RU003881,E02939,WRT,head office
RU003882,E02940,ACC,depot
RU003883,E02941,MFG,branch
RU003884,E02942,PRO,depot
RU003885,E02943,ACC,branch
RU003886,E02944,CON,office
RU003887,E02945,WRT,office
RU003888,E02946,TRS,branch
RU003889,E02946,TRS,head office
RU003890,E02947,TRS,yard
RU003891,E02948,PRO,plant
RU003892,E02949,PRO,office
RU003893,E02950,CON,office
RU003894,E02951,WRT,office
RU003895,E02951,WRT,plant
RU003896,E02952,ACC,head office
RU003897,E02953,ACC,office
RU003898,E02954,ACC,branch
RU003899,E02955,TRS,plant
RU003900,E02956,ACC,branch
RU003901,E02957,PRO,plant
RU003902,E02957,PRO,yard
RU003903,E02958,TRS,depot
RU003904,E02959,TRS,branch
RU003905,E02960,MFG,office
RU003906,E02961,TRS,head office
RU003907,E02962,PRO,office
RU003908,E02963,PRO,plant
RU003909,E02964,WRT,office
RU003910,E02965,MFG,head office
RU003911,E02966,MFG,office
RU003912,E02967,TRS,branch
RU003913,E02967,TRS,plant
RU003914,E02967,TRS,yard
RU003915,E02968,MFG,branch
RU003916,E02968,MFG,yard
RU003917,E02969,TRS,branch
RU003918,E02970,PRO,branch
RU003919,E02971,ACC,depot
RU003920,E02972,ACC,head office
RU003921,E02973,TRS,yard
RU003922,E02974,MFG,depot
RU003923,E02975,CON,plant
RU003924,E02976,CON,office
RU003925,E02976,CON,office
RU003926,E02977,MFG,plant
RU003927,E02978,WRT,branch
RU003928,E02978,WRT,plant
RU003929,E02979,PRO,depot
RU003930,E02979,PRO,office
RU003931,E02979,PRO,plant
RU003932,E02979,PRO,branch
RU003933,E02980,WRT,head office
RU003934,E02981,MFG,branch
RU003935,E02981,MFG,office
RU003936,E02982,WRT,head office
RU003937,E02983,TRS,head office
RU003938,E02984,WRT,office
RU003939,E02985,TRS,depot
RU003940,E02985,TRS,office
RU003941,E02986,ACC,plant
RU003942,E02987,TRS,head office
RU003943,E02988,TRS,yard
RU003944,E02989,WRT,yard
RU003945,E02990,MFG,yard
RU003946,E02991,PRO,depot
RU003947,E02992,TRS,branch
RU003948,E02992,TRS,yard
RU003949,E02993,PRO,plant
RU003950,E02994,MFG,plant
RU003951,E02995,ACC,branch
RU003952,E02996,PRO,branch
RU003953,E02997,ACC,plant
RU003954,E02997,ACC,office
RU003955,E02997,ACC,yard
RU003956,E02998,ACC,office
RU003957,E02999,MFG,head office
RU003958,E03000,TRS,office
RU003959,E03001,PRO,yard
RU003960,E03002,PRO,office
RU003961,E03003,CON,yard
RU003962,E03004,TRS,branch
RU003963,E03004,TRS,office
RU003964,E03005,TRS,plant
RU003965,E03006,MFG,office
RU003966,E03006,MFG,branch
RU003967,E03006,MFG,yard
RU003968,E03007,MFG,branch
RU003969,E03008,TRS,depot
RU003970,E03009,CON,plant
RU003971,E03010,TRS,head office
RU003972,E03011,CON,branch
RU003973,E03012,WRT,office
RU003974,E03013,TRS,branch
RU003975,E03014,TRS,depot
RU003976,E03014,TRS,yard
RU003977,E03015,TRS,depot
RU003978,E03016,TRS,branch
RU003979,E03016,TRS,plant
RU003980,E03016,TRS,office
RU003981,E03017,ACC,plant
RU003982,E03018,WRT,plant
RU003983,E03018,WRT,branch
RU003984,E03019,CON,depot
RU003985,E03020,WRT,branch
RU003986,E03021,TRS,yard
RU003987,E03022,PRO,depot
RU003988,E03022,PRO,branch
RU003989,E03022,PRO,office
RU003990,E03023,WRT,head office
RU003991,E03024,TRS,plant
RU003992,E03025,TRS,plant
RU003993,E03026,TRS,plant
RU003994,E03027,MFG,plant
RU003995,E03028,ACC,yard
RU003996,E03029,WRT,head office
RU003997,E03029,WRT,yard
RU003998,E03029,WRT,head office
RU003999,E03029,WRT,depot
RU004000,E03030,MFG,head office
RU004001,E03031,CON,depot
RU004002,E03031,CON,head office
RU004003,E03032,TRS,yard
RU004004,E03033,WRT,depot
RU004005,E03034,ACC,yard
RU004006,E03035,ACC,yard
RU004007,E03036,TRS,yard
RU004008,E03037,WRT,plant
RU004009,E03037,WRT,office
RU004010,E03038,PRO,branch
RU004011,E03039,MFG,yard
RU004012,E03040,MFG,head office
RU004013,E03040,MFG,head office
RU004014,E03041,CON,depot
RU004015,E03042,ACC,yard
RU004016,E03042,ACC,head office
RU004017,E03042,ACC,office
RU004018,E03043,MFG,plant
RU004019,E03044,WRT,yard
RU004020,E03045,MFG,office
RU004021,E03046,CON,depot
RU004022,E03047,CON,branch
RU004023,E03047,CON,head office
RU004024,E03047,CON,plant
RU004025,E03048,WRT,head office
RU004026,E03048,WRT,head office
RU004027,E03049,PRO,depot
RU004028,E03050,ACC,depot
RU004029,E03051,TRS,plant
RU004030,E03052,WRT,plant
RU004031,E03053,WRT,branch
RU004032,E03054,CON,plant
RU004033,E03055,MFG,yard
RU004034,E03055,MFG,yard
RU004035,E03056,ACC,branch
RU004036,E03057,ACC,branch
RU004037,E03058,ACC,head office
RU004038,E03059,PRO,head office
RU004039,E03060,TRS,yard
RU004040,E03061,PRO,office
RU004041,E03062,MFG,depot
RU004042,E03063,PRO,branch
RU004043,E03064,ACC,depot
RU004044,E03064,ACC,plant
RU004045,E03065,MFG,plant
RU004046,E03066,CON,plant
RU004047,E03066,CON,office
RU004048,E03066,CON,plant
RU004049,E03066,CON,head office
RU004050,E03067,MFG,plant
RU004051,E03068,ACC,yard
RU004052,E03069,ACC,depot
RU004053,E03070,CON,office
RU004054,E03071,PRO,branch
RU004055,E03072,ACC,yard
RU004056,E03072,ACC,branch
RU004057,E03072,ACC,yard
RU004058,E03073,MFG,yard
RU004059,E03074,CON,depot
RU004060,E03075,WRT,yard
RU004061,E03076,WRT,office
RU004062,E03077,TRS,yard
RU004063,E03078,MFG,branch
RU004064,E03079,TRS,depot
RU004065,E03079,TRS,branch
RU004066,E03080,TRS,office
RU004067,E03081,CON,branch
RU004068,E03082,WRT,branch
RU004069,E03083,TRS,yard
RU004070,E03084,PRO,office
RU004071,E03085,TRS,plant
RU004072,E03086,PRO,yard
RU004073,E03087,MFG,depot
RU004074,E03088,WRT,head office
RU004075,E03088,WRT,head office
RU004076,E03089,WRT,yard
RU004077,E03090,TRS,head office
RU004078,E03091,ACC,plant
RU004079,E03092,WRT,plant
RU004080,E03092,WRT,plant
RU004081,E03093,CON,branch
RU004082,E03094,TRS,depot
RU004083,E03094,TRS,yard
RU004084,E03095,WRT,branch
RU004085,E03096,ACC,plant
RU004086,E03097,WRT,office
RU004087,E03098,MFG,plant
RU004088,E03098,MFG,plant
RU004089,E03099,MFG,office
RU004090,E03100,TRS,plant
RU004091,E03101,WRT,branch
RU004092,E03102,PRO,branch
RU004093,E03103,MFG,branch
RU004094,E03104,ACC,branch
RU004095,E03105,MFG,plant
RU004096,E03106,WRT,branch
RU004097,E03106,WRT,branch
RU004098,E03107,PRO,plant
RU004099,E03108,WRT,depot
RU004100,E03109,WRT,plant
RU004101,E03110,ACC,yard
RU004102,E03111,WRT,depot
RU004103,E03112,WRT,depot
RU004104,E03112,WRT,depot
RU004105,E03112,WRT,yard
RU004106,E03113,ACC,plant
RU004107,E03114,PRO,depot
RU004108,E03115,MFG,depot
RU004109,E03116,PRO,yard
RU004110,E03117,TRS,office
RU004111,E03117,TRS,office
RU004112,E03118,PRO,head office
RU004113,E03119,MFG,head office
RU004114,E03120,ACC,head office
RU004115,E03121,PRO,depot
RU004116,E03122,TRS,branch
RU004117,E03123,CON,head office
RU004118,E03124,WRT,yard
RU004119,E03125,WRT,plant
RU004120,E03125,WRT,depot
RU004121,E03126,WRT,branch
RU004122,E03127,CON,branch
RU004123,E03127,CON,yard
RU004124,E03128,ACC,branch
RU004125,E03129,TRS,head office
RU004126,E03130,WRT,office
RU004127,E03131,PRO,yard
RU004128,E03132,ACC,depot
RU004129,E03132,ACC,depot
RU004130,E03133,CON,office
RU004131,E03133,CON,office
RU004132,E03134,TRS,branch
RU004133,E03135,MFG,office
RU004134,E03136,ACC,depot
RU004135,E03137,PRO,branch
RU004136,E03137,PRO,yard
RU004137,E03138,CON,head office
RU004138,E03139,TRS,branch
RU004139,E03140,CON,head office
RU004140,E03141,PRO,plant
RU004141,E03142,ACC,office
RU004142,E03142,ACC,head office
RU004143,E03142,ACC,plant
RU004144,E03143,MFG,head office
RU004145,E03144,CON,head office
RU004146,E03144,CON,head office
RU004147,E03145,TRS,plant
RU004148,E03146,CON,yard
RU004149,E03147,TRS,yard
RU004150,E03148,WRT,office
RU004151,E03149,PRO,head office
RU004152,E03149,PRO,yard
RU004153,E03150,CON,office
RU004154,E03151,MFG,depot
RU004155,E03152,WRT,plant
RU004156,E03153,MFG,plant
RU004157,E03154,PRO,plant
RU004158,E03155,WRT,plant
RU004159,E03156,TRS,plant
RU004160,E03157,TRS,head office
RU004161,E03158,PRO,plant
RU004162,E03158,PRO,branch
RU004163,E03159,TRS,branch
RU004164,E03160,PRO,depot
RU004165,E03161,TRS,head office
RU004166,E03162,ACC,office
RU004167,E03163,WRT,yard
RU004168,E03164,MFG,branch
RU004169,E03165,MFG,plant
RU004170,E03166,MFG,depot
RU004171,E03167,MFG,yard
RU004172,E03168,WRT,depot
RU004173,E03169,TRS,office
RU004174,E03169,TRS,head office
RU004175,E03170,MFG,yard
RU004176,E03171,TRS,office
RU004177,E03172,ACC,office
RU004178,E03173,WRT,office
RU004179,E03173,WRT,office
RU004180,E03174,CON,branch
RU004181,E03175,ACC,head office
RU004182,E03176,WRT,head office
RU004183,E03177,WRT,branch
RU004184,E03177,WRT,office
RU004185,E03178,WRT,branch
RU004186,E03179,MFG,head office
RU004187,E03180,PRO,depot
RU004188,E03180,PRO,branch
RU004189,E03181,TRS,branch
RU004190,E03182,WRT,office
RU004191,E03182,WRT,branch
RU004192,E03183,PRO,depot
RU004193,E03184,WRT,branch
RU004194,E03184,WRT,head office
RU004195,E03185,WRT,head office
RU004196,E03186,CON,yard
RU004197,E03187,MFG,office
RU004198,E03187,MFG,office
RU004199,E03188,WRT,office
RU004200,E03189,TRS,yard
RU004201,E03190,MFG,yard
RU004202,E03191,MFG,yard
RU004203,E03192,MFG,plant
RU004204,E03192,MFG,depot
RU004205,E03193,PRO,yard
RU004206,E03194,TRS,depot
RU004207,E03195,TRS,yard
RU004208,E03196,WRT,yard
RU004209,E03197,TRS,depot
RU004210,E03198,ACC,office
RU004211,E03199,CON,branch
RU004212,E03199,CON,branch
RU004213,E03200,CON,yard
RU004214,E03200,CON,yard
