invoice_id,job_id,posted_at,type,amount,method
INV-000001,J-000001,2024-01-14,payment,541.62,ach
INV-000002,J-000002,2024-01-28,payment,132.28,check
INV-000003,J-000003,2024-01-11,payment,209.9,check
INV-000004,J-000004,2024-01-15,payment,282.31,financing
INV-000005,J-000005,2024-01-11,payment,214.94,ach
INV-000006,J-000006,2024-01-25,payment,199.8,card
INV-000007,J-000007,2024-01-14,payment,564.46,check
INV-000008,J-000008,2024-01-11,payment,503.94,check
INV-000009,J-000009,2024-01-16,payment,437.05,card
INV-000010,J-000010,2024-01-06,payment,566.41,card
INV-000011,J-000011,2024-01-12,payment,744.56,card
INV-000012,J-000012,2024-01-28,payment,327.53,card
INV-000013,J-000013,2024-01-13,payment,437.87,financing
INV-000014,J-000014,2024-01-13,payment,770.03,card
INV-000015,J-000015,2024-01-04,payment,459.27,card
INV-000016,J-000016,2024-01-10,payment,236.76,check
INV-000017,J-000017,2024-01-16,payment,197.47,check
INV-000018,J-000018,2024-01-09,payment,307.99,card
INV-000019,J-000019,2024-01-19,payment,427.3,card
INV-000020,J-000020,2024-01-11,payment,159.03,ach
INV-000021,J-000021,2024-01-11,payment,300.77,check
INV-000022,J-000022,2024-01-08,payment,628.34,card
INV-000023,J-000023,2024-01-12,payment,4687.65,card
INV-000024,J-000024,2024-01-16,payment,178.3,ach
INV-000025,J-000025,2024-01-19,payment,723.58,ach
INV-000026,J-000026,2024-01-14,payment,196.75,card
INV-000027,J-000027,2024-01-15,payment,277.68,ach
INV-000028,J-000028,2024-01-15,payment,188.97,ach
INV-000029,J-000029,2024-01-09,payment,233.1,financing
INV-000030,J-000030,2024-01-15,payment,5649.3,check
INV-000031,J-000031,2024-01-14,payment,326.69,card
INV-000032,J-000032,2024-01-11,payment,246.81,financing
INV-000033,J-000033,2024-01-07,payment,193.67,ach
INV-000034,J-000034,2024-01-09,payment,953.75,financing
INV-000035,J-000035,2024-01-10,payment,3332.01,card
INV-000036,J-000036,2024-01-10,payment,250.7,ach
INV-000037,J-000037,2024-01-08,payment,168.45,ach
INV-000038,J-000038,2024-01-14,payment,530.26,card
INV-000039,J-000039,2024-01-07,payment,216.03,financing
INV-000040,J-000040,2024-01-11,payment,401.69,financing
INV-000041,J-000041,2024-01-09,payment,415.12,check
INV-000042,J-000042,2024-01-13,payment,341.6,card
INV-000043,J-000043,2024-01-10,payment,394.03,check
INV-000044,J-000044,2024-01-13,payment,273.54,ach
INV-000045,J-000045,2024-01-09,payment,617.66,card
INV-000046,J-000046,2024-01-10,payment,269.0,check
INV-000047,J-000047,2024-01-24,payment,473.12,card
INV-000048,J-000048,2024-01-20,payment,170.19,ach
INV-000049,J-000049,2024-01-12,payment,901.84,ach
INV-000050,J-000050,2024-01-07,payment,387.4,card
INV-000051,J-000051,2024-01-07,payment,554.77,card
INV-000052,J-000052,2024-01-15,payment,174.12,card
INV-000053,J-000053,2024-01-16,payment,4004.72,card
INV-000054,J-000054,2024-01-07,payment,2850.57,card
INV-000055,J-000055,2024-01-14,payment,265.54,financing
INV-000056,J-000056,2024-01-19,payment,667.03,card
INV-000057,J-000057,2024-01-21,payment,194.98,check
INV-000058,J-000058,2024-01-26,payment,559.9,financing
INV-000059,J-000059,2024-01-16,payment,787.76,card
INV-000060,J-000060,2024-01-08,payment,478.53,ach
INV-000061,J-000061,2024-01-30,payment,3800.85,card
INV-000062,J-000062,2024-01-17,payment,296.8,check
INV-000063,J-000063,2024-01-22,payment,603.73,card
INV-000064,J-000064,2024-01-20,payment,5322.52,card
INV-000065,J-000065,2024-01-16,payment,220.64,check
INV-000066,J-000066,2024-01-16,payment,4153.91,check
INV-000067,J-000067,2024-01-16,payment,373.59,check
INV-000068,J-000068,2024-01-24,payment,246.67,ach
INV-000069,J-000069,2024-02-01,payment,4191.81,ach
INV-000070,J-000070,2024-02-08,payment,5362.9,financing
INV-000071,J-000071,2024-01-30,payment,207.5,ach
INV-000072,J-000072,2024-02-16,payment,2920.58,card
INV-000073,J-000073,2024-01-14,payment,3973.61,ach
INV-000074,J-000074,2024-02-28,payment,3158.31,card
INV-000075,J-000075,2024-04-11,payment,3213.68,ach
INV-000075,J-000075,2024-07-09,refund,2008.8,card
INV-000076,J-000076,2024-03-04,payment,5367.18,financing
INV-000077,J-000077,2024-01-19,payment,3658.1,card
INV-000078,J-000078,2024-01-21,payment,178.59,check
INV-000079,J-000079,2024-01-25,payment,4429.91,check
INV-000080,J-000080,2024-01-31,payment,3126.63,card
INV-000081,J-000081,2024-02-16,payment,1798.75,card
INV-000082,J-000082,2024-06-22,payment,343.89,card
INV-000083,J-000083,2024-01-07,payment,298.03,ach
INV-000084,J-000084,2024-01-04,payment,813.68,check
INV-000085,J-000085,2024-01-04,payment,4414.87,check
INV-000086,J-000086,2024-01-20,payment,170.87,card
INV-000087,J-000087,2024-01-05,payment,569.27,financing
INV-000088,J-000088,2024-01-23,payment,379.79,ach
INV-000089,J-000089,2024-01-03,payment,563.36,card
INV-000090,J-000090,2024-01-18,payment,366.44,card
INV-000091,J-000091,2024-01-11,payment,125.89,ach
INV-000092,J-000092,2024-01-13,payment,327.32,check
INV-000093,J-000093,2024-01-15,payment,141.82,financing
INV-000093,J-000093,2024-02-23,refund,45.3,card
INV-000094,J-000094,2024-01-17,payment,498.48,ach
INV-000095,J-000095,2024-01-25,payment,229.01,check
INV-000096,J-000096,2024-01-09,payment,181.61,check
INV-000097,J-000097,2024-01-08,payment,390.7,card
INV-000098,J-000098,2024-01-16,payment,239.87,financing
INV-000099,J-000099,2024-01-11,payment,532.18,check
INV-000100,J-000100,2024-01-13,payment,355.67,card
INV-000101,J-000101,2024-01-12,payment,181.08,card
INV-000102,J-000102,2024-01-07,payment,587.92,financing
INV-000103,J-000103,2024-01-14,payment,250.46,check
INV-000104,J-000104,2024-01-16,payment,229.81,card
INV-000105,J-000105,2024-01-20,payment,257.39,ach
INV-000106,J-000106,2024-01-08,payment,217.22,check
INV-000107,J-000107,2024-01-13,payment,279.38,card
INV-000107,J-000107,2024-02-03,refund,210.97,card
INV-000108,J-000108,2024-01-13,payment,496.71,financing
INV-000109,J-000109,2024-01-03,payment,447.85,card
INV-000110,J-000110,2024-01-11,payment,294.17,check
INV-000110,J-000110,2024-02-05,chargeback,94.36,card
INV-000111,J-000111,2024-01-13,payment,247.02,financing
INV-000112,J-000112,2024-01-24,payment,3153.48,check
INV-000113,J-000113,2024-01-14,payment,292.73,card
INV-000114,J-000114,2024-02-20,payment,4501.98,check
INV-000115,J-000115,2024-01-28,payment,3616.04,ach
INV-000116,J-000116,2024-01-31,payment,547.6,financing
INV-000117,J-000117,2024-01-15,payment,4109.75,financing
INV-000118,J-000118,2024-01-22,payment,4187.97,card
INV-000119,J-000119,2024-01-28,payment,390.75,card
INV-000120,J-000120,2024-01-15,payment,184.68,ach
INV-000121,J-000121,2024-01-09,payment,173.23,financing
INV-000122,J-000122,2024-01-18,payment,515.87,ach
INV-000123,J-000123,2024-01-20,payment,445.0,card
INV-000124,J-000124,2024-01-11,payment,544.54,ach
INV-000125,J-000125,2024-01-13,payment,99.14,ach
INV-000126,J-000126,2024-01-13,payment,3654.31,card
INV-000127,J-000127,2024-01-20,payment,558.02,ach
INV-000128,J-000128,2024-01-13,payment,244.97,card
INV-000129,J-000129,2024-01-07,payment,213.81,check
INV-000130,J-000130,2024-01-23,payment,245.7,card
INV-000131,J-000131,2024-01-09,payment,1027.77,card
INV-000132,J-000132,2024-01-12,payment,458.41,card
INV-000133,J-000133,2024-01-17,payment,266.55,card
INV-000134,J-000134,2024-01-21,payment,563.1,card
INV-000135,J-000135,2024-02-03,payment,3966.19,card
INV-000135,J-000135,2024-02-23,refund,1583.93,card
INV-000136,J-000136,2024-01-23,payment,125.46,check
INV-000137,J-000137,2024-01-24,payment,5553.67,ach
INV-000138,J-000138,2024-01-27,payment,548.78,card
INV-000139,J-000139,2024-01-21,payment,252.77,check
INV-000140,J-000140,2024-01-17,payment,571.98,card
INV-000141,J-000141,2024-01-15,payment,157.81,financing
INV-000142,J-000142,2024-01-15,payment,163.96,card
INV-000143,J-000143,2024-01-26,payment,238.98,card
INV-000144,J-000144,2024-01-05,payment,3765.21,financing
INV-000145,J-000145,2024-01-20,payment,6940.68,ach
INV-000146,J-000146,2024-01-09,payment,136.18,ach
INV-000147,J-000147,2024-01-15,payment,300.88,check
INV-000148,J-000148,2024-01-09,payment,260.39,card
INV-000149,J-000149,2024-01-12,payment,522.16,financing
INV-000150,J-000150,2024-01-19,payment,2796.01,financing
INV-000151,J-000151,2024-01-10,payment,269.72,card
INV-000152,J-000152,2024-01-09,payment,501.32,card
INV-000153,J-000153,2024-01-15,payment,288.34,check
INV-000154,J-000154,2024-01-25,payment,217.46,card
INV-000155,J-000155,2024-01-10,payment,210.29,card
INV-000156,J-000156,2024-01-10,payment,270.69,check
INV-000157,J-000157,2024-01-12,payment,407.29,card
INV-000158,J-000158,2024-01-17,payment,543.39,financing
INV-000159,J-000159,2024-01-19,payment,483.39,check
INV-000160,J-000160,2024-01-20,payment,471.02,card
INV-000161,J-000161,2024-01-27,payment,254.6,financing
INV-000162,J-000162,2024-01-14,payment,2409.29,card
INV-000163,J-000163,2024-01-16,payment,2979.62,card
INV-000164,J-000164,2024-01-20,payment,189.08,financing
INV-000165,J-000165,2024-01-14,payment,177.82,card
INV-000166,J-000166,2024-01-24,payment,339.54,ach
INV-000167,J-000167,2024-01-18,payment,154.28,card
INV-000168,J-000168,2024-01-20,payment,469.86,ach
INV-000169,J-000169,2024-01-23,payment,267.21,card
INV-000170,J-000170,2024-01-16,payment,190.99,card
INV-000171,J-000171,2024-01-18,payment,159.62,card
INV-000172,J-000172,2024-01-19,payment,290.32,check
INV-000173,J-000173,2024-01-13,payment,3460.92,check
INV-000174,J-000174,2024-01-14,payment,1054.1,check
INV-000175,J-000175,2024-01-20,payment,688.12,ach
INV-000176,J-000176,2024-01-16,payment,350.16,financing
INV-000177,J-000177,2024-01-21,payment,762.28,check
INV-000178,J-000178,2024-01-12,payment,220.11,financing
INV-000179,J-000179,2024-01-18,payment,249.72,card
INV-000180,J-000180,2024-01-25,payment,148.81,check
INV-000181,J-000181,2024-01-15,payment,203.27,financing
INV-000182,J-000182,2024-01-17,payment,147.22,check
INV-000183,J-000183,2024-01-20,payment,3362.84,check
INV-000184,J-000184,2024-01-22,payment,957.88,card
INV-000185,J-000185,2024-01-19,payment,271.79,check
INV-000186,J-000186,2024-01-22,payment,200.73,card
INV-000187,J-000187,2024-01-23,payment,403.05,card
INV-000188,J-000188,2024-01-17,payment,875.02,check
INV-000189,J-000189,2024-01-18,payment,140.35,card
INV-000190,J-000190,2024-01-20,payment,200.31,card
INV-000191,J-000191,2024-01-17,payment,241.43,card
INV-000192,J-000192,2024-02-02,payment,2776.82,card
INV-000192,J-000192,2024-03-27,chargeback,2536.5,card
INV-000193,J-000193,2024-02-01,payment,1078.48,card
INV-000194,J-000194,2024-01-17,payment,213.31,financing
INV-000195,J-000195,2024-01-24,payment,836.03,card
INV-000196,J-000196,2024-01-16,payment,396.42,card
INV-000197,J-000197,2024-01-22,payment,801.73,financing
INV-000198,J-000198,2024-01-19,payment,195.36,check
INV-000199,J-000199,2024-01-16,payment,318.22,card
INV-000200,J-000200,2024-01-12,payment,454.26,card
INV-000201,J-000201,2024-01-18,payment,335.69,card
INV-000202,J-000202,2024-01-18,payment,3867.65,financing
INV-000203,J-000203,2024-01-28,payment,236.02,ach
INV-000204,J-000204,2024-01-13,payment,735.0,check
INV-000205,J-000205,2024-01-30,payment,288.51,card
INV-000206,J-000206,2024-01-22,payment,225.06,financing
INV-000207,J-000207,2024-01-14,payment,460.0,check
INV-000208,J-000208,2024-01-17,payment,633.4,card
INV-000209,J-000209,2024-01-26,payment,828.63,check
INV-000210,J-000210,2024-01-21,payment,671.87,card
INV-000211,J-000211,2024-01-23,payment,262.57,financing
INV-000212,J-000212,2024-01-17,payment,235.27,card
INV-000213,J-000213,2024-01-24,payment,524.1,financing
INV-000214,J-000214,2024-02-03,payment,576.27,financing
INV-000215,J-000215,2024-01-23,payment,258.61,ach
INV-000216,J-000216,2024-01-22,payment,494.59,ach
INV-000217,J-000217,2024-02-01,payment,4081.54,financing
INV-000218,J-000218,2024-02-09,payment,162.94,financing
INV-000219,J-000219,2024-01-24,payment,238.15,financing
INV-000220,J-000220,2024-02-05,payment,3715.89,check
INV-000221,J-000221,2024-01-20,payment,3772.85,card
INV-000222,J-000222,2024-01-20,payment,447.52,card
INV-000223,J-000223,2024-02-08,payment,238.05,check
INV-000224,J-000224,2024-01-28,payment,4589.42,ach
INV-000225,J-000225,2024-02-03,payment,293.11,check
INV-000226,J-000226,2024-02-19,payment,3246.32,check
INV-000227,J-000227,2024-02-05,payment,285.8,check
INV-000228,J-000228,2024-01-26,payment,4364.13,check
INV-000228,J-000228,2024-03-24,refund,2923.95,card
INV-000229,J-000229,2024-03-23,payment,3643.13,ach
INV-000230,J-000230,2024-02-04,payment,3840.73,ach
INV-000231,J-000231,2024-01-29,payment,5575.4,ach
INV-000232,J-000232,2024-02-09,payment,5444.26,card
INV-000233,J-000233,2024-02-01,payment,139.67,card
INV-000234,J-000234,2024-02-13,payment,232.66,ach
INV-000235,J-000235,2024-05-25,payment,3400.11,card
INV-000236,J-000236,2024-04-06,payment,3186.92,ach
INV-000237,J-000237,2024-03-17,payment,112.32,ach
INV-000238,J-000238,2024-01-16,payment,383.89,check
INV-000239,J-000239,2024-01-20,payment,606.92,check
INV-000240,J-000240,2024-01-23,payment,4184.53,ach
INV-000241,J-000241,2024-01-15,payment,230.57,card
INV-000242,J-000242,2024-01-20,payment,169.62,card
INV-000243,J-000243,2024-01-22,payment,154.8,ach
INV-000243,J-000243,2024-03-04,chargeback,102.0,card
INV-000244,J-000244,2024-01-16,payment,198.92,ach
INV-000245,J-000245,2024-01-19,payment,5039.81,financing
INV-000246,J-000246,2024-01-18,payment,295.37,ach
INV-000247,J-000247,2024-01-19,payment,297.22,card
INV-000248,J-000248,2024-01-20,payment,630.34,card
INV-000249,J-000249,2024-01-23,payment,284.37,card
INV-000250,J-000250,2024-01-15,payment,185.34,ach
INV-000251,J-000251,2024-01-13,payment,1025.27,financing
INV-000252,J-000252,2024-01-18,payment,1010.3,check
INV-000253,J-000253,2024-01-27,payment,351.91,check
INV-000254,J-000254,2024-01-20,payment,293.38,card
INV-000255,J-000255,2024-01-12,payment,265.65,ach
INV-000256,J-000256,2024-01-12,payment,254.27,financing
INV-000256,J-000256,2024-02-28,refund,169.15,card
INV-000257,J-000257,2024-01-19,payment,235.43,check
INV-000258,J-000258,2024-02-17,payment,168.61,check
INV-000259,J-000259,2024-01-16,payment,426.04,check
INV-000260,J-000260,2024-01-21,payment,405.03,ach
INV-000261,J-000261,2024-01-14,payment,219.11,card
INV-000262,J-000262,2024-01-13,payment,936.09,card
INV-000263,J-000263,2024-01-16,payment,313.39,ach
INV-000264,J-000264,2024-01-16,payment,678.86,check
INV-000265,J-000265,2024-01-19,payment,264.57,ach
INV-000266,J-000266,2024-01-17,payment,173.93,card
INV-000267,J-000267,2024-01-17,payment,572.28,card
INV-000268,J-000268,2024-01-22,payment,410.33,ach
INV-000269,J-000269,2024-01-15,payment,763.73,card
INV-000270,J-000270,2024-01-17,payment,251.87,check
INV-000271,J-000271,2024-01-17,payment,184.64,check
INV-000272,J-000272,2024-01-21,payment,496.23,ach
INV-000273,J-000273,2024-01-21,payment,263.7,card
INV-000274,J-000274,2024-01-21,payment,138.1,ach
INV-000275,J-000275,2024-01-19,payment,436.13,financing
INV-000276,J-000276,2024-01-11,payment,359.58,financing
INV-000277,J-000277,2024-01-17,payment,215.78,card
INV-000278,J-000278,2024-01-16,payment,875.64,check
INV-000279,J-000279,2024-02-09,payment,211.26,financing
INV-000280,J-000280,2024-01-27,payment,4496.01,ach
INV-000280,J-000280,2024-04-19,refund,3008.37,card
INV-000281,J-000281,2024-01-21,payment,255.31,financing
INV-000282,J-000282,2024-01-26,payment,176.98,card
INV-000283,J-000283,2024-02-03,payment,3909.46,check
INV-000284,J-000284,2024-01-18,payment,452.24,ach
INV-000285,J-000285,2024-02-04,payment,3580.69,card
INV-000286,J-000286,2024-01-14,payment,4863.37,check
INV-000287,J-000287,2024-01-27,payment,502.23,financing
INV-000288,J-000288,2024-01-25,payment,148.18,ach
INV-000289,J-000289,2024-01-15,payment,320.57,financing
INV-000290,J-000290,2024-02-13,payment,306.3,card
INV-000291,J-000291,2024-01-23,payment,247.01,financing
INV-000292,J-000292,2024-01-19,payment,357.91,check
INV-000293,J-000293,2024-01-23,payment,206.39,card
INV-000294,J-000294,2024-02-12,payment,231.82,card
INV-000295,J-000295,2024-01-13,payment,344.31,financing
INV-000296,J-000296,2024-01-22,payment,331.13,financing
INV-000297,J-000297,2024-02-04,payment,600.65,check
INV-000298,J-000298,2024-01-12,payment,578.51,ach
INV-000299,J-000299,2024-01-13,payment,196.37,check
INV-000300,J-000300,2024-01-17,payment,268.58,card
INV-000301,J-000301,2024-02-16,payment,187.03,financing
INV-000302,J-000302,2024-02-01,payment,546.69,financing
INV-000303,J-000303,2024-01-25,payment,753.9,card
INV-000304,J-000304,2024-01-21,payment,5007.24,card
INV-000305,J-000305,2024-01-24,payment,334.5,ach
INV-000306,J-000306,2024-01-20,payment,3133.53,financing
INV-000307,J-000307,2024-01-19,payment,4198.26,check
INV-000307,J-000307,2024-02-16,refund,1823.99,card
INV-000308,J-000308,2024-01-18,payment,4051.1,card
INV-000309,J-000309,2024-01-22,payment,227.06,card
INV-000309,J-000309,2024-03-05,refund,77.05,card
INV-000310,J-000310,2024-02-02,payment,215.04,check
INV-000311,J-000311,2024-01-20,payment,1162.02,card
INV-000312,J-000312,2024-01-27,payment,574.08,ach
INV-000313,J-000313,2024-01-18,payment,761.24,ach
INV-000314,J-000314,2024-01-14,payment,2266.67,card
INV-000315,J-000315,2024-01-23,payment,491.18,check
INV-000316,J-000316,2024-01-22,payment,407.73,card
INV-000317,J-000317,2024-01-24,payment,185.85,financing
INV-000318,J-000318,2024-01-22,payment,196.32,check
INV-000319,J-000319,2024-01-26,payment,419.94,card
INV-000320,J-000320,2024-01-23,payment,274.18,card
INV-000321,J-000321,2024-01-21,payment,4327.07,card
INV-000322,J-000322,2024-02-17,payment,560.25,ach
INV-000323,J-000323,2024-01-17,payment,159.14,ach
INV-000324,J-000324,2024-01-20,payment,193.11,financing
INV-000325,J-000325,2024-01-25,payment,941.63,financing
INV-000326,J-000326,2024-01-20,payment,5834.96,card
INV-000327,J-000327,2024-01-14,payment,3246.56,ach
INV-000328,J-000328,2024-01-24,payment,471.82,financing
INV-000329,J-000329,2024-01-27,payment,627.75,financing
INV-000330,J-000330,2024-01-22,payment,248.85,ach
INV-000331,J-000331,2024-02-01,payment,158.0,check
INV-000332,J-000332,2024-01-24,payment,148.88,financing
INV-000333,J-000333,2024-01-19,payment,842.1,ach
INV-000334,J-000334,2024-01-29,payment,517.87,check
INV-000335,J-000335,2024-01-27,payment,439.79,check
INV-000336,J-000336,2024-01-25,payment,198.36,card
INV-000337,J-000337,2024-02-15,payment,209.47,financing
INV-000338,J-000338,2024-01-28,payment,402.0,card
INV-000339,J-000339,2024-01-23,payment,212.53,ach
INV-000340,J-000340,2024-01-26,payment,498.04,card
INV-000341,J-000341,2024-01-18,payment,98.45,card
INV-000342,J-000342,2024-01-30,payment,315.37,ach
INV-000343,J-000343,2024-01-25,payment,314.4,card
INV-000344,J-000344,2024-01-25,payment,277.94,card
INV-000345,J-000345,2024-01-26,payment,376.74,card
INV-000345,J-000345,2024-04-03,refund,119.52,card
INV-000346,J-000346,2024-01-27,payment,225.06,financing
INV-000347,J-000347,2024-01-29,payment,888.35,ach
INV-000348,J-000348,2024-01-24,payment,354.15,check
INV-000349,J-000349,2024-01-22,payment,244.83,card
INV-000350,J-000350,2024-01-30,payment,653.81,card
INV-000351,J-000351,2024-01-29,payment,184.66,card
INV-000352,J-000352,2024-01-28,payment,227.75,card
INV-000353,J-000353,2024-01-21,payment,141.48,check
INV-000354,J-000354,2024-01-23,payment,383.43,check
INV-000355,J-000355,2024-02-03,payment,170.64,card
INV-000356,J-000356,2024-01-26,payment,443.69,financing
INV-000357,J-000357,2024-01-22,payment,262.21,card
INV-000358,J-000358,2024-02-02,payment,427.1,card
INV-000359,J-000359,2024-02-13,payment,4071.65,financing
INV-000360,J-000360,2024-02-01,payment,231.28,financing
INV-000361,J-000361,2024-01-29,payment,261.69,ach
INV-000362,J-000362,2024-02-23,payment,4532.48,financing
INV-000363,J-000363,2024-01-21,payment,2576.55,financing
INV-000363,J-000363,2024-03-06,refund,830.68,card
INV-000364,J-000364,2024-02-11,payment,428.99,card
INV-000365,J-000365,2024-01-19,payment,364.19,ach
INV-000366,J-000366,2024-02-20,payment,311.45,financing
INV-000367,J-000367,2024-02-14,payment,405.78,financing
INV-000368,J-000368,2024-02-05,payment,261.57,ach
INV-000369,J-000369,2024-01-26,payment,412.88,card
INV-000370,J-000370,2024-02-14,payment,543.79,financing
INV-000371,J-000371,2024-01-29,payment,417.78,ach
INV-000372,J-000372,2024-01-28,payment,279.25,check
INV-000373,J-000373,2024-01-28,payment,190.28,check
INV-000374,J-000374,2024-02-08,payment,628.38,financing
INV-000375,J-000375,2024-02-17,payment,4451.93,check
INV-000376,J-000376,2024-01-29,payment,2679.96,financing
INV-000377,J-000377,2024-01-20,payment,174.29,financing
INV-000378,J-000378,2024-03-01,payment,434.89,card
INV-000379,J-000379,2024-02-18,payment,690.81,financing
INV-000380,J-000380,2024-04-13,payment,3403.92,card
INV-000381,J-000381,2024-05-08,payment,4059.62,ach
INV-000382,J-000382,2024-07-07,payment,3987.76,ach
INV-000383,J-000383,2024-02-03,payment,124.6,card
INV-000384,J-000384,2024-02-11,payment,3070.1,card
INV-000385,J-000385,2024-05-29,payment,3142.85,check
INV-000386,J-000386,2024-02-05,payment,5185.68,financing
INV-000387,J-000387,2024-02-12,payment,4024.17,ach
INV-000388,J-000388,2024-02-27,payment,452.62,check
INV-000389,J-000389,2024-02-11,payment,422.95,card
INV-000390,J-000390,2024-02-09,payment,316.19,card
INV-000391,J-000391,2024-03-03,payment,256.58,financing
INV-000392,J-000392,2024-03-08,payment,190.58,card
INV-000393,J-000393,2024-01-29,payment,768.41,ach
INV-000394,J-000394,2024-01-28,payment,2852.9,financing
INV-000395,J-000395,2024-01-21,payment,850.41,card
INV-000396,J-000396,2024-01-21,payment,365.18,check
INV-000397,J-000397,2024-01-28,payment,291.84,ach
INV-000398,J-000398,2024-01-21,payment,216.14,check
INV-000399,J-000399,2024-01-24,payment,671.68,check
INV-000400,J-000400,2024-01-24,payment,264.95,check
INV-000401,J-000401,2024-01-19,payment,536.96,financing
INV-000402,J-000402,2024-01-25,payment,242.15,ach
INV-000403,J-000403,2024-01-29,payment,321.43,check
INV-000404,J-000404,2024-01-24,payment,522.88,financing
INV-000405,J-000405,2024-01-27,payment,359.49,check
INV-000406,J-000406,2024-02-01,payment,987.92,card
INV-000407,J-000407,2024-01-21,payment,228.63,card
INV-000408,J-000408,2024-01-26,payment,449.81,ach
INV-000409,J-000409,2024-01-22,payment,232.11,check
INV-000410,J-000410,2024-01-24,payment,758.25,card
INV-000411,J-000411,2024-01-25,payment,364.0,financing
INV-000412,J-000412,2024-01-23,payment,235.89,card
INV-000413,J-000413,2024-01-20,payment,393.61,check
INV-000414,J-000414,2024-01-29,payment,309.96,card
INV-000415,J-000415,2024-02-03,payment,450.72,check
INV-000415,J-000415,2024-03-27,refund,291.11,card
INV-000416,J-000416,2024-01-23,payment,156.97,ach
INV-000417,J-000417,2024-01-23,payment,2696.78,ach
INV-000418,J-000418,2024-01-24,payment,365.8,card
INV-000419,J-000419,2024-01-25,payment,378.68,card
INV-000420,J-000420,2024-02-01,payment,170.69,ach
INV-000421,J-000421,2024-01-22,payment,243.1,ach
INV-000422,J-000422,2024-01-24,payment,276.99,card
INV-000423,J-000423,2024-01-31,payment,355.58,ach
INV-000424,J-000424,2024-01-23,payment,265.64,card
INV-000425,J-000425,2024-01-21,payment,599.51,card
INV-000426,J-000426,2024-01-19,payment,574.24,ach
INV-000427,J-000427,2024-02-05,payment,297.1,card
INV-000428,J-000428,2024-01-23,payment,268.13,ach
INV-000429,J-000429,2024-01-22,payment,198.89,check
INV-000430,J-000430,2024-01-23,payment,434.3,check
INV-000431,J-000431,2024-01-21,payment,163.29,card
INV-000432,J-000432,2024-01-21,payment,439.3,ach
INV-000433,J-000433,2024-01-30,payment,313.35,financing
INV-000434,J-000434,2024-01-28,payment,371.11,check
INV-000435,J-000435,2024-01-24,payment,507.74,check
INV-000436,J-000436,2024-02-12,payment,261.96,card
INV-000437,J-000437,2024-01-31,payment,4078.22,card
INV-000438,J-000438,2024-02-07,payment,474.68,check
INV-000439,J-000439,2024-01-30,payment,3976.49,ach
INV-000440,J-000440,2024-02-09,payment,4523.17,financing
INV-000441,J-000441,2024-02-26,payment,454.34,ach
INV-000442,J-000442,2024-02-01,payment,556.58,ach
INV-000443,J-000443,2024-01-30,payment,486.3,check
INV-000444,J-000444,2024-01-29,payment,4140.85,financing
INV-000445,J-000445,2024-01-26,payment,214.19,card
INV-000446,J-000446,2024-02-02,payment,186.95,card
INV-000447,J-000447,2024-01-28,payment,4288.12,ach
INV-000448,J-000448,2024-01-28,payment,3644.88,ach
INV-000449,J-000449,2024-01-25,payment,498.25,card
INV-000450,J-000450,2024-01-23,payment,458.03,card
INV-000451,J-000451,2024-01-23,payment,289.93,card
INV-000452,J-000452,2024-01-25,payment,5138.66,financing
INV-000453,J-000453,2024-01-30,payment,377.3,financing
INV-000453,J-000453,2024-04-07,refund,375.02,card
INV-000454,J-000454,2024-02-10,payment,398.52,financing
INV-000455,J-000455,2024-01-30,payment,192.77,card
INV-000456,J-000456,2024-01-29,payment,503.82,ach
INV-000457,J-000457,2024-01-20,payment,303.67,card
INV-000458,J-000458,2024-01-22,payment,4368.33,check
INV-000459,J-000459,2024-02-04,payment,153.98,card
INV-000460,J-000460,2024-03-31,payment,201.53,financing
INV-000461,J-000461,2024-02-06,payment,3547.33,financing
INV-000462,J-000462,2024-01-27,payment,5225.2,ach
INV-000463,J-000463,2024-02-06,payment,796.81,financing
INV-000464,J-000464,2024-01-31,payment,514.64,financing
INV-000465,J-000465,2024-02-11,payment,274.53,financing
INV-000466,J-000466,2024-01-23,payment,266.43,card
INV-000467,J-000467,2024-01-25,payment,385.93,check
INV-000468,J-000468,2024-01-25,payment,287.92,ach
INV-000469,J-000469,2024-01-26,payment,411.18,card
INV-000470,J-000470,2024-02-01,payment,3248.87,check
INV-000471,J-000471,2024-01-29,payment,934.86,check
INV-000472,J-000472,2024-01-24,payment,142.26,card
INV-000473,J-000473,2024-01-23,payment,224.93,ach
INV-000474,J-000474,2024-01-26,payment,255.03,card
INV-000475,J-000475,2024-02-03,payment,202.09,financing
INV-000476,J-000476,2024-01-26,payment,3411.45,check
INV-000477,J-000477,2024-01-26,payment,3903.44,ach
INV-000478,J-000478,2024-02-02,payment,410.66,ach
INV-000479,J-000479,2024-01-29,payment,574.59,financing
INV-000480,J-000480,2024-01-24,payment,677.66,card
INV-000481,J-000481,2024-03-03,payment,191.14,card
INV-000482,J-000482,2024-01-31,payment,242.54,card
INV-000483,J-000483,2024-01-31,payment,409.1,check
INV-000484,J-000484,2024-02-01,payment,327.01,card
INV-000485,J-000485,2024-02-01,payment,365.4,ach
INV-000486,J-000486,2024-01-24,payment,3795.91,financing
INV-000487,J-000487,2024-01-27,payment,491.28,financing
INV-000488,J-000488,2024-01-23,payment,3029.65,check
INV-000489,J-000489,2024-01-29,payment,3834.78,check
INV-000490,J-000490,2024-01-24,payment,367.76,financing
INV-000491,J-000491,2024-01-26,payment,638.52,check
INV-000492,J-000492,2024-01-26,payment,4874.31,financing
INV-000492,J-000492,2024-02-01,refund,3109.24,card
INV-000493,J-000493,2024-02-06,payment,1127.62,ach
INV-000494,J-000494,2024-02-02,payment,3058.68,card
INV-000495,J-000495,2024-02-02,payment,715.81,check
INV-000496,J-000496,2024-02-02,payment,317.55,card
INV-000497,J-000497,2024-02-01,payment,463.04,card
INV-000498,J-000498,2024-02-14,payment,4405.74,ach
INV-000499,J-000499,2024-02-01,payment,157.41,card
INV-000500,J-000500,2024-01-30,payment,902.99,financing
INV-000501,J-000501,2024-02-02,payment,266.05,check
INV-000502,J-000502,2024-01-31,payment,188.13,card
INV-000503,J-000503,2024-02-13,payment,289.46,ach
INV-000504,J-000504,2024-01-31,payment,161.44,card
INV-000505,J-000505,2024-02-04,payment,768.69,card
INV-000506,J-000506,2024-02-06,payment,410.0,financing
INV-000507,J-000507,2024-02-02,payment,235.74,check
INV-000508,J-000508,2024-02-04,payment,195.61,card
INV-000509,J-000509,2024-01-29,payment,276.46,card
INV-000510,J-000510,2024-02-02,payment,351.25,card
INV-000511,J-000511,2024-02-02,payment,270.84,card
INV-000512,J-000512,2024-02-02,payment,210.13,financing
INV-000513,J-000513,2024-02-04,payment,3385.07,card
INV-000514,J-000514,2024-02-09,payment,286.04,check
INV-000515,J-000515,2024-01-31,payment,3865.61,ach
INV-000516,J-000516,2024-01-31,payment,257.15,ach
INV-000517,J-000517,2024-02-05,payment,498.83,ach
INV-000518,J-000518,2024-01-30,payment,411.22,check
INV-000519,J-000519,2024-02-01,payment,216.24,card
INV-000520,J-000520,2024-01-31,payment,400.87,card
INV-000521,J-000521,2024-01-30,payment,347.58,card
INV-000522,J-000522,2024-01-29,payment,744.02,check
INV-000523,J-000523,2024-01-29,payment,378.99,check
INV-000524,J-000524,2024-01-27,payment,295.69,card
INV-000525,J-000525,2024-02-04,payment,321.91,card
INV-000526,J-000526,2024-02-06,payment,168.71,check
INV-000527,J-000527,2024-02-03,payment,408.23,card
INV-000528,J-000528,2024-02-06,payment,173.31,card
INV-000529,J-000529,2024-02-17,payment,2476.23,financing
INV-000530,J-000530,2024-02-17,payment,614.57,financing
INV-000530,J-000530,2024-04-04,refund,523.83,card
INV-000531,J-000531,2024-01-29,payment,369.88,card
INV-000532,J-000532,2024-02-03,payment,1285.37,check
INV-000533,J-000533,2024-02-08,payment,2821.29,card
INV-000534,J-000534,2024-01-29,payment,265.2,financing
INV-000535,J-000535,2024-02-09,payment,339.15,card
INV-000536,J-000536,2024-03-05,payment,5030.29,check
INV-000537,J-000537,2024-02-13,payment,171.32,card
INV-000538,J-000538,2024-02-15,payment,659.99,financing
INV-000539,J-000539,2024-02-02,payment,402.96,ach
INV-000540,J-000540,2024-02-10,payment,734.47,card
INV-000541,J-000541,2024-02-07,payment,484.82,check
INV-000542,J-000542,2024-03-02,payment,3508.08,card
INV-000543,J-000543,2024-02-03,payment,3803.2,card
INV-000544,J-000544,2024-02-29,payment,5189.81,financing
INV-000545,J-000545,2024-01-31,payment,634.74,check
INV-000546,J-000546,2024-07-22,payment,3004.43,check
INV-000547,J-000547,2024-03-21,payment,405.09,financing
INV-000547,J-000547,2024-04-30,refund,297.57,card
INV-000548,J-000548,2024-04-10,payment,5640.39,check
INV-000549,J-000549,2024-02-21,payment,4372.33,ach
INV-000550,J-000550,2024-02-12,payment,3441.2,financing
INV-000551,J-000551,2024-02-27,payment,4730.04,ach
INV-000552,J-000552,2024-09-30,payment,3630.34,check
INV-000553,J-000553,2024-02-05,payment,3929.74,card
INV-000554,J-000554,2024-03-05,payment,4650.1,ach
INV-000554,J-000554,2024-05-04,refund,4228.27,card
INV-000555,J-000555,2024-02-10,payment,4601.92,card
INV-000556,J-000556,2024-07-31,payment,610.1,check
INV-000557,J-000557,2024-03-25,payment,3531.47,card
INV-000558,J-000558,2024-03-29,payment,160.37,check
INV-000559,J-000559,2024-03-06,payment,261.01,financing
INV-000560,J-000560,2024-03-21,payment,4736.95,card
INV-000560,J-000560,2024-06-16,refund,4215.62,card
INV-000561,J-000561,2024-02-28,payment,3566.39,card
INV-000562,J-000562,2024-02-01,payment,329.19,financing
INV-000563,J-000563,2024-02-08,payment,126.96,card
INV-000564,J-000564,2024-01-29,payment,583.51,card
INV-000565,J-000565,2024-01-24,payment,203.07,check
INV-000566,J-000566,2024-02-02,payment,750.57,check
INV-000567,J-000567,2024-02-02,payment,338.37,check
INV-000568,J-000568,2024-02-01,payment,3879.98,financing
INV-000569,J-000569,2024-01-31,payment,762.97,check
INV-000570,J-000570,2024-02-09,payment,310.48,financing
INV-000571,J-000571,2024-01-29,payment,770.56,check
INV-000572,J-000572,2024-01-30,payment,543.89,card
INV-000573,J-000573,2024-02-07,payment,260.15,financing
INV-000574,J-000574,2024-02-06,payment,370.24,card
INV-000575,J-000575,2024-02-02,payment,316.37,check
INV-000576,J-000576,2024-01-30,payment,344.16,card
INV-000577,J-000577,2024-02-01,payment,268.42,card
INV-000578,J-000578,2024-02-02,payment,572.94,card
INV-000579,J-000579,2024-02-04,payment,286.79,ach
INV-000580,J-000580,2024-01-31,payment,486.39,financing
INV-000581,J-000581,2024-01-30,payment,325.62,financing
INV-000582,J-000582,2024-02-08,payment,503.64,check
INV-000583,J-000583,2024-02-08,payment,216.69,card
INV-000584,J-000584,2024-01-28,payment,720.56,check
INV-000585,J-000585,2024-01-28,payment,573.45,financing
INV-000586,J-000586,2024-02-01,payment,281.49,card
INV-000587,J-000587,2024-02-02,payment,451.45,ach
INV-000588,J-000588,2024-01-31,payment,587.91,card
INV-000589,J-000589,2024-01-28,payment,468.78,check
INV-000590,J-000590,2024-02-06,payment,839.99,ach
INV-000591,J-000591,2024-01-30,payment,282.79,financing
INV-000592,J-000592,2024-02-10,payment,154.37,ach
INV-000593,J-000593,2024-01-29,payment,670.35,financing
INV-000594,J-000594,2024-02-05,payment,364.37,ach
INV-000595,J-000595,2024-01-29,payment,225.74,card
INV-000596,J-000596,2024-01-28,payment,414.34,card
INV-000597,J-000597,2024-02-06,payment,934.75,ach
INV-000598,J-000598,2024-01-30,payment,385.63,financing
INV-000599,J-000599,2024-02-16,payment,3824.28,card
INV-000599,J-000599,2024-05-08,refund,1522.65,card
INV-000600,J-000600,2024-02-08,payment,4545.64,ach
INV-000601,J-000601,2024-02-08,payment,3942.8,card
INV-000602,J-000602,2024-01-28,payment,279.36,card
INV-000603,J-000603,2024-02-17,payment,149.04,check
INV-000604,J-000604,2024-02-06,payment,4876.95,financing
INV-000605,J-000605,2024-03-17,payment,1069.42,financing
INV-000606,J-000606,2024-02-09,payment,164.13,financing
INV-000607,J-000607,2024-02-01,payment,636.24,card
INV-000608,J-000608,2024-02-05,payment,381.17,card
INV-000609,J-000609,2024-01-29,payment,740.61,check
INV-000609,J-000609,2024-02-24,refund,292.81,card
INV-000610,J-000610,2024-02-01,payment,296.1,financing
INV-000611,J-000611,2024-02-04,payment,375.07,check
INV-000612,J-000612,2024-02-03,payment,305.94,ach
INV-000613,J-000613,2024-02-06,payment,197.83,card
INV-000614,J-000614,2024-02-11,payment,224.12,ach
INV-000615,J-000615,2024-02-10,payment,186.32,card
INV-000616,J-000616,2024-02-01,payment,536.11,card
INV-000617,J-000617,2024-02-20,payment,205.91,ach
INV-000618,J-000618,2024-02-10,payment,483.21,card
INV-000619,J-000619,2024-02-05,payment,443.81,check
INV-000620,J-000620,2024-02-17,payment,172.58,financing
INV-000621,J-000621,2024-02-03,payment,293.27,card
INV-000622,J-000622,2024-02-15,payment,167.21,card
INV-000623,J-000623,2024-02-13,payment,272.44,check
INV-000624,J-000624,2024-02-14,payment,351.68,card
INV-000625,J-000625,2024-02-04,payment,406.83,ach
INV-000626,J-000626,2024-02-11,payment,437.35,ach
INV-000627,J-000627,2024-02-07,payment,399.15,ach
INV-000628,J-000628,2024-02-05,payment,385.54,card
INV-000629,J-000629,2024-02-01,payment,636.26,check
INV-000630,J-000630,2024-02-04,payment,414.74,ach
INV-000631,J-000631,2024-02-10,payment,4641.31,financing
INV-000632,J-000632,2024-01-31,payment,123.31,ach
INV-000633,J-000633,2024-02-27,payment,200.46,financing
INV-000634,J-000634,2024-02-07,payment,179.13,card
INV-000635,J-000635,2024-02-11,payment,131.07,check
INV-000636,J-000636,2024-02-02,payment,403.46,card
INV-000637,J-000637,2024-02-12,payment,3023.04,check
INV-000638,J-000638,2024-02-13,payment,324.65,check
INV-000638,J-000638,2024-04-02,refund,133.66,card
INV-000639,J-000639,2024-02-27,payment,429.18,check
INV-000640,J-000640,2024-02-07,payment,3540.75,card
INV-000641,J-000641,2024-02-10,payment,816.94,card
INV-000642,J-000642,2024-01-30,payment,157.78,card
INV-000643,J-000643,2024-01-30,payment,318.88,ach
INV-000644,J-000644,2024-01-31,payment,145.12,ach
INV-000645,J-000645,2024-02-29,payment,309.51,card
INV-000646,J-000646,2024-02-11,payment,635.72,card
INV-000647,J-000647,2024-02-12,payment,304.76,card
INV-000648,J-000648,2024-02-05,payment,515.17,check
INV-000648,J-000648,2024-03-09,refund,483.43,card
INV-000649,J-000649,2024-02-17,payment,234.86,financing
INV-000650,J-000650,2024-02-10,payment,653.59,financing
INV-000651,J-000651,2024-02-14,payment,299.04,financing
INV-000652,J-000652,2024-02-11,payment,563.58,card
INV-000652,J-000652,2024-03-23,refund,515.52,card
INV-000653,J-000653,2024-02-01,payment,257.4,card
INV-000654,J-000654,2024-02-03,payment,212.18,ach
INV-000655,J-000655,2024-02-16,payment,3114.38,check
INV-000656,J-000656,2024-02-14,payment,542.74,card
INV-000657,J-000657,2024-02-05,payment,444.61,ach
INV-000658,J-000658,2024-02-14,payment,215.57,card
INV-000659,J-000659,2024-02-04,payment,221.77,card
INV-000660,J-000660,2024-02-11,payment,292.48,card
INV-000661,J-000661,2024-02-07,payment,464.6,check
INV-000662,J-000662,2024-02-09,payment,3317.5,ach
INV-000663,J-000663,2024-02-13,payment,167.75,financing
INV-000664,J-000664,2024-02-19,payment,527.58,card
INV-000665,J-000665,2024-02-06,payment,409.12,card
INV-000666,J-000666,2024-02-08,payment,157.21,check
INV-000667,J-000667,2024-02-26,payment,355.98,check
INV-000668,J-000668,2024-02-11,payment,688.91,check
INV-000669,J-000669,2024-02-10,payment,3092.51,ach
INV-000670,J-000670,2024-02-07,payment,189.29,card
INV-000671,J-000671,2024-02-17,payment,299.86,financing
INV-000672,J-000672,2024-02-11,payment,363.06,card
INV-000673,J-000673,2024-02-07,payment,344.49,financing
INV-000674,J-000674,2024-02-10,payment,396.43,financing
INV-000675,J-000675,2024-02-08,payment,298.69,card
INV-000676,J-000676,2024-02-13,payment,308.77,card
INV-000677,J-000677,2024-02-13,payment,386.29,card
INV-000678,J-000678,2024-02-09,payment,422.01,check
INV-000679,J-000679,2024-02-09,payment,836.22,card
INV-000680,J-000680,2024-02-03,payment,185.76,card
INV-000681,J-000681,2024-02-09,payment,581.99,financing
INV-000682,J-000682,2024-03-08,payment,519.3,card
INV-000683,J-000683,2024-02-11,payment,463.93,card
INV-000684,J-000684,2024-02-08,payment,568.46,card
INV-000685,J-000685,2024-02-08,payment,528.53,check
INV-000686,J-000686,2024-02-06,payment,351.58,card
INV-000687,J-000687,2024-02-20,payment,595.99,ach
INV-000687,J-000687,2024-05-07,refund,284.93,card
INV-000688,J-000688,2024-02-03,payment,393.69,card
INV-000689,J-000689,2024-02-04,payment,439.93,card
INV-000690,J-000690,2024-02-07,payment,252.94,check
INV-000690,J-000690,2024-03-18,refund,81.83,card
INV-000691,J-000691,2024-02-08,payment,275.62,check
INV-000692,J-000692,2024-02-19,payment,4265.51,card
INV-000692,J-000692,2024-03-15,refund,2571.8,card
INV-000693,J-000693,2024-02-15,payment,965.69,ach
INV-000694,J-000694,2024-02-09,payment,409.69,financing
INV-000695,J-000695,2024-02-27,payment,312.09,financing
INV-000696,J-000696,2024-02-09,payment,4900.01,check
INV-000697,J-000697,2024-02-06,payment,616.7,check
INV-000698,J-000698,2024-02-16,payment,385.63,card
INV-000699,J-000699,2024-02-10,payment,204.18,financing
INV-000700,J-000700,2024-02-12,payment,4970.87,card
INV-000701,J-000701,2024-02-05,payment,251.49,check
INV-000702,J-000702,2024-02-22,payment,539.17,ach
INV-000703,J-000703,2024-02-19,payment,5657.31,ach
INV-000704,J-000704,2024-02-06,payment,204.41,ach
INV-000705,J-000705,2024-02-11,payment,238.85,card
INV-000706,J-000706,2024-02-06,payment,411.99,card
INV-000707,J-000707,2024-02-05,payment,470.29,financing
INV-000708,J-000708,2024-02-15,payment,539.5,check
INV-000709,J-000709,2024-03-19,payment,298.19,financing
INV-000710,J-000710,2024-02-19,payment,256.38,card
INV-000711,J-000711,2024-02-10,payment,343.18,check
INV-000712,J-000712,2024-02-12,payment,3667.64,ach
INV-000712,J-000712,2024-03-26,refund,2852.88,card
INV-000713,J-000713,2024-02-11,payment,483.62,card
INV-000714,J-000714,2024-02-10,payment,218.25,financing
INV-000715,J-000715,2024-02-12,payment,1213.27,card
INV-000716,J-000716,2024-02-05,payment,3601.06,check
INV-000717,J-000717,2024-02-11,payment,2833.68,ach
INV-000718,J-000718,2024-03-20,payment,207.12,financing
INV-000719,J-000719,2024-03-21,payment,4520.61,financing
INV-000720,J-000720,2024-04-09,payment,2973.76,check
INV-000721,J-000721,2024-03-29,payment,5419.25,ach
INV-000722,J-000722,2024-03-01,payment,345.56,card
INV-000723,J-000723,2024-03-05,payment,6380.21,check
INV-000723,J-000723,2024-06-24,refund,3280.01,card
INV-000724,J-000724,2024-05-23,payment,2608.21,card
INV-000725,J-000725,2024-04-29,payment,188.01,check
INV-000726,J-000726,2024-03-03,payment,3611.0,card
INV-000727,J-000727,2024-03-10,payment,4487.65,ach
INV-000728,J-000728,2024-02-10,payment,4657.62,card
INV-000729,J-000729,2024-04-16,payment,3149.52,card
INV-000730,J-000730,2024-03-10,payment,4381.84,card
INV-000731,J-000731,2024-03-22,payment,3699.82,card
INV-000732,J-000732,2024-12-06,payment,4660.3,card
INV-000733,J-000733,2024-03-06,payment,2471.11,check
INV-000734,J-000734,2024-06-30,payment,2208.99,card
INV-000734,J-000734,2024-11-18,chargeback,731.4,card
INV-000735,J-000735,2024-03-10,payment,6212.49,check
INV-000736,J-000736,2024-03-21,payment,280.52,card
INV-000737,J-000737,2024-06-28,payment,3116.2,financing
INV-000738,J-000738,2024-03-20,payment,7065.23,financing
INV-000739,J-000739,2024-02-01,payment,417.3,card
INV-000740,J-000740,2024-02-05,payment,97.59,check
INV-000741,J-000741,2024-02-11,payment,319.8,financing
INV-000742,J-000742,2024-02-12,payment,292.56,check
INV-000743,J-000743,2024-02-10,payment,1042.07,ach
INV-000744,J-000744,2024-02-13,payment,260.81,card
INV-000745,J-000745,2024-02-12,payment,536.58,check
INV-000746,J-000746,2024-02-05,payment,305.5,card
INV-000747,J-000747,2024-02-09,payment,719.99,card
INV-000748,J-000748,2024-02-07,payment,618.61,financing
INV-000749,J-000749,2024-02-10,payment,177.27,ach
INV-000750,J-000750,2024-02-09,payment,473.25,financing
INV-000751,J-000751,2024-02-05,payment,363.4,check
INV-000752,J-000752,2024-02-07,payment,147.05,card
INV-000753,J-000753,2024-02-06,payment,263.53,check
INV-000754,J-000754,2024-02-02,payment,75.18,card
INV-000755,J-000755,2024-02-17,payment,420.24,ach
INV-000756,J-000756,2024-02-02,payment,202.7,ach
INV-000757,J-000757,2024-02-18,payment,313.64,check
INV-000758,J-000758,2024-02-15,payment,531.55,check
INV-000759,J-000759,2024-02-06,payment,254.21,financing
INV-000760,J-000760,2024-02-10,payment,599.06,card
INV-000761,J-000761,2024-02-03,payment,617.53,card
INV-000761,J-000761,2024-03-29,refund,504.56,card
INV-000762,J-000762,2024-02-05,payment,142.17,financing
INV-000763,J-000763,2024-02-17,payment,208.71,card
INV-000764,J-000764,2024-02-08,payment,463.15,card
INV-000765,J-000765,2024-02-07,payment,402.92,card
INV-000766,J-000766,2024-02-09,payment,691.35,card
INV-000767,J-000767,2024-02-10,payment,193.01,card
INV-000768,J-000768,2024-02-08,payment,249.49,ach
INV-000769,J-000769,2024-02-14,payment,767.37,check
INV-000770,J-000770,2024-02-05,payment,367.87,ach
INV-000771,J-000771,2024-02-05,payment,234.59,card
INV-000772,J-000772,2024-02-08,payment,639.85,card
INV-000773,J-000773,2024-02-05,payment,303.68,card
INV-000774,J-000774,2024-02-16,payment,296.67,card
INV-000775,J-000775,2024-02-03,payment,304.16,check
INV-000776,J-000776,2024-02-09,payment,3823.75,ach
INV-000777,J-000777,2024-02-09,payment,169.75,check
INV-000778,J-000778,2024-02-06,payment,188.58,ach
INV-000779,J-000779,2024-02-08,payment,492.51,card
INV-000780,J-000780,2024-02-07,payment,178.48,card
INV-000781,J-000781,2024-02-07,payment,233.1,ach
INV-000782,J-000782,2024-02-09,payment,420.45,card
INV-000783,J-000783,2024-02-11,payment,253.55,financing
INV-000784,J-000784,2024-02-03,payment,309.63,ach
INV-000785,J-000785,2024-02-04,payment,605.68,card
INV-000786,J-000786,2024-02-09,payment,215.61,ach
INV-000787,J-000787,2024-02-16,payment,4866.36,ach
INV-000788,J-000788,2024-02-26,payment,592.93,financing
INV-000789,J-000789,2024-02-17,payment,3382.71,card
INV-000790,J-000790,2024-02-19,payment,5092.22,financing
INV-000791,J-000791,2024-02-17,payment,216.18,check
INV-000792,J-000792,2024-03-03,payment,602.92,financing
INV-000793,J-000793,2024-02-20,payment,3484.1,check
INV-000794,J-000794,2024-02-11,payment,206.24,card
INV-000795,J-000795,2024-02-12,payment,291.36,ach
INV-000796,J-000796,2024-02-13,payment,430.47,card
INV-000797,J-000797,2024-03-02,payment,273.48,ach
INV-000798,J-000798,2024-02-13,payment,164.13,check
INV-000799,J-000799,2024-02-10,payment,6689.95,card
INV-000800,J-000800,2024-02-08,payment,163.37,financing
INV-000801,J-000801,2024-02-15,payment,486.45,card
INV-000802,J-000802,2024-02-13,payment,5938.89,financing
INV-000803,J-000803,2024-02-10,payment,276.85,card
INV-000804,J-000804,2024-02-07,payment,264.34,ach
INV-000805,J-000805,2024-02-09,payment,699.44,card
INV-000806,J-000806,2024-02-11,payment,434.93,ach
INV-000807,J-000807,2024-02-17,payment,3691.5,financing
INV-000808,J-000808,2024-02-17,payment,4929.62,check
INV-000809,J-000809,2024-02-14,payment,292.59,ach
INV-000810,J-000810,2024-02-07,payment,547.31,financing
INV-000811,J-000811,2024-03-23,payment,247.0,check
INV-000812,J-000812,2024-02-06,payment,379.87,card
INV-000813,J-000813,2024-02-10,payment,598.04,financing
INV-000814,J-000814,2024-02-09,payment,4785.76,ach
INV-000815,J-000815,2024-02-24,payment,993.58,card
INV-000816,J-000816,2024-02-16,payment,284.75,card
INV-000817,J-000817,2024-02-13,payment,615.86,card
INV-000818,J-000818,2024-02-16,payment,152.97,financing
INV-000819,J-000819,2024-02-13,payment,302.39,card
INV-000820,J-000820,2024-02-19,payment,279.9,check
INV-000821,J-000821,2024-02-09,payment,239.41,card
INV-000822,J-000822,2024-02-13,payment,4296.61,financing
INV-000823,J-000823,2024-02-07,payment,434.13,check
INV-000824,J-000824,2024-02-10,payment,363.35,card
INV-000825,J-000825,2024-02-16,payment,356.21,ach
INV-000826,J-000826,2024-02-07,payment,700.02,ach
INV-000827,J-000827,2024-02-21,payment,398.83,card
INV-000828,J-000828,2024-03-27,payment,255.62,ach
INV-000829,J-000829,2024-02-19,payment,434.88,check
INV-000830,J-000830,2024-02-20,payment,4751.18,card
INV-000831,J-000831,2024-02-22,payment,207.04,financing
INV-000832,J-000832,2024-02-04,payment,283.66,ach
INV-000833,J-000833,2024-02-15,payment,157.14,card
INV-000834,J-000834,2024-02-16,payment,3264.63,check
INV-000835,J-000835,2024-03-08,payment,186.81,check
INV-000836,J-000836,2024-02-09,payment,730.17,financing
INV-000837,J-000837,2024-02-16,payment,506.85,financing
INV-000838,J-000838,2024-02-16,payment,239.69,card
INV-000839,J-000839,2024-02-13,payment,467.12,check
INV-000840,J-000840,2024-02-12,payment,419.06,check
INV-000841,J-000841,2024-02-15,payment,483.92,card
INV-000842,J-000842,2024-02-16,payment,684.01,ach
INV-000843,J-000843,2024-02-14,payment,640.44,check
INV-000844,J-000844,2024-02-15,payment,362.92,financing
INV-000845,J-000845,2024-02-12,payment,761.66,ach
INV-000846,J-000846,2024-02-12,payment,631.28,financing
INV-000847,J-000847,2024-02-16,payment,4350.14,check
INV-000848,J-000848,2024-02-14,payment,290.86,ach
INV-000849,J-000849,2024-02-16,payment,217.97,financing
INV-000850,J-000850,2024-02-20,payment,3790.5,ach
INV-000851,J-000851,2024-02-15,payment,352.57,card
INV-000852,J-000852,2024-02-16,payment,154.79,financing
INV-000853,J-000853,2024-02-26,payment,579.0,card
INV-000854,J-000854,2024-02-15,payment,238.13,ach
INV-000855,J-000855,2024-02-20,payment,225.83,card
INV-000856,J-000856,2024-02-20,payment,596.91,financing
INV-000857,J-000857,2024-02-14,payment,285.46,card
INV-000858,J-000858,2024-02-20,payment,618.85,card
INV-000859,J-000859,2024-02-14,payment,739.52,financing
INV-000860,J-000860,2024-02-19,payment,192.19,financing
INV-000861,J-000861,2024-02-13,payment,240.39,financing
INV-000862,J-000862,2024-02-13,payment,257.25,card
INV-000863,J-000863,2024-02-17,payment,336.59,ach
INV-000864,J-000864,2024-02-11,payment,5907.29,financing
INV-000865,J-000865,2024-02-20,payment,3986.83,check
INV-000866,J-000866,2024-02-12,payment,317.98,card
INV-000867,J-000867,2024-02-15,payment,183.01,card
INV-000868,J-000868,2024-02-13,payment,172.57,card
INV-000869,J-000869,2024-02-25,payment,3396.94,financing
INV-000870,J-000870,2024-02-17,payment,568.98,check
INV-000871,J-000871,2024-02-15,payment,222.41,financing
INV-000872,J-000872,2024-02-22,payment,247.26,financing
INV-000873,J-000873,2024-02-11,payment,299.6,card
INV-000874,J-000874,2024-02-23,payment,119.88,card
INV-000875,J-000875,2024-02-24,payment,269.48,ach
INV-000876,J-000876,2024-02-17,payment,4548.24,card
INV-000877,J-000877,2024-02-18,payment,841.24,card
INV-000878,J-000878,2024-02-25,payment,1032.87,card
INV-000879,J-000879,2024-02-16,payment,204.65,check
INV-000880,J-000880,2024-02-16,payment,362.83,check
INV-000881,J-000881,2024-02-25,payment,273.68,check
INV-000882,J-000882,2024-02-20,payment,599.22,card
INV-000883,J-000883,2024-02-27,payment,220.88,check
INV-000884,J-000884,2024-02-19,payment,3746.3,financing
INV-000885,J-000885,2024-02-21,payment,400.1,card
INV-000886,J-000886,2024-02-13,payment,456.92,financing
INV-000887,J-000887,2024-02-16,payment,2667.73,card
INV-000888,J-000888,2024-03-04,payment,101.43,card
INV-000889,J-000889,2024-02-18,payment,674.26,check
INV-000890,J-000890,2024-03-07,payment,177.64,ach
INV-000891,J-000891,2024-02-27,payment,259.78,check
INV-000892,J-000892,2024-02-16,payment,400.96,card
INV-000893,J-000893,2024-02-12,payment,2311.48,financing
INV-000894,J-000894,2024-03-05,payment,367.95,card
INV-000895,J-000895,2024-02-18,payment,240.28,ach
INV-000896,J-000896,2024-02-19,payment,496.14,card
INV-000897,J-000897,2024-03-02,payment,150.46,check
INV-000898,J-000898,2024-02-20,payment,159.63,ach
INV-000899,J-000899,2024-02-28,payment,238.74,ach
INV-000900,J-000900,2024-02-15,payment,5402.35,card
INV-000901,J-000901,2024-02-18,payment,231.69,financing
INV-000901,J-000901,2024-04-02,refund,86.96,card
INV-000902,J-000902,2024-03-02,payment,300.39,check
INV-000903,J-000903,2024-02-27,payment,356.45,check
INV-000904,J-000904,2024-02-27,payment,296.81,ach
INV-000905,J-000905,2024-02-18,payment,238.83,ach
INV-000906,J-000906,2024-02-23,payment,350.36,financing
INV-000907,J-000907,2024-04-13,payment,3703.78,card
INV-000907,J-000907,2024-05-19,refund,2009.44,card
INV-000908,J-000908,2024-05-07,payment,5259.97,financing
INV-000909,J-000909,2024-03-05,payment,3996.89,card
INV-000910,J-000910,2024-03-26,payment,5529.39,financing
INV-000911,J-000911,2024-09-23,payment,240.81,card
INV-000912,J-000912,2024-03-27,payment,3500.45,card
INV-000912,J-000912,2024-07-01,refund,2283.67,card
INV-000913,J-000913,2024-03-30,payment,3785.96,financing
INV-000914,J-000914,2024-09-18,payment,5438.23,ach
INV-000914,J-000914,2025-01-20,refund,2764.62,card
INV-000915,J-000915,2024-05-12,payment,210.33,financing
INV-000916,J-000916,2024-04-13,payment,5953.48,ach
INV-000917,J-000917,2024-02-27,payment,3684.53,financing
INV-000918,J-000918,2024-07-30,payment,3507.48,financing
INV-000919,J-000919,2024-08-30,payment,2590.43,financing
INV-000920,J-000920,2024-05-12,payment,6504.8,financing
INV-000921,J-000921,2024-02-23,payment,5025.17,check
INV-000922,J-000922,2024-02-16,payment,193.29,check
INV-000923,J-000923,2024-02-19,payment,253.32,card
INV-000924,J-000924,2024-02-14,payment,240.83,check
INV-000925,J-000925,2024-02-16,payment,383.81,card
INV-000926,J-000926,2024-02-18,payment,887.93,card
INV-000927,J-000927,2024-02-10,payment,316.39,financing
INV-000928,J-000928,2024-02-11,payment,691.85,card
INV-000929,J-000929,2024-02-14,payment,1042.5,card
INV-000930,J-000930,2024-02-16,payment,380.69,check
INV-000931,J-000931,2024-02-19,payment,469.4,card
INV-000932,J-000932,2024-02-13,payment,446.57,card
INV-000933,J-000933,2024-02-08,payment,381.9,financing
INV-000934,J-000934,2024-02-17,payment,251.62,card
INV-000935,J-000935,2024-02-16,payment,352.88,financing
INV-000936,J-000936,2024-02-12,payment,153.54,card
INV-000937,J-000937,2024-02-18,payment,632.92,card
INV-000938,J-000938,2024-02-19,payment,340.9,ach
INV-000939,J-000939,2024-02-13,payment,417.42,check
INV-000940,J-000940,2024-02-20,payment,626.31,check
INV-000941,J-000941,2024-02-20,payment,505.36,card
INV-000942,J-000942,2024-02-15,payment,297.57,card
INV-000943,J-000943,2024-02-10,payment,261.57,ach
INV-000944,J-000944,2024-02-09,payment,171.75,check
INV-000945,J-000945,2024-02-13,payment,279.57,ach
INV-000946,J-000946,2024-02-15,payment,4389.07,check
INV-000947,J-000947,2024-02-13,payment,204.75,card
INV-000948,J-000948,2024-02-16,payment,268.96,card
INV-000949,J-000949,2024-02-13,payment,273.97,ach
INV-000950,J-000950,2024-02-11,payment,846.37,card
INV-000950,J-000950,2024-02-28,refund,621.36,card
INV-000951,J-000951,2024-02-13,payment,295.1,financing
INV-000952,J-000952,2024-02-11,payment,3807.23,financing
INV-000953,J-000953,2024-02-18,payment,223.83,card
INV-000954,J-000954,2024-02-08,payment,387.84,card
INV-000955,J-000955,2024-02-16,payment,354.03,card
INV-000956,J-000956,2024-02-09,payment,574.15,ach
INV-000957,J-000957,2024-02-18,payment,403.61,ach
INV-000958,J-000958,2024-02-17,payment,469.18,card
INV-000959,J-000959,2024-02-17,payment,242.29,card
INV-000960,J-000960,2024-02-14,payment,510.98,card
INV-000961,J-000961,2024-02-11,payment,274.03,check
INV-000962,J-000962,2024-02-13,payment,638.32,ach
INV-000963,J-000963,2024-02-18,payment,557.38,card
INV-000964,J-000964,2024-02-14,payment,360.98,financing
INV-000965,J-000965,2024-02-19,payment,326.31,card
INV-000966,J-000966,2024-02-18,payment,268.2,card
INV-000967,J-000967,2024-02-09,payment,735.77,card
INV-000968,J-000968,2024-02-16,payment,286.79,card
INV-000969,J-000969,2024-02-16,payment,4698.41,check
INV-000969,J-000969,2024-05-19,chargeback,1430.74,card
INV-000970,J-000970,2024-03-04,payment,280.25,card
INV-000971,J-000971,2024-02-24,payment,748.35,card
INV-000972,J-000972,2024-02-12,payment,225.98,financing
INV-000973,J-000973,2024-02-25,payment,633.56,card
INV-000974,J-000974,2024-02-25,payment,237.07,card
INV-000975,J-000975,2024-02-08,payment,3563.33,financing
INV-000975,J-000975,2024-04-10,chargeback,1087.77,card
INV-000976,J-000976,2024-03-19,payment,247.19,card
INV-000977,J-000977,2024-02-15,payment,199.34,ach
INV-000978,J-000978,2024-02-22,payment,509.04,card
INV-000979,J-000979,2024-02-20,payment,194.66,card
INV-000980,J-000980,2024-02-21,payment,366.15,card
INV-000981,J-000981,2024-02-17,payment,433.82,ach
INV-000982,J-000982,2024-02-13,payment,803.17,card
INV-000983,J-000983,2024-02-20,payment,596.09,ach
INV-000984,J-000984,2024-02-19,payment,1122.53,ach
INV-000985,J-000985,2024-02-14,payment,251.67,ach
INV-000986,J-000986,2024-03-12,payment,603.36,financing
INV-000987,J-000987,2024-02-13,payment,262.24,ach
INV-000988,J-000988,2024-02-22,payment,275.26,financing
INV-000989,J-000989,2024-02-17,payment,158.44,card
INV-000990,J-000990,2024-02-19,payment,249.57,financing
INV-000991,J-000991,2024-02-17,payment,195.42,card
INV-000992,J-000992,2024-03-03,payment,852.94,card
INV-000992,J-000992,2024-03-30,refund,438.51,card
INV-000993,J-000993,2024-02-15,payment,4137.88,check
INV-000994,J-000994,2024-02-16,payment,2354.13,card
INV-000995,J-000995,2024-02-14,payment,384.2,card
INV-000996,J-000996,2024-02-27,payment,412.81,card
INV-000997,J-000997,2024-02-24,payment,3640.15,financing
INV-000998,J-000998,2024-02-24,payment,412.79,financing
INV-000999,J-000999,2024-02-23,payment,275.34,card
INV-001000,J-001000,2024-02-19,payment,384.94,card
INV-001001,J-001001,2024-02-15,payment,484.34,ach
INV-001002,J-001002,2024-02-26,payment,972.34,financing
INV-001003,J-001003,2024-02-22,payment,709.09,financing
INV-001004,J-001004,2024-02-16,payment,6404.25,card
INV-001004,J-001004,2024-03-08,chargeback,4804.21,card
INV-001005,J-001005,2024-02-07,payment,241.66,check
INV-001006,J-001006,2024-02-23,payment,556.52,card
INV-001007,J-001007,2024-02-25,payment,235.53,check
INV-001008,J-001008,2024-02-21,payment,651.87,financing
INV-001009,J-001009,2024-02-12,payment,565.15,card
INV-001010,J-001010,2024-02-19,payment,228.19,check
INV-001010,J-001010,2024-03-22,refund,206.76,card
INV-001011,J-001011,2024-04-02,payment,220.88,card
INV-001012,J-001012,2024-02-25,payment,707.87,card
INV-001013,J-001013,2024-02-11,payment,353.45,card
INV-001014,J-001014,2024-02-16,payment,231.28,check
INV-001015,J-001015,2024-02-18,payment,312.51,card
INV-001016,J-001016,2024-02-24,payment,453.95,card
INV-001017,J-001017,2024-02-17,payment,219.17,card
INV-001018,J-001018,2024-02-27,payment,529.31,card
INV-001019,J-001019,2024-02-27,payment,368.84,card
INV-001020,J-001020,2024-02-23,payment,245.62,card
INV-001021,J-001021,2024-02-25,payment,258.21,financing
INV-001022,J-001022,2024-03-05,payment,262.87,card
INV-001023,J-001023,2024-02-24,payment,216.28,card
INV-001024,J-001024,2024-02-25,payment,270.12,check
INV-001025,J-001025,2024-02-21,payment,369.71,financing
INV-001026,J-001026,2024-02-27,payment,208.07,financing
INV-001027,J-001027,2024-02-25,payment,302.47,financing
INV-001028,J-001028,2024-02-25,payment,4417.46,ach
INV-001029,J-001029,2024-03-01,payment,87.87,financing
INV-001030,J-001030,2024-02-25,payment,4687.11,financing
INV-001031,J-001031,2024-02-17,payment,350.06,card
INV-001032,J-001032,2024-02-17,payment,425.02,ach
INV-001033,J-001033,2024-02-21,payment,447.53,ach
INV-001034,J-001034,2024-02-23,payment,244.54,card
INV-001035,J-001035,2024-02-26,payment,713.84,financing
INV-001036,J-001036,2024-02-22,payment,256.19,ach
INV-001037,J-001037,2024-02-18,payment,265.42,card
INV-001037,J-001037,2024-03-21,refund,93.08,card
INV-001038,J-001038,2024-02-24,payment,246.53,card
INV-001039,J-001039,2024-02-21,payment,201.87,card
INV-001040,J-001040,2024-02-23,payment,238.31,check
INV-001041,J-001041,2024-02-26,payment,183.05,financing
INV-001042,J-001042,2024-02-26,payment,327.86,check
INV-001043,J-001043,2024-02-23,payment,644.57,check
INV-001044,J-001044,2024-02-24,payment,283.23,card
INV-001045,J-001045,2024-03-01,payment,244.14,card
INV-001046,J-001046,2024-02-21,payment,856.73,check
INV-001047,J-001047,2024-02-17,payment,514.47,card
INV-001048,J-001048,2024-03-12,payment,567.11,ach
INV-001049,J-001049,2024-02-24,payment,553.83,card
INV-001050,J-001050,2024-03-02,payment,320.33,card
INV-001051,J-001051,2024-02-20,payment,393.04,check
INV-001052,J-001052,2024-02-18,payment,175.36,check
INV-001053,J-001053,2024-02-20,payment,391.62,financing
INV-001054,J-001054,2024-02-20,payment,321.61,ach
INV-001055,J-001055,2024-03-08,payment,3475.54,card
INV-001056,J-001056,2024-03-03,payment,325.44,check
INV-001057,J-001057,2024-03-02,payment,390.12,card
INV-001058,J-001058,2024-02-27,payment,131.8,financing
INV-001059,J-001059,2024-03-17,payment,7541.55,check
INV-001060,J-001060,2024-03-29,payment,6928.68,financing
INV-001061,J-001061,2024-03-02,payment,193.35,card
INV-001062,J-001062,2024-03-03,payment,485.68,check
INV-001063,J-001063,2024-02-23,payment,196.34,card
INV-001064,J-001064,2024-03-06,payment,441.19,financing
INV-001065,J-001065,2024-02-27,payment,192.24,financing
INV-001066,J-001066,2024-02-27,payment,4040.53,financing
INV-001067,J-001067,2024-02-21,payment,455.35,financing
INV-001068,J-001068,2024-03-06,payment,258.61,financing
INV-001069,J-001069,2024-02-20,payment,4383.64,card
INV-001070,J-001070,2024-03-07,payment,549.88,ach
INV-001071,J-001071,2024-02-23,payment,177.53,ach
INV-001072,J-001072,2024-02-28,payment,186.71,card
INV-001073,J-001073,2024-02-24,payment,389.18,ach
INV-001074,J-001074,2024-04-10,payment,3323.76,card
INV-001075,J-001075,2024-04-12,payment,168.6,card
INV-001076,J-001076,2024-03-25,payment,4428.84,check
INV-001077,J-001077,2024-03-19,payment,7879.37,ach
INV-001078,J-001078,2024-03-24,payment,4031.95,card
INV-001079,J-001079,2024-04-01,payment,230.5,card
INV-001080,J-001080,2024-06-28,payment,379.33,card
INV-001081,J-001081,2024-05-12,payment,253.68,financing
INV-001082,J-001082,2024-09-19,payment,3044.8,check
INV-001083,J-001083,2024-03-17,payment,4079.31,card
INV-001083,J-001083,2024-05-23,chargeback,2481.39,card
INV-001084,J-001084,2024-03-22,payment,439.37,ach
INV-001085,J-001085,2024-03-17,payment,4877.67,ach
INV-001086,J-001086,2024-03-23,payment,3426.51,card
INV-001087,J-001087,2024-04-19,payment,4142.91,ach
INV-001088,J-001088,2024-03-18,payment,3572.72,check
INV-001089,J-001089,2024-04-24,payment,4608.27,card
INV-001090,J-001090,2024-02-24,payment,453.03,ach
INV-001091,J-001091,2024-02-25,payment,356.18,financing
INV-001092,J-001092,2024-03-04,payment,125.68,card
INV-001093,J-001093,2024-02-25,payment,269.25,financing
INV-001094,J-001094,2024-02-23,payment,247.57,check
INV-001095,J-001095,2024-02-23,payment,631.73,card
INV-001096,J-001096,2024-02-26,payment,3730.92,financing
INV-001097,J-001097,2024-02-25,payment,269.93,card
INV-001098,J-001098,2024-02-16,payment,600.76,check
INV-001099,J-001099,2024-02-22,payment,404.58,card
INV-001100,J-001100,2024-02-22,payment,555.08,card
INV-001101,J-001101,2024-02-15,payment,486.64,check
INV-001102,J-001102,2024-02-23,payment,401.13,card
INV-001103,J-001103,2024-02-22,payment,257.33,check
INV-001104,J-001104,2024-02-20,payment,328.08,financing
INV-001105,J-001105,2024-02-27,payment,132.79,card
INV-001106,J-001106,2024-02-23,payment,4681.36,card
INV-001107,J-001107,2024-02-25,payment,166.22,financing
INV-001108,J-001108,2024-02-28,payment,5099.98,card
INV-001109,J-001109,2024-02-20,payment,726.68,ach
INV-001110,J-001110,2024-02-20,payment,517.27,financing
INV-001111,J-001111,2024-02-21,payment,579.29,ach
INV-001111,J-001111,2024-04-16,chargeback,305.46,card
INV-001112,J-001112,2024-02-24,payment,256.18,card
INV-001113,J-001113,2024-02-22,payment,4180.05,card
INV-001114,J-001114,2024-02-22,payment,287.86,card
INV-001115,J-001115,2024-02-23,payment,501.47,card
INV-001116,J-001116,2024-02-29,payment,207.6,card
INV-001117,J-001117,2024-02-19,payment,462.99,check
INV-001118,J-001118,2024-02-23,payment,451.35,card
INV-001118,J-001118,2024-03-16,refund,340.27,card
INV-001119,J-001119,2024-02-22,payment,117.91,card
INV-001120,J-001120,2024-03-02,payment,407.72,financing
INV-001121,J-001121,2024-03-15,payment,223.46,financing
INV-001122,J-001122,2024-02-22,payment,180.81,card
INV-001123,J-001123,2024-03-07,payment,2579.39,card
INV-001124,J-001124,2024-03-15,payment,468.58,card
INV-001125,J-001125,2024-03-09,payment,309.44,financing
INV-001126,J-001126,2024-03-05,payment,3819.44,ach
INV-001126,J-001126,2024-04-25,refund,1617.52,card
INV-001127,J-001127,2024-03-14,payment,167.07,card
INV-001128,J-001128,2024-03-05,payment,351.99,check
INV-001129,J-001129,2024-02-26,payment,482.29,card
INV-001130,J-001130,2024-03-05,payment,404.97,card
INV-001131,J-001131,2024-02-19,payment,4632.67,financing
INV-001132,J-001132,2024-03-02,payment,218.15,check
INV-001133,J-001133,2024-02-24,payment,304.37,ach
INV-001134,J-001134,2024-02-19,payment,339.34,financing
INV-001135,J-001135,2024-02-28,payment,197.87,card
INV-001136,J-001136,2024-03-01,payment,512.53,card
INV-001137,J-001137,2024-02-25,payment,343.64,card
INV-001138,J-001138,2024-03-01,payment,364.66,ach
INV-001139,J-001139,2024-02-24,payment,335.28,card
INV-001140,J-001140,2024-03-08,payment,583.72,ach
INV-001141,J-001141,2024-02-21,payment,292.0,card
INV-001142,J-001142,2024-03-10,payment,202.16,ach
INV-001143,J-001143,2024-02-18,payment,608.1,ach
INV-001144,J-001144,2024-02-16,payment,179.8,card
INV-001145,J-001145,2024-03-01,payment,230.81,card
INV-001146,J-001146,2024-04-13,payment,534.59,ach
INV-001147,J-001147,2024-03-02,payment,291.8,financing
INV-001148,J-001148,2024-02-27,payment,966.77,financing
INV-001149,J-001149,2024-02-29,payment,524.9,financing
INV-001150,J-001150,2024-02-21,payment,4621.07,card
INV-001151,J-001151,2024-02-19,payment,3343.45,financing
INV-001152,J-001152,2024-02-21,payment,641.16,check
INV-001153,J-001153,2024-02-23,payment,236.03,card
INV-001154,J-001154,2024-03-02,payment,3390.9,financing
INV-001155,J-001155,2024-03-01,payment,397.51,card
INV-001156,J-001156,2024-02-26,payment,262.37,financing
INV-001157,J-001157,2024-03-17,payment,177.57,ach
INV-001158,J-001158,2024-03-02,payment,362.03,card
INV-001159,J-001159,2024-03-02,payment,519.46,financing
INV-001160,J-001160,2024-02-21,payment,609.2,financing
INV-001161,J-001161,2024-02-25,payment,2924.57,card
INV-001162,J-001162,2024-03-28,payment,2997.74,check
INV-001162,J-001162,2024-07-09,refund,2829.91,card
INV-001163,J-001163,2024-02-20,payment,3625.56,check
INV-001164,J-001164,2024-02-19,payment,645.15,card
INV-001165,J-001165,2024-02-20,payment,174.61,card
INV-001166,J-001166,2024-02-19,payment,355.73,check
INV-001167,J-001167,2024-03-01,payment,317.21,card
INV-001168,J-001168,2024-02-22,payment,361.79,financing
INV-001169,J-001169,2024-02-19,payment,140.49,financing
INV-001170,J-001170,2024-02-23,payment,175.07,ach
INV-001171,J-001171,2024-02-25,payment,847.58,card
INV-001172,J-001172,2024-02-24,payment,3329.08,ach
INV-001173,J-001173,2024-03-08,payment,164.81,ach
INV-001174,J-001174,2024-03-02,payment,4105.71,card
INV-001175,J-001175,2024-02-29,payment,196.96,financing
INV-001176,J-001176,2024-02-25,payment,401.19,card
INV-001177,J-001177,2024-02-26,payment,358.27,financing
INV-001178,J-001178,2024-03-05,payment,131.67,card
INV-001179,J-001179,2024-02-27,payment,303.98,ach
INV-001180,J-001180,2024-03-05,payment,253.2,ach
INV-001181,J-001181,2024-03-09,payment,231.02,ach
INV-001182,J-001182,2024-02-28,payment,190.5,ach
INV-001183,J-001183,2024-02-26,payment,211.42,card
INV-001184,J-001184,2024-03-06,payment,210.33,card
INV-001184,J-001184,2024-04-11,refund,182.1,card
INV-001185,J-001185,2024-03-07,payment,466.09,card
INV-001186,J-001186,2024-03-06,payment,6833.14,ach
INV-001187,J-001187,2024-03-06,payment,241.6,financing
INV-001188,J-001188,2024-03-07,payment,240.42,financing
INV-001189,J-001189,2024-03-04,payment,273.63,card
INV-001189,J-001189,2024-04-11,refund,202.33,card
INV-001190,J-001190,2024-02-27,payment,437.5,check
INV-001191,J-001191,2024-02-27,payment,458.82,ach
INV-001192,J-001192,2024-02-25,payment,218.36,card
INV-001193,J-001193,2024-03-03,payment,291.88,card
INV-001194,J-001194,2024-03-02,payment,296.06,ach
INV-001195,J-001195,2024-02-27,payment,143.27,financing
INV-001196,J-001196,2024-03-08,payment,2015.23,check
INV-001197,J-001197,2024-03-04,payment,290.67,card
INV-001198,J-001198,2024-02-26,payment,1060.66,check
INV-001199,J-001199,2024-03-06,payment,117.54,ach
INV-001200,J-001200,2024-02-28,payment,4403.85,ach
INV-001201,J-001201,2024-03-05,payment,160.52,card
INV-001202,J-001202,2024-03-07,payment,228.6,check
INV-001203,J-001203,2024-02-29,payment,159.65,check
INV-001204,J-001204,2024-03-04,payment,503.32,financing
INV-001205,J-001205,2024-03-08,payment,174.25,card
INV-001206,J-001206,2024-03-01,payment,352.19,ach
INV-001207,J-001207,2024-03-17,payment,356.87,check
INV-001208,J-001208,2024-03-05,payment,121.99,check
INV-001209,J-001209,2024-03-04,payment,286.64,financing
INV-001210,J-001210,2024-02-28,payment,490.95,card
INV-001211,J-001211,2024-03-02,payment,329.84,ach
INV-001212,J-001212,2024-03-05,payment,389.3,financing
INV-001213,J-001213,2024-03-03,payment,218.95,card
INV-001214,J-001214,2024-02-26,payment,525.14,card
INV-001215,J-001215,2024-03-13,payment,471.24,financing
INV-001216,J-001216,2024-03-10,payment,336.06,card
INV-001217,J-001217,2024-02-25,payment,3939.76,ach
INV-001218,J-001218,2024-03-02,payment,341.07,card
INV-001219,J-001219,2024-02-25,payment,401.02,financing
INV-001220,J-001220,2024-02-26,payment,553.28,card
INV-001221,J-001221,2024-03-11,payment,428.69,check
INV-001222,J-001222,2024-02-27,payment,286.03,check
INV-001223,J-001223,2024-04-05,payment,462.17,financing
INV-001224,J-001224,2024-03-01,payment,490.92,card
INV-001225,J-001225,2024-03-01,payment,157.74,financing
INV-001226,J-001226,2024-03-05,payment,154.1,card
INV-001227,J-001227,2024-02-27,payment,276.57,card
INV-001228,J-001228,2024-03-07,payment,587.12,ach
INV-001229,J-001229,2024-03-26,payment,467.56,card
INV-001230,J-001230,2024-03-05,payment,441.99,financing
INV-001231,J-001231,2024-03-31,payment,2794.15,financing
INV-001232,J-001232,2024-03-07,payment,209.85,ach
INV-001233,J-001233,2024-03-18,payment,287.64,financing
INV-001234,J-001234,2024-03-13,payment,5988.02,card
INV-001235,J-001235,2024-03-12,payment,3662.33,card
INV-001236,J-001236,2024-04-20,payment,668.06,card
INV-001237,J-001237,2024-03-02,payment,4049.14,check
INV-001238,J-001238,2024-03-06,payment,169.58,financing
INV-001239,J-001239,2024-03-01,payment,4361.58,ach
INV-001239,J-001239,2024-04-06,chargeback,2223.6,card
INV-001240,J-001240,2024-03-25,payment,232.46,card
INV-001241,J-001241,2024-04-10,payment,3429.29,ach
INV-001242,J-001242,2024-04-29,payment,308.35,card
INV-001243,J-001243,2024-03-25,payment,5280.32,financing
INV-001244,J-001244,2024-03-12,payment,3960.8,financing
INV-001245,J-001245,2024-03-14,payment,3539.49,financing
INV-001246,J-001246,2024-03-17,payment,3103.68,check
INV-001247,J-001247,2024-06-20,payment,3367.59,check
INV-001248,J-001248,2024-05-23,payment,3023.77,check
INV-001248,J-001248,2024-09-05,refund,2825.14,card
INV-001249,J-001249,2024-05-17,payment,4035.05,card
INV-001250,J-001250,2024-06-22,payment,3906.48,card
INV-001251,J-001251,2024-05-10,payment,3019.52,card
INV-001252,J-001252,2024-04-22,payment,514.24,ach
INV-001252,J-001252,2024-05-15,refund,237.94,card
INV-001253,J-001253,2024-04-04,payment,188.74,card
INV-001254,J-001254,2024-03-23,payment,254.71,card
INV-001255,J-001255,2024-03-17,payment,1125.04,card
INV-001256,J-001256,2024-03-23,payment,542.41,financing
INV-001257,J-001257,2024-05-07,payment,366.44,financing
INV-001258,J-001258,2024-09-12,payment,4662.22,card
INV-001259,J-001259,2024-05-11,payment,2722.22,card
INV-001260,J-001260,2024-05-16,payment,4652.73,ach
INV-001261,J-001261,2024-02-25,payment,1178.38,financing
INV-001262,J-001262,2024-03-01,payment,453.55,check
INV-001263,J-001263,2024-02-29,payment,997.24,card
INV-001264,J-001264,2024-03-03,payment,167.49,ach
INV-001265,J-001265,2024-03-05,payment,326.32,check
INV-001266,J-001266,2024-02-23,payment,306.3,financing
INV-001267,J-001267,2024-03-04,payment,181.88,card
INV-001268,J-001268,2024-02-26,payment,1814.44,ach
INV-001269,J-001269,2024-02-27,payment,3980.81,ach
INV-001270,J-001270,2024-02-28,payment,218.13,card
INV-001271,J-001271,2024-03-03,payment,420.21,card
INV-001272,J-001272,2024-02-26,payment,157.95,check
INV-001273,J-001273,2024-02-26,payment,748.15,ach
INV-001274,J-001274,2024-02-26,payment,573.67,card
INV-001275,J-001275,2024-02-26,payment,877.54,financing
INV-001276,J-001276,2024-02-27,payment,154.64,ach
INV-001277,J-001277,2024-02-28,payment,190.88,card
INV-001278,J-001278,2024-03-05,payment,261.67,ach
INV-001279,J-001279,2024-02-29,payment,1947.72,check
INV-001280,J-001280,2024-03-05,payment,507.78,check
INV-001281,J-001281,2024-02-28,payment,402.28,card
INV-001282,J-001282,2024-02-24,payment,816.52,card
INV-001283,J-001283,2024-02-25,payment,273.77,check
INV-001284,J-001284,2024-02-26,payment,252.99,check
INV-001285,J-001285,2024-03-02,payment,609.83,card
INV-001286,J-001286,2024-02-28,payment,325.36,card
INV-001287,J-001287,2024-03-01,payment,453.99,card
INV-001288,J-001288,2024-03-03,payment,200.06,financing
INV-001289,J-001289,2024-03-02,payment,213.26,card
INV-001290,J-001290,2024-02-28,payment,367.08,card
INV-001291,J-001291,2024-03-03,payment,438.3,ach
INV-001292,J-001292,2024-03-01,payment,685.11,financing
INV-001293,J-001293,2024-03-06,payment,844.54,check
INV-001294,J-001294,2024-02-28,payment,1099.44,ach
INV-001295,J-001295,2024-02-24,payment,550.51,financing
INV-001296,J-001296,2024-02-22,payment,441.28,card
INV-001297,J-001297,2024-02-27,payment,422.94,ach
INV-001298,J-001298,2024-03-10,payment,178.73,card
INV-001299,J-001299,2024-02-24,payment,721.51,check
INV-001300,J-001300,2024-03-07,payment,169.85,check
INV-001301,J-001301,2024-04-14,payment,413.07,check
INV-001302,J-001302,2024-03-09,payment,2884.09,card
INV-001303,J-001303,2024-03-21,payment,3038.24,financing
INV-001304,J-001304,2024-03-14,payment,759.23,check
INV-001305,J-001305,2024-03-08,payment,5506.25,card
INV-001306,J-001306,2024-03-04,payment,318.74,ach
INV-001307,J-001307,2024-03-14,payment,4191.23,ach
INV-001308,J-001308,2024-03-22,payment,5318.59,financing
INV-001309,J-001309,2024-03-03,payment,3779.83,financing
INV-001310,J-001310,2024-03-04,payment,4261.77,card
INV-001311,J-001311,2024-03-26,payment,196.51,card
INV-001312,J-001312,2024-03-18,payment,211.59,card
INV-001313,J-001313,2024-03-14,payment,286.21,ach
INV-001314,J-001314,2024-03-07,payment,496.72,card
INV-001315,J-001315,2024-04-15,payment,161.26,financing
INV-001316,J-001316,2024-03-13,payment,109.2,ach
INV-001317,J-001317,2024-03-16,payment,407.49,check
INV-001318,J-001318,2024-03-01,payment,6265.3,card
INV-001319,J-001319,2024-03-09,payment,428.08,financing
INV-001319,J-001319,2024-05-28,refund,326.86,card
INV-001320,J-001320,2024-02-26,payment,4759.8,financing
INV-001321,J-001321,2024-03-10,payment,159.82,financing
INV-001322,J-001322,2024-03-10,payment,388.59,card
INV-001323,J-001323,2024-03-09,payment,332.07,check
INV-001323,J-001323,2024-05-15,refund,163.92,card
INV-001324,J-001324,2024-03-09,payment,4543.16,card
INV-001325,J-001325,2024-03-14,payment,6295.07,ach
INV-001326,J-001326,2024-03-13,payment,568.92,card
INV-001327,J-001327,2024-02-24,payment,565.72,check
INV-001328,J-001328,2024-02-28,payment,192.19,ach
INV-001329,J-001329,2024-03-10,payment,490.12,card
INV-001330,J-001330,2024-02-29,payment,621.32,ach
INV-001331,J-001331,2024-03-04,payment,195.63,card
INV-001332,J-001332,2024-03-01,payment,440.38,ach
INV-001333,J-001333,2024-03-28,payment,203.46,financing
INV-001334,J-001334,2024-03-02,payment,667.13,check
INV-001335,J-001335,2024-04-21,payment,193.78,ach
INV-001336,J-001336,2024-03-09,payment,599.61,ach
INV-001337,J-001337,2024-03-20,payment,395.2,financing
INV-001338,J-001338,2024-03-05,payment,437.96,card
INV-001339,J-001339,2024-03-05,payment,292.93,check
INV-001340,J-001340,2024-03-11,payment,585.73,card
INV-001341,J-001341,2024-03-03,payment,786.12,check
INV-001342,J-001342,2024-03-05,payment,366.4,card
INV-001343,J-001343,2024-03-02,payment,470.68,card
INV-001344,J-001344,2024-03-06,payment,5341.42,check
INV-001345,J-001345,2024-03-09,payment,252.48,card
INV-001346,J-001346,2024-02-26,payment,365.87,financing
INV-001347,J-001347,2024-02-26,payment,178.87,card
INV-001348,J-001348,2024-02-27,payment,326.12,card
INV-001349,J-001349,2024-03-03,payment,158.28,financing
INV-001350,J-001350,2024-03-01,payment,386.58,ach
INV-001351,J-001351,2024-03-12,payment,573.66,financing
INV-001352,J-001352,2024-02-28,payment,3149.36,financing
INV-001353,J-001353,2024-03-28,payment,433.4,financing
INV-001354,J-001354,2024-03-08,payment,621.89,check
INV-001355,J-001355,2024-03-07,payment,293.52,financing
INV-001356,J-001356,2024-03-15,payment,738.0,card
INV-001357,J-001357,2024-03-01,payment,307.89,card
INV-001358,J-001358,2024-03-08,payment,479.22,card
INV-001359,J-001359,2024-03-06,payment,530.94,financing
INV-001360,J-001360,2024-04-06,payment,325.18,ach
INV-001361,J-001361,2024-03-11,payment,3760.38,ach
INV-001362,J-001362,2024-03-13,payment,262.35,card
INV-001363,J-001363,2024-03-07,payment,170.65,financing
INV-001364,J-001364,2024-03-06,payment,243.86,card
INV-001365,J-001365,2024-03-07,payment,141.76,financing
INV-001366,J-001366,2024-03-04,payment,436.33,financing
INV-001367,J-001367,2024-03-11,payment,508.41,check
INV-001368,J-001368,2024-03-14,payment,868.68,financing
INV-001369,J-001369,2024-03-06,payment,3969.95,ach
INV-001370,J-001370,2024-03-04,payment,608.73,card
INV-001371,J-001371,2024-03-10,payment,473.07,financing
INV-001372,J-001372,2024-03-04,payment,301.08,financing
INV-001373,J-001373,2024-03-07,payment,571.29,ach
INV-001374,J-001374,2024-03-13,payment,224.59,financing
INV-001375,J-001375,2024-03-05,payment,345.97,ach
INV-001376,J-001376,2024-03-11,payment,310.41,card
INV-001377,J-001377,2024-03-10,payment,215.58,financing
INV-001378,J-001378,2024-03-17,payment,454.55,card
INV-001379,J-001379,2024-03-08,payment,373.58,check
INV-001380,J-001380,2024-03-11,payment,329.19,ach
INV-001381,J-001381,2024-02-28,payment,571.57,ach
INV-001382,J-001382,2024-03-14,payment,453.19,card
INV-001383,J-001383,2024-03-07,payment,421.64,check
INV-001384,J-001384,2024-03-15,payment,266.71,financing
INV-001385,J-001385,2024-03-06,payment,264.44,ach
INV-001386,J-001386,2024-03-06,payment,391.79,financing
INV-001387,J-001387,2024-03-01,payment,252.67,financing
INV-001388,J-001388,2024-03-05,payment,262.79,financing
INV-001389,J-001389,2024-03-08,payment,167.31,check
INV-001390,J-001390,2024-03-03,payment,413.88,ach
INV-001391,J-001391,2024-03-09,payment,4120.2,ach
INV-001392,J-001392,2024-03-03,payment,206.3,check
INV-001393,J-001393,2024-03-03,payment,6177.19,card
INV-001394,J-001394,2024-03-09,payment,160.81,financing
INV-001395,J-001395,2024-03-04,payment,501.78,card
INV-001396,J-001396,2024-03-06,payment,326.94,card
INV-001397,J-001397,2024-03-11,payment,240.43,check
INV-001398,J-001398,2024-03-08,payment,643.69,ach
INV-001399,J-001399,2024-03-10,payment,82.93,financing
INV-001400,J-001400,2024-03-11,payment,273.76,card
INV-001401,J-001401,2024-02-29,payment,217.23,card
INV-001402,J-001402,2024-03-09,payment,316.47,card
INV-001403,J-001403,2024-03-02,payment,487.44,ach
INV-001404,J-001404,2024-03-02,payment,443.65,financing
INV-001405,J-001405,2024-04-04,payment,306.89,financing
INV-001406,J-001406,2024-03-11,payment,627.88,check
INV-001407,J-001407,2024-03-05,payment,473.16,card
INV-001408,J-001408,2024-03-13,payment,564.18,card
INV-001409,J-001409,2024-03-11,payment,307.62,check
INV-001410,J-001410,2024-03-08,payment,553.29,card
INV-001411,J-001411,2024-03-08,payment,899.94,check
INV-001412,J-001412,2024-03-12,payment,388.07,financing
INV-001413,J-001413,2024-03-05,payment,406.71,check
INV-001414,J-001414,2024-03-01,payment,191.08,financing
INV-001415,J-001415,2024-03-09,payment,4296.67,check
INV-001416,J-001416,2024-03-10,payment,2523.8,financing
INV-001417,J-001417,2024-03-14,payment,271.38,check
INV-001418,J-001418,2024-03-17,payment,588.6,financing
INV-001419,J-001419,2024-03-30,payment,981.89,financing
INV-001420,J-001420,2024-03-11,payment,661.33,check
INV-001421,J-001421,2024-03-04,payment,5918.13,ach
INV-001422,J-001422,2024-03-11,payment,343.28,financing
INV-001423,J-001423,2024-03-06,payment,904.72,financing
INV-001424,J-001424,2024-03-21,payment,306.16,card
INV-001425,J-001425,2024-03-09,payment,570.1,card
INV-001426,J-001426,2024-03-14,payment,218.42,financing
INV-001427,J-001427,2024-04-27,payment,768.28,check
INV-001428,J-001428,2024-03-09,payment,359.48,card
INV-001428,J-001428,2024-04-08,refund,125.27,card
INV-001429,J-001429,2024-03-11,payment,3222.67,financing
INV-001430,J-001430,2024-03-07,payment,3987.85,card
INV-001431,J-001431,2024-05-09,payment,648.3,card
INV-001432,J-001432,2024-03-19,payment,4511.27,card
INV-001433,J-001433,2024-03-11,payment,196.18,card
INV-001434,J-001434,2024-03-04,payment,414.69,card
INV-001435,J-001435,2024-03-07,payment,316.55,check
INV-001436,J-001436,2024-03-16,payment,4975.23,card
INV-001437,J-001437,2024-03-26,payment,359.89,card
INV-001438,J-001438,2024-03-04,payment,973.04,ach
INV-001439,J-001439,2024-03-08,payment,327.6,financing
INV-001440,J-001440,2024-04-01,payment,3186.77,card
INV-001441,J-001441,2024-12-17,payment,4791.68,ach
INV-001442,J-001442,2024-04-24,payment,5780.63,check
INV-001442,J-001442,2024-08-30,refund,3003.06,card
INV-001443,J-001443,2024-03-16,payment,1416.51,ach
INV-001444,J-001444,2024-03-29,payment,3598.05,ach
INV-001445,J-001445,2024-08-15,payment,484.97,check
INV-001446,J-001446,2024-06-05,payment,4789.0,check
INV-001446,J-001446,2024-08-09,refund,3084.45,card
INV-001447,J-001447,2024-05-05,payment,6015.81,card
INV-001448,J-001448,2024-04-03,payment,3871.53,card
INV-001449,J-001449,2024-03-14,payment,3001.63,financing
INV-001450,J-001450,2024-04-26,payment,3803.47,card
INV-001450,J-001450,2024-08-05,refund,1389.09,card
INV-001451,J-001451,2025-02-07,payment,2907.94,check
INV-001452,J-001452,2024-06-29,payment,4499.23,card
INV-001453,J-001453,2024-04-07,payment,4315.97,card
INV-001453,J-001453,2024-05-24,refund,3866.19,card
INV-001454,J-001454,2024-03-25,payment,3656.16,card
INV-001455,J-001455,2024-06-20,payment,546.76,check
INV-001456,J-001456,2024-03-23,payment,2901.65,card
INV-001457,J-001457,2024-05-13,payment,353.63,card
INV-001458,J-001458,2024-04-18,payment,326.53,financing
INV-001459,J-001459,2024-05-28,payment,483.8,financing
INV-001460,J-001460,2024-03-09,payment,991.76,card
INV-001461,J-001461,2024-03-06,payment,676.03,ach
INV-001462,J-001462,2024-03-03,payment,394.15,card
INV-001463,J-001463,2024-03-06,payment,210.54,card
INV-001464,J-001464,2024-03-06,payment,376.37,card
INV-001465,J-001465,2024-03-10,payment,579.37,ach
INV-001466,J-001466,2024-03-02,payment,589.08,ach
INV-001467,J-001467,2024-03-10,payment,528.68,check
INV-001468,J-001468,2024-03-04,payment,331.88,card
INV-001469,J-001469,2024-03-11,payment,250.08,check
INV-001470,J-001470,2024-03-11,payment,177.46,ach
INV-001471,J-001471,2024-03-15,payment,100.15,ach
INV-001472,J-001472,2024-03-03,payment,507.69,card
INV-001473,J-001473,2024-03-11,payment,897.86,check
INV-001474,J-001474,2024-03-16,payment,474.51,card
INV-001475,J-001475,2024-03-17,payment,534.76,card
INV-001476,J-001476,2024-03-10,payment,788.93,financing
INV-001477,J-001477,2024-03-04,payment,412.62,check
INV-001478,J-001478,2024-03-10,payment,228.26,ach
INV-001479,J-001479,2024-03-12,payment,644.78,card
INV-001480,J-001480,2024-03-08,payment,389.58,card
INV-001481,J-001481,2024-03-06,payment,290.41,card
INV-001482,J-001482,2024-03-11,payment,609.85,card
INV-001483,J-001483,2024-03-11,payment,4647.69,financing
INV-001484,J-001484,2024-03-05,payment,543.35,card
INV-001485,J-001485,2024-03-07,payment,167.26,ach
INV-001486,J-001486,2024-03-07,payment,190.61,card
INV-001487,J-001487,2024-03-19,payment,7157.5,check
INV-001488,J-001488,2024-03-13,payment,3493.85,financing
INV-001489,J-001489,2024-03-30,payment,153.71,financing
INV-001490,J-001490,2024-03-09,payment,139.41,card
INV-001491,J-001491,2024-05-06,payment,152.44,check
INV-001492,J-001492,2024-03-06,payment,526.89,card
INV-001493,J-001493,2024-03-11,payment,570.16,card
INV-001494,J-001494,2024-03-19,payment,3989.95,card
INV-001495,J-001495,2024-04-06,payment,5341.35,check
INV-001496,J-001496,2024-03-12,payment,282.3,ach
INV-001497,J-001497,2024-03-08,payment,494.97,ach
INV-001498,J-001498,2024-06-26,payment,496.11,card
INV-001499,J-001499,2024-03-23,payment,329.89,card
INV-001500,J-001500,2024-03-05,payment,114.74,check
INV-001501,J-001501,2024-03-11,payment,463.81,ach
INV-001502,J-001502,2024-03-20,payment,5154.45,card
INV-001503,J-001503,2024-03-23,payment,2648.72,card
INV-001504,J-001504,2024-03-14,payment,448.05,check
INV-001505,J-001505,2024-03-07,payment,93.16,ach
INV-001506,J-001506,2024-03-14,payment,410.52,check
INV-001506,J-001506,2024-04-25,refund,244.98,card
INV-001507,J-001507,2024-04-09,payment,538.62,check
INV-001508,J-001508,2024-04-11,payment,269.91,ach
INV-001509,J-001509,2024-03-14,payment,587.25,card
INV-001510,J-001510,2024-03-03,payment,233.82,card
INV-001511,J-001511,2024-03-12,payment,3784.62,ach
INV-001512,J-001512,2024-03-19,payment,490.22,financing
INV-001513,J-001513,2024-03-22,payment,542.47,card
INV-001514,J-001514,2024-02-29,payment,200.5,card
INV-001515,J-001515,2024-03-29,payment,151.84,ach
INV-001516,J-001516,2024-05-05,payment,196.94,card
INV-001517,J-001517,2024-03-05,payment,252.04,ach
INV-001518,J-001518,2024-03-10,payment,184.21,financing
INV-001519,J-001519,2024-03-09,payment,205.44,check
INV-001520,J-001520,2024-03-03,payment,205.62,financing
INV-001521,J-001521,2024-03-13,payment,342.73,financing
INV-001522,J-001522,2024-03-11,payment,216.07,card
INV-001523,J-001523,2024-03-18,payment,353.0,card
INV-001524,J-001524,2024-03-02,payment,4172.18,card
INV-001525,J-001525,2024-03-05,payment,195.37,check
INV-001526,J-001526,2024-04-12,payment,688.82,check
INV-001527,J-001527,2024-04-03,payment,421.31,card
INV-001528,J-001528,2024-03-18,payment,329.07,ach
INV-001529,J-001529,2024-03-18,payment,1087.14,check
INV-001530,J-001530,2024-03-02,payment,288.86,card
INV-001531,J-001531,2024-03-20,payment,4802.09,financing
INV-001532,J-001532,2024-03-15,payment,207.0,card
INV-001533,J-001533,2024-04-13,payment,3261.92,ach
INV-001534,J-001534,2024-03-15,payment,564.0,card
INV-001535,J-001535,2024-03-09,payment,454.28,check
INV-001536,J-001536,2024-03-11,payment,549.39,card
INV-001537,J-001537,2024-03-08,payment,132.01,ach
INV-001538,J-001538,2024-03-12,payment,465.02,card
INV-001539,J-001539,2024-03-14,payment,368.26,card
INV-001540,J-001540,2024-03-17,payment,178.48,check
INV-001541,J-001541,2024-03-11,payment,221.1,check
INV-001542,J-001542,2024-03-10,payment,519.15,check
INV-001543,J-001543,2024-03-20,payment,388.06,financing
INV-001544,J-001544,2024-03-23,payment,378.31,card
INV-001545,J-001545,2024-03-18,payment,641.5,financing
INV-001546,J-001546,2024-03-24,payment,390.29,ach
INV-001547,J-001547,2024-03-16,payment,281.0,ach
INV-001548,J-001548,2024-03-12,payment,387.72,ach
INV-001549,J-001549,2024-03-21,payment,1075.61,check
INV-001550,J-001550,2024-03-24,payment,574.25,check
INV-001551,J-001551,2024-03-12,payment,590.62,check
INV-001552,J-001552,2024-04-05,payment,3322.16,check
INV-001553,J-001553,2024-04-10,payment,192.73,check
INV-001554,J-001554,2024-03-23,payment,469.34,check
INV-001555,J-001555,2024-03-22,payment,416.05,card
INV-001556,J-001556,2024-03-18,payment,243.16,financing
INV-001557,J-001557,2024-03-13,payment,570.7,card
INV-001558,J-001558,2024-03-18,payment,415.27,ach
INV-001559,J-001559,2024-03-10,payment,463.96,card
INV-001560,J-001560,2024-03-22,payment,464.53,financing
INV-001560,J-001560,2024-05-14,refund,353.41,card
INV-001561,J-001561,2024-03-15,payment,168.4,card
INV-001562,J-001562,2024-03-12,payment,617.47,check
INV-001563,J-001563,2024-03-15,payment,3246.22,ach
INV-001564,J-001564,2024-03-16,payment,555.01,card
INV-001565,J-001565,2024-03-16,payment,240.01,card
INV-001566,J-001566,2024-03-11,payment,389.95,card
INV-001567,J-001567,2024-03-17,payment,2717.79,financing
INV-001568,J-001568,2024-03-08,payment,411.82,financing
INV-001569,J-001569,2024-03-29,payment,1034.87,card
INV-001570,J-001570,2024-03-12,payment,511.94,check
INV-001571,J-001571,2024-03-17,payment,387.01,check
INV-001572,J-001572,2024-03-12,payment,176.4,financing
INV-001573,J-001573,2024-03-10,payment,2396.38,ach
INV-001574,J-001574,2024-03-11,payment,100.24,card
INV-001575,J-001575,2024-03-19,payment,924.78,ach
INV-001576,J-001576,2024-03-14,payment,315.95,ach
INV-001577,J-001577,2024-03-15,payment,199.36,card
INV-001578,J-001578,2024-03-24,payment,381.36,ach
INV-001579,J-001579,2024-04-10,payment,272.25,card
INV-001580,J-001580,2024-03-27,payment,3565.2,card
INV-001581,J-001581,2024-03-15,payment,232.12,financing
INV-001582,J-001582,2024-03-26,payment,3819.46,check
INV-001583,J-001583,2024-03-13,payment,386.2,check
INV-001584,J-001584,2024-03-17,payment,584.03,card
INV-001584,J-001584,2024-04-28,chargeback,511.11,card
INV-001585,J-001585,2024-04-10,payment,3871.64,card
INV-001586,J-001586,2024-03-14,payment,264.26,financing
INV-001587,J-001587,2024-03-22,payment,3864.53,check
INV-001588,J-001588,2024-03-23,payment,4658.89,financing
INV-001589,J-001589,2024-03-28,payment,318.74,card
INV-001590,J-001590,2024-03-21,payment,501.58,financing
INV-001591,J-001591,2024-04-05,payment,3333.23,financing
INV-001592,J-001592,2024-03-17,payment,6750.61,card
INV-001593,J-001593,2024-04-04,payment,334.78,card
INV-001594,J-001594,2024-03-29,payment,2485.78,card
INV-001595,J-001595,2024-04-07,payment,190.17,check
INV-001596,J-001596,2024-05-05,payment,3483.1,financing
INV-001597,J-001597,2024-04-16,payment,4305.67,check
INV-001598,J-001598,2024-03-27,payment,298.64,financing
INV-001599,J-001599,2024-05-08,payment,333.93,card
INV-001600,J-001600,2024-04-06,payment,3736.96,financing
INV-001601,J-001601,2024-04-03,payment,312.41,check
INV-001602,J-001602,2024-03-21,payment,217.55,card
INV-001603,J-001603,2024-05-05,payment,3672.27,check
INV-001603,J-001603,2024-08-05,refund,2022.1,card
INV-001604,J-001604,2024-06-03,payment,3769.36,financing
INV-001605,J-001605,2024-04-16,payment,896.16,financing
INV-001606,J-001606,2024-07-08,payment,4430.27,ach
INV-001607,J-001607,2024-06-23,payment,3772.11,check
INV-001608,J-001608,2024-05-31,payment,378.39,financing
INV-001609,J-001609,2024-07-10,payment,2285.97,card
INV-001610,J-001610,2024-04-27,payment,3880.69,card
INV-001611,J-001611,2024-04-11,payment,4981.68,financing
INV-001612,J-001612,2024-04-04,payment,217.96,financing
INV-001613,J-001613,2024-03-12,payment,429.48,card
INV-001614,J-001614,2024-03-08,payment,510.27,card
INV-001615,J-001615,2024-03-16,payment,221.41,card
INV-001616,J-001616,2024-03-19,payment,370.73,check
INV-001617,J-001617,2024-03-11,payment,542.38,check
INV-001618,J-001618,2024-03-11,payment,270.22,card
INV-001619,J-001619,2024-03-15,payment,720.46,financing
INV-001620,J-001620,2024-03-15,payment,497.19,check
INV-001621,J-001621,2024-03-10,payment,264.01,check
INV-001622,J-001622,2024-03-12,payment,651.92,card
INV-001623,J-001623,2024-03-16,payment,179.2,check
INV-001624,J-001624,2024-03-14,payment,371.78,card
INV-001625,J-001625,2024-03-15,payment,109.33,card
INV-001626,J-001626,2024-03-15,payment,340.73,check
INV-001627,J-001627,2024-03-18,payment,210.8,financing
INV-001628,J-001628,2024-03-23,payment,409.68,ach
INV-001629,J-001629,2024-03-22,payment,278.27,ach
INV-001630,J-001630,2024-03-27,payment,260.82,financing
INV-001631,J-001631,2024-03-13,payment,387.47,check
INV-001632,J-001632,2024-03-12,payment,932.14,card
INV-001633,J-001633,2024-03-22,payment,1220.47,ach
INV-001634,J-001634,2024-03-13,payment,450.06,ach
INV-001635,J-001635,2024-03-14,payment,538.39,ach
INV-001636,J-001636,2024-03-12,payment,919.79,card
INV-001637,J-001637,2024-03-13,payment,850.47,card
INV-001638,J-001638,2024-03-16,payment,635.07,financing
INV-001639,J-001639,2024-03-11,payment,332.02,ach
INV-001640,J-001640,2024-03-30,payment,296.06,check
INV-001641,J-001641,2024-03-13,payment,236.64,financing
INV-001642,J-001642,2024-03-16,payment,346.01,check
INV-001643,J-001643,2024-03-07,payment,613.27,card
INV-001644,J-001644,2024-03-14,payment,218.92,card
INV-001645,J-001645,2024-03-19,payment,319.92,card
INV-001646,J-001646,2024-03-17,payment,3184.92,card
INV-001647,J-001647,2024-03-10,payment,123.88,card
INV-001648,J-001648,2024-03-22,payment,546.18,financing
INV-001649,J-001649,2024-03-15,payment,289.57,ach
INV-001650,J-001650,2024-03-27,payment,3269.67,ach
INV-001651,J-001651,2024-04-15,payment,970.45,ach
INV-001652,J-001652,2024-03-28,payment,452.66,financing
INV-001653,J-001653,2024-03-22,payment,232.07,ach
INV-001654,J-001654,2024-03-17,payment,710.81,financing
INV-001655,J-001655,2024-03-18,payment,482.94,card
INV-001656,J-001656,2024-03-17,payment,709.98,check
INV-001657,J-001657,2024-03-17,payment,115.11,card
INV-001658,J-001658,2024-03-14,payment,3358.7,ach
INV-001659,J-001659,2024-03-11,payment,2970.17,financing
INV-001660,J-001660,2024-03-16,payment,532.94,card
INV-001661,J-001661,2024-03-13,payment,4848.59,financing
INV-001662,J-001662,2024-03-28,payment,4565.68,card
INV-001663,J-001663,2024-03-16,payment,347.52,ach
INV-001664,J-001664,2024-03-14,payment,379.54,check
INV-001665,J-001665,2024-03-21,payment,4238.76,card
INV-001666,J-001666,2024-03-29,payment,184.1,financing
INV-001667,J-001667,2024-03-26,payment,583.71,financing
INV-001668,J-001668,2024-03-14,payment,728.93,card
INV-001669,J-001669,2024-03-14,payment,4257.14,check
INV-001669,J-001669,2024-04-11,refund,4206.06,card
INV-001670,J-001670,2024-03-19,payment,532.6,check
INV-001671,J-001671,2024-03-20,payment,98.03,card
INV-001672,J-001672,2024-03-24,payment,161.53,card
INV-001673,J-001673,2024-03-14,payment,3619.98,ach
INV-001674,J-001674,2024-04-18,payment,143.67,card
INV-001675,J-001675,2024-03-26,payment,464.86,financing
INV-001676,J-001676,2024-03-16,payment,222.33,check
INV-001677,J-001677,2024-03-12,payment,250.81,financing
INV-001678,J-001678,2024-03-16,payment,327.82,ach
INV-001679,J-001679,2024-03-20,payment,112.85,check
INV-001680,J-001680,2024-03-30,payment,136.65,check
INV-001681,J-001681,2024-03-16,payment,2469.84,financing
INV-001682,J-001682,2024-03-15,payment,304.98,financing
INV-001683,J-001683,2024-03-11,payment,499.62,card
INV-001684,J-001684,2024-03-13,payment,245.85,ach
INV-001685,J-001685,2024-03-18,payment,3513.53,financing
INV-001686,J-001686,2024-03-23,payment,558.74,financing
INV-001687,J-001687,2024-03-22,payment,216.17,card
INV-001688,J-001688,2024-03-19,payment,528.8,financing
INV-001689,J-001689,2024-03-26,payment,318.55,check
INV-001690,J-001690,2024-03-19,payment,375.84,card
INV-001691,J-001691,2024-03-31,payment,200.47,card
INV-001692,J-001692,2024-03-21,payment,151.56,card
INV-001693,J-001693,2024-03-16,payment,307.37,ach
INV-001694,J-001694,2024-03-19,payment,355.85,check
INV-001695,J-001695,2024-03-16,payment,275.04,financing
INV-001696,J-001696,2024-03-21,payment,349.76,ach
INV-001697,J-001697,2024-03-19,payment,247.32,card
INV-001698,J-001698,2024-03-19,payment,631.87,ach
INV-001699,J-001699,2024-03-29,payment,283.31,financing
INV-001700,J-001700,2024-04-02,payment,481.51,ach
INV-001701,J-001701,2024-04-02,payment,579.06,financing
INV-001702,J-001702,2024-03-23,payment,534.0,card
INV-001703,J-001703,2024-03-21,payment,248.93,financing
INV-001704,J-001704,2024-03-22,payment,631.0,financing
INV-001705,J-001705,2024-03-16,payment,213.79,check
INV-001706,J-001706,2024-03-24,payment,269.02,card
INV-001707,J-001707,2024-03-25,payment,226.04,ach
INV-001708,J-001708,2024-03-19,payment,751.37,check
INV-001709,J-001709,2024-03-19,payment,4709.48,card
INV-001710,J-001710,2024-04-02,payment,328.79,financing
INV-001711,J-001711,2024-04-01,payment,183.89,card
INV-001712,J-001712,2024-04-03,payment,356.08,card
INV-001713,J-001713,2024-03-20,payment,420.1,card
INV-001714,J-001714,2024-03-24,payment,213.87,ach
INV-001715,J-001715,2024-03-21,payment,539.41,check
INV-001716,J-001716,2024-03-24,payment,349.03,financing
INV-001717,J-001717,2024-03-22,payment,217.78,ach
INV-001718,J-001718,2024-03-22,payment,245.28,card
INV-001719,J-001719,2024-03-15,payment,326.94,financing
INV-001720,J-001720,2024-03-20,payment,6859.8,check
INV-001721,J-001721,2024-03-24,payment,512.27,check
INV-001722,J-001722,2024-03-26,payment,297.97,ach
INV-001723,J-001723,2024-03-18,payment,438.34,ach
INV-001724,J-001724,2024-03-26,payment,393.97,financing
INV-001725,J-001725,2024-03-22,payment,388.38,card
INV-001726,J-001726,2024-03-27,payment,7145.94,card
INV-001727,J-001727,2024-03-21,payment,841.06,card
INV-001728,J-001728,2024-03-16,payment,282.04,card
INV-001729,J-001729,2024-03-18,payment,128.39,financing
INV-001730,J-001730,2024-03-28,payment,252.87,card
INV-001731,J-001731,2024-03-31,payment,163.47,financing
INV-001732,J-001732,2024-04-02,payment,338.58,card
INV-001733,J-001733,2024-03-19,payment,188.12,ach
INV-001734,J-001734,2024-03-18,payment,2735.93,card
INV-001735,J-001735,2024-03-26,payment,613.65,financing
INV-001736,J-001736,2024-04-07,payment,4277.73,financing
INV-001737,J-001737,2024-03-19,payment,1633.98,financing
INV-001737,J-001737,2024-05-05,chargeback,1457.76,card
INV-001738,J-001738,2024-03-22,payment,5200.9,ach
INV-001739,J-001739,2024-03-24,payment,588.54,financing
INV-001740,J-001740,2024-04-26,payment,3049.18,financing
INV-001741,J-001741,2024-03-24,payment,3616.48,card
INV-001741,J-001741,2024-04-17,refund,1374.7,card
INV-001742,J-001742,2024-06-08,payment,390.0,ach
INV-001743,J-001743,2024-03-20,payment,3579.66,check
INV-001744,J-001744,2024-03-22,payment,299.03,card
INV-001745,J-001745,2024-03-21,payment,3853.13,card
INV-001746,J-001746,2024-04-02,payment,158.32,check
INV-001747,J-001747,2024-04-27,payment,202.51,ach
INV-001748,J-001748,2024-03-19,payment,287.59,financing
INV-001749,J-001749,2024-05-18,payment,602.88,card
INV-001750,J-001750,2024-03-21,payment,744.45,card
INV-001751,J-001751,2024-03-17,payment,308.51,check
INV-001752,J-001752,2024-03-21,payment,627.76,financing
INV-001753,J-001753,2024-03-22,payment,350.19,ach
INV-001754,J-001754,2024-04-03,payment,467.22,financing
INV-001755,J-001755,2024-03-22,payment,425.92,check
INV-001756,J-001756,2024-04-20,payment,181.33,card
INV-001757,J-001757,2024-03-25,payment,4456.3,card
INV-001758,J-001758,2024-04-03,payment,325.51,card
INV-001759,J-001759,2024-03-26,payment,239.24,card
INV-001760,J-001760,2024-05-29,payment,494.37,card
INV-001761,J-001761,2024-05-20,payment,575.35,financing
INV-001762,J-001762,2024-05-06,payment,2570.75,check
INV-001762,J-001762,2024-06-11,chargeback,2040.45,card
INV-001763,J-001763,2024-06-02,payment,395.48,financing
INV-001764,J-001764,2024-05-04,payment,223.83,financing
INV-001765,J-001765,2024-06-27,payment,4742.56,financing
INV-001766,J-001766,2024-06-17,payment,4143.62,card
INV-001766,J-001766,2024-07-18,refund,3292.0,card
INV-001767,J-001767,2024-05-12,payment,3524.8,financing
INV-001767,J-001767,2024-08-29,refund,3312.55,card
INV-001768,J-001768,2024-06-15,payment,186.83,card
INV-001769,J-001769,2024-07-02,payment,3282.44,card
INV-001770,J-001770,2024-06-02,payment,4450.48,check
INV-001771,J-001771,2024-03-27,payment,294.63,ach
INV-001772,J-001772,2024-06-04,payment,178.54,check
INV-001773,J-001773,2024-03-31,payment,282.03,financing
INV-001774,J-001774,2024-06-03,payment,779.36,ach
INV-001775,J-001775,2024-03-27,payment,3013.8,ach
INV-001775,J-001775,2024-07-11,refund,2056.2,card
INV-001776,J-001776,2024-04-18,payment,6242.65,financing
INV-001776,J-001776,2024-07-15,refund,5758.42,card
INV-001777,J-001777,2024-05-15,payment,3119.85,card
INV-001778,J-001778,2024-03-14,payment,4156.26,card
INV-001779,J-001779,2024-03-23,payment,407.95,card
INV-001780,J-001780,2024-03-27,payment,266.21,financing
INV-001781,J-001781,2024-03-23,payment,530.3,card
INV-001782,J-001782,2024-03-18,payment,665.64,card
INV-001783,J-001783,2024-03-22,payment,256.44,financing
INV-001784,J-001784,2024-03-24,payment,617.11,card
INV-001785,J-001785,2024-03-21,payment,285.89,ach
INV-001786,J-001786,2024-03-20,payment,327.58,financing
INV-001787,J-001787,2024-03-18,payment,194.39,check
INV-001788,J-001788,2024-03-22,payment,283.42,financing
INV-001789,J-001789,2024-03-18,payment,529.01,financing
INV-001790,J-001790,2024-03-24,payment,1225.09,check
INV-001791,J-001791,2024-03-16,payment,491.94,ach
INV-001792,J-001792,2024-03-25,payment,452.06,financing
INV-001793,J-001793,2024-03-21,payment,140.33,financing
INV-001794,J-001794,2024-03-15,payment,3445.18,card
INV-001795,J-001795,2024-03-22,payment,303.63,ach
INV-001796,J-001796,2024-03-21,payment,316.77,ach
INV-001797,J-001797,2024-03-21,payment,688.22,check
INV-001798,J-001798,2024-03-20,payment,306.35,ach
INV-001799,J-001799,2024-03-31,payment,343.27,check
INV-001800,J-001800,2024-03-19,payment,385.39,financing
INV-001801,J-001801,2024-03-19,payment,271.36,ach
INV-001802,J-001802,2024-03-24,payment,411.15,check
INV-001803,J-001803,2024-03-17,payment,873.44,card
INV-001804,J-001804,2024-03-25,payment,341.71,ach
INV-001805,J-001805,2024-04-01,payment,262.64,check
INV-001806,J-001806,2024-03-22,payment,351.95,card
INV-001807,J-001807,2024-03-16,payment,138.11,check
INV-001808,J-001808,2024-03-30,payment,368.37,check
INV-001809,J-001809,2024-03-20,payment,506.53,card
INV-001810,J-001810,2024-03-25,payment,262.07,check
INV-001811,J-001811,2024-03-19,payment,205.63,check
INV-001812,J-001812,2024-03-17,payment,303.17,financing
INV-001813,J-001813,2024-03-24,payment,242.52,financing
INV-001814,J-001814,2024-03-19,payment,4497.35,card
INV-001815,J-001815,2024-03-19,payment,166.91,financing
INV-001815,J-001815,2024-05-05,refund,165.84,card
INV-001816,J-001816,2024-03-28,payment,392.77,card
INV-001817,J-001817,2024-03-22,payment,389.01,check
INV-001818,J-001818,2024-03-19,payment,404.92,financing
INV-001819,J-001819,2024-03-28,payment,289.04,card
INV-001820,J-001820,2024-03-18,payment,125.37,ach
INV-001821,J-001821,2024-04-08,payment,331.95,card
INV-001822,J-001822,2024-03-22,payment,329.23,financing
INV-001823,J-001823,2024-04-06,payment,202.17,financing
INV-001824,J-001824,2024-04-07,payment,3790.21,financing
INV-001825,J-001825,2024-04-14,payment,378.75,ach
INV-001826,J-001826,2024-04-12,payment,2824.64,financing
INV-001827,J-001827,2024-03-19,payment,143.24,check
INV-001828,J-001828,2024-04-13,payment,3793.23,financing
INV-001828,J-001828,2024-07-15,refund,1255.1,card
INV-001829,J-001829,2024-05-12,payment,303.25,check
INV-001830,J-001830,2024-04-03,payment,4684.31,card
INV-001831,J-001831,2024-05-16,payment,2975.88,card
INV-001832,J-001832,2024-03-17,payment,257.2,card
INV-001833,J-001833,2024-03-18,payment,781.85,check
INV-001834,J-001834,2024-03-26,payment,688.92,financing
INV-001835,J-001835,2024-03-30,payment,4523.49,card
INV-001836,J-001836,2024-04-04,payment,138.42,financing
INV-001837,J-001837,2024-03-17,payment,5027.11,card
INV-001838,J-001838,2024-04-05,payment,391.27,card
INV-001839,J-001839,2024-04-15,payment,323.16,financing
INV-001840,J-001840,2024-03-17,payment,4544.71,financing
INV-001841,J-001841,2024-03-24,payment,467.33,card
INV-001842,J-001842,2024-03-24,payment,375.65,ach
INV-001843,J-001843,2024-03-20,payment,511.23,card
INV-001844,J-001844,2024-04-01,payment,247.87,card
INV-001845,J-001845,2024-05-09,payment,148.59,card
INV-001846,J-001846,2024-04-13,payment,3708.04,check
INV-001847,J-001847,2024-03-23,payment,184.82,ach
INV-001848,J-001848,2024-03-17,payment,417.41,card
INV-001849,J-001849,2024-04-03,payment,279.46,financing
INV-001850,J-001850,2024-03-25,payment,3047.27,card
INV-001851,J-001851,2024-03-28,payment,325.67,financing
INV-001852,J-001852,2024-03-19,payment,266.14,ach
INV-001853,J-001853,2024-03-19,payment,453.65,ach
INV-001854,J-001854,2024-03-28,payment,382.71,check
INV-001855,J-001855,2024-03-22,payment,257.65,card
INV-001856,J-001856,2024-03-26,payment,490.94,card
INV-001857,J-001857,2024-03-30,payment,223.81,card
INV-001858,J-001858,2024-03-20,payment,477.08,financing
INV-001859,J-001859,2024-03-28,payment,228.41,financing
INV-001860,J-001860,2024-03-21,payment,7045.33,financing
INV-001861,J-001861,2024-03-25,payment,379.78,check
INV-001862,J-001862,2024-04-05,payment,7335.88,ach
INV-001863,J-001863,2024-03-22,payment,302.29,check
INV-001864,J-001864,2024-03-20,payment,210.49,card
INV-001865,J-001865,2024-04-05,payment,585.0,check
INV-001866,J-001866,2024-03-29,payment,194.25,ach
INV-001867,J-001867,2024-03-29,payment,638.41,card
INV-001868,J-001868,2024-03-28,payment,492.07,financing
INV-001869,J-001869,2024-04-03,payment,289.4,ach
INV-001870,J-001870,2024-04-03,payment,181.88,check
INV-001870,J-001870,2024-04-26,refund,141.31,card
INV-001871,J-001871,2024-03-28,payment,630.77,ach
INV-001872,J-001872,2024-03-26,payment,225.34,card
INV-001873,J-001873,2024-03-25,payment,952.74,card
INV-001874,J-001874,2024-04-03,payment,326.64,card
INV-001875,J-001875,2024-03-27,payment,2652.79,card
INV-001876,J-001876,2024-03-30,payment,6717.13,check
INV-001877,J-001877,2024-04-03,payment,228.03,ach
INV-001878,J-001878,2024-03-25,payment,2746.9,card
INV-001879,J-001879,2024-04-04,payment,1649.65,check
INV-001880,J-001880,2024-04-04,payment,144.58,ach
INV-001881,J-001881,2024-03-30,payment,389.19,card
INV-001882,J-001882,2024-04-04,payment,1027.83,check
INV-001883,J-001883,2024-03-25,payment,764.44,card
INV-001884,J-001884,2024-03-26,payment,124.77,card
INV-001885,J-001885,2024-03-30,payment,673.19,financing
INV-001886,J-001886,2024-03-31,payment,189.77,card
INV-001886,J-001886,2024-04-10,refund,163.98,card
INV-001887,J-001887,2024-05-14,payment,358.29,card
INV-001888,J-001888,2024-04-02,payment,509.47,check
INV-001889,J-001889,2024-03-27,payment,179.24,card
INV-001890,J-001890,2024-03-26,payment,843.74,check
INV-001891,J-001891,2024-03-26,payment,572.88,card
INV-001892,J-001892,2024-03-31,payment,4255.37,card
INV-001893,J-001893,2024-04-03,payment,366.21,financing
INV-001894,J-001894,2024-03-29,payment,218.81,card
INV-001895,J-001895,2024-03-22,payment,454.31,card
INV-001896,J-001896,2024-03-28,payment,474.11,financing
INV-001897,J-001897,2024-04-03,payment,2293.06,ach
INV-001898,J-001898,2024-04-02,payment,360.96,card
INV-001899,J-001899,2024-03-27,payment,171.27,card
INV-001900,J-001900,2024-04-05,payment,285.44,check
INV-001901,J-001901,2024-04-15,payment,820.86,ach
INV-001902,J-001902,2024-04-04,payment,4357.68,card
INV-001903,J-001903,2024-04-13,payment,329.27,ach
INV-001904,J-001904,2024-03-30,payment,707.88,financing
INV-001905,J-001905,2024-04-01,payment,416.9,check
INV-001906,J-001906,2024-03-27,payment,447.82,financing
INV-001907,J-001907,2024-03-27,payment,222.92,card
INV-001908,J-001908,2024-03-31,payment,2876.82,card
INV-001909,J-001909,2024-04-01,payment,148.91,financing
INV-001910,J-001910,2024-04-08,payment,546.12,card
INV-001911,J-001911,2024-03-31,payment,799.49,card
INV-001912,J-001912,2024-04-17,payment,3272.74,card
INV-001913,J-001913,2024-03-27,payment,296.77,financing
INV-001914,J-001914,2024-03-30,payment,349.54,ach
INV-001915,J-001915,2024-04-13,payment,278.45,card
INV-001916,J-001916,2024-03-26,payment,349.71,card
INV-001917,J-001917,2024-03-25,payment,338.46,card
INV-001918,J-001918,2024-03-30,payment,705.18,card
INV-001919,J-001919,2024-03-27,payment,4695.72,check
INV-001920,J-001920,2024-03-28,payment,714.41,card
INV-001921,J-001921,2024-03-25,payment,366.02,financing
INV-001922,J-001922,2024-04-01,payment,3360.2,ach
INV-001923,J-001923,2024-03-31,payment,203.15,card
INV-001924,J-001924,2024-04-10,payment,4639.38,check
INV-001925,J-001925,2024-04-09,payment,279.87,financing
INV-001926,J-001926,2024-04-16,payment,320.83,card
INV-001927,J-001927,2024-03-28,payment,345.87,card
INV-001928,J-001928,2024-04-16,payment,396.46,financing
INV-001929,J-001929,2024-04-10,payment,408.08,ach
INV-001930,J-001930,2024-03-23,payment,4530.54,card
INV-001931,J-001931,2024-04-02,payment,3124.42,card
INV-001932,J-001932,2024-05-11,payment,294.83,financing
INV-001933,J-001933,2024-04-03,payment,4998.97,financing
INV-001934,J-001934,2024-04-06,payment,151.52,ach
INV-001935,J-001935,2024-04-01,payment,6340.27,financing
INV-001936,J-001936,2024-04-04,payment,407.7,check
INV-001937,J-001937,2024-03-25,payment,222.83,ach
INV-001938,J-001938,2024-04-15,payment,470.91,card
INV-001939,J-001939,2024-04-06,payment,3701.53,card
INV-001940,J-001940,2024-04-21,payment,192.18,card
INV-001941,J-001941,2024-04-26,payment,5088.23,card
INV-001941,J-001941,2024-06-13,refund,4678.38,card
INV-001942,J-001942,2024-03-28,payment,162.59,financing
INV-001943,J-001943,2024-05-19,payment,4991.19,financing
INV-001944,J-001944,2024-05-10,payment,4789.37,ach
INV-001945,J-001945,2024-07-02,payment,253.21,card
INV-001946,J-001946,2024-04-27,payment,3590.32,check
INV-001947,J-001947,2024-05-13,payment,3337.61,financing
INV-001948,J-001948,2024-04-17,payment,155.4,check
INV-001949,J-001949,2024-04-20,payment,4448.88,check
INV-001950,J-001950,2024-10-10,payment,6668.59,card
INV-001951,J-001951,2024-05-18,payment,3394.52,card
INV-001952,J-001952,2024-12-05,payment,5412.44,financing
INV-001953,J-001953,2024-07-20,payment,3325.06,ach
INV-001954,J-001954,2024-07-08,payment,5210.15,financing
INV-001955,J-001955,2024-08-31,payment,4222.46,ach
INV-001956,J-001956,2024-03-30,payment,393.49,card
INV-001957,J-001957,2024-03-24,payment,228.67,ach
INV-001958,J-001958,2024-03-28,payment,317.57,financing
INV-001959,J-001959,2024-03-27,payment,261.43,card
INV-001960,J-001960,2024-03-29,payment,767.01,financing
INV-001961,J-001961,2024-04-04,payment,490.53,card
INV-001962,J-001962,2024-03-22,payment,713.12,financing
INV-001963,J-001963,2024-03-30,payment,380.29,card
INV-001963,J-001963,2024-05-25,chargeback,353.25,card
INV-001964,J-001964,2024-03-28,payment,262.65,ach
INV-001965,J-001965,2024-03-26,payment,5692.42,financing
INV-001966,J-001966,2024-04-01,payment,593.17,ach
INV-001967,J-001967,2024-03-24,payment,339.89,financing
INV-001968,J-001968,2024-03-22,payment,262.71,ach
INV-001969,J-001969,2024-03-26,payment,296.0,card
INV-001970,J-001970,2024-03-27,payment,889.13,card
INV-001971,J-001971,2024-03-26,payment,708.27,card
INV-001972,J-001972,2024-03-26,payment,442.19,card
INV-001973,J-001973,2024-03-26,payment,369.12,card
INV-001974,J-001974,2024-03-28,payment,3093.36,card
INV-001975,J-001975,2024-04-05,payment,281.5,check
INV-001976,J-001976,2024-03-31,payment,214.41,financing
INV-001977,J-001977,2024-03-29,payment,529.18,card
INV-001978,J-001978,2024-03-29,payment,385.63,card
INV-001979,J-001979,2024-03-31,payment,199.82,ach
INV-001980,J-001980,2024-03-29,payment,280.31,financing
INV-001981,J-001981,2024-04-04,payment,886.61,card
INV-001982,J-001982,2024-03-27,payment,663.32,financing
INV-001983,J-001983,2024-03-30,payment,239.31,financing
INV-001984,J-001984,2024-03-25,payment,4330.72,card
INV-001985,J-001985,2024-03-29,payment,419.92,card
INV-001986,J-001986,2024-04-01,payment,517.9,financing
INV-001987,J-001987,2024-03-26,payment,325.99,card
INV-001988,J-001988,2024-03-28,payment,220.19,check
INV-001989,J-001989,2024-03-30,payment,384.59,card
INV-001990,J-001990,2024-03-21,payment,413.64,check
INV-001991,J-001991,2024-03-27,payment,271.21,card
INV-001992,J-001992,2024-04-12,payment,662.38,financing
INV-001993,J-001993,2024-03-25,payment,572.62,card
INV-001994,J-001994,2024-04-09,payment,344.22,check
INV-001995,J-001995,2024-04-01,payment,4032.66,card
INV-001996,J-001996,2024-03-24,payment,491.8,check
INV-001997,J-001997,2024-04-03,payment,4418.9,card
INV-001998,J-001998,2024-03-24,payment,215.87,card
INV-001999,J-001999,2024-03-30,payment,269.8,card
INV-002000,J-002000,2024-04-02,payment,1220.0,financing
INV-002001,J-002001,2024-03-31,payment,307.62,ach
INV-002002,J-002002,2024-03-24,payment,273.08,ach
INV-002003,J-002003,2024-04-03,payment,4690.88,card
INV-002004,J-002004,2024-04-23,payment,144.66,check
INV-002005,J-002005,2024-04-05,payment,4421.44,financing
INV-002006,J-002006,2024-03-31,payment,574.67,check
INV-002007,J-002007,2024-04-05,payment,2852.63,financing
INV-002008,J-002008,2024-04-22,payment,3353.05,ach
INV-002009,J-002009,2024-03-29,payment,3385.52,card
INV-002010,J-002010,2024-04-03,payment,4372.75,financing
INV-002011,J-002011,2024-04-03,payment,2946.84,ach
INV-002012,J-002012,2024-04-17,payment,451.17,card
INV-002013,J-002013,2024-04-01,payment,4318.23,financing
INV-002014,J-002014,2024-04-06,payment,5702.26,ach
INV-002015,J-002015,2024-04-14,payment,641.76,ach
INV-002016,J-002016,2024-04-10,payment,553.53,financing
INV-002017,J-002017,2024-03-26,payment,388.81,ach
INV-002017,J-002017,2024-06-25,refund,355.68,card
INV-002018,J-002018,2024-04-03,payment,622.35,check
INV-002019,J-002019,2024-03-25,payment,301.6,card
INV-002020,J-002020,2024-04-10,payment,341.18,ach
INV-002020,J-002020,2024-06-08,chargeback,133.07,card
INV-002021,J-002021,2024-04-06,payment,368.65,financing
INV-002022,J-002022,2024-03-28,payment,1034.01,check
INV-002023,J-002023,2024-03-25,payment,238.73,check
INV-002024,J-002024,2024-04-04,payment,220.24,ach
INV-002025,J-002025,2024-04-10,payment,134.51,card
INV-002026,J-002026,2024-03-25,payment,248.71,card
INV-002027,J-002027,2024-04-03,payment,477.76,ach
INV-002028,J-002028,2024-04-05,payment,510.89,check
INV-002028,J-002028,2024-05-15,refund,178.31,card
INV-002029,J-002029,2024-03-27,payment,202.16,financing
INV-002030,J-002030,2024-03-26,payment,225.32,check
INV-002031,J-002031,2024-03-25,payment,118.39,card
INV-002032,J-002032,2024-04-22,payment,385.6,financing
INV-002033,J-002033,2024-04-01,payment,297.36,financing
INV-002034,J-002034,2024-03-25,payment,482.9,card
INV-002035,J-002035,2024-04-02,payment,286.63,card
INV-002036,J-002036,2024-03-30,payment,4413.08,ach
INV-002037,J-002037,2024-03-29,payment,455.15,check
INV-002038,J-002038,2024-03-31,payment,4095.75,financing
INV-002039,J-002039,2024-03-31,payment,197.5,financing
INV-002040,J-002040,2024-03-30,payment,578.94,financing
INV-002041,J-002041,2024-04-09,payment,180.9,ach
INV-002042,J-002042,2024-04-25,payment,139.99,card
INV-002043,J-002043,2024-04-13,payment,5127.45,check
INV-002043,J-002043,2024-05-13,refund,3718.15,card
INV-002044,J-002044,2024-03-29,payment,5693.42,ach
INV-002045,J-002045,2024-03-25,payment,347.84,card
INV-002046,J-002046,2024-04-06,payment,3594.15,ach
INV-002047,J-002047,2024-04-01,payment,3302.02,financing
INV-002048,J-002048,2024-04-02,payment,140.94,card
INV-002049,J-002049,2024-04-04,payment,226.49,card
INV-002050,J-002050,2024-04-22,payment,263.52,card
INV-002051,J-002051,2024-04-11,payment,241.85,ach
INV-002052,J-002052,2024-04-02,payment,214.95,card
INV-002053,J-002053,2024-03-23,payment,261.01,financing
INV-002054,J-002054,2024-03-26,payment,6931.98,ach
INV-002055,J-002055,2024-04-20,payment,545.75,financing
INV-002056,J-002056,2024-04-03,payment,378.01,check
INV-002057,J-002057,2024-04-09,payment,849.02,check
INV-002058,J-002058,2024-03-30,payment,419.52,check
INV-002059,J-002059,2024-04-07,payment,292.9,financing
INV-002060,J-002060,2024-04-04,payment,190.1,card
INV-002061,J-002061,2024-04-13,payment,167.18,check
INV-002062,J-002062,2024-04-04,payment,337.75,ach
INV-002063,J-002063,2024-04-05,payment,192.5,ach
INV-002064,J-002064,2024-04-03,payment,416.63,ach
INV-002065,J-002065,2024-04-05,payment,241.5,card
INV-002066,J-002066,2024-04-01,payment,217.3,ach
INV-002067,J-002067,2024-04-09,payment,501.34,financing
INV-002067,J-002067,2024-05-14,refund,270.75,card
INV-002068,J-002068,2024-04-03,payment,253.63,card
INV-002069,J-002069,2024-04-02,payment,619.08,financing
INV-002070,J-002070,2024-04-01,payment,1194.42,financing
INV-002071,J-002071,2024-04-01,payment,9084.13,check
INV-002072,J-002072,2024-04-05,payment,178.24,card
INV-002073,J-002073,2024-04-07,payment,366.6,check
INV-002074,J-002074,2024-04-07,payment,301.55,card
INV-002075,J-002075,2024-03-31,payment,298.01,card
INV-002076,J-002076,2024-04-10,payment,210.94,card
INV-002077,J-002077,2024-03-30,payment,4902.17,card
INV-002078,J-002078,2024-04-09,payment,310.56,card
INV-002079,J-002079,2024-04-04,payment,144.37,ach
INV-002080,J-002080,2024-04-12,payment,258.16,card
INV-002081,J-002081,2024-04-19,payment,5760.82,ach
INV-002082,J-002082,2024-04-03,payment,210.1,card
INV-002083,J-002083,2024-03-29,payment,384.64,financing
INV-002084,J-002084,2024-04-11,payment,685.22,card
INV-002085,J-002085,2024-04-08,payment,283.95,ach
INV-002086,J-002086,2024-04-03,payment,279.07,ach
INV-002087,J-002087,2024-04-05,payment,3046.48,card
INV-002088,J-002088,2024-04-03,payment,460.51,card
INV-002089,J-002089,2024-04-06,payment,512.14,check
INV-002090,J-002090,2024-04-05,payment,117.07,check
INV-002091,J-002091,2024-04-09,payment,209.74,card
INV-002092,J-002092,2024-04-10,payment,114.86,check
INV-002093,J-002093,2024-04-05,payment,387.27,ach
INV-002094,J-002094,2024-04-11,payment,167.99,card
INV-002095,J-002095,2024-04-12,payment,530.91,card
INV-002096,J-002096,2024-04-01,payment,833.58,card
INV-002096,J-002096,2024-05-13,chargeback,310.0,card
INV-002097,J-002097,2024-04-03,payment,242.81,card
INV-002098,J-002098,2024-04-12,payment,180.34,financing
INV-002099,J-002099,2024-03-30,payment,415.67,ach
INV-002100,J-002100,2024-04-02,payment,4434.58,card
INV-002101,J-002101,2024-04-06,payment,580.63,card
INV-002102,J-002102,2024-04-11,payment,4143.2,check
INV-002103,J-002103,2024-04-04,payment,367.69,card
INV-002104,J-002104,2024-03-30,payment,554.46,card
INV-002105,J-002105,2024-04-07,payment,279.28,card
INV-002106,J-002106,2024-03-29,payment,3270.44,card
INV-002107,J-002107,2024-04-10,payment,2916.12,ach
INV-002108,J-002108,2024-04-03,payment,176.07,check
INV-002109,J-002109,2024-04-02,payment,1267.06,card
INV-002110,J-002110,2024-04-01,payment,6643.04,check
INV-002111,J-002111,2024-04-14,payment,4582.23,financing
INV-002112,J-002112,2024-04-06,payment,308.77,financing
INV-002113,J-002113,2024-05-30,payment,289.45,financing
INV-002114,J-002114,2024-04-02,payment,3732.29,card
INV-002115,J-002115,2024-03-31,payment,247.24,check
INV-002116,J-002116,2024-04-14,payment,3726.23,financing
INV-002117,J-002117,2024-04-15,payment,4368.11,ach
INV-002118,J-002118,2024-04-11,payment,364.82,financing
INV-002119,J-002119,2024-04-04,payment,3196.71,ach
INV-002120,J-002120,2024-04-07,payment,597.24,card
INV-002121,J-002121,2024-04-04,payment,4331.23,financing
INV-002122,J-002122,2024-04-10,payment,5280.93,card
INV-002123,J-002123,2024-04-15,payment,4807.59,card
INV-002124,J-002124,2024-04-26,payment,305.68,check
INV-002125,J-002125,2024-04-10,payment,324.66,financing
INV-002126,J-002126,2024-04-08,payment,169.73,ach
INV-002127,J-002127,2024-04-11,payment,4627.82,ach
INV-002128,J-002128,2024-12-31,payment,4422.21,financing
INV-002129,J-002129,2024-04-22,payment,4920.93,financing
INV-002130,J-002130,2024-05-16,payment,359.51,check
INV-002131,J-002131,2024-11-05,payment,6181.63,card
INV-002132,J-002132,2024-09-15,payment,3705.22,ach
INV-002133,J-002133,2024-04-22,payment,5714.21,ach
INV-002134,J-002134,2024-06-30,payment,4401.3,financing
INV-002135,J-002135,2024-12-26,payment,194.65,ach
INV-002136,J-002136,2024-04-17,payment,234.48,card
INV-002137,J-002137,2024-04-20,payment,595.46,check
INV-002138,J-002138,2024-04-28,payment,3481.23,financing
INV-002138,J-002138,2024-07-11,refund,2032.32,card
INV-002139,J-002139,2024-04-05,payment,207.51,ach
INV-002140,J-002140,2024-04-02,payment,402.89,card
INV-002141,J-002141,2024-04-07,payment,562.37,ach
INV-002142,J-002142,2024-03-31,payment,611.13,card
INV-002143,J-002143,2024-03-30,payment,252.59,financing
INV-002144,J-002144,2024-03-31,payment,384.32,ach
INV-002145,J-002145,2024-04-09,payment,3743.56,financing
INV-002146,J-002146,2024-04-01,payment,213.17,card
INV-002147,J-002147,2024-04-03,payment,191.71,check
INV-002148,J-002148,2024-04-12,payment,192.09,ach
INV-002149,J-002149,2024-03-30,payment,463.04,ach
INV-002150,J-002150,2024-04-08,payment,316.25,financing
INV-002151,J-002151,2024-04-02,payment,256.11,card
INV-002152,J-002152,2024-04-09,payment,514.92,card
INV-002153,J-002153,2024-04-07,payment,342.02,ach
INV-002154,J-002154,2024-04-04,payment,164.05,check
INV-002155,J-002155,2024-04-12,payment,736.2,card
INV-002156,J-002156,2024-04-04,payment,178.05,ach
INV-002157,J-002157,2024-04-09,payment,413.81,check
INV-002158,J-002158,2024-04-08,payment,455.73,ach
INV-002159,J-002159,2024-04-02,payment,459.09,check
INV-002160,J-002160,2024-04-07,payment,347.09,check
INV-002161,J-002161,2024-04-12,payment,212.24,card
INV-002162,J-002162,2024-04-10,payment,349.2,card
INV-002163,J-002163,2024-04-07,payment,339.22,check
INV-002164,J-002164,2024-04-05,payment,239.22,card
INV-002165,J-002165,2024-04-02,payment,813.97,ach
INV-002166,J-002166,2024-04-05,payment,245.64,card
INV-002167,J-002167,2024-04-18,payment,216.79,check
INV-002167,J-002167,2024-06-01,refund,93.78,card
INV-002168,J-002168,2024-04-04,payment,171.7,card
INV-002169,J-002169,2024-04-03,payment,6220.45,financing
INV-002170,J-002170,2024-04-01,payment,360.99,ach
INV-002171,J-002171,2024-04-10,payment,250.25,card
INV-002172,J-002172,2024-04-04,payment,155.74,ach
INV-002173,J-002173,2024-04-05,payment,597.56,card
INV-002174,J-002174,2024-04-04,payment,274.68,card
INV-002175,J-002175,2024-04-04,payment,324.81,check
INV-002176,J-002176,2024-04-06,payment,288.31,financing
INV-002177,J-002177,2024-04-01,payment,266.64,card
INV-002178,J-002178,2024-03-29,payment,541.76,financing
INV-002179,J-002179,2024-03-31,payment,975.61,check
INV-002180,J-002180,2024-03-31,payment,171.07,check
INV-002181,J-002181,2024-04-05,payment,470.54,check
INV-002182,J-002182,2024-04-08,payment,924.79,ach
INV-002183,J-002183,2024-03-31,payment,334.66,card
INV-002184,J-002184,2024-04-05,payment,1570.24,card
INV-002185,J-002185,2024-04-16,payment,718.25,card
INV-002186,J-002186,2024-03-30,payment,580.77,ach
INV-002187,J-002187,2024-04-07,payment,496.36,card
INV-002188,J-002188,2024-03-31,payment,156.31,card
INV-002189,J-002189,2024-03-28,payment,401.12,card
INV-002190,J-002190,2024-04-05,payment,449.25,card
INV-002191,J-002191,2024-04-03,payment,317.71,card
INV-002192,J-002192,2024-04-07,payment,723.87,check
INV-002193,J-002193,2024-04-15,payment,206.24,ach
INV-002194,J-002194,2024-06-07,payment,5056.57,card
INV-002195,J-002195,2024-04-06,payment,846.98,financing
INV-002195,J-002195,2024-05-19,refund,385.94,card
INV-002196,J-002196,2024-04-17,payment,4610.7,check
INV-002196,J-002196,2024-07-07,chargeback,3006.85,card
INV-002197,J-002197,2024-04-01,payment,4298.65,card
INV-002198,J-002198,2024-05-03,payment,4673.99,card
INV-002199,J-002199,2024-04-15,payment,247.22,ach
INV-002200,J-002200,2024-04-01,payment,243.44,card
INV-002201,J-002201,2024-03-31,payment,327.79,card
INV-002202,J-002202,2024-04-06,payment,412.83,ach
INV-002203,J-002203,2024-04-12,payment,299.39,check
INV-002204,J-002204,2024-04-07,payment,424.3,check
INV-002205,J-002205,2024-04-14,payment,728.98,financing
INV-002206,J-002206,2024-04-04,payment,198.65,ach
INV-002207,J-002207,2024-05-22,payment,363.49,check
INV-002208,J-002208,2024-04-08,payment,333.88,check
INV-002209,J-002209,2024-04-19,payment,467.73,card
INV-002210,J-002210,2024-04-07,payment,3957.93,financing
INV-002211,J-002211,2024-04-20,payment,677.01,card
INV-002212,J-002212,2024-04-15,payment,3367.57,card
INV-002213,J-002213,2024-04-07,payment,696.26,financing
INV-002214,J-002214,2024-03-31,payment,272.92,ach
INV-002215,J-002215,2024-04-06,payment,287.25,ach
INV-002216,J-002216,2024-04-23,payment,386.05,card
INV-002217,J-002217,2024-04-06,payment,167.85,card
INV-002218,J-002218,2024-04-24,payment,510.26,financing
INV-002219,J-002219,2024-04-06,payment,814.48,financing
INV-002220,J-002220,2024-04-09,payment,170.41,check
INV-002221,J-002221,2024-04-08,payment,4952.24,card
INV-002222,J-002222,2024-04-15,payment,1113.4,card
INV-002223,J-002223,2024-04-04,payment,3046.6,card
INV-002224,J-002224,2024-04-05,payment,293.14,financing
INV-002225,J-002225,2024-04-02,payment,334.92,check
INV-002226,J-002226,2024-04-09,payment,207.64,ach
INV-002227,J-002227,2024-04-20,payment,5932.75,card
INV-002228,J-002228,2024-05-06,payment,430.0,check
INV-002229,J-002229,2024-04-17,payment,4532.84,card
INV-002230,J-002230,2024-04-03,payment,220.7,financing
INV-002231,J-002231,2024-04-07,payment,439.56,check
INV-002232,J-002232,2024-04-16,payment,261.44,card
INV-002233,J-002233,2024-04-03,payment,366.36,financing
INV-002234,J-002234,2024-03-30,payment,622.53,card
INV-002235,J-002235,2024-04-05,payment,512.82,card
INV-002236,J-002236,2024-04-10,payment,269.3,ach
INV-002237,J-002237,2024-04-10,payment,397.47,card
INV-002238,J-002238,2024-04-06,payment,459.93,financing
INV-002239,J-002239,2024-04-06,payment,2891.26,card
INV-002240,J-002240,2024-04-10,payment,216.88,ach
INV-002241,J-002241,2024-04-09,payment,169.45,card
INV-002242,J-002242,2024-04-19,payment,774.42,financing
INV-002243,J-002243,2024-04-04,payment,212.44,financing
INV-002244,J-002244,2024-05-07,payment,551.03,financing
INV-002245,J-002245,2024-04-04,payment,5551.09,card
INV-002246,J-002246,2024-04-09,payment,358.66,check
INV-002247,J-002247,2024-04-16,payment,150.66,ach
INV-002248,J-002248,2024-04-06,payment,422.75,card
INV-002249,J-002249,2024-04-03,payment,301.23,financing
INV-002250,J-002250,2024-04-14,payment,5791.31,card
INV-002251,J-002251,2024-04-12,payment,360.17,ach
INV-002252,J-002252,2024-04-14,payment,117.02,card
INV-002253,J-002253,2024-04-10,payment,175.4,ach
INV-002254,J-002254,2024-04-11,payment,4365.63,check
INV-002255,J-002255,2024-04-09,payment,608.99,financing
INV-002256,J-002256,2024-04-16,payment,3924.9,card
INV-002257,J-002257,2024-04-12,payment,255.94,check
INV-002258,J-002258,2024-04-13,payment,288.44,financing
INV-002259,J-002259,2024-04-11,payment,255.09,card
INV-002260,J-002260,2024-04-13,payment,569.81,ach
INV-002261,J-002261,2024-04-06,payment,296.25,card
INV-002262,J-002262,2024-04-09,payment,260.72,check
INV-002263,J-002263,2024-04-09,payment,579.85,financing
INV-002264,J-002264,2024-04-11,payment,207.74,ach
INV-002265,J-002265,2024-04-05,payment,795.39,financing
INV-002266,J-002266,2024-04-12,payment,618.56,check
INV-002267,J-002267,2024-04-16,payment,1062.5,card
INV-002268,J-002268,2024-04-11,payment,259.04,card
INV-002269,J-002269,2024-04-12,payment,546.16,check
INV-002270,J-002270,2024-04-12,payment,352.87,check
INV-002271,J-002271,2024-04-20,payment,420.01,card
INV-002272,J-002272,2024-04-16,payment,506.01,financing
INV-002273,J-002273,2024-04-06,payment,125.98,financing
INV-002274,J-002274,2024-04-15,payment,372.03,ach
INV-002275,J-002275,2024-04-10,payment,619.54,card
INV-002276,J-002276,2024-04-11,payment,247.85,check
INV-002277,J-002277,2024-04-10,payment,504.51,card
INV-002278,J-002278,2024-04-15,payment,161.57,card
INV-002279,J-002279,2024-04-12,payment,370.95,card
INV-002280,J-002280,2024-04-10,payment,548.05,card
INV-002281,J-002281,2024-04-17,payment,3734.03,ach
INV-002282,J-002282,2024-04-13,payment,337.47,ach
INV-002283,J-002283,2024-04-11,payment,298.26,check
INV-002284,J-002284,2024-04-09,payment,540.89,check
INV-002285,J-002285,2024-04-16,payment,598.94,card
INV-002286,J-002286,2024-04-13,payment,255.12,check
INV-002287,J-002287,2024-04-18,payment,186.68,card
INV-002288,J-002288,2024-04-11,payment,133.03,card
INV-002289,J-002289,2024-04-17,payment,726.62,check
INV-002290,J-002290,2024-04-16,payment,197.32,card
INV-002291,J-002291,2024-04-14,payment,450.56,financing
INV-002292,J-002292,2024-04-11,payment,257.8,card
INV-002293,J-002293,2024-04-06,payment,753.39,card
INV-002294,J-002294,2024-04-08,payment,4392.53,check
INV-002295,J-002295,2024-04-14,payment,172.53,ach
INV-002296,J-002296,2024-04-13,payment,736.79,card
INV-002297,J-002297,2024-04-10,payment,599.3,financing
INV-002298,J-002298,2024-04-26,payment,248.66,financing
INV-002299,J-002299,2024-04-14,payment,4409.16,ach
INV-002300,J-002300,2024-04-05,payment,209.62,card
INV-002301,J-002301,2024-04-08,payment,446.74,financing
INV-002302,J-002302,2024-04-19,payment,243.21,financing
INV-002303,J-002303,2024-05-05,payment,5341.65,card
INV-002304,J-002304,2024-04-07,payment,178.9,ach
INV-002305,J-002305,2024-04-09,payment,761.78,check
INV-002306,J-002306,2024-04-23,payment,263.12,check
INV-002307,J-002307,2024-04-16,payment,4674.03,ach
INV-002308,J-002308,2024-04-23,payment,482.23,card
INV-002309,J-002309,2024-04-14,payment,366.13,ach
INV-002310,J-002310,2024-04-22,payment,238.96,financing
INV-002311,J-002311,2024-04-07,payment,262.77,financing
INV-002312,J-002312,2024-04-09,payment,5319.17,card
INV-002312,J-002312,2024-04-24,refund,3374.32,card
INV-002313,J-002313,2024-04-15,payment,424.6,card
INV-002314,J-002314,2024-04-17,payment,5523.8,card
INV-002315,J-002315,2024-04-12,payment,329.41,financing
INV-002316,J-002316,2024-04-15,payment,657.08,card
INV-002317,J-002317,2024-04-22,payment,350.62,check
INV-002318,J-002318,2024-04-16,payment,610.1,ach
INV-002319,J-002319,2024-04-12,payment,4700.72,ach
INV-002319,J-002319,2024-05-20,refund,4196.48,card
INV-002320,J-002320,2024-04-08,payment,2272.85,card
INV-002321,J-002321,2024-04-14,payment,5002.01,check
INV-002322,J-002322,2024-04-16,payment,262.39,card
INV-002323,J-002323,2024-04-16,payment,429.2,card
INV-002324,J-002324,2024-09-05,payment,175.47,ach
INV-002325,J-002325,2024-05-28,payment,4537.63,card
INV-002325,J-002325,2024-08-05,refund,1497.42,card
INV-002326,J-002326,2024-05-05,payment,2931.81,card
INV-002327,J-002327,2024-05-02,payment,178.45,card
INV-002328,J-002328,2024-05-25,payment,5280.99,ach
INV-002329,J-002329,2024-05-02,payment,3034.96,financing
INV-002330,J-002330,2024-05-04,payment,2776.24,ach
INV-002331,J-002331,2024-05-22,payment,5437.63,check
INV-002332,J-002332,2024-05-02,payment,2514.14,check
INV-002332,J-002332,2024-06-15,refund,1708.17,card
INV-002333,J-002333,2024-05-02,payment,172.27,financing
INV-002334,J-002334,2025-06-07,payment,302.29,financing
INV-002335,J-002335,2024-05-29,payment,4254.21,card
INV-002336,J-002336,2024-04-22,payment,5407.34,card
INV-002337,J-002337,2024-07-07,payment,4223.29,card
INV-002337,J-002337,2024-08-24,refund,4215.63,card
INV-002338,J-002338,2024-05-12,payment,3960.01,card
INV-002339,J-002339,2024-05-12,payment,3543.51,check
INV-002340,J-002340,2024-04-05,payment,201.88,financing
INV-002341,J-002341,2024-04-08,payment,608.24,card
INV-002342,J-002342,2024-04-05,payment,503.96,ach
INV-002343,J-002343,2024-04-23,payment,196.15,card
INV-002344,J-002344,2024-04-07,payment,353.37,ach
INV-002345,J-002345,2024-04-13,payment,249.84,card
INV-002346,J-002346,2024-04-16,payment,401.56,card
INV-002347,J-002347,2024-04-21,payment,192.55,financing
INV-002348,J-002348,2024-04-17,payment,614.34,ach
INV-002349,J-002349,2024-04-12,payment,123.58,ach
INV-002350,J-002350,2024-04-13,payment,711.89,ach
INV-002351,J-002351,2024-04-10,payment,498.97,card
INV-002352,J-002352,2024-04-10,payment,296.74,card
INV-002353,J-002353,2024-04-08,payment,357.6,card
INV-002354,J-002354,2024-04-11,payment,516.25,financing
INV-002355,J-002355,2024-04-08,payment,324.74,card
INV-002356,J-002356,2024-04-13,payment,445.88,card
INV-002357,J-002357,2024-04-09,payment,305.23,check
INV-002358,J-002358,2024-04-08,payment,731.72,card
INV-002359,J-002359,2024-04-08,payment,392.34,financing
INV-002360,J-002360,2024-04-15,payment,565.22,financing
INV-002361,J-002361,2024-04-06,payment,264.17,ach
INV-002362,J-002362,2024-04-23,payment,275.05,check
INV-002363,J-002363,2024-04-14,payment,593.81,card
INV-002364,J-002364,2024-04-11,payment,496.94,card
INV-002365,J-002365,2024-04-05,payment,276.09,ach
INV-002366,J-002366,2024-04-07,payment,530.25,card
INV-002367,J-002367,2024-04-09,payment,270.68,check
INV-002368,J-002368,2024-04-23,payment,101.03,ach
INV-002369,J-002369,2024-04-16,payment,342.77,check
INV-002370,J-002370,2024-04-09,payment,280.83,check
INV-002371,J-002371,2024-04-10,payment,840.48,card
INV-002372,J-002372,2024-04-07,payment,222.72,card
INV-002373,J-002373,2024-04-09,payment,636.4,financing
INV-002374,J-002374,2024-04-13,payment,5002.36,card
INV-002375,J-002375,2024-04-09,payment,458.21,ach
INV-002376,J-002376,2024-04-07,payment,279.4,card
INV-002377,J-002377,2024-04-13,payment,188.87,check
INV-002378,J-002378,2024-04-12,payment,529.66,ach
INV-002379,J-002379,2024-04-14,payment,204.29,card
INV-002380,J-002380,2024-04-05,payment,241.15,ach
INV-002381,J-002381,2024-04-09,payment,1081.13,financing
INV-002382,J-002382,2024-04-13,payment,383.03,card
INV-002383,J-002383,2024-04-08,payment,117.05,financing
INV-002384,J-002384,2024-04-13,payment,549.94,financing
INV-002385,J-002385,2024-04-19,payment,251.44,financing
INV-002386,J-002386,2024-04-18,payment,759.91,check
INV-002387,J-002387,2024-04-13,payment,421.73,card
INV-002388,J-002388,2024-04-16,payment,768.53,card
INV-002389,J-002389,2024-04-19,payment,285.56,check
INV-002390,J-002390,2024-04-08,payment,595.74,card
INV-002391,J-002391,2024-04-09,payment,290.67,card
INV-002392,J-002392,2024-04-09,payment,576.33,check
INV-002393,J-002393,2024-05-04,payment,4035.91,card
INV-002393,J-002393,2024-06-22,refund,2417.09,card
INV-002394,J-002394,2024-04-18,payment,464.07,card
INV-002395,J-002395,2024-04-13,payment,200.84,card
INV-002396,J-002396,2024-04-11,payment,5995.62,check
INV-002397,J-002397,2024-04-21,payment,5251.15,card
INV-002398,J-002398,2024-04-12,payment,3734.94,card
INV-002399,J-002399,2024-04-24,payment,3960.16,check
INV-002400,J-002400,2024-04-20,payment,5199.6,check
INV-002401,J-002401,2024-04-18,payment,268.96,card
INV-002402,J-002402,2024-06-07,payment,205.55,card
INV-002403,J-002403,2024-05-23,payment,4560.84,card
INV-002404,J-002404,2024-04-27,payment,120.27,card
INV-002405,J-002405,2024-05-02,payment,3402.35,financing
INV-002405,J-002405,2024-06-07,refund,2970.45,card
INV-002406,J-002406,2024-04-13,payment,189.1,financing
INV-002407,J-002407,2024-04-06,payment,3499.8,check
INV-002408,J-002408,2024-04-15,payment,741.74,financing
INV-002409,J-002409,2024-04-17,payment,153.82,ach
INV-002410,J-002410,2024-04-13,payment,3545.54,card
INV-002411,J-002411,2024-04-15,payment,4421.1,card
INV-002412,J-002412,2024-04-20,payment,339.53,card
INV-002413,J-002413,2024-04-11,payment,265.77,card
INV-002414,J-002414,2024-04-21,payment,4771.32,ach
INV-002414,J-002414,2024-05-02,refund,4639.05,card
INV-002415,J-002415,2024-04-14,payment,318.08,check
INV-002416,J-002416,2024-04-11,payment,174.69,card
INV-002417,J-002417,2024-04-09,payment,194.45,ach
INV-002418,J-002418,2024-04-13,payment,4500.29,financing
INV-002419,J-002419,2024-04-16,payment,192.62,card
INV-002420,J-002420,2024-04-27,payment,186.33,card
INV-002421,J-002421,2024-04-14,payment,278.08,card
INV-002422,J-002422,2024-04-16,payment,321.56,card
INV-002423,J-002423,2024-04-28,payment,3066.67,ach
INV-002424,J-002424,2024-05-03,payment,408.92,card
INV-002425,J-002425,2024-05-03,payment,172.63,financing
INV-002426,J-002426,2024-04-09,payment,379.77,card
INV-002427,J-002427,2024-04-10,payment,322.84,card
INV-002428,J-002428,2024-04-13,payment,4862.66,card
INV-002429,J-002429,2024-05-29,payment,395.6,ach
INV-002430,J-002430,2024-04-15,payment,327.12,check
INV-002431,J-002431,2024-04-11,payment,3846.28,financing
INV-002431,J-002431,2024-05-02,refund,2589.99,card
INV-002432,J-002432,2024-04-11,payment,299.73,financing
INV-002433,J-002433,2024-04-29,payment,134.54,card
INV-002434,J-002434,2024-04-10,payment,4768.58,financing
INV-002435,J-002435,2024-04-24,payment,4167.58,financing
INV-002436,J-002436,2024-04-19,payment,416.46,ach
INV-002437,J-002437,2024-04-17,payment,214.51,card
INV-002438,J-002438,2024-04-12,payment,287.45,card
INV-002439,J-002439,2024-04-10,payment,650.37,check
INV-002440,J-002440,2024-04-18,payment,4276.38,card
INV-002441,J-002441,2024-04-10,payment,514.6,card
INV-002442,J-002442,2024-04-23,payment,178.46,ach
INV-002443,J-002443,2024-04-17,payment,342.17,financing
INV-002444,J-002444,2024-04-06,payment,729.89,ach
INV-002445,J-002445,2024-04-11,payment,2864.14,ach
INV-002446,J-002446,2024-05-04,payment,216.0,financing
INV-002447,J-002447,2024-04-12,payment,275.2,card
INV-002448,J-002448,2024-04-06,payment,588.92,financing
INV-002449,J-002449,2024-04-14,payment,474.87,card
INV-002449,J-002449,2024-05-07,chargeback,265.46,card
INV-002450,J-002450,2024-04-06,payment,183.89,ach
INV-002451,J-002451,2024-04-06,payment,752.0,card
INV-002452,J-002452,2024-04-26,payment,155.2,card
INV-002453,J-002453,2024-04-17,payment,303.1,financing
INV-002454,J-002454,2024-04-15,payment,326.01,financing
INV-002455,J-002455,2024-04-18,payment,290.15,ach
INV-002456,J-002456,2024-04-24,payment,981.44,card
INV-002457,J-002457,2024-04-13,payment,328.76,ach
INV-002458,J-002458,2024-04-22,payment,278.49,check
INV-002459,J-002459,2024-04-22,payment,526.27,card
INV-002460,J-002460,2024-04-19,payment,190.96,card
INV-002461,J-002461,2024-04-23,payment,621.05,card
INV-002462,J-002462,2024-04-14,payment,6721.4,card
INV-002463,J-002463,2024-04-25,payment,428.55,card
INV-002464,J-002464,2024-04-23,payment,209.05,ach
INV-002465,J-002465,2024-04-15,payment,226.59,card
INV-002466,J-002466,2024-04-18,payment,192.91,ach
INV-002467,J-002467,2024-04-16,payment,196.84,financing
INV-002468,J-002468,2024-04-17,payment,551.83,card
INV-002469,J-002469,2024-04-22,payment,1088.38,card
INV-002470,J-002470,2024-04-18,payment,558.64,financing
INV-002471,J-002471,2024-04-15,payment,292.93,check
INV-002472,J-002472,2024-04-24,payment,557.75,card
INV-002473,J-002473,2024-04-19,payment,299.15,card
INV-002474,J-002474,2024-04-13,payment,265.68,card
INV-002475,J-002475,2024-04-15,payment,400.34,card
INV-002476,J-002476,2024-04-20,payment,350.57,card
INV-002477,J-002477,2024-04-20,payment,5114.64,ach
INV-002478,J-002478,2024-04-17,payment,3893.13,financing
INV-002479,J-002479,2024-04-14,payment,502.77,financing
INV-002480,J-002480,2024-04-17,payment,255.15,financing
INV-002481,J-002481,2024-04-26,payment,366.64,ach
INV-002482,J-002482,2024-04-16,payment,233.41,check
INV-002483,J-002483,2024-04-17,payment,283.23,check
INV-002484,J-002484,2024-04-20,payment,495.34,financing
INV-002485,J-002485,2024-04-27,payment,348.22,card
INV-002486,J-002486,2024-04-15,payment,495.31,ach
INV-002487,J-002487,2024-04-19,payment,230.16,card
INV-002488,J-002488,2024-04-15,payment,513.86,check
INV-002489,J-002489,2024-04-19,payment,4092.39,card
INV-002490,J-002490,2024-04-26,payment,341.77,card
INV-002491,J-002491,2024-04-11,payment,582.13,financing
INV-002492,J-002492,2024-04-19,payment,269.51,ach
INV-002493,J-002493,2024-04-27,payment,6263.54,card
INV-002494,J-002494,2024-04-20,payment,662.43,card
INV-002495,J-002495,2024-04-27,payment,280.48,card
INV-002496,J-002496,2024-04-19,payment,304.05,check
INV-002497,J-002497,2024-04-18,payment,361.38,financing
INV-002498,J-002498,2024-04-20,payment,480.78,card
INV-002499,J-002499,2024-04-18,payment,308.1,ach
INV-002500,J-002500,2024-04-17,payment,514.86,check
INV-002501,J-002501,2024-04-23,payment,200.75,ach
INV-002502,J-002502,2024-04-14,payment,697.67,card
INV-002503,J-002503,2024-04-22,payment,435.97,card
INV-002504,J-002504,2024-04-20,payment,549.99,ach
INV-002505,J-002505,2024-04-22,payment,432.58,financing
INV-002506,J-002506,2024-04-15,payment,5558.28,ach
INV-002507,J-002507,2024-05-27,payment,473.11,check
INV-002508,J-002508,2024-04-17,payment,4572.08,check
INV-002509,J-002509,2024-04-23,payment,4332.86,financing
INV-002509,J-002509,2024-06-28,refund,1493.11,card
INV-002510,J-002510,2024-04-22,payment,318.76,card
INV-002511,J-002511,2024-04-23,payment,409.3,check
INV-002512,J-002512,2024-05-02,payment,3500.23,check
INV-002513,J-002513,2024-04-17,payment,2748.37,financing
INV-002514,J-002514,2024-04-28,payment,394.49,ach
INV-002515,J-002515,2024-04-26,payment,231.89,card
INV-002516,J-002516,2024-05-01,payment,580.48,ach
INV-002517,J-002517,2024-04-28,payment,849.2,card
INV-002518,J-002518,2024-04-26,payment,576.67,card
INV-002519,J-002519,2024-05-06,payment,2998.34,card
INV-002520,J-002520,2024-05-04,payment,5476.79,card
INV-002521,J-002521,2024-05-14,payment,376.29,card
INV-002522,J-002522,2024-05-03,payment,6392.64,check
INV-002522,J-002522,2024-06-02,refund,3731.25,card
INV-002523,J-002523,2024-04-27,payment,592.81,card
INV-002524,J-002524,2024-05-06,payment,1280.42,check
INV-002525,J-002525,2024-05-04,payment,822.48,card
INV-002526,J-002526,2024-04-26,payment,107.91,financing
INV-002527,J-002527,2024-04-29,payment,484.12,card
INV-002528,J-002528,2024-04-25,payment,221.58,financing
INV-002529,J-002529,2024-08-05,payment,6043.74,card
INV-002530,J-002530,2024-06-11,payment,185.47,card
INV-002531,J-002531,2024-09-26,payment,4815.46,check
INV-002532,J-002532,2024-05-04,payment,264.97,card
INV-002533,J-002533,2024-06-28,payment,375.73,financing
INV-002534,J-002534,2024-04-30,payment,4570.27,card
INV-002535,J-002535,2024-04-21,payment,6253.52,card
INV-002536,J-002536,2024-05-30,payment,4404.83,financing
INV-002537,J-002537,2024-04-23,payment,5012.2,ach
INV-002538,J-002538,2024-06-13,payment,2522.06,check
INV-002539,J-002539,2024-05-08,payment,4896.68,ach
INV-002540,J-002540,2024-05-12,payment,4552.53,check
INV-002541,J-002541,2024-06-05,payment,3331.62,check
INV-002542,J-002542,2024-06-17,payment,6299.02,financing
INV-002543,J-002543,2024-06-03,payment,5106.11,check
INV-002544,J-002544,2024-06-11,payment,3064.91,card
INV-002545,J-002545,2024-12-27,payment,412.64,financing
INV-002546,J-002546,2024-05-05,payment,6179.45,card
INV-002547,J-002547,2024-05-13,payment,4948.2,card
INV-002548,J-002548,2024-05-15,payment,373.2,ach
INV-002549,J-002549,2024-07-12,payment,3770.47,card
INV-002550,J-002550,2024-07-18,payment,196.54,ach
INV-002551,J-002551,2024-04-15,payment,274.64,card
INV-002552,J-002552,2024-04-22,payment,163.29,financing
INV-002553,J-002553,2024-04-18,payment,190.44,card
INV-002554,J-002554,2024-04-13,payment,300.52,card
INV-002555,J-002555,2024-04-21,payment,686.26,card
INV-002556,J-002556,2024-04-12,payment,409.2,check
INV-002557,J-002557,2024-04-16,payment,149.87,financing
INV-002558,J-002558,2024-04-26,payment,430.24,financing
INV-002559,J-002559,2024-04-13,payment,157.71,ach
INV-002560,J-002560,2024-04-20,payment,172.94,card
INV-002561,J-002561,2024-04-28,payment,529.19,ach
INV-002562,J-002562,2024-04-16,payment,812.9,ach
INV-002563,J-002563,2024-04-22,payment,119.86,card
INV-002564,J-002564,2024-04-11,payment,220.67,ach
INV-002565,J-002565,2024-04-17,payment,686.02,check
INV-002566,J-002566,2024-04-22,payment,485.15,financing
INV-002567,J-002567,2024-04-18,payment,293.45,check
INV-002568,J-002568,2024-04-26,payment,632.03,card
INV-002569,J-002569,2024-04-10,payment,350.78,check
INV-002570,J-002570,2024-04-20,payment,298.09,card
INV-002571,J-002571,2024-04-12,payment,235.69,card
INV-002572,J-002572,2024-04-16,payment,728.16,ach
INV-002573,J-002573,2024-04-15,payment,364.67,check
INV-002574,J-002574,2024-05-01,payment,222.83,card
INV-002575,J-002575,2024-04-23,payment,297.52,card
INV-002576,J-002576,2024-04-21,payment,329.44,card
INV-002577,J-002577,2024-04-13,payment,639.98,ach
INV-002578,J-002578,2024-04-13,payment,304.48,card
INV-002579,J-002579,2024-04-20,payment,242.16,check
INV-002579,J-002579,2024-05-17,refund,116.79,card
INV-002580,J-002580,2024-04-14,payment,163.28,financing
INV-002581,J-002581,2024-04-20,payment,1493.4,check
INV-002582,J-002582,2024-04-21,payment,609.96,check
INV-002583,J-002583,2024-04-15,payment,1126.12,card
INV-002584,J-002584,2024-04-24,payment,490.98,card
INV-002585,J-002585,2024-04-15,payment,331.43,card
INV-002586,J-002586,2024-04-20,payment,281.16,financing
INV-002587,J-002587,2024-04-14,payment,1161.46,check
INV-002588,J-002588,2024-04-22,payment,226.39,card
INV-002589,J-002589,2024-04-18,payment,473.17,card
INV-002590,J-002590,2024-05-20,payment,3255.03,card
INV-002591,J-002591,2024-04-24,payment,228.81,card
INV-002592,J-002592,2024-05-07,payment,5573.62,ach
INV-002593,J-002593,2024-04-13,payment,5135.89,financing
INV-002594,J-002594,2024-05-12,payment,3699.25,check
INV-002595,J-002595,2024-05-17,payment,4390.74,check
INV-002596,J-002596,2024-05-31,payment,4072.57,card
INV-002597,J-002597,2024-09-18,payment,3419.6,ach
INV-002598,J-002598,2024-05-02,payment,438.6,financing
INV-002599,J-002599,2024-04-17,payment,3790.75,card
INV-002600,J-002600,2024-04-27,payment,392.15,card
INV-002601,J-002601,2024-05-09,payment,199.21,ach
INV-002602,J-002602,2024-04-28,payment,152.6,card
INV-002603,J-002603,2024-04-20,payment,182.9,card
INV-002604,J-002604,2024-05-15,payment,719.31,check
INV-002605,J-002605,2024-04-16,payment,479.05,check
INV-002606,J-002606,2024-04-15,payment,157.25,financing
INV-002607,J-002607,2024-04-20,payment,4793.71,check
INV-002607,J-002607,2024-07-21,refund,3683.65,card
INV-002608,J-002608,2024-04-28,payment,880.62,card
INV-002609,J-002609,2024-04-20,payment,4195.7,check
INV-002610,J-002610,2024-04-27,payment,243.39,card
INV-002611,J-002611,2024-04-18,payment,227.95,check
INV-002612,J-002612,2024-04-22,payment,214.47,financing
INV-002613,J-002613,2024-04-20,payment,194.56,check
INV-002614,J-002614,2024-04-22,payment,918.04,card
INV-002615,J-002615,2024-05-06,payment,258.83,card
INV-002616,J-002616,2024-04-19,payment,617.31,card
INV-002617,J-002617,2024-04-17,payment,517.54,financing
INV-002618,J-002618,2024-04-14,payment,293.67,financing
INV-002619,J-002619,2024-04-30,payment,306.42,ach
INV-002620,J-002620,2024-04-17,payment,322.66,ach
INV-002621,J-002621,2024-04-25,payment,153.41,ach
INV-002622,J-002622,2024-04-16,payment,154.67,ach
INV-002623,J-002623,2024-04-15,payment,226.95,card
INV-002624,J-002624,2024-05-06,payment,463.63,card
INV-002625,J-002625,2024-04-22,payment,841.77,financing
INV-002626,J-002626,2024-04-14,payment,2973.7,financing
INV-002627,J-002627,2024-04-17,payment,417.85,financing
INV-002628,J-002628,2024-05-01,payment,346.45,card
INV-002629,J-002629,2024-05-03,payment,278.83,card
INV-002630,J-002630,2024-04-24,payment,4140.77,financing
INV-002631,J-002631,2024-04-18,payment,193.42,card
INV-002632,J-002632,2024-04-22,payment,344.22,card
INV-002633,J-002633,2024-04-23,payment,448.55,card
INV-002634,J-002634,2024-04-16,payment,232.28,check
INV-002635,J-002635,2024-05-06,payment,294.92,financing
INV-002636,J-002636,2024-05-04,payment,451.01,check
INV-002637,J-002637,2024-04-20,payment,179.52,card
INV-002638,J-002638,2024-04-24,payment,169.15,ach
INV-002639,J-002639,2024-05-02,payment,481.36,financing
INV-002640,J-002640,2024-04-23,payment,487.83,ach
INV-002641,J-002641,2024-04-22,payment,639.27,card
INV-002642,J-002642,2024-04-17,payment,175.43,card
INV-002643,J-002643,2024-04-29,payment,299.78,ach
INV-002644,J-002644,2024-04-27,payment,492.0,card
INV-002645,J-002645,2024-04-22,payment,101.74,financing
INV-002646,J-002646,2024-05-09,payment,183.1,ach
INV-002647,J-002647,2024-04-20,payment,500.44,ach
INV-002648,J-002648,2024-04-28,payment,276.97,financing
INV-002649,J-002649,2024-04-21,payment,346.51,card
INV-002650,J-002650,2024-05-11,payment,179.75,check
INV-002651,J-002651,2024-05-01,payment,215.02,ach
INV-002652,J-002652,2024-04-22,payment,2993.02,card
INV-002653,J-002653,2024-04-29,payment,244.41,check
INV-002654,J-002654,2024-05-02,payment,395.68,card
INV-002655,J-002655,2024-04-26,payment,233.66,check
INV-002656,J-002656,2024-05-02,payment,481.48,card
INV-002657,J-002657,2024-04-22,payment,804.48,financing
INV-002658,J-002658,2024-05-01,payment,248.53,financing
INV-002659,J-002659,2024-04-28,payment,271.74,check
INV-002660,J-002660,2024-04-27,payment,714.99,card
INV-002661,J-002661,2024-04-21,payment,266.38,check
INV-002662,J-002662,2024-04-26,payment,3801.59,ach
INV-002663,J-002663,2024-04-21,payment,384.36,ach
INV-002664,J-002664,2024-05-01,payment,592.56,card
INV-002665,J-002665,2024-04-28,payment,178.53,check
INV-002666,J-002666,2024-04-28,payment,509.39,check
INV-002667,J-002667,2024-04-26,payment,407.65,card
INV-002668,J-002668,2024-04-29,payment,481.75,financing
INV-002669,J-002669,2024-05-05,payment,306.0,card
INV-002670,J-002670,2024-04-22,payment,336.71,card
INV-002671,J-002671,2024-04-27,payment,200.0,card
INV-002672,J-002672,2024-04-27,payment,511.07,ach
INV-002673,J-002673,2024-05-02,payment,552.87,financing
INV-002674,J-002674,2024-05-13,payment,3713.3,card
INV-002675,J-002675,2024-04-24,payment,498.99,financing
INV-002676,J-002676,2024-04-30,payment,206.85,financing
INV-002677,J-002677,2024-05-10,payment,299.61,ach
INV-002678,J-002678,2024-04-25,payment,448.54,card
INV-002679,J-002679,2024-05-08,payment,1120.3,check
INV-002680,J-002680,2024-04-18,payment,367.53,card
INV-002681,J-002681,2024-04-26,payment,259.94,card
INV-002682,J-002682,2024-04-28,payment,115.99,ach
INV-002683,J-002683,2024-04-27,payment,246.35,card
INV-002684,J-002684,2024-04-25,payment,561.66,financing
INV-002685,J-002685,2024-04-28,payment,4164.41,financing
INV-002686,J-002686,2024-04-27,payment,202.34,ach
INV-002687,J-002687,2024-04-20,payment,456.62,financing
INV-002688,J-002688,2024-04-24,payment,286.33,card
INV-002689,J-002689,2024-05-10,payment,177.79,card
INV-002689,J-002689,2024-06-22,refund,61.55,card
INV-002690,J-002690,2024-04-29,payment,135.37,card
INV-002691,J-002691,2024-04-27,payment,8890.05,financing
INV-002692,J-002692,2024-04-23,payment,292.36,card
INV-002693,J-002693,2024-04-22,payment,584.77,card
INV-002694,J-002694,2024-04-27,payment,232.57,card
INV-002695,J-002695,2024-04-21,payment,257.12,check
INV-002696,J-002696,2024-04-28,payment,4571.45,card
INV-002697,J-002697,2024-04-29,payment,211.22,check
INV-002698,J-002698,2024-06-24,payment,341.68,check
INV-002699,J-002699,2024-04-25,payment,3703.68,financing
INV-002700,J-002700,2024-05-21,payment,289.03,card
INV-002701,J-002701,2024-05-06,payment,394.82,financing
INV-002702,J-002702,2024-04-28,payment,176.94,financing
INV-002703,J-002703,2024-04-26,payment,445.59,card
INV-002704,J-002704,2024-05-01,payment,357.97,card
INV-002705,J-002705,2024-04-26,payment,191.46,check
INV-002706,J-002706,2024-04-22,payment,467.15,card
INV-002707,J-002707,2024-04-30,payment,521.95,check
INV-002708,J-002708,2024-05-05,payment,98.86,check
INV-002709,J-002709,2024-05-10,payment,3936.4,card
INV-002710,J-002710,2024-04-23,payment,3604.69,financing
INV-002711,J-002711,2024-05-02,payment,315.62,ach
INV-002712,J-002712,2024-05-13,payment,477.2,card
INV-002713,J-002713,2024-04-28,payment,204.88,card
INV-002714,J-002714,2024-05-08,payment,3540.74,financing
INV-002715,J-002715,2024-04-22,payment,282.04,financing
INV-002716,J-002716,2024-04-28,payment,1567.74,check
INV-002717,J-002717,2024-05-08,payment,6115.12,card
INV-002718,J-002718,2024-05-03,payment,335.85,card
INV-002719,J-002719,2024-04-27,payment,3629.82,ach
INV-002720,J-002720,2024-05-11,payment,5387.43,card
INV-002721,J-002721,2024-05-23,payment,313.09,card
INV-002722,J-002722,2024-05-05,payment,157.61,ach
INV-002722,J-002722,2024-05-21,refund,112.15,card
INV-002723,J-002723,2024-04-23,payment,277.4,financing
INV-002724,J-002724,2024-04-28,payment,583.42,card
INV-002725,J-002725,2024-05-02,payment,327.9,check
INV-002726,J-002726,2024-05-04,payment,338.31,card
INV-002727,J-002727,2024-05-02,payment,171.25,ach
INV-002728,J-002728,2024-05-16,payment,582.62,card
INV-002729,J-002729,2024-05-01,payment,269.2,financing
INV-002730,J-002730,2024-04-27,payment,278.42,financing
INV-002731,J-002731,2024-05-07,payment,216.89,financing
INV-002732,J-002732,2024-08-14,payment,2358.27,financing
INV-002733,J-002733,2024-05-16,payment,357.42,card
INV-002734,J-002734,2024-05-06,payment,216.41,check
INV-002735,J-002735,2024-05-21,payment,1693.61,check
INV-002736,J-002736,2024-05-28,payment,3615.03,card
INV-002737,J-002737,2024-05-06,payment,288.51,financing
INV-002738,J-002738,2024-05-16,payment,4285.47,card
INV-002739,J-002739,2024-06-03,payment,5371.01,ach
INV-002740,J-002740,2024-05-05,payment,7050.71,ach
INV-002741,J-002741,2024-08-18,payment,5250.14,financing
INV-002742,J-002742,2024-07-28,payment,2997.93,check
INV-002743,J-002743,2024-06-17,payment,4208.78,card
INV-002744,J-002744,2024-05-28,payment,2857.07,financing
INV-002745,J-002745,2025-02-27,payment,3371.94,card
INV-002746,J-002746,2024-05-05,payment,3641.33,card
INV-002747,J-002747,2024-04-29,payment,308.17,card
INV-002748,J-002748,2024-05-28,payment,158.58,card
INV-002749,J-002749,2024-05-02,payment,451.62,financing
INV-002750,J-002750,2024-04-22,payment,399.81,ach
INV-002751,J-002751,2024-04-24,payment,569.44,ach
INV-002752,J-002752,2024-04-23,payment,322.11,card
INV-002753,J-002753,2024-04-25,payment,318.8,financing
INV-002754,J-002754,2024-04-23,payment,377.9,check
INV-002755,J-002755,2024-04-27,payment,568.19,ach
INV-002756,J-002756,2024-04-25,payment,266.36,card
INV-002757,J-002757,2024-04-24,payment,281.41,financing
INV-002758,J-002758,2024-04-26,payment,362.53,card
INV-002759,J-002759,2024-04-25,payment,480.44,card
INV-002760,J-002760,2024-04-24,payment,349.41,financing
INV-002761,J-002761,2024-04-29,payment,233.77,financing
INV-002762,J-002762,2024-04-21,payment,284.17,ach
INV-002763,J-002763,2024-04-25,payment,328.0,card
INV-002764,J-002764,2024-04-22,payment,310.47,card
INV-002765,J-002765,2024-04-19,payment,201.53,card
INV-002766,J-002766,2024-05-21,payment,213.52,card
INV-002767,J-002767,2024-04-30,payment,653.23,check
INV-002768,J-002768,2024-04-26,payment,272.83,check
INV-002769,J-002769,2024-04-26,payment,252.36,card
INV-002770,J-002770,2024-04-25,payment,324.21,ach
INV-002771,J-002771,2024-04-23,payment,271.55,card
INV-002772,J-002772,2024-04-26,payment,334.3,ach
INV-002773,J-002773,2024-05-16,payment,415.65,check
INV-002774,J-002774,2024-04-24,payment,417.42,card
INV-002775,J-002775,2024-05-29,payment,2778.48,card
INV-002776,J-002776,2024-04-28,payment,319.08,card
INV-002777,J-002777,2024-04-26,payment,543.95,card
INV-002778,J-002778,2024-04-26,payment,521.89,check
INV-002779,J-002779,2024-04-25,payment,2724.58,financing
INV-002780,J-002780,2024-04-23,payment,209.41,ach
INV-002780,J-002780,2024-05-09,chargeback,201.65,card
INV-002781,J-002781,2024-04-26,payment,493.17,check
INV-002782,J-002782,2024-04-23,payment,176.17,financing
INV-002783,J-002783,2024-04-23,payment,243.22,financing
INV-002784,J-002784,2024-04-19,payment,617.26,card
INV-002785,J-002785,2024-04-27,payment,468.03,card
INV-002786,J-002786,2024-04-24,payment,3096.18,financing
INV-002787,J-002787,2024-04-29,payment,457.65,card
INV-002788,J-002788,2024-05-05,payment,4246.01,check
INV-002788,J-002788,2024-05-17,refund,2187.76,card
INV-002789,J-002789,2024-05-10,payment,4419.57,ach
INV-002790,J-002790,2024-05-10,payment,688.44,check
INV-002791,J-002791,2024-05-01,payment,6325.35,card
INV-002792,J-002792,2024-05-04,payment,321.88,financing
INV-002792,J-002792,2024-07-22,chargeback,149.36,card
INV-002793,J-002793,2024-04-28,payment,3833.45,check
INV-002794,J-002794,2024-04-26,payment,305.14,card
INV-002795,J-002795,2024-04-25,payment,229.98,card
INV-002796,J-002796,2024-04-26,payment,210.69,card
INV-002797,J-002797,2024-04-29,payment,424.59,card
INV-002798,J-002798,2024-04-25,payment,4635.48,card
INV-002799,J-002799,2024-04-27,payment,213.36,financing
INV-002800,J-002800,2024-05-02,payment,194.0,financing
INV-002801,J-002801,2024-04-24,payment,194.54,card
INV-002802,J-002802,2024-05-06,payment,440.87,card
INV-002803,J-002803,2024-04-23,payment,242.45,check
INV-002804,J-002804,2024-05-21,payment,121.59,card
INV-002805,J-002805,2024-04-28,payment,101.08,ach
INV-002806,J-002806,2024-05-10,payment,727.71,ach
INV-002807,J-002807,2024-04-29,payment,684.68,check
INV-002808,J-002808,2024-04-19,payment,444.39,card
INV-002809,J-002809,2024-04-23,payment,221.14,ach
INV-002810,J-002810,2024-04-22,payment,220.8,ach
INV-002811,J-002811,2024-04-29,payment,456.48,ach
INV-002812,J-002812,2024-04-30,payment,4093.63,card
INV-002813,J-002813,2024-05-04,payment,437.43,card
INV-002814,J-002814,2024-04-23,payment,3457.27,ach
INV-002815,J-002815,2024-05-07,payment,241.09,ach
INV-002816,J-002816,2024-04-26,payment,3762.96,card
INV-002816,J-002816,2024-06-14,refund,2010.97,card
INV-002817,J-002817,2024-04-28,payment,609.25,financing
INV-002818,J-002818,2024-05-01,payment,632.82,check
INV-002819,J-002819,2024-05-07,payment,317.82,card
INV-002820,J-002820,2024-06-06,payment,249.25,card
INV-002821,J-002821,2024-05-06,payment,691.54,card
INV-002822,J-002822,2024-05-07,payment,161.09,card
INV-002823,J-002823,2024-04-27,payment,445.9,card
INV-002824,J-002824,2024-05-10,payment,455.19,card
INV-002825,J-002825,2024-04-29,payment,370.81,card
INV-002826,J-002826,2024-05-19,payment,286.72,card
INV-002827,J-002827,2024-05-05,payment,119.18,check
INV-002828,J-002828,2024-04-29,payment,776.71,ach
INV-002829,J-002829,2024-05-02,payment,212.25,card
INV-002830,J-002830,2024-04-23,payment,440.78,financing
INV-002831,J-002831,2024-04-29,payment,4694.1,check
INV-002832,J-002832,2024-05-08,payment,200.15,card
INV-002833,J-002833,2024-04-25,payment,1389.03,financing
INV-002834,J-002834,2024-06-01,payment,207.05,financing
INV-002835,J-002835,2024-06-03,payment,427.03,financing
INV-002836,J-002836,2024-04-21,payment,161.0,check
INV-002837,J-002837,2024-04-27,payment,4649.4,financing
INV-002838,J-002838,2024-04-29,payment,336.04,financing
INV-002839,J-002839,2024-04-26,payment,253.02,card
INV-002840,J-002840,2024-04-27,payment,206.26,ach
INV-002841,J-002841,2024-04-29,payment,396.68,ach
INV-002842,J-002842,2024-04-21,payment,153.84,card
INV-002843,J-002843,2024-04-26,payment,498.56,card
INV-002844,J-002844,2024-04-22,payment,179.54,card
INV-002845,J-002845,2024-05-11,payment,686.29,check
INV-002846,J-002846,2024-04-23,payment,239.66,check
INV-002847,J-002847,2024-04-26,payment,544.08,ach
INV-002848,J-002848,2024-04-23,payment,225.16,financing
INV-002849,J-002849,2024-05-04,payment,284.26,card
INV-002850,J-002850,2024-04-28,payment,365.79,card
INV-002851,J-002851,2024-05-07,payment,297.84,financing
INV-002852,J-002852,2024-05-05,payment,380.81,card
INV-002853,J-002853,2024-05-03,payment,369.37,financing
INV-002854,J-002854,2024-04-30,payment,3949.75,ach
INV-002855,J-002855,2024-04-22,payment,187.87,ach
INV-002856,J-002856,2024-05-06,payment,303.55,check
INV-002857,J-002857,2024-05-10,payment,4070.93,card
INV-002857,J-002857,2024-08-24,refund,2136.1,card
INV-002858,J-002858,2024-05-06,payment,263.96,check
INV-002859,J-002859,2024-04-26,payment,922.16,ach
INV-002860,J-002860,2024-05-02,payment,223.63,financing
INV-002861,J-002861,2024-04-29,payment,349.19,check
INV-002862,J-002862,2024-05-03,payment,234.0,ach
INV-002863,J-002863,2024-05-01,payment,393.6,card
INV-002864,J-002864,2024-05-01,payment,153.8,financing
INV-002865,J-002865,2024-05-04,payment,208.49,card
INV-002866,J-002866,2024-05-02,payment,305.72,ach
INV-002867,J-002867,2024-05-04,payment,226.19,check
INV-002868,J-002868,2024-05-10,payment,247.84,ach
INV-002869,J-002869,2024-05-05,payment,1137.63,check
INV-002870,J-002870,2024-05-01,payment,3125.74,card
INV-002871,J-002871,2024-05-05,payment,3785.08,check
INV-002872,J-002872,2024-05-06,payment,181.04,financing
INV-002873,J-002873,2024-05-08,payment,407.97,card
INV-002874,J-002874,2024-04-28,payment,111.07,check
INV-002875,J-002875,2024-05-09,payment,268.43,check
INV-002876,J-002876,2024-05-02,payment,366.38,check
INV-002877,J-002877,2024-05-04,payment,277.83,card
INV-002878,J-002878,2024-04-29,payment,228.25,card
INV-002879,J-002879,2024-04-30,payment,492.92,ach
INV-002880,J-002880,2024-05-05,payment,323.14,check
INV-002881,J-002881,2024-05-04,payment,253.03,card
INV-002882,J-002882,2024-05-03,payment,446.76,check
INV-002883,J-002883,2024-04-28,payment,954.97,ach
INV-002884,J-002884,2024-05-01,payment,597.77,financing
INV-002885,J-002885,2024-04-30,payment,543.04,financing
INV-002886,J-002886,2024-05-10,payment,477.41,card
INV-002887,J-002887,2024-05-04,payment,1324.39,card
INV-002888,J-002888,2024-05-06,payment,116.11,card
INV-002889,J-002889,2024-05-06,payment,587.01,check
INV-002889,J-002889,2024-07-10,refund,343.17,card
INV-002890,J-002890,2024-05-03,payment,270.47,financing
INV-002891,J-002891,2024-05-13,payment,377.96,card
INV-002892,J-002892,2024-05-04,payment,4306.85,card
INV-002893,J-002893,2024-05-05,payment,372.24,financing
INV-002894,J-002894,2024-04-28,payment,180.0,card
INV-002895,J-002895,2024-05-05,payment,549.76,financing
INV-002896,J-002896,2024-04-30,payment,528.07,check
INV-002897,J-002897,2024-04-29,payment,149.39,card
INV-002898,J-002898,2024-05-06,payment,170.31,check
INV-002899,J-002899,2024-05-01,payment,5778.67,financing
INV-002900,J-002900,2024-05-11,payment,618.3,card
INV-002901,J-002901,2024-05-08,payment,171.34,financing
INV-002902,J-002902,2024-04-28,payment,282.01,card
INV-002903,J-002903,2024-05-03,payment,463.17,card
INV-002903,J-002903,2024-07-20,refund,325.29,card
INV-002904,J-002904,2024-05-07,payment,162.75,card
INV-002905,J-002905,2024-05-06,payment,358.16,financing
INV-002906,J-002906,2024-04-26,payment,503.65,card
INV-002907,J-002907,2024-05-17,payment,526.65,ach
INV-002908,J-002908,2024-08-14,payment,225.94,check
INV-002909,J-002909,2024-05-02,payment,2546.61,check
INV-002910,J-002910,2024-05-12,payment,439.35,check
INV-002911,J-002911,2024-05-01,payment,2046.76,ach
INV-002912,J-002912,2024-04-25,payment,7231.18,card
INV-002913,J-002913,2024-05-05,payment,153.68,card
INV-002914,J-002914,2024-05-11,payment,204.17,ach
INV-002915,J-002915,2024-05-25,payment,456.21,ach
INV-002916,J-002916,2024-04-29,payment,160.68,card
INV-002917,J-002917,2024-05-15,payment,594.46,financing
INV-002918,J-002918,2024-05-09,payment,300.77,card
INV-002919,J-002919,2024-05-13,payment,272.23,card
INV-002920,J-002920,2024-05-04,payment,157.84,card
INV-002921,J-002921,2024-05-06,payment,4312.71,card
INV-002921,J-002921,2024-06-20,chargeback,1670.72,card
INV-002922,J-002922,2024-05-02,payment,331.61,check
INV-002923,J-002923,2024-06-01,payment,341.33,card
INV-002924,J-002924,2024-05-02,payment,3552.0,card
INV-002925,J-002925,2024-05-05,payment,5908.16,check
INV-002926,J-002926,2024-05-11,payment,2772.37,financing
INV-002927,J-002927,2024-05-02,payment,3822.03,ach
INV-002927,J-002927,2024-11-15,refund,2661.03,card
INV-002928,J-002928,2024-05-21,payment,145.03,card
INV-002929,J-002929,2024-05-16,payment,157.5,check
INV-002930,J-002930,2024-05-04,payment,586.93,card
INV-002931,J-002931,2024-05-16,payment,481.93,check
INV-002932,J-002932,2024-04-25,payment,395.55,card
INV-002933,J-002933,2024-05-05,payment,4869.29,financing
INV-002934,J-002934,2024-05-17,payment,765.06,check
INV-002935,J-002935,2024-05-31,payment,239.37,card
INV-002936,J-002936,2024-05-13,payment,5671.91,ach
INV-002937,J-002937,2024-05-04,payment,237.3,check
INV-002938,J-002938,2024-05-17,payment,3580.76,ach
INV-002939,J-002939,2024-05-16,payment,4288.57,check
INV-002939,J-002939,2024-08-23,refund,4174.3,card
INV-002940,J-002940,2024-08-07,payment,3776.41,card
INV-002941,J-002941,2024-05-13,payment,3486.26,card
INV-002942,J-002942,2024-06-01,payment,5015.07,card
INV-002943,J-002943,2024-10-01,payment,3597.54,ach
INV-002944,J-002944,2024-06-20,payment,701.3,financing
INV-002945,J-002945,2024-08-02,payment,272.23,check
INV-002945,J-002945,2024-10-08,refund,169.39,card
INV-002946,J-002946,2024-06-19,payment,3780.53,check
INV-002947,J-002947,2024-06-25,payment,3682.58,ach
INV-002948,J-002948,2024-09-03,payment,2355.19,card
INV-002949,J-002949,2024-05-13,payment,3648.97,financing
INV-002950,J-002950,2024-05-26,payment,3693.56,card
INV-002950,J-002950,2024-10-30,refund,2606.55,card
INV-002951,J-002951,2024-07-04,payment,4143.74,ach
INV-002952,J-002952,2024-05-14,payment,2353.59,ach
INV-002953,J-002953,2024-06-29,payment,144.51,financing
INV-002954,J-002954,2024-06-30,payment,4229.04,card
INV-002954,J-002954,2024-08-26,refund,3497.85,card
INV-002955,J-002955,2024-07-03,payment,2780.19,check
INV-002956,J-002956,2024-07-20,payment,4752.64,ach
INV-002956,J-002956,2024-09-15,chargeback,1672.43,card
INV-002957,J-002957,2024-05-20,payment,3233.79,ach
INV-002958,J-002958,2024-05-04,payment,506.27,check
INV-002959,J-002959,2024-05-02,payment,174.41,card
INV-002960,J-002960,2024-05-01,payment,240.29,card
INV-002961,J-002961,2024-05-09,payment,132.28,card
INV-002962,J-002962,2024-05-03,payment,441.63,financing
INV-002963,J-002963,2024-05-03,payment,573.35,financing
INV-002964,J-002964,2024-04-28,payment,559.66,financing
INV-002965,J-002965,2024-05-07,payment,360.56,ach
INV-002966,J-002966,2024-04-27,payment,207.91,card
INV-002967,J-002967,2024-05-11,payment,232.19,ach
INV-002968,J-002968,2024-05-06,payment,907.42,card
INV-002969,J-002969,2024-04-24,payment,531.07,ach
INV-002970,J-002970,2024-05-01,payment,452.01,ach
INV-002971,J-002971,2024-04-29,payment,183.46,card
INV-002972,J-002972,2024-05-01,payment,295.99,ach
INV-002973,J-002973,2024-05-05,payment,461.46,ach
INV-002974,J-002974,2024-04-28,payment,370.77,check
INV-002975,J-002975,2024-04-29,payment,618.59,card
INV-002976,J-002976,2024-04-26,payment,177.76,check
INV-002977,J-002977,2024-04-30,payment,441.62,card
INV-002978,J-002978,2024-05-06,payment,464.02,ach
INV-002979,J-002979,2024-05-03,payment,202.38,card
INV-002980,J-002980,2024-05-05,payment,385.34,card
INV-002981,J-002981,2024-04-28,payment,406.23,ach
INV-002982,J-002982,2024-05-03,payment,294.82,ach
INV-002983,J-002983,2024-05-04,payment,528.06,card
INV-002984,J-002984,2024-05-04,payment,910.93,card
INV-002985,J-002985,2024-04-29,payment,408.56,card
INV-002986,J-002986,2024-05-09,payment,445.35,card
INV-002987,J-002987,2024-05-10,payment,333.79,ach
INV-002988,J-002988,2024-05-03,payment,596.76,ach
INV-002989,J-002989,2024-05-15,payment,352.03,financing
INV-002990,J-002990,2024-05-07,payment,385.06,ach
INV-002991,J-002991,2024-05-10,payment,275.62,ach
INV-002992,J-002992,2024-04-30,payment,486.48,financing
INV-002993,J-002993,2024-04-27,payment,169.35,card
INV-002994,J-002994,2024-05-01,payment,511.92,ach
INV-002995,J-002995,2024-05-09,payment,257.12,financing
INV-002996,J-002996,2024-05-06,payment,1207.53,check
INV-002997,J-002997,2024-05-03,payment,453.08,card
INV-002998,J-002998,2024-05-08,payment,454.6,check
INV-002999,J-002999,2024-05-14,payment,530.06,check
INV-003000,J-003000,2024-05-01,payment,557.52,card
INV-003001,J-003001,2024-04-29,payment,508.59,ach
INV-003002,J-003002,2024-05-05,payment,367.61,check
INV-003003,J-003003,2024-05-05,payment,574.89,card
INV-003004,J-003004,2024-05-03,payment,250.34,card
INV-003005,J-003005,2024-05-05,payment,489.86,ach
INV-003006,J-003006,2024-04-28,payment,4087.63,card
INV-003007,J-003007,2024-05-11,payment,5061.37,card
INV-003008,J-003008,2024-05-14,payment,249.99,card
INV-003009,J-003009,2024-05-05,payment,5507.36,ach
INV-003010,J-003010,2024-05-29,payment,5009.06,card
INV-003011,J-003011,2024-05-16,payment,479.53,financing
INV-003012,J-003012,2024-05-05,payment,865.46,card
INV-003013,J-003013,2024-05-20,payment,173.28,financing
INV-003014,J-003014,2024-05-01,payment,3134.59,check
INV-003015,J-003015,2024-05-04,payment,3713.76,card
INV-003016,J-003016,2024-05-12,payment,4311.06,check
INV-003017,J-003017,2024-05-10,payment,3565.37,card
INV-003018,J-003018,2024-05-29,payment,3074.36,check
INV-003019,J-003019,2024-05-02,payment,5319.66,financing
INV-003020,J-003020,2024-05-16,payment,3316.81,check
INV-003021,J-003021,2024-05-30,payment,357.75,ach
INV-003022,J-003022,2024-06-01,payment,4492.09,card
INV-003022,J-003022,2024-09-10,refund,2737.42,card
INV-003023,J-003023,2024-04-30,payment,365.51,card
INV-003024,J-003024,2024-05-02,payment,369.14,financing
INV-003025,J-003025,2024-05-06,payment,256.44,financing
INV-003026,J-003026,2024-05-06,payment,400.36,financing
INV-003027,J-003027,2024-05-04,payment,3585.33,ach
INV-003028,J-003028,2024-05-25,payment,391.18,card
INV-003029,J-003029,2024-05-26,payment,264.73,financing
INV-003030,J-003030,2024-05-05,payment,2734.56,check
INV-003030,J-003030,2024-06-19,refund,2084.33,card
INV-003031,J-003031,2024-04-28,payment,446.1,card
INV-003032,J-003032,2024-05-05,payment,4230.84,card
INV-003033,J-003033,2024-05-01,payment,474.15,card
INV-003034,J-003034,2024-05-02,payment,273.25,check
INV-003035,J-003035,2024-06-04,payment,187.05,card
INV-003036,J-003036,2024-06-03,payment,553.73,ach
INV-003037,J-003037,2024-05-06,payment,364.89,card
INV-003038,J-003038,2024-05-02,payment,374.13,check
INV-003039,J-003039,2024-05-04,payment,469.76,ach
INV-003040,J-003040,2024-05-08,payment,278.52,ach
INV-003041,J-003041,2024-05-03,payment,5107.54,card
INV-003042,J-003042,2024-05-05,payment,253.84,financing
INV-003043,J-003043,2024-05-09,payment,3692.05,check
INV-003044,J-003044,2024-05-01,payment,346.47,card
INV-003045,J-003045,2024-05-03,payment,637.6,card
INV-003046,J-003046,2024-05-04,payment,792.93,ach
INV-003047,J-003047,2024-05-03,payment,241.83,ach
INV-003048,J-003048,2024-05-12,payment,530.21,card
INV-003048,J-003048,2024-06-12,refund,409.96,card
INV-003049,J-003049,2024-05-01,payment,246.86,check
INV-003050,J-003050,2024-05-02,payment,4047.34,check
INV-003051,J-003051,2024-04-30,payment,446.57,card
INV-003052,J-003052,2024-05-04,payment,165.37,card
INV-003053,J-003053,2024-04-30,payment,579.79,card
INV-003054,J-003054,2024-05-02,payment,196.53,ach
INV-003055,J-003055,2024-05-03,payment,334.72,card
INV-003056,J-003056,2024-05-07,payment,3740.15,card
INV-003057,J-003057,2024-05-29,payment,250.54,ach
INV-003058,J-003058,2024-05-01,payment,330.5,check
INV-003058,J-003058,2024-06-12,refund,175.92,card
INV-003059,J-003059,2024-05-09,payment,3340.99,card
INV-003060,J-003060,2024-05-02,payment,297.45,card
INV-003061,J-003061,2024-05-08,payment,347.34,check
INV-003062,J-003062,2024-06-24,payment,268.55,financing
INV-003063,J-003063,2024-04-30,payment,177.5,ach
INV-003064,J-003064,2024-05-09,payment,3756.18,financing
INV-003065,J-003065,2024-05-04,payment,217.32,card
INV-003066,J-003066,2024-05-08,payment,1098.42,card
INV-003067,J-003067,2024-05-06,payment,165.59,card
INV-003068,J-003068,2024-05-19,payment,261.89,ach
INV-003069,J-003069,2024-06-02,payment,452.1,card
INV-003070,J-003070,2024-05-27,payment,410.81,card
INV-003071,J-003071,2024-05-05,payment,310.97,card
INV-003072,J-003072,2024-05-14,payment,468.81,financing
INV-003073,J-003073,2024-05-07,payment,693.37,check
INV-003074,J-003074,2024-05-12,payment,330.03,card
INV-003075,J-003075,2024-05-16,payment,341.93,card
INV-003076,J-003076,2024-05-09,payment,444.51,financing
INV-003077,J-003077,2024-05-13,payment,229.32,check
INV-003078,J-003078,2024-05-06,payment,308.12,ach
INV-003079,J-003079,2024-05-09,payment,310.91,card
INV-003080,J-003080,2024-05-12,payment,1142.92,card
INV-003081,J-003081,2024-05-06,payment,151.62,financing
INV-003082,J-003082,2024-05-14,payment,3480.55,card
INV-003083,J-003083,2024-05-12,payment,525.05,financing
INV-003084,J-003084,2024-05-13,payment,194.98,card
INV-003085,J-003085,2024-05-13,payment,237.05,ach
INV-003086,J-003086,2024-05-07,payment,727.66,card
INV-003087,J-003087,2024-05-08,payment,222.66,check
INV-003088,J-003088,2024-05-09,payment,4078.62,financing
INV-003089,J-003089,2024-05-16,payment,293.69,check
INV-003090,J-003090,2024-05-27,payment,705.44,card
INV-003091,J-003091,2024-05-08,payment,844.47,card
INV-003092,J-003092,2024-05-12,payment,129.7,check
INV-003093,J-003093,2024-05-16,payment,325.48,card
INV-003094,J-003094,2024-05-08,payment,290.17,financing
INV-003095,J-003095,2024-05-10,payment,744.27,card
INV-003096,J-003096,2024-05-08,payment,260.95,card
INV-003097,J-003097,2024-05-09,payment,867.25,card
INV-003098,J-003098,2024-05-09,payment,226.7,financing
INV-003099,J-003099,2024-05-09,payment,325.81,card
INV-003100,J-003100,2024-05-12,payment,676.73,financing
INV-003101,J-003101,2024-05-18,payment,246.6,card
INV-003102,J-003102,2024-05-10,payment,516.55,ach
INV-003103,J-003103,2024-05-07,payment,259.7,check
INV-003104,J-003104,2024-05-09,payment,439.02,financing
INV-003105,J-003105,2024-05-12,payment,154.14,check
INV-003106,J-003106,2024-05-07,payment,425.97,ach
INV-003107,J-003107,2024-05-19,payment,708.04,financing
INV-003108,J-003108,2024-05-06,payment,503.5,card
INV-003109,J-003109,2024-05-09,payment,365.73,card
INV-003110,J-003110,2024-05-14,payment,176.1,financing
INV-003111,J-003111,2024-05-09,payment,454.08,ach
INV-003112,J-003112,2024-05-05,payment,158.18,card
INV-003113,J-003113,2024-05-15,payment,542.82,card
INV-003114,J-003114,2024-05-14,payment,449.21,financing
INV-003115,J-003115,2024-05-12,payment,422.52,financing
INV-003116,J-003116,2024-05-06,payment,381.71,financing
INV-003117,J-003117,2024-05-16,payment,378.82,financing
INV-003118,J-003118,2024-05-07,payment,588.39,financing
INV-003119,J-003119,2024-05-08,payment,349.07,financing
INV-003120,J-003120,2024-05-16,payment,4333.86,financing
INV-003121,J-003121,2024-05-09,payment,352.02,financing
INV-003122,J-003122,2024-05-09,payment,649.81,card
INV-003123,J-003123,2024-05-11,payment,381.84,card
INV-003124,J-003124,2024-05-14,payment,1009.87,card
INV-003125,J-003125,2024-05-15,payment,3077.89,ach
INV-003126,J-003126,2024-05-27,payment,526.14,check
INV-003127,J-003127,2024-05-24,payment,529.2,financing
INV-003128,J-003128,2024-05-12,payment,621.54,check
INV-003129,J-003129,2024-05-08,payment,3567.83,card
INV-003130,J-003130,2024-06-15,payment,3586.48,card
INV-003131,J-003131,2024-05-23,payment,231.78,card
INV-003132,J-003132,2024-05-14,payment,3779.6,check
INV-003133,J-003133,2024-05-12,payment,163.45,card
INV-003134,J-003134,2024-05-10,payment,4476.48,ach
INV-003135,J-003135,2024-05-15,payment,377.0,financing
INV-003136,J-003136,2024-05-06,payment,446.96,card
INV-003137,J-003137,2024-05-08,payment,595.63,check
INV-003138,J-003138,2024-05-09,payment,337.03,check
INV-003139,J-003139,2024-05-10,payment,348.91,check
INV-003140,J-003140,2024-05-07,payment,7171.97,financing
INV-003141,J-003141,2024-06-04,payment,388.58,ach
INV-003142,J-003142,2024-05-16,payment,3886.81,card
INV-003142,J-003142,2024-07-25,refund,1283.89,card
INV-003143,J-003143,2024-05-05,payment,250.89,check
INV-003144,J-003144,2024-05-22,payment,399.94,ach
INV-003145,J-003145,2024-05-02,payment,373.33,card
INV-003146,J-003146,2024-05-14,payment,4377.32,check
INV-003147,J-003147,2024-07-10,payment,3522.93,financing
INV-003148,J-003148,2024-06-26,payment,5034.61,card
INV-003149,J-003149,2024-07-25,payment,186.51,financing
INV-003150,J-003150,2024-06-27,payment,156.94,card
INV-003151,J-003151,2024-06-05,payment,3870.08,ach
INV-003152,J-003152,2024-06-27,payment,3358.08,card
INV-003153,J-003153,2024-07-23,payment,4423.03,financing
INV-003154,J-003154,2024-06-14,payment,216.01,check
INV-003155,J-003155,2024-06-04,payment,4200.04,financing
INV-003156,J-003156,2024-10-15,payment,360.89,financing
INV-003157,J-003157,2024-08-18,payment,3403.25,ach
INV-003158,J-003158,2024-06-23,payment,4964.36,check
INV-003159,J-003159,2024-07-13,payment,4208.55,ach
INV-003160,J-003160,2024-05-25,payment,2736.4,card
INV-003160,J-003160,2024-08-31,refund,1819.05,card
INV-003161,J-003161,2024-05-21,payment,225.35,card
INV-003162,J-003162,2024-07-13,payment,4550.21,card
INV-003163,J-003163,2024-06-22,payment,5619.05,card
INV-003164,J-003164,2024-06-24,payment,3121.92,card
INV-003165,J-003165,2024-06-07,payment,4055.72,card
INV-003165,J-003165,2024-07-09,chargeback,2983.24,card
INV-003166,J-003166,2024-05-23,payment,4887.13,financing
INV-003167,J-003167,2024-06-02,payment,172.11,card
INV-003168,J-003168,2024-06-11,payment,197.79,card
INV-003169,J-003169,2024-05-10,payment,254.74,check
INV-003170,J-003170,2024-05-08,payment,443.31,check
INV-003171,J-003171,2024-05-07,payment,384.95,check
INV-003172,J-003172,2024-05-08,payment,585.55,ach
INV-003173,J-003173,2024-05-05,payment,267.41,card
INV-003174,J-003174,2024-05-07,payment,346.57,card
INV-003175,J-003175,2024-05-08,payment,353.28,ach
INV-003176,J-003176,2024-05-04,payment,250.52,ach
INV-003177,J-003177,2024-05-12,payment,152.12,financing
INV-003178,J-003178,2024-05-08,payment,172.99,card
INV-003179,J-003179,2024-05-07,payment,240.78,financing
INV-003180,J-003180,2024-05-03,payment,255.48,card
INV-003181,J-003181,2024-05-04,payment,248.08,card
INV-003182,J-003182,2024-05-05,payment,680.53,ach
INV-003183,J-003183,2024-05-07,payment,478.36,card
INV-003184,J-003184,2024-05-08,payment,340.54,card
INV-003185,J-003185,2024-05-01,payment,392.44,ach
INV-003186,J-003186,2024-05-05,payment,527.71,check
INV-003187,J-003187,2024-05-10,payment,189.69,check
INV-003188,J-003188,2024-05-18,payment,399.96,financing
INV-003189,J-003189,2024-05-20,payment,746.88,card
INV-003190,J-003190,2024-05-06,payment,204.17,ach
INV-003191,J-003191,2024-05-09,payment,337.18,card
INV-003192,J-003192,2024-05-03,payment,123.78,check
INV-003193,J-003193,2024-05-12,payment,905.05,card
INV-003194,J-003194,2024-05-08,payment,568.98,financing
INV-003195,J-003195,2024-05-05,payment,576.85,ach
INV-003196,J-003196,2024-05-09,payment,494.51,card
INV-003197,J-003197,2024-05-05,payment,796.75,card
INV-003198,J-003198,2024-05-08,payment,147.17,check
INV-003199,J-003199,2024-05-10,payment,409.2,check
INV-003200,J-003200,2024-05-09,payment,284.11,check
INV-003201,J-003201,2024-05-10,payment,101.87,financing
INV-003201,J-003201,2024-07-24,chargeback,53.65,card
INV-003202,J-003202,2024-05-02,payment,501.52,ach
INV-003203,J-003203,2024-05-06,payment,372.35,card
INV-003204,J-003204,2024-05-13,payment,539.74,ach
INV-003205,J-003205,2024-05-09,payment,830.23,card
INV-003206,J-003206,2024-05-13,payment,171.94,financing
INV-003207,J-003207,2024-05-04,payment,356.5,check
INV-003208,J-003208,2024-05-10,payment,305.83,financing
INV-003209,J-003209,2024-05-08,payment,279.49,check
INV-003210,J-003210,2024-05-11,payment,207.8,card
INV-003211,J-003211,2024-05-09,payment,349.84,check
INV-003211,J-003211,2024-08-11,refund,105.52,card
INV-003212,J-003212,2024-06-11,payment,354.46,ach
INV-003213,J-003213,2024-05-09,payment,589.38,ach
INV-003213,J-003213,2024-06-01,refund,585.4,card
INV-003214,J-003214,2024-05-17,payment,411.66,financing
INV-003215,J-003215,2024-05-05,payment,206.77,card
INV-003216,J-003216,2024-05-11,payment,1147.01,card
INV-003217,J-003217,2024-05-10,payment,425.73,financing
INV-003218,J-003218,2024-05-09,payment,300.38,financing
INV-003219,J-003219,2024-05-07,payment,467.68,card
INV-003220,J-003220,2024-05-13,payment,258.42,card
INV-003221,J-003221,2024-05-16,payment,108.3,ach
INV-003222,J-003222,2024-05-04,payment,242.44,financing
INV-003223,J-003223,2024-05-11,payment,514.28,ach
INV-003224,J-003224,2024-05-10,payment,1501.16,check
INV-003225,J-003225,2024-05-14,payment,704.41,financing
INV-003226,J-003226,2024-05-06,payment,380.99,ach
INV-003227,J-003227,2024-05-04,payment,890.3,ach
INV-003228,J-003228,2024-05-08,payment,419.11,check
INV-003229,J-003229,2024-05-09,payment,448.37,card
INV-003230,J-003230,2024-05-06,payment,346.86,card
INV-003231,J-003231,2024-05-08,payment,208.36,check
INV-003232,J-003232,2024-05-13,payment,439.76,check
INV-003233,J-003233,2024-05-07,payment,347.12,card
INV-003234,J-003234,2024-05-09,payment,6544.93,ach
INV-003235,J-003235,2024-05-24,payment,569.19,financing
INV-003236,J-003236,2024-05-09,payment,805.21,ach
INV-003237,J-003237,2024-05-17,payment,206.27,card
INV-003238,J-003238,2024-05-13,payment,351.75,financing
INV-003239,J-003239,2024-05-10,payment,221.65,ach
INV-003240,J-003240,2024-05-09,payment,314.91,card
INV-003241,J-003241,2024-05-09,payment,454.69,check
INV-003242,J-003242,2024-05-18,payment,308.62,card
INV-003243,J-003243,2024-05-04,payment,904.52,ach
INV-003244,J-003244,2024-05-25,payment,225.12,financing
INV-003245,J-003245,2024-06-08,payment,2358.03,ach
INV-003246,J-003246,2024-05-22,payment,145.16,card
INV-003247,J-003247,2024-05-18,payment,258.01,ach
INV-003248,J-003248,2024-05-18,payment,317.32,card
INV-003249,J-003249,2024-05-26,payment,4322.47,card
INV-003250,J-003250,2024-05-16,payment,4780.51,card
INV-003251,J-003251,2024-05-11,payment,4054.29,ach
INV-003252,J-003252,2024-05-16,payment,3147.32,card
INV-003253,J-003253,2024-05-12,payment,3940.71,card
INV-003254,J-003254,2024-05-24,payment,160.89,ach
INV-003255,J-003255,2024-06-04,payment,3666.72,ach
INV-003256,J-003256,2024-05-08,payment,1692.1,card
INV-003257,J-003257,2024-05-25,payment,6773.29,check
INV-003258,J-003258,2024-05-18,payment,3871.19,card
INV-003259,J-003259,2024-05-14,payment,574.25,check
INV-003260,J-003260,2024-05-30,payment,2755.9,card
INV-003261,J-003261,2024-05-15,payment,479.36,card
INV-003262,J-003262,2024-06-06,payment,4668.7,ach
INV-003263,J-003263,2024-05-05,payment,435.45,ach
INV-003264,J-003264,2024-05-12,payment,143.88,card
INV-003265,J-003265,2024-05-14,payment,692.29,ach
INV-003266,J-003266,2024-05-07,payment,3883.15,check
INV-003267,J-003267,2024-05-13,payment,574.4,card
INV-003268,J-003268,2024-05-10,payment,3448.06,card
INV-003269,J-003269,2024-06-04,payment,314.25,ach
INV-003270,J-003270,2024-05-18,payment,523.82,financing
INV-003271,J-003271,2024-05-18,payment,585.74,check
INV-003272,J-003272,2024-05-26,payment,574.26,card
INV-003273,J-003273,2024-05-27,payment,3537.63,card
INV-003274,J-003274,2024-05-03,payment,669.22,card
INV-003275,J-003275,2024-05-18,payment,2848.8,card
INV-003276,J-003276,2024-05-11,payment,180.82,card
INV-003277,J-003277,2024-05-14,payment,190.1,check
INV-003278,J-003278,2024-05-20,payment,5958.29,card
INV-003279,J-003279,2024-05-18,payment,130.92,card
INV-003280,J-003280,2024-05-14,payment,705.96,financing
INV-003281,J-003281,2024-05-18,payment,363.9,financing
INV-003282,J-003282,2024-05-15,payment,312.32,ach
INV-003283,J-003283,2024-05-09,payment,138.52,card
INV-003284,J-003284,2024-05-18,payment,416.86,check
INV-003285,J-003285,2024-05-14,payment,4295.37,financing
INV-003286,J-003286,2024-05-25,payment,296.24,check
INV-003287,J-003287,2024-05-22,payment,192.24,card
INV-003288,J-003288,2024-05-12,payment,338.4,card
INV-003289,J-003289,2024-05-20,payment,765.33,card
INV-003290,J-003290,2024-05-12,payment,412.65,ach
INV-003291,J-003291,2024-05-12,payment,278.74,financing
INV-003292,J-003292,2024-05-08,payment,185.83,financing
INV-003293,J-003293,2024-05-06,payment,356.95,financing
INV-003294,J-003294,2024-05-07,payment,312.85,check
INV-003295,J-003295,2024-05-20,payment,273.49,card
INV-003296,J-003296,2024-05-12,payment,540.65,card
INV-003297,J-003297,2024-05-18,payment,3311.88,card
INV-003298,J-003298,2024-05-13,payment,3056.0,ach
INV-003299,J-003299,2024-05-27,payment,3144.74,check
INV-003300,J-003300,2024-05-19,payment,334.89,check
INV-003301,J-003301,2024-05-08,payment,288.29,financing
INV-003302,J-003302,2024-05-12,payment,206.66,card
INV-003303,J-003303,2024-05-15,payment,535.99,ach
INV-003304,J-003304,2024-05-27,payment,236.14,check
INV-003305,J-003305,2024-05-19,payment,695.68,check
INV-003306,J-003306,2024-05-16,payment,451.24,financing
INV-003307,J-003307,2024-05-12,payment,195.62,ach
INV-003308,J-003308,2024-05-10,payment,375.33,financing
INV-003309,J-003309,2024-05-09,payment,5359.74,card
INV-003310,J-003310,2024-05-13,payment,411.6,card
INV-003311,J-003311,2024-05-18,payment,218.86,financing
INV-003312,J-003312,2024-05-13,payment,151.54,financing
INV-003313,J-003313,2024-05-11,payment,243.75,card
INV-003314,J-003314,2024-05-17,payment,152.48,card
INV-003315,J-003315,2024-05-15,payment,260.83,check
INV-003316,J-003316,2024-05-18,payment,395.98,card
INV-003317,J-003317,2024-05-11,payment,665.96,card
INV-003318,J-003318,2024-05-21,payment,391.65,card
INV-003319,J-003319,2024-05-15,payment,4090.14,check
INV-003320,J-003320,2024-05-15,payment,346.93,check
INV-003321,J-003321,2024-05-14,payment,419.09,card
INV-003322,J-003322,2024-05-26,payment,201.68,check
INV-003323,J-003323,2024-05-18,payment,395.1,card
INV-003324,J-003324,2024-05-15,payment,187.61,check
INV-003325,J-003325,2024-05-14,payment,560.62,card
INV-003326,J-003326,2024-05-17,payment,148.6,check
INV-003327,J-003327,2024-05-16,payment,171.96,financing
INV-003328,J-003328,2024-05-23,payment,328.76,card
INV-003329,J-003329,2024-05-19,payment,170.0,card
INV-003330,J-003330,2024-05-24,payment,385.18,card
INV-003331,J-003331,2024-05-23,payment,491.47,financing
INV-003332,J-003332,2024-05-17,payment,280.72,check
INV-003333,J-003333,2024-05-16,payment,233.45,check
INV-003334,J-003334,2024-05-12,payment,4365.98,ach
INV-003335,J-003335,2024-05-19,payment,4337.43,check
INV-003336,J-003336,2024-05-16,payment,1243.76,card
INV-003337,J-003337,2024-05-11,payment,2807.01,card
INV-003337,J-003337,2024-06-03,refund,1566.12,card
INV-003338,J-003338,2024-05-15,payment,197.49,card
INV-003339,J-003339,2024-05-19,payment,256.5,check
INV-003340,J-003340,2024-05-19,payment,138.72,check
INV-003341,J-003341,2024-05-15,payment,448.83,financing
INV-003342,J-003342,2024-05-14,payment,544.88,check
INV-003343,J-003343,2024-05-08,payment,201.25,card
INV-003344,J-003344,2024-05-22,payment,413.13,financing
INV-003345,J-003345,2024-05-15,payment,383.16,check
INV-003346,J-003346,2024-05-22,payment,343.79,check
INV-003347,J-003347,2024-05-21,payment,238.44,ach
INV-003348,J-003348,2024-05-14,payment,358.45,financing
INV-003349,J-003349,2024-05-16,payment,227.96,ach
INV-003350,J-003350,2024-05-21,payment,274.9,ach
INV-003351,J-003351,2024-05-16,payment,3688.77,check
INV-003352,J-003352,2024-05-13,payment,284.26,ach
INV-003353,J-003353,2024-05-14,payment,508.9,card
INV-003354,J-003354,2024-05-18,payment,3808.45,card
INV-003355,J-003355,2024-05-20,payment,334.2,financing
INV-003356,J-003356,2024-05-22,payment,456.04,card
INV-003357,J-003357,2024-05-14,payment,307.95,financing
INV-003358,J-003358,2024-05-18,payment,243.76,check
INV-003359,J-003359,2024-05-16,payment,379.84,card
INV-003360,J-003360,2024-05-19,payment,291.46,card
INV-003361,J-003361,2024-05-14,payment,748.02,ach
INV-003362,J-003362,2024-05-18,payment,572.09,check
INV-003363,J-003363,2024-05-16,payment,516.18,card
INV-003364,J-003364,2024-05-18,payment,603.72,card
INV-003365,J-003365,2024-06-12,payment,5084.18,card
INV-003366,J-003366,2024-05-19,payment,286.54,card
INV-003367,J-003367,2024-06-06,payment,179.61,card
INV-003368,J-003368,2024-05-23,payment,707.06,check
INV-003369,J-003369,2024-05-19,payment,335.99,check
INV-003370,J-003370,2024-05-24,payment,407.59,financing
INV-003371,J-003371,2024-05-18,payment,3787.74,check
INV-003372,J-003372,2024-05-19,payment,4997.77,ach
INV-003373,J-003373,2024-05-23,payment,3431.63,card
INV-003374,J-003374,2024-06-22,payment,240.61,financing
INV-003375,J-003375,2024-05-29,payment,316.43,card
INV-003376,J-003376,2024-05-16,payment,6866.93,ach
INV-003377,J-003377,2024-05-15,payment,145.26,check
INV-003378,J-003378,2024-05-22,payment,4250.1,card
INV-003379,J-003379,2024-05-24,payment,258.38,card
INV-003380,J-003380,2024-05-16,payment,333.22,check
INV-003381,J-003381,2024-05-30,payment,430.92,check
INV-003382,J-003382,2024-06-18,payment,421.08,card
INV-003383,J-003383,2024-05-16,payment,245.25,ach
INV-003384,J-003384,2024-05-18,payment,354.1,check
INV-003385,J-003385,2024-05-21,payment,364.1,card
INV-003386,J-003386,2024-06-19,payment,139.55,financing
INV-003387,J-003387,2024-05-17,payment,3143.31,financing
INV-003388,J-003388,2024-06-03,payment,179.26,financing
INV-003389,J-003389,2024-06-02,payment,255.14,ach
INV-003390,J-003390,2024-05-27,payment,228.8,ach
INV-003391,J-003391,2024-05-11,payment,270.38,card
INV-003392,J-003392,2024-05-17,payment,629.66,ach
INV-003393,J-003393,2024-05-16,payment,751.08,financing
INV-003394,J-003394,2024-05-21,payment,572.12,ach
INV-003395,J-003395,2025-01-01,payment,309.68,card
INV-003396,J-003396,2024-06-17,payment,4510.53,check
INV-003396,J-003396,2024-08-04,chargeback,4110.73,card
INV-003397,J-003397,2024-07-11,payment,3151.61,financing
INV-003397,J-003397,2024-08-15,refund,1208.36,card
INV-003398,J-003398,2024-12-06,payment,3676.11,card
INV-003399,J-003399,2024-07-10,payment,5404.46,card
INV-003399,J-003399,2024-10-16,refund,4734.98,card
INV-003400,J-003400,2024-06-02,payment,222.68,ach
INV-003401,J-003401,2024-06-13,payment,3783.24,financing
INV-003402,J-003402,2024-10-16,payment,5161.66,financing
INV-003402,J-003402,2024-12-25,refund,4233.72,card
INV-003403,J-003403,2024-08-01,payment,2498.21,card
INV-003404,J-003404,2024-05-30,payment,5162.53,check
INV-003405,J-003405,2024-06-19,payment,4200.03,card
INV-003406,J-003406,2024-05-30,payment,4452.63,card
INV-003406,J-003406,2024-06-12,refund,3708.98,card
INV-003407,J-003407,2024-05-24,payment,243.41,financing
INV-003408,J-003408,2024-05-26,payment,3200.82,ach
INV-003409,J-003409,2024-06-12,payment,4860.23,card
INV-003410,J-003410,2024-06-10,payment,4827.91,ach
INV-003411,J-003411,2024-06-28,payment,275.04,financing
INV-003412,J-003412,2024-07-20,payment,161.82,card
INV-003413,J-003413,2024-10-19,payment,5132.87,card
INV-003414,J-003414,2024-05-19,payment,163.36,check
INV-003415,J-003415,2024-05-15,payment,346.56,financing
INV-003416,J-003416,2024-05-18,payment,364.32,ach
INV-003417,J-003417,2024-05-18,payment,340.36,check
INV-003418,J-003418,2024-05-16,payment,299.09,card
INV-003419,J-003419,2024-05-19,payment,785.56,financing
INV-003420,J-003420,2024-05-21,payment,581.49,card
INV-003421,J-003421,2024-05-15,payment,268.78,financing
INV-003422,J-003422,2024-05-18,payment,190.31,ach
INV-003423,J-003423,2024-05-21,payment,834.15,financing
INV-003424,J-003424,2024-05-19,payment,265.07,financing
INV-003425,J-003425,2024-05-13,payment,245.62,card
INV-003426,J-003426,2024-05-13,payment,233.11,financing
INV-003427,J-003427,2024-05-14,payment,275.8,check
INV-003428,J-003428,2024-05-20,payment,480.77,check
INV-003429,J-003429,2024-05-20,payment,579.94,ach
INV-003430,J-003430,2024-05-12,payment,677.72,ach
INV-003431,J-003431,2024-05-13,payment,278.37,check
INV-003432,J-003432,2024-05-14,payment,501.7,card
INV-003433,J-003433,2024-05-16,payment,599.3,card
INV-003434,J-003434,2024-05-16,payment,428.66,check
INV-003435,J-003435,2024-05-15,payment,160.21,financing
INV-003436,J-003436,2024-05-19,payment,153.69,check
INV-003437,J-003437,2024-05-13,payment,248.14,card
INV-003438,J-003438,2024-05-16,payment,331.44,financing
INV-003439,J-003439,2024-05-17,payment,347.39,check
INV-003440,J-003440,2024-05-14,payment,681.17,card
INV-003441,J-003441,2024-05-20,payment,290.23,ach
INV-003442,J-003442,2024-05-29,payment,328.98,financing
INV-003443,J-003443,2024-05-25,payment,409.73,financing
INV-003444,J-003444,2024-05-19,payment,474.52,card
INV-003445,J-003445,2024-05-19,payment,233.62,check
INV-003446,J-003446,2024-05-24,payment,727.37,check
INV-003447,J-003447,2024-05-14,payment,200.06,ach
INV-003448,J-003448,2024-05-16,payment,574.98,card
INV-003449,J-003449,2024-05-16,payment,373.09,card
INV-003450,J-003450,2024-05-13,payment,271.4,check
INV-003451,J-003451,2024-05-16,payment,254.09,ach
INV-003452,J-003452,2024-05-24,payment,228.17,card
INV-003453,J-003453,2024-05-15,payment,439.34,card
INV-003454,J-003454,2024-05-18,payment,370.38,ach
INV-003455,J-003455,2024-05-22,payment,428.78,ach
INV-003456,J-003456,2024-05-10,payment,303.64,card
INV-003457,J-003457,2024-05-20,payment,236.7,card
INV-003458,J-003458,2024-05-19,payment,2076.3,check
INV-003458,J-003458,2024-07-01,refund,675.11,card
INV-003459,J-003459,2024-05-12,payment,467.54,check
INV-003460,J-003460,2024-05-21,payment,282.7,card
INV-003461,J-003461,2024-05-22,payment,428.47,ach
INV-003462,J-003462,2024-05-25,payment,242.04,card
INV-003463,J-003463,2024-05-24,payment,3984.76,card
INV-003464,J-003464,2024-05-25,payment,858.42,ach
INV-003465,J-003465,2024-05-24,payment,4536.23,financing
INV-003466,J-003466,2024-05-28,payment,3078.23,card
INV-003467,J-003467,2024-05-21,payment,591.81,card
INV-003468,J-003468,2024-06-21,payment,622.51,financing
INV-003469,J-003469,2024-05-30,payment,386.46,card
INV-003470,J-003470,2024-05-14,payment,317.74,card
INV-003471,J-003471,2024-06-15,payment,831.85,card
INV-003472,J-003472,2024-05-20,payment,4276.73,ach
INV-003473,J-003473,2024-05-29,payment,4049.31,financing
INV-003474,J-003474,2024-05-13,payment,211.27,financing
INV-003475,J-003475,2024-06-02,payment,5040.14,card
INV-003476,J-003476,2024-05-14,payment,522.05,check
INV-003477,J-003477,2024-05-12,payment,152.85,financing
INV-003478,J-003478,2024-06-06,payment,3696.98,card
INV-003479,J-003479,2024-05-10,payment,596.45,ach
INV-003480,J-003480,2024-05-26,payment,252.09,check
INV-003481,J-003481,2024-06-01,payment,3532.3,financing
INV-003482,J-003482,2024-05-16,payment,184.85,card
INV-003483,J-003483,2024-05-16,payment,202.03,check
INV-003484,J-003484,2024-05-16,payment,349.15,card
INV-003485,J-003485,2024-05-23,payment,290.5,card
INV-003486,J-003486,2024-05-13,payment,164.45,check
INV-003487,J-003487,2024-05-13,payment,472.51,check
INV-003488,J-003488,2024-06-25,payment,406.15,ach
INV-003489,J-003489,2024-05-15,payment,292.91,ach
INV-003490,J-003490,2024-05-19,payment,410.5,card
INV-003491,J-003491,2024-05-15,payment,383.71,ach
INV-003492,J-003492,2024-05-30,payment,6804.6,card
INV-003493,J-003493,2024-05-15,payment,258.39,card
INV-003494,J-003494,2024-05-25,payment,568.66,ach
INV-003495,J-003495,2024-05-29,payment,206.36,card
INV-003496,J-003496,2024-05-26,payment,455.9,card
INV-003497,J-003497,2024-05-18,payment,418.65,check
INV-003498,J-003498,2024-05-30,payment,3574.51,ach
INV-003499,J-003499,2024-05-29,payment,248.68,financing
INV-003500,J-003500,2024-05-26,payment,261.61,check
INV-003501,J-003501,2024-05-19,payment,348.59,ach
INV-003502,J-003502,2024-05-17,payment,822.06,card
INV-003502,J-003502,2024-06-30,refund,759.3,card
INV-003503,J-003503,2024-05-15,payment,1062.32,ach
INV-003504,J-003504,2024-05-21,payment,133.53,ach
INV-003505,J-003505,2024-05-12,payment,333.09,card
INV-003506,J-003506,2024-05-27,payment,109.42,financing
INV-003507,J-003507,2024-05-15,payment,370.73,financing
INV-003508,J-003508,2024-05-18,payment,391.88,check
INV-003509,J-003509,2024-05-15,payment,331.23,financing
INV-003510,J-003510,2024-05-17,payment,324.48,card
INV-003511,J-003511,2024-05-18,payment,5509.78,card
INV-003512,J-003512,2024-05-18,payment,321.64,check
INV-003513,J-003513,2024-05-19,payment,652.01,card
INV-003514,J-003514,2024-05-23,payment,685.64,check
INV-003515,J-003515,2024-05-19,payment,4686.68,ach
INV-003516,J-003516,2024-05-18,payment,618.16,card
INV-003517,J-003517,2024-05-16,payment,471.48,card
INV-003518,J-003518,2024-05-17,payment,748.38,ach
INV-003519,J-003519,2024-06-02,payment,495.69,financing
INV-003520,J-003520,2024-06-09,payment,323.35,financing
INV-003521,J-003521,2024-05-22,payment,1210.77,financing
INV-003522,J-003522,2024-05-26,payment,3344.48,card
INV-003523,J-003523,2024-05-21,payment,331.19,ach
INV-003524,J-003524,2024-05-20,payment,410.94,financing
INV-003525,J-003525,2024-05-24,payment,431.08,card
INV-003526,J-003526,2024-06-11,payment,275.2,ach
INV-003527,J-003527,2024-06-02,payment,860.86,card
INV-003528,J-003528,2024-05-21,payment,204.67,card
INV-003529,J-003529,2024-06-09,payment,307.13,financing
INV-003530,J-003530,2024-05-30,payment,157.94,card
INV-003531,J-003531,2024-05-23,payment,734.8,check
INV-003532,J-003532,2024-05-27,payment,414.17,card
INV-003533,J-003533,2024-05-23,payment,223.01,card
INV-003534,J-003534,2024-05-22,payment,400.67,card
INV-003535,J-003535,2024-05-27,payment,357.69,check
INV-003536,J-003536,2024-05-25,payment,537.5,financing
INV-003537,J-003537,2024-06-01,payment,238.37,card
INV-003538,J-003538,2024-05-25,payment,693.44,check
INV-003539,J-003539,2024-05-26,payment,214.11,card
INV-003540,J-003540,2024-05-29,payment,449.37,card
INV-003541,J-003541,2024-05-24,payment,292.36,financing
INV-003542,J-003542,2024-05-27,payment,270.32,financing
INV-003543,J-003543,2024-05-24,payment,262.77,card
INV-003544,J-003544,2024-05-20,payment,239.48,ach
INV-003545,J-003545,2024-05-29,payment,194.79,ach
INV-003546,J-003546,2024-05-26,payment,369.41,check
INV-003547,J-003547,2024-05-21,payment,168.14,card
INV-003548,J-003548,2024-05-19,payment,4195.35,card
INV-003549,J-003549,2024-05-19,payment,536.33,card
INV-003550,J-003550,2024-05-22,payment,517.7,card
INV-003551,J-003551,2024-05-21,payment,341.57,financing
INV-003552,J-003552,2024-05-23,payment,967.91,card
INV-003553,J-003553,2024-06-16,payment,621.86,card
INV-003554,J-003554,2024-05-26,payment,232.13,ach
INV-003555,J-003555,2024-05-20,payment,832.48,card
INV-003556,J-003556,2024-05-26,payment,355.72,card
INV-003557,J-003557,2024-05-26,payment,381.83,financing
INV-003558,J-003558,2024-05-30,payment,399.77,ach
INV-003559,J-003559,2024-05-25,payment,194.1,ach
INV-003560,J-003560,2024-05-25,payment,285.15,financing
INV-003561,J-003561,2024-05-23,payment,3729.61,ach
INV-003562,J-003562,2024-05-19,payment,1286.97,card
INV-003563,J-003563,2024-06-04,payment,423.54,check
INV-003564,J-003564,2024-05-28,payment,5654.38,card
INV-003565,J-003565,2024-05-25,payment,479.95,financing
INV-003566,J-003566,2024-05-30,payment,5638.94,check
INV-003567,J-003567,2024-05-26,payment,404.56,check
INV-003568,J-003568,2024-05-21,payment,217.47,check
INV-003569,J-003569,2024-05-20,payment,320.1,check
INV-003570,J-003570,2024-05-27,payment,462.72,financing
INV-003571,J-003571,2024-05-24,payment,1202.62,card
INV-003572,J-003572,2024-05-27,payment,4844.98,ach
INV-003573,J-003573,2024-05-22,payment,548.4,card
INV-003574,J-003574,2024-05-21,payment,267.81,card
INV-003574,J-003574,2024-06-21,refund,163.92,card
INV-003575,J-003575,2024-05-26,payment,344.1,financing
INV-003576,J-003576,2024-05-19,payment,622.0,card
INV-003577,J-003577,2024-05-22,payment,699.38,check
INV-003577,J-003577,2024-07-01,chargeback,468.53,card
INV-003578,J-003578,2024-05-30,payment,206.26,card
INV-003579,J-003579,2024-05-18,payment,230.99,financing
INV-003580,J-003580,2024-05-25,payment,397.68,card
INV-003581,J-003581,2024-05-30,payment,4724.55,card
INV-003582,J-003582,2024-05-19,payment,574.34,financing
INV-003583,J-003583,2024-05-20,payment,168.26,card
INV-003584,J-003584,2024-07-06,payment,473.16,financing
INV-003585,J-003585,2024-05-30,payment,572.75,financing
INV-003585,J-003585,2024-06-15,refund,456.05,card
INV-003586,J-003586,2024-06-01,payment,532.41,ach
INV-003587,J-003587,2024-05-23,payment,540.87,ach
INV-003588,J-003588,2024-05-30,payment,170.56,check
INV-003589,J-003589,2024-05-25,payment,2905.99,card
INV-003589,J-003589,2024-09-02,chargeback,1817.96,card
INV-003590,J-003590,2024-05-27,payment,642.72,card
INV-003591,J-003591,2024-06-12,payment,460.76,card
INV-003592,J-003592,2024-05-20,payment,170.36,ach
INV-003593,J-003593,2024-05-28,payment,4980.12,check
INV-003594,J-003594,2024-05-28,payment,3699.87,financing
INV-003595,J-003595,2024-05-30,payment,356.98,card
INV-003596,J-003596,2024-06-01,payment,412.3,ach
INV-003597,J-003597,2024-05-21,payment,3136.44,check
INV-003598,J-003598,2024-06-03,payment,174.29,card
INV-003599,J-003599,2024-06-01,payment,2891.89,check
INV-003600,J-003600,2024-05-25,payment,431.02,financing
INV-003601,J-003601,2024-05-28,payment,732.47,ach
INV-003602,J-003602,2024-08-01,payment,2996.43,ach
INV-003603,J-003603,2024-05-24,payment,992.62,card
INV-003604,J-003604,2024-05-28,payment,248.37,check
INV-003605,J-003605,2024-05-21,payment,4519.61,financing
INV-003606,J-003606,2024-05-31,payment,503.49,financing
INV-003607,J-003607,2024-06-02,payment,377.32,card
INV-003608,J-003608,2024-08-12,payment,204.4,financing
INV-003609,J-003609,2024-05-26,payment,281.96,check
INV-003610,J-003610,2024-07-02,payment,2787.9,check
INV-003611,J-003611,2024-06-18,payment,2940.88,card
INV-003612,J-003612,2024-06-18,payment,5273.54,check
INV-003613,J-003613,2024-06-12,payment,4658.05,card
INV-003614,J-003614,2024-07-02,payment,6335.91,check
INV-003615,J-003615,2024-06-18,payment,4980.45,ach
INV-003616,J-003616,2024-10-09,payment,4079.87,card
INV-003617,J-003617,2024-08-13,payment,3599.05,card
INV-003618,J-003618,2024-08-04,payment,147.78,ach
INV-003619,J-003619,2024-08-09,payment,4271.08,financing
INV-003619,J-003619,2024-10-16,refund,3858.93,card
INV-003620,J-003620,2024-06-05,payment,4602.98,check
INV-003621,J-003621,2024-08-15,payment,158.69,card
INV-003622,J-003622,2024-08-20,payment,230.47,check
INV-003623,J-003623,2024-06-01,payment,4561.94,check
INV-003624,J-003624,2024-06-11,payment,3058.29,check
INV-003625,J-003625,2024-07-10,payment,2345.95,check
INV-003626,J-003626,2024-06-28,payment,6458.18,card
INV-003627,J-003627,2024-06-19,payment,258.9,card
INV-003627,J-003627,2024-08-23,refund,240.68,card
INV-003628,J-003628,2024-08-02,payment,3324.07,financing
INV-003629,J-003629,2025-05-24,payment,327.76,check
INV-003630,J-003630,2024-06-04,payment,4224.29,financing
INV-003631,J-003631,2024-06-02,payment,5886.66,ach
INV-003632,J-003632,2024-10-03,payment,733.89,card
INV-003633,J-003633,2024-06-14,payment,2578.3,ach
INV-003634,J-003634,2024-05-17,payment,235.22,card
INV-003635,J-003635,2024-05-22,payment,3034.6,card
INV-003636,J-003636,2024-05-20,payment,249.84,financing
INV-003637,J-003637,2024-05-28,payment,5346.6,card
INV-003638,J-003638,2024-05-21,payment,255.33,check
INV-003639,J-003639,2024-05-19,payment,672.71,card
INV-003640,J-003640,2024-05-20,payment,209.19,financing
INV-003641,J-003641,2024-05-20,payment,363.18,card
INV-003642,J-003642,2024-05-18,payment,365.24,card
INV-003643,J-003643,2024-05-22,payment,201.82,card
INV-003644,J-003644,2024-05-24,payment,465.31,card
INV-003645,J-003645,2024-05-26,payment,473.16,financing
INV-003646,J-003646,2024-05-23,payment,222.32,card
INV-003647,J-003647,2024-05-29,payment,432.4,financing
INV-003648,J-003648,2024-05-30,payment,253.16,ach
INV-003649,J-003649,2024-05-19,payment,385.61,financing
INV-003650,J-003650,2024-05-23,payment,575.21,ach
INV-003651,J-003651,2024-05-25,payment,444.41,ach
INV-003652,J-003652,2024-05-18,payment,437.73,financing
INV-003653,J-003653,2024-05-24,payment,296.3,financing
INV-003654,J-003654,2024-05-23,payment,284.75,card
INV-003655,J-003655,2024-05-27,payment,626.28,financing
INV-003656,J-003656,2024-05-22,payment,4861.08,financing
INV-003657,J-003657,2024-05-29,payment,291.67,ach
INV-003658,J-003658,2024-05-24,payment,315.74,financing
INV-003659,J-003659,2024-05-19,payment,702.45,card
INV-003660,J-003660,2024-05-14,payment,194.24,ach
INV-003661,J-003661,2024-05-24,payment,334.83,financing
INV-003662,J-003662,2024-05-22,payment,995.96,ach
INV-003663,J-003663,2024-05-28,payment,1073.93,card
INV-003664,J-003664,2024-05-25,payment,935.12,card
INV-003664,J-003664,2024-07-28,chargeback,661.11,card
INV-003665,J-003665,2024-05-24,payment,304.94,financing
INV-003666,J-003666,2024-05-22,payment,570.88,financing
INV-003667,J-003667,2024-05-23,payment,641.12,check
INV-003668,J-003668,2024-05-22,payment,526.24,financing
INV-003669,J-003669,2024-05-20,payment,5069.15,check
INV-003670,J-003670,2024-05-21,payment,638.15,card
INV-003671,J-003671,2024-06-08,payment,242.01,check
INV-003672,J-003672,2024-05-21,payment,868.4,check
INV-003673,J-003673,2024-05-26,payment,182.82,card
INV-003674,J-003674,2024-05-30,payment,150.54,check
INV-003675,J-003675,2024-05-29,payment,2610.01,ach
INV-003676,J-003676,2024-05-27,payment,3157.11,ach
INV-003677,J-003677,2024-05-28,payment,312.88,ach
INV-003678,J-003678,2024-06-28,payment,489.12,ach
INV-003679,J-003679,2024-05-25,payment,321.75,card
INV-003680,J-003680,2024-05-23,payment,202.85,check
INV-003681,J-003681,2024-05-25,payment,4624.02,check
INV-003682,J-003682,2024-06-05,payment,185.87,ach
INV-003683,J-003683,2024-05-26,payment,4525.66,card
INV-003684,J-003684,2024-06-03,payment,209.33,ach
INV-003685,J-003685,2024-05-24,payment,264.84,ach
INV-003686,J-003686,2024-06-12,payment,289.15,ach
INV-003687,J-003687,2024-06-06,payment,382.96,ach
INV-003688,J-003688,2024-05-31,payment,149.66,ach
INV-003689,J-003689,2024-05-25,payment,6452.87,check
INV-003690,J-003690,2024-05-23,payment,413.43,financing
INV-003691,J-003691,2024-06-09,payment,608.12,card
INV-003692,J-003692,2024-06-15,payment,316.59,check
INV-003693,J-003693,2024-06-17,payment,291.36,card
INV-003694,J-003694,2024-05-22,payment,2856.53,financing
INV-003695,J-003695,2024-06-24,payment,291.74,card
INV-003696,J-003696,2024-06-16,payment,4302.26,card
INV-003697,J-003697,2024-06-22,payment,603.91,card
INV-003698,J-003698,2024-05-21,payment,189.65,ach
INV-003699,J-003699,2024-05-26,payment,189.32,ach
INV-003700,J-003700,2024-05-18,payment,305.23,check
INV-003701,J-003701,2024-05-26,payment,230.16,card
INV-003702,J-003702,2024-05-19,payment,156.77,card
INV-003703,J-003703,2024-05-28,payment,6063.24,card
INV-003704,J-003704,2024-05-22,payment,295.42,financing
INV-003705,J-003705,2024-05-28,payment,250.86,card
INV-003706,J-003706,2024-07-13,payment,640.8,card
INV-003707,J-003707,2024-05-30,payment,106.76,financing
INV-003708,J-003708,2024-05-30,payment,476.83,card
INV-003709,J-003709,2024-05-30,payment,316.25,card
INV-003710,J-003710,2024-06-01,payment,5462.49,ach
INV-003711,J-003711,2024-05-29,payment,432.05,card
INV-003712,J-003712,2024-05-28,payment,312.59,financing
INV-003713,J-003713,2024-05-25,payment,167.82,card
INV-003714,J-003714,2024-05-31,payment,337.38,card
INV-003715,J-003715,2024-06-14,payment,3612.94,check
INV-003716,J-003716,2024-05-24,payment,168.4,financing
INV-003717,J-003717,2024-05-27,payment,3023.88,card
INV-003718,J-003718,2024-05-31,payment,4207.69,check
INV-003719,J-003719,2024-05-22,payment,4779.48,card
INV-003720,J-003720,2024-06-01,payment,282.6,card
INV-003721,J-003721,2024-06-04,payment,279.08,ach
INV-003722,J-003722,2024-05-29,payment,599.69,ach
INV-003723,J-003723,2024-05-31,payment,819.82,card
INV-003724,J-003724,2024-05-26,payment,523.96,card
INV-003725,J-003725,2024-06-12,payment,648.32,card
INV-003726,J-003726,2024-06-03,payment,3692.46,ach
INV-003727,J-003727,2024-06-02,payment,4200.87,check
INV-003728,J-003728,2024-07-23,payment,355.71,card
INV-003729,J-003729,2024-05-31,payment,291.4,card
INV-003730,J-003730,2024-07-04,payment,226.54,check
INV-003731,J-003731,2024-06-03,payment,612.86,check
INV-003732,J-003732,2024-06-01,payment,776.64,financing
INV-003733,J-003733,2024-06-15,payment,242.05,card
INV-003734,J-003734,2024-05-21,payment,440.99,financing
INV-003735,J-003735,2024-08-15,payment,245.02,card
INV-003736,J-003736,2024-06-17,payment,194.63,financing
INV-003737,J-003737,2024-05-19,payment,289.01,financing
INV-003738,J-003738,2024-05-22,payment,237.46,card
INV-003739,J-003739,2024-05-24,payment,975.95,financing
INV-003740,J-003740,2024-06-06,payment,328.37,card
INV-003741,J-003741,2024-06-09,payment,202.88,card
INV-003742,J-003742,2024-06-06,payment,4021.55,card
INV-003742,J-003742,2024-08-02,chargeback,2239.97,card
INV-003743,J-003743,2024-05-25,payment,402.01,ach
INV-003744,J-003744,2024-05-24,payment,136.71,check
INV-003745,J-003745,2024-06-14,payment,181.84,financing
INV-003746,J-003746,2024-05-28,payment,411.77,check
INV-003747,J-003747,2024-06-03,payment,185.01,ach
INV-003748,J-003748,2024-06-09,payment,531.39,financing
INV-003749,J-003749,2024-06-04,payment,183.71,ach
INV-003750,J-003750,2024-05-31,payment,331.13,check
INV-003751,J-003751,2024-05-31,payment,345.9,financing
INV-003752,J-003752,2024-06-01,payment,493.63,card
INV-003753,J-003753,2024-06-10,payment,2844.06,card
INV-003754,J-003754,2024-06-02,payment,301.62,check
INV-003755,J-003755,2024-06-09,payment,4355.86,card
INV-003756,J-003756,2024-05-29,payment,990.65,financing
INV-003756,J-003756,2024-06-15,refund,507.34,card
INV-003757,J-003757,2024-05-31,payment,277.62,ach
INV-003758,J-003758,2024-05-25,payment,165.98,check
INV-003759,J-003759,2024-05-23,payment,115.08,card
INV-003760,J-003760,2024-05-28,payment,222.97,card
INV-003761,J-003761,2024-05-28,payment,499.19,card
INV-003762,J-003762,2024-05-25,payment,232.93,financing
INV-003763,J-003763,2024-06-03,payment,269.0,check
INV-003764,J-003764,2024-06-03,payment,203.27,check
INV-003765,J-003765,2024-06-04,payment,2764.08,card
INV-003766,J-003766,2024-05-31,payment,1212.3,ach
INV-003767,J-003767,2024-05-31,payment,326.8,financing
INV-003768,J-003768,2024-05-29,payment,215.82,check
INV-003769,J-003769,2024-05-29,payment,202.26,financing
INV-003770,J-003770,2024-06-01,payment,259.66,card
INV-003771,J-003771,2024-05-25,payment,255.1,card
INV-003772,J-003772,2024-05-30,payment,468.24,card
INV-003773,J-003773,2024-06-01,payment,486.15,check
INV-003774,J-003774,2024-06-07,payment,248.5,ach
INV-003775,J-003775,2024-05-31,payment,196.33,ach
INV-003776,J-003776,2024-05-28,payment,335.94,card
INV-003777,J-003777,2024-06-02,payment,323.23,financing
INV-003778,J-003778,2024-05-28,payment,232.1,financing
INV-003779,J-003779,2024-06-18,payment,305.75,check
INV-003780,J-003780,2024-05-24,payment,309.09,ach
INV-003781,J-003781,2024-05-26,payment,502.83,card
INV-003782,J-003782,2024-06-07,payment,2956.46,card
INV-003783,J-003783,2024-05-31,payment,526.93,check
INV-003784,J-003784,2024-06-06,payment,240.57,check
INV-003785,J-003785,2024-05-27,payment,233.22,check
INV-003786,J-003786,2024-05-27,payment,678.27,financing
INV-003787,J-003787,2024-05-24,payment,478.55,check
INV-003788,J-003788,2024-06-05,payment,215.92,check
INV-003789,J-003789,2024-06-04,payment,143.06,ach
INV-003790,J-003790,2024-05-29,payment,530.34,card
INV-003791,J-003791,2024-06-04,payment,192.38,financing
INV-003792,J-003792,2024-06-04,payment,345.08,check
INV-003793,J-003793,2024-06-10,payment,479.01,card
INV-003794,J-003794,2024-05-24,payment,456.89,ach
INV-003795,J-003795,2024-07-08,payment,414.81,ach
INV-003796,J-003796,2024-06-07,payment,6486.1,card
INV-003797,J-003797,2024-09-06,payment,3525.26,financing
INV-003798,J-003798,2024-06-02,payment,457.06,card
INV-003799,J-003799,2024-06-11,payment,723.98,card
INV-003800,J-003800,2024-05-27,payment,399.36,card
INV-003801,J-003801,2024-05-29,payment,4472.52,card
INV-003801,J-003801,2024-07-25,refund,3317.69,card
INV-003802,J-003802,2024-05-30,payment,276.46,check
INV-003802,J-003802,2024-06-30,refund,179.45,card
INV-003803,J-003803,2024-05-28,payment,4243.93,financing
INV-003804,J-003804,2024-05-29,payment,283.77,check
INV-003805,J-003805,2024-06-20,payment,209.88,financing
INV-003806,J-003806,2024-06-24,payment,4704.9,financing
INV-003806,J-003806,2024-08-22,refund,1642.84,card
INV-003807,J-003807,2024-06-01,payment,566.69,check
INV-003808,J-003808,2024-06-15,payment,3241.38,card
INV-003809,J-003809,2024-05-31,payment,305.84,card
INV-003810,J-003810,2024-06-17,payment,423.33,card
INV-003811,J-003811,2024-05-28,payment,340.76,card
INV-003812,J-003812,2024-06-19,payment,4235.03,card
INV-003813,J-003813,2024-06-01,payment,645.41,ach
INV-003814,J-003814,2024-06-04,payment,201.39,card
INV-003815,J-003815,2024-06-09,payment,280.65,ach
INV-003816,J-003816,2024-07-10,payment,5162.69,financing
INV-003817,J-003817,2024-07-16,payment,6035.2,card
INV-003818,J-003818,2024-06-19,payment,3624.67,ach
INV-003819,J-003819,2024-07-08,payment,271.14,card
INV-003820,J-003820,2024-07-27,payment,2792.58,check
INV-003821,J-003821,2024-08-27,payment,5541.78,check
INV-003822,J-003822,2024-08-18,payment,4488.79,check
INV-003823,J-003823,2024-07-16,payment,2586.51,card
INV-003824,J-003824,2024-06-12,payment,300.52,card
INV-003825,J-003825,2024-06-01,payment,3932.88,card
INV-003826,J-003826,2024-06-24,payment,3486.78,card
INV-003827,J-003827,2025-01-03,payment,610.53,ach
INV-003828,J-003828,2024-08-17,payment,276.62,card
INV-003829,J-003829,2024-06-04,payment,3271.44,check
INV-003830,J-003830,2024-06-30,payment,4062.41,ach
INV-003831,J-003831,2024-06-06,payment,304.34,card
INV-003832,J-003832,2024-06-03,payment,214.78,ach
INV-003833,J-003833,2024-06-02,payment,445.23,check
INV-003834,J-003834,2024-06-01,payment,270.89,check
INV-003835,J-003835,2024-05-26,payment,199.23,ach
INV-003836,J-003836,2024-05-30,payment,751.64,check
INV-003837,J-003837,2024-05-29,payment,298.23,card
INV-003838,J-003838,2024-06-05,payment,201.74,card
INV-003839,J-003839,2024-05-29,payment,429.17,card
INV-003840,J-003840,2024-05-30,payment,443.73,card
INV-003841,J-003841,2024-05-30,payment,152.69,card
INV-003842,J-003842,2024-06-04,payment,240.37,financing
INV-003843,J-003843,2024-05-26,payment,4071.28,check
INV-003844,J-003844,2024-06-06,payment,289.4,card
INV-003845,J-003845,2024-05-30,payment,330.22,financing
INV-003846,J-003846,2024-06-01,payment,924.89,card
INV-003847,J-003847,2024-06-04,payment,337.73,check
INV-003848,J-003848,2024-05-31,payment,360.56,check
INV-003849,J-003849,2024-06-01,payment,537.67,ach
INV-003850,J-003850,2024-05-28,payment,388.06,financing
INV-003851,J-003851,2024-05-30,payment,291.73,financing
INV-003852,J-003852,2024-06-07,payment,591.3,financing
INV-003853,J-003853,2024-06-13,payment,139.03,ach
INV-003854,J-003854,2024-05-26,payment,446.99,card
INV-003855,J-003855,2024-06-03,payment,368.85,check
INV-003856,J-003856,2024-06-01,payment,310.11,check
INV-003857,J-003857,2024-05-28,payment,768.22,card
INV-003858,J-003858,2024-06-05,payment,364.64,card
INV-003859,J-003859,2024-05-27,payment,449.59,card
INV-003860,J-003860,2024-05-25,payment,150.76,card
INV-003861,J-003861,2024-05-27,payment,482.13,check
INV-003862,J-003862,2024-05-25,payment,188.61,card
INV-003863,J-003863,2024-06-02,payment,751.56,card
INV-003864,J-003864,2024-06-03,payment,193.29,check
INV-003865,J-003865,2024-06-04,payment,272.05,card
INV-003866,J-003866,2024-05-30,payment,581.23,card
INV-003867,J-003867,2024-05-27,payment,353.12,ach
INV-003868,J-003868,2024-05-28,payment,556.74,financing
INV-003869,J-003869,2024-06-01,payment,527.29,ach
INV-003870,J-003870,2024-06-03,payment,736.12,card
INV-003871,J-003871,2024-06-03,payment,529.91,card
INV-003872,J-003872,2024-06-03,payment,650.82,card
INV-003873,J-003873,2024-05-27,payment,316.83,financing
INV-003874,J-003874,2024-05-30,payment,581.45,ach
INV-003875,J-003875,2024-05-26,payment,184.08,card
INV-003876,J-003876,2024-05-28,payment,841.52,ach
INV-003877,J-003877,2024-05-30,payment,173.67,card
INV-003878,J-003878,2024-05-26,payment,463.81,card
INV-003879,J-003879,2024-06-01,payment,928.22,ach
INV-003880,J-003880,2024-05-28,payment,301.01,check
INV-003881,J-003881,2024-05-26,payment,425.1,card
INV-003882,J-003882,2024-05-31,payment,306.77,ach
INV-003883,J-003883,2024-05-27,payment,472.0,financing
INV-003884,J-003884,2024-06-04,payment,485.02,check
INV-003885,J-003885,2024-05-29,payment,270.59,card
INV-003886,J-003886,2024-05-29,payment,358.66,ach
INV-003887,J-003887,2024-06-01,payment,208.87,card
INV-003888,J-003888,2024-05-24,payment,401.37,ach
INV-003889,J-003889,2024-05-31,payment,273.19,check
INV-003890,J-003890,2024-06-03,payment,599.42,ach
INV-003891,J-003891,2024-05-31,payment,405.57,ach
INV-003892,J-003892,2024-05-30,payment,877.51,card
INV-003893,J-003893,2024-05-30,payment,634.89,financing
INV-003893,J-003893,2024-07-04,refund,503.71,card
INV-003894,J-003894,2024-06-01,payment,398.2,card
INV-003895,J-003895,2024-05-29,payment,418.84,check
INV-003896,J-003896,2024-06-02,payment,680.33,card
INV-003897,J-003897,2024-05-26,payment,348.89,financing
INV-003898,J-003898,2024-06-03,payment,449.88,card
INV-003899,J-003899,2024-06-02,payment,152.55,check
INV-003900,J-003900,2024-06-02,payment,4241.72,card
INV-003901,J-003901,2024-06-02,payment,5395.73,ach
INV-003902,J-003902,2024-06-09,payment,5653.77,financing
INV-003902,J-003902,2024-07-02,refund,1794.34,card
INV-003903,J-003903,2024-05-30,payment,2757.47,card
INV-003903,J-003903,2024-06-27,chargeback,2123.65,card
INV-003904,J-003904,2024-06-10,payment,5642.88,check
INV-003905,J-003905,2024-05-31,payment,4401.51,card
INV-003906,J-003906,2024-06-09,payment,333.03,card
INV-003907,J-003907,2024-06-01,payment,3175.1,ach
INV-003908,J-003908,2024-07-03,payment,295.74,card
INV-003909,J-003909,2024-06-08,payment,341.55,financing
INV-003910,J-003910,2024-06-18,payment,4624.6,card
INV-003911,J-003911,2024-06-14,payment,221.35,card
INV-003912,J-003912,2024-06-12,payment,656.23,ach
INV-003913,J-003913,2024-06-05,payment,714.02,check
INV-003914,J-003914,2024-06-07,payment,767.83,card
INV-003915,J-003915,2024-05-31,payment,3360.63,card
INV-003916,J-003916,2024-06-16,payment,7401.74,card
INV-003917,J-003917,2024-06-08,payment,471.58,card
INV-003918,J-003918,2024-06-05,payment,561.4,card
INV-003919,J-003919,2024-05-31,payment,237.7,ach
INV-003920,J-003920,2024-05-30,payment,363.48,card
INV-003921,J-003921,2024-06-01,payment,159.71,ach
INV-003922,J-003922,2024-06-01,payment,230.99,financing
INV-003923,J-003923,2024-05-31,payment,899.22,card
INV-003924,J-003924,2024-06-19,payment,2365.93,ach
INV-003925,J-003925,2024-06-10,payment,309.14,check
INV-003926,J-003926,2024-06-01,payment,408.42,financing
INV-003927,J-003927,2024-05-30,payment,978.95,check
INV-003928,J-003928,2024-06-05,payment,585.11,card
INV-003929,J-003929,2024-05-29,payment,261.8,card
INV-003930,J-003930,2024-06-11,payment,4345.99,financing
INV-003931,J-003931,2024-05-26,payment,581.84,card
INV-003932,J-003932,2024-05-31,payment,4202.48,financing
INV-003933,J-003933,2024-06-09,payment,249.47,card
INV-003934,J-003934,2024-06-20,payment,220.88,card
INV-003935,J-003935,2024-06-05,payment,5669.86,card
INV-003936,J-003936,2024-06-09,payment,231.77,ach
INV-003937,J-003937,2024-06-09,payment,183.18,card
INV-003938,J-003938,2024-05-26,payment,662.76,ach
INV-003939,J-003939,2024-06-01,payment,175.85,financing
INV-003940,J-003940,2024-06-01,payment,155.78,financing
INV-003941,J-003941,2024-06-02,payment,145.22,financing
INV-003942,J-003942,2024-06-03,payment,5381.94,ach
INV-003943,J-003943,2024-06-03,payment,136.11,ach
INV-003944,J-003944,2024-05-30,payment,264.36,financing
INV-003945,J-003945,2024-06-06,payment,171.65,financing
INV-003946,J-003946,2024-05-26,payment,194.03,card
INV-003947,J-003947,2024-05-31,payment,386.05,check
INV-003948,J-003948,2024-06-11,payment,409.9,check
INV-003949,J-003949,2024-06-03,payment,167.1,card
INV-003950,J-003950,2024-05-24,payment,182.71,financing
INV-003951,J-003951,2024-05-26,payment,2842.97,card
INV-003952,J-003952,2024-06-03,payment,4839.98,ach
INV-003953,J-003953,2024-06-04,payment,210.11,ach
INV-003954,J-003954,2024-06-06,payment,439.03,card
INV-003955,J-003955,2024-06-01,payment,262.17,financing
INV-003956,J-003956,2024-06-16,payment,401.51,ach
INV-003957,J-003957,2024-06-13,payment,3715.23,ach
INV-003958,J-003958,2024-06-10,payment,192.39,ach
INV-003959,J-003959,2024-06-01,payment,198.54,check
INV-003960,J-003960,2024-06-08,payment,2949.44,card
INV-003961,J-003961,2024-05-31,payment,236.14,financing
INV-003962,J-003962,2024-06-02,payment,336.76,card
INV-003963,J-003963,2024-06-01,payment,162.75,ach
INV-003964,J-003964,2024-05-29,payment,446.67,card
INV-003965,J-003965,2024-06-08,payment,4610.28,check
INV-003966,J-003966,2024-06-01,payment,177.96,check
INV-003967,J-003967,2024-06-28,payment,218.81,card
INV-003968,J-003968,2024-06-17,payment,352.98,card
INV-003969,J-003969,2024-06-03,payment,178.53,check
INV-003970,J-003970,2024-06-02,payment,118.85,ach
INV-003971,J-003971,2024-06-08,payment,504.42,ach
INV-003972,J-003972,2024-06-04,payment,410.16,ach
INV-003973,J-003973,2024-06-06,payment,540.85,check
INV-003973,J-003973,2024-07-14,refund,284.59,card
INV-003974,J-003974,2024-06-07,payment,410.35,financing
INV-003975,J-003975,2024-06-07,payment,484.09,financing
INV-003976,J-003976,2024-06-05,payment,630.6,ach
INV-003977,J-003977,2024-06-06,payment,439.92,financing
INV-003978,J-003978,2024-06-12,payment,230.42,card
INV-003979,J-003979,2024-06-08,payment,502.52,check
INV-003980,J-003980,2024-06-04,payment,623.34,card
INV-003981,J-003981,2024-06-07,payment,682.54,card
INV-003982,J-003982,2024-06-18,payment,240.87,financing
INV-003983,J-003983,2024-06-11,payment,658.85,card
INV-003983,J-003983,2024-09-19,refund,463.28,card
INV-003984,J-003984,2024-06-02,payment,158.93,financing
INV-003985,J-003985,2024-06-02,payment,4297.74,card
INV-003986,J-003986,2024-06-06,payment,265.37,financing
INV-003987,J-003987,2024-06-06,payment,380.53,financing
INV-003988,J-003988,2024-06-05,payment,4503.77,check
INV-003989,J-003989,2024-06-14,payment,966.95,ach
INV-003990,J-003990,2024-06-05,payment,376.77,check
INV-003991,J-003991,2024-06-08,payment,2854.22,financing
INV-003991,J-003991,2024-07-20,refund,899.46,card
INV-003992,J-003992,2024-06-07,payment,6402.19,financing
INV-003993,J-003993,2024-06-07,payment,204.32,card
INV-003994,J-003994,2024-06-06,payment,267.72,card
INV-003995,J-003995,2024-06-09,payment,276.0,ach
INV-003996,J-003996,2024-06-06,payment,448.53,card
INV-003997,J-003997,2024-06-15,payment,284.8,financing
INV-003998,J-003998,2024-06-15,payment,3976.49,financing
INV-003999,J-003999,2024-06-06,payment,185.0,financing
INV-004000,J-004000,2024-06-01,payment,450.65,card
INV-004001,J-004001,2024-06-08,payment,259.8,card
INV-004002,J-004002,2024-06-03,payment,227.48,financing
INV-004003,J-004003,2024-06-06,payment,220.21,card
INV-004004,J-004004,2024-06-08,payment,3417.26,card
INV-004005,J-004005,2024-06-05,payment,517.73,card
INV-004006,J-004006,2024-06-09,payment,259.0,check
INV-004007,J-004007,2024-06-04,payment,531.02,card
INV-004008,J-004008,2024-06-17,payment,410.8,card
INV-004009,J-004009,2024-06-11,payment,3670.41,check
INV-004010,J-004010,2024-06-05,payment,280.01,check
INV-004011,J-004011,2024-06-04,payment,4048.57,check
INV-004012,J-004012,2024-06-11,payment,359.05,check
INV-004013,J-004013,2024-06-06,payment,569.16,check
INV-004014,J-004014,2024-06-18,payment,530.35,card
INV-004015,J-004015,2024-06-04,payment,5497.75,card
INV-004016,J-004016,2024-06-15,payment,220.28,card
INV-004017,J-004017,2024-06-10,payment,336.0,ach
INV-004018,J-004018,2024-06-04,payment,162.32,financing
INV-004019,J-004019,2024-06-02,payment,425.51,check
INV-004020,J-004020,2024-06-09,payment,240.36,card
INV-004021,J-004021,2024-06-07,payment,172.08,ach
INV-004022,J-004022,2024-06-07,payment,692.53,check
INV-004023,J-004023,2024-06-03,payment,2733.31,financing
INV-004024,J-004024,2024-06-09,payment,743.99,card
INV-004025,J-004025,2024-06-08,payment,260.64,card
INV-004026,J-004026,2024-05-30,payment,898.11,card
INV-004027,J-004027,2024-06-05,payment,572.12,card
INV-004028,J-004028,2024-06-07,payment,568.08,card
INV-004029,J-004029,2024-06-26,payment,436.87,financing
INV-004030,J-004030,2024-06-26,payment,207.7,card
INV-004030,J-004030,2024-08-22,refund,130.97,card
INV-004031,J-004031,2024-06-07,payment,947.05,card
INV-004032,J-004032,2024-06-05,payment,3983.04,financing
INV-004033,J-004033,2024-06-18,payment,101.02,financing
INV-004034,J-004034,2024-06-12,payment,4065.93,card
INV-004035,J-004035,2024-06-07,payment,335.55,financing
INV-004036,J-004036,2024-06-10,payment,271.92,card
INV-004037,J-004037,2024-06-20,payment,326.44,card
INV-004038,J-004038,2024-06-16,payment,130.16,ach
INV-004039,J-004039,2024-06-09,payment,146.15,ach
INV-004040,J-004040,2024-06-06,payment,765.33,financing
INV-004041,J-004041,2024-06-06,payment,277.86,check
INV-004042,J-004042,2024-06-15,payment,3386.26,card
INV-004043,J-004043,2024-06-05,payment,3205.49,check
INV-004044,J-004044,2024-06-15,payment,451.49,check
INV-004045,J-004045,2024-06-04,payment,170.11,card
INV-004046,J-004046,2024-06-08,payment,4292.23,ach
INV-004047,J-004047,2024-06-08,payment,713.79,check
INV-004048,J-004048,2024-06-18,payment,5771.83,check
INV-004049,J-004049,2024-06-18,payment,4325.39,card
INV-004050,J-004050,2024-06-12,payment,137.34,card
INV-004051,J-004051,2024-06-16,payment,411.07,card
INV-004052,J-004052,2024-06-14,payment,615.13,financing
INV-004053,J-004053,2024-06-11,payment,3404.24,check
INV-004053,J-004053,2024-07-10,refund,1353.08,card
INV-004054,J-004054,2024-06-04,payment,3744.46,card
INV-004055,J-004055,2024-06-03,payment,3377.51,card
INV-004056,J-004056,2024-06-15,payment,8811.92,card
INV-004057,J-004057,2024-06-05,payment,225.17,check
INV-004058,J-004058,2024-06-10,payment,3083.24,financing
INV-004059,J-004059,2024-06-12,payment,388.3,card
INV-004060,J-004060,2024-06-13,payment,574.62,card
INV-004061,J-004061,2024-09-13,payment,2887.48,card
INV-004062,J-004062,2024-06-23,payment,234.01,ach
INV-004063,J-004063,2024-06-25,payment,3659.78,financing
INV-004064,J-004064,2024-06-17,payment,5533.11,financing
INV-004064,J-004064,2024-07-12,refund,2330.64,card
INV-004065,J-004065,2024-06-19,payment,3122.81,card
INV-004065,J-004065,2024-07-14,refund,2008.18,card
INV-004066,J-004066,2024-07-05,payment,269.11,card
INV-004067,J-004067,2024-08-25,payment,251.13,ach
INV-004068,J-004068,2025-02-05,payment,6439.56,check
INV-004069,J-004069,2024-08-26,payment,4301.83,card
INV-004070,J-004070,2024-07-28,payment,130.87,ach
INV-004071,J-004071,2024-07-22,payment,4345.19,ach
INV-004072,J-004072,2024-06-18,payment,375.72,card
INV-004073,J-004073,2024-07-20,payment,4018.71,financing
INV-004074,J-004074,2024-07-15,payment,5525.37,financing
INV-004075,J-004075,2024-06-22,payment,5071.93,ach
INV-004076,J-004076,2024-06-19,payment,3324.34,ach
INV-004077,J-004077,2024-07-25,payment,3694.58,card
INV-004078,J-004078,2024-07-10,payment,4748.7,check
INV-004079,J-004079,2024-07-08,payment,4454.32,card
INV-004080,J-004080,2024-07-14,payment,3719.29,card
INV-004081,J-004081,2024-06-18,payment,142.59,financing
INV-004082,J-004082,2024-07-27,payment,4474.57,card
INV-004082,J-004082,2024-09-30,refund,4057.35,card
INV-004083,J-004083,2024-06-08,payment,511.33,ach
INV-004084,J-004084,2024-06-07,payment,310.8,check
INV-004085,J-004085,2024-06-03,payment,608.15,card
INV-004086,J-004086,2024-06-09,payment,526.53,check
INV-004087,J-004087,2024-06-05,payment,436.47,ach
INV-004088,J-004088,2024-06-04,payment,113.18,card
INV-004089,J-004089,2024-06-02,payment,461.66,financing
INV-004090,J-004090,2024-06-02,payment,202.2,financing
INV-004091,J-004091,2024-06-05,payment,396.29,card
INV-004092,J-004092,2024-06-12,payment,529.05,check
INV-004093,J-004093,2024-06-08,payment,488.53,card
INV-004094,J-004094,2024-06-08,payment,515.72,financing
INV-004095,J-004095,2024-06-09,payment,301.7,card
INV-004096,J-004096,2024-06-07,payment,278.61,ach
INV-004097,J-004097,2024-06-01,payment,273.74,card
INV-004098,J-004098,2024-06-11,payment,265.69,financing
INV-004099,J-004099,2024-06-04,payment,387.96,check
INV-004100,J-004100,2024-06-07,payment,372.18,card
INV-004101,J-004101,2024-06-08,payment,264.85,ach
INV-004102,J-004102,2024-06-07,payment,480.67,ach
INV-004103,J-004103,2024-05-30,payment,289.95,card
INV-004104,J-004104,2024-06-21,payment,336.37,financing
INV-004105,J-004105,2024-06-07,payment,644.54,financing
INV-004106,J-004106,2024-06-03,payment,327.37,card
INV-004107,J-004107,2024-06-04,payment,439.41,ach
INV-004108,J-004108,2024-06-08,payment,494.52,card
INV-004109,J-004109,2024-06-10,payment,347.43,check
INV-004110,J-004110,2024-06-07,payment,254.32,financing
INV-004111,J-004111,2024-06-04,payment,758.44,ach
INV-004112,J-004112,2024-06-03,payment,359.32,ach
INV-004113,J-004113,2024-06-08,payment,203.58,card
INV-004114,J-004114,2024-06-06,payment,451.87,card
INV-004115,J-004115,2024-06-06,payment,367.66,card
INV-004116,J-004116,2024-06-03,payment,277.72,check
INV-004117,J-004117,2024-06-10,payment,792.19,check
INV-004118,J-004118,2024-06-08,payment,236.63,card
INV-004119,J-004119,2024-06-07,payment,688.14,ach
INV-004120,J-004120,2024-06-22,payment,574.09,ach
INV-004121,J-004121,2024-06-01,payment,658.57,card
INV-004121,J-004121,2024-07-02,refund,486.59,card
INV-004122,J-004122,2024-06-02,payment,712.65,ach
INV-004123,J-004123,2024-06-08,payment,380.69,card
INV-004124,J-004124,2024-06-01,payment,360.26,card
INV-004125,J-004125,2024-06-09,payment,165.23,ach
INV-004126,J-004126,2024-06-08,payment,228.33,check
INV-004127,J-004127,2024-06-08,payment,390.55,financing
INV-004128,J-004128,2024-06-07,payment,334.83,financing
INV-004128,J-004128,2024-07-18,chargeback,241.13,card
INV-004129,J-004129,2024-06-05,payment,447.71,card
INV-004130,J-004130,2024-06-07,payment,717.78,ach
INV-004131,J-004131,2024-06-05,payment,689.14,financing
INV-004132,J-004132,2024-06-12,payment,604.52,card
INV-004133,J-004133,2024-07-19,payment,231.99,financing
INV-004134,J-004134,2024-06-08,payment,3409.19,ach
INV-004135,J-004135,2024-06-09,payment,379.12,check
INV-004136,J-004136,2024-06-04,payment,825.52,check
INV-004137,J-004137,2024-09-20,payment,4025.21,card
INV-004138,J-004138,2024-06-23,payment,3786.31,ach
INV-004139,J-004139,2024-06-24,payment,143.17,ach
INV-004140,J-004140,2024-06-05,payment,303.59,financing
INV-004140,J-004140,2024-08-27,refund,206.15,card
INV-004141,J-004141,2024-06-04,payment,3866.76,check
INV-004142,J-004142,2024-06-09,payment,381.37,check
INV-004143,J-004143,2024-06-15,payment,2585.47,card
INV-004144,J-004144,2024-07-04,payment,976.02,card
INV-004145,J-004145,2024-06-30,payment,4310.69,financing
INV-004146,J-004146,2024-06-12,payment,1069.71,check
INV-004147,J-004147,2024-06-23,payment,5386.93,card
INV-004148,J-004148,2024-06-06,payment,5635.02,financing
INV-004149,J-004149,2024-06-14,payment,104.44,card
INV-004150,J-004150,2024-06-07,payment,97.55,card
INV-004151,J-004151,2024-06-22,payment,448.13,financing
INV-004152,J-004152,2024-06-07,payment,249.91,ach
INV-004153,J-004153,2024-06-16,payment,246.33,card
INV-004154,J-004154,2024-06-09,payment,382.29,financing
INV-004155,J-004155,2024-06-09,payment,382.88,ach
INV-004156,J-004156,2024-06-18,payment,212.65,card
INV-004157,J-004157,2024-06-12,payment,575.78,financing
INV-004158,J-004158,2024-06-14,payment,4264.7,check
INV-004159,J-004159,2024-06-07,payment,161.54,ach
INV-004160,J-004160,2024-06-10,payment,5514.48,card
INV-004161,J-004161,2024-06-12,payment,275.44,card
INV-004162,J-004162,2024-06-06,payment,1132.73,card
INV-004163,J-004163,2024-06-04,payment,608.02,card
INV-004164,J-004164,2024-06-08,payment,325.37,ach
INV-004165,J-004165,2024-06-14,payment,631.8,financing
INV-004166,J-004166,2024-06-04,payment,109.65,ach
INV-004167,J-004167,2024-06-08,payment,418.98,check
INV-004168,J-004168,2024-06-06,payment,207.42,financing
INV-004169,J-004169,2024-06-05,payment,654.08,ach
INV-004170,J-004170,2024-07-05,payment,592.01,financing
INV-004171,J-004171,2024-06-04,payment,4863.69,financing
INV-004172,J-004172,2024-06-12,payment,462.85,check
INV-004173,J-004173,2024-06-08,payment,4741.3,card
INV-004174,J-004174,2024-06-05,payment,383.08,card
INV-004175,J-004175,2024-06-21,payment,223.42,card
INV-004176,J-004176,2024-06-03,payment,342.88,financing
INV-004177,J-004177,2024-06-08,payment,323.0,ach
INV-004178,J-004178,2024-06-09,payment,329.86,card
INV-004179,J-004179,2024-06-03,payment,538.75,check
INV-004180,J-004180,2024-06-20,payment,477.46,ach
INV-004181,J-004181,2024-06-12,payment,208.31,card
INV-004182,J-004182,2024-06-05,payment,519.87,card
INV-004183,J-004183,2024-06-08,payment,291.54,ach
INV-004184,J-004184,2024-06-15,payment,622.13,card
INV-004185,J-004185,2024-06-04,payment,203.38,card
INV-004186,J-004186,2024-06-24,payment,216.23,financing
INV-004187,J-004187,2024-06-21,payment,670.58,card
INV-004188,J-004188,2024-06-08,payment,349.17,check
INV-004189,J-004189,2024-06-08,payment,132.25,card
INV-004190,J-004190,2024-06-11,payment,187.0,ach
INV-004191,J-004191,2024-06-16,payment,776.32,card
INV-004192,J-004192,2024-06-06,payment,471.82,financing
INV-004193,J-004193,2024-06-11,payment,473.87,financing
INV-004194,J-004194,2024-06-12,payment,293.91,card
INV-004195,J-004195,2024-06-16,payment,5520.51,card
INV-004196,J-004196,2024-07-03,payment,188.67,financing
INV-004197,J-004197,2024-06-27,payment,299.81,ach
INV-004198,J-004198,2024-06-26,payment,308.12,check
INV-004199,J-004199,2024-06-16,payment,203.54,check
INV-004200,J-004200,2024-06-18,payment,462.33,check
INV-004201,J-004201,2024-06-10,payment,216.17,card
INV-004202,J-004202,2024-06-15,payment,422.34,financing
INV-004203,J-004203,2024-06-12,payment,243.34,card
INV-004204,J-004204,2024-06-17,payment,451.41,ach
INV-004205,J-004205,2024-06-10,payment,334.65,check
INV-004206,J-004206,2024-06-22,payment,358.0,check
INV-004207,J-004207,2024-06-15,payment,344.54,card
INV-004208,J-004208,2024-06-20,payment,237.65,check
INV-004209,J-004209,2024-06-14,payment,1035.53,check
INV-004210,J-004210,2024-06-10,payment,494.99,card
INV-004211,J-004211,2024-06-12,payment,1047.63,card
INV-004212,J-004212,2024-06-15,payment,496.28,check
INV-004213,J-004213,2024-06-17,payment,210.05,financing
INV-004214,J-004214,2024-06-13,payment,169.87,financing
INV-004215,J-004215,2024-06-08,payment,439.05,card
INV-004216,J-004216,2024-06-25,payment,482.49,check
INV-004217,J-004217,2024-06-23,payment,837.86,ach
INV-004218,J-004218,2024-06-14,payment,229.5,ach
INV-004219,J-004219,2024-06-28,payment,632.16,card
INV-004220,J-004220,2024-06-13,payment,176.57,check
INV-004221,J-004221,2024-06-23,payment,561.14,check
INV-004222,J-004222,2024-06-08,payment,572.66,financing
INV-004223,J-004223,2024-06-17,payment,4764.19,card
INV-004224,J-004224,2024-06-19,payment,233.51,check
INV-004225,J-004225,2024-06-12,payment,249.57,ach
INV-004226,J-004226,2024-06-14,payment,495.42,check
INV-004227,J-004227,2024-06-18,payment,580.33,ach
INV-004228,J-004228,2024-06-15,payment,907.98,card
INV-004229,J-004229,2024-06-17,payment,409.02,check
INV-004230,J-004230,2024-06-06,payment,466.73,ach
INV-004231,J-004231,2024-06-15,payment,527.67,card
INV-004232,J-004232,2024-06-23,payment,252.69,card
INV-004233,J-004233,2024-06-13,payment,3040.84,card
INV-004234,J-004234,2024-06-16,payment,505.42,check
INV-004235,J-004235,2024-06-10,payment,245.28,card
INV-004236,J-004236,2024-06-17,payment,5566.84,financing
INV-004237,J-004237,2024-06-15,payment,356.92,financing
INV-004238,J-004238,2024-06-12,payment,238.74,financing
INV-004239,J-004239,2024-06-16,payment,5485.77,card
INV-004240,J-004240,2024-06-13,payment,526.75,ach
INV-004241,J-004241,2024-06-09,payment,419.6,card
INV-004242,J-004242,2024-06-14,payment,3598.76,financing
INV-004243,J-004243,2024-06-14,payment,374.32,financing
INV-004244,J-004244,2024-06-18,payment,596.74,card
INV-004245,J-004245,2024-06-14,payment,5666.12,ach
INV-004246,J-004246,2024-06-08,payment,3617.92,ach
INV-004247,J-004247,2024-06-08,payment,335.98,financing
INV-004248,J-004248,2024-06-27,payment,292.23,financing
INV-004249,J-004249,2024-06-09,payment,566.88,financing
INV-004250,J-004250,2024-06-15,payment,423.09,card
INV-004251,J-004251,2024-06-26,payment,4193.89,card
INV-004252,J-004252,2024-06-14,payment,779.49,ach
INV-004253,J-004253,2024-06-25,payment,4131.83,check
INV-004254,J-004254,2024-06-23,payment,344.2,check
INV-004255,J-004255,2024-06-25,payment,289.23,card
INV-004256,J-004256,2024-06-25,payment,246.66,card
INV-004257,J-004257,2024-06-12,payment,163.57,financing
INV-004258,J-004258,2024-07-04,payment,201.5,card
INV-004259,J-004259,2024-06-15,payment,5266.94,card
INV-004260,J-004260,2024-06-17,payment,304.65,check
INV-004261,J-004261,2024-06-10,payment,176.66,card
INV-004262,J-004262,2024-09-10,payment,191.51,card
INV-004263,J-004263,2024-07-19,payment,5560.23,ach
INV-004264,J-004264,2024-06-24,payment,179.17,card
INV-004265,J-004265,2024-06-14,payment,4570.3,card
INV-004266,J-004266,2024-06-22,payment,291.57,card
INV-004267,J-004267,2024-07-16,payment,192.79,financing
INV-004268,J-004268,2024-07-29,payment,216.03,financing
INV-004269,J-004269,2024-10-15,payment,5128.72,financing
INV-004270,J-004270,2024-08-01,payment,4270.54,card
INV-004271,J-004271,2024-07-30,payment,221.59,card
INV-004272,J-004272,2024-07-03,payment,6061.81,check
INV-004273,J-004273,2025-01-28,payment,3918.03,ach
INV-004274,J-004274,2024-07-19,payment,360.98,ach
INV-004275,J-004275,2024-07-07,payment,348.05,ach
INV-004276,J-004276,2024-06-28,payment,297.0,card
INV-004277,J-004277,2024-07-05,payment,4303.08,card
INV-004277,J-004277,2024-10-08,chargeback,2557.2,card
INV-004278,J-004278,2024-07-28,payment,330.04,ach
INV-004279,J-004279,2024-09-02,payment,5173.97,card
INV-004280,J-004280,2024-07-31,payment,336.62,ach
INV-004281,J-004281,2024-12-13,payment,3405.07,financing
INV-004282,J-004282,2024-06-18,payment,161.32,ach
INV-004283,J-004283,2024-06-14,payment,4536.93,check
INV-004284,J-004284,2024-06-08,payment,419.54,card
INV-004285,J-004285,2024-06-16,payment,397.1,ach
INV-004286,J-004286,2024-06-12,payment,416.39,card
INV-004287,J-004287,2024-06-16,payment,456.25,check
INV-004288,J-004288,2024-06-10,payment,394.96,card
INV-004289,J-004289,2024-06-13,payment,305.02,card
INV-004290,J-004290,2024-06-14,payment,540.92,card
INV-004291,J-004291,2024-06-15,payment,453.47,ach
INV-004292,J-004292,2024-06-13,payment,750.21,card
INV-004293,J-004293,2024-06-12,payment,586.78,check
INV-004294,J-004294,2024-06-13,payment,504.03,ach
INV-004295,J-004295,2024-06-14,payment,341.7,ach
INV-004296,J-004296,2024-06-11,payment,266.24,check
INV-004297,J-004297,2024-06-09,payment,361.28,card
INV-004298,J-004298,2024-06-18,payment,539.72,card
INV-004299,J-004299,2024-06-28,payment,357.02,check
INV-004300,J-004300,2024-06-10,payment,932.16,check
INV-004301,J-004301,2024-06-18,payment,627.7,card
INV-004302,J-004302,2024-06-07,payment,126.27,financing
INV-004303,J-004303,2024-06-13,payment,251.23,card
INV-004304,J-004304,2024-06-10,payment,482.86,check
INV-004305,J-004305,2024-06-14,payment,386.67,check
INV-004306,J-004306,2024-06-10,payment,2088.51,financing
INV-004307,J-004307,2024-06-14,payment,285.08,ach
INV-004308,J-004308,2024-06-06,payment,333.25,card
INV-004309,J-004309,2024-06-10,payment,331.07,card
INV-004310,J-004310,2024-06-07,payment,328.08,financing
INV-004311,J-004311,2024-06-12,payment,571.56,financing
INV-004312,J-004312,2024-06-15,payment,332.88,financing
INV-004313,J-004313,2024-06-12,payment,343.33,financing
INV-004314,J-004314,2024-06-07,payment,407.2,card
INV-004315,J-004315,2024-06-13,payment,347.52,financing
INV-004316,J-004316,2024-06-08,payment,181.15,ach
INV-004317,J-004317,2024-06-19,payment,155.04,financing
INV-004318,J-004318,2024-06-11,payment,4120.47,card
INV-004319,J-004319,2024-06-09,payment,525.09,card
INV-004320,J-004320,2024-06-15,payment,260.47,card
INV-004321,J-004321,2024-06-10,payment,407.24,card
INV-004322,J-004322,2024-06-20,payment,415.9,card
INV-004323,J-004323,2024-06-19,payment,151.7,card
INV-004324,J-004324,2024-06-08,payment,323.75,ach
INV-004325,J-004325,2024-06-08,payment,414.0,card
INV-004326,J-004326,2024-06-17,payment,447.04,financing
INV-004327,J-004327,2024-06-11,payment,284.12,financing
INV-004328,J-004328,2024-06-13,payment,171.13,ach
INV-004329,J-004329,2024-06-11,payment,328.25,ach
INV-004330,J-004330,2024-06-21,payment,199.5,financing
INV-004331,J-004331,2024-06-19,payment,183.03,card
INV-004332,J-004332,2024-06-08,payment,296.88,card
INV-004333,J-004333,2024-06-16,payment,288.5,card
INV-004333,J-004333,2024-07-11,refund,190.14,card
INV-004334,J-004334,2024-07-06,payment,219.96,card
INV-004335,J-004335,2024-07-10,payment,129.19,ach
INV-004336,J-004336,2024-06-21,payment,5729.14,check
INV-004337,J-004337,2024-06-16,payment,2490.06,card
INV-004338,J-004338,2024-06-24,payment,176.88,card
INV-004339,J-004339,2024-06-20,payment,4244.53,card
INV-004340,J-004340,2024-08-02,payment,3103.98,ach
INV-004341,J-004341,2024-06-19,payment,3026.02,check
INV-004342,J-004342,2024-06-13,payment,254.49,card
INV-004343,J-004343,2024-07-06,payment,4455.69,financing
INV-004344,J-004344,2024-07-25,payment,241.68,financing
INV-004345,J-004345,2024-07-17,payment,5667.85,check
INV-004346,J-004346,2024-06-20,payment,161.63,card
INV-004347,J-004347,2024-06-15,payment,4469.85,card
INV-004348,J-004348,2024-06-19,payment,318.38,check
INV-004349,J-004349,2024-06-10,payment,226.73,card
INV-004350,J-004350,2024-08-08,payment,216.52,financing
INV-004351,J-004351,2024-06-18,payment,360.92,card
INV-004352,J-004352,2024-06-19,payment,3607.94,card
INV-004353,J-004353,2024-06-20,payment,449.07,ach
INV-004353,J-004353,2024-09-14,refund,190.47,card
INV-004354,J-004354,2024-06-12,payment,243.69,check
INV-004355,J-004355,2024-06-27,payment,157.03,financing
INV-004356,J-004356,2024-06-17,payment,255.69,ach
INV-004357,J-004357,2024-06-16,payment,587.85,financing
INV-004358,J-004358,2024-06-22,payment,5390.9,financing
INV-004359,J-004359,2024-06-17,payment,5025.81,ach
INV-004360,J-004360,2024-06-16,payment,2830.43,ach
INV-004361,J-004361,2024-06-16,payment,205.18,financing
INV-004362,J-004362,2024-06-13,payment,2789.56,financing
INV-004362,J-004362,2024-10-05,chargeback,2394.58,card
INV-004363,J-004363,2024-07-03,payment,346.34,card
INV-004364,J-004364,2024-06-11,payment,451.88,card
INV-004365,J-004365,2024-06-16,payment,4511.43,financing
INV-004366,J-004366,2024-06-15,payment,148.57,card
INV-004367,J-004367,2024-06-07,payment,242.56,card
INV-004368,J-004368,2024-06-19,payment,362.08,card
INV-004369,J-004369,2024-06-19,payment,893.29,financing
INV-004370,J-004370,2024-06-28,payment,1255.97,card
INV-004371,J-004371,2024-06-17,payment,4050.0,card
INV-004371,J-004371,2024-08-28,refund,1982.13,card
INV-004372,J-004372,2024-06-26,payment,525.55,ach
INV-004373,J-004373,2024-06-07,payment,190.58,card
INV-004374,J-004374,2024-06-13,payment,120.36,ach
INV-004375,J-004375,2024-06-17,payment,623.44,financing
INV-004376,J-004376,2024-06-11,payment,7838.96,card
INV-004377,J-004377,2024-06-22,payment,248.5,card
INV-004378,J-004378,2024-06-16,payment,283.24,card
INV-004379,J-004379,2024-06-15,payment,446.95,check
INV-004380,J-004380,2024-07-02,payment,995.05,card
INV-004381,J-004381,2024-06-17,payment,243.55,financing
INV-004382,J-004382,2024-06-28,payment,190.49,ach
INV-004383,J-004383,2024-06-15,payment,436.24,check
INV-004384,J-004384,2024-06-25,payment,253.47,financing
INV-004385,J-004385,2024-06-14,payment,513.85,check
INV-004386,J-004386,2024-06-19,payment,209.14,card
INV-004387,J-004387,2024-06-19,payment,3614.87,card
INV-004388,J-004388,2024-06-16,payment,172.9,ach
INV-004389,J-004389,2024-07-06,payment,4151.4,card
INV-004389,J-004389,2024-10-31,chargeback,2934.45,card
INV-004390,J-004390,2024-07-06,payment,526.02,card
INV-004391,J-004391,2024-06-16,payment,208.59,ach
INV-004392,J-004392,2024-06-18,payment,357.03,card
INV-004393,J-004393,2024-06-21,payment,445.08,financing
INV-004394,J-004394,2024-06-14,payment,3254.2,financing
INV-004395,J-004395,2024-06-09,payment,681.92,financing
INV-004396,J-004396,2024-06-15,payment,214.92,financing
INV-004397,J-004397,2024-06-24,payment,376.97,card
INV-004398,J-004398,2024-07-01,payment,3427.88,check
INV-004399,J-004399,2024-06-15,payment,621.63,check
INV-004400,J-004400,2024-06-15,payment,227.37,financing
INV-004401,J-004401,2024-06-23,payment,3091.34,check
INV-004402,J-004402,2024-06-11,payment,3618.8,financing
INV-004403,J-004403,2024-06-15,payment,148.91,card
INV-004404,J-004404,2024-06-11,payment,354.02,financing
INV-004405,J-004405,2024-06-29,payment,196.81,card
INV-004406,J-004406,2024-06-19,payment,920.71,check
INV-004407,J-004407,2024-06-17,payment,5368.9,card
INV-004408,J-004408,2024-06-20,payment,5507.19,ach
INV-004409,J-004409,2024-06-19,payment,674.08,ach
INV-004410,J-004410,2024-07-03,payment,962.09,card
INV-004411,J-004411,2024-06-25,payment,428.96,check
INV-004412,J-004412,2024-06-22,payment,230.87,financing
INV-004413,J-004413,2024-06-15,payment,254.87,card
INV-004414,J-004414,2024-06-19,payment,519.33,ach
INV-004415,J-004415,2024-06-20,payment,498.8,financing
INV-004416,J-004416,2024-06-19,payment,152.13,card
INV-004417,J-004417,2024-06-21,payment,255.3,card
INV-004418,J-004418,2024-06-20,payment,5515.26,financing
INV-004419,J-004419,2024-06-23,payment,397.64,financing
INV-004420,J-004420,2024-06-19,payment,202.98,card
INV-004421,J-004421,2024-06-23,payment,311.15,card
INV-004422,J-004422,2024-06-23,payment,203.69,card
INV-004423,J-004423,2024-06-20,payment,416.1,financing
INV-004424,J-004424,2024-06-26,payment,335.88,financing
INV-004425,J-004425,2024-06-20,payment,258.95,card
INV-004426,J-004426,2024-06-25,payment,427.52,check
INV-004427,J-004427,2024-06-26,payment,353.16,ach
INV-004428,J-004428,2024-06-21,payment,160.71,ach
INV-004429,J-004429,2024-06-18,payment,309.24,card
INV-004430,J-004430,2024-06-18,payment,330.03,financing
INV-004431,J-004431,2024-06-23,payment,431.95,card
INV-004432,J-004432,2024-06-21,payment,234.82,financing
INV-004433,J-004433,2024-06-23,payment,637.85,card
INV-004434,J-004434,2024-06-26,payment,730.42,financing
INV-004434,J-004434,2024-08-02,refund,387.62,card
INV-004435,J-004435,2024-06-29,payment,248.62,ach
INV-004436,J-004436,2024-06-26,payment,268.81,financing
INV-004437,J-004437,2024-06-24,payment,368.35,card
INV-004438,J-004438,2024-06-21,payment,426.82,card
INV-004439,J-004439,2024-06-23,payment,181.42,card
INV-004440,J-004440,2024-06-18,payment,239.77,card
INV-004441,J-004441,2024-06-16,payment,388.09,financing
INV-004442,J-004442,2024-06-24,payment,214.86,card
INV-004443,J-004443,2024-06-19,payment,638.98,ach
INV-004444,J-004444,2024-06-17,payment,3889.1,financing
INV-004444,J-004444,2024-08-19,refund,3645.76,card
INV-004445,J-004445,2024-06-21,payment,410.24,financing
INV-004446,J-004446,2024-06-14,payment,435.67,ach
INV-004447,J-004447,2024-06-21,payment,252.56,card
INV-004448,J-004448,2024-06-27,payment,253.83,check
INV-004449,J-004449,2024-07-05,payment,275.44,ach
INV-004450,J-004450,2024-06-30,payment,207.58,card
INV-004451,J-004451,2024-06-18,payment,232.21,card
INV-004452,J-004452,2024-07-01,payment,411.2,financing
INV-004453,J-004453,2024-06-25,payment,4890.95,ach
INV-004454,J-004454,2024-06-21,payment,459.71,card
INV-004455,J-004455,2024-06-19,payment,3689.58,financing
INV-004456,J-004456,2024-06-20,payment,455.44,ach
INV-004457,J-004457,2024-06-27,payment,2738.19,card
INV-004458,J-004458,2024-06-23,payment,682.22,check
INV-004459,J-004459,2024-07-12,payment,336.45,card
INV-004460,J-004460,2024-06-16,payment,191.53,check
INV-004461,J-004461,2024-08-11,payment,4565.97,card
INV-004462,J-004462,2024-06-22,payment,382.35,card
INV-004463,J-004463,2024-07-06,payment,436.44,ach
INV-004464,J-004464,2024-07-07,payment,247.91,check
INV-004465,J-004465,2024-06-18,payment,180.38,card
INV-004466,J-004466,2024-06-20,payment,4763.96,financing
INV-004466,J-004466,2024-07-13,refund,2400.55,card
INV-004467,J-004467,2024-06-30,payment,3298.94,card
INV-004468,J-004468,2024-07-18,payment,188.76,card
INV-004469,J-004469,2024-06-23,payment,219.2,check
INV-004470,J-004470,2024-10-23,payment,4290.7,check
INV-004471,J-004471,2025-02-06,payment,3390.99,ach
INV-004472,J-004472,2024-07-29,payment,266.54,check
INV-004473,J-004473,2025-01-22,payment,4462.49,financing
INV-004473,J-004473,2025-03-09,chargeback,3217.67,card
INV-004474,J-004474,2024-07-06,payment,2971.55,card
INV-004475,J-004475,2024-07-06,payment,4910.69,financing
INV-004476,J-004476,2024-08-12,payment,3081.4,financing
INV-004477,J-004477,2024-12-13,payment,595.94,card
INV-004478,J-004478,2024-09-04,payment,213.0,card
INV-004479,J-004479,2024-11-07,payment,6833.42,card
INV-004480,J-004480,2024-12-16,payment,338.5,ach
INV-004481,J-004481,2024-10-03,payment,2782.48,financing
INV-004482,J-004482,2024-08-09,payment,222.32,ach
INV-004483,J-004483,2024-06-18,payment,391.79,financing
INV-004484,J-004484,2024-06-25,payment,157.87,financing
INV-004485,J-004485,2024-06-26,payment,656.32,check
INV-004486,J-004486,2024-06-22,payment,394.07,check
INV-004487,J-004487,2024-06-22,payment,324.41,check
INV-004488,J-004488,2024-06-21,payment,663.61,financing
INV-004489,J-004489,2024-06-18,payment,397.36,card
INV-004490,J-004490,2024-06-17,payment,344.14,financing
INV-004491,J-004491,2024-06-17,payment,369.92,check
INV-004492,J-004492,2024-06-17,payment,5773.45,card
INV-004493,J-004493,2024-06-22,payment,349.89,financing
INV-004494,J-004494,2024-06-18,payment,644.23,ach
INV-004495,J-004495,2024-07-06,payment,627.04,check
INV-004496,J-004496,2024-06-19,payment,354.79,card
INV-004497,J-004497,2024-06-23,payment,381.58,financing
INV-004498,J-004498,2024-06-15,payment,178.87,ach
INV-004498,J-004498,2024-07-04,refund,69.01,card
INV-004499,J-004499,2024-06-18,payment,286.78,card
INV-004500,J-004500,2024-06-19,payment,321.53,card
INV-004501,J-004501,2024-06-27,payment,184.58,card
INV-004502,J-004502,2024-07-04,payment,838.31,check
INV-004503,J-004503,2024-06-18,payment,213.34,check
INV-004504,J-004504,2024-06-27,payment,360.48,card
INV-004505,J-004505,2024-06-19,payment,858.79,financing
INV-004506,J-004506,2024-06-19,payment,915.2,financing
INV-004506,J-004506,2024-07-11,refund,518.69,card
INV-004507,J-004507,2024-06-19,payment,421.68,check
INV-004508,J-004508,2024-06-24,payment,502.68,card
INV-004509,J-004509,2024-06-18,payment,625.31,ach
INV-004510,J-004510,2024-06-17,payment,383.85,card
INV-004511,J-004511,2024-06-18,payment,444.01,financing
INV-004512,J-004512,2024-06-24,payment,343.09,check
INV-004513,J-004513,2024-06-14,payment,710.99,ach
INV-004514,J-004514,2024-06-19,payment,608.87,card
INV-004515,J-004515,2024-06-15,payment,239.0,card
INV-004516,J-004516,2024-06-26,payment,680.6,card
INV-004517,J-004517,2024-06-24,payment,314.17,financing
INV-004518,J-004518,2024-06-23,payment,648.03,check
INV-004519,J-004519,2024-06-30,payment,270.8,card
INV-004520,J-004520,2024-06-18,payment,388.99,ach
INV-004521,J-004521,2024-06-26,payment,426.93,card
INV-004522,J-004522,2024-06-26,payment,176.27,card
INV-004523,J-004523,2024-06-20,payment,714.53,card
INV-004524,J-004524,2024-06-16,payment,762.38,card
INV-004525,J-004525,2024-06-19,payment,633.15,card
INV-004526,J-004526,2024-06-22,payment,662.48,card
INV-004527,J-004527,2024-06-18,payment,5549.83,card
INV-004528,J-004528,2024-06-27,payment,357.36,ach
INV-004529,J-004529,2024-06-25,payment,4334.16,ach
INV-004530,J-004530,2024-07-08,payment,445.59,ach
INV-004531,J-004531,2024-06-26,payment,265.5,check
INV-004532,J-004532,2024-07-01,payment,4766.68,check
INV-004533,J-004533,2024-06-23,payment,772.78,check
INV-004534,J-004534,2024-06-20,payment,331.01,check
INV-004535,J-004535,2024-06-26,payment,448.74,card
INV-004536,J-004536,2024-06-26,payment,589.95,card
INV-004537,J-004537,2024-06-18,payment,518.1,financing
INV-004538,J-004538,2024-06-22,payment,278.36,card
INV-004539,J-004539,2024-06-20,payment,726.18,card
INV-004540,J-004540,2024-06-28,payment,4095.23,ach
INV-004541,J-004541,2024-06-20,payment,454.64,card
INV-004542,J-004542,2024-06-27,payment,178.77,card
INV-004543,J-004543,2024-07-04,payment,4668.48,card
INV-004544,J-004544,2024-06-28,payment,2910.51,check
INV-004545,J-004545,2024-07-13,payment,816.05,financing
INV-004546,J-004546,2024-06-19,payment,6477.61,card
INV-004546,J-004546,2024-09-24,chargeback,2979.91,card
INV-004547,J-004547,2024-06-22,payment,2492.32,card
INV-004548,J-004548,2024-06-21,payment,3850.23,financing
INV-004549,J-004549,2024-06-30,payment,392.68,card
INV-004550,J-004550,2024-06-28,payment,628.24,card
INV-004551,J-004551,2024-07-29,payment,401.46,check
INV-004552,J-004552,2024-07-09,payment,549.25,ach
INV-004553,J-004553,2024-06-26,payment,197.58,check
INV-004554,J-004554,2024-07-02,payment,182.69,card
INV-004555,J-004555,2024-07-09,payment,261.68,check
INV-004556,J-004556,2024-06-20,payment,372.45,financing
INV-004557,J-004557,2024-07-29,payment,551.92,check
INV-004558,J-004558,2024-07-01,payment,4495.85,financing
INV-004559,J-004559,2024-07-11,payment,267.19,card
INV-004560,J-004560,2024-06-25,payment,4524.12,financing
INV-004561,J-004561,2024-06-21,payment,568.57,card
INV-004562,J-004562,2024-06-23,payment,124.56,check
INV-004563,J-004563,2024-06-26,payment,302.21,check
INV-004564,J-004564,2024-07-29,payment,280.4,check
INV-004565,J-004565,2024-06-25,payment,271.57,ach
INV-004566,J-004566,2024-06-17,payment,148.65,financing
INV-004567,J-004567,2024-07-08,payment,1412.45,card
INV-004568,J-004568,2024-06-24,payment,606.44,financing
INV-004569,J-004569,2024-06-23,payment,5002.84,financing
INV-004570,J-004570,2024-06-20,payment,803.93,card
INV-004571,J-004571,2024-06-25,payment,171.96,financing
INV-004572,J-004572,2024-07-01,payment,688.15,ach
INV-004573,J-004573,2024-06-28,payment,278.21,card
INV-004574,J-004574,2024-06-28,payment,228.21,ach
INV-004575,J-004575,2024-06-28,payment,3463.18,check
INV-004575,J-004575,2024-07-23,refund,2124.54,card
INV-004576,J-004576,2024-06-16,payment,225.0,card
INV-004577,J-004577,2024-06-29,payment,3768.42,ach
INV-004578,J-004578,2024-06-17,payment,546.59,financing
INV-004579,J-004579,2024-07-15,payment,5997.5,check
INV-004580,J-004580,2024-06-23,payment,159.48,card
INV-004581,J-004581,2024-06-27,payment,513.58,card
INV-004582,J-004582,2024-06-19,payment,227.42,check
INV-004583,J-004583,2024-07-08,payment,1135.92,card
INV-004584,J-004584,2024-06-28,payment,4718.38,card
INV-004585,J-004585,2024-06-28,payment,805.25,financing
INV-004586,J-004586,2024-06-19,payment,376.63,ach
INV-004587,J-004587,2024-06-22,payment,4038.9,check
INV-004588,J-004588,2024-06-25,payment,372.08,check
INV-004589,J-004589,2024-06-19,payment,130.62,ach
INV-004590,J-004590,2024-08-08,payment,239.99,financing
INV-004591,J-004591,2024-06-24,payment,568.0,card
INV-004592,J-004592,2024-06-17,payment,5464.36,check
INV-004593,J-004593,2024-06-28,payment,202.5,card
INV-004594,J-004594,2024-06-26,payment,767.55,check
INV-004595,J-004595,2024-06-26,payment,141.56,card
INV-004596,J-004596,2024-06-26,payment,125.05,ach
INV-004597,J-004597,2024-07-09,payment,3657.22,financing
INV-004598,J-004598,2024-06-21,payment,547.9,ach
INV-004599,J-004599,2024-06-24,payment,203.33,card
INV-004600,J-004600,2024-06-28,payment,3595.2,ach
INV-004601,J-004601,2024-06-30,payment,242.37,check
INV-004602,J-004602,2024-06-23,payment,265.27,card
INV-004603,J-004603,2024-07-05,payment,353.74,check
INV-004604,J-004604,2024-07-01,payment,229.65,check
INV-004605,J-004605,2024-07-01,payment,250.77,card
INV-004606,J-004606,2024-06-25,payment,456.76,check
INV-004607,J-004607,2024-07-02,payment,477.55,financing
INV-004608,J-004608,2024-06-23,payment,390.65,financing
INV-004609,J-004609,2024-06-29,payment,568.86,ach
INV-004610,J-004610,2024-06-23,payment,511.93,card
INV-004611,J-004611,2024-07-03,payment,207.52,check
INV-004612,J-004612,2024-06-30,payment,114.97,check
INV-004613,J-004613,2024-07-01,payment,210.28,card
INV-004614,J-004614,2024-06-24,payment,3472.56,ach
INV-004615,J-004615,2024-06-23,payment,272.95,card
INV-004616,J-004616,2024-07-01,payment,3711.43,card
INV-004617,J-004617,2024-06-29,payment,271.5,ach
INV-004618,J-004618,2024-06-24,payment,4912.11,card
INV-004619,J-004619,2024-06-28,payment,346.03,card
INV-004620,J-004620,2024-06-26,payment,568.31,check
INV-004621,J-004621,2024-06-30,payment,775.07,check
INV-004622,J-004622,2024-06-21,payment,246.96,card
INV-004623,J-004623,2024-06-30,payment,230.41,financing
INV-004624,J-004624,2024-06-25,payment,311.95,ach
INV-004625,J-004625,2024-06-25,payment,290.51,ach
INV-004626,J-004626,2024-06-29,payment,240.64,financing
INV-004627,J-004627,2024-06-25,payment,160.73,financing
INV-004628,J-004628,2024-06-27,payment,275.61,card
INV-004629,J-004629,2024-06-29,payment,366.37,financing
INV-004629,J-004629,2024-08-13,refund,267.01,card
INV-004630,J-004630,2024-06-23,payment,196.07,ach
INV-004631,J-004631,2024-06-26,payment,308.07,financing
INV-004632,J-004632,2024-06-27,payment,200.71,card
INV-004633,J-004633,2024-06-27,payment,513.87,check
INV-004634,J-004634,2024-07-07,payment,311.03,check
INV-004635,J-004635,2024-06-25,payment,544.01,check
INV-004636,J-004636,2024-07-09,payment,489.53,financing
INV-004637,J-004637,2024-06-26,payment,456.96,ach
INV-004638,J-004638,2024-07-01,payment,233.07,check
INV-004639,J-004639,2024-06-27,payment,304.29,ach
INV-004640,J-004640,2024-06-22,payment,322.45,card
INV-004641,J-004641,2024-06-24,payment,133.88,check
INV-004642,J-004642,2024-07-05,payment,446.51,card
INV-004643,J-004643,2024-07-07,payment,288.49,financing
INV-004644,J-004644,2024-06-24,payment,591.73,ach
INV-004645,J-004645,2024-07-03,payment,695.26,card
INV-004646,J-004646,2024-07-02,payment,391.37,card
INV-004647,J-004647,2024-06-27,payment,181.52,ach
INV-004648,J-004648,2024-06-26,payment,221.45,financing
INV-004649,J-004649,2024-06-30,payment,265.14,ach
INV-004650,J-004650,2024-07-01,payment,436.95,check
INV-004651,J-004651,2024-07-18,payment,232.3,financing
INV-004652,J-004652,2024-06-27,payment,3499.37,ach
INV-004653,J-004653,2024-06-26,payment,5191.85,card
INV-004654,J-004654,2024-06-30,payment,275.91,card
INV-004655,J-004655,2024-07-02,payment,444.75,ach
INV-004656,J-004656,2024-06-26,payment,176.89,card
INV-004657,J-004657,2024-06-28,payment,4843.86,card
INV-004658,J-004658,2024-06-28,payment,3027.75,card
INV-004659,J-004659,2024-07-12,payment,6139.7,card
INV-004660,J-004660,2024-06-24,payment,192.39,check
INV-004661,J-004661,2024-06-27,payment,345.81,card
INV-004662,J-004662,2024-08-08,payment,186.91,card
INV-004663,J-004663,2024-06-28,payment,295.07,check
INV-004664,J-004664,2024-06-29,payment,3933.47,check
INV-004665,J-004665,2024-06-21,payment,279.82,financing
INV-004666,J-004666,2024-07-02,payment,4417.08,check
INV-004667,J-004667,2024-07-25,payment,3741.87,card
INV-004668,J-004668,2024-06-28,payment,407.09,financing
INV-004669,J-004669,2024-06-29,payment,527.79,financing
INV-004670,J-004670,2024-07-23,payment,165.36,ach
INV-004671,J-004671,2024-07-03,payment,373.76,check
INV-004672,J-004672,2024-07-07,payment,4971.04,financing
INV-004673,J-004673,2024-07-08,payment,3128.69,ach
INV-004674,J-004674,2024-06-27,payment,243.1,card
INV-004675,J-004675,2024-07-05,payment,2557.41,financing
INV-004676,J-004676,2024-09-20,payment,514.19,check
INV-004677,J-004677,2024-07-07,payment,295.38,check
INV-004678,J-004678,2024-07-15,payment,154.49,card
INV-004679,J-004679,2024-07-01,payment,369.27,ach
INV-004680,J-004680,2024-06-21,payment,4429.98,card
INV-004681,J-004681,2024-07-03,payment,196.98,ach
INV-004682,J-004682,2024-10-12,payment,4955.59,card
INV-004683,J-004683,2024-09-22,payment,2676.74,ach
INV-004684,J-004684,2024-07-24,payment,4240.54,card
INV-004685,J-004685,2024-07-28,payment,181.51,financing
INV-004686,J-004686,2024-07-18,payment,3685.12,check
INV-004687,J-004687,2025-01-03,payment,4803.12,card
INV-004688,J-004688,2024-10-11,payment,188.41,ach
INV-004689,J-004689,2024-07-26,payment,4610.18,check
INV-004690,J-004690,2024-07-09,payment,4418.68,card
INV-004691,J-004691,2024-07-09,payment,410.84,card
INV-004692,J-004692,2024-06-27,payment,3774.68,card
INV-004692,J-004692,2024-11-15,refund,1768.12,card
INV-004693,J-004693,2024-08-04,payment,4031.0,card
INV-004694,J-004694,2024-08-19,payment,3366.16,financing
INV-004695,J-004695,2024-07-08,payment,207.56,card
INV-004696,J-004696,2024-09-30,payment,3122.93,ach
INV-004697,J-004697,2024-07-18,payment,374.05,check
INV-004698,J-004698,2024-07-22,payment,5967.94,ach
INV-004699,J-004699,2024-10-28,payment,5785.59,card
INV-004699,J-004699,2025-04-05,refund,3770.82,card
INV-004700,J-004700,2024-07-20,payment,4790.71,ach
INV-004701,J-004701,2024-09-28,payment,5862.19,financing
INV-004702,J-004702,2024-09-10,payment,3303.77,card
INV-004703,J-004703,2024-06-29,payment,371.15,card
INV-004704,J-004704,2024-06-28,payment,213.48,financing
INV-004705,J-004705,2024-06-27,payment,359.92,ach
INV-004706,J-004706,2024-06-23,payment,833.64,financing
INV-004707,J-004707,2024-06-27,payment,669.69,check
INV-004708,J-004708,2024-06-28,payment,344.01,ach
INV-004709,J-004709,2024-06-21,payment,352.58,card
INV-004710,J-004710,2024-07-02,payment,146.09,financing
INV-004711,J-004711,2024-06-29,payment,332.51,card
INV-004712,J-004712,2024-06-28,payment,455.82,ach
INV-004713,J-004713,2024-06-29,payment,249.52,card
INV-004714,J-004714,2024-06-28,payment,322.07,ach
INV-004715,J-004715,2024-06-26,payment,632.51,ach
INV-004716,J-004716,2024-06-26,payment,241.81,financing
INV-004717,J-004717,2024-06-29,payment,761.97,ach
INV-004718,J-004718,2024-06-24,payment,255.42,check
INV-004719,J-004719,2024-06-27,payment,504.92,check
INV-004720,J-004720,2024-06-26,payment,6681.52,card
INV-004721,J-004721,2024-06-30,payment,312.39,ach
INV-004722,J-004722,2024-06-29,payment,166.36,card
INV-004723,J-004723,2024-06-28,payment,243.6,ach
INV-004724,J-004724,2024-06-22,payment,321.44,card
INV-004725,J-004725,2024-06-26,payment,235.54,check
INV-004726,J-004726,2024-06-29,payment,463.56,card
INV-004727,J-004727,2024-06-26,payment,566.68,financing
INV-004728,J-004728,2024-06-26,payment,3105.72,card
INV-004729,J-004729,2024-06-26,payment,278.85,card
INV-004730,J-004730,2024-06-22,payment,267.77,financing
INV-004731,J-004731,2024-06-24,payment,310.27,financing
INV-004731,J-004731,2024-07-24,chargeback,181.52,card
INV-004732,J-004732,2024-06-28,payment,360.57,financing
INV-004733,J-004733,2024-06-21,payment,227.44,card
INV-004734,J-004734,2024-06-26,payment,260.07,financing
INV-004734,J-004734,2024-07-15,refund,259.68,card
INV-004735,J-004735,2024-06-29,payment,293.91,card
INV-004736,J-004736,2024-06-24,payment,377.09,card
INV-004737,J-004737,2024-06-24,payment,592.2,ach
INV-004738,J-004738,2024-06-28,payment,419.62,card
INV-004739,J-004739,2024-06-24,payment,461.38,check
INV-004740,J-004740,2024-06-29,payment,216.26,card
INV-004741,J-004741,2024-07-02,payment,261.62,card
INV-004742,J-004742,2024-06-25,payment,174.32,financing
INV-004743,J-004743,2024-06-25,payment,389.33,financing
INV-004744,J-004744,2024-06-29,payment,537.35,check
INV-004745,J-004745,2024-06-30,payment,544.8,card
INV-004746,J-004746,2024-06-29,payment,470.48,financing
INV-004747,J-004747,2024-06-25,payment,3277.09,card
INV-004748,J-004748,2024-06-29,payment,168.71,ach
INV-004749,J-004749,2024-07-10,payment,238.17,card
INV-004750,J-004750,2024-06-22,payment,471.91,card
INV-004751,J-004751,2024-06-24,payment,193.0,financing
INV-004752,J-004752,2024-07-03,payment,353.53,check
INV-004753,J-004753,2024-06-27,payment,4508.3,card
INV-004754,J-004754,2024-06-24,payment,148.95,card
INV-004755,J-004755,2024-06-27,payment,237.32,check
INV-004756,J-004756,2024-06-22,payment,476.32,card
INV-004757,J-004757,2024-06-25,payment,129.95,financing
INV-004758,J-004758,2024-06-25,payment,399.07,ach
INV-004759,J-004759,2024-07-06,payment,992.98,check
INV-004760,J-004760,2024-07-07,payment,5036.13,ach
INV-004761,J-004761,2024-06-26,payment,5669.86,card
INV-004762,J-004762,2024-07-16,payment,3253.24,financing
INV-004763,J-004763,2024-07-07,payment,4553.76,check
INV-004764,J-004764,2024-08-08,payment,303.57,financing
INV-004765,J-004765,2024-08-12,payment,5602.65,card
INV-004766,J-004766,2024-07-23,payment,395.81,card
INV-004767,J-004767,2024-06-27,payment,262.54,card
INV-004768,J-004768,2024-07-04,payment,2865.76,ach
INV-004769,J-004769,2024-06-30,payment,226.44,card
INV-004770,J-004770,2024-07-03,payment,4334.35,financing
INV-004771,J-004771,2024-07-10,payment,307.96,ach
INV-004772,J-004772,2024-07-05,payment,4279.01,financing
INV-004773,J-004773,2024-06-27,payment,3679.1,check
INV-004774,J-004774,2024-07-06,payment,306.21,ach
INV-004775,J-004775,2024-07-04,payment,169.53,card
INV-004776,J-004776,2024-07-02,payment,306.98,ach
INV-004777,J-004777,2024-07-03,payment,210.37,check
INV-004778,J-004778,2024-07-09,payment,293.08,card
INV-004779,J-004779,2024-07-12,payment,382.72,check
INV-004780,J-004780,2024-06-30,payment,576.92,card
INV-004781,J-004781,2024-06-24,payment,300.69,financing
INV-004782,J-004782,2024-07-02,payment,465.74,ach
INV-004783,J-004783,2024-07-06,payment,216.14,card
INV-004784,J-004784,2024-06-27,payment,311.68,ach
INV-004785,J-004785,2024-07-04,payment,356.86,ach
INV-004786,J-004786,2024-07-05,payment,410.6,check
INV-004787,J-004787,2024-06-26,payment,262.9,ach
INV-004787,J-004787,2024-07-23,refund,176.26,card
INV-004788,J-004788,2024-06-28,payment,118.6,check
INV-004789,J-004789,2024-06-26,payment,400.62,financing
INV-004790,J-004790,2024-06-25,payment,235.71,ach
INV-004791,J-004791,2024-06-30,payment,4315.94,card
INV-004792,J-004792,2024-07-04,payment,157.01,card
INV-004793,J-004793,2024-07-16,payment,157.17,card
INV-004794,J-004794,2024-07-07,payment,224.26,check
INV-004795,J-004795,2024-07-06,payment,196.21,card
INV-004796,J-004796,2024-06-28,payment,211.98,financing
INV-004797,J-004797,2024-06-28,payment,547.63,card
INV-004798,J-004798,2024-06-30,payment,317.04,ach
INV-004799,J-004799,2024-06-26,payment,202.99,check
INV-004800,J-004800,2024-07-01,payment,228.08,ach
INV-004801,J-004801,2024-06-26,payment,5203.45,financing
INV-004802,J-004802,2024-06-23,payment,342.15,check
INV-004803,J-004803,2024-06-27,payment,562.7,card
INV-004804,J-004804,2024-07-21,payment,223.29,financing
INV-004805,J-004805,2024-06-29,payment,213.37,ach
INV-004806,J-004806,2024-06-27,payment,1217.56,card
INV-004807,J-004807,2024-06-28,payment,191.24,ach
INV-004808,J-004808,2024-06-30,payment,180.7,financing
INV-004809,J-004809,2024-06-24,payment,4926.73,card
INV-004810,J-004810,2024-06-30,payment,121.9,card
INV-004811,J-004811,2024-07-06,payment,452.5,ach
INV-004812,J-004812,2024-07-07,payment,3573.71,card
INV-004813,J-004813,2024-07-05,payment,325.14,check
INV-004814,J-004814,2024-07-07,payment,699.29,card
INV-004815,J-004815,2024-07-06,payment,212.78,financing
INV-004816,J-004816,2024-06-29,payment,314.08,card
INV-004817,J-004817,2024-07-13,payment,685.14,card
INV-004818,J-004818,2024-07-07,payment,237.37,ach
INV-004819,J-004819,2024-07-07,payment,194.06,card
INV-004820,J-004820,2024-07-04,payment,3050.96,card
INV-004821,J-004821,2024-07-02,payment,189.62,card
INV-004822,J-004822,2024-07-04,payment,627.68,financing
INV-004823,J-004823,2024-07-05,payment,227.92,financing
INV-004824,J-004824,2024-07-04,payment,151.63,check
INV-004825,J-004825,2024-06-29,payment,473.35,card
INV-004826,J-004826,2024-07-10,payment,562.74,check
INV-004827,J-004827,2024-07-06,payment,297.69,financing
INV-004828,J-004828,2024-07-12,payment,201.86,ach
INV-004829,J-004829,2024-06-30,payment,502.53,check
INV-004830,J-004830,2024-07-03,payment,100.43,ach
INV-004831,J-004831,2024-07-04,payment,227.16,check
INV-004832,J-004832,2024-07-09,payment,372.47,financing
INV-004833,J-004833,2024-07-05,payment,319.41,card
INV-004834,J-004834,2024-07-19,payment,362.68,financing
INV-004835,J-004835,2024-06-29,payment,3534.28,ach
INV-004836,J-004836,2024-07-05,payment,416.8,card
INV-004837,J-004837,2024-07-04,payment,220.79,financing
INV-004838,J-004838,2024-07-12,payment,5507.66,check
INV-004839,J-004839,2024-07-05,payment,260.02,card
INV-004840,J-004840,2024-07-18,payment,1235.91,card
INV-004841,J-004841,2024-07-09,payment,349.17,check
INV-004842,J-004842,2024-07-02,payment,278.33,card
INV-004843,J-004843,2024-07-02,payment,114.0,check
INV-004844,J-004844,2024-07-26,payment,232.57,check
INV-004845,J-004845,2024-06-30,payment,500.89,ach
INV-004846,J-004846,2024-07-07,payment,267.68,card
INV-004847,J-004847,2024-07-10,payment,334.18,card
INV-004848,J-004848,2024-07-07,payment,287.28,check
INV-004849,J-004849,2024-07-07,payment,196.53,card
INV-004850,J-004850,2024-07-10,payment,272.74,card
INV-004851,J-004851,2024-07-20,payment,423.62,card
INV-004852,J-004852,2024-07-03,payment,252.87,financing
INV-004853,J-004853,2024-07-05,payment,157.09,card
INV-004854,J-004854,2024-07-02,payment,236.33,ach
INV-004855,J-004855,2024-07-09,payment,308.39,ach
INV-004856,J-004856,2024-07-05,payment,1539.45,ach
INV-004857,J-004857,2024-07-12,payment,176.6,card
INV-004858,J-004858,2024-07-06,payment,166.88,financing
INV-004859,J-004859,2024-07-09,payment,4535.29,card
INV-004860,J-004860,2024-07-01,payment,403.45,check
INV-004860,J-004860,2024-07-23,refund,293.78,card
INV-004861,J-004861,2024-07-10,payment,224.47,financing
INV-004862,J-004862,2024-07-17,payment,434.72,ach
INV-004863,J-004863,2024-07-12,payment,621.1,card
INV-004864,J-004864,2024-07-05,payment,2897.18,card
INV-004865,J-004865,2024-07-03,payment,528.43,card
INV-004866,J-004866,2024-07-04,payment,133.55,financing
INV-004867,J-004867,2024-07-04,payment,3953.96,check
INV-004868,J-004868,2024-06-29,payment,138.78,financing
INV-004869,J-004869,2024-07-05,payment,154.93,card
INV-004870,J-004870,2024-07-17,payment,410.99,check
INV-004871,J-004871,2024-06-27,payment,616.31,financing
INV-004872,J-004872,2024-07-19,payment,200.11,card
INV-004872,J-004872,2024-09-21,refund,179.93,card
INV-004873,J-004873,2024-07-02,payment,2396.74,check
INV-004874,J-004874,2024-07-06,payment,89.8,card
INV-004875,J-004875,2024-07-09,payment,359.94,card
INV-004876,J-004876,2024-07-06,payment,486.68,check
INV-004877,J-004877,2024-07-09,payment,125.52,card
INV-004878,J-004878,2024-08-21,payment,5997.0,check
INV-004879,J-004879,2024-07-01,payment,419.75,check
INV-004880,J-004880,2024-07-07,payment,257.13,check
INV-004881,J-004881,2024-07-01,payment,3659.08,ach
INV-004882,J-004882,2024-08-19,payment,513.87,financing
INV-004883,J-004883,2024-07-21,payment,263.24,check
INV-004884,J-004884,2024-08-04,payment,190.45,check
INV-004885,J-004885,2024-07-24,payment,309.84,ach
INV-004886,J-004886,2024-08-04,payment,4101.16,ach
INV-004887,J-004887,2024-07-17,payment,3598.1,financing
INV-004888,J-004888,2024-07-06,payment,321.93,financing
INV-004889,J-004889,2024-07-13,payment,3175.36,card
INV-004890,J-004890,2024-07-07,payment,320.44,ach
INV-004891,J-004891,2024-07-03,payment,866.1,financing
INV-004892,J-004892,2024-07-14,payment,190.37,ach
INV-004893,J-004893,2024-07-11,payment,2493.11,card
INV-004894,J-004894,2024-07-09,payment,466.2,financing
INV-004895,J-004895,2024-07-17,payment,353.23,check
INV-004896,J-004896,2024-07-15,payment,139.88,check
INV-004897,J-004897,2024-07-08,payment,226.63,card
INV-004898,J-004898,2024-07-18,payment,3687.98,financing
INV-004899,J-004899,2024-07-07,payment,3071.91,financing
INV-004900,J-004900,2024-07-17,payment,3112.72,ach
INV-004901,J-004901,2024-08-10,payment,4571.99,ach
INV-004902,J-004902,2024-08-11,payment,672.59,card
INV-004903,J-004903,2024-10-02,payment,5026.74,financing
INV-004904,J-004904,2024-07-28,payment,5219.07,card
INV-004904,J-004904,2024-11-02,refund,1610.76,card
INV-004905,J-004905,2024-07-28,payment,411.75,ach
INV-004906,J-004906,2024-07-17,payment,6922.23,ach
INV-004907,J-004907,2024-07-17,payment,4020.86,financing
INV-004908,J-004908,2024-07-17,payment,3962.07,check
INV-004909,J-004909,2024-10-20,payment,4073.26,card
INV-004910,J-004910,2024-10-01,payment,536.74,ach
INV-004910,J-004910,2024-12-08,refund,258.52,card
INV-004911,J-004911,2024-09-19,payment,6335.14,check
INV-004912,J-004912,2024-10-15,payment,2875.89,financing
INV-004912,J-004912,2024-11-13,refund,1530.44,card
INV-004913,J-004913,2024-08-09,payment,4175.45,card
INV-004913,J-004913,2024-11-07,chargeback,1869.2,card
INV-004914,J-004914,2024-11-04,payment,3777.07,card
INV-004915,J-004915,2024-09-22,payment,5245.53,card
INV-004916,J-004916,2024-09-11,payment,184.13,ach
INV-004917,J-004917,2024-08-29,payment,4252.79,check
INV-004918,J-004918,2024-07-04,payment,558.57,ach
INV-004919,J-004919,2024-07-01,payment,368.02,financing
INV-004920,J-004920,2024-07-04,payment,427.83,ach
INV-004921,J-004921,2024-07-01,payment,363.33,card
INV-004922,J-004922,2024-07-04,payment,287.17,card
INV-004923,J-004923,2024-07-04,payment,390.3,check
INV-004924,J-004924,2024-07-04,payment,392.04,check
INV-004925,J-004925,2024-06-27,payment,555.94,ach
INV-004926,J-004926,2024-07-01,payment,262.76,card
INV-004927,J-004927,2024-07-04,payment,232.77,check
INV-004928,J-004928,2024-07-08,payment,232.45,ach
INV-004929,J-004929,2024-07-03,payment,182.79,ach
INV-004930,J-004930,2024-07-02,payment,402.46,card
INV-004931,J-004931,2024-07-10,payment,392.64,card
INV-004932,J-004932,2024-07-05,payment,463.47,financing
INV-004933,J-004933,2024-07-16,payment,696.75,ach
INV-004934,J-004934,2024-07-02,payment,167.45,check
INV-004935,J-004935,2024-07-03,payment,203.97,check
INV-004936,J-004936,2024-07-08,payment,184.19,financing
INV-004937,J-004937,2024-07-10,payment,551.4,ach
INV-004938,J-004938,2024-07-06,payment,527.07,ach
INV-004939,J-004939,2024-07-08,payment,706.42,card
INV-004940,J-004940,2024-07-01,payment,411.2,card
INV-004941,J-004941,2024-06-28,payment,417.94,financing
INV-004942,J-004942,2024-07-04,payment,429.69,card
INV-004943,J-004943,2024-07-08,payment,207.17,card
INV-004944,J-004944,2024-06-29,payment,425.0,ach
INV-004945,J-004945,2024-07-14,payment,164.41,check
INV-004946,J-004946,2024-07-04,payment,344.32,check
INV-004947,J-004947,2024-07-01,payment,219.33,financing
INV-004948,J-004948,2024-07-02,payment,4285.48,card
INV-004948,J-004948,2024-07-11,refund,2247.31,card
INV-004949,J-004949,2024-07-02,payment,2955.45,card
INV-004950,J-004950,2024-07-06,payment,778.0,check
INV-004951,J-004951,2024-07-06,payment,389.33,check
INV-004952,J-004952,2024-07-03,payment,898.66,ach
INV-004953,J-004953,2024-07-02,payment,664.54,card
INV-004954,J-004954,2024-07-02,payment,617.5,card
INV-004955,J-004955,2024-07-03,payment,387.48,card
INV-004956,J-004956,2024-07-02,payment,537.95,financing
INV-004957,J-004957,2024-07-05,payment,274.14,card
INV-004958,J-004958,2024-07-06,payment,454.18,ach
INV-004959,J-004959,2024-07-12,payment,521.51,card
INV-004960,J-004960,2024-07-10,payment,597.97,financing
INV-004960,J-004960,2024-08-25,chargeback,583.91,card
INV-004961,J-004961,2024-07-12,payment,222.12,card
INV-004962,J-004962,2024-07-05,payment,463.16,card
INV-004963,J-004963,2024-06-26,payment,283.82,card
INV-004964,J-004964,2024-07-12,payment,237.75,card
INV-004965,J-004965,2024-06-28,payment,251.21,ach
INV-004966,J-004966,2024-06-28,payment,389.11,financing
INV-004967,J-004967,2024-07-09,payment,438.86,check
INV-004968,J-004968,2024-07-02,payment,4666.26,check
INV-004969,J-004969,2024-07-10,payment,332.76,ach
INV-004970,J-004970,2024-07-20,payment,3898.82,financing
INV-004971,J-004971,2024-07-23,payment,4848.73,card
INV-004972,J-004972,2024-07-18,payment,3616.33,card
INV-004973,J-004973,2024-07-16,payment,514.02,check
INV-004974,J-004974,2024-07-08,payment,151.52,card
INV-004975,J-004975,2024-07-05,payment,201.19,financing
INV-004976,J-004976,2024-07-11,payment,182.97,ach
INV-004977,J-004977,2024-07-15,payment,183.74,card
INV-004978,J-004978,2024-07-07,payment,443.65,check
INV-004979,J-004979,2024-07-04,payment,108.97,card
INV-004980,J-004980,2024-07-01,payment,299.59,card
INV-004981,J-004981,2024-07-03,payment,3985.37,card
INV-004982,J-004982,2024-07-18,payment,129.44,financing
INV-004983,J-004983,2024-07-12,payment,921.51,check
INV-004984,J-004984,2024-07-14,payment,268.28,card
INV-004985,J-004985,2024-07-10,payment,400.92,check
INV-004986,J-004986,2024-07-07,payment,198.02,card
INV-004987,J-004987,2024-07-06,payment,251.25,financing
INV-004988,J-004988,2024-07-09,payment,600.76,financing
INV-004989,J-004989,2024-07-12,payment,381.88,ach
INV-004990,J-004990,2024-07-04,payment,275.73,financing
INV-004990,J-004990,2024-08-20,refund,268.03,card
INV-004991,J-004991,2024-07-10,payment,3168.11,financing
INV-004992,J-004992,2024-07-03,payment,315.51,ach
INV-004993,J-004993,2024-07-07,payment,156.63,ach
INV-004994,J-004994,2024-07-06,payment,3458.61,financing
INV-004995,J-004995,2024-07-25,payment,626.26,financing
INV-004996,J-004996,2024-07-10,payment,204.87,card
INV-004997,J-004997,2024-07-08,payment,231.11,check
INV-004998,J-004998,2024-07-12,payment,230.85,check
INV-004999,J-004999,2024-07-07,payment,344.27,card
INV-005000,J-005000,2024-07-06,payment,444.47,ach
INV-005001,J-005001,2024-07-25,payment,3412.46,card
INV-005002,J-005002,2024-07-07,payment,103.1,check
INV-005003,J-005003,2024-07-01,payment,4715.48,check
INV-005004,J-005004,2024-07-18,payment,594.55,card
INV-005005,J-005005,2024-07-10,payment,5027.94,card
INV-005006,J-005006,2024-07-21,payment,405.36,financing
INV-005007,J-005007,2024-07-31,payment,234.29,check
INV-005008,J-005008,2024-07-10,payment,288.92,check
INV-005009,J-005009,2024-07-07,payment,3484.77,financing
INV-005010,J-005010,2024-07-14,payment,243.68,ach
INV-005011,J-005011,2024-07-16,payment,374.52,ach
INV-005012,J-005012,2024-06-29,payment,631.2,check
INV-005013,J-005013,2024-07-20,payment,181.56,financing
INV-005014,J-005014,2024-07-10,payment,289.11,check
INV-005015,J-005015,2024-07-08,payment,3140.31,card
INV-005016,J-005016,2024-07-06,payment,364.5,card
INV-005017,J-005017,2024-07-14,payment,477.39,financing
INV-005018,J-005018,2024-07-05,payment,4208.28,ach
INV-005019,J-005019,2024-06-30,payment,550.21,card
INV-005019,J-005019,2024-08-18,refund,507.16,card
INV-005020,J-005020,2024-07-09,payment,294.18,check
INV-005021,J-005021,2024-07-13,payment,301.81,card
INV-005022,J-005022,2024-07-22,payment,655.35,financing
INV-005023,J-005023,2024-07-05,payment,5118.42,card
INV-005024,J-005024,2024-07-09,payment,4307.21,card
INV-005025,J-005025,2024-07-02,payment,174.65,financing
INV-005026,J-005026,2024-07-22,payment,448.4,card
INV-005027,J-005027,2024-07-15,payment,193.51,ach
INV-005028,J-005028,2024-07-16,payment,4457.69,financing
INV-005029,J-005029,2024-07-12,payment,255.37,card
INV-005030,J-005030,2024-07-09,payment,191.18,check
INV-005031,J-005031,2024-07-06,payment,200.19,card
INV-005032,J-005032,2024-07-09,payment,247.93,check
INV-005033,J-005033,2024-07-11,payment,1046.17,card
INV-005034,J-005034,2024-07-15,payment,148.98,check
INV-005035,J-005035,2024-07-26,payment,169.7,card
INV-005036,J-005036,2024-07-12,payment,311.75,card
INV-005037,J-005037,2024-07-10,payment,502.26,card
INV-005038,J-005038,2024-07-07,payment,215.05,card
INV-005039,J-005039,2024-07-12,payment,691.65,check
INV-005040,J-005040,2024-07-06,payment,1013.71,card
INV-005041,J-005041,2024-07-18,payment,439.27,card
INV-005042,J-005042,2024-07-07,payment,457.87,financing
INV-005043,J-005043,2024-07-14,payment,221.17,financing
INV-005044,J-005044,2024-07-27,payment,286.62,card
INV-005045,J-005045,2024-07-14,payment,378.4,check
INV-005046,J-005046,2024-07-13,payment,662.2,ach
INV-005047,J-005047,2024-07-09,payment,220.69,ach
INV-005048,J-005048,2024-07-17,payment,5542.27,financing
INV-005048,J-005048,2024-08-08,refund,2963.53,card
INV-005049,J-005049,2024-07-08,payment,477.68,check
INV-005050,J-005050,2024-07-17,payment,568.4,financing
INV-005051,J-005051,2024-07-27,payment,568.58,card
INV-005052,J-005052,2024-07-18,payment,385.36,check
INV-005052,J-005052,2024-09-24,refund,376.24,card
INV-005053,J-005053,2024-07-10,payment,502.54,financing
INV-005054,J-005054,2024-07-09,payment,139.31,ach
INV-005055,J-005055,2024-07-18,payment,236.04,check
INV-005056,J-005056,2024-07-09,payment,408.84,check
INV-005057,J-005057,2024-07-14,payment,209.61,financing
INV-005058,J-005058,2024-07-08,payment,162.5,card
INV-005059,J-005059,2024-07-18,payment,678.01,ach
INV-005060,J-005060,2024-07-11,payment,358.52,check
INV-005061,J-005061,2024-07-13,payment,327.06,card
INV-005062,J-005062,2024-07-06,payment,436.48,ach
INV-005063,J-005063,2024-07-08,payment,281.04,financing
INV-005064,J-005064,2024-07-12,payment,253.02,card
INV-005065,J-005065,2024-07-13,payment,223.53,card
INV-005066,J-005066,2024-07-18,payment,319.0,check
INV-005067,J-005067,2024-07-11,payment,207.66,card
INV-005068,J-005068,2024-07-19,payment,763.82,financing
INV-005068,J-005068,2024-08-05,refund,564.62,card
INV-005069,J-005069,2024-07-17,payment,262.47,ach
INV-005070,J-005070,2024-07-13,payment,156.17,ach
INV-005071,J-005071,2024-07-11,payment,3002.64,ach
INV-005071,J-005071,2024-08-08,refund,1948.08,card
INV-005072,J-005072,2024-07-14,payment,268.47,ach
INV-005073,J-005073,2024-07-31,payment,2943.27,financing
INV-005074,J-005074,2024-07-22,payment,356.94,financing
INV-005075,J-005075,2024-07-10,payment,4287.5,card
INV-005076,J-005076,2024-07-10,payment,129.22,card
INV-005077,J-005077,2024-07-11,payment,441.85,card
INV-005078,J-005078,2024-07-19,payment,793.45,check
INV-005079,J-005079,2024-07-10,payment,457.63,check
INV-005080,J-005080,2024-07-07,payment,442.61,card
INV-005081,J-005081,2024-07-09,payment,2301.91,card
INV-005082,J-005082,2024-07-18,payment,649.58,ach
INV-005083,J-005083,2024-07-20,payment,453.08,check
INV-005083,J-005083,2024-09-13,refund,401.99,card
INV-005084,J-005084,2024-07-08,payment,283.96,financing
INV-005085,J-005085,2024-07-12,payment,3813.91,ach
INV-005086,J-005086,2024-07-10,payment,199.78,card
INV-005087,J-005087,2024-07-13,payment,265.82,check
INV-005088,J-005088,2024-07-08,payment,171.81,card
INV-005089,J-005089,2024-07-14,payment,4188.01,ach
INV-005089,J-005089,2024-10-04,refund,3476.85,card
INV-005090,J-005090,2024-07-16,payment,170.31,card
INV-005091,J-005091,2024-07-04,payment,238.72,financing
INV-005092,J-005092,2024-07-13,payment,154.53,card
INV-005093,J-005093,2024-07-16,payment,3669.77,card
INV-005094,J-005094,2024-07-09,payment,725.07,check
INV-005095,J-005095,2024-07-07,payment,290.25,ach
INV-005096,J-005096,2024-07-13,payment,142.33,check
INV-005097,J-005097,2024-07-08,payment,309.3,ach
INV-005098,J-005098,2024-07-14,payment,207.72,financing
INV-005099,J-005099,2024-07-13,payment,239.6,check
INV-005100,J-005100,2024-07-15,payment,152.84,card
INV-005101,J-005101,2024-07-15,payment,471.13,ach
INV-005102,J-005102,2024-07-25,payment,242.83,card
INV-005103,J-005103,2024-07-18,payment,5603.62,check
INV-005103,J-005103,2024-07-30,refund,4469.73,card
INV-005104,J-005104,2024-08-07,payment,226.55,check
INV-005105,J-005105,2024-09-10,payment,3511.8,ach
INV-005106,J-005106,2024-07-17,payment,435.5,ach
INV-005107,J-005107,2024-07-16,payment,198.53,financing
INV-005108,J-005108,2024-07-15,payment,5120.1,card
INV-005109,J-005109,2024-07-19,payment,4894.65,card
INV-005110,J-005110,2024-07-24,payment,263.24,card
INV-005111,J-005111,2024-07-16,payment,352.16,card
INV-005112,J-005112,2024-07-18,payment,5554.15,card
INV-005113,J-005113,2024-08-08,payment,254.0,card
INV-005114,J-005114,2024-07-13,payment,194.56,financing
INV-005115,J-005115,2024-07-14,payment,170.5,card
INV-005116,J-005116,2024-08-21,payment,5522.71,ach
INV-005117,J-005117,2024-07-20,payment,467.54,card
INV-005118,J-005118,2024-07-14,payment,513.85,ach
INV-005119,J-005119,2024-07-08,payment,3130.04,card
INV-005120,J-005120,2024-07-26,payment,5687.47,check
INV-005121,J-005121,2024-08-06,payment,345.21,card
INV-005122,J-005122,2024-08-06,payment,4310.16,card
INV-005122,J-005122,2024-09-18,chargeback,4033.45,card
INV-005123,J-005123,2024-07-31,payment,3588.29,check
INV-005124,J-005124,2024-07-30,payment,4175.1,check
INV-005125,J-005125,2024-12-02,payment,2484.89,ach
INV-005126,J-005126,2024-07-24,payment,200.42,card
INV-005127,J-005127,2025-01-23,payment,4601.15,financing
INV-005127,J-005127,2025-03-02,refund,2855.39,card
INV-005128,J-005128,2024-07-21,payment,2924.28,card
INV-005129,J-005129,2024-10-07,payment,2589.02,financing
INV-005130,J-005130,2024-09-17,payment,2506.36,check
INV-005131,J-005131,2024-08-09,payment,3881.07,check
INV-005132,J-005132,2025-04-10,payment,4274.03,check
INV-005133,J-005133,2024-08-23,payment,5816.58,check
INV-005134,J-005134,2024-08-05,payment,197.03,ach
INV-005135,J-005135,2024-09-25,payment,201.11,financing
INV-005136,J-005136,2024-08-29,payment,5545.6,ach
INV-005137,J-005137,2024-08-22,payment,3820.81,ach
INV-005138,J-005138,2024-10-06,payment,316.31,check
INV-005139,J-005139,2024-08-03,payment,5120.66,ach
INV-005140,J-005140,2024-12-05,payment,207.61,check
INV-005141,J-005141,2024-07-18,payment,331.12,card
INV-005142,J-005142,2024-08-22,payment,3280.92,card
INV-005143,J-005143,2024-09-20,payment,3448.81,ach
INV-005144,J-005144,2024-08-12,payment,4054.68,card
INV-005145,J-005145,2025-03-07,payment,3019.86,card
INV-005146,J-005146,2024-07-18,payment,5463.71,financing
INV-005146,J-005146,2024-09-10,refund,1841.16,card
INV-005147,J-005147,2024-08-18,payment,311.26,card
INV-005148,J-005148,2024-08-09,payment,5219.47,financing
INV-005149,J-005149,2024-07-07,payment,390.02,card
INV-005150,J-005150,2024-07-15,payment,404.92,ach
INV-005151,J-005151,2024-07-13,payment,878.64,ach
INV-005152,J-005152,2024-07-11,payment,2364.41,card
INV-005153,J-005153,2024-07-07,payment,1362.32,card
INV-005154,J-005154,2024-07-06,payment,1314.2,ach
INV-005155,J-005155,2024-07-13,payment,394.04,check
INV-005156,J-005156,2024-07-13,payment,272.42,check
INV-005157,J-005157,2024-07-16,payment,464.09,check
INV-005158,J-005158,2024-07-07,payment,515.87,card
INV-005159,J-005159,2024-07-07,payment,582.04,card
INV-005160,J-005160,2024-07-13,payment,467.78,check
INV-005161,J-005161,2024-07-13,payment,204.7,card
INV-005162,J-005162,2024-07-09,payment,452.24,ach
INV-005163,J-005163,2024-07-14,payment,279.3,check
INV-005164,J-005164,2024-07-12,payment,389.23,check
INV-005165,J-005165,2024-07-08,payment,512.96,card
INV-005166,J-005166,2024-07-10,payment,200.77,check
INV-005167,J-005167,2024-07-07,payment,480.93,financing
INV-005168,J-005168,2024-07-13,payment,305.73,ach
INV-005169,J-005169,2024-07-07,payment,1028.74,ach
INV-005170,J-005170,2024-07-09,payment,302.33,check
INV-005171,J-005171,2024-07-04,payment,506.93,card
INV-005172,J-005172,2024-07-10,payment,502.41,check
INV-005173,J-005173,2024-07-18,payment,309.55,ach
INV-005174,J-005174,2024-07-11,payment,138.48,financing
INV-005175,J-005175,2024-07-06,payment,562.44,financing
INV-005176,J-005176,2024-07-10,payment,337.56,card
INV-005177,J-005177,2024-07-15,payment,150.96,card
INV-005178,J-005178,2024-07-09,payment,270.83,check
INV-005179,J-005179,2024-07-17,payment,407.13,card
INV-005180,J-005180,2024-07-14,payment,226.38,financing
INV-005181,J-005181,2024-07-08,payment,346.64,card
INV-005182,J-005182,2024-07-11,payment,375.43,card
INV-005183,J-005183,2024-07-09,payment,810.94,financing
INV-005184,J-005184,2024-07-08,payment,631.08,financing
INV-005185,J-005185,2024-07-11,payment,252.69,card
INV-005186,J-005186,2024-07-11,payment,269.34,check
INV-005187,J-005187,2024-07-13,payment,381.52,ach
INV-005187,J-005187,2024-08-04,refund,131.16,card
INV-005188,J-005188,2024-07-12,payment,133.45,financing
INV-005189,J-005189,2024-07-08,payment,388.94,card
INV-005190,J-005190,2024-07-12,payment,430.71,card
INV-005191,J-005191,2024-07-14,payment,563.88,card
INV-005192,J-005192,2024-07-10,payment,173.92,ach
INV-005193,J-005193,2024-07-12,payment,399.93,card
INV-005194,J-005194,2024-07-04,payment,536.26,card
INV-005195,J-005195,2024-07-12,payment,390.2,check
INV-005196,J-005196,2024-07-14,payment,630.75,card
INV-005197,J-005197,2024-07-12,payment,617.1,financing
INV-005198,J-005198,2024-07-15,payment,210.02,ach
INV-005199,J-005199,2024-07-14,payment,837.14,card
INV-005200,J-005200,2024-07-09,payment,575.63,check
INV-005201,J-005201,2024-07-13,payment,5071.83,ach
INV-005202,J-005202,2024-07-15,payment,2867.6,check
INV-005203,J-005203,2024-07-15,payment,5172.88,card
INV-005204,J-005204,2024-07-09,payment,390.17,financing
INV-005205,J-005205,2024-08-23,payment,260.21,ach
INV-005206,J-005206,2024-07-19,payment,335.69,financing
INV-005207,J-005207,2024-07-22,payment,3875.02,financing
INV-005208,J-005208,2024-07-10,payment,266.25,card
INV-005209,J-005209,2024-08-30,payment,328.93,check
INV-005210,J-005210,2024-08-02,payment,263.09,ach
INV-005211,J-005211,2024-07-18,payment,230.17,card
INV-005212,J-005212,2024-07-22,payment,919.39,card
INV-005213,J-005213,2024-07-19,payment,689.88,card
INV-005214,J-005214,2024-07-27,payment,159.77,ach
INV-005215,J-005215,2024-07-28,payment,791.91,ach
INV-005216,J-005216,2024-07-18,payment,4901.73,card
INV-005217,J-005217,2024-08-11,payment,273.77,ach
INV-005218,J-005218,2024-07-11,payment,213.69,ach
INV-005219,J-005219,2024-07-17,payment,414.65,check
INV-005220,J-005220,2024-07-19,payment,737.84,card
INV-005221,J-005221,2024-07-21,payment,215.01,card
INV-005221,J-005221,2024-08-14,refund,97.53,card
INV-005222,J-005222,2024-07-15,payment,167.84,check
INV-005223,J-005223,2024-07-20,payment,388.08,check
INV-005224,J-005224,2024-07-11,payment,5328.13,card
INV-005225,J-005225,2024-07-06,payment,755.55,ach
INV-005226,J-005226,2024-07-19,payment,373.82,card
INV-005227,J-005227,2024-07-08,payment,490.27,card
INV-005228,J-005228,2024-07-05,payment,204.37,card
INV-005229,J-005229,2024-07-10,payment,143.15,ach
INV-005230,J-005230,2024-07-16,payment,522.66,card
INV-005231,J-005231,2024-07-11,payment,158.47,card
INV-005232,J-005232,2024-07-20,payment,227.16,ach
INV-005233,J-005233,2024-07-12,payment,190.32,check
INV-005234,J-005234,2024-07-13,payment,358.22,card
INV-005235,J-005235,2024-07-19,payment,182.16,card
INV-005236,J-005236,2024-07-10,payment,328.97,ach
INV-005237,J-005237,2024-07-15,payment,203.57,card
INV-005238,J-005238,2024-07-17,payment,8059.82,financing
INV-005239,J-005239,2024-07-17,payment,705.0,card
INV-005240,J-005240,2024-07-07,payment,256.58,ach
INV-005241,J-005241,2024-08-15,payment,431.78,financing
INV-005242,J-005242,2024-07-17,payment,429.42,card
INV-005243,J-005243,2024-08-04,payment,420.42,financing
INV-005244,J-005244,2024-07-13,payment,246.08,financing
INV-005245,J-005245,2024-07-23,payment,484.46,card
INV-005246,J-005246,2024-07-17,payment,353.51,financing
INV-005247,J-005247,2024-07-22,payment,403.69,ach
INV-005248,J-005248,2024-07-18,payment,303.2,card
INV-005249,J-005249,2024-07-19,payment,5103.58,financing
INV-005250,J-005250,2024-07-07,payment,138.37,card
INV-005251,J-005251,2024-07-23,payment,3047.83,card
INV-005252,J-005252,2024-07-24,payment,250.3,card
INV-005253,J-005253,2024-07-18,payment,496.38,financing
INV-005254,J-005254,2024-07-24,payment,687.3,ach
INV-005255,J-005255,2024-07-19,payment,411.9,ach
INV-005256,J-005256,2024-07-16,payment,3743.76,card
INV-005257,J-005257,2024-07-24,payment,164.32,ach
INV-005258,J-005258,2024-08-25,payment,575.73,check
INV-005259,J-005259,2024-07-12,payment,403.56,ach
INV-005260,J-005260,2024-07-18,payment,1458.29,check
INV-005261,J-005261,2024-07-16,payment,846.58,card
INV-005262,J-005262,2024-07-22,payment,163.2,financing
INV-005263,J-005263,2024-07-24,payment,172.77,ach
INV-005264,J-005264,2024-07-29,payment,259.2,ach
INV-005265,J-005265,2024-07-20,payment,3888.48,check
INV-005265,J-005265,2024-10-28,refund,2701.86,card
INV-005266,J-005266,2024-07-16,payment,290.99,financing
INV-005267,J-005267,2024-07-16,payment,348.13,card
INV-005268,J-005268,2024-07-17,payment,305.47,ach
INV-005269,J-005269,2024-07-17,payment,209.28,check
INV-005270,J-005270,2024-07-20,payment,4745.88,check
INV-005271,J-005271,2024-07-19,payment,254.74,check
INV-005272,J-005272,2024-07-15,payment,848.27,card
INV-005273,J-005273,2024-07-21,payment,195.56,financing
INV-005274,J-005274,2024-07-20,payment,201.74,card
INV-005275,J-005275,2024-07-20,payment,282.92,check
INV-005276,J-005276,2024-08-13,payment,4183.74,ach
INV-005277,J-005277,2024-07-13,payment,341.25,card
INV-005278,J-005278,2024-07-24,payment,651.02,ach
INV-005279,J-005279,2024-07-24,payment,536.14,check
INV-005280,J-005280,2024-07-19,payment,324.2,ach
INV-005281,J-005281,2024-07-29,payment,139.12,card
INV-005282,J-005282,2024-07-21,payment,110.48,check
INV-005283,J-005283,2024-07-25,payment,3926.75,card
INV-005284,J-005284,2024-07-14,payment,351.76,card
INV-005284,J-005284,2024-08-14,refund,344.47,card
INV-005285,J-005285,2024-07-23,payment,250.9,ach
INV-005286,J-005286,2024-07-17,payment,149.77,financing
INV-005287,J-005287,2024-07-16,payment,457.53,card
INV-005288,J-005288,2024-07-23,payment,486.51,ach
INV-005289,J-005289,2024-07-24,payment,183.7,card
INV-005290,J-005290,2024-08-01,payment,373.07,check
INV-005291,J-005291,2024-07-14,payment,4684.3,card
INV-005292,J-005292,2024-07-20,payment,373.46,card
INV-005293,J-005293,2024-07-24,payment,209.24,check
INV-005294,J-005294,2024-07-27,payment,4560.42,check
INV-005295,J-005295,2024-07-17,payment,695.36,card
INV-005296,J-005296,2024-07-18,payment,137.02,card
INV-005297,J-005297,2024-07-24,payment,2511.46,financing
INV-005298,J-005298,2024-07-25,payment,449.59,financing
INV-005299,J-005299,2024-07-15,payment,566.27,card
INV-005300,J-005300,2024-07-18,payment,2891.21,ach
INV-005301,J-005301,2024-07-20,payment,749.02,ach
INV-005302,J-005302,2024-07-16,payment,373.59,card
INV-005303,J-005303,2024-07-19,payment,165.27,card
INV-005304,J-005304,2024-07-23,payment,441.15,ach
INV-005305,J-005305,2024-07-24,payment,214.31,check
INV-005306,J-005306,2024-07-30,payment,704.95,ach
INV-005307,J-005307,2024-07-12,payment,6179.18,card
INV-005308,J-005308,2024-07-23,payment,314.93,check
INV-005309,J-005309,2024-08-01,payment,271.68,check
INV-005310,J-005310,2024-07-20,payment,268.57,financing
INV-005311,J-005311,2024-07-15,payment,150.46,check
INV-005312,J-005312,2024-07-25,payment,2798.46,financing
INV-005312,J-005312,2024-09-02,refund,2194.18,card
INV-005313,J-005313,2024-07-16,payment,1251.57,ach
INV-005314,J-005314,2024-07-15,payment,4856.09,check
INV-005315,J-005315,2024-07-30,payment,686.86,ach
INV-005316,J-005316,2024-07-17,payment,177.86,card
INV-005317,J-005317,2024-07-19,payment,148.42,card
INV-005318,J-005318,2024-07-15,payment,415.51,card
INV-005319,J-005319,2024-07-26,payment,612.72,card
INV-005320,J-005320,2024-07-25,payment,966.91,check
INV-005321,J-005321,2024-07-30,payment,3689.52,check
INV-005322,J-005322,2024-07-30,payment,384.33,card
INV-005323,J-005323,2024-07-19,payment,381.02,ach
INV-005324,J-005324,2024-08-01,payment,179.09,card
INV-005325,J-005325,2024-07-20,payment,705.82,card
INV-005326,J-005326,2024-07-28,payment,4166.58,card
INV-005327,J-005327,2024-07-24,payment,142.43,ach
INV-005328,J-005328,2024-07-26,payment,342.83,financing
INV-005329,J-005329,2024-07-22,payment,410.39,financing
INV-005330,J-005330,2024-07-18,payment,301.55,card
INV-005331,J-005331,2024-07-23,payment,223.62,ach
INV-005332,J-005332,2024-07-15,payment,314.33,card
INV-005333,J-005333,2024-07-15,payment,221.56,ach
INV-005334,J-005334,2024-07-23,payment,2353.54,financing
INV-005335,J-005335,2024-07-27,payment,468.2,card
INV-005336,J-005336,2024-07-14,payment,506.96,card
INV-005337,J-005337,2024-07-19,payment,4132.16,financing
INV-005338,J-005338,2024-08-27,payment,326.17,ach
INV-005339,J-005339,2024-07-15,payment,234.64,card
INV-005340,J-005340,2024-08-09,payment,233.02,ach
INV-005341,J-005341,2024-07-13,payment,153.28,financing
INV-005342,J-005342,2024-08-24,payment,4093.76,ach
INV-005343,J-005343,2024-08-15,payment,5153.53,card
INV-005343,J-005343,2024-11-09,refund,2227.67,card
INV-005344,J-005344,2024-08-11,payment,4139.66,ach
INV-005345,J-005345,2024-08-22,payment,5227.16,card
INV-005346,J-005346,2024-08-19,payment,277.84,check
INV-005347,J-005347,2024-08-06,payment,4459.41,financing
INV-005348,J-005348,2024-07-27,payment,3309.1,card
INV-005349,J-005349,2024-08-08,payment,6645.2,ach
INV-005350,J-005350,2025-03-07,payment,5447.62,card
INV-005351,J-005351,2024-08-13,payment,568.03,card
INV-005352,J-005352,2024-09-19,payment,4495.68,card
INV-005352,J-005352,2024-10-31,chargeback,3994.85,card
INV-005353,J-005353,2024-07-29,payment,4105.94,financing
INV-005354,J-005354,2024-09-08,payment,4158.64,card
INV-005355,J-005355,2024-08-11,payment,463.34,card
INV-005356,J-005356,2025-01-09,payment,4235.83,ach
INV-005357,J-005357,2024-08-24,payment,128.0,financing
INV-005358,J-005358,2024-08-13,payment,3057.92,ach
INV-005359,J-005359,2024-07-31,payment,3589.28,card
INV-005360,J-005360,2024-09-03,payment,3867.47,check
INV-005361,J-005361,2024-09-24,payment,3400.37,card
INV-005362,J-005362,2024-09-06,payment,5106.21,financing
INV-005363,J-005363,2025-01-11,payment,171.02,card
INV-005364,J-005364,2024-08-12,payment,3696.64,financing
INV-005365,J-005365,2024-08-29,payment,621.99,check
INV-005366,J-005366,2024-08-03,payment,3704.4,card
INV-005367,J-005367,2024-07-17,payment,224.97,card
INV-005368,J-005368,2024-07-13,payment,650.87,ach
INV-005369,J-005369,2024-07-29,payment,555.64,card
INV-005370,J-005370,2024-07-15,payment,231.41,card
INV-005371,J-005371,2024-07-12,payment,90.68,check
INV-005372,J-005372,2024-07-17,payment,608.83,card
INV-005373,J-005373,2024-07-18,payment,945.19,check
INV-005374,J-005374,2024-07-20,payment,4118.5,card
INV-005375,J-005375,2024-07-19,payment,336.94,card
INV-005376,J-005376,2024-07-13,payment,897.98,check
INV-005377,J-005377,2024-07-23,payment,222.65,card
INV-005378,J-005378,2024-07-16,payment,549.46,ach
INV-005379,J-005379,2024-07-17,payment,770.15,ach
INV-005380,J-005380,2024-07-18,payment,695.69,check
INV-005381,J-005381,2024-07-27,payment,551.28,check
INV-005382,J-005382,2024-07-18,payment,654.56,financing
INV-005383,J-005383,2024-07-13,payment,628.68,ach
INV-005384,J-005384,2024-07-24,payment,241.01,card
INV-005385,J-005385,2024-07-18,payment,522.92,ach
INV-005386,J-005386,2024-07-19,payment,534.42,check
INV-005387,J-005387,2024-07-27,payment,187.22,card
INV-005388,J-005388,2024-07-21,payment,152.12,card
INV-005389,J-005389,2024-07-17,payment,420.28,ach
INV-005390,J-005390,2024-07-18,payment,468.16,check
INV-005391,J-005391,2024-07-28,payment,527.34,financing
INV-005392,J-005392,2024-07-14,payment,414.41,check
INV-005393,J-005393,2024-08-06,payment,443.5,financing
INV-005394,J-005394,2024-07-18,payment,312.57,financing
INV-005395,J-005395,2024-07-22,payment,274.61,ach
INV-005396,J-005396,2024-07-18,payment,539.34,card
INV-005397,J-005397,2024-07-25,payment,174.88,card
INV-005398,J-005398,2024-07-16,payment,757.47,check
INV-005399,J-005399,2024-07-18,payment,1638.0,ach
INV-005400,J-005400,2024-07-15,payment,536.76,card
INV-005401,J-005401,2024-07-24,payment,889.07,ach
INV-005402,J-005402,2024-07-13,payment,469.72,card
INV-005403,J-005403,2024-07-15,payment,294.04,check
INV-005404,J-005404,2024-07-18,payment,335.69,card
INV-005405,J-005405,2024-07-26,payment,467.01,card
INV-005406,J-005406,2024-07-18,payment,566.12,check
INV-005407,J-005407,2024-07-20,payment,173.89,card
INV-005408,J-005408,2024-07-18,payment,129.34,financing
INV-005409,J-005409,2024-07-25,payment,396.49,ach
INV-005410,J-005410,2024-07-13,payment,374.27,ach
INV-005411,J-005411,2024-07-17,payment,359.47,card
INV-005412,J-005412,2024-07-23,payment,271.04,financing
INV-005413,J-005413,2024-07-19,payment,903.72,ach
INV-005414,J-005414,2024-07-13,payment,330.51,card
INV-005415,J-005415,2024-07-13,payment,3273.63,financing
INV-005416,J-005416,2024-07-16,payment,105.76,check
INV-005417,J-005417,2024-07-14,payment,187.39,financing
INV-005418,J-005418,2024-07-26,payment,372.58,card
INV-005419,J-005419,2024-07-21,payment,4582.88,ach
INV-005419,J-005419,2024-09-22,refund,4289.4,card
INV-005420,J-005420,2024-07-17,payment,606.15,card
INV-005421,J-005421,2024-07-25,payment,4382.68,ach
INV-005422,J-005422,2024-07-24,payment,4966.39,ach
INV-005423,J-005423,2024-08-05,payment,925.32,check
INV-005424,J-005424,2024-07-18,payment,239.47,card
INV-005425,J-005425,2024-07-25,payment,4501.69,ach
INV-005426,J-005426,2024-08-02,payment,646.69,ach
INV-005427,J-005427,2024-07-31,payment,301.22,check
INV-005428,J-005428,2024-07-19,payment,5651.5,card
INV-005429,J-005429,2024-07-19,payment,155.99,card
INV-005430,J-005430,2024-07-15,payment,3656.29,card
INV-005430,J-005430,2024-10-18,refund,3310.48,card
INV-005431,J-005431,2024-07-22,payment,391.2,card
INV-005432,J-005432,2024-07-27,payment,319.25,card
INV-005433,J-005433,2024-08-19,payment,212.45,financing
INV-005434,J-005434,2024-07-22,payment,245.75,ach
INV-005435,J-005435,2024-07-16,payment,235.94,financing
INV-005436,J-005436,2024-07-20,payment,454.89,card
INV-005437,J-005437,2024-07-28,payment,227.0,ach
INV-005438,J-005438,2024-07-13,payment,185.34,card
INV-005439,J-005439,2024-07-20,payment,496.63,card
INV-005440,J-005440,2024-07-22,payment,545.63,check
INV-005441,J-005441,2024-07-21,payment,596.72,financing
INV-005442,J-005442,2024-07-19,payment,199.73,card
INV-005443,J-005443,2024-07-18,payment,520.14,card
INV-005444,J-005444,2024-07-23,payment,636.87,card
INV-005445,J-005445,2024-07-16,payment,424.3,ach
INV-005446,J-005446,2024-07-21,payment,722.24,financing
INV-005447,J-005447,2024-08-19,payment,320.84,card
INV-005448,J-005448,2024-08-30,payment,283.71,ach
INV-005449,J-005449,2024-07-15,payment,833.01,check
INV-005450,J-005450,2024-07-23,payment,393.16,check
INV-005451,J-005451,2024-08-09,payment,160.15,card
INV-005452,J-005452,2024-07-20,payment,205.85,ach
INV-005453,J-005453,2024-07-16,payment,186.28,card
INV-005454,J-005454,2024-07-19,payment,2843.25,check
INV-005454,J-005454,2024-09-01,refund,1558.23,card
INV-005455,J-005455,2024-07-15,payment,4513.6,ach
INV-005456,J-005456,2024-07-23,payment,3028.33,financing
INV-005457,J-005457,2024-07-20,payment,129.62,financing
INV-005458,J-005458,2024-07-19,payment,430.62,card
INV-005459,J-005459,2024-07-20,payment,129.63,card
INV-005460,J-005460,2024-07-14,payment,349.7,ach
INV-005461,J-005461,2024-07-30,payment,692.51,check
INV-005462,J-005462,2024-07-17,payment,484.18,ach
INV-005463,J-005463,2024-08-04,payment,334.29,card
INV-005464,J-005464,2024-07-28,payment,266.03,check
INV-005465,J-005465,2024-07-20,payment,474.01,financing
INV-005466,J-005466,2024-07-22,payment,4317.72,financing
INV-005467,J-005467,2024-07-24,payment,4804.11,check
INV-005468,J-005468,2024-07-19,payment,4299.6,card
INV-005469,J-005469,2024-08-01,payment,141.3,check
INV-005470,J-005470,2024-07-27,payment,575.3,card
INV-005471,J-005471,2024-08-06,payment,161.38,financing
INV-005471,J-005471,2024-09-10,refund,143.14,card
INV-005472,J-005472,2024-07-27,payment,251.02,card
INV-005473,J-005473,2024-07-27,payment,419.09,ach
INV-005474,J-005474,2024-07-23,payment,1022.36,financing
INV-005475,J-005475,2024-07-22,payment,464.27,card
INV-005476,J-005476,2024-07-21,payment,523.67,financing
INV-005477,J-005477,2024-07-27,payment,3171.38,financing
INV-005478,J-005478,2024-07-31,payment,324.68,financing
INV-005479,J-005479,2024-07-27,payment,3599.67,check
INV-005480,J-005480,2024-07-21,payment,223.76,card
INV-005481,J-005481,2024-07-25,payment,239.29,card
INV-005482,J-005482,2024-07-29,payment,259.35,ach
INV-005483,J-005483,2024-07-21,payment,439.81,ach
INV-005484,J-005484,2024-07-26,payment,170.28,financing
INV-005485,J-005485,2024-07-27,payment,4360.18,check
INV-005486,J-005486,2024-08-09,payment,4718.36,card
INV-005487,J-005487,2024-08-06,payment,180.99,financing
INV-005488,J-005488,2024-07-31,payment,324.94,card
INV-005489,J-005489,2024-07-24,payment,212.16,financing
INV-005490,J-005490,2024-07-22,payment,195.8,card
INV-005491,J-005491,2024-08-17,payment,441.25,check
INV-005492,J-005492,2024-07-24,payment,396.97,check
INV-005493,J-005493,2024-08-05,payment,5552.7,ach
INV-005494,J-005494,2024-08-03,payment,829.35,ach
INV-005495,J-005495,2024-08-04,payment,204.43,card
INV-005496,J-005496,2024-07-21,payment,544.03,check
INV-005497,J-005497,2024-07-26,payment,245.4,card
INV-005498,J-005498,2024-08-09,payment,207.22,check
INV-005499,J-005499,2024-07-26,payment,932.75,financing
INV-005500,J-005500,2024-08-01,payment,3180.03,card
INV-005501,J-005501,2024-07-26,payment,314.62,card
INV-005502,J-005502,2024-09-02,payment,179.12,check
INV-005503,J-005503,2024-07-25,payment,522.51,card
INV-005504,J-005504,2024-07-23,payment,343.17,check
INV-005505,J-005505,2024-08-23,payment,527.43,ach
INV-005506,J-005506,2024-08-05,payment,194.98,check
INV-005507,J-005507,2024-07-25,payment,580.73,ach
INV-005508,J-005508,2024-07-27,payment,158.77,card
INV-005509,J-005509,2024-07-30,payment,205.77,card
INV-005510,J-005510,2024-07-24,payment,340.01,ach
INV-005511,J-005511,2024-07-23,payment,137.39,check
INV-005512,J-005512,2024-07-23,payment,5455.88,card
INV-005513,J-005513,2024-07-30,payment,291.95,ach
INV-005514,J-005514,2024-07-30,payment,4413.18,card
INV-005515,J-005515,2024-07-31,payment,783.3,card
INV-005516,J-005516,2024-07-23,payment,352.65,card
INV-005517,J-005517,2024-07-30,payment,190.85,card
INV-005518,J-005518,2024-07-22,payment,934.24,ach
INV-005518,J-005518,2024-08-16,refund,369.38,card
INV-005519,J-005519,2024-08-21,payment,409.34,financing
INV-005520,J-005520,2024-07-28,payment,488.59,ach
INV-005521,J-005521,2024-08-23,payment,3785.9,ach
INV-005521,J-005521,2024-09-30,refund,2204.88,card
INV-005522,J-005522,2024-08-04,payment,227.64,financing
INV-005523,J-005523,2024-07-24,payment,832.75,ach
INV-005524,J-005524,2024-07-28,payment,315.32,check
INV-005525,J-005525,2024-08-04,payment,5105.86,ach
INV-005526,J-005526,2024-08-04,payment,536.57,check
INV-005527,J-005527,2024-07-25,payment,4712.17,card
INV-005528,J-005528,2024-07-29,payment,418.7,financing
INV-005529,J-005529,2024-08-04,payment,215.22,check
INV-005530,J-005530,2024-07-27,payment,5126.3,card
INV-005530,J-005530,2024-09-02,chargeback,4122.34,card
INV-005531,J-005531,2024-08-22,payment,360.38,financing
INV-005532,J-005532,2024-08-02,payment,308.09,ach
INV-005533,J-005533,2024-07-26,payment,281.72,card
INV-005533,J-005533,2024-09-03,refund,256.6,card
INV-005534,J-005534,2024-07-30,payment,301.2,ach
INV-005535,J-005535,2024-07-27,payment,683.64,card
INV-005536,J-005536,2024-07-24,payment,160.49,check
INV-005537,J-005537,2024-08-02,payment,303.94,check
INV-005538,J-005538,2024-07-27,payment,190.04,card
INV-005539,J-005539,2024-07-25,payment,498.24,financing
INV-005540,J-005540,2024-07-22,payment,367.26,card
INV-005541,J-005541,2024-07-28,payment,349.25,card
INV-005542,J-005542,2024-08-17,payment,179.43,card
INV-005543,J-005543,2024-08-23,payment,285.54,ach
INV-005544,J-005544,2024-08-16,payment,6039.05,card
INV-005545,J-005545,2024-09-07,payment,4699.48,financing
INV-005546,J-005546,2025-01-05,payment,403.63,ach
INV-005547,J-005547,2024-09-06,payment,128.83,financing
INV-005548,J-005548,2024-11-30,payment,221.7,financing
INV-005549,J-005549,2024-08-18,payment,4267.71,ach
INV-005550,J-005550,2024-08-21,payment,3856.43,card
INV-005551,J-005551,2024-09-05,payment,4400.87,ach
INV-005552,J-005552,2024-08-05,payment,3362.16,check
INV-005552,J-005552,2024-11-11,refund,1373.68,card
INV-005553,J-005553,2024-09-06,payment,4605.12,check
INV-005554,J-005554,2024-08-07,payment,3887.03,card
INV-005555,J-005555,2024-10-25,payment,3527.88,ach
INV-005556,J-005556,2024-08-27,payment,3830.81,check
INV-005557,J-005557,2024-09-17,payment,6527.9,financing
INV-005558,J-005558,2024-09-11,payment,4809.7,card
INV-005559,J-005559,2025-09-06,payment,4928.0,card
INV-005560,J-005560,2024-11-27,payment,4528.81,card
INV-005560,J-005560,2025-01-12,refund,3597.46,card
INV-005561,J-005561,2024-08-05,payment,4403.41,check
INV-005562,J-005562,2024-09-01,payment,3718.5,ach
INV-005563,J-005563,2024-11-22,payment,332.83,card
INV-005564,J-005564,2024-10-23,payment,4659.13,card
INV-005565,J-005565,2024-08-10,payment,3482.84,card
INV-005566,J-005566,2024-09-01,payment,4143.3,check
INV-005567,J-005567,2024-07-25,payment,448.33,check
INV-005568,J-005568,2024-07-25,payment,3568.4,ach
INV-005569,J-005569,2024-07-25,payment,227.07,card
INV-005570,J-005570,2024-07-29,payment,385.26,check
INV-005571,J-005571,2024-07-23,payment,210.44,card
INV-005572,J-005572,2024-07-29,payment,889.72,card
INV-005573,J-005573,2024-07-18,payment,207.78,financing
INV-005574,J-005574,2024-07-27,payment,383.38,card
INV-005575,J-005575,2024-07-27,payment,493.35,check
INV-005576,J-005576,2024-07-30,payment,349.8,check
INV-005577,J-005577,2024-07-24,payment,549.59,ach
INV-005578,J-005578,2024-07-22,payment,338.23,ach
INV-005579,J-005579,2024-07-28,payment,329.68,financing
INV-005580,J-005580,2024-07-22,payment,273.23,ach
INV-005581,J-005581,2024-07-20,payment,1361.63,financing
INV-005582,J-005582,2024-07-19,payment,1055.83,check
INV-005583,J-005583,2024-07-26,payment,266.89,financing
INV-005584,J-005584,2024-08-14,payment,260.79,financing
INV-005585,J-005585,2024-07-19,payment,2923.67,card
INV-005586,J-005586,2024-07-24,payment,385.3,check
INV-005587,J-005587,2024-07-25,payment,276.42,card
INV-005588,J-005588,2024-07-22,payment,737.73,ach
INV-005589,J-005589,2024-07-26,payment,553.86,card
INV-005590,J-005590,2024-07-21,payment,187.72,check
INV-005591,J-005591,2024-07-23,payment,311.47,check
INV-005592,J-005592,2024-07-24,payment,339.37,financing
INV-005593,J-005593,2024-07-24,payment,701.03,financing
INV-005594,J-005594,2024-07-20,payment,285.34,card
INV-005595,J-005595,2024-07-25,payment,193.73,financing
INV-005596,J-005596,2024-07-22,payment,247.0,card
INV-005597,J-005597,2024-07-27,payment,354.03,financing
INV-005598,J-005598,2024-07-23,payment,298.03,card
INV-005599,J-005599,2024-07-21,payment,143.68,card
INV-005600,J-005600,2024-07-27,payment,652.5,check
INV-005600,J-005600,2024-10-04,refund,389.46,card
INV-005601,J-005601,2024-07-27,payment,813.3,financing
INV-005602,J-005602,2024-07-24,payment,4977.24,check
INV-005603,J-005603,2024-07-25,payment,366.76,card
INV-005604,J-005604,2024-07-28,payment,591.42,card
INV-005605,J-005605,2024-07-25,payment,190.15,card
INV-005606,J-005606,2024-07-22,payment,265.13,financing
INV-005607,J-005607,2024-07-26,payment,1039.64,financing
INV-005608,J-005608,2024-07-22,payment,166.38,card
INV-005609,J-005609,2024-07-28,payment,342.21,ach
INV-005610,J-005610,2024-07-27,payment,477.5,financing
INV-005611,J-005611,2024-07-23,payment,889.99,ach
INV-005612,J-005612,2024-07-20,payment,455.49,check
INV-005612,J-005612,2024-08-08,refund,358.08,card
INV-005613,J-005613,2024-07-30,payment,5043.84,financing
INV-005614,J-005614,2024-07-24,payment,493.86,check
INV-005615,J-005615,2024-07-31,payment,539.74,card
INV-005616,J-005616,2024-07-25,payment,268.87,financing
INV-005617,J-005617,2024-07-25,payment,4606.17,financing
INV-005618,J-005618,2024-08-09,payment,3724.39,card
INV-005619,J-005619,2024-09-02,payment,2911.71,card
INV-005620,J-005620,2024-08-04,payment,3526.35,card
INV-005621,J-005621,2024-07-27,payment,305.21,ach
INV-005622,J-005622,2024-07-28,payment,2731.82,card
INV-005623,J-005623,2024-07-28,payment,154.29,card
INV-005624,J-005624,2024-07-24,payment,430.82,check
INV-005625,J-005625,2024-07-23,payment,3615.96,card
INV-005625,J-005625,2024-10-28,refund,1227.44,card
INV-005626,J-005626,2024-08-13,payment,262.41,financing
INV-005627,J-005627,2024-07-27,payment,290.12,check
INV-005627,J-005627,2024-10-06,refund,163.29,card
INV-005628,J-005628,2024-07-26,payment,195.75,card
INV-005629,J-005629,2024-08-01,payment,277.97,financing
INV-005630,J-005630,2024-07-29,payment,4337.86,financing
INV-005631,J-005631,2024-08-02,payment,3937.13,check
INV-005632,J-005632,2024-08-05,payment,471.86,card
INV-005633,J-005633,2024-08-09,payment,355.2,card
INV-005634,J-005634,2024-08-16,payment,3596.75,card
INV-005635,J-005635,2024-08-08,payment,113.44,card
INV-005636,J-005636,2024-07-30,payment,286.87,card
INV-005637,J-005637,2024-07-30,payment,186.73,check
INV-005638,J-005638,2024-07-24,payment,158.18,financing
INV-005639,J-005639,2024-07-25,payment,655.83,card
INV-005640,J-005640,2024-07-29,payment,230.82,ach
INV-005641,J-005641,2024-07-30,payment,446.42,check
INV-005642,J-005642,2024-07-27,payment,718.71,card
INV-005643,J-005643,2024-07-28,payment,592.59,ach
INV-005644,J-005644,2024-07-28,payment,239.1,financing
INV-005645,J-005645,2024-07-19,payment,414.22,card
INV-005646,J-005646,2024-07-28,payment,325.34,card
INV-005647,J-005647,2024-08-20,payment,215.8,ach
INV-005648,J-005648,2024-07-21,payment,3234.85,ach
INV-005649,J-005649,2024-07-26,payment,4248.12,ach
INV-005650,J-005650,2024-07-23,payment,267.85,ach
INV-005651,J-005651,2024-07-21,payment,364.27,card
INV-005652,J-005652,2024-08-06,payment,2798.13,card
INV-005653,J-005653,2024-08-10,payment,111.69,financing
INV-005654,J-005654,2024-07-25,payment,160.05,financing
INV-005655,J-005655,2024-07-27,payment,327.66,check
INV-005656,J-005656,2024-07-27,payment,401.92,check
INV-005657,J-005657,2024-08-11,payment,466.34,check
INV-005658,J-005658,2024-07-22,payment,162.68,check
INV-005659,J-005659,2024-08-03,payment,334.85,financing
INV-005660,J-005660,2024-07-27,payment,235.15,check
INV-005661,J-005661,2024-08-20,payment,5384.15,card
INV-005662,J-005662,2024-08-02,payment,230.09,card
INV-005663,J-005663,2024-08-10,payment,195.9,ach
INV-005664,J-005664,2024-08-17,payment,372.21,check
INV-005665,J-005665,2024-08-03,payment,150.92,ach
INV-005666,J-005666,2024-07-26,payment,420.3,financing
INV-005667,J-005667,2024-08-03,payment,342.29,ach
INV-005668,J-005668,2024-08-14,payment,350.88,check
INV-005669,J-005669,2024-07-25,payment,362.76,card
INV-005670,J-005670,2024-08-02,payment,328.11,ach
INV-005671,J-005671,2024-08-01,payment,248.38,ach
INV-005672,J-005672,2024-08-04,payment,439.65,card
INV-005673,J-005673,2024-08-03,payment,241.5,financing
INV-005674,J-005674,2024-08-03,payment,490.91,card
INV-005675,J-005675,2024-07-28,payment,363.09,check
INV-005676,J-005676,2024-07-31,payment,406.98,check
INV-005677,J-005677,2024-07-31,payment,614.99,card
INV-005678,J-005678,2024-07-28,payment,4558.93,financing
INV-005678,J-005678,2024-10-30,refund,2158.52,card
INV-005679,J-005679,2024-07-31,payment,731.31,card
INV-005680,J-005680,2024-08-02,payment,122.61,ach
INV-005681,J-005681,2024-08-03,payment,320.34,card
INV-005682,J-005682,2024-07-27,payment,133.05,ach
INV-005683,J-005683,2024-08-04,payment,446.61,card
INV-005684,J-005684,2024-08-03,payment,379.57,ach
INV-005685,J-005685,2024-07-30,payment,1117.16,financing
INV-005686,J-005686,2024-07-29,payment,427.88,financing
INV-005687,J-005687,2024-08-02,payment,233.23,card
INV-005688,J-005688,2024-07-28,payment,386.4,financing
INV-005689,J-005689,2024-07-30,payment,384.1,ach
INV-005690,J-005690,2024-08-03,payment,471.3,check
INV-005691,J-005691,2024-08-01,payment,1127.59,financing
INV-005692,J-005692,2024-07-28,payment,783.25,check
INV-005693,J-005693,2024-07-29,payment,129.38,card
INV-005694,J-005694,2024-08-05,payment,672.83,ach
INV-005695,J-005695,2024-08-07,payment,154.78,card
INV-005696,J-005696,2024-07-30,payment,1316.03,card
INV-005697,J-005697,2024-08-11,payment,504.93,ach
INV-005698,J-005698,2024-09-05,payment,428.14,card
INV-005699,J-005699,2024-07-30,payment,273.33,financing
INV-005700,J-005700,2024-07-28,payment,306.9,ach
INV-005701,J-005701,2024-07-29,payment,167.28,ach
INV-005702,J-005702,2024-07-28,payment,472.89,check
INV-005703,J-005703,2024-08-05,payment,184.29,check
INV-005704,J-005704,2024-08-08,payment,1001.86,card
INV-005705,J-005705,2024-08-05,payment,209.39,check
INV-005706,J-005706,2024-07-30,payment,579.08,card
INV-005707,J-005707,2024-08-11,payment,158.96,check
INV-005708,J-005708,2024-07-31,payment,239.09,card
INV-005709,J-005709,2024-08-12,payment,298.0,financing
INV-005710,J-005710,2024-08-02,payment,243.24,card
INV-005711,J-005711,2024-08-10,payment,134.7,check
INV-005712,J-005712,2024-07-30,payment,252.37,ach
INV-005713,J-005713,2024-09-05,payment,499.54,financing
INV-005714,J-005714,2024-08-15,payment,338.6,card
INV-005715,J-005715,2024-07-31,payment,348.37,ach
INV-005716,J-005716,2024-08-04,payment,157.82,financing
INV-005717,J-005717,2024-07-29,payment,277.97,ach
INV-005718,J-005718,2024-08-03,payment,320.21,card
INV-005719,J-005719,2024-08-03,payment,139.18,ach
INV-005720,J-005720,2024-08-02,payment,577.21,financing
INV-005721,J-005721,2024-08-11,payment,5545.18,financing
INV-005722,J-005722,2024-07-29,payment,115.94,ach
INV-005723,J-005723,2024-07-30,payment,223.53,card
INV-005724,J-005724,2024-07-30,payment,512.59,card
INV-005725,J-005725,2024-07-31,payment,509.18,financing
INV-005726,J-005726,2024-08-10,payment,427.99,check
INV-005727,J-005727,2024-07-28,payment,3885.53,card
INV-005728,J-005728,2024-07-29,payment,4241.77,check
INV-005728,J-005728,2024-08-30,refund,2636.17,card
INV-005729,J-005729,2024-08-06,payment,646.05,financing
INV-005730,J-005730,2024-08-01,payment,287.13,ach
INV-005731,J-005731,2024-08-02,payment,2631.6,card
INV-005732,J-005732,2024-08-09,payment,249.37,financing
INV-005733,J-005733,2024-08-04,payment,345.85,financing
INV-005734,J-005734,2024-07-31,payment,188.26,card
INV-005735,J-005735,2024-08-20,payment,199.45,card
INV-005736,J-005736,2024-08-06,payment,506.38,ach
INV-005737,J-005737,2024-08-06,payment,221.68,card
INV-005738,J-005738,2024-08-07,payment,197.41,card
INV-005739,J-005739,2024-08-09,payment,354.56,card
INV-005740,J-005740,2024-08-06,payment,4681.04,check
INV-005741,J-005741,2024-08-01,payment,367.48,card
INV-005742,J-005742,2024-08-15,payment,511.38,ach
INV-005743,J-005743,2024-08-04,payment,5784.05,check
INV-005744,J-005744,2024-08-03,payment,4485.97,check
INV-005745,J-005745,2024-07-31,payment,181.11,financing
INV-005746,J-005746,2024-08-05,payment,539.74,ach
INV-005747,J-005747,2024-07-29,payment,4645.9,check
INV-005748,J-005748,2024-08-03,payment,187.18,financing
INV-005749,J-005749,2024-07-28,payment,319.03,card
INV-005750,J-005750,2024-07-29,payment,5065.26,card
INV-005751,J-005751,2024-08-17,payment,2833.63,check
INV-005752,J-005752,2024-08-21,payment,4302.1,ach
INV-005753,J-005753,2024-08-22,payment,317.49,financing
INV-005754,J-005754,2024-09-09,payment,5582.8,financing
INV-005755,J-005755,2025-01-01,payment,6872.15,check
INV-005756,J-005756,2024-10-24,payment,2996.66,card
INV-005756,J-005756,2024-12-08,refund,1574.82,card
INV-005757,J-005757,2024-09-11,payment,3640.36,financing
INV-005758,J-005758,2024-10-19,payment,3384.05,financing
INV-005758,J-005758,2025-01-15,refund,2101.73,card
INV-005759,J-005759,2024-08-21,payment,3748.88,card
INV-005760,J-005760,2024-09-07,payment,2834.06,financing
INV-005761,J-005761,2024-10-28,payment,3241.72,financing
INV-005762,J-005762,2025-01-12,payment,324.0,card
INV-005763,J-005763,2024-12-15,payment,5100.66,card
INV-005764,J-005764,2024-07-27,payment,305.53,ach
INV-005765,J-005765,2024-07-31,payment,278.7,ach
INV-005766,J-005766,2024-07-25,payment,3999.94,card
INV-005767,J-005767,2024-08-06,payment,255.89,card
INV-005768,J-005768,2024-08-02,payment,385.62,card
INV-005769,J-005769,2024-07-28,payment,349.61,financing
INV-005770,J-005770,2024-07-28,payment,1025.5,check
INV-005771,J-005771,2024-07-29,payment,4021.08,card
INV-005772,J-005772,2024-08-01,payment,249.27,ach
INV-005773,J-005773,2024-08-01,payment,340.5,card
INV-005774,J-005774,2024-08-02,payment,997.95,card
INV-005775,J-005775,2024-08-21,payment,545.6,check
INV-005776,J-005776,2024-08-04,payment,939.91,ach
INV-005777,J-005777,2024-07-31,payment,167.72,financing
INV-005778,J-005778,2024-07-30,payment,198.46,check
INV-005779,J-005779,2024-08-08,payment,136.93,card
INV-005780,J-005780,2024-08-08,payment,212.66,card
INV-005781,J-005781,2024-07-28,payment,398.97,card
INV-005782,J-005782,2024-07-31,payment,154.7,card
INV-005783,J-005783,2024-07-26,payment,748.31,financing
INV-005784,J-005784,2024-08-16,payment,897.93,check
INV-005785,J-005785,2024-07-27,payment,686.23,financing
INV-005786,J-005786,2024-08-03,payment,485.86,ach
INV-005787,J-005787,2024-08-01,payment,789.34,financing
INV-005788,J-005788,2024-08-06,payment,211.06,card
INV-005789,J-005789,2024-07-27,payment,387.34,financing
INV-005790,J-005790,2024-08-05,payment,427.94,check
INV-005791,J-005791,2024-07-29,payment,340.38,ach
INV-005792,J-005792,2024-07-28,payment,646.03,check
INV-005793,J-005793,2024-07-31,payment,251.87,check
INV-005794,J-005794,2024-08-02,payment,382.07,financing
INV-005795,J-005795,2024-07-29,payment,545.62,card
INV-005796,J-005796,2024-08-03,payment,269.57,card
INV-005797,J-005797,2024-07-27,payment,199.36,financing
INV-005798,J-005798,2024-07-26,payment,123.6,check
INV-005799,J-005799,2024-07-31,payment,304.06,card
INV-005800,J-005800,2024-08-03,payment,863.27,card
INV-005801,J-005801,2024-07-30,payment,516.86,financing
INV-005802,J-005802,2024-08-02,payment,577.21,ach
INV-005803,J-005803,2024-07-30,payment,244.18,card
INV-005804,J-005804,2024-08-03,payment,3968.7,ach
INV-005805,J-005805,2024-07-29,payment,329.09,card
INV-005806,J-005806,2024-07-27,payment,411.95,check
INV-005807,J-005807,2024-08-04,payment,468.61,check
INV-005808,J-005808,2024-08-01,payment,275.33,card
INV-005809,J-005809,2024-07-31,payment,419.28,card
INV-005809,J-005809,2024-08-18,chargeback,222.04,card
INV-005810,J-005810,2024-08-03,payment,3205.35,card
INV-005811,J-005811,2024-08-16,payment,257.09,check
INV-005812,J-005812,2024-07-29,payment,459.98,financing
INV-005813,J-005813,2024-08-04,payment,214.58,financing
INV-005814,J-005814,2024-08-11,payment,429.44,check
INV-005815,J-005815,2024-08-01,payment,237.57,ach
INV-005816,J-005816,2024-08-08,payment,254.17,ach
INV-005817,J-005817,2024-08-06,payment,3943.88,card
INV-005818,J-005818,2024-08-23,payment,3177.5,card
INV-005819,J-005819,2024-07-29,payment,413.16,card
INV-005820,J-005820,2024-08-12,payment,136.48,card
INV-005821,J-005821,2024-08-09,payment,326.41,ach
INV-005822,J-005822,2024-09-05,payment,3978.88,ach
INV-005823,J-005823,2024-08-10,payment,6479.14,check
INV-005824,J-005824,2024-07-31,payment,5057.88,card
INV-005825,J-005825,2024-07-31,payment,3008.28,check
INV-005826,J-005826,2024-08-05,payment,528.1,card
INV-005827,J-005827,2024-07-31,payment,5193.12,financing
INV-005828,J-005828,2024-08-03,payment,403.8,card
INV-005829,J-005829,2024-08-07,payment,412.23,check
INV-005830,J-005830,2024-08-05,payment,307.97,ach
INV-005831,J-005831,2024-07-30,payment,283.98,financing
INV-005832,J-005832,2024-08-05,payment,4350.64,card
INV-005833,J-005833,2024-08-09,payment,426.96,check
INV-005834,J-005834,2024-08-08,payment,5152.42,financing
INV-005835,J-005835,2024-08-12,payment,533.0,card
INV-005836,J-005836,2024-07-30,payment,226.89,financing
INV-005837,J-005837,2024-08-15,payment,217.26,card
INV-005838,J-005838,2024-08-08,payment,3605.85,card
INV-005839,J-005839,2024-08-04,payment,544.41,ach
INV-005840,J-005840,2024-08-09,payment,345.37,check
INV-005841,J-005841,2024-08-14,payment,338.29,card
INV-005842,J-005842,2024-08-05,payment,290.14,financing
INV-005843,J-005843,2024-08-10,payment,289.34,ach
INV-005844,J-005844,2024-07-31,payment,350.12,card
INV-005845,J-005845,2024-08-03,payment,4073.37,card
INV-005846,J-005846,2024-08-08,payment,386.52,financing
INV-005847,J-005847,2024-08-03,payment,2844.78,check
INV-005848,J-005848,2024-07-31,payment,4707.36,financing
INV-005849,J-005849,2024-08-13,payment,246.42,ach
INV-005850,J-005850,2024-08-24,payment,2845.67,check
INV-005850,J-005850,2024-09-16,chargeback,2475.23,card
INV-005851,J-005851,2024-08-05,payment,223.09,card
INV-005852,J-005852,2024-08-17,payment,162.85,card
INV-005853,J-005853,2024-07-30,payment,362.13,ach
INV-005854,J-005854,2024-08-02,payment,3538.57,card
INV-005854,J-005854,2024-09-29,refund,2885.94,card
INV-005855,J-005855,2024-08-19,payment,5259.77,ach
INV-005856,J-005856,2024-08-04,payment,3120.93,financing
INV-005857,J-005857,2024-08-06,payment,283.28,card
INV-005858,J-005858,2024-08-18,payment,149.57,card
INV-005859,J-005859,2024-08-02,payment,187.84,card
INV-005860,J-005860,2024-08-05,payment,278.13,check
INV-005861,J-005861,2024-09-03,payment,413.22,card
INV-005862,J-005862,2024-08-12,payment,312.14,card
INV-005863,J-005863,2024-08-08,payment,280.84,card
INV-005864,J-005864,2024-07-29,payment,5909.01,card
INV-005865,J-005865,2024-08-03,payment,300.72,check
INV-005866,J-005866,2024-08-02,payment,140.98,financing
INV-005867,J-005867,2024-08-10,payment,492.73,check
INV-005868,J-005868,2024-08-20,payment,6865.78,ach
INV-005869,J-005869,2024-08-14,payment,367.38,ach
INV-005870,J-005870,2024-08-03,payment,229.49,check
INV-005871,J-005871,2024-08-08,payment,231.38,ach
INV-005872,J-005872,2024-08-09,payment,452.38,card
INV-005873,J-005873,2024-08-10,payment,415.94,check
INV-005874,J-005874,2024-08-06,payment,633.33,financing
INV-005875,J-005875,2024-08-06,payment,202.41,card
INV-005876,J-005876,2024-07-31,payment,344.43,check
INV-005877,J-005877,2024-08-05,payment,541.73,check
INV-005878,J-005878,2024-08-05,payment,508.98,ach
INV-005879,J-005879,2024-08-03,payment,680.95,ach
INV-005879,J-005879,2024-08-17,refund,343.64,card
INV-005880,J-005880,2024-08-04,payment,501.55,ach
INV-005881,J-005881,2024-08-13,payment,125.76,ach
INV-005882,J-005882,2024-08-17,payment,648.77,ach
INV-005883,J-005883,2024-08-02,payment,583.41,card
INV-005884,J-005884,2024-08-04,payment,280.28,ach
INV-005885,J-005885,2024-08-11,payment,291.32,check
INV-005886,J-005886,2024-08-20,payment,3885.47,ach
INV-005887,J-005887,2024-08-09,payment,249.99,check
INV-005888,J-005888,2024-08-17,payment,348.85,check
INV-005889,J-005889,2024-08-06,payment,256.94,card
INV-005890,J-005890,2024-08-15,payment,166.65,card
INV-005891,J-005891,2024-08-11,payment,645.49,check
INV-005892,J-005892,2024-08-14,payment,375.82,card
INV-005893,J-005893,2024-08-09,payment,3881.64,card
INV-005894,J-005894,2024-08-24,payment,617.93,financing
INV-005895,J-005895,2024-08-16,payment,485.06,financing
INV-005896,J-005896,2024-08-04,payment,468.7,check
INV-005897,J-005897,2024-08-10,payment,338.28,card
INV-005898,J-005898,2024-08-10,payment,1042.8,ach
INV-005899,J-005899,2024-08-10,payment,145.59,ach
INV-005900,J-005900,2024-08-12,payment,566.1,card
INV-005901,J-005901,2024-08-10,payment,330.59,financing
INV-005902,J-005902,2024-08-13,payment,279.72,card
INV-005903,J-005903,2024-08-11,payment,223.71,check
INV-005904,J-005904,2024-08-07,payment,210.85,ach
INV-005905,J-005905,2024-08-05,payment,468.47,ach
INV-005906,J-005906,2024-08-14,payment,314.06,card
INV-005907,J-005907,2024-08-25,payment,336.53,card
INV-005908,J-005908,2024-08-07,payment,650.82,card
INV-005909,J-005909,2024-08-18,payment,217.05,ach
INV-005910,J-005910,2024-08-10,payment,837.6,card
INV-005911,J-005911,2024-08-07,payment,3473.86,ach
INV-005912,J-005912,2024-08-05,payment,765.71,check
INV-005913,J-005913,2024-08-11,payment,763.52,ach
INV-005914,J-005914,2024-08-02,payment,347.79,card
INV-005915,J-005915,2024-08-11,payment,188.29,check
INV-005916,J-005916,2024-08-07,payment,395.33,financing
INV-005917,J-005917,2024-08-17,payment,6320.01,card
INV-005918,J-005918,2024-08-07,payment,352.89,check
INV-005919,J-005919,2024-08-03,payment,486.93,check
INV-005920,J-005920,2024-08-13,payment,311.5,card
INV-005921,J-005921,2024-08-26,payment,789.28,ach
INV-005922,J-005922,2024-08-10,payment,269.44,ach
INV-005923,J-005923,2024-08-09,payment,4771.5,financing
INV-005924,J-005924,2024-08-10,payment,390.58,ach
INV-005925,J-005925,2024-08-16,payment,204.61,card
INV-005926,J-005926,2024-08-10,payment,319.01,card
INV-005927,J-005927,2024-08-05,payment,388.34,financing
INV-005928,J-005928,2024-08-08,payment,283.59,check
INV-005929,J-005929,2024-08-13,payment,245.62,check
INV-005930,J-005930,2024-08-14,payment,123.86,card
INV-005930,J-005930,2024-09-06,chargeback,75.76,card
INV-005931,J-005931,2024-08-03,payment,2951.4,ach
INV-005932,J-005932,2024-08-13,payment,471.49,financing
INV-005933,J-005933,2024-08-11,payment,247.55,check
INV-005934,J-005934,2024-08-07,payment,6389.72,card
INV-005935,J-005935,2024-08-03,payment,251.39,card
INV-005936,J-005936,2024-08-15,payment,954.74,financing
INV-005937,J-005937,2024-08-05,payment,249.37,card
INV-005938,J-005938,2024-08-08,payment,379.44,card
INV-005939,J-005939,2024-08-12,payment,467.05,ach
INV-005940,J-005940,2024-08-13,payment,547.96,ach
INV-005941,J-005941,2024-08-07,payment,387.8,card
INV-005942,J-005942,2024-09-06,payment,863.33,card
INV-005943,J-005943,2024-09-01,payment,438.41,card
INV-005944,J-005944,2024-08-09,payment,315.61,financing
INV-005945,J-005945,2024-08-07,payment,164.12,card
INV-005946,J-005946,2024-08-15,payment,5629.31,ach
INV-005947,J-005947,2024-08-09,payment,250.94,card
INV-005948,J-005948,2024-08-22,payment,335.64,ach
INV-005949,J-005949,2024-10-15,payment,288.84,financing
INV-005950,J-005950,2024-08-15,payment,603.3,check
INV-005951,J-005951,2024-08-11,payment,331.87,financing
INV-005952,J-005952,2024-10-26,payment,168.34,card
INV-005953,J-005953,2024-09-04,payment,338.59,card
INV-005954,J-005954,2024-08-13,payment,646.38,card
INV-005955,J-005955,2024-10-06,payment,3746.74,check
INV-005956,J-005956,2024-09-01,payment,280.4,card
INV-005957,J-005957,2024-11-08,payment,148.73,check
INV-005958,J-005958,2024-09-03,payment,293.07,card
INV-005959,J-005959,2024-09-29,payment,267.96,card
INV-005960,J-005960,2024-11-19,payment,5252.61,check
INV-005961,J-005961,2024-10-20,payment,4609.77,financing
INV-005962,J-005962,2024-08-05,payment,4355.95,card
INV-005963,J-005963,2024-09-30,payment,192.67,ach
INV-005964,J-005964,2024-08-22,payment,286.18,ach
INV-005965,J-005965,2024-09-08,payment,227.13,financing
INV-005966,J-005966,2024-08-27,payment,3551.85,ach
INV-005967,J-005967,2024-10-07,payment,2650.21,ach
INV-005968,J-005968,2024-08-20,payment,3705.56,card
INV-005969,J-005969,2024-08-14,payment,3667.99,card
INV-005970,J-005970,2024-09-12,payment,5340.2,card
INV-005971,J-005971,2024-08-27,payment,4049.26,card
INV-005971,J-005971,2024-10-21,refund,2905.99,card
INV-005972,J-005972,2024-08-27,payment,2941.91,card
INV-005973,J-005973,2025-02-16,payment,3279.03,check
INV-005974,J-005974,2024-09-06,payment,820.27,card
INV-005975,J-005975,2024-08-13,payment,3366.8,check
INV-005976,J-005976,2024-11-02,payment,4825.2,ach
INV-005977,J-005977,2025-07-04,payment,4222.56,ach
INV-005978,J-005978,2024-08-26,payment,3994.86,financing
INV-005979,J-005979,2024-08-17,payment,3581.27,card
INV-005980,J-005980,2024-08-22,payment,2368.2,card
INV-005980,J-005980,2024-10-14,refund,1327.39,card
INV-005981,J-005981,2024-08-02,payment,585.06,ach
INV-005982,J-005982,2024-08-07,payment,657.35,ach
INV-005983,J-005983,2024-08-06,payment,248.12,card
INV-005984,J-005984,2024-08-07,payment,299.62,card
INV-005985,J-005985,2024-08-04,payment,4693.57,check
INV-005986,J-005986,2024-08-10,payment,421.5,ach
INV-005987,J-005987,2024-08-11,payment,372.32,ach
INV-005988,J-005988,2024-08-11,payment,337.19,check
INV-005989,J-005989,2024-08-04,payment,506.57,card
INV-005990,J-005990,2024-08-10,payment,182.22,financing
INV-005991,J-005991,2024-08-07,payment,558.93,financing
INV-005992,J-005992,2024-08-10,payment,163.21,card
INV-005993,J-005993,2024-08-04,payment,258.87,check
INV-005994,J-005994,2024-08-08,payment,450.31,card
INV-005995,J-005995,2024-08-07,payment,380.44,ach
INV-005996,J-005996,2024-08-11,payment,199.69,check
INV-005997,J-005997,2024-08-05,payment,295.97,check
INV-005998,J-005998,2024-08-07,payment,350.22,card
INV-005999,J-005999,2024-08-05,payment,319.23,card
INV-006000,J-006000,2024-08-05,payment,682.96,check
INV-006001,J-006001,2024-08-01,payment,230.42,financing
INV-006002,J-006002,2024-08-14,payment,189.14,card
INV-006003,J-006003,2024-08-14,payment,335.99,check
INV-006004,J-006004,2024-08-12,payment,274.87,ach
INV-006005,J-006005,2024-08-05,payment,297.03,card
INV-006005,J-006005,2024-09-04,refund,151.22,card
INV-006006,J-006006,2024-08-01,payment,396.26,card
INV-006007,J-006007,2024-08-05,payment,417.92,card
INV-006008,J-006008,2024-08-08,payment,366.46,financing
INV-006009,J-006009,2024-08-13,payment,525.21,ach
INV-006010,J-006010,2024-08-06,payment,499.99,check
INV-006011,J-006011,2024-08-07,payment,601.52,check
INV-006012,J-006012,2024-08-09,payment,803.53,check
INV-006013,J-006013,2024-08-11,payment,200.14,financing
INV-006014,J-006014,2024-08-07,payment,376.44,card
INV-006015,J-006015,2024-08-08,payment,236.45,ach
INV-006016,J-006016,2024-08-06,payment,806.57,card
INV-006017,J-006017,2024-08-14,payment,550.94,card
INV-006017,J-006017,2024-09-02,refund,399.9,card
INV-006018,J-006018,2024-08-10,payment,450.4,check
INV-006019,J-006019,2024-08-12,payment,269.53,card
INV-006020,J-006020,2024-08-14,payment,846.29,ach
INV-006021,J-006021,2024-08-19,payment,3137.87,card
INV-006022,J-006022,2024-08-08,payment,660.45,card
INV-006023,J-006023,2024-08-10,payment,345.81,financing
INV-006024,J-006024,2024-08-11,payment,285.31,ach
INV-006025,J-006025,2024-08-10,payment,3222.75,card
INV-006025,J-006025,2024-11-01,refund,2518.45,card
INV-006026,J-006026,2024-08-10,payment,221.01,ach
INV-006027,J-006027,2024-08-11,payment,553.45,financing
INV-006028,J-006028,2024-08-16,payment,99.4,ach
INV-006029,J-006029,2024-08-09,payment,3580.16,check
INV-006030,J-006030,2024-08-19,payment,528.03,card
INV-006031,J-006031,2024-08-04,payment,4007.63,card
INV-006032,J-006032,2024-08-08,payment,296.25,check
INV-006033,J-006033,2024-08-16,payment,4819.75,card
INV-006034,J-006034,2024-09-02,payment,507.23,ach
INV-006035,J-006035,2024-08-20,payment,284.17,card
INV-006036,J-006036,2024-08-15,payment,2891.18,card
INV-006037,J-006037,2024-08-10,payment,240.55,check
INV-006038,J-006038,2024-09-07,payment,531.69,check
INV-006038,J-006038,2024-11-22,refund,516.94,card
INV-006039,J-006039,2024-08-11,payment,287.27,card
INV-006040,J-006040,2024-08-09,payment,5466.87,card
INV-006041,J-006041,2024-08-13,payment,5394.46,check
INV-006042,J-006042,2024-08-14,payment,240.93,card
INV-006043,J-006043,2024-08-09,payment,128.47,check
INV-006044,J-006044,2024-08-15,payment,218.48,financing
INV-006045,J-006045,2024-08-15,payment,3217.32,card
INV-006045,J-006045,2024-10-07,refund,2630.32,card
INV-006046,J-006046,2024-08-20,payment,3933.23,card
INV-006047,J-006047,2024-08-06,payment,434.8,financing
INV-006048,J-006048,2024-08-05,payment,4051.66,card
INV-006049,J-006049,2024-08-13,payment,240.54,check
INV-006050,J-006050,2024-08-23,payment,3500.35,financing
INV-006051,J-006051,2024-08-12,payment,232.72,card
INV-006052,J-006052,2024-08-12,payment,345.99,financing
INV-006053,J-006053,2024-08-07,payment,175.95,check
INV-006054,J-006054,2024-09-12,payment,425.85,financing
INV-006055,J-006055,2024-08-26,payment,303.87,card
INV-006056,J-006056,2024-08-31,payment,257.92,financing
INV-006057,J-006057,2024-08-26,payment,334.29,ach
INV-006058,J-006058,2024-08-11,payment,241.93,card
INV-006059,J-006059,2024-08-12,payment,2989.04,ach
INV-006060,J-006060,2024-08-16,payment,484.6,card
INV-006061,J-006061,2024-08-07,payment,275.46,check
INV-006062,J-006062,2024-08-13,payment,390.39,card
INV-006063,J-006063,2024-08-16,payment,161.06,ach
INV-006064,J-006064,2024-08-21,payment,299.33,card
INV-006065,J-006065,2024-08-13,payment,4463.92,card
INV-006066,J-006066,2024-09-01,payment,254.87,ach
INV-006067,J-006067,2024-08-14,payment,148.98,card
INV-006068,J-006068,2024-08-08,payment,340.33,financing
INV-006069,J-006069,2024-08-20,payment,413.1,card
INV-006070,J-006070,2024-08-17,payment,752.73,card
INV-006071,J-006071,2024-08-22,payment,202.88,check
INV-006072,J-006072,2024-08-22,payment,293.48,check
INV-006073,J-006073,2024-08-20,payment,561.19,check
INV-006074,J-006074,2024-08-15,payment,276.43,card
INV-006075,J-006075,2024-08-14,payment,345.09,ach
INV-006076,J-006076,2024-08-18,payment,478.6,card
INV-006077,J-006077,2024-08-26,payment,152.67,ach
INV-006078,J-006078,2024-08-17,payment,333.29,card
INV-006079,J-006079,2024-08-20,payment,223.71,card
INV-006080,J-006080,2024-08-20,payment,489.1,card
INV-006081,J-006081,2024-08-13,payment,4273.78,card
INV-006082,J-006082,2024-08-19,payment,272.46,ach
INV-006083,J-006083,2024-08-18,payment,247.5,check
INV-006083,J-006083,2024-09-18,chargeback,193.99,card
INV-006084,J-006084,2024-08-19,payment,738.45,check
INV-006085,J-006085,2024-08-17,payment,2601.35,ach
INV-006086,J-006086,2024-08-14,payment,681.17,card
INV-006087,J-006087,2024-08-10,payment,169.07,financing
INV-006088,J-006088,2024-08-12,payment,315.28,financing
INV-006089,J-006089,2024-08-19,payment,385.48,ach
INV-006090,J-006090,2024-08-18,payment,115.14,check
INV-006091,J-006091,2024-08-15,payment,820.42,card
INV-006092,J-006092,2024-08-13,payment,413.89,financing
INV-006093,J-006093,2024-08-15,payment,444.4,card
INV-006094,J-006094,2024-08-13,payment,705.48,check
INV-006095,J-006095,2024-08-19,payment,371.78,check
INV-006096,J-006096,2024-08-23,payment,860.4,card
INV-006097,J-006097,2024-08-12,payment,4757.85,check
INV-006098,J-006098,2024-08-12,payment,367.03,card
INV-006099,J-006099,2024-08-20,payment,255.53,card
INV-006100,J-006100,2024-08-29,payment,173.8,check
INV-006101,J-006101,2024-08-11,payment,396.3,check
INV-006102,J-006102,2024-08-20,payment,129.46,card
INV-006103,J-006103,2024-08-17,payment,158.98,card
INV-006104,J-006104,2024-08-15,payment,397.08,card
INV-006105,J-006105,2024-08-19,payment,319.57,card
INV-006106,J-006106,2024-08-16,payment,341.1,ach
INV-006107,J-006107,2024-08-15,payment,847.73,financing
INV-006108,J-006108,2024-08-19,payment,210.6,check
INV-006109,J-006109,2024-08-13,payment,369.9,card
INV-006110,J-006110,2024-08-18,payment,688.2,card
INV-006111,J-006111,2024-08-11,payment,794.68,financing
INV-006112,J-006112,2024-08-16,payment,4429.86,ach
INV-006113,J-006113,2024-08-19,payment,469.46,ach
INV-006114,J-006114,2024-08-15,payment,456.14,card
INV-006115,J-006115,2024-08-15,payment,364.69,ach
INV-006116,J-006116,2024-08-14,payment,349.27,card
INV-006117,J-006117,2024-08-13,payment,382.06,card
INV-006118,J-006118,2024-08-14,payment,281.25,financing
INV-006119,J-006119,2024-08-11,payment,153.42,financing
INV-006120,J-006120,2024-08-14,payment,417.38,ach
INV-006121,J-006121,2024-08-23,payment,724.34,financing
INV-006122,J-006122,2024-08-12,payment,332.81,card
INV-006123,J-006123,2024-08-17,payment,605.28,card
INV-006124,J-006124,2024-08-17,payment,311.3,card
INV-006125,J-006125,2024-08-24,payment,179.94,card
INV-006126,J-006126,2024-08-18,payment,484.71,ach
INV-006127,J-006127,2024-08-21,payment,142.83,check
INV-006128,J-006128,2024-08-16,payment,439.89,financing
INV-006129,J-006129,2024-08-28,payment,461.39,card
INV-006130,J-006130,2024-09-02,payment,3789.5,card
INV-006131,J-006131,2024-08-17,payment,232.24,check
INV-006132,J-006132,2024-08-13,payment,5220.21,ach
INV-006133,J-006133,2024-08-23,payment,599.93,card
INV-006134,J-006134,2024-08-08,payment,746.69,ach
INV-006135,J-006135,2024-09-05,payment,748.78,card
INV-006136,J-006136,2024-08-21,payment,2544.72,ach
INV-006137,J-006137,2024-08-18,payment,300.28,financing
INV-006138,J-006138,2024-08-15,payment,409.18,check
INV-006139,J-006139,2024-09-06,payment,3235.36,check
INV-006140,J-006140,2024-08-27,payment,131.07,financing
INV-006141,J-006141,2024-08-25,payment,156.29,card
INV-006142,J-006142,2024-08-31,payment,396.23,card
INV-006143,J-006143,2024-08-27,payment,580.23,financing
INV-006144,J-006144,2024-08-13,payment,553.9,card
INV-006145,J-006145,2024-09-02,payment,206.76,ach
INV-006146,J-006146,2024-08-17,payment,3139.38,ach
INV-006147,J-006147,2024-08-18,payment,331.83,card
INV-006148,J-006148,2024-08-31,payment,313.57,card
INV-006149,J-006149,2024-08-14,payment,616.18,card
INV-006150,J-006150,2024-08-14,payment,338.0,card
INV-006151,J-006151,2025-04-12,payment,4788.94,ach
INV-006152,J-006152,2024-09-27,payment,3621.16,check
INV-006153,J-006153,2024-09-02,payment,3612.31,ach
INV-006154,J-006154,2024-10-17,payment,4618.46,check
INV-006155,J-006155,2024-08-20,payment,2821.34,card
INV-006156,J-006156,2024-09-20,payment,2823.47,check
INV-006157,J-006157,2025-01-16,payment,3452.0,card
INV-006158,J-006158,2025-04-21,payment,3655.68,card
INV-006159,J-006159,2024-08-30,payment,290.39,card
INV-006160,J-006160,2024-08-25,payment,873.38,card
INV-006161,J-006161,2024-09-16,payment,3298.87,card
INV-006162,J-006162,2024-10-21,payment,86.83,financing
INV-006163,J-006163,2024-09-20,payment,800.99,financing
INV-006164,J-006164,2024-08-31,payment,3662.65,card
INV-006165,J-006165,2024-09-20,payment,4100.11,card
INV-006165,J-006165,2025-01-05,refund,1373.78,card
INV-006166,J-006166,2024-09-23,payment,3970.13,card
INV-006167,J-006167,2024-09-11,payment,189.38,card
INV-006168,J-006168,2024-09-25,payment,3665.49,card
INV-006169,J-006169,2024-08-13,payment,151.78,card
INV-006170,J-006170,2024-08-14,payment,620.49,financing
INV-006171,J-006171,2024-08-18,payment,209.85,card
INV-006172,J-006172,2024-08-14,payment,707.75,card
INV-006173,J-006173,2024-08-16,payment,240.38,financing
INV-006174,J-006174,2024-08-25,payment,532.74,card
INV-006175,J-006175,2024-08-13,payment,515.32,ach
INV-006176,J-006176,2024-08-14,payment,749.78,card
INV-006177,J-006177,2024-08-12,payment,715.04,check
INV-006177,J-006177,2024-08-23,refund,507.44,card
INV-006178,J-006178,2024-08-16,payment,304.65,check
INV-006179,J-006179,2024-08-09,payment,324.0,check
INV-006180,J-006180,2024-08-10,payment,388.36,check
INV-006181,J-006181,2024-08-19,payment,198.21,card
INV-006182,J-006182,2024-08-13,payment,291.26,card
INV-006183,J-006183,2024-08-13,payment,464.53,check
INV-006184,J-006184,2024-08-12,payment,525.52,card
INV-006185,J-006185,2024-08-18,payment,355.57,ach
INV-006186,J-006186,2024-08-12,payment,784.85,card
INV-006187,J-006187,2024-08-13,payment,4146.62,card
INV-006188,J-006188,2024-08-13,payment,595.06,card
INV-006189,J-006189,2024-08-10,payment,487.18,check
INV-006190,J-006190,2024-08-16,payment,188.03,ach
INV-006191,J-006191,2024-08-16,payment,180.06,card
INV-006192,J-006192,2024-08-16,payment,4791.08,card
INV-006193,J-006193,2024-08-15,payment,336.66,ach
INV-006194,J-006194,2024-08-11,payment,207.05,check
INV-006195,J-006195,2024-08-10,payment,143.53,card
INV-006196,J-006196,2024-08-17,payment,364.46,ach
INV-006197,J-006197,2024-08-14,payment,321.32,check
INV-006198,J-006198,2024-08-13,payment,626.36,ach
INV-006199,J-006199,2024-08-14,payment,996.72,card
INV-006200,J-006200,2024-08-10,payment,508.62,check
INV-006201,J-006201,2024-08-18,payment,420.88,card
INV-006202,J-006202,2024-08-12,payment,243.84,card
INV-006203,J-006203,2024-08-07,payment,447.93,check
INV-006204,J-006204,2024-08-11,payment,155.51,check
INV-006205,J-006205,2024-08-13,payment,175.95,financing
INV-006206,J-006206,2024-08-14,payment,358.85,check
INV-006207,J-006207,2024-08-15,payment,371.41,card
INV-006208,J-006208,2024-08-12,payment,167.46,ach
INV-006209,J-006209,2024-08-30,payment,3857.81,card
INV-006210,J-006210,2024-08-25,payment,347.63,financing
INV-006211,J-006211,2024-08-16,payment,4375.09,financing
INV-006212,J-006212,2024-08-31,payment,3468.72,card
INV-006213,J-006213,2024-08-21,payment,6932.6,card
INV-006214,J-006214,2024-08-29,payment,394.74,ach
INV-006215,J-006215,2024-09-17,payment,4202.39,card
INV-006216,J-006216,2024-08-23,payment,1039.67,card
INV-006217,J-006217,2024-08-21,payment,5630.14,financing
INV-006218,J-006218,2024-08-21,payment,390.86,card
INV-006219,J-006219,2024-08-18,payment,189.03,financing
INV-006220,J-006220,2024-08-18,payment,311.29,ach
INV-006221,J-006221,2024-08-15,payment,220.02,card
INV-006222,J-006222,2024-09-11,payment,548.11,ach
INV-006223,J-006223,2024-08-22,payment,912.08,ach
INV-006224,J-006224,2024-08-29,payment,194.76,card
INV-006225,J-006225,2024-09-07,payment,451.8,check
INV-006226,J-006226,2024-08-25,payment,502.55,card
INV-006227,J-006227,2024-08-27,payment,523.21,ach
INV-006228,J-006228,2024-09-10,payment,132.31,check
INV-006229,J-006229,2024-08-14,payment,730.97,financing
INV-006230,J-006230,2024-08-16,payment,769.3,ach
INV-006231,J-006231,2024-08-13,payment,3773.33,ach
INV-006232,J-006232,2024-09-10,payment,168.73,card
INV-006233,J-006233,2024-08-28,payment,210.01,card
INV-006234,J-006234,2024-09-01,payment,5093.79,card
INV-006235,J-006235,2024-08-26,payment,575.65,check
INV-006236,J-006236,2024-08-18,payment,260.36,check
INV-006237,J-006237,2024-08-23,payment,250.23,ach
INV-006238,J-006238,2024-09-02,payment,287.77,check
INV-006239,J-006239,2024-08-25,payment,6440.1,financing
INV-006240,J-006240,2024-08-12,payment,294.57,card
INV-006241,J-006241,2024-08-31,payment,193.49,check
INV-006242,J-006242,2024-08-11,payment,346.18,ach
INV-006243,J-006243,2024-08-15,payment,174.08,financing
INV-006244,J-006244,2024-08-20,payment,250.3,ach
INV-006245,J-006245,2024-08-19,payment,4276.84,card
INV-006246,J-006246,2024-08-17,payment,264.73,check
INV-006247,J-006247,2024-09-01,payment,237.88,card
INV-006248,J-006248,2024-08-19,payment,215.02,card
INV-006249,J-006249,2024-08-21,payment,282.91,financing
INV-006250,J-006250,2024-08-17,payment,218.85,financing
INV-006251,J-006251,2024-08-23,payment,612.27,check
INV-006252,J-006252,2024-09-08,payment,180.57,financing
INV-006253,J-006253,2024-08-30,payment,3751.08,financing
INV-006254,J-006254,2024-08-12,payment,156.8,card
INV-006255,J-006255,2024-08-18,payment,424.44,ach
INV-006256,J-006256,2024-08-20,payment,4240.25,check
INV-006257,J-006257,2024-08-21,payment,370.51,card
INV-006258,J-006258,2024-09-04,payment,331.08,ach
INV-006259,J-006259,2024-08-13,payment,345.54,check
INV-006260,J-006260,2024-08-23,payment,4208.88,ach
INV-006261,J-006261,2024-08-26,payment,5519.92,card
INV-006262,J-006262,2024-08-13,payment,197.25,financing
INV-006263,J-006263,2024-08-29,payment,4119.2,ach
INV-006264,J-006264,2024-08-22,payment,303.8,card
INV-006265,J-006265,2024-08-25,payment,369.45,card
INV-006266,J-006266,2024-08-21,payment,1015.75,ach
INV-006267,J-006267,2024-08-22,payment,199.65,card
INV-006268,J-006268,2024-08-28,payment,6380.34,card
INV-006269,J-006269,2024-08-23,payment,294.92,ach
INV-006270,J-006270,2024-08-19,payment,341.26,financing
INV-006271,J-006271,2024-08-17,payment,940.73,financing
INV-006272,J-006272,2024-08-30,payment,279.54,card
INV-006273,J-006273,2024-08-20,payment,512.08,card
INV-006274,J-006274,2024-08-26,payment,327.0,ach
INV-006275,J-006275,2024-08-18,payment,115.34,card
INV-006276,J-006276,2024-08-25,payment,3978.81,check
INV-006277,J-006277,2024-08-25,payment,231.67,financing
INV-006278,J-006278,2024-08-22,payment,230.68,card
INV-006279,J-006279,2024-08-23,payment,128.51,card
INV-006280,J-006280,2024-08-21,payment,234.56,financing
INV-006281,J-006281,2024-08-25,payment,225.03,card
INV-006282,J-006282,2024-08-22,payment,4291.19,check
INV-006283,J-006283,2024-08-19,payment,4774.51,ach
INV-006284,J-006284,2024-08-20,payment,528.61,financing
INV-006285,J-006285,2024-08-20,payment,221.32,financing
INV-006286,J-006286,2024-08-19,payment,348.4,ach
INV-006287,J-006287,2024-08-24,payment,266.73,card
INV-006288,J-006288,2024-08-20,payment,295.33,card
INV-006289,J-006289,2024-08-29,payment,313.45,check
INV-006290,J-006290,2024-08-24,payment,240.07,financing
INV-006291,J-006291,2024-08-19,payment,205.89,check
INV-006292,J-006292,2024-08-26,payment,4202.55,card
INV-006293,J-006293,2024-08-21,payment,4232.29,card
INV-006294,J-006294,2024-09-01,payment,357.7,card
INV-006295,J-006295,2024-08-21,payment,810.94,card
INV-006296,J-006296,2024-08-19,payment,312.71,financing
INV-006297,J-006297,2024-08-24,payment,390.05,card
INV-006298,J-006298,2024-08-18,payment,583.77,card
INV-006299,J-006299,2024-08-23,payment,316.32,check
INV-006300,J-006300,2024-08-23,payment,550.5,card
INV-006301,J-006301,2024-08-16,payment,246.35,check
INV-006302,J-006302,2024-08-28,payment,426.76,ach
INV-006303,J-006303,2024-08-28,payment,3317.37,check
INV-006304,J-006304,2024-08-19,payment,415.2,financing
INV-006305,J-006305,2024-08-24,payment,309.97,ach
INV-006306,J-006306,2024-09-09,payment,310.77,ach
INV-006307,J-006307,2024-08-24,payment,279.28,financing
INV-006308,J-006308,2024-08-29,payment,355.57,card
INV-006309,J-006309,2024-08-22,payment,4368.91,financing
INV-006310,J-006310,2024-08-24,payment,275.66,card
INV-006311,J-006311,2024-08-23,payment,378.17,financing
INV-006312,J-006312,2024-08-20,payment,350.46,financing
INV-006313,J-006313,2024-08-21,payment,479.08,card
INV-006314,J-006314,2024-08-27,payment,464.74,ach
INV-006315,J-006315,2024-09-02,payment,345.09,financing
INV-006316,J-006316,2024-08-31,payment,340.23,financing
INV-006317,J-006317,2024-09-02,payment,634.41,check
INV-006318,J-006318,2024-09-10,payment,293.53,check
INV-006319,J-006319,2024-08-20,payment,4550.3,check
INV-006319,J-006319,2024-10-20,refund,2704.26,card
INV-006320,J-006320,2024-09-03,payment,452.32,card
INV-006321,J-006321,2024-08-27,payment,133.35,financing
INV-006322,J-006322,2024-08-19,payment,2528.8,card
INV-006323,J-006323,2024-08-19,payment,3523.76,ach
INV-006324,J-006324,2024-08-25,payment,329.29,card
INV-006325,J-006325,2024-08-23,payment,3845.06,financing
INV-006325,J-006325,2024-10-24,refund,2920.4,card
INV-006326,J-006326,2024-08-29,payment,447.21,card
INV-006326,J-006326,2024-10-21,refund,163.2,card
INV-006327,J-006327,2024-08-27,payment,614.43,check
INV-006328,J-006328,2024-08-29,payment,154.67,financing
INV-006329,J-006329,2024-08-23,payment,579.37,financing
INV-006330,J-006330,2024-08-28,payment,250.87,card
INV-006331,J-006331,2024-08-29,payment,3625.34,financing
INV-006332,J-006332,2024-08-25,payment,866.16,check
INV-006333,J-006333,2024-08-25,payment,721.49,card
INV-006334,J-006334,2024-08-26,payment,224.7,financing
INV-006335,J-006335,2024-08-26,payment,330.77,financing
INV-006336,J-006336,2024-08-20,payment,542.83,card
INV-006337,J-006337,2024-08-25,payment,209.74,check
INV-006338,J-006338,2024-09-22,payment,230.14,ach
INV-006339,J-006339,2024-11-28,payment,4306.83,ach
INV-006340,J-006340,2024-09-16,payment,4311.2,ach
INV-006341,J-006341,2024-09-06,payment,4195.71,check
INV-006342,J-006342,2024-12-27,payment,4734.27,card
INV-006343,J-006343,2025-01-02,payment,4613.05,ach
INV-006343,J-006343,2025-02-28,refund,4158.3,card
INV-006344,J-006344,2024-11-07,payment,2525.2,financing
INV-006345,J-006345,2024-10-03,payment,4534.58,card
INV-006346,J-006346,2024-10-28,payment,4249.16,card
INV-006346,J-006346,2025-06-03,refund,2634.12,card
INV-006347,J-006347,2024-10-28,payment,528.06,card
INV-006348,J-006348,2024-09-07,payment,180.76,financing
INV-006349,J-006349,2025-09-02,payment,2512.55,check
INV-006350,J-006350,2024-09-18,payment,209.95,check
INV-006351,J-006351,2024-11-19,payment,2561.63,check
INV-006352,J-006352,2024-11-13,payment,275.44,check
INV-006353,J-006353,2024-09-05,payment,4309.23,card
INV-006354,J-006354,2024-09-18,payment,205.08,check
INV-006355,J-006355,2024-11-08,payment,2938.38,ach
INV-006356,J-006356,2024-08-24,payment,4922.17,card
INV-006357,J-006357,2024-09-04,payment,223.0,ach
INV-006358,J-006358,2024-12-01,payment,361.48,check
INV-006359,J-006359,2024-10-22,payment,404.23,card
INV-006360,J-006360,2024-09-15,payment,593.78,card
INV-006361,J-006361,2024-09-15,payment,2362.42,ach
INV-006362,J-006362,2024-09-11,payment,4402.43,ach
INV-006363,J-006363,2024-09-17,payment,4738.12,card
INV-006363,J-006363,2024-12-17,refund,1560.8,card
INV-006364,J-006364,2024-08-19,payment,160.26,check
INV-006365,J-006365,2024-08-21,payment,221.65,card
INV-006366,J-006366,2024-08-19,payment,274.4,card
INV-006367,J-006367,2024-08-25,payment,692.48,ach
INV-006368,J-006368,2024-08-26,payment,266.98,card
INV-006369,J-006369,2024-08-22,payment,225.05,check
INV-006370,J-006370,2024-08-23,payment,631.51,card
INV-006371,J-006371,2024-08-18,payment,2719.31,financing
INV-006372,J-006372,2024-08-21,payment,422.67,card
INV-006373,J-006373,2024-08-16,payment,225.62,financing
INV-006374,J-006374,2024-08-26,payment,487.02,check
INV-006375,J-006375,2024-08-24,payment,550.17,card
INV-006376,J-006376,2024-08-21,payment,640.35,ach
INV-006377,J-006377,2024-08-20,payment,825.82,check
INV-006378,J-006378,2024-08-26,payment,459.03,financing
INV-006379,J-006379,2024-08-21,payment,198.87,card
INV-006380,J-006380,2024-08-23,payment,195.43,card
INV-006381,J-006381,2024-08-15,payment,517.53,card
INV-006382,J-006382,2024-08-23,payment,616.33,check
INV-006383,J-006383,2024-08-23,payment,1260.3,check
INV-006384,J-006384,2024-08-21,payment,293.16,ach
INV-006385,J-006385,2024-08-17,payment,641.44,check
INV-006386,J-006386,2024-08-26,payment,300.92,card
INV-006387,J-006387,2024-08-18,payment,520.33,financing
INV-006388,J-006388,2024-08-17,payment,161.85,check
INV-006389,J-006389,2024-08-28,payment,377.43,check
INV-006390,J-006390,2024-08-21,payment,453.1,financing
INV-006391,J-006391,2024-08-24,payment,133.04,check
INV-006392,J-006392,2024-08-22,payment,333.86,ach
INV-006393,J-006393,2024-08-17,payment,298.89,card
INV-006394,J-006394,2024-08-22,payment,138.41,financing
INV-006395,J-006395,2024-08-27,payment,698.59,card
INV-006396,J-006396,2024-08-19,payment,517.7,financing
INV-006397,J-006397,2024-08-16,payment,283.65,financing
INV-006398,J-006398,2024-08-30,payment,395.46,financing
INV-006399,J-006399,2024-08-18,payment,192.45,check
INV-006400,J-006400,2024-08-20,payment,750.12,card
INV-006401,J-006401,2024-08-31,payment,351.65,check
INV-006402,J-006402,2024-08-24,payment,557.59,card
INV-006403,J-006403,2024-08-22,payment,292.88,ach
INV-006404,J-006404,2024-08-20,payment,268.62,card
INV-006405,J-006405,2024-08-29,payment,262.85,card
INV-006406,J-006406,2024-08-24,payment,293.5,check
INV-006407,J-006407,2024-09-15,payment,2443.64,card
INV-006408,J-006408,2024-09-03,payment,148.95,card
INV-006409,J-006409,2024-09-09,payment,1057.11,check
INV-006410,J-006410,2024-08-24,payment,4888.01,card
INV-006411,J-006411,2024-09-27,payment,132.58,ach
INV-006412,J-006412,2024-09-07,payment,5233.17,card
INV-006413,J-006413,2024-08-24,payment,378.72,financing
INV-006414,J-006414,2024-08-31,payment,205.63,check
INV-006415,J-006415,2024-08-21,payment,431.97,card
INV-006416,J-006416,2024-08-22,payment,2386.83,card
INV-006417,J-006417,2024-08-25,payment,2333.41,ach
INV-006417,J-006417,2024-10-29,refund,883.4,card
INV-006418,J-006418,2024-08-17,payment,384.76,financing
INV-006419,J-006419,2024-08-28,payment,4650.08,check
INV-006419,J-006419,2024-10-30,refund,2233.44,card
INV-006420,J-006420,2024-08-18,payment,246.23,financing
INV-006421,J-006421,2024-08-20,payment,169.8,ach
INV-006422,J-006422,2024-08-26,payment,378.62,card
INV-006423,J-006423,2024-08-22,payment,186.73,check
INV-006424,J-006424,2024-09-02,payment,95.12,card
INV-006425,J-006425,2024-08-29,payment,410.89,financing
INV-006426,J-006426,2024-08-19,payment,615.87,check
INV-006427,J-006427,2024-09-01,payment,187.8,card
INV-006428,J-006428,2024-08-26,payment,409.52,ach
INV-006429,J-006429,2024-11-08,payment,3004.85,card
INV-006430,J-006430,2024-09-06,payment,6017.04,check
INV-006431,J-006431,2024-08-29,payment,308.21,card
INV-006432,J-006432,2024-08-27,payment,852.83,ach
INV-006433,J-006433,2024-08-27,payment,552.33,card
INV-006434,J-006434,2024-10-15,payment,323.15,ach
INV-006435,J-006435,2024-08-19,payment,244.89,financing
INV-006436,J-006436,2024-08-29,payment,205.68,check
INV-006437,J-006437,2024-08-23,payment,400.42,card
INV-006438,J-006438,2024-08-27,payment,2375.05,check
INV-006439,J-006439,2024-08-17,payment,476.54,card
INV-006440,J-006440,2024-08-19,payment,778.37,financing
INV-006441,J-006441,2024-08-22,payment,422.35,card
INV-006442,J-006442,2024-09-09,payment,205.3,card
INV-006443,J-006443,2024-08-23,payment,238.75,financing
INV-006444,J-006444,2024-08-30,payment,323.78,ach
INV-006445,J-006445,2024-08-30,payment,242.06,check
INV-006446,J-006446,2024-08-18,payment,413.74,check
INV-006447,J-006447,2024-08-30,payment,426.22,card
INV-006448,J-006448,2024-09-18,payment,2294.85,financing
INV-006448,J-006448,2024-10-17,refund,825.59,card
INV-006449,J-006449,2024-09-02,payment,926.28,card
INV-006450,J-006450,2024-09-24,payment,506.02,financing
INV-006451,J-006451,2024-08-31,payment,221.94,check
INV-006452,J-006452,2024-08-31,payment,3052.08,financing
INV-006453,J-006453,2024-08-30,payment,198.59,ach
INV-006454,J-006454,2024-09-01,payment,199.73,card
INV-006455,J-006455,2024-09-01,payment,3206.78,check
INV-006456,J-006456,2024-08-28,payment,302.61,card
INV-006457,J-006457,2024-09-10,payment,423.27,check
INV-006458,J-006458,2024-08-27,payment,210.21,financing
INV-006459,J-006459,2024-09-01,payment,455.49,card
INV-006460,J-006460,2024-08-29,payment,311.83,card
INV-006461,J-006461,2024-09-11,payment,495.79,financing
INV-006462,J-006462,2024-08-29,payment,156.0,ach
INV-006463,J-006463,2024-09-13,payment,239.85,ach
INV-006464,J-006464,2024-08-26,payment,512.26,ach
INV-006465,J-006465,2024-08-25,payment,217.04,check
INV-006466,J-006466,2024-09-03,payment,3822.91,card
INV-006467,J-006467,2024-09-05,payment,419.78,card
INV-006468,J-006468,2024-08-30,payment,356.48,card
INV-006469,J-006469,2024-08-30,payment,178.41,card
INV-006470,J-006470,2024-08-23,payment,220.05,financing
INV-006471,J-006471,2024-09-02,payment,445.32,ach
INV-006472,J-006472,2024-09-02,payment,234.2,check
INV-006473,J-006473,2024-09-10,payment,243.51,ach
INV-006474,J-006474,2024-08-31,payment,235.5,financing
INV-006475,J-006475,2024-08-31,payment,400.26,ach
INV-006476,J-006476,2024-08-28,payment,387.03,financing
INV-006477,J-006477,2024-09-02,payment,202.9,check
INV-006478,J-006478,2024-09-07,payment,430.26,card
INV-006479,J-006479,2024-08-29,payment,5251.93,check
INV-006480,J-006480,2024-09-05,payment,380.61,card
INV-006481,J-006481,2024-08-24,payment,226.53,check
INV-006482,J-006482,2024-09-05,payment,2603.84,ach
INV-006483,J-006483,2024-08-26,payment,191.91,check
INV-006484,J-006484,2024-08-26,payment,456.55,card
INV-006485,J-006485,2024-08-26,payment,446.92,card
INV-006486,J-006486,2024-09-04,payment,641.08,card
INV-006487,J-006487,2024-09-01,payment,458.53,ach
INV-006488,J-006488,2024-08-28,payment,212.48,ach
INV-006489,J-006489,2024-09-04,payment,200.93,check
INV-006490,J-006490,2024-08-30,payment,208.43,card
INV-006491,J-006491,2024-08-29,payment,581.43,financing
INV-006492,J-006492,2024-08-22,payment,724.23,check
INV-006493,J-006493,2024-08-28,payment,4408.84,card
INV-006494,J-006494,2024-08-25,payment,740.3,check
INV-006495,J-006495,2024-09-06,payment,216.96,ach
INV-006496,J-006496,2024-08-29,payment,4003.45,ach
INV-006497,J-006497,2024-09-03,payment,379.18,financing
INV-006498,J-006498,2024-08-25,payment,336.61,financing
INV-006499,J-006499,2024-09-01,payment,516.01,check
INV-006500,J-006500,2024-08-28,payment,233.58,ach
INV-006501,J-006501,2024-08-29,payment,3245.74,card
INV-006502,J-006502,2024-09-06,payment,679.88,card
INV-006503,J-006503,2024-09-01,payment,350.14,ach
INV-006504,J-006504,2024-09-09,payment,689.09,card
INV-006505,J-006505,2024-09-06,payment,415.22,card
INV-006506,J-006506,2024-08-29,payment,3848.08,check
INV-006507,J-006507,2024-09-02,payment,5685.76,check
INV-006508,J-006508,2024-09-01,payment,481.27,card
INV-006509,J-006509,2024-08-25,payment,341.36,check
INV-006510,J-006510,2024-09-06,payment,399.42,card
INV-006511,J-006511,2024-08-25,payment,424.11,check
INV-006512,J-006512,2024-08-29,payment,3947.12,financing
INV-006513,J-006513,2024-08-31,payment,492.75,card
INV-006514,J-006514,2024-08-30,payment,3840.35,ach
INV-006515,J-006515,2024-09-03,payment,644.37,card
INV-006516,J-006516,2024-08-26,payment,283.66,card
INV-006517,J-006517,2024-09-30,payment,255.74,card
INV-006518,J-006518,2024-09-24,payment,4479.21,financing
INV-006518,J-006518,2024-11-07,refund,2223.55,card
INV-006519,J-006519,2024-09-07,payment,3046.84,card
INV-006520,J-006520,2025-02-19,payment,198.92,financing
INV-006521,J-006521,2024-09-27,payment,261.68,financing
INV-006522,J-006522,2024-09-11,payment,372.85,card
INV-006523,J-006523,2024-10-30,payment,2831.67,card
INV-006523,J-006523,2024-12-09,refund,2519.68,card
INV-006524,J-006524,2024-11-09,payment,4469.31,check
INV-006525,J-006525,2024-09-14,payment,5214.9,check
INV-006526,J-006526,2025-01-02,payment,5057.03,card
INV-006527,J-006527,2024-11-07,payment,2751.45,check
INV-006528,J-006528,2024-10-15,payment,5084.72,check
INV-006529,J-006529,2024-12-24,payment,3711.23,financing
INV-006530,J-006530,2024-11-01,payment,3648.99,financing
INV-006531,J-006531,2025-01-07,payment,4242.41,card
INV-006532,J-006532,2024-08-24,payment,160.15,check
INV-006533,J-006533,2024-08-25,payment,594.92,ach
INV-006534,J-006534,2024-08-30,payment,120.73,card
INV-006535,J-006535,2024-09-07,payment,206.78,financing
INV-006536,J-006536,2024-09-08,payment,287.18,ach
INV-006537,J-006537,2024-09-01,payment,243.5,check
INV-006538,J-006538,2024-08-26,payment,242.68,ach
INV-006539,J-006539,2024-08-25,payment,288.77,financing
INV-006540,J-006540,2024-08-31,payment,625.46,check
INV-006541,J-006541,2024-08-24,payment,577.28,ach
INV-006542,J-006542,2024-08-27,payment,339.51,check
INV-006543,J-006543,2024-08-30,payment,1218.76,ach
INV-006544,J-006544,2024-08-25,payment,583.71,ach
INV-006545,J-006545,2024-08-26,payment,222.61,check
INV-006546,J-006546,2024-08-31,payment,306.94,card
INV-006547,J-006547,2024-08-28,payment,3877.31,ach
INV-006548,J-006548,2024-08-31,payment,267.41,card
INV-006549,J-006549,2024-08-30,payment,431.83,card
INV-006550,J-006550,2024-09-04,payment,198.41,check
INV-006551,J-006551,2024-08-23,payment,504.49,card
INV-006552,J-006552,2024-08-25,payment,226.38,check
INV-006553,J-006553,2024-08-28,payment,1335.33,card
INV-006554,J-006554,2024-08-28,payment,822.61,check
INV-006555,J-006555,2024-08-29,payment,477.58,ach
INV-006556,J-006556,2024-08-29,payment,381.82,check
INV-006557,J-006557,2024-08-25,payment,418.77,card
INV-006558,J-006558,2024-09-02,payment,393.65,ach
INV-006559,J-006559,2024-08-26,payment,395.58,card
INV-006560,J-006560,2024-08-29,payment,3712.12,card
INV-006561,J-006561,2024-08-27,payment,317.31,ach
INV-006562,J-006562,2024-09-02,payment,592.81,ach
INV-006563,J-006563,2024-08-28,payment,287.81,card
INV-006564,J-006564,2024-08-27,payment,316.32,financing
INV-006565,J-006565,2024-08-29,payment,240.51,check
INV-006566,J-006566,2024-09-07,payment,629.65,card
INV-006567,J-006567,2024-08-26,payment,110.41,financing
INV-006568,J-006568,2024-08-29,payment,134.05,ach
INV-006569,J-006569,2024-08-28,payment,921.33,card
INV-006570,J-006570,2024-09-02,payment,795.66,ach
INV-006571,J-006571,2024-08-31,payment,518.74,card
INV-006572,J-006572,2024-09-04,payment,288.2,financing
INV-006573,J-006573,2024-09-02,payment,802.2,check
INV-006574,J-006574,2024-08-29,payment,328.06,financing
INV-006575,J-006575,2024-10-01,payment,422.65,check
INV-006576,J-006576,2024-09-06,payment,310.85,check
INV-006577,J-006577,2024-08-29,payment,458.38,card
INV-006578,J-006578,2024-08-31,payment,312.22,ach
INV-006579,J-006579,2024-08-26,payment,353.27,financing
INV-006580,J-006580,2024-09-11,payment,139.02,check
INV-006581,J-006581,2024-08-28,payment,475.12,card
INV-006582,J-006582,2024-08-30,payment,173.99,financing
INV-006583,J-006583,2024-09-02,payment,5500.4,check
INV-006583,J-006583,2025-01-05,chargeback,2211.49,card
INV-006584,J-006584,2024-09-09,payment,323.98,ach
INV-006585,J-006585,2024-09-05,payment,343.44,card
INV-006586,J-006586,2024-09-18,payment,4722.74,ach
INV-006587,J-006587,2024-09-20,payment,324.45,check
INV-006588,J-006588,2024-08-31,payment,175.24,check
INV-006589,J-006589,2024-09-27,payment,3941.3,card
INV-006590,J-006590,2024-09-08,payment,3768.93,card
INV-006591,J-006591,2024-09-12,payment,3837.74,card
INV-006592,J-006592,2024-08-30,payment,4267.47,financing
INV-006593,J-006593,2024-09-07,payment,552.15,card
INV-006594,J-006594,2024-09-10,payment,365.95,ach
INV-006595,J-006595,2024-09-01,payment,307.57,ach
INV-006596,J-006596,2024-09-04,payment,178.86,card
INV-006597,J-006597,2024-09-08,payment,3508.95,ach
INV-006598,J-006598,2024-09-12,payment,347.11,card
INV-006599,J-006599,2024-09-06,payment,216.51,check
INV-006600,J-006600,2024-09-04,payment,867.94,ach
INV-006601,J-006601,2024-09-27,payment,601.83,check
INV-006602,J-006602,2024-09-03,payment,322.51,card
INV-006603,J-006603,2024-09-17,payment,157.33,financing
INV-006604,J-006604,2024-09-07,payment,180.03,card
INV-006605,J-006605,2024-08-30,payment,154.87,card
INV-006606,J-006606,2024-08-26,payment,329.13,financing
INV-006607,J-006607,2024-08-29,payment,3731.73,card
INV-006608,J-006608,2024-09-02,payment,201.37,card
INV-006609,J-006609,2024-09-11,payment,4732.63,check
INV-006610,J-006610,2024-09-07,payment,173.86,card
INV-006611,J-006611,2024-09-14,payment,481.12,financing
INV-006612,J-006612,2024-09-22,payment,5678.43,check
INV-006613,J-006613,2024-08-31,payment,187.37,card
INV-006614,J-006614,2024-09-10,payment,268.32,ach
INV-006615,J-006615,2024-09-12,payment,279.02,card
INV-006616,J-006616,2024-09-03,payment,230.54,ach
INV-006617,J-006617,2024-09-05,payment,231.05,card
INV-006618,J-006618,2024-09-11,payment,721.88,check
INV-006619,J-006619,2024-08-28,payment,249.63,card
INV-006620,J-006620,2024-09-06,payment,206.32,ach
INV-006621,J-006621,2024-09-22,payment,146.56,card
INV-006622,J-006622,2024-09-04,payment,342.72,ach
INV-006623,J-006623,2024-08-30,payment,3561.75,card
INV-006624,J-006624,2024-09-10,payment,558.53,card
INV-006625,J-006625,2024-08-28,payment,272.19,card
INV-006626,J-006626,2024-09-10,payment,625.3,ach
INV-006627,J-006627,2024-08-31,payment,636.02,card
INV-006628,J-006628,2024-09-06,payment,245.09,card
INV-006629,J-006629,2024-09-01,payment,243.82,check
INV-006630,J-006630,2024-09-01,payment,180.38,financing
INV-006631,J-006631,2024-09-03,payment,2388.66,ach
INV-006631,J-006631,2024-12-14,chargeback,1625.78,card
INV-006632,J-006632,2024-08-23,payment,353.38,card
INV-006633,J-006633,2024-09-07,payment,460.58,card
INV-006634,J-006634,2024-09-09,payment,464.89,card
INV-006635,J-006635,2024-09-05,payment,332.05,check
INV-006636,J-006636,2024-09-12,payment,140.72,check
INV-006637,J-006637,2024-09-03,payment,404.66,card
INV-006638,J-006638,2024-09-16,payment,133.69,financing
INV-006639,J-006639,2024-09-04,payment,162.57,check
INV-006640,J-006640,2024-09-02,payment,281.11,ach
INV-006641,J-006641,2024-09-04,payment,477.14,card
INV-006642,J-006642,2024-09-07,payment,593.26,financing
INV-006643,J-006643,2024-09-03,payment,181.54,check
INV-006644,J-006644,2024-09-19,payment,250.23,card
INV-006645,J-006645,2024-09-07,payment,492.87,financing
INV-006646,J-006646,2024-09-17,payment,408.47,card
INV-006647,J-006647,2024-09-05,payment,549.35,financing
INV-006648,J-006648,2024-09-24,payment,3134.43,financing
INV-006649,J-006649,2024-09-01,payment,3990.9,card
INV-006650,J-006650,2024-09-12,payment,127.06,card
INV-006651,J-006651,2024-09-06,payment,2683.09,financing
INV-006652,J-006652,2024-09-11,payment,5122.53,card
INV-006653,J-006653,2024-09-10,payment,409.12,card
INV-006654,J-006654,2024-09-06,payment,4329.34,card
INV-006655,J-006655,2024-09-15,payment,374.48,card
INV-006656,J-006656,2024-09-15,payment,230.96,card
INV-006657,J-006657,2024-09-15,payment,753.51,card
INV-006658,J-006658,2024-09-04,payment,221.79,check
INV-006659,J-006659,2024-09-05,payment,453.09,ach
INV-006660,J-006660,2024-09-04,payment,548.16,card
INV-006661,J-006661,2024-09-13,payment,263.34,ach
INV-006662,J-006662,2024-09-13,payment,381.94,card
INV-006663,J-006663,2024-09-08,payment,290.52,card
INV-006664,J-006664,2024-09-01,payment,177.27,financing
INV-006665,J-006665,2024-09-07,payment,157.58,card
INV-006666,J-006666,2024-09-01,payment,250.94,card
INV-006667,J-006667,2024-09-08,payment,243.06,check
INV-006668,J-006668,2024-09-11,payment,141.29,card
INV-006669,J-006669,2024-09-06,payment,425.53,financing
INV-006670,J-006670,2024-09-17,payment,427.61,ach
INV-006671,J-006671,2024-09-09,payment,3208.01,check
INV-006672,J-006672,2024-09-25,payment,582.18,financing
INV-006673,J-006673,2024-09-08,payment,4066.63,card
INV-006674,J-006674,2024-09-03,payment,3363.38,ach
INV-006675,J-006675,2024-09-25,payment,222.23,check
INV-006676,J-006676,2024-09-14,payment,3834.72,card
INV-006677,J-006677,2024-09-15,payment,2403.7,financing
INV-006678,J-006678,2024-09-11,payment,521.03,financing
INV-006679,J-006679,2024-09-12,payment,233.09,card
INV-006680,J-006680,2024-09-13,payment,197.05,check
INV-006681,J-006681,2024-09-30,payment,255.22,ach
INV-006682,J-006682,2024-09-23,payment,974.49,check
INV-006683,J-006683,2024-09-05,payment,672.54,ach
INV-006684,J-006684,2024-09-13,payment,351.93,card
INV-006685,J-006685,2024-09-14,payment,151.34,card
INV-006686,J-006686,2024-09-06,payment,247.48,check
INV-006687,J-006687,2024-09-07,payment,152.79,card
INV-006688,J-006688,2024-09-13,payment,3940.7,card
INV-006689,J-006689,2024-09-15,payment,254.87,check
INV-006690,J-006690,2024-09-04,payment,138.45,financing
INV-006691,J-006691,2024-12-03,payment,5060.06,card
INV-006692,J-006692,2025-01-11,payment,2948.19,ach
INV-006693,J-006693,2024-10-09,payment,4122.13,card
INV-006694,J-006694,2024-09-25,payment,3320.73,card
INV-006695,J-006695,2024-10-21,payment,4797.41,card
INV-006696,J-006696,2024-10-18,payment,177.21,financing
INV-006697,J-006697,2024-10-06,payment,253.35,card
INV-006698,J-006698,2024-09-18,payment,4966.98,check
INV-006699,J-006699,2024-09-21,payment,3280.59,financing
INV-006700,J-006700,2024-09-24,payment,214.37,card
INV-006701,J-006701,2024-10-07,payment,4872.81,card
INV-006702,J-006702,2024-11-25,payment,5256.82,card
INV-006703,J-006703,2024-09-17,payment,226.51,card
INV-006704,J-006704,2024-10-12,payment,4437.88,check
INV-006705,J-006705,2024-10-28,payment,4547.55,card
INV-006706,J-006706,2024-09-07,payment,335.47,card
INV-006707,J-006707,2024-09-04,payment,382.77,card
INV-006708,J-006708,2024-09-02,payment,235.57,check
INV-006709,J-006709,2024-09-07,payment,253.58,card
INV-006709,J-006709,2024-09-21,refund,248.25,card
INV-006710,J-006710,2024-09-05,payment,218.23,check
INV-006711,J-006711,2024-09-05,payment,337.94,card
INV-006711,J-006711,2024-10-02,refund,253.25,card
INV-006712,J-006712,2024-09-11,payment,203.45,financing
INV-006713,J-006713,2024-09-03,payment,643.94,check
INV-006714,J-006714,2024-09-05,payment,561.25,financing
INV-006715,J-006715,2024-09-08,payment,323.87,financing
INV-006716,J-006716,2024-09-01,payment,471.3,financing
INV-006717,J-006717,2024-09-03,payment,248.97,card
INV-006718,J-006718,2024-09-01,payment,278.02,ach
INV-006719,J-006719,2024-09-03,payment,357.07,check
INV-006720,J-006720,2024-09-03,payment,344.18,check
INV-006721,J-006721,2024-09-03,payment,626.47,ach
INV-006722,J-006722,2024-09-06,payment,522.39,card
INV-006723,J-006723,2024-08-30,payment,469.71,check
INV-006724,J-006724,2024-09-11,payment,545.58,check
INV-006725,J-006725,2024-09-08,payment,593.61,card
INV-006726,J-006726,2024-09-03,payment,709.1,check
INV-006727,J-006727,2024-09-09,payment,580.15,card
INV-006728,J-006728,2024-09-02,payment,197.68,card
INV-006729,J-006729,2024-09-01,payment,2921.58,check
INV-006729,J-006729,2024-11-13,chargeback,1689.53,card
INV-006730,J-006730,2024-09-05,payment,249.97,check
INV-006731,J-006731,2024-09-04,payment,642.75,card
INV-006732,J-006732,2024-09-08,payment,214.95,check
INV-006733,J-006733,2024-09-03,payment,676.43,check
INV-006734,J-006734,2024-09-03,payment,232.52,card
INV-006735,J-006735,2024-09-02,payment,1042.49,check
INV-006736,J-006736,2024-08-31,payment,228.43,card
INV-006737,J-006737,2024-09-04,payment,255.29,ach
INV-006738,J-006738,2024-09-14,payment,244.28,check
INV-006739,J-006739,2024-09-24,payment,259.14,financing
INV-006740,J-006740,2024-09-07,payment,394.09,card
INV-006741,J-006741,2024-09-09,payment,146.5,financing
INV-006742,J-006742,2024-09-10,payment,277.68,check
INV-006743,J-006743,2024-09-05,payment,202.41,financing
INV-006744,J-006744,2024-09-06,payment,524.04,card
INV-006745,J-006745,2024-09-08,payment,584.48,card
INV-006746,J-006746,2024-09-13,payment,537.63,ach
INV-006747,J-006747,2024-09-15,payment,188.99,check
INV-006748,J-006748,2024-09-22,payment,244.65,ach
INV-006749,J-006749,2024-09-09,payment,250.36,card
INV-006750,J-006750,2024-09-11,payment,194.16,check
INV-006751,J-006751,2024-09-05,payment,4038.27,ach
INV-006752,J-006752,2024-09-02,payment,394.51,financing
INV-006753,J-006753,2024-09-09,payment,387.21,check
INV-006754,J-006754,2024-09-10,payment,643.29,card
INV-006755,J-006755,2024-09-07,payment,240.35,check
INV-006756,J-006756,2024-09-16,payment,211.83,card
INV-006757,J-006757,2024-09-05,payment,251.72,check
INV-006758,J-006758,2024-09-01,payment,496.31,card
INV-006759,J-006759,2024-09-07,payment,167.12,card
INV-006760,J-006760,2024-09-09,payment,3877.44,ach
INV-006761,J-006761,2024-09-26,payment,461.0,check
INV-006762,J-006762,2024-09-10,payment,392.21,card
INV-006763,J-006763,2024-09-18,payment,6249.09,ach
INV-006764,J-006764,2024-09-06,payment,5951.08,financing
INV-006765,J-006765,2024-09-08,payment,258.48,card
INV-006766,J-006766,2024-09-10,payment,280.64,check
INV-006767,J-006767,2024-09-19,payment,283.63,card
INV-006768,J-006768,2024-09-03,payment,5844.79,check
INV-006769,J-006769,2024-09-11,payment,4135.11,ach
INV-006769,J-006769,2024-11-06,refund,3334.6,card
INV-006770,J-006770,2024-09-23,payment,306.21,card
INV-006771,J-006771,2024-09-07,payment,185.27,check
INV-006772,J-006772,2024-10-03,payment,165.27,ach
INV-006773,J-006773,2024-09-11,payment,460.98,check
INV-006774,J-006774,2024-09-07,payment,389.02,check
INV-006775,J-006775,2024-09-09,payment,487.85,check
INV-006776,J-006776,2024-09-19,payment,533.53,card
INV-006777,J-006777,2024-09-08,payment,5310.81,ach
INV-006778,J-006778,2024-09-10,payment,3715.55,check
INV-006779,J-006779,2024-09-09,payment,137.39,card
INV-006780,J-006780,2024-09-15,payment,425.53,check
INV-006781,J-006781,2024-09-21,payment,278.58,ach
INV-006782,J-006782,2024-09-04,payment,135.85,check
INV-006783,J-006783,2024-09-11,payment,170.39,check
INV-006784,J-006784,2024-09-04,payment,299.93,ach
INV-006785,J-006785,2024-09-02,payment,494.06,financing
INV-006786,J-006786,2024-09-03,payment,439.38,card
INV-006787,J-006787,2024-09-10,payment,231.05,ach
INV-006788,J-006788,2024-09-10,payment,736.6,ach
INV-006789,J-006789,2024-09-07,payment,5387.26,check
INV-006790,J-006790,2024-09-12,payment,260.2,card
INV-006791,J-006791,2024-09-17,payment,145.7,ach
INV-006792,J-006792,2024-09-23,payment,5558.12,card
INV-006792,J-006792,2024-12-27,refund,4234.24,card
INV-006793,J-006793,2024-09-13,payment,522.46,financing
INV-006794,J-006794,2024-09-12,payment,225.77,ach
INV-006795,J-006795,2024-09-10,payment,205.89,ach
INV-006796,J-006796,2024-09-12,payment,4541.57,ach
INV-006797,J-006797,2024-09-15,payment,367.82,card
INV-006798,J-006798,2024-09-12,payment,168.44,card
INV-006799,J-006799,2024-09-10,payment,254.33,card
INV-006800,J-006800,2024-09-09,payment,180.35,card
INV-006801,J-006801,2024-09-12,payment,1635.59,financing
INV-006802,J-006802,2024-09-11,payment,541.27,card
INV-006803,J-006803,2024-09-14,payment,336.04,card
INV-006804,J-006804,2024-09-10,payment,443.24,card
INV-006805,J-006805,2024-09-10,payment,422.47,ach
INV-006806,J-006806,2024-09-13,payment,712.93,card
INV-006807,J-006807,2024-09-08,payment,4413.24,ach
INV-006808,J-006808,2024-09-13,payment,371.27,financing
INV-006809,J-006809,2024-09-09,payment,673.72,ach
INV-006810,J-006810,2024-09-13,payment,396.31,ach
INV-006811,J-006811,2024-09-14,payment,3759.04,financing
INV-006812,J-006812,2024-09-16,payment,154.94,card
INV-006813,J-006813,2024-09-10,payment,240.85,card
INV-006814,J-006814,2024-09-10,payment,480.32,card
INV-006815,J-006815,2024-09-10,payment,515.72,card
INV-006816,J-006816,2024-09-11,payment,360.11,check
INV-006817,J-006817,2024-09-11,payment,209.45,card
INV-006818,J-006818,2024-09-12,payment,308.45,check
INV-006819,J-006819,2024-09-15,payment,193.72,financing
INV-006820,J-006820,2024-09-20,payment,506.15,financing
INV-006821,J-006821,2024-09-14,payment,289.9,check
INV-006822,J-006822,2024-09-27,payment,269.11,card
INV-006823,J-006823,2024-09-13,payment,282.62,financing
INV-006824,J-006824,2024-09-10,payment,281.11,ach
INV-006825,J-006825,2024-09-13,payment,298.72,check
INV-006826,J-006826,2024-09-11,payment,480.2,ach
INV-006827,J-006827,2024-09-15,payment,480.19,card
INV-006828,J-006828,2024-09-10,payment,567.71,card
INV-006829,J-006829,2024-09-11,payment,265.73,card
INV-006830,J-006830,2024-09-17,payment,327.44,card
INV-006831,J-006831,2024-09-14,payment,273.27,card
INV-006832,J-006832,2024-09-09,payment,405.59,financing
INV-006832,J-006832,2024-11-13,refund,370.18,card
INV-006833,J-006833,2024-09-11,payment,218.16,ach
INV-006834,J-006834,2024-09-15,payment,619.59,card
INV-006835,J-006835,2024-09-20,payment,620.56,ach
INV-006836,J-006836,2024-09-19,payment,559.02,card
INV-006837,J-006837,2024-09-19,payment,244.89,ach
INV-006838,J-006838,2024-09-18,payment,257.64,ach
INV-006839,J-006839,2024-09-18,payment,100.72,card
INV-006840,J-006840,2024-09-11,payment,635.27,check
INV-006841,J-006841,2024-09-10,payment,232.72,ach
INV-006842,J-006842,2024-09-27,payment,305.03,check
INV-006843,J-006843,2024-10-10,payment,342.29,ach
INV-006844,J-006844,2024-09-10,payment,291.58,ach
INV-006845,J-006845,2024-09-20,payment,311.6,card
INV-006846,J-006846,2024-09-10,payment,528.04,financing
INV-006847,J-006847,2024-09-16,payment,308.1,card
INV-006848,J-006848,2024-09-19,payment,293.02,check
INV-006849,J-006849,2024-09-16,payment,214.03,card
INV-006850,J-006850,2024-09-15,payment,503.81,check
INV-006851,J-006851,2024-09-09,payment,775.1,ach
INV-006851,J-006851,2024-10-17,refund,747.37,card
INV-006852,J-006852,2024-09-06,payment,866.2,card
INV-006853,J-006853,2024-09-08,payment,188.49,card
INV-006854,J-006854,2024-10-18,payment,242.39,check
INV-006855,J-006855,2024-09-05,payment,2798.3,check
INV-006855,J-006855,2024-09-23,refund,1333.72,card
INV-006856,J-006856,2024-09-18,payment,383.89,financing
INV-006857,J-006857,2024-09-17,payment,293.26,ach
INV-006858,J-006858,2024-09-15,payment,286.73,check
INV-006859,J-006859,2024-09-19,payment,255.51,card
INV-006860,J-006860,2024-09-11,payment,509.69,financing
INV-006861,J-006861,2024-09-26,payment,227.4,check
INV-006862,J-006862,2024-09-19,payment,348.77,ach
INV-006863,J-006863,2024-09-12,payment,467.17,ach
INV-006864,J-006864,2024-09-20,payment,509.11,check
INV-006865,J-006865,2024-10-01,payment,216.56,financing
INV-006866,J-006866,2024-09-25,payment,231.76,card
INV-006867,J-006867,2024-09-25,payment,570.39,financing
INV-006868,J-006868,2024-11-07,payment,303.16,card
INV-006869,J-006869,2024-09-15,payment,456.3,ach
INV-006870,J-006870,2024-09-17,payment,3709.86,ach
INV-006871,J-006871,2024-09-19,payment,261.98,card
INV-006872,J-006872,2024-10-19,payment,232.84,card
INV-006873,J-006873,2024-09-24,payment,693.43,financing
INV-006874,J-006874,2024-09-20,payment,302.19,card
INV-006875,J-006875,2024-09-16,payment,3722.21,financing
INV-006876,J-006876,2024-09-17,payment,3343.18,financing
INV-006877,J-006877,2024-09-10,payment,4141.07,card
INV-006878,J-006878,2024-09-19,payment,544.33,card
INV-006879,J-006879,2024-09-15,payment,3580.38,card
INV-006879,J-006879,2024-10-25,chargeback,1815.13,card
INV-006880,J-006880,2024-10-04,payment,365.61,ach
INV-006881,J-006881,2024-12-29,payment,3095.64,card
INV-006882,J-006882,2024-11-08,payment,4385.17,financing
INV-006883,J-006883,2024-11-14,payment,810.24,ach
INV-006883,J-006883,2024-12-19,refund,788.19,card
INV-006884,J-006884,2024-09-28,payment,196.87,card
INV-006885,J-006885,2024-09-26,payment,382.05,card
INV-006886,J-006886,2024-11-01,payment,3875.4,check
INV-006887,J-006887,2024-10-16,payment,5131.35,card
INV-006888,J-006888,2025-01-09,payment,4139.91,check
INV-006889,J-006889,2024-10-20,payment,226.38,card
INV-006890,J-006890,2024-10-04,payment,3890.56,check
INV-006891,J-006891,2024-10-30,payment,3869.73,ach
INV-006892,J-006892,2024-09-19,payment,3245.82,card
INV-006893,J-006893,2024-09-30,payment,318.51,card
INV-006894,J-006894,2024-09-23,payment,4374.15,ach
INV-006895,J-006895,2024-12-01,payment,2661.03,financing
INV-006896,J-006896,2024-09-19,payment,3175.69,financing
INV-006897,J-006897,2024-11-21,payment,215.06,card
INV-006898,J-006898,2024-11-12,payment,4471.35,check
INV-006898,J-006898,2025-06-27,refund,1697.01,card
INV-006899,J-006899,2024-11-07,payment,4054.79,card
INV-006900,J-006900,2024-10-15,payment,462.31,ach
INV-006901,J-006901,2024-10-10,payment,4503.38,card
INV-006902,J-006902,2024-09-13,payment,165.75,check
INV-006903,J-006903,2024-09-11,payment,557.22,card
INV-006904,J-006904,2024-09-12,payment,131.92,card
INV-006905,J-006905,2024-09-09,payment,662.68,financing
INV-006906,J-006906,2024-09-12,payment,320.2,card
INV-006907,J-006907,2024-09-09,payment,437.68,financing
INV-006908,J-006908,2024-09-09,payment,213.75,check
INV-006909,J-006909,2024-09-27,payment,269.77,financing
INV-006910,J-006910,2024-09-12,payment,275.85,financing
INV-006910,J-006910,2024-11-27,chargeback,102.19,card
INV-006911,J-006911,2024-09-15,payment,238.95,card
INV-006912,J-006912,2024-09-10,payment,976.77,card
INV-006912,J-006912,2024-12-16,refund,514.88,card
INV-006913,J-006913,2024-09-16,payment,854.09,ach
INV-006914,J-006914,2024-09-10,payment,855.89,ach
INV-006915,J-006915,2024-09-16,payment,171.13,financing
INV-006916,J-006916,2024-09-13,payment,466.22,check
INV-006917,J-006917,2024-09-11,payment,814.58,ach
INV-006918,J-006918,2024-09-16,payment,1045.84,financing
INV-006919,J-006919,2024-09-12,payment,193.08,financing
INV-006920,J-006920,2024-09-12,payment,145.33,ach
INV-006921,J-006921,2024-09-11,payment,350.49,check
INV-006922,J-006922,2024-09-12,payment,328.31,card
INV-006923,J-006923,2024-09-21,payment,275.38,financing
INV-006924,J-006924,2024-09-12,payment,179.84,card
INV-006925,J-006925,2024-09-23,payment,321.93,card
INV-006926,J-006926,2024-09-07,payment,6951.89,ach
INV-006926,J-006926,2024-11-01,refund,3380.86,card
INV-006927,J-006927,2024-09-27,payment,327.42,card
INV-006928,J-006928,2024-09-07,payment,230.53,card
INV-006929,J-006929,2024-09-14,payment,147.24,ach
INV-006930,J-006930,2024-09-24,payment,334.2,check
INV-006931,J-006931,2024-09-12,payment,420.44,check
INV-006932,J-006932,2024-09-10,payment,592.17,card
INV-006933,J-006933,2024-09-09,payment,264.46,ach
INV-006934,J-006934,2024-09-15,payment,3644.09,check
INV-006935,J-006935,2024-09-05,payment,470.99,card
INV-006936,J-006936,2024-09-15,payment,216.51,card
INV-006936,J-006936,2024-12-04,refund,159.57,card
INV-006937,J-006937,2024-09-14,payment,395.53,card
INV-006938,J-006938,2024-09-17,payment,357.23,ach
INV-006939,J-006939,2024-09-07,payment,215.91,financing
INV-006940,J-006940,2024-09-24,payment,204.92,financing
INV-006941,J-006941,2024-09-18,payment,326.31,financing
INV-006942,J-006942,2024-09-06,payment,250.22,card
INV-006943,J-006943,2024-09-09,payment,406.15,financing
INV-006944,J-006944,2024-09-08,payment,407.13,financing
INV-006945,J-006945,2024-09-11,payment,670.48,card
INV-006946,J-006946,2024-09-21,payment,6722.47,card
INV-006947,J-006947,2024-09-13,payment,4458.25,financing
INV-006948,J-006948,2024-09-20,payment,5946.52,card
INV-006949,J-006949,2024-09-23,payment,263.07,card
INV-006950,J-006950,2024-09-20,payment,440.93,card
INV-006951,J-006951,2024-09-10,payment,2613.39,ach
INV-006952,J-006952,2024-10-13,payment,5187.69,check
INV-006953,J-006953,2024-09-20,payment,231.59,ach
INV-006954,J-006954,2024-09-06,payment,4105.83,financing
INV-006955,J-006955,2024-09-22,payment,983.95,check
INV-006956,J-006956,2024-09-13,payment,164.81,card
INV-006957,J-006957,2024-09-24,payment,336.37,card
INV-006958,J-006958,2024-09-14,payment,625.06,financing
INV-006959,J-006959,2024-10-19,payment,428.99,card
INV-006960,J-006960,2024-10-04,payment,3712.19,card
INV-006961,J-006961,2024-09-16,payment,208.82,ach
INV-006962,J-006962,2024-09-19,payment,136.39,card
INV-006963,J-006963,2024-09-18,payment,455.05,card
INV-006964,J-006964,2024-09-17,payment,1292.66,financing
INV-006965,J-006965,2024-09-09,payment,3837.13,card
INV-006966,J-006966,2024-09-13,payment,179.3,card
INV-006967,J-006967,2024-09-26,payment,820.5,card
INV-006968,J-006968,2024-09-18,payment,443.86,card
INV-006969,J-006969,2024-09-07,payment,597.58,financing
INV-006970,J-006970,2024-09-17,payment,220.26,ach
INV-006971,J-006971,2024-09-24,payment,790.59,ach
INV-006972,J-006972,2024-09-14,payment,4596.21,ach
INV-006973,J-006973,2024-09-13,payment,972.93,financing
INV-006974,J-006974,2024-09-17,payment,5802.89,ach
INV-006975,J-006975,2024-09-16,payment,471.89,card
INV-006976,J-006976,2024-09-13,payment,5369.91,ach
INV-006977,J-006977,2024-09-17,payment,479.25,card
INV-006978,J-006978,2024-09-26,payment,611.66,ach
INV-006979,J-006979,2024-12-01,payment,567.23,card
INV-006980,J-006980,2024-09-20,payment,378.83,ach
INV-006980,J-006980,2024-10-26,refund,233.9,card
INV-006981,J-006981,2024-09-09,payment,241.19,check
INV-006982,J-006982,2024-09-11,payment,188.75,check
INV-006983,J-006983,2024-09-15,payment,1013.21,card
INV-006984,J-006984,2024-09-21,payment,543.56,check
INV-006985,J-006985,2024-09-25,payment,4337.08,check
INV-006986,J-006986,2024-09-29,payment,386.7,card
INV-006987,J-006987,2024-09-18,payment,760.71,ach
INV-006988,J-006988,2024-09-24,payment,537.84,check
INV-006989,J-006989,2024-09-23,payment,648.59,ach
INV-006990,J-006990,2024-10-28,payment,195.21,check
INV-006991,J-006991,2024-09-25,payment,221.86,card
INV-006992,J-006992,2024-09-27,payment,375.02,card
INV-006993,J-006993,2024-09-17,payment,214.4,check
INV-006994,J-006994,2024-09-23,payment,231.94,card
INV-006995,J-006995,2024-09-14,payment,424.22,ach
INV-006996,J-006996,2024-09-15,payment,321.0,card
INV-006997,J-006997,2024-09-23,payment,421.54,card
INV-006998,J-006998,2024-09-18,payment,313.76,financing
INV-006999,J-006999,2024-09-29,payment,462.39,financing
INV-007000,J-007000,2024-09-22,payment,209.52,financing
INV-007000,J-007000,2024-10-19,refund,102.31,card
INV-007001,J-007001,2024-09-20,payment,649.63,card
INV-007002,J-007002,2024-09-25,payment,395.02,financing
INV-007003,J-007003,2024-10-02,payment,219.22,ach
INV-007004,J-007004,2024-09-21,payment,262.99,check
INV-007005,J-007005,2024-09-18,payment,252.18,financing
INV-007006,J-007006,2024-09-25,payment,608.1,ach
INV-007007,J-007007,2024-09-16,payment,241.93,card
INV-007008,J-007008,2024-09-25,payment,272.91,financing
INV-007009,J-007009,2024-09-13,payment,258.86,card
INV-007010,J-007010,2024-09-17,payment,386.28,ach
INV-007011,J-007011,2024-09-28,payment,354.69,card
INV-007012,J-007012,2024-09-19,payment,3900.9,card
INV-007013,J-007013,2024-09-16,payment,228.89,ach
INV-007014,J-007014,2024-09-29,payment,550.05,card
INV-007015,J-007015,2024-09-25,payment,522.74,ach
INV-007016,J-007016,2024-09-13,payment,704.43,ach
INV-007016,J-007016,2024-10-16,chargeback,311.4,card
INV-007017,J-007017,2024-10-01,payment,4564.44,ach
INV-007018,J-007018,2024-09-28,payment,356.56,check
INV-007019,J-007019,2024-09-28,payment,95.97,card
INV-007020,J-007020,2024-09-18,payment,163.11,card
INV-007021,J-007021,2024-09-18,payment,437.05,card
INV-007022,J-007022,2024-09-15,payment,175.23,check
INV-007023,J-007023,2024-10-02,payment,3091.36,check
INV-007024,J-007024,2024-09-14,payment,307.5,card
INV-007025,J-007025,2024-10-29,payment,427.65,ach
INV-007026,J-007026,2024-09-25,payment,150.33,check
INV-007027,J-007027,2024-09-22,payment,252.34,financing
INV-007028,J-007028,2024-09-19,payment,262.32,financing
INV-007029,J-007029,2024-09-19,payment,584.24,card
INV-007030,J-007030,2024-09-24,payment,160.71,card
INV-007031,J-007031,2024-09-14,payment,250.08,ach
INV-007032,J-007032,2024-09-20,payment,349.53,financing
INV-007033,J-007033,2024-09-16,payment,3074.44,card
INV-007034,J-007034,2024-09-20,payment,300.22,card
INV-007035,J-007035,2024-09-19,payment,395.19,card
INV-007036,J-007036,2024-09-13,payment,495.85,card
INV-007037,J-007037,2024-09-28,payment,198.57,card
INV-007038,J-007038,2024-09-19,payment,3720.51,card
INV-007039,J-007039,2024-09-24,payment,315.53,card
INV-007040,J-007040,2024-09-23,payment,274.77,check
INV-007041,J-007041,2024-09-17,payment,223.59,ach
INV-007042,J-007042,2024-09-23,payment,945.92,ach
INV-007043,J-007043,2024-10-09,payment,4669.7,financing
INV-007044,J-007044,2024-09-21,payment,317.22,card
INV-007045,J-007045,2024-09-16,payment,205.74,financing
INV-007046,J-007046,2024-09-18,payment,570.14,card
INV-007047,J-007047,2024-09-25,payment,206.64,card
INV-007048,J-007048,2024-09-20,payment,307.63,financing
INV-007049,J-007049,2024-09-24,payment,3424.47,card
INV-007050,J-007050,2024-09-19,payment,3480.86,card
INV-007051,J-007051,2024-11-26,payment,3030.5,check
INV-007052,J-007052,2025-08-12,payment,4376.61,card
INV-007053,J-007053,2025-01-26,payment,506.08,card
INV-007054,J-007054,2024-12-22,payment,3953.79,check
INV-007055,J-007055,2024-11-04,payment,4770.45,ach
INV-007056,J-007056,2024-11-10,payment,385.33,ach
INV-007057,J-007057,2024-10-13,payment,3160.37,card
INV-007058,J-007058,2024-10-23,payment,4015.77,check
INV-007059,J-007059,2024-12-17,payment,5859.35,card
INV-007060,J-007060,2024-11-28,payment,4441.74,financing
INV-007061,J-007061,2024-09-26,payment,4618.27,financing
INV-007062,J-007062,2024-09-21,payment,3802.03,card
INV-007063,J-007063,2024-09-14,payment,820.98,card
INV-007064,J-007064,2024-09-14,payment,424.62,card
INV-007065,J-007065,2024-09-17,payment,309.31,ach
INV-007066,J-007066,2024-09-21,payment,401.8,card
INV-007067,J-007067,2024-09-17,payment,115.02,card
INV-007068,J-007068,2024-09-19,payment,391.17,card
INV-007069,J-007069,2024-09-22,payment,141.19,card
INV-007070,J-007070,2024-09-20,payment,247.59,check
INV-007071,J-007071,2024-09-16,payment,790.62,ach
INV-007072,J-007072,2024-09-14,payment,556.04,financing
INV-007073,J-007073,2024-09-15,payment,152.57,check
INV-007074,J-007074,2024-09-16,payment,248.66,card
INV-007075,J-007075,2024-09-26,payment,464.68,financing
INV-007076,J-007076,2024-09-23,payment,239.15,card
INV-007077,J-007077,2024-09-21,payment,430.29,financing
INV-007078,J-007078,2024-09-18,payment,317.03,ach
INV-007079,J-007079,2024-09-18,payment,510.82,card
INV-007080,J-007080,2024-09-21,payment,400.92,ach
INV-007081,J-007081,2024-09-17,payment,473.02,ach
INV-007081,J-007081,2024-11-02,refund,207.69,card
INV-007082,J-007082,2024-09-15,payment,261.81,check
INV-007083,J-007083,2024-09-27,payment,420.01,card
INV-007084,J-007084,2024-09-24,payment,415.94,card
INV-007085,J-007085,2024-09-15,payment,280.25,card
INV-007086,J-007086,2024-09-25,payment,253.87,ach
INV-007087,J-007087,2024-09-20,payment,300.72,financing
INV-007088,J-007088,2024-09-14,payment,353.06,financing
INV-007089,J-007089,2024-09-15,payment,4199.56,financing
INV-007090,J-007090,2024-10-06,payment,259.3,financing
INV-007091,J-007091,2024-10-03,payment,580.02,check
INV-007092,J-007092,2024-09-12,payment,506.54,card
INV-007092,J-007092,2024-10-01,refund,191.49,card
INV-007093,J-007093,2024-10-04,payment,4022.67,ach
INV-007094,J-007094,2024-10-12,payment,4736.99,card
INV-007095,J-007095,2024-09-28,payment,3678.7,check
INV-007096,J-007096,2024-10-05,payment,1982.06,ach
INV-007097,J-007097,2024-10-10,payment,134.45,ach
INV-007098,J-007098,2024-10-08,payment,1029.39,card
INV-007099,J-007099,2024-09-29,payment,854.96,card
INV-007100,J-007100,2024-10-01,payment,197.73,ach
INV-007101,J-007101,2024-09-27,payment,5057.48,card
INV-007102,J-007102,2024-09-15,payment,373.17,card
INV-007103,J-007103,2024-09-15,payment,483.64,check
INV-007104,J-007104,2024-09-21,payment,4609.96,ach
INV-007105,J-007105,2024-09-27,payment,2934.93,ach
INV-007106,J-007106,2024-10-31,payment,426.29,card
INV-007107,J-007107,2024-09-19,payment,198.07,card
INV-007107,J-007107,2024-11-08,refund,142.47,card
INV-007108,J-007108,2024-09-15,payment,503.78,card
INV-007109,J-007109,2024-10-09,payment,213.33,card
INV-007110,J-007110,2024-09-19,payment,4831.4,card
INV-007111,J-007111,2024-09-24,payment,4338.8,card
INV-007112,J-007112,2024-10-10,payment,307.27,financing
INV-007113,J-007113,2024-10-15,payment,148.91,card
INV-007114,J-007114,2024-09-27,payment,3809.13,card
INV-007115,J-007115,2024-10-09,payment,250.08,check
INV-007116,J-007116,2024-10-12,payment,321.22,check
INV-007117,J-007117,2024-09-23,payment,2958.66,financing
INV-007118,J-007118,2024-09-22,payment,1752.95,ach
INV-007119,J-007119,2024-10-11,payment,205.27,ach
INV-007120,J-007120,2024-09-20,payment,1131.03,check
INV-007121,J-007121,2024-09-18,payment,214.76,check
INV-007122,J-007122,2024-09-18,payment,140.48,financing
INV-007123,J-007123,2024-09-25,payment,577.21,ach
INV-007124,J-007124,2024-09-26,payment,634.39,card
INV-007125,J-007125,2024-09-18,payment,3824.65,financing
INV-007126,J-007126,2024-09-23,payment,3038.66,financing
INV-007127,J-007127,2024-10-03,payment,476.76,ach
INV-007128,J-007128,2024-10-03,payment,473.4,check
INV-007129,J-007129,2024-10-09,payment,3925.64,card
INV-007130,J-007130,2024-10-09,payment,770.39,financing
INV-007131,J-007131,2024-09-24,payment,652.66,financing
INV-007132,J-007132,2024-10-12,payment,173.45,card
INV-007133,J-007133,2024-09-20,payment,489.63,card
INV-007134,J-007134,2024-09-28,payment,303.0,ach
INV-007135,J-007135,2024-09-19,payment,158.74,card
INV-007136,J-007136,2024-09-22,payment,4356.03,card
INV-007137,J-007137,2024-09-17,payment,163.5,check
INV-007138,J-007138,2024-09-17,payment,728.33,financing
INV-007139,J-007139,2024-09-18,payment,210.18,card
INV-007140,J-007140,2024-10-04,payment,3233.97,ach
INV-007140,J-007140,2024-11-13,refund,972.05,card
INV-007141,J-007141,2024-09-18,payment,445.64,card
INV-007142,J-007142,2024-10-26,payment,185.65,financing
INV-007143,J-007143,2024-09-28,payment,916.13,check
INV-007144,J-007144,2024-09-30,payment,395.65,financing
INV-007145,J-007145,2024-10-02,payment,389.64,card
INV-007146,J-007146,2024-11-24,payment,235.96,ach
INV-007147,J-007147,2024-09-26,payment,196.07,ach
INV-007148,J-007148,2024-09-27,payment,271.99,card
INV-007149,J-007149,2024-09-26,payment,795.01,card
INV-007150,J-007150,2024-09-25,payment,628.47,card
INV-007151,J-007151,2024-09-24,payment,437.91,financing
INV-007152,J-007152,2024-09-27,payment,172.61,ach
INV-007153,J-007153,2024-09-27,payment,439.41,financing
INV-007154,J-007154,2024-10-01,payment,234.49,card
INV-007155,J-007155,2024-09-27,payment,559.61,ach
INV-007156,J-007156,2024-09-28,payment,230.6,financing
INV-007157,J-007157,2024-09-25,payment,404.63,card
INV-007158,J-007158,2024-09-28,payment,151.24,financing
INV-007159,J-007159,2024-09-26,payment,810.01,card
INV-007160,J-007160,2024-09-22,payment,3012.0,financing
INV-007161,J-007161,2024-09-29,payment,152.0,financing
INV-007162,J-007162,2024-09-28,payment,597.25,check
INV-007163,J-007163,2024-09-20,payment,3638.9,ach
INV-007164,J-007164,2024-09-27,payment,217.53,check
INV-007165,J-007165,2024-09-25,payment,857.54,ach
INV-007166,J-007166,2024-10-02,payment,358.99,card
INV-007167,J-007167,2024-09-26,payment,241.66,ach
INV-007168,J-007168,2024-09-20,payment,1055.08,check
INV-007169,J-007169,2024-10-03,payment,198.63,card
INV-007170,J-007170,2024-10-10,payment,538.91,financing
INV-007171,J-007171,2024-09-25,payment,302.89,card
INV-007172,J-007172,2024-10-12,payment,830.07,card
INV-007173,J-007173,2024-09-22,payment,586.11,card
INV-007174,J-007174,2024-09-29,payment,582.93,card
INV-007175,J-007175,2024-10-01,payment,198.41,check
INV-007176,J-007176,2024-10-04,payment,278.69,financing
INV-007177,J-007177,2024-09-27,payment,531.03,card
INV-007178,J-007178,2024-09-27,payment,297.34,card
INV-007179,J-007179,2024-09-23,payment,325.28,check
INV-007180,J-007180,2024-09-30,payment,259.86,financing
INV-007181,J-007181,2024-10-01,payment,249.28,card
INV-007182,J-007182,2024-09-27,payment,3303.02,financing
INV-007183,J-007183,2024-10-16,payment,654.9,card
INV-007183,J-007183,2024-12-11,refund,387.83,card
INV-007184,J-007184,2024-09-30,payment,307.73,card
INV-007185,J-007185,2024-10-04,payment,311.76,card
INV-007186,J-007186,2024-09-26,payment,262.2,ach
INV-007187,J-007187,2024-10-24,payment,427.23,card
INV-007187,J-007187,2024-12-27,refund,347.97,card
INV-007188,J-007188,2024-09-28,payment,3552.47,check
INV-007188,J-007188,2024-11-01,refund,1107.18,card
INV-007189,J-007189,2024-10-01,payment,3799.55,financing
INV-007190,J-007190,2024-10-18,payment,842.88,ach
INV-007191,J-007191,2024-09-28,payment,464.18,card
INV-007192,J-007192,2024-09-28,payment,368.67,check
INV-007193,J-007193,2024-10-27,payment,385.17,card
INV-007194,J-007194,2024-09-27,payment,416.27,card
INV-007195,J-007195,2024-10-22,payment,374.1,financing
INV-007196,J-007196,2024-10-07,payment,3863.18,financing
INV-007196,J-007196,2025-01-02,refund,2408.06,card
INV-007197,J-007197,2024-10-07,payment,638.12,card
INV-007198,J-007198,2024-09-24,payment,150.91,financing
INV-007199,J-007199,2024-10-31,payment,3667.82,ach
INV-007200,J-007200,2024-10-14,payment,4340.9,check
INV-007201,J-007201,2024-11-16,payment,3330.87,ach
INV-007202,J-007202,2025-03-19,payment,2453.57,card
INV-007203,J-007203,2024-10-19,payment,4271.11,financing
INV-007203,J-007203,2024-12-12,refund,3119.8,card
INV-007204,J-007204,2024-12-06,payment,4950.47,ach
INV-007205,J-007205,2024-11-20,payment,200.15,card
INV-007206,J-007206,2024-10-12,payment,361.5,financing
INV-007207,J-007207,2024-10-27,payment,2139.1,check
INV-007208,J-007208,2024-10-03,payment,4067.53,financing
INV-007209,J-007209,2024-12-24,payment,2612.0,check
INV-007210,J-007210,2025-02-07,payment,3448.93,check
INV-007211,J-007211,2024-10-28,payment,260.07,ach
INV-007212,J-007212,2024-12-30,payment,3765.59,card
INV-007212,J-007212,2025-04-09,refund,2201.49,card
INV-007213,J-007213,2024-10-31,payment,4206.54,financing
INV-007214,J-007214,2024-10-21,payment,3400.23,card
INV-007215,J-007215,2024-11-20,payment,246.06,ach
INV-007216,J-007216,2024-12-17,payment,4843.11,financing
INV-007217,J-007217,2024-09-24,payment,368.32,ach
INV-007218,J-007218,2024-09-26,payment,566.92,financing
INV-007219,J-007219,2024-09-28,payment,210.69,financing
INV-007220,J-007220,2024-10-01,payment,248.46,card
INV-007221,J-007221,2024-09-26,payment,259.72,ach
INV-007222,J-007222,2024-09-23,payment,658.64,check
INV-007223,J-007223,2024-09-26,payment,224.92,check
INV-007224,J-007224,2024-09-24,payment,223.95,card
INV-007225,J-007225,2024-09-28,payment,218.49,card
INV-007226,J-007226,2024-09-28,payment,542.74,check
INV-007227,J-007227,2024-09-22,payment,705.91,card
INV-007228,J-007228,2024-09-28,payment,244.95,card
INV-007229,J-007229,2024-09-23,payment,625.32,card
INV-007230,J-007230,2024-09-22,payment,1356.68,ach
INV-007231,J-007231,2024-09-24,payment,323.75,check
INV-007232,J-007232,2024-09-21,payment,651.22,card
INV-007233,J-007233,2024-10-02,payment,430.94,check
INV-007234,J-007234,2024-09-26,payment,329.95,ach
INV-007235,J-007235,2024-09-22,payment,402.7,card
INV-007236,J-007236,2024-09-29,payment,1149.29,card
INV-007237,J-007237,2024-09-24,payment,334.04,card
INV-007238,J-007238,2024-09-24,payment,184.88,check
INV-007239,J-007239,2024-09-27,payment,365.92,card
INV-007240,J-007240,2024-09-30,payment,428.86,card
INV-007241,J-007241,2024-09-25,payment,392.08,card
INV-007242,J-007242,2024-10-01,payment,674.12,ach
INV-007243,J-007243,2024-09-22,payment,207.56,check
INV-007244,J-007244,2024-09-25,payment,558.03,card
INV-007245,J-007245,2024-09-25,payment,510.57,card
INV-007246,J-007246,2024-09-27,payment,312.1,financing
INV-007247,J-007247,2024-09-21,payment,438.81,check
INV-007248,J-007248,2024-09-28,payment,276.47,card
INV-007249,J-007249,2024-09-26,payment,695.69,check
INV-007250,J-007250,2024-09-24,payment,163.85,check
INV-007251,J-007251,2024-10-02,payment,459.49,card
INV-007252,J-007252,2024-10-02,payment,517.86,check
INV-007253,J-007253,2024-09-26,payment,346.48,financing
INV-007254,J-007254,2024-09-26,payment,288.37,ach
INV-007255,J-007255,2024-09-25,payment,195.8,card
INV-007256,J-007256,2024-09-26,payment,431.2,card
INV-007257,J-007257,2024-10-01,payment,831.25,card
INV-007258,J-007258,2024-09-23,payment,354.17,ach
INV-007259,J-007259,2024-09-20,payment,299.68,ach
INV-007260,J-007260,2024-09-21,payment,222.18,ach
INV-007261,J-007261,2024-09-23,payment,130.79,card
INV-007262,J-007262,2024-10-01,payment,3953.72,card
INV-007263,J-007263,2024-09-26,payment,1115.44,ach
INV-007264,J-007264,2024-10-08,payment,3499.58,check
INV-007265,J-007265,2024-10-12,payment,3833.41,card
INV-007266,J-007266,2024-09-23,payment,374.09,card
INV-007267,J-007267,2024-10-03,payment,3284.8,card
INV-007268,J-007268,2024-09-29,payment,783.98,check
INV-007269,J-007269,2024-09-26,payment,3598.74,ach
INV-007270,J-007270,2024-09-24,payment,449.75,card
INV-007271,J-007271,2024-10-04,payment,255.66,ach
INV-007272,J-007272,2024-10-03,payment,276.65,card
INV-007273,J-007273,2024-09-26,payment,402.66,card
INV-007274,J-007274,2024-10-01,payment,315.98,card
INV-007275,J-007275,2024-09-26,payment,386.65,check
INV-007276,J-007276,2024-10-29,payment,3964.44,ach
INV-007277,J-007277,2024-09-22,payment,742.13,card
INV-007278,J-007278,2024-09-28,payment,168.13,card
INV-007279,J-007279,2024-09-25,payment,205.79,card
INV-007280,J-007280,2024-10-02,payment,367.36,financing
INV-007281,J-007281,2024-09-30,payment,466.01,financing
INV-007282,J-007282,2024-10-03,payment,238.54,card
INV-007283,J-007283,2024-09-29,payment,398.35,ach
INV-007284,J-007284,2024-09-25,payment,465.87,financing
INV-007285,J-007285,2024-10-04,payment,256.77,check
INV-007286,J-007286,2024-09-21,payment,165.19,ach
INV-007287,J-007287,2024-09-28,payment,341.62,financing
INV-007288,J-007288,2024-09-25,payment,279.5,check
INV-007289,J-007289,2024-09-30,payment,169.68,card
INV-007290,J-007290,2024-10-11,payment,301.58,card
INV-007291,J-007291,2024-10-20,payment,369.71,card
INV-007292,J-007292,2024-10-08,payment,214.45,financing
INV-007293,J-007293,2024-09-30,payment,348.07,financing
INV-007294,J-007294,2024-10-10,payment,184.44,card
INV-007295,J-007295,2024-10-08,payment,228.52,check
INV-007296,J-007296,2024-09-25,payment,691.29,card
INV-007297,J-007297,2024-10-08,payment,239.7,financing
INV-007298,J-007298,2024-09-29,payment,5227.47,financing
INV-007299,J-007299,2024-09-27,payment,406.37,ach
INV-007300,J-007300,2024-09-30,payment,910.8,card
INV-007301,J-007301,2024-09-24,payment,3209.75,card
INV-007302,J-007302,2024-09-26,payment,235.1,card
INV-007303,J-007303,2024-10-06,payment,218.51,check
INV-007304,J-007304,2024-10-08,payment,199.95,ach
INV-007305,J-007305,2024-10-08,payment,479.22,financing
INV-007306,J-007306,2024-10-18,payment,515.66,card
INV-007307,J-007307,2024-10-06,payment,400.24,card
INV-007308,J-007308,2024-10-15,payment,201.07,card
INV-007309,J-007309,2024-10-06,payment,947.52,card
INV-007310,J-007310,2024-10-02,payment,202.01,check
INV-007311,J-007311,2024-10-04,payment,248.28,check
INV-007312,J-007312,2024-10-03,payment,103.88,financing
INV-007313,J-007313,2024-09-29,payment,557.81,card
INV-007314,J-007314,2024-10-08,payment,520.92,ach
INV-007315,J-007315,2024-09-29,payment,229.93,card
INV-007316,J-007316,2024-10-06,payment,398.37,check
INV-007317,J-007317,2024-10-18,payment,201.0,financing
INV-007318,J-007318,2024-09-30,payment,739.35,card
INV-007319,J-007319,2024-09-28,payment,146.48,check
INV-007320,J-007320,2024-10-09,payment,912.66,ach
INV-007321,J-007321,2024-09-27,payment,251.66,check
INV-007322,J-007322,2024-10-17,payment,669.05,card
INV-007323,J-007323,2024-10-20,payment,482.98,financing
INV-007324,J-007324,2024-09-29,payment,287.09,check
INV-007325,J-007325,2024-10-02,payment,780.81,ach
INV-007326,J-007326,2024-10-23,payment,3708.26,card
INV-007327,J-007327,2024-10-03,payment,441.47,card
INV-007328,J-007328,2024-10-13,payment,145.35,card
INV-007329,J-007329,2024-10-10,payment,365.86,check
INV-007330,J-007330,2024-10-04,payment,559.91,card
INV-007331,J-007331,2024-10-15,payment,309.6,ach
INV-007332,J-007332,2024-10-09,payment,5938.22,check
INV-007333,J-007333,2024-09-26,payment,566.94,check
INV-007334,J-007334,2024-10-16,payment,3925.95,ach
INV-007335,J-007335,2024-10-08,payment,469.86,ach
INV-007336,J-007336,2024-10-06,payment,256.37,check
INV-007337,J-007337,2024-09-28,payment,462.67,card
INV-007337,J-007337,2024-11-27,refund,344.24,card
INV-007338,J-007338,2024-09-26,payment,320.52,card
INV-007339,J-007339,2024-10-03,payment,227.76,card
INV-007340,J-007340,2024-09-30,payment,221.18,financing
INV-007340,J-007340,2024-11-10,refund,155.17,card
INV-007341,J-007341,2024-10-02,payment,560.77,financing
INV-007342,J-007342,2024-10-08,payment,3947.77,financing
INV-007343,J-007343,2024-09-30,payment,264.77,card
INV-007344,J-007344,2024-10-02,payment,148.55,check
INV-007345,J-007345,2024-09-28,payment,170.88,card
INV-007346,J-007346,2024-10-04,payment,251.63,financing
INV-007347,J-007347,2024-10-01,payment,207.55,financing
INV-007348,J-007348,2024-10-07,payment,325.07,card
INV-007349,J-007349,2024-10-02,payment,148.66,card
INV-007350,J-007350,2024-10-09,payment,4573.97,card
INV-007351,J-007351,2024-10-02,payment,378.15,check
INV-007352,J-007352,2024-10-10,payment,2653.96,check
INV-007353,J-007353,2024-11-01,payment,1435.81,financing
INV-007354,J-007354,2024-10-11,payment,1017.31,financing
INV-007355,J-007355,2024-10-24,payment,214.91,financing
INV-007356,J-007356,2024-10-21,payment,400.17,card
INV-007357,J-007357,2024-10-25,payment,390.9,check
INV-007358,J-007358,2024-10-06,payment,185.59,ach
INV-007358,J-007358,2024-11-04,chargeback,114.8,card
INV-007359,J-007359,2024-10-12,payment,199.94,card
INV-007360,J-007360,2024-10-04,payment,546.28,ach
INV-007360,J-007360,2024-10-28,refund,405.31,card
INV-007361,J-007361,2024-09-30,payment,189.51,financing
INV-007362,J-007362,2024-10-15,payment,3257.52,card
INV-007363,J-007363,2025-08-23,payment,3776.05,check
INV-007364,J-007364,2024-11-06,payment,260.28,check
INV-007365,J-007365,2024-11-17,payment,338.72,card
INV-007366,J-007366,2024-10-12,payment,4219.23,check
INV-007367,J-007367,2024-10-20,payment,4470.85,ach
INV-007368,J-007368,2024-12-19,payment,5313.01,check
INV-007369,J-007369,2025-02-10,payment,2805.27,card
INV-007370,J-007370,2024-12-09,payment,368.42,card
INV-007371,J-007371,2024-11-15,payment,390.92,ach
INV-007372,J-007372,2025-01-14,payment,3948.4,ach
INV-007373,J-007373,2025-09-06,payment,3207.84,check
INV-007374,J-007374,2024-12-13,payment,5775.27,card
INV-007375,J-007375,2025-01-18,payment,4365.23,financing
INV-007376,J-007376,2025-01-19,payment,1024.09,card
INV-007377,J-007377,2024-10-14,payment,3414.2,financing
INV-007378,J-007378,2025-05-13,payment,6025.46,check
INV-007379,J-007379,2025-01-04,payment,4529.74,financing
INV-007380,J-007380,2024-11-11,payment,258.85,check
INV-007381,J-007381,2025-01-12,payment,6554.39,ach
INV-007382,J-007382,2024-10-17,payment,3079.72,card
INV-007383,J-007383,2024-11-17,payment,4424.18,ach
INV-007384,J-007384,2024-11-16,payment,4026.75,financing
INV-007385,J-007385,2024-12-04,payment,3765.32,card
INV-007386,J-007386,2024-11-16,payment,233.73,card
INV-007387,J-007387,2024-12-31,payment,329.61,card
INV-007388,J-007388,2024-09-30,payment,308.59,ach
INV-007389,J-007389,2024-10-05,payment,181.48,check
INV-007390,J-007390,2024-10-03,payment,378.81,card
INV-007391,J-007391,2024-10-06,payment,265.39,card
INV-007392,J-007392,2024-09-28,payment,3253.23,check
INV-007392,J-007392,2024-11-17,chargeback,2523.7,card
INV-007393,J-007393,2024-10-01,payment,365.68,card
INV-007394,J-007394,2024-10-02,payment,272.46,card
INV-007395,J-007395,2024-10-05,payment,3299.65,financing
INV-007396,J-007396,2024-10-04,payment,310.27,card
INV-007397,J-007397,2024-09-29,payment,194.5,check
INV-007397,J-007397,2024-11-12,refund,94.39,card
INV-007398,J-007398,2024-10-06,payment,501.15,card
INV-007399,J-007399,2024-09-30,payment,559.44,check
INV-007400,J-007400,2024-09-27,payment,336.24,check
INV-007400,J-007400,2024-11-20,refund,332.1,card
INV-007401,J-007401,2024-10-04,payment,466.51,card
INV-007402,J-007402,2024-10-03,payment,194.24,check
INV-007403,J-007403,2024-10-01,payment,345.11,financing
INV-007404,J-007404,2024-10-05,payment,447.0,check
INV-007405,J-007405,2024-09-29,payment,533.85,card
INV-007406,J-007406,2024-10-02,payment,3194.7,ach
INV-007407,J-007407,2024-10-06,payment,398.53,card
INV-007408,J-007408,2024-09-29,payment,419.17,card
INV-007409,J-007409,2024-10-01,payment,360.18,card
INV-007410,J-007410,2024-09-28,payment,424.3,card
INV-007411,J-007411,2024-10-04,payment,5491.32,card
INV-007412,J-007412,2024-09-30,payment,252.67,card
INV-007413,J-007413,2024-10-03,payment,310.59,card
INV-007413,J-007413,2024-11-23,refund,172.62,card
INV-007414,J-007414,2024-09-28,payment,161.98,card
INV-007415,J-007415,2024-10-11,payment,112.3,ach
INV-007416,J-007416,2024-09-29,payment,429.01,financing
INV-007417,J-007417,2024-09-29,payment,171.61,card
INV-007417,J-007417,2024-10-24,refund,167.53,card
INV-007418,J-007418,2024-10-06,payment,209.08,card
INV-007419,J-007419,2024-10-18,payment,3789.67,card
INV-007419,J-007419,2024-11-16,refund,2748.24,card
INV-007420,J-007420,2024-11-03,payment,650.32,card
INV-007421,J-007421,2024-11-07,payment,215.21,card
INV-007422,J-007422,2024-10-04,payment,417.23,financing
INV-007423,J-007423,2024-10-10,payment,2961.63,card
INV-007424,J-007424,2024-10-08,payment,173.67,financing
INV-007425,J-007425,2024-09-27,payment,188.72,financing
INV-007426,J-007426,2024-10-08,payment,261.8,card
INV-007427,J-007427,2024-10-03,payment,316.4,card
INV-007428,J-007428,2024-10-01,payment,227.53,card
INV-007429,J-007429,2024-10-14,payment,6221.19,card
INV-007430,J-007430,2024-10-05,payment,198.1,card
INV-007431,J-007431,2024-10-03,payment,300.78,card
INV-007432,J-007432,2024-09-29,payment,422.59,card
INV-007433,J-007433,2024-10-07,payment,645.02,ach
INV-007434,J-007434,2024-10-17,payment,254.13,card
INV-007435,J-007435,2024-10-07,payment,172.17,card
INV-007436,J-007436,2024-10-21,payment,4521.64,financing
INV-007437,J-007437,2024-10-30,payment,133.06,financing
INV-007438,J-007438,2024-10-04,payment,612.26,financing
INV-007439,J-007439,2024-10-07,payment,233.61,ach
INV-007440,J-007440,2024-10-02,payment,981.54,ach
INV-007441,J-007441,2024-10-09,payment,221.05,check
INV-007442,J-007442,2024-10-11,payment,442.94,ach
INV-007443,J-007443,2024-11-08,payment,2910.81,financing
INV-007444,J-007444,2024-10-01,payment,414.93,ach
INV-007445,J-007445,2024-10-13,payment,432.27,card
INV-007446,J-007446,2024-09-29,payment,4056.74,financing
INV-007446,J-007446,2024-11-09,chargeback,2155.67,card
INV-007447,J-007447,2024-09-30,payment,195.41,card
INV-007448,J-007448,2024-10-18,payment,180.66,financing
INV-007449,J-007449,2024-11-18,payment,351.91,ach
INV-007450,J-007450,2024-10-07,payment,242.62,ach
INV-007451,J-007451,2024-10-04,payment,262.16,ach
INV-007452,J-007452,2024-10-19,payment,4453.31,check
INV-007453,J-007453,2024-09-30,payment,442.7,card
INV-007454,J-007454,2024-10-04,payment,4538.15,card
INV-007455,J-007455,2024-10-08,payment,4643.78,financing
INV-007456,J-007456,2024-10-05,payment,340.24,check
INV-007457,J-007457,2024-10-06,payment,224.8,card
INV-007458,J-007458,2024-10-06,payment,6437.78,financing
INV-007459,J-007459,2024-10-10,payment,239.41,card
INV-007460,J-007460,2024-10-15,payment,546.91,card
INV-007461,J-007461,2024-10-03,payment,178.57,ach
INV-007462,J-007462,2024-10-29,payment,276.99,card
INV-007463,J-007463,2024-10-06,payment,341.01,ach
INV-007464,J-007464,2024-10-08,payment,4716.1,card
INV-007465,J-007465,2024-10-05,payment,356.52,check
INV-007466,J-007466,2024-10-15,payment,523.91,ach
INV-007467,J-007467,2024-10-12,payment,457.74,card
INV-007468,J-007468,2024-10-14,payment,230.42,card
INV-007469,J-007469,2024-10-06,payment,3012.07,financing
INV-007470,J-007470,2024-09-30,payment,144.89,card
INV-007471,J-007471,2024-10-18,payment,2689.5,card
INV-007472,J-007472,2024-10-15,payment,804.04,card
INV-007473,J-007473,2024-10-14,payment,173.69,ach
INV-007474,J-007474,2024-10-19,payment,202.54,check
INV-007475,J-007475,2024-10-16,payment,426.73,check
INV-007476,J-007476,2024-10-11,payment,478.83,check
INV-007477,J-007477,2024-10-09,payment,211.55,ach
INV-007478,J-007478,2024-10-08,payment,1532.82,financing
INV-007479,J-007479,2024-10-05,payment,733.84,card
INV-007480,J-007480,2024-10-11,payment,500.51,ach
INV-007481,J-007481,2024-11-03,payment,744.6,financing
INV-007482,J-007482,2024-10-09,payment,139.45,card
INV-007483,J-007483,2024-10-11,payment,553.44,card
INV-007484,J-007484,2024-10-11,payment,349.56,ach
INV-007485,J-007485,2024-10-19,payment,176.44,ach
INV-007486,J-007486,2024-10-11,payment,631.01,card
INV-007487,J-007487,2024-10-06,payment,385.59,check
INV-007488,J-007488,2024-10-19,payment,266.41,card
INV-007489,J-007489,2024-10-10,payment,704.67,financing
INV-007490,J-007490,2024-10-23,payment,432.11,card
INV-007491,J-007491,2024-10-11,payment,277.48,ach
INV-007492,J-007492,2024-10-12,payment,514.65,ach
INV-007493,J-007493,2024-10-08,payment,825.69,ach
INV-007494,J-007494,2024-10-08,payment,382.41,check
INV-007495,J-007495,2024-10-10,payment,232.45,ach
INV-007496,J-007496,2024-10-11,payment,202.52,ach
INV-007497,J-007497,2024-10-11,payment,284.16,check
INV-007498,J-007498,2024-10-05,payment,4692.7,financing
INV-007499,J-007499,2024-10-12,payment,261.0,financing
INV-007500,J-007500,2024-10-12,payment,180.14,financing
INV-007501,J-007501,2024-10-08,payment,683.68,ach
INV-007502,J-007502,2024-10-17,payment,649.57,check
INV-007503,J-007503,2024-10-11,payment,291.33,financing
INV-007504,J-007504,2024-10-13,payment,146.99,check
INV-007505,J-007505,2024-10-08,payment,1114.16,card
INV-007506,J-007506,2024-10-07,payment,189.5,card
INV-007506,J-007506,2024-11-05,refund,101.72,card
INV-007507,J-007507,2024-10-09,payment,5272.19,financing
INV-007508,J-007508,2024-10-16,payment,169.8,check
INV-007509,J-007509,2024-10-15,payment,203.21,check
INV-007510,J-007510,2024-10-18,payment,319.43,card
INV-007511,J-007511,2024-10-18,payment,242.99,card
INV-007512,J-007512,2024-10-05,payment,516.97,ach
INV-007513,J-007513,2024-10-11,payment,2806.61,card
INV-007514,J-007514,2024-10-08,payment,4365.75,check
INV-007515,J-007515,2024-10-10,payment,238.98,card
INV-007516,J-007516,2024-10-22,payment,552.3,ach
INV-007517,J-007517,2024-10-11,payment,247.42,ach
INV-007518,J-007518,2024-10-09,payment,1543.69,ach
INV-007519,J-007519,2024-10-18,payment,650.89,card
INV-007520,J-007520,2024-10-11,payment,271.46,card
INV-007521,J-007521,2024-10-07,payment,4788.56,ach
INV-007522,J-007522,2024-10-26,payment,413.25,card
INV-007523,J-007523,2024-10-30,payment,231.02,card
INV-007523,J-007523,2024-11-27,chargeback,74.44,card
INV-007524,J-007524,2024-11-01,payment,4989.24,ach
INV-007525,J-007525,2024-10-17,payment,6097.17,ach
INV-007526,J-007526,2024-10-09,payment,488.7,check
INV-007527,J-007527,2024-10-08,payment,4304.74,card
INV-007528,J-007528,2024-10-13,payment,528.34,card
INV-007529,J-007529,2024-10-16,payment,378.97,check
INV-007530,J-007530,2024-10-14,payment,4842.76,card
INV-007531,J-007531,2025-02-17,payment,3820.58,card
INV-007532,J-007532,2024-12-14,payment,4187.93,card
INV-007533,J-007533,2024-11-28,payment,8391.77,financing
INV-007534,J-007534,2024-11-15,payment,499.26,card
INV-007535,J-007535,2024-10-23,payment,177.58,card
INV-007536,J-007536,2024-11-30,payment,204.9,card
INV-007537,J-007537,2024-11-05,payment,464.4,ach
INV-007538,J-007538,2024-11-05,payment,198.44,card
INV-007539,J-007539,2024-12-29,payment,3665.13,card
INV-007540,J-007540,2025-03-03,payment,5852.99,ach
INV-007541,J-007541,2024-10-28,payment,3447.52,check
INV-007542,J-007542,2024-10-24,payment,5129.49,ach
INV-007543,J-007543,2024-11-02,payment,5395.02,ach
INV-007544,J-007544,2025-03-31,payment,350.39,financing
INV-007545,J-007545,2024-11-27,payment,4340.16,card
INV-007546,J-007546,2025-01-18,payment,185.49,card
INV-007547,J-007547,2025-01-01,payment,623.22,card
INV-007548,J-007548,2025-03-07,payment,189.6,financing
INV-007549,J-007549,2024-11-04,payment,170.55,check
INV-007550,J-007550,2024-10-21,payment,3554.72,card
INV-007551,J-007551,2025-02-19,payment,2945.14,ach
INV-007552,J-007552,2024-10-11,payment,192.84,card
INV-007553,J-007553,2024-10-11,payment,244.8,ach
INV-007554,J-007554,2024-10-15,payment,276.06,ach
INV-007555,J-007555,2024-10-10,payment,125.56,ach
INV-007556,J-007556,2024-10-10,payment,217.47,check
INV-007557,J-007557,2024-10-17,payment,446.92,ach
INV-007558,J-007558,2024-10-06,payment,320.24,card
INV-007559,J-007559,2024-10-11,payment,295.4,check
INV-007560,J-007560,2024-10-15,payment,372.68,check
INV-007561,J-007561,2024-10-09,payment,378.84,ach
INV-007562,J-007562,2024-10-09,payment,375.79,financing
INV-007563,J-007563,2024-10-18,payment,320.53,financing
INV-007564,J-007564,2024-10-09,payment,156.29,check
INV-007565,J-007565,2024-10-06,payment,415.46,check
INV-007566,J-007566,2024-10-19,payment,460.46,card
INV-007567,J-007567,2024-10-11,payment,428.57,financing
INV-007568,J-007568,2024-10-05,payment,302.65,check
INV-007569,J-007569,2024-10-13,payment,1248.31,card
INV-007570,J-007570,2024-10-10,payment,356.85,ach
INV-007570,J-007570,2024-12-08,refund,203.72,card
INV-007571,J-007571,2024-10-05,payment,516.45,ach
INV-007572,J-007572,2024-10-05,payment,4133.5,ach
INV-007573,J-007573,2024-10-11,payment,648.4,card
INV-007574,J-007574,2024-10-10,payment,239.93,card
INV-007575,J-007575,2024-10-07,payment,185.7,ach
INV-007576,J-007576,2024-10-23,payment,245.7,ach
INV-007577,J-007577,2024-10-03,payment,315.84,check
INV-007578,J-007578,2024-10-23,payment,260.7,card
INV-007579,J-007579,2024-10-11,payment,332.47,check
INV-007580,J-007580,2024-10-24,payment,213.77,card
INV-007581,J-007581,2024-10-23,payment,561.35,card
INV-007582,J-007582,2024-10-22,payment,4180.18,ach
INV-007582,J-007582,2024-12-31,refund,2413.56,card
INV-007583,J-007583,2024-10-19,payment,5330.29,ach
INV-007584,J-007584,2024-11-05,payment,5605.65,card
INV-007585,J-007585,2024-11-14,payment,532.77,card
INV-007586,J-007586,2024-10-09,payment,527.29,financing
INV-007587,J-007587,2024-10-10,payment,198.41,card
INV-007588,J-007588,2024-10-14,payment,509.16,check
INV-007589,J-007589,2024-10-18,payment,322.34,card
INV-007590,J-007590,2024-10-15,payment,206.63,check
INV-007591,J-007591,2024-10-10,payment,3680.4,card
INV-007592,J-007592,2024-10-11,payment,549.63,financing
INV-007593,J-007593,2024-10-19,payment,186.03,check
INV-007594,J-007594,2024-10-08,payment,344.07,card
INV-007595,J-007595,2024-10-13,payment,304.21,card
INV-007596,J-007596,2024-10-27,payment,1023.28,check
INV-007597,J-007597,2024-10-12,payment,2206.62,ach
INV-007598,J-007598,2024-10-16,payment,374.0,check
INV-007599,J-007599,2024-11-08,payment,4494.11,financing
INV-007600,J-007600,2024-10-22,payment,738.74,card
INV-007601,J-007601,2024-10-08,payment,570.4,ach
INV-007602,J-007602,2024-10-17,payment,101.49,card
INV-007603,J-007603,2024-10-14,payment,218.97,financing
INV-007604,J-007604,2024-11-09,payment,183.49,financing
INV-007605,J-007605,2024-10-14,payment,3173.0,check
INV-007606,J-007606,2024-10-13,payment,239.43,ach
INV-007607,J-007607,2024-10-15,payment,447.95,financing
INV-007608,J-007608,2024-10-12,payment,626.04,financing
INV-007609,J-007609,2024-10-10,payment,205.99,ach
INV-007610,J-007610,2024-10-27,payment,213.07,card
INV-007611,J-007611,2024-10-13,payment,345.49,card
INV-007612,J-007612,2024-10-16,payment,530.06,card
INV-007613,J-007613,2024-10-13,payment,367.56,financing
INV-007614,J-007614,2024-10-28,payment,155.15,check
INV-007615,J-007615,2024-10-19,payment,201.4,check
INV-007616,J-007616,2024-10-23,payment,188.07,card
INV-007617,J-007617,2024-10-13,payment,364.43,check
INV-007618,J-007618,2024-10-20,payment,302.36,ach
INV-007619,J-007619,2024-10-09,payment,208.92,check
INV-007620,J-007620,2024-10-11,payment,180.58,ach
INV-007621,J-007621,2024-10-19,payment,199.18,financing
INV-007622,J-007622,2024-10-15,payment,379.43,financing
INV-007623,J-007623,2024-10-14,payment,396.58,card
INV-007624,J-007624,2024-10-15,payment,227.35,check
INV-007625,J-007625,2024-10-08,payment,166.19,ach
INV-007626,J-007626,2024-10-08,payment,168.07,card
INV-007627,J-007627,2024-10-17,payment,144.51,ach
INV-007628,J-007628,2024-10-09,payment,403.27,card
INV-007629,J-007629,2024-10-06,payment,889.48,ach
INV-007630,J-007630,2024-10-17,payment,250.41,card
INV-007631,J-007631,2024-10-20,payment,142.81,check
INV-007632,J-007632,2024-10-20,payment,254.75,ach
INV-007633,J-007633,2024-10-22,payment,298.97,check
INV-007634,J-007634,2024-10-18,payment,970.5,card
INV-007635,J-007635,2024-10-14,payment,695.33,financing
INV-007636,J-007636,2024-10-13,payment,240.26,card
INV-007637,J-007637,2024-10-11,payment,699.16,check
INV-007638,J-007638,2024-10-17,payment,3222.05,card
INV-007639,J-007639,2024-10-18,payment,419.61,card
INV-007640,J-007640,2024-10-12,payment,303.81,ach
INV-007641,J-007641,2024-10-17,payment,260.9,card
INV-007642,J-007642,2024-10-20,payment,383.18,card
INV-007643,J-007643,2024-10-16,payment,4613.83,card
INV-007644,J-007644,2024-10-21,payment,131.68,financing
INV-007645,J-007645,2024-10-13,payment,191.83,financing
INV-007646,J-007646,2024-10-20,payment,334.26,financing
INV-007647,J-007647,2024-10-23,payment,3512.02,financing
INV-007648,J-007648,2024-10-27,payment,398.22,check
INV-007649,J-007649,2024-10-20,payment,5046.62,card
INV-007650,J-007650,2024-10-19,payment,481.26,check
INV-007651,J-007651,2024-10-17,payment,299.96,financing
INV-007652,J-007652,2024-10-18,payment,515.33,check
INV-007653,J-007653,2024-10-16,payment,147.92,ach
INV-007654,J-007654,2024-10-16,payment,542.83,check
INV-007655,J-007655,2024-10-16,payment,221.64,financing
INV-007656,J-007656,2024-10-11,payment,1205.07,card
INV-007657,J-007657,2024-10-14,payment,260.08,check
INV-007658,J-007658,2024-10-22,payment,366.8,card
INV-007659,J-007659,2024-10-21,payment,141.92,card
INV-007660,J-007660,2024-10-16,payment,2904.34,ach
INV-007661,J-007661,2024-10-14,payment,735.86,card
INV-007661,J-007661,2024-11-04,chargeback,598.7,card
INV-007662,J-007662,2024-10-19,payment,400.25,financing
INV-007662,J-007662,2024-12-13,refund,130.65,card
INV-007663,J-007663,2024-10-14,payment,3303.88,check
INV-007664,J-007664,2024-11-04,payment,4333.09,card
INV-007665,J-007665,2024-10-21,payment,486.19,ach
INV-007666,J-007666,2024-10-31,payment,140.48,card
INV-007667,J-007667,2024-11-25,payment,373.08,ach
INV-007668,J-007668,2024-10-22,payment,276.72,card
INV-007669,J-007669,2024-10-20,payment,187.88,ach
INV-007670,J-007670,2024-10-23,payment,251.14,ach
INV-007671,J-007671,2024-11-02,payment,4405.65,ach
INV-007671,J-007671,2024-12-09,refund,3807.11,card
INV-007672,J-007672,2024-10-15,payment,5663.29,financing
INV-007673,J-007673,2024-10-19,payment,181.69,card
INV-007674,J-007674,2024-11-06,payment,3057.19,ach
INV-007675,J-007675,2024-10-17,payment,314.2,check
INV-007676,J-007676,2024-11-26,payment,489.0,financing
INV-007677,J-007677,2024-10-19,payment,2970.64,check
INV-007678,J-007678,2024-10-20,payment,3646.77,card
INV-007679,J-007679,2024-10-21,payment,326.68,ach
INV-007680,J-007680,2024-10-20,payment,4173.38,card
INV-007681,J-007681,2024-10-29,payment,107.46,card
INV-007682,J-007682,2024-10-22,payment,261.36,financing
INV-007683,J-007683,2024-10-19,payment,240.05,check
INV-007684,J-007684,2024-10-27,payment,309.6,card
INV-007685,J-007685,2024-10-27,payment,161.92,financing
INV-007686,J-007686,2024-10-18,payment,156.13,financing
INV-007687,J-007687,2024-10-14,payment,2900.66,card
INV-007688,J-007688,2024-11-07,payment,304.7,card
INV-007689,J-007689,2024-11-15,payment,93.57,card
INV-007690,J-007690,2024-12-06,payment,4425.52,ach
INV-007691,J-007691,2024-11-15,payment,4654.76,check
INV-007692,J-007692,2024-10-29,payment,3604.94,card
INV-007693,J-007693,2025-05-12,payment,175.98,financing
INV-007694,J-007694,2024-12-21,payment,5229.81,card
INV-007695,J-007695,2024-12-04,payment,3004.68,ach
INV-007696,J-007696,2024-11-10,payment,214.25,card
INV-007697,J-007697,2024-10-24,payment,3226.57,ach
INV-007698,J-007698,2025-01-10,payment,376.61,financing
INV-007699,J-007699,2024-11-02,payment,3765.76,card
INV-007700,J-007700,2024-11-02,payment,155.43,ach
INV-007701,J-007701,2024-10-11,payment,170.97,card
INV-007702,J-007702,2024-10-12,payment,1046.7,card
INV-007703,J-007703,2024-10-11,payment,591.77,ach
INV-007704,J-007704,2024-10-26,payment,418.02,ach
INV-007705,J-007705,2024-10-13,payment,297.51,financing
INV-007706,J-007706,2024-10-13,payment,270.55,ach
INV-007707,J-007707,2024-10-22,payment,423.96,check
INV-007708,J-007708,2024-10-14,payment,389.23,check
INV-007709,J-007709,2024-10-20,payment,419.51,check
INV-007710,J-007710,2024-10-15,payment,341.03,check
INV-007711,J-007711,2024-10-18,payment,197.84,check
INV-007712,J-007712,2024-11-01,payment,631.78,card
INV-007713,J-007713,2024-10-28,payment,967.02,card
INV-007713,J-007713,2024-12-08,refund,775.16,card
INV-007714,J-007714,2024-10-15,payment,469.15,check
INV-007715,J-007715,2024-10-16,payment,799.54,check
INV-007716,J-007716,2024-10-16,payment,1247.73,check
INV-007717,J-007717,2024-10-13,payment,305.62,card
INV-007718,J-007718,2024-10-16,payment,403.21,ach
INV-007719,J-007719,2024-10-16,payment,355.7,card
INV-007720,J-007720,2024-10-11,payment,204.8,ach
INV-007721,J-007721,2024-10-18,payment,471.78,card
INV-007722,J-007722,2024-10-19,payment,422.69,check
INV-007723,J-007723,2024-10-12,payment,601.4,card
INV-007724,J-007724,2024-10-19,payment,626.26,card
INV-007725,J-007725,2024-10-22,payment,254.1,check
INV-007726,J-007726,2024-10-24,payment,752.2,ach
INV-007727,J-007727,2024-10-20,payment,379.35,card
INV-007728,J-007728,2024-10-11,payment,2421.82,card
INV-007729,J-007729,2024-10-23,payment,227.38,card
INV-007730,J-007730,2024-10-19,payment,554.39,card
INV-007731,J-007731,2024-10-16,payment,220.94,financing
INV-007732,J-007732,2024-10-14,payment,332.9,card
INV-007733,J-007733,2024-10-14,payment,310.13,ach
INV-007733,J-007733,2024-11-06,refund,202.23,card
INV-007734,J-007734,2024-10-16,payment,108.11,financing
INV-007735,J-007735,2024-10-19,payment,808.11,card
INV-007736,J-007736,2024-10-20,payment,552.03,financing
INV-007737,J-007737,2024-10-18,payment,243.8,ach
INV-007738,J-007738,2024-10-14,payment,449.88,check
INV-007739,J-007739,2024-10-23,payment,3456.52,ach
INV-007740,J-007740,2024-10-30,payment,243.17,check
INV-007741,J-007741,2024-10-25,payment,250.78,card
INV-007742,J-007742,2024-10-20,payment,4250.07,card
INV-007743,J-007743,2025-01-03,payment,5196.29,card
INV-007744,J-007744,2024-10-28,payment,3556.38,card
INV-007744,J-007744,2024-12-27,chargeback,3398.12,card
INV-007745,J-007745,2024-10-28,payment,302.22,check
INV-007746,J-007746,2024-10-24,payment,4410.26,check
INV-007747,J-007747,2024-10-18,payment,619.24,ach
INV-007748,J-007748,2024-10-25,payment,4416.2,ach
INV-007748,J-007748,2024-11-27,refund,2639.91,card
INV-007749,J-007749,2024-10-20,payment,225.86,card
INV-007750,J-007750,2024-10-17,payment,627.39,check
INV-007751,J-007751,2024-10-19,payment,261.64,ach
INV-007752,J-007752,2024-10-19,payment,5612.8,check
INV-007753,J-007753,2024-10-18,payment,396.07,card
INV-007754,J-007754,2024-11-05,payment,791.5,card
INV-007755,J-007755,2024-10-12,payment,234.07,card
INV-007756,J-007756,2024-10-21,payment,387.76,ach
INV-007757,J-007757,2024-10-17,payment,299.24,ach
INV-007758,J-007758,2024-10-17,payment,552.18,card
INV-007759,J-007759,2024-10-19,payment,3204.69,card
INV-007760,J-007760,2024-11-28,payment,180.85,ach
INV-007761,J-007761,2024-11-01,payment,493.61,card
INV-007762,J-007762,2024-10-17,payment,331.43,check
INV-007763,J-007763,2024-10-28,payment,272.2,financing
INV-007764,J-007764,2024-10-25,payment,229.0,card
INV-007765,J-007765,2024-10-25,payment,144.41,card
INV-007766,J-007766,2024-10-28,payment,726.37,check
INV-007767,J-007767,2024-10-18,payment,199.93,card
INV-007768,J-007768,2024-10-24,payment,285.14,financing
INV-007769,J-007769,2024-10-16,payment,345.33,financing
INV-007770,J-007770,2024-10-19,payment,237.4,card
INV-007771,J-007771,2024-10-14,payment,345.55,financing
INV-007771,J-007771,2025-01-18,refund,199.03,card
INV-007772,J-007772,2024-10-11,payment,598.91,financing
INV-007773,J-007773,2024-10-24,payment,194.17,card
INV-007774,J-007774,2024-10-18,payment,173.54,financing
INV-007775,J-007775,2024-11-04,payment,803.27,card
INV-007776,J-007776,2024-10-16,payment,241.0,card
INV-007777,J-007777,2024-10-25,payment,3563.93,ach
INV-007778,J-007778,2024-10-28,payment,259.19,financing
INV-007779,J-007779,2024-10-27,payment,255.94,card
INV-007780,J-007780,2024-10-18,payment,349.96,ach
INV-007781,J-007781,2024-10-13,payment,185.8,ach
INV-007782,J-007782,2024-10-17,payment,195.38,card
INV-007782,J-007782,2024-12-28,refund,109.78,card
INV-007783,J-007783,2024-10-23,payment,3249.49,card
INV-007784,J-007784,2024-10-20,payment,301.67,check
INV-007784,J-007784,2024-11-27,refund,216.97,card
INV-007785,J-007785,2024-11-04,payment,349.21,check
INV-007786,J-007786,2024-10-23,payment,6599.01,check
INV-007787,J-007787,2024-10-25,payment,186.77,check
INV-007788,J-007788,2024-10-21,payment,4462.16,ach
INV-007789,J-007789,2024-10-19,payment,610.78,financing
INV-007790,J-007790,2024-11-05,payment,1292.74,financing
INV-007791,J-007791,2024-10-21,payment,517.25,financing
INV-007792,J-007792,2024-10-27,payment,215.52,card
INV-007793,J-007793,2024-10-17,payment,5663.13,financing
INV-007794,J-007794,2024-10-30,payment,443.05,check
INV-007795,J-007795,2024-10-26,payment,460.39,card
INV-007796,J-007796,2024-10-25,payment,549.37,financing
INV-007797,J-007797,2024-10-31,payment,178.81,card
INV-007798,J-007798,2024-10-22,payment,215.1,card
INV-007799,J-007799,2024-11-02,payment,176.25,card
INV-007800,J-007800,2024-10-21,payment,226.47,card
INV-007801,J-007801,2024-10-28,payment,149.84,financing
INV-007802,J-007802,2024-11-08,payment,193.91,check
INV-007803,J-007803,2024-10-21,payment,368.48,ach
INV-007804,J-007804,2024-10-25,payment,240.83,ach
INV-007805,J-007805,2024-10-30,payment,163.81,ach
INV-007806,J-007806,2024-10-28,payment,634.45,card
INV-007807,J-007807,2024-10-28,payment,178.08,card
INV-007808,J-007808,2024-10-23,payment,280.55,check
INV-007809,J-007809,2024-11-02,payment,255.43,ach
INV-007810,J-007810,2024-10-28,payment,193.58,ach
INV-007811,J-007811,2024-10-26,payment,367.98,check
INV-007812,J-007812,2024-10-24,payment,746.26,ach
INV-007813,J-007813,2024-10-24,payment,153.85,card
INV-007814,J-007814,2024-11-01,payment,984.75,card
INV-007815,J-007815,2024-11-01,payment,325.98,ach
INV-007816,J-007816,2024-10-22,payment,937.48,card
INV-007817,J-007817,2024-10-29,payment,531.63,financing
INV-007817,J-007817,2024-11-11,refund,354.07,card
INV-007818,J-007818,2024-10-23,payment,487.29,card
INV-007819,J-007819,2024-10-24,payment,171.53,card
INV-007820,J-007820,2024-10-28,payment,303.2,check
INV-007821,J-007821,2024-10-22,payment,6813.44,ach
INV-007822,J-007822,2024-10-27,payment,339.11,card
INV-007823,J-007823,2024-10-26,payment,195.54,ach
INV-007824,J-007824,2024-10-24,payment,410.68,card
INV-007825,J-007825,2024-10-24,payment,249.12,financing
INV-007826,J-007826,2024-11-04,payment,319.38,ach
INV-007827,J-007827,2024-10-21,payment,347.79,check
INV-007828,J-007828,2024-10-24,payment,179.03,ach
INV-007829,J-007829,2024-10-24,payment,534.86,financing
INV-007830,J-007830,2024-11-02,payment,275.89,card
INV-007831,J-007831,2024-10-28,payment,403.97,financing
INV-007832,J-007832,2024-10-26,payment,2539.46,card
INV-007833,J-007833,2024-10-29,payment,502.45,check
INV-007834,J-007834,2024-10-29,payment,615.58,card
INV-007835,J-007835,2024-11-04,payment,522.76,check
INV-007836,J-007836,2024-11-07,payment,994.79,ach
INV-007837,J-007837,2024-10-23,payment,306.13,check
INV-007838,J-007838,2024-10-21,payment,314.79,financing
INV-007839,J-007839,2024-10-28,payment,619.94,ach
INV-007840,J-007840,2024-10-24,payment,528.69,financing
INV-007841,J-007841,2024-10-26,payment,188.82,card
INV-007842,J-007842,2024-10-26,payment,352.84,financing
INV-007843,J-007843,2024-10-28,payment,203.73,card
INV-007844,J-007844,2024-10-26,payment,444.69,check
INV-007845,J-007845,2024-10-22,payment,228.15,card
INV-007846,J-007846,2024-10-23,payment,230.14,card
INV-007847,J-007847,2024-11-04,payment,121.63,card
INV-007848,J-007848,2024-10-19,payment,882.24,check
INV-007849,J-007849,2024-10-22,payment,4899.91,card
INV-007850,J-007850,2024-10-25,payment,464.48,card
INV-007851,J-007851,2024-11-01,payment,263.94,check
INV-007852,J-007852,2024-12-01,payment,5428.09,card
INV-007853,J-007853,2024-11-09,payment,3643.43,check
INV-007854,J-007854,2024-10-25,payment,4400.54,check
INV-007855,J-007855,2024-10-24,payment,197.96,financing
INV-007856,J-007856,2024-10-27,payment,385.54,card
INV-007857,J-007857,2024-10-29,payment,404.92,card
INV-007858,J-007858,2024-10-30,payment,783.03,financing
INV-007859,J-007859,2024-10-27,payment,432.91,card
INV-007860,J-007860,2024-10-22,payment,5686.25,card
INV-007861,J-007861,2024-10-30,payment,3363.09,ach
INV-007862,J-007862,2024-11-09,payment,279.98,ach
INV-007863,J-007863,2024-10-21,payment,368.28,check
INV-007864,J-007864,2024-10-24,payment,6045.79,check
INV-007865,J-007865,2024-11-12,payment,259.37,card
INV-007866,J-007866,2024-10-30,payment,4464.93,card
INV-007867,J-007867,2025-02-21,payment,3412.51,card
INV-007867,J-007867,2025-06-03,refund,2343.24,card
INV-007868,J-007868,2024-12-06,payment,4982.03,card
INV-007869,J-007869,2024-11-17,payment,7044.89,card
INV-007870,J-007870,2024-12-21,payment,4564.88,card
INV-007870,J-007870,2025-03-01,refund,2995.85,card
INV-007871,J-007871,2024-11-15,payment,3399.84,financing
INV-007872,J-007872,2024-11-28,payment,3615.02,check
INV-007872,J-007872,2024-12-23,refund,2713.62,card
INV-007873,J-007873,2024-12-20,payment,4831.85,ach
INV-007874,J-007874,2024-12-02,payment,4311.84,check
INV-007875,J-007875,2024-11-23,payment,3853.46,financing
INV-007876,J-007876,2024-11-03,payment,179.27,card
INV-007877,J-007877,2024-12-16,payment,4098.86,card
INV-007877,J-007877,2025-02-04,refund,2538.71,card
INV-007878,J-007878,2024-12-13,payment,5037.95,card
INV-007879,J-007879,2024-11-10,payment,5221.74,card
INV-007880,J-007880,2024-11-22,payment,4958.44,card
INV-007881,J-007881,2024-10-25,payment,698.86,ach
INV-007882,J-007882,2024-10-19,payment,536.91,check
INV-007883,J-007883,2024-10-21,payment,701.31,ach
INV-007884,J-007884,2024-10-18,payment,674.5,financing
INV-007885,J-007885,2024-11-03,payment,189.29,card
INV-007886,J-007886,2024-10-26,payment,988.23,financing
INV-007887,J-007887,2024-10-24,payment,770.52,ach
INV-007888,J-007888,2024-10-24,payment,1360.86,ach
INV-007889,J-007889,2024-10-25,payment,523.42,ach
INV-007890,J-007890,2024-10-17,payment,257.37,card
INV-007891,J-007891,2024-10-24,payment,375.84,financing
INV-007892,J-007892,2024-10-26,payment,666.95,card
INV-007893,J-007893,2024-11-08,payment,3941.47,card
INV-007894,J-007894,2024-10-27,payment,654.93,check
INV-007895,J-007895,2024-10-16,payment,3035.62,ach
INV-007896,J-007896,2024-10-24,payment,689.51,check
INV-007897,J-007897,2024-10-25,payment,258.34,financing
INV-007898,J-007898,2024-10-23,payment,378.6,card
INV-007899,J-007899,2024-10-27,payment,381.58,ach
INV-007900,J-007900,2024-10-20,payment,524.48,check
INV-007901,J-007901,2024-10-23,payment,326.96,financing
INV-007902,J-007902,2024-10-29,payment,4345.94,check
INV-007903,J-007903,2024-10-20,payment,313.65,card
INV-007903,J-007903,2024-11-03,refund,228.64,card
INV-007904,J-007904,2024-10-19,payment,503.31,ach
INV-007905,J-007905,2024-10-19,payment,176.18,card
INV-007906,J-007906,2024-10-20,payment,179.07,check
INV-007907,J-007907,2024-10-30,payment,416.18,card
INV-007908,J-007908,2024-10-24,payment,291.27,ach
INV-007909,J-007909,2024-10-22,payment,1017.41,check
INV-007910,J-007910,2024-10-25,payment,183.46,financing
INV-007911,J-007911,2024-10-22,payment,325.98,card
INV-007912,J-007912,2024-10-31,payment,261.83,ach
INV-007913,J-007913,2024-10-27,payment,3815.65,ach
INV-007914,J-007914,2024-10-24,payment,3703.89,ach
INV-007915,J-007915,2024-10-21,payment,151.56,ach
INV-007916,J-007916,2024-10-19,payment,3442.26,ach
INV-007917,J-007917,2024-12-01,payment,342.04,check
INV-007918,J-007918,2024-11-19,payment,586.39,ach
INV-007919,J-007919,2024-11-14,payment,289.96,check
INV-007920,J-007920,2024-10-28,payment,356.96,financing
INV-007921,J-007921,2024-10-25,payment,154.03,card
INV-007922,J-007922,2024-11-04,payment,195.72,card
INV-007923,J-007923,2024-10-29,payment,186.94,card
INV-007924,J-007924,2024-11-02,payment,482.84,card
INV-007925,J-007925,2024-10-25,payment,313.97,financing
INV-007926,J-007926,2024-10-24,payment,204.87,check
INV-007927,J-007927,2024-10-22,payment,1087.69,financing
INV-007928,J-007928,2024-10-27,payment,195.16,financing
INV-007929,J-007929,2024-11-13,payment,273.1,card
INV-007930,J-007930,2024-10-25,payment,697.55,financing
INV-007931,J-007931,2024-11-19,payment,4360.52,check
INV-007932,J-007932,2024-10-24,payment,215.21,ach
INV-007933,J-007933,2024-10-27,payment,3538.9,card
INV-007934,J-007934,2024-11-02,payment,240.16,check
INV-007935,J-007935,2024-10-23,payment,2746.84,card
INV-007936,J-007936,2024-10-24,payment,399.13,card
INV-007937,J-007937,2024-10-28,payment,5892.96,ach
INV-007938,J-007938,2024-11-04,payment,488.72,ach
INV-007939,J-007939,2024-11-05,payment,249.86,card
INV-007940,J-007940,2024-10-22,payment,275.56,ach
INV-007941,J-007941,2024-11-01,payment,176.54,check
INV-007942,J-007942,2024-11-13,payment,534.11,check
INV-007943,J-007943,2024-11-04,payment,611.25,ach
INV-007944,J-007944,2024-11-08,payment,431.25,financing
INV-007945,J-007945,2024-10-30,payment,218.68,financing
INV-007946,J-007946,2024-10-19,payment,3894.86,card
INV-007947,J-007947,2024-10-29,payment,329.4,financing
INV-007948,J-007948,2024-11-16,payment,104.54,check
INV-007949,J-007949,2024-12-02,payment,250.07,ach
INV-007949,J-007949,2025-03-17,refund,156.76,card
INV-007950,J-007950,2024-10-25,payment,243.9,ach
INV-007951,J-007951,2024-10-26,payment,3640.13,card
INV-007952,J-007952,2024-10-23,payment,318.4,ach
INV-007953,J-007953,2024-10-25,payment,4431.8,card
INV-007954,J-007954,2024-10-27,payment,409.05,check
INV-007955,J-007955,2024-11-26,payment,291.82,card
INV-007956,J-007956,2024-10-23,payment,794.9,card
INV-007957,J-007957,2024-10-20,payment,366.78,card
INV-007958,J-007958,2024-10-24,payment,126.97,financing
INV-007959,J-007959,2024-11-01,payment,435.49,financing
INV-007960,J-007960,2024-11-03,payment,174.44,card
INV-007961,J-007961,2024-10-27,payment,132.93,check
INV-007962,J-007962,2024-11-07,payment,3961.95,check
INV-007963,J-007963,2024-11-06,payment,444.73,card
INV-007964,J-007964,2024-11-08,payment,462.96,card
INV-007965,J-007965,2024-11-08,payment,510.38,check
INV-007966,J-007966,2024-11-03,payment,465.4,card
INV-007967,J-007967,2024-10-30,payment,4333.27,ach
INV-007968,J-007968,2024-10-30,payment,153.12,check
INV-007969,J-007969,2024-11-04,payment,240.89,card
INV-007970,J-007970,2024-11-07,payment,271.55,ach
INV-007971,J-007971,2024-10-31,payment,261.85,ach
INV-007972,J-007972,2024-10-27,payment,2968.1,financing
INV-007973,J-007973,2024-10-31,payment,155.25,ach
INV-007974,J-007974,2024-11-12,payment,447.63,card
INV-007975,J-007975,2024-10-31,payment,356.12,check
INV-007976,J-007976,2024-11-11,payment,199.03,card
INV-007977,J-007977,2024-10-31,payment,433.66,check
INV-007978,J-007978,2024-11-10,payment,112.94,card
INV-007979,J-007979,2024-10-30,payment,573.68,card
INV-007980,J-007980,2024-11-01,payment,366.21,card
INV-007981,J-007981,2024-10-28,payment,255.91,card
INV-007982,J-007982,2024-10-29,payment,276.74,card
INV-007983,J-007983,2024-11-03,payment,326.5,check
INV-007984,J-007984,2024-10-28,payment,315.55,card
INV-007985,J-007985,2024-11-02,payment,577.15,card
INV-007986,J-007986,2024-10-28,payment,735.66,financing
INV-007987,J-007987,2024-11-12,payment,237.73,ach
INV-007988,J-007988,2024-11-03,payment,824.92,check
INV-007989,J-007989,2024-10-26,payment,175.73,card
INV-007990,J-007990,2024-10-30,payment,163.41,financing
INV-007991,J-007991,2024-11-06,payment,868.51,check
INV-007992,J-007992,2024-11-06,payment,315.69,check
INV-007993,J-007993,2024-10-30,payment,251.86,card
INV-007994,J-007994,2024-11-10,payment,716.45,financing
INV-007995,J-007995,2024-11-16,payment,408.9,ach
INV-007996,J-007996,2024-11-05,payment,326.12,card
INV-007997,J-007997,2024-11-09,payment,208.94,card
INV-007998,J-007998,2024-11-07,payment,3721.1,ach
INV-007999,J-007999,2024-10-30,payment,216.62,check
INV-008000,J-008000,2024-11-06,payment,890.31,card
INV-008000,J-008000,2025-01-14,refund,632.0,card
INV-008001,J-008001,2024-12-22,payment,4575.22,card
INV-008002,J-008002,2024-12-19,payment,409.4,card
INV-008003,J-008003,2024-11-23,payment,367.48,check
INV-008004,J-008004,2024-12-15,payment,5940.99,financing
INV-008005,J-008005,2025-05-28,payment,4039.05,card
INV-008006,J-008006,2024-12-02,payment,146.35,card
INV-008007,J-008007,2025-01-01,payment,3504.91,financing
INV-008008,J-008008,2024-12-22,payment,193.43,financing
INV-008009,J-008009,2024-11-12,payment,2859.89,card
INV-008010,J-008010,2024-11-15,payment,3568.69,card
INV-008011,J-008011,2024-12-07,payment,5952.17,card
INV-008011,J-008011,2025-01-26,refund,5932.07,card
INV-008012,J-008012,2024-11-06,payment,549.9,card
INV-008013,J-008013,2024-10-25,payment,360.2,card
INV-008014,J-008014,2024-10-28,payment,300.03,card
INV-008015,J-008015,2024-10-28,payment,909.18,financing
INV-008016,J-008016,2024-10-31,payment,197.62,financing
INV-008017,J-008017,2024-11-02,payment,414.83,financing
INV-008018,J-008018,2024-10-29,payment,207.84,financing
INV-008019,J-008019,2024-10-30,payment,931.83,card
INV-008020,J-008020,2024-10-29,payment,417.59,card
INV-008021,J-008021,2024-10-24,payment,199.75,check
INV-008022,J-008022,2024-10-31,payment,563.58,financing
INV-008023,J-008023,2024-10-29,payment,363.18,card
INV-008024,J-008024,2024-11-04,payment,320.08,check
INV-008024,J-008024,2024-11-29,refund,299.42,card
INV-008025,J-008025,2024-10-31,payment,645.6,ach
INV-008025,J-008025,2024-11-23,refund,247.49,card
INV-008026,J-008026,2024-10-29,payment,639.97,check
INV-008027,J-008027,2024-10-26,payment,168.47,check
INV-008028,J-008028,2024-11-06,payment,489.31,card
INV-008029,J-008029,2024-10-28,payment,528.46,ach
INV-008030,J-008030,2024-11-09,payment,590.58,card
INV-008031,J-008031,2024-10-30,payment,243.76,card
INV-008032,J-008032,2024-10-29,payment,420.04,check
INV-008033,J-008033,2024-10-26,payment,195.36,ach
INV-008034,J-008034,2024-10-31,payment,250.49,financing
INV-008035,J-008035,2024-10-31,payment,601.43,card
INV-008036,J-008036,2024-10-31,payment,327.03,ach
INV-008037,J-008037,2024-10-27,payment,270.9,check
INV-008038,J-008038,2024-11-07,payment,577.47,ach
INV-008039,J-008039,2024-11-04,payment,269.37,financing
INV-008040,J-008040,2024-10-31,payment,296.22,card
INV-008041,J-008041,2024-10-26,payment,504.86,financing
INV-008042,J-008042,2024-10-29,payment,423.64,financing
INV-008043,J-008043,2024-10-28,payment,467.96,card
INV-008044,J-008044,2024-10-31,payment,236.99,ach
INV-008045,J-008045,2024-11-06,payment,3563.65,financing
INV-008046,J-008046,2024-11-08,payment,4720.11,financing
INV-008047,J-008047,2024-11-12,payment,536.67,ach
INV-008048,J-008048,2024-11-08,payment,4071.77,check
INV-008049,J-008049,2024-11-07,payment,235.16,card
INV-008050,J-008050,2024-11-05,payment,342.25,ach
INV-008051,J-008051,2024-11-01,payment,4653.13,financing
INV-008052,J-008052,2024-11-01,payment,3373.92,card
INV-008053,J-008053,2025-01-05,payment,3413.29,financing
INV-008054,J-008054,2024-11-12,payment,200.35,ach
INV-008055,J-008055,2024-10-29,payment,197.93,card
INV-008056,J-008056,2024-11-10,payment,2920.35,card
INV-008057,J-008057,2024-11-14,payment,228.1,financing
INV-008058,J-008058,2024-11-14,payment,529.15,ach
INV-008059,J-008059,2024-11-01,payment,731.69,financing
INV-008060,J-008060,2024-11-08,payment,3336.54,check
INV-008061,J-008061,2024-11-08,payment,310.74,check
INV-008062,J-008062,2024-10-30,payment,179.0,card
INV-008063,J-008063,2024-11-02,payment,233.56,financing
INV-008064,J-008064,2024-10-30,payment,659.2,ach
INV-008065,J-008065,2024-11-07,payment,143.94,ach
INV-008066,J-008066,2024-11-03,payment,162.92,card
INV-008067,J-008067,2024-10-29,payment,3845.47,check
INV-008068,J-008068,2024-11-18,payment,218.23,ach
INV-008069,J-008069,2024-11-05,payment,211.18,card
INV-008070,J-008070,2024-10-28,payment,140.93,financing
INV-008071,J-008071,2024-11-01,payment,1038.76,financing
INV-008072,J-008072,2024-11-08,payment,196.5,card
INV-008073,J-008073,2024-11-02,payment,182.18,card
INV-008074,J-008074,2024-11-02,payment,198.06,check
INV-008075,J-008075,2024-10-28,payment,4278.64,check
INV-008076,J-008076,2024-11-04,payment,6412.62,card
INV-008077,J-008077,2024-11-06,payment,305.29,card
INV-008078,J-008078,2024-11-01,payment,2901.09,financing
INV-008079,J-008079,2024-10-26,payment,216.0,check
INV-008080,J-008080,2024-10-29,payment,256.83,card
INV-008081,J-008081,2024-11-13,payment,325.35,ach
INV-008082,J-008082,2024-10-30,payment,3889.3,financing
INV-008083,J-008083,2024-11-14,payment,360.06,check
INV-008084,J-008084,2024-10-28,payment,150.73,check
INV-008085,J-008085,2024-11-06,payment,365.61,card
INV-008085,J-008085,2024-12-13,refund,238.06,card
INV-008086,J-008086,2024-10-30,payment,154.06,financing
INV-008087,J-008087,2024-11-08,payment,154.43,financing
INV-008088,J-008088,2024-11-09,payment,353.1,financing
INV-008089,J-008089,2024-11-16,payment,4821.14,card
INV-008090,J-008090,2024-11-14,payment,249.83,ach
INV-008091,J-008091,2024-11-11,payment,711.13,ach
INV-008092,J-008092,2024-11-04,payment,573.37,card
INV-008093,J-008093,2024-11-05,payment,180.13,check
INV-008094,J-008094,2024-11-17,payment,242.15,financing
INV-008095,J-008095,2024-11-07,payment,150.32,ach
INV-008096,J-008096,2024-11-06,payment,217.81,financing
INV-008097,J-008097,2024-11-07,payment,1036.22,ach
INV-008098,J-008098,2024-11-11,payment,3823.27,card
INV-008099,J-008099,2024-11-08,payment,146.12,check
INV-008100,J-008100,2024-11-11,payment,446.18,card
INV-008101,J-008101,2024-11-05,payment,221.89,card
INV-008102,J-008102,2024-11-04,payment,303.98,card
INV-008103,J-008103,2024-11-05,payment,482.89,card
INV-008104,J-008104,2024-11-04,payment,349.95,ach
INV-008105,J-008105,2024-11-05,payment,339.7,card
INV-008106,J-008106,2024-11-10,payment,443.67,card
INV-008107,J-008107,2024-11-10,payment,522.34,check
INV-008108,J-008108,2024-11-06,payment,384.13,financing
INV-008109,J-008109,2024-11-10,payment,285.75,card
INV-008110,J-008110,2024-11-15,payment,424.85,card
INV-008111,J-008111,2024-11-08,payment,125.75,check
INV-008112,J-008112,2024-11-04,payment,317.54,card
INV-008113,J-008113,2024-11-09,payment,170.11,check
INV-008114,J-008114,2024-11-09,payment,774.72,card
INV-008115,J-008115,2024-11-14,payment,757.17,ach
INV-008116,J-008116,2024-11-05,payment,951.13,financing
INV-008117,J-008117,2024-11-06,payment,166.43,card
INV-008118,J-008118,2024-11-11,payment,548.64,card
INV-008119,J-008119,2024-11-08,payment,394.01,ach
INV-008120,J-008120,2024-11-20,payment,356.78,ach
INV-008121,J-008121,2024-11-14,payment,476.21,card
INV-008122,J-008122,2024-11-04,payment,265.26,card
INV-008123,J-008123,2024-11-08,payment,854.88,check
INV-008124,J-008124,2024-11-08,payment,555.03,card
INV-008125,J-008125,2024-11-09,payment,152.17,financing
INV-008126,J-008126,2024-11-03,payment,199.66,ach
INV-008127,J-008127,2024-11-09,payment,255.76,card
INV-008128,J-008128,2024-11-13,payment,419.35,card
INV-008129,J-008129,2024-11-09,payment,761.22,financing
INV-008130,J-008130,2024-11-08,payment,3572.13,financing
INV-008131,J-008131,2024-11-08,payment,3931.76,card
INV-008132,J-008132,2024-11-11,payment,343.48,check
INV-008133,J-008133,2024-11-09,payment,162.51,ach
INV-008134,J-008134,2024-11-08,payment,487.36,check
INV-008135,J-008135,2024-11-19,payment,170.92,ach
INV-008136,J-008136,2024-11-08,payment,341.84,ach
INV-008137,J-008137,2024-11-10,payment,250.51,card
INV-008138,J-008138,2024-11-15,payment,350.54,card
INV-008139,J-008139,2024-11-04,payment,660.87,check
INV-008140,J-008140,2024-11-04,payment,208.46,check
INV-008141,J-008141,2024-11-08,payment,272.82,financing
INV-008142,J-008142,2024-11-20,payment,394.84,card
INV-008143,J-008143,2024-11-13,payment,245.99,check
INV-008144,J-008144,2024-11-08,payment,480.47,card
INV-008145,J-008145,2024-11-13,payment,196.25,card
INV-008146,J-008146,2024-11-08,payment,265.71,card
INV-008147,J-008147,2024-11-15,payment,241.85,card
INV-008148,J-008148,2024-11-07,payment,518.65,card
INV-008149,J-008149,2024-11-16,payment,667.63,ach
INV-008150,J-008150,2024-11-05,payment,257.67,ach
INV-008151,J-008151,2024-11-12,payment,327.58,card
INV-008152,J-008152,2024-11-27,payment,267.26,card
INV-008153,J-008153,2024-12-13,payment,145.33,card
INV-008154,J-008154,2024-11-08,payment,3533.69,check
INV-008155,J-008155,2024-11-11,payment,522.91,card
INV-008156,J-008156,2024-11-12,payment,264.91,card
INV-008157,J-008157,2024-11-15,payment,519.54,ach
INV-008158,J-008158,2024-11-16,payment,578.29,card
INV-008159,J-008159,2024-11-18,payment,642.03,check
INV-008160,J-008160,2024-11-05,payment,137.56,card
INV-008161,J-008161,2024-12-01,payment,4376.46,ach
INV-008162,J-008162,2024-11-12,payment,4481.01,ach
INV-008163,J-008163,2024-11-08,payment,252.23,card
INV-008164,J-008164,2025-01-22,payment,3420.23,card
INV-008165,J-008165,2024-12-27,payment,3829.62,card
INV-008166,J-008166,2024-11-22,payment,4646.6,ach
INV-008167,J-008167,2025-02-08,payment,3027.68,card
INV-008168,J-008168,2025-02-22,payment,2699.66,card
INV-008169,J-008169,2025-02-06,payment,3146.25,card
INV-008170,J-008170,2024-12-20,payment,5019.33,card
INV-008171,J-008171,2024-11-23,payment,659.85,ach
INV-008172,J-008172,2024-12-09,payment,3758.64,financing
INV-008173,J-008173,2024-11-18,payment,151.22,financing
INV-008174,J-008174,2025-07-16,payment,161.1,card
INV-008175,J-008175,2025-01-24,payment,2937.74,ach
INV-008176,J-008176,2025-01-14,payment,279.63,card
INV-008177,J-008177,2024-12-11,payment,2910.46,card
INV-008178,J-008178,2024-11-06,payment,526.1,financing
INV-008179,J-008179,2024-11-01,payment,594.05,card
INV-008180,J-008180,2024-11-13,payment,204.16,ach
INV-008181,J-008181,2024-11-04,payment,758.26,check
INV-008182,J-008182,2024-11-07,payment,382.13,ach
INV-008182,J-008182,2025-01-07,chargeback,218.64,card
INV-008183,J-008183,2024-11-16,payment,631.12,card
INV-008184,J-008184,2024-11-05,payment,458.26,card
INV-008185,J-008185,2024-11-08,payment,233.99,card
INV-008186,J-008186,2024-11-12,payment,189.87,ach
INV-008187,J-008187,2024-11-06,payment,177.68,card
INV-008188,J-008188,2024-11-14,payment,4879.71,card
INV-008189,J-008189,2024-11-08,payment,524.61,financing
INV-008190,J-008190,2024-11-07,payment,459.5,card
INV-008191,J-008191,2024-11-10,payment,548.18,check
INV-008192,J-008192,2024-11-04,payment,1049.41,card
INV-008193,J-008193,2024-11-13,payment,394.14,ach
INV-008194,J-008194,2024-11-08,payment,349.23,card
INV-008195,J-008195,2024-11-02,payment,223.36,card
INV-008196,J-008196,2024-11-08,payment,341.33,card
INV-008197,J-008197,2024-11-01,payment,1136.12,check
INV-008198,J-008198,2024-11-15,payment,749.22,financing
INV-008199,J-008199,2024-11-14,payment,570.27,financing
INV-008200,J-008200,2024-11-09,payment,279.23,ach
INV-008201,J-008201,2024-11-08,payment,3857.13,card
INV-008202,J-008202,2024-11-04,payment,701.06,card
INV-008203,J-008203,2024-11-04,payment,295.26,financing
INV-008204,J-008204,2024-11-08,payment,230.33,card
INV-008205,J-008205,2024-11-16,payment,413.4,card
INV-008206,J-008206,2024-11-03,payment,214.91,financing
INV-008207,J-008207,2024-11-12,payment,272.99,check
INV-008207,J-008207,2024-12-06,refund,174.79,card
INV-008208,J-008208,2024-11-07,payment,521.47,ach
INV-008209,J-008209,2024-11-12,payment,261.52,check
INV-008210,J-008210,2024-11-03,payment,1181.77,card
INV-008211,J-008211,2024-11-03,payment,253.9,financing
INV-008212,J-008212,2024-11-05,payment,709.49,card
INV-008213,J-008213,2024-11-10,payment,471.91,card
INV-008214,J-008214,2024-11-01,payment,133.99,financing
INV-008215,J-008215,2024-11-07,payment,421.95,check
INV-008216,J-008216,2024-11-02,payment,652.86,ach
INV-008217,J-008217,2024-11-21,payment,397.14,card
INV-008218,J-008218,2024-11-11,payment,452.27,financing
INV-008219,J-008219,2024-11-09,payment,3509.05,financing
INV-008220,J-008220,2024-11-09,payment,2612.32,card
INV-008221,J-008221,2024-12-13,payment,222.75,ach
INV-008222,J-008222,2024-11-15,payment,303.39,check
INV-008223,J-008223,2024-11-24,payment,502.61,card
INV-008223,J-008223,2025-01-08,refund,416.18,card
INV-008224,J-008224,2024-11-10,payment,287.53,check
INV-008225,J-008225,2024-11-11,payment,599.15,ach
INV-008226,J-008226,2024-11-10,payment,3160.18,ach
INV-008227,J-008227,2024-11-24,payment,3505.2,card
INV-008228,J-008228,2024-11-10,payment,4966.07,check
INV-008229,J-008229,2024-11-24,payment,192.86,card
INV-008230,J-008230,2024-11-07,payment,3651.38,card
INV-008231,J-008231,2024-11-14,payment,7332.07,check
INV-008232,J-008232,2024-11-12,payment,4408.62,card
INV-008233,J-008233,2024-12-08,payment,313.6,ach
INV-008234,J-008234,2024-11-07,payment,718.93,card
INV-008235,J-008235,2024-11-09,payment,251.29,card
INV-008236,J-008236,2024-12-08,payment,168.24,check
INV-008237,J-008237,2024-11-09,payment,201.3,financing
INV-008238,J-008238,2024-11-15,payment,154.95,card
INV-008239,J-008239,2024-11-13,payment,358.19,card
INV-008240,J-008240,2024-11-09,payment,284.28,check
INV-008241,J-008241,2024-11-11,payment,167.84,card
INV-008242,J-008242,2024-11-01,payment,7276.12,card
INV-008243,J-008243,2024-11-10,payment,507.62,check
INV-008244,J-008244,2024-11-16,payment,214.69,check
INV-008245,J-008245,2024-11-08,payment,4019.34,card
INV-008246,J-008246,2024-11-10,payment,362.06,card
INV-008247,J-008247,2024-11-13,payment,464.53,card
INV-008248,J-008248,2024-11-08,payment,158.08,ach
INV-008249,J-008249,2024-11-14,payment,771.84,card
INV-008250,J-008250,2024-11-19,payment,688.65,financing
INV-008250,J-008250,2025-01-20,refund,258.35,card
INV-008251,J-008251,2024-11-06,payment,211.34,financing
INV-008252,J-008252,2024-11-21,payment,157.05,ach
INV-008253,J-008253,2024-11-22,payment,496.33,check
INV-008254,J-008254,2024-11-03,payment,246.32,financing
INV-008255,J-008255,2024-11-18,payment,288.84,check
INV-008256,J-008256,2024-11-09,payment,5364.89,card
INV-008257,J-008257,2024-11-13,payment,269.62,card
INV-008258,J-008258,2024-11-24,payment,574.09,check
INV-008259,J-008259,2024-11-21,payment,187.71,ach
INV-008260,J-008260,2024-11-13,payment,827.39,card
INV-008261,J-008261,2024-11-12,payment,278.72,card
INV-008262,J-008262,2024-11-17,payment,232.86,card
INV-008263,J-008263,2024-11-12,payment,369.44,card
INV-008264,J-008264,2024-11-17,payment,487.38,card
INV-008265,J-008265,2024-11-13,payment,582.19,check
INV-008266,J-008266,2024-11-18,payment,245.28,ach
INV-008267,J-008267,2024-11-13,payment,240.26,ach
INV-008268,J-008268,2024-11-28,payment,233.38,ach
INV-008269,J-008269,2024-11-24,payment,235.41,card
INV-008270,J-008270,2024-11-15,payment,111.4,card
INV-008271,J-008271,2024-11-14,payment,653.23,financing
INV-008272,J-008272,2024-11-14,payment,184.5,ach
INV-008272,J-008272,2025-01-09,chargeback,80.33,card
INV-008273,J-008273,2024-11-21,payment,259.37,ach
INV-008274,J-008274,2024-11-13,payment,175.77,financing
INV-008275,J-008275,2024-11-28,payment,450.15,card
INV-008276,J-008276,2024-11-13,payment,301.75,ach
INV-008277,J-008277,2024-11-12,payment,102.01,ach
INV-008278,J-008278,2024-11-10,payment,4747.75,card
INV-008279,J-008279,2024-11-12,payment,676.13,card
INV-008280,J-008280,2024-11-18,payment,307.3,card
INV-008281,J-008281,2024-11-11,payment,195.78,financing
INV-008282,J-008282,2024-11-10,payment,442.56,ach
INV-008283,J-008283,2024-11-14,payment,515.64,card
INV-008284,J-008284,2024-11-15,payment,177.6,card
INV-008285,J-008285,2024-11-25,payment,145.39,ach
INV-008286,J-008286,2024-11-11,payment,255.27,ach
INV-008287,J-008287,2024-11-19,payment,171.34,financing
INV-008288,J-008288,2024-11-14,payment,200.78,ach
INV-008289,J-008289,2024-11-09,payment,560.91,check
INV-008290,J-008290,2024-11-14,payment,338.21,ach
INV-008291,J-008291,2024-11-13,payment,877.49,card
INV-008292,J-008292,2024-11-13,payment,389.29,card
INV-008292,J-008292,2024-12-17,refund,132.78,card
INV-008293,J-008293,2024-11-11,payment,463.17,card
INV-008294,J-008294,2024-11-20,payment,149.54,ach
INV-008295,J-008295,2024-12-08,payment,7326.12,ach
INV-008296,J-008296,2024-11-18,payment,359.04,check
INV-008297,J-008297,2024-11-13,payment,383.07,financing
INV-008298,J-008298,2024-11-13,payment,227.07,card
INV-008299,J-008299,2024-11-12,payment,306.22,card
INV-008299,J-008299,2024-12-14,refund,169.52,card
INV-008300,J-008300,2024-11-16,payment,256.03,card
INV-008301,J-008301,2024-11-23,payment,6486.41,financing
INV-008302,J-008302,2024-12-24,payment,311.95,card
INV-008303,J-008303,2024-11-10,payment,431.43,ach
INV-008304,J-008304,2024-12-11,payment,3049.5,card
INV-008305,J-008305,2024-11-14,payment,583.27,ach
INV-008306,J-008306,2024-11-24,payment,209.33,financing
INV-008307,J-008307,2024-11-14,payment,3496.76,card
INV-008308,J-008308,2024-11-14,payment,4738.14,card
INV-008308,J-008308,2024-12-16,refund,3000.85,card
INV-008309,J-008309,2024-12-27,payment,3949.11,check
INV-008310,J-008310,2024-11-18,payment,430.7,card
INV-008311,J-008311,2024-11-22,payment,173.55,financing
INV-008312,J-008312,2024-12-06,payment,228.1,card
INV-008313,J-008313,2024-11-20,payment,541.33,card
INV-008314,J-008314,2024-11-20,payment,480.81,ach
INV-008315,J-008315,2024-11-17,payment,2925.69,ach
INV-008316,J-008316,2024-12-24,payment,204.55,financing
INV-008317,J-008317,2025-01-15,payment,999.17,ach
INV-008318,J-008318,2024-11-30,payment,281.06,card
INV-008319,J-008319,2024-11-28,payment,5555.97,card
INV-008320,J-008320,2024-12-27,payment,3533.34,card
INV-008321,J-008321,2025-01-24,payment,5273.45,card
INV-008322,J-008322,2024-11-22,payment,5551.35,financing
INV-008323,J-008323,2024-12-31,payment,354.3,card
INV-008324,J-008324,2024-12-24,payment,4071.05,ach
INV-008325,J-008325,2025-01-19,payment,207.08,check
INV-008326,J-008326,2024-12-28,payment,3849.51,card
INV-008326,J-008326,2025-06-20,chargeback,1908.92,card
INV-008327,J-008327,2025-01-23,payment,4007.19,card
INV-008328,J-008328,2024-12-09,payment,5785.57,card
INV-008329,J-008329,2025-07-24,payment,6124.1,card
INV-008330,J-008330,2024-11-21,payment,597.38,card
INV-008331,J-008331,2024-11-13,payment,286.19,card
INV-008332,J-008332,2024-11-15,payment,362.93,check
INV-008333,J-008333,2024-11-10,payment,396.74,financing
INV-008334,J-008334,2024-11-09,payment,783.36,card
INV-008335,J-008335,2024-11-09,payment,4812.58,financing
INV-008336,J-008336,2024-11-15,payment,5124.76,ach
INV-008337,J-008337,2024-11-25,payment,148.28,card
INV-008338,J-008338,2024-11-20,payment,427.19,financing
INV-008339,J-008339,2024-11-08,payment,436.35,card
INV-008340,J-008340,2024-11-21,payment,877.63,financing
INV-008341,J-008341,2024-11-14,payment,275.59,check
INV-008342,J-008342,2024-11-17,payment,719.92,ach
INV-008343,J-008343,2024-11-12,payment,169.13,card
INV-008344,J-008344,2024-11-18,payment,4855.25,financing
INV-008344,J-008344,2025-01-01,refund,2784.55,card
INV-008345,J-008345,2024-11-10,payment,284.43,ach
INV-008346,J-008346,2024-11-20,payment,1106.39,ach
INV-008347,J-008347,2024-11-14,payment,236.99,card
INV-008348,J-008348,2024-11-16,payment,658.43,ach
INV-008349,J-008349,2024-11-14,payment,660.26,card
INV-008350,J-008350,2024-11-12,payment,629.12,card
INV-008351,J-008351,2024-11-12,payment,163.18,ach
INV-008352,J-008352,2024-11-17,payment,436.23,card
INV-008353,J-008353,2024-11-12,payment,362.66,check
INV-008354,J-008354,2024-11-10,payment,504.73,card
INV-008355,J-008355,2024-11-27,payment,283.93,card
INV-008356,J-008356,2024-11-16,payment,322.81,card
INV-008357,J-008357,2024-11-17,payment,225.56,card
INV-008358,J-008358,2024-11-05,payment,358.48,ach
INV-008359,J-008359,2024-11-17,payment,227.66,card
INV-008360,J-008360,2024-11-09,payment,469.06,card
INV-008361,J-008361,2024-11-11,payment,391.23,financing
INV-008362,J-008362,2024-11-13,payment,405.85,check
INV-008363,J-008363,2024-11-14,payment,419.68,card
INV-008364,J-008364,2024-11-14,payment,416.34,card
INV-008365,J-008365,2024-11-15,payment,510.46,check
INV-008365,J-008365,2025-02-01,refund,164.59,card
INV-008366,J-008366,2024-11-16,payment,4224.49,card
INV-008367,J-008367,2024-11-13,payment,3717.89,card
INV-008368,J-008368,2024-11-17,payment,402.73,ach
INV-008369,J-008369,2024-11-25,payment,3767.96,card
INV-008370,J-008370,2024-11-20,payment,5332.94,card
INV-008371,J-008371,2024-11-17,payment,3103.04,card
INV-008372,J-008372,2024-11-28,payment,182.13,ach
INV-008373,J-008373,2024-11-15,payment,4670.59,financing
INV-008374,J-008374,2024-11-13,payment,5038.75,check
INV-008375,J-008375,2024-11-26,payment,196.92,check
INV-008376,J-008376,2024-11-15,payment,231.43,check
INV-008377,J-008377,2024-11-20,payment,196.97,card
INV-008378,J-008378,2024-12-04,payment,327.41,check
INV-008379,J-008379,2024-11-27,payment,3755.02,financing
INV-008380,J-008380,2024-11-22,payment,605.76,check
INV-008381,J-008381,2024-11-17,payment,3491.53,ach
INV-008382,J-008382,2025-01-11,payment,4642.76,ach
INV-008383,J-008383,2024-11-13,payment,4087.19,financing
INV-008384,J-008384,2024-11-24,payment,383.07,check
INV-008385,J-008385,2024-11-15,payment,239.14,ach
INV-008386,J-008386,2024-11-16,payment,659.4,check
INV-008387,J-008387,2024-11-24,payment,5864.13,check
INV-008388,J-008388,2024-11-15,payment,558.52,ach
INV-008389,J-008389,2024-11-16,payment,4064.47,card
INV-008390,J-008390,2024-11-15,payment,208.1,card
INV-008391,J-008391,2024-11-15,payment,312.21,card
INV-008392,J-008392,2024-11-18,payment,5315.12,card
INV-008392,J-008392,2025-02-23,refund,3636.92,card
INV-008393,J-008393,2024-11-27,payment,440.04,ach
INV-008394,J-008394,2024-11-28,payment,489.53,card
INV-008395,J-008395,2024-11-15,payment,397.2,ach
INV-008396,J-008396,2024-11-11,payment,401.37,check
INV-008397,J-008397,2024-11-13,payment,347.52,card
INV-008398,J-008398,2024-11-14,payment,4254.92,check
INV-008399,J-008399,2024-11-17,payment,226.3,financing
INV-008400,J-008400,2024-11-20,payment,215.24,card
INV-008401,J-008401,2024-11-18,payment,244.57,financing
INV-008402,J-008402,2024-11-13,payment,4724.53,financing
INV-008403,J-008403,2024-11-17,payment,529.22,ach
INV-008404,J-008404,2024-11-17,payment,3038.92,card
INV-008405,J-008405,2024-11-17,payment,434.5,financing
INV-008406,J-008406,2024-11-12,payment,313.79,card
INV-008407,J-008407,2024-11-21,payment,144.08,ach
INV-008408,J-008408,2024-11-18,payment,3511.18,check
INV-008409,J-008409,2024-11-24,payment,140.44,ach
INV-008410,J-008410,2024-11-22,payment,479.19,check
INV-008411,J-008411,2024-12-07,payment,662.65,card
INV-008412,J-008412,2024-11-20,payment,470.95,ach
INV-008413,J-008413,2024-11-20,payment,500.27,financing
INV-008414,J-008414,2024-11-16,payment,593.94,financing
INV-008415,J-008415,2024-11-24,payment,540.05,check
INV-008416,J-008416,2024-11-29,payment,380.09,card
INV-008417,J-008417,2024-11-24,payment,471.65,financing
INV-008418,J-008418,2024-11-28,payment,434.15,check
INV-008419,J-008419,2024-11-20,payment,303.87,ach
INV-008420,J-008420,2024-11-24,payment,173.37,ach
INV-008421,J-008421,2024-11-17,payment,309.55,card
INV-008422,J-008422,2024-11-17,payment,536.12,financing
INV-008423,J-008423,2024-11-21,payment,1939.03,financing
INV-008424,J-008424,2024-11-23,payment,417.7,card
INV-008425,J-008425,2024-11-22,payment,473.86,ach
INV-008426,J-008426,2024-12-05,payment,544.02,financing
INV-008427,J-008427,2024-11-21,payment,172.45,check
INV-008428,J-008428,2024-11-21,payment,3835.62,card
INV-008429,J-008429,2024-11-22,payment,282.05,card
INV-008430,J-008430,2024-11-19,payment,265.89,check
INV-008431,J-008431,2024-11-22,payment,789.69,check
INV-008432,J-008432,2024-11-15,payment,366.88,card
INV-008433,J-008433,2024-11-23,payment,498.63,card
INV-008434,J-008434,2024-11-20,payment,5011.87,financing
INV-008435,J-008435,2024-11-26,payment,636.81,card
INV-008436,J-008436,2024-12-01,payment,218.28,financing
INV-008437,J-008437,2024-12-03,payment,546.65,card
INV-008438,J-008438,2024-11-25,payment,141.21,check
INV-008439,J-008439,2024-11-28,payment,179.34,card
INV-008440,J-008440,2024-12-10,payment,221.89,card
INV-008441,J-008441,2024-11-19,payment,290.78,card
INV-008441,J-008441,2024-12-01,refund,212.31,card
INV-008442,J-008442,2024-11-25,payment,402.06,card
INV-008443,J-008443,2024-11-23,payment,523.03,card
INV-008444,J-008444,2024-12-01,payment,498.57,financing
INV-008445,J-008445,2024-11-25,payment,3612.52,ach
INV-008446,J-008446,2024-11-25,payment,214.02,ach
INV-008447,J-008447,2024-12-28,payment,617.75,check
INV-008448,J-008448,2024-11-25,payment,344.25,check
INV-008449,J-008449,2024-12-07,payment,180.45,card
INV-008450,J-008450,2024-11-20,payment,546.4,card
INV-008451,J-008451,2024-11-20,payment,625.48,ach
INV-008452,J-008452,2024-11-29,payment,3454.48,financing
INV-008453,J-008453,2024-11-20,payment,169.21,card
INV-008454,J-008454,2024-11-25,payment,297.07,financing
INV-008455,J-008455,2024-11-19,payment,5630.97,financing
INV-008456,J-008456,2024-12-07,payment,456.27,card
INV-008457,J-008457,2025-02-23,payment,6470.91,check
INV-008458,J-008458,2024-12-22,payment,4192.85,ach
INV-008459,J-008459,2025-01-12,payment,219.54,card
INV-008460,J-008460,2025-03-08,payment,3863.17,card
INV-008461,J-008461,2024-12-19,payment,4006.66,ach
INV-008462,J-008462,2025-01-25,payment,5497.11,ach
INV-008463,J-008463,2025-04-09,payment,3449.39,financing
INV-008464,J-008464,2024-12-22,payment,220.79,card
INV-008465,J-008465,2025-02-14,payment,194.49,check
INV-008466,J-008466,2025-02-10,payment,4722.06,financing
INV-008467,J-008467,2025-03-23,payment,5332.96,card
INV-008468,J-008468,2024-11-20,payment,694.83,financing
INV-008469,J-008469,2024-11-26,payment,855.28,ach
INV-008470,J-008470,2024-11-18,payment,742.65,ach
INV-008471,J-008471,2024-11-26,payment,209.33,financing
INV-008472,J-008472,2024-11-29,payment,291.62,financing
INV-008473,J-008473,2024-11-23,payment,387.63,card
INV-008474,J-008474,2024-11-19,payment,3223.38,card
INV-008475,J-008475,2024-11-28,payment,633.57,financing
INV-008476,J-008476,2024-11-16,payment,738.13,check
INV-008477,J-008477,2024-11-24,payment,273.83,check
INV-008478,J-008478,2024-11-16,payment,244.52,financing
INV-008479,J-008479,2024-11-24,payment,289.24,ach
INV-008480,J-008480,2024-11-23,payment,764.29,check
INV-008481,J-008481,2024-11-26,payment,663.97,ach
INV-008482,J-008482,2024-11-20,payment,395.05,check
INV-008483,J-008483,2024-11-19,payment,101.63,card
INV-008484,J-008484,2024-11-24,payment,205.42,financing
INV-008485,J-008485,2024-11-21,payment,572.07,financing
INV-008486,J-008486,2024-11-20,payment,340.82,card
INV-008487,J-008487,2024-11-28,payment,575.06,check
INV-008488,J-008488,2024-11-21,payment,379.32,ach
INV-008489,J-008489,2024-11-22,payment,325.5,card
INV-008490,J-008490,2024-12-05,payment,395.52,card
INV-008491,J-008491,2024-11-18,payment,484.92,card
INV-008492,J-008492,2024-11-20,payment,647.95,card
INV-008493,J-008493,2024-11-15,payment,333.89,card
INV-008494,J-008494,2024-11-28,payment,591.22,card
INV-008495,J-008495,2024-11-22,payment,302.72,check
INV-008496,J-008496,2024-11-15,payment,1178.58,financing
INV-008497,J-008497,2024-11-19,payment,586.85,card
INV-008498,J-008498,2024-11-20,payment,268.02,check
INV-008499,J-008499,2024-11-16,payment,3791.88,card
INV-008500,J-008500,2024-11-19,payment,210.73,card
INV-008501,J-008501,2024-11-21,payment,487.97,ach
INV-008502,J-008502,2024-11-18,payment,415.4,check
INV-008503,J-008503,2024-11-25,payment,632.71,financing
INV-008504,J-008504,2024-11-18,payment,288.27,check
INV-008505,J-008505,2025-01-06,payment,171.35,check
INV-008506,J-008506,2024-11-21,payment,3919.94,check
INV-008507,J-008507,2025-03-13,payment,306.91,ach
INV-008508,J-008508,2024-11-21,payment,3734.26,card
INV-008509,J-008509,2024-12-08,payment,437.82,card
INV-008510,J-008510,2024-11-21,payment,138.82,card
INV-008511,J-008511,2024-11-30,payment,4014.98,financing
INV-008512,J-008512,2024-11-25,payment,4022.46,financing
INV-008513,J-008513,2024-12-06,payment,4943.85,card
INV-008514,J-008514,2024-12-10,payment,5358.52,card
INV-008515,J-008515,2024-11-22,payment,173.14,ach
INV-008516,J-008516,2024-11-25,payment,3777.52,check
INV-008517,J-008517,2024-11-26,payment,1432.75,check
INV-008518,J-008518,2024-11-24,payment,268.07,financing
INV-008519,J-008519,2024-11-22,payment,864.53,check
INV-008520,J-008520,2024-11-20,payment,155.46,financing
INV-008521,J-008521,2024-11-22,payment,168.75,card
INV-008522,J-008522,2024-11-24,payment,258.32,card
INV-008523,J-008523,2024-11-24,payment,245.77,card
INV-008524,J-008524,2024-11-20,payment,280.19,card
INV-008525,J-008525,2024-11-16,payment,916.75,check
INV-008526,J-008526,2024-12-06,payment,198.24,check
INV-008527,J-008527,2024-11-21,payment,685.7,check
INV-008528,J-008528,2024-11-16,payment,257.84,financing
INV-008529,J-008529,2024-11-24,payment,4889.71,check
INV-008530,J-008530,2024-11-21,payment,1444.03,card
INV-008531,J-008531,2024-11-28,payment,373.46,card
INV-008532,J-008532,2024-11-21,payment,4592.3,check
INV-008533,J-008533,2024-11-22,payment,279.39,card
INV-008534,J-008534,2024-11-16,payment,376.02,ach
INV-008535,J-008535,2024-11-19,payment,97.44,check
INV-008536,J-008536,2024-11-23,payment,1218.07,financing
INV-008537,J-008537,2024-11-18,payment,423.72,check
INV-008538,J-008538,2024-11-24,payment,595.56,financing
INV-008539,J-008539,2024-11-21,payment,396.64,ach
INV-008540,J-008540,2024-12-04,payment,266.45,ach
INV-008541,J-008541,2024-11-21,payment,337.52,card
INV-008542,J-008542,2024-11-25,payment,217.58,card
INV-008543,J-008543,2024-11-21,payment,4056.92,financing
INV-008544,J-008544,2024-11-25,payment,262.12,financing
INV-008545,J-008545,2024-12-06,payment,192.78,card
INV-008546,J-008546,2024-12-01,payment,429.47,card
INV-008547,J-008547,2024-11-20,payment,801.21,check
INV-008548,J-008548,2024-11-23,payment,344.2,card
INV-008549,J-008549,2024-11-24,payment,473.24,check
INV-008550,J-008550,2024-12-03,payment,241.51,check
INV-008551,J-008551,2024-12-16,payment,203.56,financing
INV-008552,J-008552,2024-12-12,payment,153.48,check
INV-008553,J-008553,2024-11-19,payment,383.97,check
INV-008554,J-008554,2024-12-02,payment,512.74,card
INV-008554,J-008554,2025-01-26,refund,157.88,card
INV-008555,J-008555,2024-11-27,payment,234.36,financing
INV-008556,J-008556,2024-12-04,payment,3258.85,ach
INV-008557,J-008557,2024-12-04,payment,537.31,card
INV-008558,J-008558,2024-11-23,payment,337.86,card
INV-008559,J-008559,2024-11-25,payment,408.44,card
INV-008560,J-008560,2024-11-30,payment,184.27,card
INV-008561,J-008561,2024-11-26,payment,258.84,financing
INV-008562,J-008562,2024-11-25,payment,362.66,card
INV-008563,J-008563,2025-02-03,payment,1609.27,check
INV-008564,J-008564,2024-12-05,payment,271.51,card
INV-008565,J-008565,2024-12-02,payment,431.7,ach
INV-008566,J-008566,2024-11-26,payment,196.19,card
INV-008567,J-008567,2024-11-24,payment,120.79,card
INV-008568,J-008568,2024-11-29,payment,402.59,check
INV-008569,J-008569,2024-12-01,payment,332.3,card
INV-008570,J-008570,2024-11-25,payment,276.75,check
INV-008571,J-008571,2024-11-26,payment,638.96,ach
INV-008572,J-008572,2024-12-14,payment,5006.06,ach
INV-008572,J-008572,2025-02-24,refund,3922.15,card
INV-008573,J-008573,2024-11-29,payment,945.44,card
INV-008574,J-008574,2024-11-25,payment,215.01,financing
INV-008575,J-008575,2024-11-26,payment,363.54,ach
INV-008576,J-008576,2024-12-06,payment,479.71,check
INV-008577,J-008577,2024-11-22,payment,160.44,card
INV-008578,J-008578,2024-11-28,payment,1089.57,card
INV-008579,J-008579,2024-12-03,payment,180.63,card
INV-008580,J-008580,2024-11-23,payment,4530.27,check
INV-008581,J-008581,2024-11-29,payment,225.9,card
INV-008582,J-008582,2024-12-02,payment,530.04,card
INV-008583,J-008583,2024-12-03,payment,460.74,card
INV-008584,J-008584,2024-12-13,payment,3833.2,financing
INV-008585,J-008585,2024-12-06,payment,407.66,card
INV-008586,J-008586,2024-11-28,payment,298.43,ach
INV-008587,J-008587,2024-11-24,payment,3590.98,card
INV-008588,J-008588,2024-12-02,payment,3981.6,card
INV-008589,J-008589,2024-12-11,payment,783.61,card
INV-008590,J-008590,2024-12-13,payment,3333.35,card
INV-008591,J-008591,2024-12-20,payment,325.84,ach
INV-008592,J-008592,2024-12-02,payment,299.29,card
INV-008593,J-008593,2024-12-02,payment,3668.97,card
INV-008594,J-008594,2024-11-25,payment,280.11,card
INV-008595,J-008595,2025-01-19,payment,490.9,financing
INV-008596,J-008596,2025-01-02,payment,4837.92,ach
INV-008597,J-008597,2024-12-05,payment,3985.4,financing
INV-008598,J-008598,2025-02-07,payment,6364.73,financing
INV-008599,J-008599,2025-03-18,payment,843.31,ach
INV-008600,J-008600,2025-03-04,payment,4797.17,card
INV-008601,J-008601,2024-12-10,payment,5087.13,check
INV-008602,J-008602,2025-02-15,payment,3641.09,card
INV-008602,J-008602,2025-06-13,refund,2152.76,card
INV-008603,J-008603,2024-12-23,payment,4369.45,check
INV-008604,J-008604,2025-01-01,payment,3795.92,financing
INV-008605,J-008605,2024-12-07,payment,5351.12,check
INV-008606,J-008606,2025-01-29,payment,202.86,financing
INV-008607,J-008607,2025-03-07,payment,2873.75,check
INV-008608,J-008608,2024-12-25,payment,4264.98,card
INV-008609,J-008609,2025-03-09,payment,143.7,card
INV-008610,J-008610,2025-03-15,payment,4253.39,ach
INV-008611,J-008611,2024-12-30,payment,4406.93,card
INV-008612,J-008612,2025-01-19,payment,2791.42,card
INV-008613,J-008613,2024-12-15,payment,574.0,ach
INV-008614,J-008614,2024-12-24,payment,4844.26,ach
INV-008615,J-008615,2025-04-26,payment,3741.88,financing
INV-008616,J-008616,2025-01-27,payment,341.19,ach
INV-008617,J-008617,2024-11-27,payment,155.67,card
INV-008618,J-008618,2024-11-23,payment,242.08,ach
INV-008619,J-008619,2024-11-27,payment,254.56,ach
INV-008620,J-008620,2024-11-30,payment,219.07,card
INV-008621,J-008621,2024-11-30,payment,296.37,card
INV-008621,J-008621,2025-05-11,refund,164.68,card
INV-008622,J-008622,2024-11-25,payment,517.04,check
INV-008623,J-008623,2024-11-28,payment,281.4,ach
INV-008624,J-008624,2024-11-27,payment,188.33,ach
INV-008625,J-008625,2024-12-07,payment,152.52,financing
INV-008626,J-008626,2024-11-28,payment,277.61,check
INV-008627,J-008627,2024-11-29,payment,305.14,financing
INV-008628,J-008628,2024-11-30,payment,407.28,card
INV-008628,J-008628,2025-02-28,chargeback,227.0,card
INV-008629,J-008629,2024-11-27,payment,492.72,card
INV-008630,J-008630,2024-11-29,payment,168.83,card
INV-008631,J-008631,2024-12-02,payment,382.72,card
INV-008632,J-008632,2024-11-29,payment,247.58,card
INV-008633,J-008633,2024-12-04,payment,369.43,financing
INV-008634,J-008634,2024-11-25,payment,563.97,ach
INV-008635,J-008635,2024-11-22,payment,733.99,card
INV-008636,J-008636,2024-12-02,payment,229.9,ach
INV-008637,J-008637,2024-11-26,payment,185.92,card
INV-008638,J-008638,2024-12-07,payment,4574.05,card
INV-008639,J-008639,2024-12-03,payment,155.39,card
INV-008640,J-008640,2024-12-03,payment,4597.31,financing
INV-008641,J-008641,2024-11-27,payment,3629.35,financing
INV-008642,J-008642,2024-11-29,payment,611.2,financing
INV-008643,J-008643,2024-11-30,payment,221.07,check
INV-008644,J-008644,2024-11-29,payment,4017.11,card
INV-008645,J-008645,2024-12-06,payment,2767.57,card
INV-008646,J-008646,2024-12-03,payment,253.07,card
INV-008647,J-008647,2024-12-05,payment,3536.69,financing
INV-008648,J-008648,2024-12-09,payment,3783.62,check
INV-008649,J-008649,2024-11-26,payment,257.96,ach
INV-008650,J-008650,2024-11-30,payment,179.29,financing
INV-008651,J-008651,2024-12-05,payment,170.29,financing
INV-008652,J-008652,2024-12-11,payment,319.6,card
INV-008653,J-008653,2024-11-22,payment,433.2,financing
INV-008654,J-008654,2024-12-01,payment,338.84,ach
INV-008655,J-008655,2024-12-10,payment,196.12,card
INV-008656,J-008656,2024-11-22,payment,539.25,ach
INV-008657,J-008657,2024-12-18,payment,174.33,financing
INV-008658,J-008658,2024-11-21,payment,260.82,ach
INV-008659,J-008659,2024-11-29,payment,334.94,check
INV-008660,J-008660,2024-12-12,payment,167.91,ach
INV-008661,J-008661,2024-12-01,payment,362.73,ach
INV-008662,J-008662,2024-11-27,payment,5525.59,financing
INV-008663,J-008663,2024-12-08,payment,367.08,card
INV-008664,J-008664,2024-12-08,payment,239.11,financing
INV-008665,J-008665,2024-12-08,payment,749.97,check
INV-008666,J-008666,2025-01-07,payment,481.08,financing
INV-008667,J-008667,2024-11-29,payment,402.16,card
INV-008668,J-008668,2024-11-26,payment,4437.3,card
INV-008669,J-008669,2024-12-07,payment,590.06,card
INV-008670,J-008670,2024-12-06,payment,3997.67,ach
INV-008671,J-008671,2024-12-09,payment,237.46,check
INV-008672,J-008672,2024-11-29,payment,816.18,card
INV-008673,J-008673,2024-12-03,payment,4423.95,financing
INV-008674,J-008674,2024-11-28,payment,418.94,financing
INV-008675,J-008675,2024-12-12,payment,328.33,financing
INV-008676,J-008676,2024-12-14,payment,122.26,ach
INV-008677,J-008677,2024-12-20,payment,486.49,financing
INV-008678,J-008678,2024-12-08,payment,166.82,check
INV-008679,J-008679,2024-12-05,payment,373.67,ach
INV-008680,J-008680,2024-12-01,payment,186.05,ach
INV-008681,J-008681,2024-12-13,payment,241.99,financing
INV-008682,J-008682,2024-12-03,payment,173.08,financing
INV-008683,J-008683,2024-12-18,payment,328.59,card
INV-008684,J-008684,2024-12-07,payment,146.96,card
INV-008685,J-008685,2024-12-11,payment,878.78,ach
INV-008686,J-008686,2024-12-07,payment,501.68,check
INV-008687,J-008687,2024-12-15,payment,284.67,card
INV-008688,J-008688,2024-12-06,payment,259.39,ach
INV-008689,J-008689,2024-12-11,payment,344.84,card
INV-008690,J-008690,2024-12-04,payment,88.15,check
INV-008691,J-008691,2024-12-01,payment,338.87,check
INV-008692,J-008692,2024-12-11,payment,471.96,card
INV-008693,J-008693,2024-12-07,payment,475.84,check
INV-008694,J-008694,2024-12-06,payment,4931.23,financing
INV-008695,J-008695,2024-12-09,payment,916.76,card
INV-008695,J-008695,2025-01-17,refund,579.34,card
INV-008696,J-008696,2024-12-03,payment,408.72,ach
INV-008697,J-008697,2024-12-11,payment,331.85,financing
INV-008698,J-008698,2024-12-05,payment,333.92,card
INV-008699,J-008699,2024-12-11,payment,272.93,card
INV-008700,J-008700,2024-12-06,payment,176.67,ach
INV-008701,J-008701,2024-12-10,payment,229.4,check
INV-008702,J-008702,2024-12-08,payment,479.29,card
INV-008703,J-008703,2024-12-03,payment,426.36,ach
INV-008704,J-008704,2024-12-08,payment,675.96,financing
INV-008705,J-008705,2024-12-04,payment,3533.23,check
INV-008706,J-008706,2024-12-12,payment,471.62,ach
INV-008707,J-008707,2024-11-30,payment,3196.86,ach
INV-008708,J-008708,2024-12-03,payment,236.28,ach
INV-008709,J-008709,2024-12-05,payment,447.48,check
INV-008710,J-008710,2024-11-30,payment,263.4,check
INV-008711,J-008711,2024-12-13,payment,2730.01,card
INV-008712,J-008712,2024-12-04,payment,142.31,ach
INV-008713,J-008713,2024-12-03,payment,320.47,card
INV-008714,J-008714,2024-12-05,payment,343.71,financing
INV-008715,J-008715,2024-12-17,payment,4770.93,financing
INV-008715,J-008715,2025-02-19,refund,3949.7,card
INV-008716,J-008716,2024-12-13,payment,339.05,card
INV-008717,J-008717,2025-01-21,payment,380.25,card
INV-008718,J-008718,2024-12-12,payment,908.01,financing
INV-008719,J-008719,2025-01-19,payment,224.77,ach
INV-008720,J-008720,2024-12-12,payment,276.76,ach
INV-008721,J-008721,2024-12-06,payment,465.62,card
INV-008722,J-008722,2024-12-13,payment,3410.18,ach
INV-008723,J-008723,2024-12-22,payment,4108.0,card
INV-008724,J-008724,2024-12-14,payment,822.71,card
INV-008725,J-008725,2024-12-17,payment,565.44,card
INV-008726,J-008726,2024-12-04,payment,364.47,financing
INV-008727,J-008727,2024-12-03,payment,4161.53,card
INV-008728,J-008728,2024-12-06,payment,196.76,ach
INV-008729,J-008729,2024-12-09,payment,4093.69,ach
INV-008730,J-008730,2024-12-06,payment,360.05,check
INV-008731,J-008731,2024-12-06,payment,294.8,financing
INV-008732,J-008732,2024-12-17,payment,256.11,ach
INV-008733,J-008733,2024-12-22,payment,2558.44,check
INV-008734,J-008734,2024-12-06,payment,450.72,financing
INV-008735,J-008735,2024-12-19,payment,3635.02,card
INV-008736,J-008736,2025-04-09,payment,3990.25,card
INV-008736,J-008736,2025-08-10,refund,3908.45,card
INV-008737,J-008737,2025-01-14,payment,195.18,card
INV-008738,J-008738,2025-01-12,payment,4812.48,ach
INV-008739,J-008739,2024-12-31,payment,3727.99,check
INV-008740,J-008740,2024-12-30,payment,3251.46,check
INV-008741,J-008741,2025-02-07,payment,2815.56,ach
INV-008742,J-008742,2025-04-26,payment,251.35,card
INV-008743,J-008743,2025-01-04,payment,3065.13,financing
INV-008744,J-008744,2024-12-05,payment,272.11,card
INV-008745,J-008745,2024-12-06,payment,383.06,check
INV-008746,J-008746,2024-12-06,payment,389.36,financing
INV-008747,J-008747,2024-12-06,payment,313.49,check
INV-008748,J-008748,2024-12-14,payment,427.55,card
INV-008749,J-008749,2024-12-06,payment,245.03,ach
INV-008750,J-008750,2024-12-04,payment,397.18,ach
INV-008751,J-008751,2024-12-03,payment,417.91,financing
INV-008752,J-008752,2024-12-04,payment,580.9,card
INV-008753,J-008753,2024-12-11,payment,302.0,card
INV-008754,J-008754,2024-11-30,payment,221.07,ach
INV-008755,J-008755,2024-12-03,payment,203.79,check
INV-008756,J-008756,2024-12-02,payment,324.55,ach
INV-008757,J-008757,2024-12-10,payment,261.55,check
INV-008758,J-008758,2024-12-08,payment,436.02,financing
INV-008759,J-008759,2024-12-02,payment,213.56,check
INV-008760,J-008760,2024-12-07,payment,349.96,financing
INV-008761,J-008761,2024-12-02,payment,591.14,card
INV-008762,J-008762,2024-12-04,payment,227.09,check
INV-008763,J-008763,2024-12-01,payment,4681.68,financing
INV-008764,J-008764,2024-12-09,payment,5179.97,financing
INV-008764,J-008764,2025-01-09,refund,3113.01,card
INV-008765,J-008765,2024-12-01,payment,656.75,ach
INV-008766,J-008766,2024-12-09,payment,558.39,check
INV-008767,J-008767,2024-12-04,payment,344.16,ach
INV-008768,J-008768,2024-12-05,payment,183.38,card
INV-008769,J-008769,2024-12-06,payment,179.79,financing
INV-008770,J-008770,2024-12-09,payment,268.03,card
INV-008771,J-008771,2024-11-30,payment,297.7,ach
INV-008772,J-008772,2024-12-08,payment,330.77,financing
INV-008773,J-008773,2024-11-29,payment,577.1,card
INV-008773,J-008773,2025-02-16,refund,375.96,card
INV-008774,J-008774,2024-11-30,payment,224.55,ach
INV-008775,J-008775,2024-12-03,payment,281.95,ach
INV-008776,J-008776,2024-12-05,payment,356.6,financing
INV-008777,J-008777,2024-12-06,payment,736.2,check
INV-008778,J-008778,2024-12-06,payment,353.14,ach
INV-008779,J-008779,2024-12-15,payment,625.27,card
INV-008780,J-008780,2024-12-07,payment,882.42,check
INV-008781,J-008781,2024-12-07,payment,316.79,check
INV-008782,J-008782,2024-12-24,payment,607.59,card
INV-008783,J-008783,2024-12-12,payment,2761.39,check
INV-008784,J-008784,2024-12-04,payment,3595.73,check
INV-008785,J-008785,2025-03-15,payment,4259.66,financing
INV-008786,J-008786,2024-12-12,payment,573.31,ach
INV-008787,J-008787,2025-01-23,payment,3003.44,card
INV-008787,J-008787,2025-03-14,refund,1155.67,card
INV-008788,J-008788,2024-12-15,payment,151.67,check
INV-008789,J-008789,2024-12-24,payment,613.28,ach
INV-008790,J-008790,2024-12-04,payment,501.17,card
INV-008791,J-008791,2024-12-11,payment,294.62,card
INV-008792,J-008792,2024-12-04,payment,392.62,card
INV-008793,J-008793,2024-12-03,payment,187.17,financing
INV-008794,J-008794,2024-12-12,payment,537.41,ach
INV-008795,J-008795,2024-12-21,payment,315.0,check
INV-008796,J-008796,2024-12-08,payment,320.99,financing
INV-008797,J-008797,2024-12-24,payment,289.31,check
INV-008798,J-008798,2024-12-30,payment,537.24,card
INV-008799,J-008799,2024-12-15,payment,234.77,check
INV-008800,J-008800,2025-01-13,payment,652.47,financing
INV-008801,J-008801,2024-12-01,payment,438.0,card
INV-008802,J-008802,2024-12-09,payment,5066.52,ach
INV-008803,J-008803,2024-12-19,payment,3648.5,financing
INV-008804,J-008804,2024-12-10,payment,654.15,card
INV-008805,J-008805,2024-12-12,payment,261.9,card
INV-008806,J-008806,2024-12-09,payment,550.89,check
INV-008807,J-008807,2024-12-11,payment,369.21,financing
INV-008808,J-008808,2024-12-23,payment,266.93,card
INV-008809,J-008809,2024-12-13,payment,320.75,card
INV-008810,J-008810,2024-12-11,payment,3242.35,card
INV-008811,J-008811,2024-12-15,payment,6632.73,card
INV-008812,J-008812,2024-12-16,payment,131.2,financing
INV-008813,J-008813,2024-12-09,payment,211.65,ach
INV-008814,J-008814,2024-12-08,payment,516.86,card
INV-008815,J-008815,2024-12-13,payment,458.44,card
INV-008816,J-008816,2024-12-10,payment,779.27,card
INV-008817,J-008817,2024-12-03,payment,546.03,card
INV-008818,J-008818,2024-12-12,payment,226.04,financing
INV-008819,J-008819,2024-12-14,payment,259.99,ach
INV-008820,J-008820,2024-12-02,payment,3966.57,card
INV-008821,J-008821,2024-12-06,payment,268.6,financing
INV-008822,J-008822,2024-12-08,payment,309.11,ach
INV-008823,J-008823,2024-12-11,payment,148.03,financing
INV-008824,J-008824,2024-12-18,payment,322.28,ach
INV-008825,J-008825,2024-12-25,payment,5288.96,card
INV-008826,J-008826,2024-12-21,payment,266.93,financing
INV-008827,J-008827,2024-12-12,payment,1215.94,check
INV-008828,J-008828,2024-12-12,payment,218.39,financing
INV-008829,J-008829,2025-01-25,payment,286.89,card
INV-008830,J-008830,2024-12-10,payment,739.87,financing
INV-008831,J-008831,2024-12-24,payment,380.81,check
INV-008832,J-008832,2024-12-07,payment,556.02,financing
INV-008833,J-008833,2024-12-30,payment,338.33,ach
INV-008834,J-008834,2024-12-19,payment,327.09,card
INV-008835,J-008835,2024-12-17,payment,381.58,card
INV-008836,J-008836,2024-12-04,payment,741.6,card
INV-008837,J-008837,2024-12-14,payment,2865.59,check
INV-008838,J-008838,2024-12-10,payment,368.78,check
INV-008839,J-008839,2024-12-11,payment,514.06,card
INV-008840,J-008840,2024-12-21,payment,169.89,check
INV-008841,J-008841,2024-12-21,payment,185.11,financing
INV-008842,J-008842,2024-12-05,payment,440.98,financing
INV-008842,J-008842,2024-12-18,chargeback,410.7,card
INV-008843,J-008843,2024-12-16,payment,801.95,card
INV-008844,J-008844,2024-12-10,payment,263.22,financing
INV-008845,J-008845,2024-12-09,payment,593.59,financing
INV-008845,J-008845,2025-03-18,chargeback,475.99,card
INV-008846,J-008846,2024-12-18,payment,455.13,check
INV-008847,J-008847,2024-12-03,payment,367.47,financing
INV-008848,J-008848,2024-12-18,payment,7694.47,financing
INV-008849,J-008849,2024-12-09,payment,665.31,card
INV-008850,J-008850,2024-12-27,payment,6733.12,financing
INV-008851,J-008851,2024-12-15,payment,236.7,card
INV-008852,J-008852,2024-12-17,payment,512.21,card
INV-008853,J-008853,2024-12-23,payment,499.29,check
INV-008854,J-008854,2024-12-11,payment,494.09,check
INV-008855,J-008855,2024-12-26,payment,151.63,card
INV-008856,J-008856,2024-12-13,payment,436.56,check
INV-008857,J-008857,2024-12-10,payment,120.62,ach
INV-008858,J-008858,2024-12-17,payment,605.66,card
INV-008859,J-008859,2024-12-15,payment,360.93,ach
INV-008860,J-008860,2024-12-15,payment,248.22,ach
INV-008861,J-008861,2024-12-14,payment,148.8,check
INV-008861,J-008861,2025-02-03,refund,94.4,card
INV-008862,J-008862,2024-12-16,payment,849.72,ach
INV-008863,J-008863,2024-12-22,payment,281.13,card
INV-008864,J-008864,2024-12-14,payment,164.8,financing
INV-008865,J-008865,2024-12-18,payment,295.35,financing
INV-008866,J-008866,2024-12-17,payment,4219.65,check
INV-008866,J-008866,2025-01-17,refund,2312.98,card
INV-008867,J-008867,2024-12-05,payment,221.22,card
INV-008868,J-008868,2024-12-08,payment,556.51,financing
INV-008869,J-008869,2024-12-13,payment,296.56,financing
INV-008870,J-008870,2024-12-25,payment,3837.56,ach
INV-008871,J-008871,2024-12-12,payment,678.04,card
INV-008872,J-008872,2024-12-28,payment,250.49,financing
INV-008873,J-008873,2024-12-20,payment,247.73,ach
INV-008874,J-008874,2024-12-22,payment,536.29,financing
INV-008875,J-008875,2024-12-24,payment,458.11,ach
INV-008876,J-008876,2024-12-17,payment,495.3,card
INV-008877,J-008877,2024-12-11,payment,4153.6,ach
INV-008878,J-008878,2024-12-12,payment,233.49,check
INV-008879,J-008879,2024-12-30,payment,216.57,check
INV-008880,J-008880,2024-12-18,payment,4655.82,check
INV-008881,J-008881,2024-12-20,payment,6144.0,card
INV-008882,J-008882,2024-12-19,payment,487.16,ach
INV-008883,J-008883,2024-12-16,payment,442.79,check
INV-008884,J-008884,2024-12-22,payment,4136.87,card
INV-008885,J-008885,2024-12-15,payment,231.85,ach
INV-008886,J-008886,2024-12-16,payment,272.91,financing
INV-008887,J-008887,2024-12-15,payment,335.27,card
INV-008888,J-008888,2025-02-19,payment,339.6,financing
INV-008888,J-008888,2025-04-17,refund,293.56,card
INV-008889,J-008889,2025-01-12,payment,3037.53,card
INV-008890,J-008890,2024-12-22,payment,525.85,card
INV-008891,J-008891,2025-01-17,payment,415.31,financing
INV-008892,J-008892,2025-01-11,payment,2627.53,financing
INV-008893,J-008893,2025-02-24,payment,184.48,financing
INV-008894,J-008894,2025-01-05,payment,4717.58,check
INV-008894,J-008894,2025-04-09,refund,4573.62,card
INV-008895,J-008895,2024-12-06,payment,416.37,financing
INV-008896,J-008896,2024-12-22,payment,291.22,check
INV-008897,J-008897,2024-12-13,payment,962.96,card
INV-008898,J-008898,2024-12-10,payment,347.71,ach
INV-008899,J-008899,2024-12-09,payment,328.9,card
INV-008900,J-008900,2024-12-11,payment,435.37,card
INV-008901,J-008901,2024-12-15,payment,129.98,financing
INV-008902,J-008902,2024-12-20,payment,337.65,card
INV-008903,J-008903,2024-12-14,payment,2625.75,card
INV-008904,J-008904,2024-12-12,payment,232.4,ach
INV-008905,J-008905,2024-12-10,payment,653.99,card
INV-008906,J-008906,2024-12-13,payment,637.19,financing
INV-008907,J-008907,2024-12-09,payment,211.17,card
INV-008908,J-008908,2024-12-13,payment,435.64,ach
INV-008909,J-008909,2024-12-13,payment,713.65,card
INV-008910,J-008910,2024-12-12,payment,290.79,card
INV-008911,J-008911,2024-12-09,payment,248.03,ach
INV-008912,J-008912,2024-12-07,payment,620.07,card
INV-008913,J-008913,2024-12-11,payment,461.75,card
INV-008914,J-008914,2024-12-08,payment,399.33,ach
INV-008915,J-008915,2025-01-05,payment,378.37,financing
INV-008916,J-008916,2025-01-10,payment,351.87,card
INV-008917,J-008917,2024-12-10,payment,1112.82,card
INV-008918,J-008918,2024-12-14,payment,6399.31,card
INV-008919,J-008919,2025-02-08,payment,4209.85,financing
INV-008919,J-008919,2025-03-23,refund,3825.74,card
INV-008920,J-008920,2024-12-19,payment,6802.15,card
INV-008921,J-008921,2024-12-19,payment,225.83,check
INV-008922,J-008922,2024-12-06,payment,165.99,check
INV-008923,J-008923,2024-12-15,payment,1251.31,ach
INV-008924,J-008924,2024-12-14,payment,610.22,ach
INV-008925,J-008925,2024-12-12,payment,673.46,check
INV-008926,J-008926,2024-12-17,payment,200.25,ach
INV-008927,J-008927,2024-12-05,payment,163.03,card
INV-008928,J-008928,2024-12-23,payment,278.38,card
INV-008929,J-008929,2025-01-04,payment,375.21,card
INV-008930,J-008930,2025-01-01,payment,984.57,financing
INV-008931,J-008931,2024-12-20,payment,386.22,ach
INV-008932,J-008932,2024-12-19,payment,190.36,ach
INV-008933,J-008933,2025-01-04,payment,222.37,financing
INV-008934,J-008934,2024-12-29,payment,204.64,card
INV-008935,J-008935,2024-12-25,payment,194.04,card
INV-008936,J-008936,2024-12-28,payment,4058.63,card
INV-008937,J-008937,2024-12-09,payment,421.65,card
INV-008938,J-008938,2024-12-11,payment,441.22,card
INV-008939,J-008939,2024-12-14,payment,668.02,ach
INV-008940,J-008940,2024-12-11,payment,572.1,ach
INV-008941,J-008941,2024-12-16,payment,362.87,ach
INV-008942,J-008942,2024-12-17,payment,266.51,check
INV-008943,J-008943,2024-12-20,payment,600.79,card
INV-008944,J-008944,2024-12-12,payment,308.3,financing
INV-008945,J-008945,2024-12-16,payment,1031.75,card
INV-008946,J-008946,2024-12-17,payment,487.84,ach
INV-008947,J-008947,2024-12-14,payment,191.72,card
INV-008948,J-008948,2024-12-17,payment,261.92,card
INV-008949,J-008949,2024-12-19,payment,543.18,check
INV-008950,J-008950,2024-12-19,payment,1376.32,card
INV-008951,J-008951,2024-12-15,payment,584.52,financing
INV-008952,J-008952,2024-12-25,payment,199.78,ach
INV-008953,J-008953,2024-12-20,payment,810.35,card
INV-008954,J-008954,2024-12-21,payment,232.39,check
INV-008955,J-008955,2024-12-24,payment,228.76,ach
INV-008956,J-008956,2024-12-18,payment,171.18,financing
INV-008957,J-008957,2024-12-23,payment,271.62,card
INV-008958,J-008958,2024-12-19,payment,765.18,card
INV-008959,J-008959,2024-12-21,payment,358.59,card
INV-008959,J-008959,2025-02-02,refund,250.14,card
INV-008960,J-008960,2024-12-26,payment,236.18,check
INV-008961,J-008961,2024-12-19,payment,406.92,check
INV-008962,J-008962,2024-12-24,payment,418.59,ach
INV-008963,J-008963,2024-12-21,payment,281.19,ach
INV-008964,J-008964,2025-01-04,payment,386.2,ach
INV-008965,J-008965,2024-12-21,payment,4041.37,card
INV-008966,J-008966,2024-12-28,payment,576.36,check
INV-008967,J-008967,2024-12-20,payment,721.31,card
INV-008968,J-008968,2024-12-19,payment,274.2,check
INV-008969,J-008969,2024-12-19,payment,743.1,check
INV-008970,J-008970,2024-12-17,payment,2574.09,card
INV-008971,J-008971,2024-12-15,payment,532.65,card
INV-008972,J-008972,2024-12-23,payment,159.69,card
INV-008973,J-008973,2024-12-22,payment,567.45,ach
INV-008974,J-008974,2024-12-22,payment,169.38,financing
INV-008975,J-008975,2024-12-23,payment,349.34,card
INV-008976,J-008976,2024-12-19,payment,555.9,card
INV-008977,J-008977,2025-01-17,payment,451.18,ach
INV-008978,J-008978,2024-12-20,payment,483.92,check
INV-008979,J-008979,2024-12-21,payment,160.86,ach
INV-008980,J-008980,2024-12-21,payment,459.24,card
INV-008981,J-008981,2024-12-21,payment,296.48,financing
INV-008981,J-008981,2025-01-21,refund,207.85,card
INV-008982,J-008982,2024-12-20,payment,377.89,ach
INV-008983,J-008983,2024-12-17,payment,895.84,card
INV-008984,J-008984,2024-12-26,payment,163.52,financing
INV-008985,J-008985,2024-12-17,payment,707.72,card
INV-008986,J-008986,2024-12-22,payment,157.54,card
INV-008987,J-008987,2024-12-18,payment,216.02,financing
INV-008988,J-008988,2024-12-22,payment,354.91,card
INV-008989,J-008989,2024-12-20,payment,3757.66,card
INV-008990,J-008990,2024-12-23,payment,481.41,check
INV-008991,J-008991,2024-12-19,payment,306.07,card
INV-008992,J-008992,2024-12-23,payment,4577.33,card
INV-008992,J-008992,2025-01-10,chargeback,1857.03,card
INV-008993,J-008993,2025-01-13,payment,746.94,check
INV-008994,J-008994,2024-12-20,payment,418.25,check
INV-008995,J-008995,2024-12-28,payment,3939.16,card
INV-008996,J-008996,2025-07-16,payment,164.51,financing
INV-008997,J-008997,2025-03-15,payment,2916.68,ach
INV-008998,J-008998,2025-03-25,payment,150.92,ach
INV-008999,J-008999,2025-05-05,payment,3901.96,ach
INV-009000,J-009000,2025-01-20,payment,4919.54,ach
INV-009001,J-009001,2025-08-04,payment,3532.87,card
INV-009002,J-009002,2025-01-04,payment,262.38,financing
INV-009003,J-009003,2025-05-10,payment,4877.91,card
INV-009004,J-009004,2025-02-19,payment,5946.49,card
INV-009005,J-009005,2025-01-27,payment,4693.34,ach
INV-009006,J-009006,2024-12-23,payment,4919.39,card
INV-009007,J-009007,2024-12-28,payment,499.17,check
INV-009008,J-009008,2025-01-13,payment,4583.78,card
INV-009009,J-009009,2025-02-28,payment,763.32,card
INV-009010,J-009010,2025-01-04,payment,3942.58,financing
INV-009011,J-009011,2025-02-10,payment,4264.73,card
INV-009012,J-009012,2025-01-06,payment,302.27,ach
INV-009013,J-009013,2025-01-09,payment,2666.86,card
INV-009014,J-009014,2025-07-21,payment,202.39,ach
INV-009015,J-009015,2025-03-12,payment,3654.8,check
INV-009016,J-009016,2024-12-18,payment,362.34,financing
INV-009017,J-009017,2024-12-25,payment,207.29,ach
INV-009018,J-009018,2024-12-16,payment,397.01,card
INV-009019,J-009019,2024-12-17,payment,320.32,card
INV-009020,J-009020,2024-12-25,payment,281.64,check
INV-009021,J-009021,2024-12-17,payment,604.81,card
INV-009022,J-009022,2024-12-25,payment,152.43,ach
INV-009023,J-009023,2024-12-13,payment,306.96,card
INV-009024,J-009024,2024-12-16,payment,434.79,check
INV-009025,J-009025,2024-12-15,payment,514.06,card
INV-009026,J-009026,2024-12-21,payment,614.66,check
INV-009027,J-009027,2024-12-22,payment,403.17,financing
INV-009028,J-009028,2024-12-17,payment,204.09,financing
INV-009029,J-009029,2024-12-16,payment,218.65,card
INV-009030,J-009030,2024-12-20,payment,577.71,financing
INV-009031,J-009031,2024-12-17,payment,816.3,financing
INV-009032,J-009032,2024-12-22,payment,549.43,card
INV-009033,J-009033,2024-12-22,payment,627.0,ach
INV-009034,J-009034,2024-12-19,payment,432.82,card
INV-009035,J-009035,2024-12-20,payment,225.23,card
INV-009036,J-009036,2024-12-21,payment,181.68,check
INV-009037,J-009037,2024-12-15,payment,336.55,financing
INV-009038,J-009038,2024-12-13,payment,208.4,financing
INV-009039,J-009039,2024-12-19,payment,443.87,check
INV-009040,J-009040,2024-12-19,payment,188.29,card
INV-009041,J-009041,2024-12-27,payment,215.07,ach
INV-009042,J-009042,2024-12-17,payment,882.64,financing
INV-009043,J-009043,2025-01-04,payment,278.45,ach
INV-009044,J-009044,2024-12-17,payment,230.53,check
INV-009045,J-009045,2024-12-25,payment,649.71,card
INV-009046,J-009046,2024-12-16,payment,318.52,card
INV-009047,J-009047,2024-12-15,payment,4283.42,ach
INV-009047,J-009047,2025-01-05,chargeback,2073.1,card
INV-009048,J-009048,2024-12-17,payment,408.15,ach
INV-009049,J-009049,2024-12-14,payment,519.19,ach
INV-009050,J-009050,2024-12-18,payment,828.23,ach
INV-009051,J-009051,2024-12-27,payment,460.88,check
INV-009052,J-009052,2024-12-20,payment,258.02,card
INV-009053,J-009053,2024-12-26,payment,4259.26,check
INV-009054,J-009054,2024-12-27,payment,4205.06,check
INV-009054,J-009054,2025-02-26,refund,2754.65,card
INV-009055,J-009055,2024-12-27,payment,3355.04,card
INV-009056,J-009056,2024-12-29,payment,5880.13,financing
INV-009057,J-009057,2024-12-21,payment,5178.95,card
INV-009058,J-009058,2025-02-10,payment,4679.96,check
INV-009059,J-009059,2024-12-30,payment,3908.84,check
INV-009060,J-009060,2025-02-13,payment,6745.85,ach
INV-009061,J-009061,2024-12-26,payment,5460.92,check
INV-009062,J-009062,2024-12-16,payment,4166.16,financing
INV-009063,J-009063,2024-12-23,payment,205.85,check
INV-009064,J-009064,2024-12-22,payment,240.56,financing
INV-009065,J-009065,2025-01-04,payment,2483.49,financing
INV-009066,J-009066,2024-12-29,payment,274.44,financing
INV-009067,J-009067,2024-12-16,payment,202.77,ach
INV-009068,J-009068,2025-01-15,payment,388.36,financing
INV-009069,J-009069,2024-12-31,payment,450.1,card
INV-009070,J-009070,2025-01-10,payment,752.89,ach
INV-009071,J-009071,2024-12-31,payment,3436.85,card
INV-009072,J-009072,2025-02-09,payment,176.52,check
INV-009073,J-009073,2024-12-17,payment,500.31,card
INV-009074,J-009074,2024-12-20,payment,4842.9,card
INV-009075,J-009075,2024-12-29,payment,392.36,card
INV-009076,J-009076,2025-01-14,payment,452.94,financing
INV-009077,J-009077,2024-12-19,payment,350.41,check
INV-009078,J-009078,2024-12-16,payment,840.49,card
INV-009079,J-009079,2024-12-23,payment,4721.59,check
INV-009080,J-009080,2024-12-25,payment,416.66,financing
INV-009081,J-009081,2024-12-15,payment,746.73,check
INV-009082,J-009082,2025-01-01,payment,808.3,card
INV-009083,J-009083,2024-12-28,payment,369.47,check
INV-009084,J-009084,2024-12-23,payment,402.26,check
INV-009085,J-009085,2025-01-03,payment,196.23,check
INV-009086,J-009086,2024-12-17,payment,741.46,ach
INV-009087,J-009087,2024-12-22,payment,321.7,card
INV-009088,J-009088,2024-12-19,payment,517.47,check
INV-009089,J-009089,2024-12-17,payment,357.05,financing
INV-009090,J-009090,2024-12-23,payment,4019.9,check
INV-009091,J-009091,2024-12-19,payment,4136.03,check
INV-009092,J-009092,2024-12-18,payment,340.89,card
INV-009093,J-009093,2024-12-22,payment,316.46,card
INV-009094,J-009094,2024-12-24,payment,189.21,check
INV-009095,J-009095,2024-12-24,payment,424.79,card
INV-009096,J-009096,2025-01-04,payment,185.74,card
INV-009097,J-009097,2024-12-24,payment,4389.84,check
INV-009098,J-009098,2024-12-23,payment,500.93,financing
INV-009099,J-009099,2024-12-29,payment,332.04,ach
INV-009100,J-009100,2024-12-27,payment,330.75,card
INV-009101,J-009101,2024-12-26,payment,458.36,check
INV-009102,J-009102,2024-12-31,payment,215.77,financing
INV-009103,J-009103,2024-12-29,payment,626.24,ach
INV-009104,J-009104,2024-12-25,payment,510.79,financing
INV-009105,J-009105,2024-12-21,payment,314.75,check
INV-009106,J-009106,2024-12-31,payment,370.47,card
INV-009107,J-009107,2024-12-29,payment,161.18,ach
INV-009108,J-009108,2024-12-24,payment,4282.04,card
INV-009109,J-009109,2024-12-29,payment,215.98,check
INV-009110,J-009110,2025-01-06,payment,271.07,card
INV-009111,J-009111,2025-01-01,payment,200.87,financing
INV-009112,J-009112,2025-01-05,payment,453.83,financing
INV-009113,J-009113,2024-12-25,payment,300.44,card
INV-009114,J-009114,2024-12-25,payment,408.57,check
INV-009115,J-009115,2024-12-23,payment,326.72,financing
INV-009116,J-009116,2024-12-23,payment,458.34,check
INV-009117,J-009117,2024-12-29,payment,589.66,financing
INV-009118,J-009118,2024-12-28,payment,903.14,check
INV-009119,J-009119,2024-12-22,payment,537.4,card
INV-009120,J-009120,2024-12-28,payment,167.23,card
INV-009121,J-009121,2024-12-26,payment,3819.25,card
INV-009122,J-009122,2024-12-31,payment,832.1,check
INV-009123,J-009123,2024-12-25,payment,457.53,card
INV-009124,J-009124,2025-01-09,payment,281.78,financing
INV-009125,J-009125,2024-12-30,payment,272.63,card
INV-009126,J-009126,2024-12-31,payment,3717.71,ach
INV-009127,J-009127,2025-01-02,payment,830.85,check
INV-009128,J-009128,2024-12-30,payment,222.03,financing
INV-009128,J-009128,2025-02-27,refund,69.23,card
INV-009129,J-009129,2025-01-02,payment,756.92,card
INV-009130,J-009130,2024-12-22,payment,916.26,card
INV-009131,J-009131,2024-12-26,payment,159.0,ach
INV-009132,J-009132,2024-12-25,payment,297.27,card
INV-009133,J-009133,2025-01-01,payment,382.15,card
INV-009134,J-009134,2024-12-26,payment,754.53,card
INV-009135,J-009135,2025-01-01,payment,151.55,card
INV-009136,J-009136,2024-12-27,payment,200.21,check
INV-009137,J-009137,2024-12-29,payment,594.96,card
INV-009138,J-009138,2024-12-31,payment,3866.68,card
INV-009139,J-009139,2024-12-28,payment,313.85,financing
INV-009140,J-009140,2024-12-28,payment,423.31,check
INV-009141,J-009141,2025-01-02,payment,259.11,ach
INV-009142,J-009142,2024-12-26,payment,260.69,ach
INV-009143,J-009143,2024-12-23,payment,450.64,check
INV-009144,J-009144,2024-12-25,payment,256.96,ach
INV-009145,J-009145,2024-12-22,payment,160.88,card
INV-009146,J-009146,2025-01-17,payment,200.09,card
INV-009147,J-009147,2025-01-04,payment,271.77,financing
INV-009148,J-009148,2024-12-24,payment,572.0,card
INV-009149,J-009149,2025-01-03,payment,156.38,card
INV-009150,J-009150,2024-12-20,payment,135.2,card
INV-009151,J-009151,2024-12-26,payment,4810.19,financing
INV-009152,J-009152,2025-01-09,payment,276.42,ach
INV-009153,J-009153,2024-12-27,payment,1286.85,financing
INV-009154,J-009154,2024-12-25,payment,295.13,card
INV-009155,J-009155,2024-12-26,payment,239.42,ach
INV-009156,J-009156,2024-12-29,payment,638.3,financing
INV-009157,J-009157,2025-01-17,payment,185.85,check
INV-009158,J-009158,2024-12-28,payment,269.1,financing
INV-009159,J-009159,2025-01-01,payment,316.93,check
INV-009160,J-009160,2025-01-05,payment,455.53,check
INV-009161,J-009161,2024-12-29,payment,300.39,ach
INV-009162,J-009162,2025-02-04,payment,384.65,financing
INV-009163,J-009163,2025-02-03,payment,231.78,check
INV-009164,J-009164,2025-02-28,payment,6636.19,card
INV-009165,J-009165,2025-04-05,payment,156.75,card
INV-009166,J-009166,2025-02-01,payment,3859.69,card
INV-009167,J-009167,2025-01-13,payment,4058.4,financing
INV-009168,J-009168,2025-04-01,payment,297.94,financing
INV-009169,J-009169,2025-03-13,payment,4656.2,card
INV-009170,J-009170,2025-02-12,payment,306.97,card
INV-009171,J-009171,2025-01-30,payment,2050.17,card
INV-009171,J-009171,2025-04-04,refund,1594.88,card
INV-009172,J-009172,2025-01-12,payment,3259.56,card
INV-009173,J-009173,2024-12-30,payment,159.91,check
INV-009174,J-009174,2024-12-22,payment,457.31,card
INV-009175,J-009175,2024-12-23,payment,502.86,card
INV-009176,J-009176,2024-12-30,payment,296.46,financing
INV-009177,J-009177,2024-12-22,payment,862.38,card
INV-009178,J-009178,2024-12-26,payment,283.49,ach
INV-009179,J-009179,2024-12-23,payment,410.09,financing
INV-009180,J-009180,2024-12-24,payment,150.44,ach
INV-009181,J-009181,2024-12-23,payment,340.9,card
INV-009182,J-009182,2025-01-08,payment,1078.55,ach
INV-009182,J-009182,2025-01-28,chargeback,772.08,card
INV-009183,J-009183,2024-12-29,payment,331.83,financing
INV-009184,J-009184,2024-12-25,payment,816.81,check
INV-009185,J-009185,2024-12-27,payment,242.04,check
INV-009186,J-009186,2024-12-25,payment,385.77,ach
INV-009187,J-009187,2025-01-01,payment,365.11,financing
INV-009188,J-009188,2024-12-27,payment,346.52,check
INV-009189,J-009189,2025-01-02,payment,384.11,card
INV-009190,J-009190,2024-12-26,payment,361.81,card
INV-009191,J-009191,2024-12-24,payment,513.73,ach
INV-009192,J-009192,2024-12-28,payment,688.34,check
INV-009193,J-009193,2025-01-04,payment,181.27,financing
INV-009194,J-009194,2024-12-27,payment,318.2,check
INV-009195,J-009195,2024-12-24,payment,755.99,check
INV-009196,J-009196,2024-12-25,payment,551.43,ach
INV-009197,J-009197,2024-12-25,payment,400.84,financing
INV-009198,J-009198,2024-12-21,payment,536.55,check
INV-009199,J-009199,2025-01-17,payment,4833.41,financing
INV-009200,J-009200,2025-01-01,payment,545.3,financing
INV-009201,J-009201,2025-01-18,payment,4243.94,card
INV-009202,J-009202,2024-12-30,payment,4561.2,check
INV-009203,J-009203,2024-12-21,payment,432.9,financing
INV-009204,J-009204,2024-12-26,payment,3409.52,financing
INV-009205,J-009205,2025-02-19,payment,749.52,check
INV-009206,J-009206,2025-01-23,payment,3855.07,card
INV-009207,J-009207,2024-12-29,payment,192.29,card
INV-009208,J-009208,2024-12-27,payment,672.01,check
INV-009209,J-009209,2024-12-31,payment,273.54,financing
INV-009210,J-009210,2025-01-04,payment,364.6,financing
INV-009211,J-009211,2025-01-03,payment,380.32,financing
INV-009212,J-009212,2025-01-03,payment,3671.29,card
INV-009213,J-009213,2025-01-08,payment,215.04,card
INV-009214,J-009214,2025-01-18,payment,417.94,card
INV-009215,J-009215,2024-12-24,payment,232.85,financing
INV-009216,J-009216,2024-12-28,payment,430.85,financing
INV-009217,J-009217,2025-01-11,payment,514.28,ach
INV-009218,J-009218,2025-01-02,payment,169.12,check
INV-009219,J-009219,2024-12-23,payment,188.29,card
INV-009220,J-009220,2025-01-30,payment,237.16,card
INV-009221,J-009221,2024-12-25,payment,457.82,check
INV-009222,J-009222,2025-01-15,payment,248.77,card
INV-009223,J-009223,2025-01-04,payment,407.94,financing
INV-009224,J-009224,2024-12-22,payment,2460.12,card
INV-009225,J-009225,2024-12-27,payment,253.02,ach
INV-009226,J-009226,2024-12-28,payment,526.47,check
INV-009227,J-009227,2024-12-27,payment,608.53,ach
INV-009228,J-009228,2024-12-31,payment,2819.97,financing
INV-009229,J-009229,2025-01-02,payment,131.51,card
INV-009230,J-009230,2025-01-11,payment,3816.44,check
INV-009231,J-009231,2024-12-25,payment,448.22,card
INV-009232,J-009232,2025-01-14,payment,699.77,card
INV-009233,J-009233,2024-12-26,payment,210.29,card
INV-009234,J-009234,2024-12-26,payment,3395.05,card
INV-009235,J-009235,2024-12-29,payment,576.0,ach
INV-009236,J-009236,2024-12-27,payment,347.85,check
INV-009237,J-009237,2024-12-25,payment,223.02,financing
INV-009238,J-009238,2024-12-20,payment,265.62,card
INV-009239,J-009239,2024-12-23,payment,284.5,ach
INV-009240,J-009240,2024-12-21,payment,235.75,ach
INV-009241,J-009241,2024-12-29,payment,194.28,financing
INV-009242,J-009242,2025-01-01,payment,337.74,ach
INV-009243,J-009243,2025-01-08,payment,302.02,check
INV-009244,J-009244,2025-01-04,payment,166.64,card
INV-009245,J-009245,2025-01-02,payment,3223.64,ach
INV-009246,J-009246,2024-12-30,payment,288.35,check
INV-009247,J-009247,2024-12-28,payment,144.31,ach
INV-009248,J-009248,2025-01-31,payment,420.53,card
INV-009249,J-009249,2024-12-31,payment,815.14,ach
INV-009250,J-009250,2024-12-30,payment,416.8,check
INV-009251,J-009251,2025-01-08,payment,218.63,card
INV-009252,J-009252,2025-01-07,payment,547.32,card
INV-009252,J-009252,2025-02-07,refund,231.64,card
INV-009253,J-009253,2024-12-29,payment,229.06,card
INV-009254,J-009254,2025-01-09,payment,4435.93,ach
INV-009254,J-009254,2025-02-26,refund,1766.18,card
INV-009255,J-009255,2025-01-05,payment,302.95,card
INV-009256,J-009256,2025-01-04,payment,217.79,card
INV-009257,J-009257,2025-01-04,payment,199.49,check
INV-009258,J-009258,2024-12-27,payment,343.31,check
INV-009259,J-009259,2025-01-02,payment,209.51,check
INV-009260,J-009260,2025-02-02,payment,104.59,check
INV-009261,J-009261,2024-12-30,payment,307.67,check
INV-009262,J-009262,2025-01-01,payment,509.24,card
INV-009263,J-009263,2025-01-10,payment,592.6,ach
INV-009264,J-009264,2025-01-01,payment,540.49,ach
INV-009264,J-009264,2025-02-07,chargeback,447.29,card
INV-009265,J-009265,2025-01-01,payment,957.4,card
INV-009266,J-009266,2025-01-02,payment,423.91,ach
INV-009267,J-009267,2024-12-31,payment,735.05,check
INV-009268,J-009268,2025-01-07,payment,354.93,ach
INV-009269,J-009269,2025-01-02,payment,499.11,card
INV-009270,J-009270,2025-01-06,payment,221.57,financing
INV-009271,J-009271,2025-01-03,payment,449.96,card
INV-009272,J-009272,2024-12-28,payment,3138.42,card
INV-009273,J-009273,2024-12-30,payment,209.77,ach
INV-009274,J-009274,2025-01-02,payment,204.39,card
INV-009275,J-009275,2025-01-02,payment,368.24,check
INV-009276,J-009276,2025-01-16,payment,4342.68,financing
INV-009277,J-009277,2024-12-31,payment,728.7,card
INV-009278,J-009278,2024-12-27,payment,206.86,financing
INV-009279,J-009279,2025-01-10,payment,1066.31,ach
INV-009280,J-009280,2025-01-13,payment,733.04,check
INV-009281,J-009281,2025-01-03,payment,753.51,card
INV-009282,J-009282,2024-12-30,payment,644.8,card
INV-009283,J-009283,2025-01-01,payment,196.91,card
INV-009284,J-009284,2025-01-06,payment,354.46,card
INV-009285,J-009285,2025-01-06,payment,240.21,ach
INV-009286,J-009286,2025-01-05,payment,582.96,card
INV-009287,J-009287,2025-01-21,payment,476.61,card
INV-009288,J-009288,2025-01-04,payment,406.43,card
INV-009289,J-009289,2025-01-11,payment,225.67,card
INV-009290,J-009290,2025-01-03,payment,203.12,card
INV-009291,J-009291,2025-01-15,payment,4074.65,ach
INV-009292,J-009292,2025-01-03,payment,5376.31,ach
INV-009293,J-009293,2025-01-06,payment,201.17,ach
INV-009294,J-009294,2025-01-10,payment,3560.55,check
INV-009295,J-009295,2025-01-05,payment,1084.85,check
INV-009296,J-009296,2025-01-14,payment,309.6,financing
INV-009297,J-009297,2025-01-12,payment,3898.0,check
INV-009298,J-009298,2025-01-03,payment,177.58,card
INV-009299,J-009299,2025-01-10,payment,288.07,check
INV-009300,J-009300,2025-01-02,payment,135.62,ach
INV-009301,J-009301,2025-01-25,payment,200.59,financing
INV-009302,J-009302,2025-01-11,payment,279.81,card
INV-009303,J-009303,2025-04-01,payment,5297.02,check
INV-009304,J-009304,2025-01-13,payment,3656.32,card
INV-009305,J-009305,2025-04-18,payment,183.44,ach
INV-009306,J-009306,2025-01-15,payment,3682.16,ach
INV-009307,J-009307,2025-01-22,payment,3292.31,financing
INV-009308,J-009308,2025-03-08,payment,4684.79,financing
INV-009309,J-009309,2025-01-18,payment,349.27,card
INV-009310,J-009310,2025-01-26,payment,3878.99,financing
INV-009311,J-009311,2025-01-21,payment,370.33,check
INV-009312,J-009312,2025-04-01,payment,3030.28,check
INV-009313,J-009313,2025-02-02,payment,3310.56,ach
INV-009314,J-009314,2025-01-26,payment,183.19,ach
INV-009315,J-009315,2025-03-28,payment,6058.33,check
INV-009316,J-009316,2024-12-26,payment,223.71,financing
INV-009317,J-009317,2025-01-13,payment,288.14,financing
INV-009318,J-009318,2024-12-30,payment,358.06,ach
INV-009319,J-009319,2024-12-27,payment,360.52,card
INV-009320,J-009320,2025-01-04,payment,500.97,card
INV-009321,J-009321,2025-01-01,payment,254.73,financing
INV-009322,J-009322,2024-12-29,payment,541.08,card
INV-009323,J-009323,2024-12-29,payment,770.36,card
INV-009324,J-009324,2025-01-04,payment,561.67,card
INV-009325,J-009325,2024-12-29,payment,351.32,ach
INV-009326,J-009326,2025-01-01,payment,503.1,check
INV-009327,J-009327,2025-01-09,payment,354.48,financing
INV-009328,J-009328,2024-12-30,payment,726.1,check
INV-009329,J-009329,2025-01-04,payment,388.84,ach
INV-009330,J-009330,2025-01-01,payment,307.9,check
INV-009331,J-009331,2025-01-06,payment,304.61,card
INV-009332,J-009332,2024-12-27,payment,335.9,financing
INV-009333,J-009333,2025-01-06,payment,257.25,card
INV-009334,J-009334,2025-01-25,payment,642.24,ach
INV-009335,J-009335,2025-01-08,payment,5100.57,financing
INV-009336,J-009336,2025-01-05,payment,3943.27,check
INV-009337,J-009337,2025-02-10,payment,5277.88,ach
INV-009338,J-009338,2025-03-06,payment,3905.92,ach
INV-009339,J-009339,2025-02-07,payment,344.45,card
INV-009340,J-009340,2025-01-05,payment,450.95,financing
INV-009341,J-009341,2025-01-13,payment,308.53,check
INV-009342,J-009342,2025-01-01,payment,89.06,financing
INV-009342,J-009342,2025-02-12,refund,56.9,card
INV-009343,J-009343,2025-01-12,payment,633.59,card
INV-009344,J-009344,2024-12-31,payment,505.11,card
INV-009345,J-009345,2025-01-10,payment,618.6,financing
INV-009346,J-009346,2024-12-31,payment,176.21,financing
INV-009347,J-009347,2025-01-02,payment,244.43,card
INV-009348,J-009348,2025-01-02,payment,177.1,card
INV-009349,J-009349,2025-01-17,payment,205.77,check
INV-009350,J-009350,2025-01-06,payment,377.02,ach
INV-009351,J-009351,2025-01-07,payment,232.16,check
INV-009352,J-009352,2025-01-07,payment,211.84,card
INV-009353,J-009353,2025-01-08,payment,356.49,card
INV-009354,J-009354,2025-01-01,payment,542.81,ach
INV-009355,J-009355,2025-01-16,payment,214.46,card
INV-009356,J-009356,2025-01-06,payment,3642.9,card
INV-009357,J-009357,2025-01-06,payment,193.5,check
INV-009358,J-009358,2025-01-23,payment,477.25,check
INV-009359,J-009359,2024-12-30,payment,454.74,card
INV-009360,J-009360,2025-01-18,payment,5421.31,ach
INV-009361,J-009361,2025-01-19,payment,575.25,card
INV-009362,J-009362,2024-12-28,payment,368.48,card
INV-009363,J-009363,2025-01-03,payment,200.16,check
INV-009364,J-009364,2025-01-06,payment,684.98,card
INV-009365,J-009365,2025-01-03,payment,209.44,card
INV-009366,J-009366,2025-01-04,payment,338.46,financing
INV-009367,J-009367,2025-01-05,payment,688.1,ach
INV-009368,J-009368,2025-01-14,payment,423.01,financing
INV-009369,J-009369,2024-12-30,payment,598.64,check
INV-009370,J-009370,2025-01-08,payment,441.9,ach
INV-009371,J-009371,2025-01-15,payment,173.34,card
INV-009371,J-009371,2025-04-02,refund,93.24,card
INV-009372,J-009372,2025-01-01,payment,120.55,financing
INV-009373,J-009373,2025-01-14,payment,185.42,card
INV-009374,J-009374,2025-01-11,payment,5906.04,ach
INV-009375,J-009375,2025-01-09,payment,498.22,card
INV-009376,J-009376,2025-01-14,payment,247.34,check
INV-009377,J-009377,2025-01-16,payment,413.58,card
INV-009378,J-009378,2025-01-05,payment,705.0,financing
INV-009379,J-009379,2025-01-07,payment,215.72,card
INV-009380,J-009380,2025-01-07,payment,463.21,ach
INV-009381,J-009381,2025-01-18,payment,4655.16,card
INV-009382,J-009382,2025-01-10,payment,219.89,card
INV-009383,J-009383,2025-01-07,payment,259.7,card
INV-009384,J-009384,2025-01-05,payment,262.61,card
INV-009385,J-009385,2025-01-15,payment,6409.78,card
INV-009386,J-009386,2025-01-11,payment,946.82,financing
INV-009387,J-009387,2025-01-07,payment,4239.74,ach
INV-009388,J-009388,2025-01-06,payment,266.64,check
INV-009389,J-009389,2025-01-10,payment,719.61,card
INV-009390,J-009390,2025-01-14,payment,253.28,check
INV-009391,J-009391,2025-01-27,payment,384.98,financing
INV-009392,J-009392,2025-01-10,payment,326.91,ach
INV-009393,J-009393,2025-01-02,payment,3872.76,card
INV-009394,J-009394,2025-01-12,payment,232.84,card
INV-009395,J-009395,2025-01-21,payment,681.2,financing
INV-009396,J-009396,2025-01-12,payment,270.57,card
INV-009397,J-009397,2025-01-07,payment,259.07,financing
INV-009398,J-009398,2025-01-17,payment,516.54,check
INV-009399,J-009399,2025-01-08,payment,275.09,financing
INV-009400,J-009400,2025-01-17,payment,2987.1,card
INV-009401,J-009401,2025-01-14,payment,259.89,card
INV-009402,J-009402,2025-01-10,payment,298.71,financing
INV-009403,J-009403,2025-01-06,payment,1110.91,card
INV-009404,J-009404,2025-01-07,payment,190.47,financing
INV-009405,J-009405,2025-01-22,payment,251.5,financing
INV-009406,J-009406,2025-01-12,payment,181.26,check
INV-009407,J-009407,2025-01-20,payment,518.4,ach
INV-009408,J-009408,2025-01-09,payment,494.46,check
INV-009409,J-009409,2025-01-07,payment,798.42,financing
INV-009410,J-009410,2025-01-05,payment,4061.97,ach
INV-009411,J-009411,2025-01-12,payment,289.17,card
INV-009412,J-009412,2025-01-12,payment,234.88,check
INV-009413,J-009413,2025-01-07,payment,328.15,card
INV-009414,J-009414,2025-01-17,payment,272.05,financing
INV-009415,J-009415,2025-01-16,payment,775.84,financing
INV-009416,J-009416,2025-01-22,payment,253.71,card
INV-009417,J-009417,2025-01-16,payment,324.89,financing
INV-009418,J-009418,2025-01-18,payment,567.5,card
INV-009419,J-009419,2025-01-11,payment,280.52,check
INV-009420,J-009420,2025-01-07,payment,6132.3,card
INV-009421,J-009421,2025-01-11,payment,347.27,card
INV-009422,J-009422,2025-01-17,payment,5214.71,card
INV-009423,J-009423,2025-01-07,payment,6204.04,financing
INV-009424,J-009424,2025-01-12,payment,498.34,card
INV-009425,J-009425,2025-01-22,payment,205.33,ach
INV-009426,J-009426,2025-01-07,payment,492.4,ach
INV-009427,J-009427,2025-01-09,payment,3692.57,card
INV-009428,J-009428,2025-01-05,payment,335.14,card
INV-009429,J-009429,2025-01-09,payment,395.48,financing
INV-009430,J-009430,2025-01-29,payment,240.35,card
INV-009431,J-009431,2025-01-20,payment,6603.04,card
INV-009432,J-009432,2025-01-21,payment,394.46,financing
INV-009433,J-009433,2025-01-08,payment,7431.53,check
INV-009434,J-009434,2025-01-09,payment,189.38,card
INV-009435,J-009435,2025-01-27,payment,123.77,card
INV-009436,J-009436,2025-01-16,payment,144.79,ach
INV-009437,J-009437,2025-03-26,payment,3516.35,check
INV-009438,J-009438,2025-05-27,payment,4394.03,card
INV-009438,J-009438,2025-07-05,refund,2888.12,card
INV-009439,J-009439,2025-06-04,payment,4106.67,check
INV-009440,J-009440,2025-07-02,payment,4257.69,card
INV-009441,J-009441,2025-02-20,payment,4722.22,card
INV-009442,J-009442,2025-02-24,payment,658.69,card
INV-009443,J-009443,2025-02-02,payment,4252.15,financing
INV-009444,J-009444,2025-03-16,payment,3073.53,check
INV-009445,J-009445,2025-02-17,payment,197.74,card
INV-009446,J-009446,2025-01-23,payment,167.71,card
INV-009447,J-009447,2025-01-25,payment,362.07,check
INV-009448,J-009448,2025-01-24,payment,4100.05,financing
INV-009449,J-009449,2025-01-21,payment,4947.59,financing
INV-009450,J-009450,2025-01-08,payment,464.83,check
INV-009451,J-009451,2025-01-07,payment,229.86,card
INV-009452,J-009452,2025-01-02,payment,3196.93,card
INV-009453,J-009453,2025-01-04,payment,481.57,check
INV-009454,J-009454,2025-01-09,payment,165.15,card
INV-009455,J-009455,2025-01-11,payment,350.65,card
INV-009456,J-009456,2025-01-06,payment,555.25,card
INV-009457,J-009457,2025-02-07,payment,397.15,financing
INV-009458,J-009458,2025-01-13,payment,552.53,financing
INV-009459,J-009459,2025-01-11,payment,254.63,ach
INV-009460,J-009460,2025-01-10,payment,713.11,check
INV-009461,J-009461,2025-01-13,payment,518.55,ach
INV-009462,J-009462,2025-01-09,payment,279.55,card
INV-009463,J-009463,2025-01-09,payment,215.58,check
INV-009464,J-009464,2025-01-04,payment,533.47,check
INV-009465,J-009465,2025-01-08,payment,365.83,ach
INV-009466,J-009466,2025-01-13,payment,530.79,card
INV-009467,J-009467,2025-01-08,payment,325.38,card
INV-009468,J-009468,2025-01-11,payment,406.53,ach
INV-009469,J-009469,2025-01-07,payment,392.74,ach
INV-009470,J-009470,2025-01-08,payment,227.78,check
INV-009471,J-009471,2025-01-07,payment,421.28,financing
INV-009472,J-009472,2025-01-08,payment,591.79,financing
INV-009473,J-009473,2025-01-12,payment,632.86,card
INV-009474,J-009474,2025-01-07,payment,259.6,card
INV-009475,J-009475,2025-01-16,payment,340.42,ach
INV-009476,J-009476,2025-01-13,payment,397.87,check
INV-009477,J-009477,2025-01-08,payment,458.35,check
INV-009478,J-009478,2025-01-10,payment,262.29,card
INV-009479,J-009479,2025-01-08,payment,261.24,card
INV-009480,J-009480,2025-01-11,payment,426.67,card
INV-009481,J-009481,2025-01-06,payment,183.73,ach
INV-009482,J-009482,2025-01-11,payment,380.66,ach
INV-009483,J-009483,2025-01-08,payment,264.8,check
INV-009484,J-009484,2025-01-05,payment,415.5,card
INV-009485,J-009485,2025-01-09,payment,518.86,card
INV-009486,J-009486,2025-01-06,payment,512.12,card
INV-009487,J-009487,2025-01-07,payment,501.88,card
INV-009488,J-009488,2025-01-05,payment,902.08,ach
INV-009489,J-009489,2025-01-09,payment,309.77,card
INV-009490,J-009490,2025-01-10,payment,464.06,card
INV-009491,J-009491,2025-01-05,payment,237.87,card
INV-009492,J-009492,2025-01-11,payment,503.59,check
INV-009493,J-009493,2025-01-12,payment,430.06,card
INV-009494,J-009494,2025-01-21,payment,356.35,ach
INV-009495,J-009495,2025-01-07,payment,3031.28,card
INV-009495,J-009495,2025-03-03,refund,1363.52,card
INV-009496,J-009496,2025-01-23,payment,7595.49,card
INV-009497,J-009497,2025-01-23,payment,4556.91,ach
INV-009498,J-009498,2025-01-18,payment,678.93,financing
INV-009499,J-009499,2025-01-25,payment,3164.38,card
INV-009500,J-009500,2025-01-16,payment,344.73,card
INV-009501,J-009501,2025-01-16,payment,5690.36,financing
INV-009502,J-009502,2025-01-17,payment,3524.68,financing
INV-009503,J-009503,2025-02-08,payment,281.07,card
INV-009504,J-009504,2025-01-15,payment,782.41,financing
INV-009505,J-009505,2025-01-12,payment,306.87,financing
INV-009506,J-009506,2025-01-14,payment,556.08,ach
INV-009507,J-009507,2025-01-26,payment,386.53,card
INV-009508,J-009508,2025-01-09,payment,188.07,card
INV-009509,J-009509,2025-01-19,payment,477.92,ach
INV-009510,J-009510,2025-01-10,payment,651.28,card
INV-009511,J-009511,2025-01-07,payment,3529.58,financing
INV-009512,J-009512,2025-01-17,payment,469.24,check
INV-009513,J-009513,2025-01-10,payment,419.94,card
INV-009514,J-009514,2025-01-19,payment,4003.14,check
INV-009515,J-009515,2025-01-09,payment,206.68,card
INV-009516,J-009516,2025-01-10,payment,217.22,ach
INV-009517,J-009517,2025-01-17,payment,244.57,check
INV-009518,J-009518,2025-01-19,payment,3408.06,check
INV-009518,J-009518,2025-03-23,refund,2509.28,card
INV-009519,J-009519,2025-01-12,payment,3754.36,financing
INV-009520,J-009520,2025-01-17,payment,330.05,card
INV-009521,J-009521,2025-01-24,payment,196.63,card
INV-009522,J-009522,2025-01-13,payment,2988.85,check
INV-009523,J-009523,2025-01-11,payment,3896.43,check
INV-009524,J-009524,2025-01-09,payment,131.33,check
INV-009525,J-009525,2025-01-14,payment,193.84,check
INV-009526,J-009526,2025-01-21,payment,435.16,card
INV-009527,J-009527,2025-01-11,payment,595.21,financing
INV-009527,J-009527,2025-02-07,refund,475.04,card
INV-009528,J-009528,2025-01-07,payment,199.2,card
INV-009529,J-009529,2025-01-20,payment,364.19,card
INV-009530,J-009530,2025-01-06,payment,155.41,check
INV-009531,J-009531,2025-01-23,payment,164.39,card
INV-009532,J-009532,2025-01-30,payment,436.44,card
INV-009533,J-009533,2025-01-18,payment,152.74,card
INV-009534,J-009534,2025-01-14,payment,235.02,financing
INV-009535,J-009535,2025-01-12,payment,271.44,financing
INV-009536,J-009536,2025-01-23,payment,780.44,card
INV-009537,J-009537,2025-01-23,payment,234.57,financing
INV-009538,J-009538,2025-01-15,payment,403.74,card
INV-009539,J-009539,2025-01-13,payment,150.09,ach
INV-009540,J-009540,2025-01-16,payment,317.86,card
INV-009541,J-009541,2025-01-18,payment,432.31,check
INV-009542,J-009542,2025-01-21,payment,368.94,check
INV-009543,J-009543,2025-01-12,payment,246.98,card
INV-009544,J-009544,2025-01-21,payment,474.73,ach
INV-009545,J-009545,2025-01-21,payment,772.08,financing
INV-009546,J-009546,2025-01-18,payment,221.48,card
INV-009547,J-009547,2025-01-17,payment,291.13,card
INV-009548,J-009548,2025-01-13,payment,200.13,card
INV-009549,J-009549,2025-01-17,payment,521.07,financing
INV-009550,J-009550,2025-01-17,payment,404.62,card
INV-009551,J-009551,2025-01-24,payment,255.55,card
INV-009552,J-009552,2025-01-22,payment,486.97,ach
INV-009553,J-009553,2025-01-28,payment,281.23,financing
INV-009554,J-009554,2025-01-19,payment,353.24,card
INV-009555,J-009555,2025-01-20,payment,245.52,check
INV-009556,J-009556,2025-01-19,payment,317.5,financing
INV-009557,J-009557,2025-01-15,payment,295.85,card
INV-009558,J-009558,2025-01-26,payment,903.75,card
INV-009559,J-009559,2025-01-23,payment,214.0,ach
INV-009560,J-009560,2025-01-15,payment,355.16,financing
INV-009561,J-009561,2025-01-18,payment,245.87,check
INV-009562,J-009562,2025-01-15,payment,142.23,financing
INV-009563,J-009563,2025-01-10,payment,183.6,card
INV-009564,J-009564,2025-01-20,payment,571.73,card
INV-009565,J-009565,2025-01-14,payment,377.36,financing
INV-009566,J-009566,2025-01-26,payment,238.73,financing
INV-009567,J-009567,2025-01-16,payment,244.27,ach
INV-009568,J-009568,2025-01-21,payment,241.51,check
INV-009569,J-009569,2025-01-18,payment,186.81,financing
INV-009570,J-009570,2025-01-18,payment,4258.04,card
INV-009571,J-009571,2025-01-20,payment,436.3,check
INV-009572,J-009572,2025-01-16,payment,305.79,ach
INV-009573,J-009573,2025-01-12,payment,196.09,check
INV-009574,J-009574,2025-01-24,payment,271.82,card
INV-009575,J-009575,2025-01-17,payment,408.93,ach
INV-009576,J-009576,2025-01-25,payment,285.26,ach
INV-009577,J-009577,2025-01-20,payment,646.83,ach
INV-009578,J-009578,2025-01-20,payment,649.74,ach
INV-009579,J-009579,2025-01-14,payment,2282.2,financing
INV-009580,J-009580,2025-01-19,payment,175.09,card
INV-009581,J-009581,2025-01-16,payment,644.69,check
INV-009582,J-009582,2025-01-12,payment,170.54,ach
INV-009583,J-009583,2025-01-22,payment,220.09,card
INV-009584,J-009584,2025-01-19,payment,172.73,card
INV-009585,J-009585,2025-01-14,payment,3336.59,card
INV-009586,J-009586,2025-01-15,payment,255.16,check
INV-009587,J-009587,2025-01-17,payment,273.77,card
INV-009588,J-009588,2025-01-26,payment,371.1,financing
INV-009589,J-009589,2025-01-21,payment,154.58,ach
INV-009590,J-009590,2025-01-18,payment,5603.81,card
INV-009591,J-009591,2025-01-14,payment,3164.42,ach
INV-009592,J-009592,2025-01-23,payment,4234.25,card
INV-009593,J-009593,2025-02-16,payment,227.68,check
INV-009594,J-009594,2025-02-16,payment,255.56,check
INV-009595,J-009595,2025-01-26,payment,4455.99,check
INV-009595,J-009595,2025-02-08,refund,2032.68,card
INV-009596,J-009596,2025-02-09,payment,3024.51,ach
INV-009597,J-009597,2025-01-26,payment,4946.45,ach
INV-009598,J-009598,2025-01-23,payment,181.86,card
INV-009599,J-009599,2025-01-18,payment,173.41,card
INV-009600,J-009600,2025-01-18,payment,8593.67,check
INV-009601,J-009601,2025-01-22,payment,244.89,card
INV-009602,J-009602,2025-02-15,payment,219.36,check
INV-009603,J-009603,2025-01-28,payment,101.97,ach
INV-009604,J-009604,2025-02-05,payment,2805.85,financing
INV-009605,J-009605,2025-01-19,payment,5017.48,check
INV-009606,J-009606,2025-03-29,payment,156.83,card
INV-009607,J-009607,2025-01-22,payment,4545.91,financing
INV-009608,J-009608,2025-02-19,payment,2903.83,card
INV-009609,J-009609,2025-01-24,payment,998.06,financing
INV-009610,J-009610,2025-01-11,payment,194.63,check
INV-009611,J-009611,2025-01-19,payment,439.54,financing
INV-009612,J-009612,2025-01-14,payment,294.9,check
INV-009613,J-009613,2025-01-18,payment,175.15,card
INV-009614,J-009614,2025-01-17,payment,3018.11,check
INV-009615,J-009615,2025-01-19,payment,425.75,ach
INV-009616,J-009616,2025-01-22,payment,327.11,check
INV-009617,J-009617,2025-01-10,payment,653.95,card
INV-009618,J-009618,2025-01-13,payment,182.29,ach
INV-009619,J-009619,2025-01-10,payment,318.16,ach
INV-009620,J-009620,2025-01-13,payment,705.99,check
INV-009621,J-009621,2025-01-18,payment,426.15,card
INV-009622,J-009622,2025-01-16,payment,198.36,ach
INV-009623,J-009623,2025-01-14,payment,1250.48,check
INV-009624,J-009624,2025-01-20,payment,802.24,ach
INV-009625,J-009625,2025-01-15,payment,257.36,card
INV-009626,J-009626,2025-01-12,payment,483.05,ach
INV-009627,J-009627,2025-01-12,payment,196.55,card
INV-009628,J-009628,2025-01-16,payment,624.56,card
INV-009629,J-009629,2025-01-22,payment,349.94,ach
INV-009630,J-009630,2025-01-13,payment,513.69,ach
INV-009631,J-009631,2025-01-19,payment,337.67,check
INV-009632,J-009632,2025-01-18,payment,441.01,financing
INV-009633,J-009633,2025-01-14,payment,761.09,card
INV-009634,J-009634,2025-01-20,payment,775.27,ach
INV-009635,J-009635,2025-01-22,payment,194.16,card
INV-009636,J-009636,2025-01-14,payment,264.43,ach
INV-009637,J-009637,2025-01-12,payment,727.41,card
INV-009638,J-009638,2025-01-14,payment,524.96,card
INV-009639,J-009639,2025-01-13,payment,356.46,card
INV-009640,J-009640,2025-01-24,payment,5144.79,card
INV-009641,J-009641,2025-02-05,payment,286.68,check
INV-009642,J-009642,2025-01-26,payment,563.51,ach
INV-009643,J-009643,2025-01-30,payment,537.4,card
INV-009644,J-009644,2025-02-02,payment,2923.8,card
INV-009645,J-009645,2025-02-27,payment,228.91,ach
INV-009646,J-009646,2025-01-26,payment,263.71,check
INV-009647,J-009647,2025-01-20,payment,485.03,check
INV-009648,J-009648,2025-01-19,payment,247.32,check
INV-009649,J-009649,2025-01-21,payment,650.16,ach
INV-009650,J-009650,2025-01-12,payment,164.13,ach
INV-009651,J-009651,2025-01-26,payment,350.27,card
INV-009652,J-009652,2025-01-26,payment,450.77,card
INV-009653,J-009653,2025-01-23,payment,320.17,card
INV-009654,J-009654,2025-01-26,payment,328.56,ach
INV-009655,J-009655,2025-01-19,payment,367.35,card
INV-009656,J-009656,2025-01-24,payment,192.9,check
INV-009657,J-009657,2025-01-15,payment,341.52,financing
INV-009658,J-009658,2025-01-25,payment,4114.18,card
INV-009658,J-009658,2025-03-20,chargeback,3740.17,card
INV-009659,J-009659,2025-01-19,payment,515.96,card
INV-009660,J-009660,2025-01-30,payment,6166.28,financing
INV-009661,J-009661,2025-01-19,payment,323.44,card
INV-009662,J-009662,2025-01-16,payment,409.3,financing
INV-009663,J-009663,2025-01-19,payment,140.53,financing
INV-009664,J-009664,2025-01-24,payment,4247.31,card
INV-009665,J-009665,2025-01-09,payment,541.85,card
INV-009665,J-009665,2025-02-07,refund,279.57,card
INV-009666,J-009666,2025-01-24,payment,3887.86,check
INV-009667,J-009667,2025-01-14,payment,4049.77,card
INV-009668,J-009668,2025-01-19,payment,3515.49,ach
INV-009669,J-009669,2025-01-21,payment,738.55,check
INV-009670,J-009670,2025-01-21,payment,176.27,card
INV-009671,J-009671,2025-01-18,payment,444.49,card
INV-009672,J-009672,2025-01-26,payment,5544.67,card
INV-009673,J-009673,2025-01-20,payment,4053.77,card
INV-009674,J-009674,2025-01-31,payment,178.31,ach
INV-009675,J-009675,2025-01-24,payment,367.26,card
INV-009675,J-009675,2025-04-26,refund,275.82,card
INV-009676,J-009676,2025-01-15,payment,167.72,ach
INV-009677,J-009677,2025-01-20,payment,151.64,card
INV-009678,J-009678,2025-02-04,payment,149.78,financing
INV-009679,J-009679,2025-01-23,payment,338.28,card
INV-009679,J-009679,2025-02-26,refund,241.16,card
INV-009680,J-009680,2025-01-21,payment,206.21,financing
INV-009681,J-009681,2025-01-31,payment,231.4,card
INV-009682,J-009682,2025-01-18,payment,559.87,card
INV-009683,J-009683,2025-01-17,payment,229.43,card
INV-009684,J-009684,2025-01-30,payment,4967.68,ach
INV-009685,J-009685,2025-01-15,payment,6083.76,ach
INV-009686,J-009686,2025-01-18,payment,559.68,financing
INV-009687,J-009687,2025-01-25,payment,499.52,card
INV-009688,J-009688,2025-01-24,payment,253.99,card
INV-009689,J-009689,2025-02-01,payment,327.04,card
INV-009690,J-009690,2025-01-23,payment,3154.24,financing
INV-009691,J-009691,2025-01-31,payment,306.67,card
INV-009692,J-009692,2025-02-05,payment,256.85,check
INV-009693,J-009693,2025-02-03,payment,465.49,card
INV-009694,J-009694,2025-01-22,payment,602.58,ach
INV-009695,J-009695,2025-01-23,payment,256.62,check
INV-009696,J-009696,2025-01-22,payment,361.7,ach
INV-009697,J-009697,2025-02-01,payment,319.09,financing
INV-009698,J-009698,2025-01-17,payment,138.96,ach
INV-009699,J-009699,2025-01-28,payment,525.95,financing
INV-009700,J-009700,2025-01-24,payment,696.64,ach
INV-009701,J-009701,2025-01-20,payment,358.03,check
INV-009702,J-009702,2025-01-21,payment,3930.13,check
INV-009703,J-009703,2025-01-21,payment,388.05,card
INV-009704,J-009704,2025-01-27,payment,430.7,financing
INV-009705,J-009705,2025-01-22,payment,559.01,ach
INV-009706,J-009706,2025-02-03,payment,503.2,financing
INV-009707,J-009707,2025-01-26,payment,652.97,financing
INV-009708,J-009708,2025-01-24,payment,368.98,ach
INV-009709,J-009709,2025-01-23,payment,729.12,ach
INV-009710,J-009710,2025-01-17,payment,193.61,check
INV-009711,J-009711,2025-01-18,payment,289.51,check
INV-009712,J-009712,2025-02-04,payment,529.42,card
INV-009713,J-009713,2025-01-28,payment,315.02,financing
INV-009714,J-009714,2025-01-22,payment,375.42,financing
INV-009715,J-009715,2025-01-23,payment,306.61,card
INV-009716,J-009716,2025-01-30,payment,461.62,financing
INV-009717,J-009717,2025-01-26,payment,183.47,card
INV-009718,J-009718,2025-01-29,payment,204.67,check
INV-009719,J-009719,2025-01-17,payment,1095.06,financing
INV-009720,J-009720,2025-01-28,payment,166.7,card
INV-009721,J-009721,2025-01-22,payment,287.9,ach
INV-009722,J-009722,2025-01-28,payment,4096.24,financing
INV-009723,J-009723,2025-01-25,payment,270.69,financing
INV-009724,J-009724,2025-01-20,payment,479.8,financing
INV-009725,J-009725,2025-01-31,payment,1179.07,check
INV-009726,J-009726,2025-01-25,payment,468.72,card
INV-009727,J-009727,2025-01-26,payment,169.71,financing
INV-009728,J-009728,2025-01-19,payment,191.26,card
INV-009729,J-009729,2025-01-24,payment,300.84,check
INV-009730,J-009730,2025-01-31,payment,3767.33,card
INV-009731,J-009731,2025-01-23,payment,217.56,card
INV-009732,J-009732,2025-02-10,payment,295.09,ach
INV-009733,J-009733,2025-01-18,payment,754.51,financing
INV-009734,J-009734,2025-01-18,payment,410.16,card
INV-009735,J-009735,2025-01-26,payment,136.88,card
INV-009736,J-009736,2025-01-23,payment,173.49,ach
INV-009737,J-009737,2025-02-13,payment,4288.58,card
INV-009738,J-009738,2025-02-01,payment,142.53,check
INV-009739,J-009739,2025-02-15,payment,360.73,card
INV-009740,J-009740,2025-02-10,payment,925.69,financing
INV-009741,J-009741,2025-01-29,payment,603.66,card
INV-009742,J-009742,2025-02-11,payment,639.54,ach
INV-009743,J-009743,2025-04-09,payment,665.18,card
INV-009744,J-009744,2025-02-06,payment,134.96,check
INV-009745,J-009745,2025-02-07,payment,286.32,card
INV-009746,J-009746,2025-05-30,payment,247.88,card
INV-009747,J-009747,2025-02-16,payment,4525.06,ach
INV-009748,J-009748,2025-04-23,payment,4840.56,card
INV-009749,J-009749,2025-03-06,payment,2170.74,financing
INV-009750,J-009750,2025-03-21,payment,6177.78,ach
INV-009750,J-009750,2025-05-19,chargeback,5381.44,card
INV-009751,J-009751,2025-02-17,payment,191.63,ach
INV-009752,J-009752,2025-01-24,payment,216.84,card
INV-009753,J-009753,2025-01-23,payment,482.45,card
INV-009754,J-009754,2025-01-19,payment,500.59,card
INV-009755,J-009755,2025-01-22,payment,320.47,card
INV-009756,J-009756,2025-01-19,payment,572.53,financing
INV-009757,J-009757,2025-01-28,payment,244.6,check
INV-009758,J-009758,2025-01-20,payment,526.55,check
INV-009759,J-009759,2025-01-24,payment,144.89,card
INV-009760,J-009760,2025-01-22,payment,616.07,ach
INV-009761,J-009761,2025-01-18,payment,311.23,check
INV-009762,J-009762,2025-01-19,payment,581.78,card
INV-009763,J-009763,2025-01-18,payment,565.34,card
INV-009764,J-009764,2025-01-16,payment,606.23,card
INV-009765,J-009765,2025-01-21,payment,518.07,financing
INV-009766,J-009766,2025-01-16,payment,754.47,financing
INV-009767,J-009767,2025-01-21,payment,422.47,check
INV-009768,J-009768,2025-01-17,payment,586.14,card
INV-009769,J-009769,2025-01-20,payment,359.25,card
INV-009770,J-009770,2025-01-28,payment,251.92,check
INV-009771,J-009771,2025-02-03,payment,980.49,financing
INV-009772,J-009772,2025-01-25,payment,328.29,card
INV-009773,J-009773,2025-01-26,payment,612.21,ach
INV-009774,J-009774,2025-02-10,payment,351.45,financing
INV-009775,J-009775,2025-01-21,payment,412.81,card
INV-009776,J-009776,2025-01-19,payment,422.12,check
INV-009777,J-009777,2025-01-23,payment,181.68,card
INV-009778,J-009778,2025-01-26,payment,618.38,financing
INV-009779,J-009779,2025-01-25,payment,446.08,financing
INV-009780,J-009780,2025-01-25,payment,449.86,card
INV-009781,J-009781,2025-01-18,payment,315.29,card
INV-009782,J-009782,2025-01-23,payment,693.88,check
INV-009783,J-009783,2025-01-25,payment,269.52,check
INV-009784,J-009784,2025-01-26,payment,777.38,check
INV-009785,J-009785,2025-01-22,payment,412.77,financing
INV-009786,J-009786,2025-01-21,payment,476.3,card
INV-009787,J-009787,2025-01-29,payment,674.3,card
INV-009788,J-009788,2025-01-28,payment,223.09,card
INV-009789,J-009789,2025-01-21,payment,196.2,ach
INV-009789,J-009789,2025-02-25,refund,160.92,card
INV-009790,J-009790,2025-01-20,payment,690.9,financing
INV-009791,J-009791,2025-01-27,payment,198.44,card
INV-009792,J-009792,2025-01-31,payment,407.74,card
INV-009793,J-009793,2025-01-20,payment,224.91,financing
INV-009794,J-009794,2025-03-06,payment,169.63,card
INV-009795,J-009795,2025-02-11,payment,3828.36,ach
INV-009796,J-009796,2025-02-11,payment,151.95,card
INV-009797,J-009797,2025-02-18,payment,474.48,check
INV-009798,J-009798,2025-01-31,payment,344.93,check
INV-009799,J-009799,2025-02-01,payment,4111.7,financing
INV-009800,J-009800,2025-01-23,payment,4500.97,ach
INV-009801,J-009801,2025-01-31,payment,172.01,financing
INV-009802,J-009802,2025-02-05,payment,185.58,card
INV-009803,J-009803,2025-01-25,payment,1193.05,card
INV-009804,J-009804,2025-03-27,payment,197.25,card
INV-009805,J-009805,2025-01-29,payment,319.64,card
INV-009806,J-009806,2025-01-22,payment,4094.62,check
INV-009807,J-009807,2025-02-02,payment,137.88,card
INV-009808,J-009808,2025-02-03,payment,225.51,card
INV-009809,J-009809,2025-01-24,payment,372.17,card
INV-009810,J-009810,2025-01-26,payment,275.85,financing
INV-009810,J-009810,2025-02-28,refund,108.2,card
INV-009811,J-009811,2025-01-30,payment,305.47,card
INV-009812,J-009812,2025-02-12,payment,3343.72,ach
INV-009813,J-009813,2025-01-20,payment,476.24,check
INV-009814,J-009814,2025-01-28,payment,311.49,card
INV-009815,J-009815,2025-01-24,payment,372.99,card
INV-009816,J-009816,2025-02-10,payment,297.41,card
INV-009817,J-009817,2025-02-09,payment,335.44,check
INV-009818,J-009818,2025-02-07,payment,4217.29,card
INV-009819,J-009819,2025-02-02,payment,617.11,card
INV-009820,J-009820,2025-02-03,payment,259.46,financing
INV-009821,J-009821,2025-01-21,payment,171.57,check
INV-009822,J-009822,2025-01-25,payment,470.74,card
INV-009823,J-009823,2025-01-19,payment,171.26,card
INV-009824,J-009824,2025-01-29,payment,166.37,card
INV-009825,J-009825,2025-02-05,payment,408.13,card
INV-009826,J-009826,2025-03-21,payment,199.45,card
INV-009827,J-009827,2025-02-03,payment,367.65,financing
INV-009828,J-009828,2025-01-22,payment,253.32,ach
INV-009829,J-009829,2025-01-21,payment,305.04,card
INV-009830,J-009830,2025-01-25,payment,673.86,check
INV-009831,J-009831,2025-01-26,payment,4856.34,card
INV-009831,J-009831,2025-03-05,refund,1810.76,card
INV-009832,J-009832,2025-01-24,payment,201.94,financing
INV-009833,J-009833,2025-02-04,payment,4248.43,card
INV-009834,J-009834,2025-01-26,payment,488.23,financing
INV-009835,J-009835,2025-02-01,payment,239.78,card
INV-009836,J-009836,2025-02-09,payment,139.08,card
INV-009837,J-009837,2025-01-26,payment,209.36,card
INV-009838,J-009838,2025-02-12,payment,421.68,card
INV-009839,J-009839,2025-03-01,payment,553.96,ach
INV-009840,J-009840,2025-01-24,payment,411.29,card
INV-009841,J-009841,2025-02-08,payment,186.78,check
INV-009842,J-009842,2025-01-30,payment,3859.44,financing
INV-009843,J-009843,2025-02-02,payment,606.74,check
INV-009844,J-009844,2025-01-30,payment,240.81,ach
INV-009845,J-009845,2025-01-28,payment,133.8,check
INV-009846,J-009846,2025-01-26,payment,386.7,check
INV-009847,J-009847,2025-02-20,payment,324.13,check
INV-009848,J-009848,2025-01-30,payment,267.91,financing
INV-009848,J-009848,2025-05-16,chargeback,95.12,card
INV-009849,J-009849,2025-01-28,payment,336.46,ach
INV-009850,J-009850,2025-01-30,payment,4568.13,check
INV-009851,J-009851,2025-02-03,payment,305.38,card
INV-009852,J-009852,2025-02-02,payment,205.57,card
INV-009852,J-009852,2025-03-05,refund,156.67,card
INV-009853,J-009853,2025-02-14,payment,280.06,card
INV-009854,J-009854,2025-01-29,payment,572.14,card
INV-009855,J-009855,2025-01-27,payment,881.14,card
INV-009856,J-009856,2025-02-01,payment,769.24,check
INV-009857,J-009857,2025-01-30,payment,186.64,ach
INV-009858,J-009858,2025-02-12,payment,222.41,card
INV-009859,J-009859,2025-02-06,payment,322.89,card
INV-009860,J-009860,2025-01-28,payment,375.06,check
INV-009861,J-009861,2025-01-31,payment,209.82,ach
INV-009862,J-009862,2025-02-01,payment,224.95,financing
INV-009863,J-009863,2025-02-02,payment,4818.16,ach
INV-009863,J-009863,2025-03-17,refund,4796.37,card
INV-009864,J-009864,2025-01-27,payment,507.94,card
INV-009865,J-009865,2025-01-26,payment,132.82,card
INV-009866,J-009866,2025-01-29,payment,308.84,check
INV-009867,J-009867,2025-01-27,payment,181.8,financing
INV-009868,J-009868,2025-01-26,payment,7245.79,ach
INV-009869,J-009869,2025-01-31,payment,333.6,card
INV-009870,J-009870,2025-02-02,payment,203.5,card
INV-009871,J-009871,2025-02-06,payment,515.38,financing
INV-009872,J-009872,2025-02-03,payment,121.98,check
INV-009873,J-009873,2025-02-16,payment,481.22,ach
INV-009874,J-009874,2025-02-10,payment,311.06,card
INV-009875,J-009875,2025-02-10,payment,233.97,card
INV-009876,J-009876,2025-02-01,payment,475.77,financing
INV-009877,J-009877,2025-01-30,payment,744.05,card
INV-009878,J-009878,2025-01-28,payment,4283.45,ach
INV-009879,J-009879,2025-02-02,payment,196.06,card
INV-009880,J-009880,2025-02-04,payment,296.05,card
INV-009881,J-009881,2025-01-29,payment,472.96,check
INV-009882,J-009882,2025-01-26,payment,170.12,check
INV-009883,J-009883,2025-02-08,payment,319.04,ach
INV-009884,J-009884,2025-02-07,payment,420.33,check
INV-009885,J-009885,2025-02-01,payment,3189.04,card
INV-009886,J-009886,2025-02-02,payment,201.82,card
INV-009887,J-009887,2025-02-02,payment,579.4,financing
INV-009888,J-009888,2025-02-09,payment,147.3,ach
INV-009889,J-009889,2025-02-08,payment,204.15,ach
INV-009890,J-009890,2025-01-28,payment,1238.43,financing
INV-009891,J-009891,2025-01-27,payment,382.28,card
INV-009892,J-009892,2025-01-27,payment,150.18,check
INV-009893,J-009893,2025-01-30,payment,136.69,ach
INV-009894,J-009894,2025-02-02,payment,219.8,check
INV-009895,J-009895,2025-01-31,payment,251.18,card
INV-009896,J-009896,2025-02-09,payment,626.27,financing
INV-009897,J-009897,2025-01-30,payment,4307.49,ach
INV-009898,J-009898,2025-01-31,payment,221.72,card
INV-009899,J-009899,2025-01-29,payment,278.71,check
INV-009900,J-009900,2025-01-30,payment,4688.13,card
INV-009901,J-009901,2025-01-29,payment,487.76,ach
INV-009902,J-009902,2025-02-05,payment,388.91,card
INV-009903,J-009903,2025-02-04,payment,543.53,card
INV-009904,J-009904,2025-02-08,payment,344.89,card
INV-009905,J-009905,2025-02-02,payment,3792.55,check
INV-009906,J-009906,2025-02-18,payment,3322.16,card
INV-009907,J-009907,2025-01-29,payment,3828.7,card
INV-009908,J-009908,2025-02-10,payment,5635.77,check
INV-009909,J-009909,2025-02-27,payment,271.11,financing
INV-009910,J-009910,2025-02-21,payment,641.89,ach
INV-009911,J-009911,2025-01-31,payment,254.74,check
INV-009912,J-009912,2025-01-30,payment,556.62,check
INV-009913,J-009913,2025-01-29,payment,624.88,financing
INV-009914,J-009914,2025-02-04,payment,3720.94,financing
INV-009915,J-009915,2025-02-06,payment,4476.2,ach
INV-009916,J-009916,2025-01-27,payment,6194.89,card
INV-009917,J-009917,2025-01-29,payment,3020.74,financing
INV-009918,J-009918,2025-02-02,payment,338.15,card
INV-009919,J-009919,2025-02-05,payment,275.15,financing
INV-009920,J-009920,2025-02-03,payment,289.41,check
INV-009921,J-009921,2025-03-09,payment,3771.02,financing
INV-009922,J-009922,2025-02-14,payment,3766.28,check
INV-009923,J-009923,2025-04-18,payment,2771.26,card
INV-009924,J-009924,2025-03-22,payment,3906.2,financing
INV-009925,J-009925,2025-02-21,payment,3730.12,financing
INV-009926,J-009926,2025-02-14,payment,548.16,card
INV-009927,J-009927,2025-04-29,payment,148.99,ach
INV-009928,J-009928,2025-03-08,payment,4420.2,card
INV-009929,J-009929,2025-03-02,payment,5978.43,card
INV-009930,J-009930,2025-08-02,payment,4739.28,check
INV-009931,J-009931,2025-03-17,payment,4521.67,card
INV-009932,J-009932,2025-01-28,payment,207.09,ach
INV-009933,J-009933,2025-01-29,payment,558.93,check
INV-009934,J-009934,2025-01-27,payment,270.15,card
INV-009935,J-009935,2025-02-01,payment,278.54,ach
INV-009936,J-009936,2025-01-25,payment,411.94,check
INV-009937,J-009937,2025-02-02,payment,214.09,check
INV-009938,J-009938,2025-01-24,payment,488.02,card
INV-009939,J-009939,2025-01-29,payment,135.58,ach
INV-009940,J-009940,2025-01-31,payment,515.4,financing
INV-009941,J-009941,2025-02-03,payment,223.94,ach
INV-009942,J-009942,2025-02-05,payment,4508.47,card
INV-009943,J-009943,2025-01-27,payment,236.1,card
INV-009944,J-009944,2025-02-03,payment,541.89,ach
INV-009945,J-009945,2025-02-01,payment,307.77,ach
INV-009946,J-009946,2025-01-31,payment,278.26,financing
INV-009947,J-009947,2025-01-24,payment,309.75,card
INV-009948,J-009948,2025-01-26,payment,4022.46,check
INV-009949,J-009949,2025-02-01,payment,389.88,ach
INV-009950,J-009950,2025-02-09,payment,199.54,card
INV-009951,J-009951,2025-01-25,payment,505.19,ach
INV-009952,J-009952,2025-01-27,payment,4039.04,card
INV-009953,J-009953,2025-01-28,payment,436.32,card
INV-009954,J-009954,2025-01-28,payment,343.91,financing
INV-009955,J-009955,2025-01-28,payment,281.89,financing
INV-009956,J-009956,2025-02-02,payment,263.92,check
INV-009957,J-009957,2025-02-03,payment,219.07,card
INV-009958,J-009958,2025-01-30,payment,366.47,ach
INV-009959,J-009959,2025-02-01,payment,204.72,card
INV-009960,J-009960,2025-01-27,payment,437.66,check
INV-009961,J-009961,2025-01-29,payment,216.93,check
INV-009962,J-009962,2025-01-28,payment,362.58,financing
INV-009963,J-009963,2025-01-28,payment,731.67,ach
INV-009964,J-009964,2025-02-04,payment,454.57,ach
INV-009965,J-009965,2025-01-25,payment,199.66,ach
INV-009965,J-009965,2025-05-11,refund,144.83,card
INV-009966,J-009966,2025-02-03,payment,510.43,card
INV-009967,J-009967,2025-02-08,payment,204.43,ach
INV-009968,J-009968,2025-01-31,payment,725.53,ach
INV-009969,J-009969,2025-01-26,payment,473.65,card
INV-009970,J-009970,2025-02-07,payment,6953.51,card
INV-009971,J-009971,2025-02-12,payment,252.98,ach
INV-009972,J-009972,2025-02-12,payment,232.5,check
INV-009973,J-009973,2025-02-03,payment,3231.62,card
INV-009974,J-009974,2025-02-20,payment,299.03,card
INV-009975,J-009975,2025-02-04,payment,3526.18,card
INV-009976,J-009976,2025-01-30,payment,3861.25,card
INV-009977,J-009977,2025-02-11,payment,163.51,card
INV-009978,J-009978,2025-02-03,payment,814.93,card
INV-009979,J-009979,2025-01-31,payment,298.47,ach
INV-009980,J-009980,2025-02-01,payment,243.43,check
INV-009981,J-009981,2025-01-24,payment,195.71,ach
INV-009982,J-009982,2025-01-27,payment,5739.8,financing
INV-009983,J-009983,2025-02-01,payment,263.39,ach
INV-009984,J-009984,2025-01-25,payment,735.22,ach
INV-009985,J-009985,2025-02-09,payment,642.5,card
INV-009986,J-009986,2025-03-16,payment,4048.01,check
INV-009987,J-009987,2025-02-13,payment,271.4,financing
INV-009988,J-009988,2025-02-10,payment,290.96,ach
INV-009989,J-009989,2025-02-26,payment,183.4,card
INV-009990,J-009990,2025-01-28,payment,430.04,financing
INV-009991,J-009991,2025-02-24,payment,3471.96,ach
INV-009992,J-009992,2025-02-01,payment,609.21,check
INV-009993,J-009993,2025-02-23,payment,382.72,ach
INV-009994,J-009994,2025-02-02,payment,138.29,card
INV-009995,J-009995,2025-02-03,payment,840.04,card
INV-009996,J-009996,2025-02-01,payment,184.14,card
INV-009997,J-009997,2025-02-04,payment,244.4,financing
INV-009998,J-009998,2025-02-03,payment,236.87,financing
INV-009999,J-009999,2025-02-03,payment,159.63,financing
INV-010000,J-010000,2025-02-02,payment,620.31,card
INV-010001,J-010001,2025-02-06,payment,315.99,ach
INV-010002,J-010002,2025-02-05,payment,414.98,ach
INV-010003,J-010003,2025-02-01,payment,275.77,card
INV-010004,J-010004,2025-02-08,payment,164.71,ach
INV-010005,J-010005,2025-02-12,payment,712.07,financing
INV-010006,J-010006,2025-02-03,payment,437.44,ach
INV-010007,J-010007,2025-02-01,payment,1311.68,financing
INV-010008,J-010008,2025-02-12,payment,408.72,card
INV-010009,J-010009,2025-03-16,payment,326.96,check
INV-010010,J-010010,2025-02-05,payment,718.54,ach
INV-010011,J-010011,2025-02-17,payment,462.96,check
INV-010011,J-010011,2025-07-06,refund,306.34,card
INV-010012,J-010012,2025-01-31,payment,536.18,check
INV-010013,J-010013,2025-02-11,payment,419.64,card
INV-010014,J-010014,2025-02-04,payment,238.65,card
INV-010015,J-010015,2025-02-05,payment,4260.11,card
INV-010016,J-010016,2025-02-05,payment,227.39,ach
INV-010017,J-010017,2025-02-11,payment,611.6,card
INV-010018,J-010018,2025-02-10,payment,282.13,financing
INV-010019,J-010019,2025-02-03,payment,252.67,financing
INV-010020,J-010020,2025-02-10,payment,617.78,card
INV-010021,J-010021,2025-02-10,payment,294.88,check
INV-010022,J-010022,2025-02-07,payment,285.3,card
INV-010023,J-010023,2025-02-03,payment,661.29,financing
INV-010024,J-010024,2025-02-02,payment,2517.11,ach
INV-010025,J-010025,2025-02-10,payment,333.79,financing
INV-010026,J-010026,2025-02-10,payment,167.94,card
INV-010027,J-010027,2025-02-13,payment,502.87,check
INV-010028,J-010028,2025-02-01,payment,814.09,card
INV-010029,J-010029,2025-02-10,payment,345.49,financing
INV-010030,J-010030,2025-02-08,payment,551.09,ach
INV-010031,J-010031,2025-02-10,payment,799.22,financing
INV-010032,J-010032,2025-02-03,payment,499.41,card
INV-010033,J-010033,2025-02-07,payment,302.38,card
INV-010034,J-010034,2025-02-19,payment,370.03,card
INV-010034,J-010034,2025-03-06,chargeback,316.02,card
INV-010035,J-010035,2025-02-10,payment,869.83,check
INV-010035,J-010035,2025-04-15,refund,629.81,card
INV-010036,J-010036,2025-02-10,payment,475.69,card
INV-010037,J-010037,2025-02-16,payment,124.5,card
INV-010038,J-010038,2025-02-10,payment,147.95,financing
INV-010039,J-010039,2025-02-08,payment,310.52,card
INV-010040,J-010040,2025-02-11,payment,191.65,card
INV-010041,J-010041,2025-02-20,payment,3927.25,financing
INV-010042,J-010042,2025-02-16,payment,3321.11,check
INV-010043,J-010043,2025-02-13,payment,202.99,card
INV-010044,J-010044,2025-02-16,payment,300.91,check
INV-010045,J-010045,2025-03-22,payment,207.31,card
INV-010046,J-010046,2025-02-09,payment,2996.66,card
INV-010047,J-010047,2025-02-14,payment,184.04,ach
INV-010048,J-010048,2025-02-15,payment,3326.83,financing
INV-010049,J-010049,2025-02-11,payment,3934.02,ach
INV-010050,J-010050,2025-02-06,payment,896.74,card
INV-010051,J-010051,2025-02-11,payment,205.27,ach
INV-010052,J-010052,2025-02-07,payment,5404.59,financing
INV-010053,J-010053,2025-02-15,payment,3510.12,financing
INV-010054,J-010054,2025-03-03,payment,419.79,card
INV-010055,J-010055,2025-02-11,payment,396.41,card
INV-010056,J-010056,2025-02-02,payment,4833.09,card
INV-010057,J-010057,2025-02-15,payment,197.32,check
INV-010058,J-010058,2025-03-11,payment,451.87,financing
INV-010059,J-010059,2025-04-13,payment,4553.15,check
INV-010060,J-010060,2025-02-22,payment,4737.96,card
INV-010061,J-010061,2025-03-09,payment,7652.37,ach
INV-010062,J-010062,2025-04-27,payment,6273.54,financing
INV-010063,J-010063,2025-02-17,payment,4451.37,financing
INV-010064,J-010064,2025-03-27,payment,2707.29,ach
INV-010065,J-010065,2025-02-25,payment,5462.76,ach
INV-010066,J-010066,2025-07-15,payment,4657.51,card
INV-010067,J-010067,2025-03-18,payment,446.07,ach
INV-010068,J-010068,2025-02-10,payment,3656.91,card
INV-010069,J-010069,2025-03-23,payment,192.79,check
INV-010070,J-010070,2025-02-17,payment,264.67,card
INV-010071,J-010071,2025-02-08,payment,329.99,card
INV-010072,J-010072,2025-02-02,payment,343.92,card
INV-010073,J-010073,2025-02-03,payment,284.61,check
INV-010074,J-010074,2025-02-02,payment,267.07,card
INV-010075,J-010075,2025-02-10,payment,393.95,financing
INV-010076,J-010076,2025-02-06,payment,436.86,check
INV-010077,J-010077,2025-02-08,payment,173.73,card
INV-010078,J-010078,2025-02-02,payment,249.15,ach
INV-010079,J-010079,2025-02-06,payment,4247.56,card
INV-010080,J-010080,2025-02-08,payment,916.24,card
INV-010081,J-010081,2025-02-12,payment,444.56,card
INV-010082,J-010082,2025-02-04,payment,712.57,ach
INV-010083,J-010083,2025-02-02,payment,216.23,ach
INV-010084,J-010084,2025-02-10,payment,294.82,ach
INV-010085,J-010085,2025-02-04,payment,190.45,card
INV-010086,J-010086,2025-01-31,payment,598.43,check
INV-010087,J-010087,2025-02-09,payment,2850.21,card
INV-010088,J-010088,2025-02-03,payment,361.48,card
INV-010089,J-010089,2025-02-06,payment,861.5,card
INV-010090,J-010090,2025-02-06,payment,363.74,card
INV-010091,J-010091,2025-02-22,payment,372.03,ach
INV-010092,J-010092,2025-02-11,payment,515.08,card
INV-010093,J-010093,2025-02-06,payment,462.37,card
INV-010094,J-010094,2025-02-05,payment,396.53,card
INV-010095,J-010095,2025-02-12,payment,544.51,financing
INV-010096,J-010096,2025-02-02,payment,384.88,ach
INV-010097,J-010097,2025-02-10,payment,670.35,ach
INV-010098,J-010098,2025-01-29,payment,364.79,check
INV-010098,J-010098,2025-02-17,refund,123.47,card
INV-010099,J-010099,2025-02-05,payment,202.01,card
INV-010100,J-010100,2025-02-07,payment,312.25,card
INV-010101,J-010101,2025-02-14,payment,436.85,card
INV-010102,J-010102,2025-02-07,payment,4121.91,financing
INV-010103,J-010103,2025-02-01,payment,990.27,financing
INV-010104,J-010104,2025-02-04,payment,661.24,card
INV-010105,J-010105,2025-02-05,payment,234.21,check
INV-010106,J-010106,2025-02-07,payment,354.12,financing
INV-010107,J-010107,2025-02-05,payment,467.56,financing
INV-010108,J-010108,2025-02-16,payment,186.23,financing
INV-010109,J-010109,2025-02-11,payment,4786.21,ach
INV-010110,J-010110,2025-03-03,payment,188.04,card
INV-010111,J-010111,2025-02-24,payment,402.99,check
INV-010112,J-010112,2025-02-12,payment,548.19,card
INV-010113,J-010113,2025-02-13,payment,210.15,check
INV-010114,J-010114,2025-02-09,payment,211.27,ach
INV-010115,J-010115,2025-02-04,payment,4253.63,card
INV-010115,J-010115,2025-03-27,refund,2099.19,card
INV-010116,J-010116,2025-02-05,payment,410.96,ach
INV-010116,J-010116,2025-03-27,refund,368.76,card
INV-010117,J-010117,2025-02-20,payment,6723.78,financing
INV-010118,J-010118,2025-02-06,payment,599.08,ach
INV-010119,J-010119,2025-02-09,payment,4790.0,card
INV-010120,J-010120,2025-02-05,payment,1148.72,check
INV-010121,J-010121,2025-02-05,payment,352.47,card
INV-010122,J-010122,2025-02-04,payment,3266.67,card
INV-010123,J-010123,2025-02-09,payment,501.33,financing
INV-010124,J-010124,2025-02-08,payment,578.5,check
INV-010125,J-010125,2025-02-09,payment,431.8,financing
INV-010126,J-010126,2025-02-14,payment,3718.59,financing
INV-010127,J-010127,2025-02-11,payment,181.96,financing
INV-010128,J-010128,2025-02-03,payment,164.71,financing
INV-010129,J-010129,2025-02-13,payment,426.71,check
INV-010130,J-010130,2025-02-03,payment,196.55,card
INV-010130,J-010130,2025-05-29,refund,124.19,card
INV-010131,J-010131,2025-02-13,payment,421.58,card
INV-010132,J-010132,2025-02-01,payment,391.45,card
INV-010133,J-010133,2025-02-10,payment,327.51,financing
INV-010133,J-010133,2025-03-29,chargeback,246.54,card
INV-010134,J-010134,2025-02-04,payment,6697.32,card
INV-010135,J-010135,2025-02-12,payment,467.02,card
INV-010136,J-010136,2025-02-03,payment,247.93,ach
INV-010137,J-010137,2025-02-12,payment,156.18,ach
INV-010138,J-010138,2025-02-08,payment,136.11,card
INV-010139,J-010139,2025-02-09,payment,119.42,card
INV-010140,J-010140,2025-02-11,payment,140.83,financing
INV-010141,J-010141,2025-02-11,payment,2510.02,ach
INV-010142,J-010142,2025-02-06,payment,1351.26,card
INV-010143,J-010143,2025-02-06,payment,3232.17,card
INV-010144,J-010144,2025-03-05,payment,414.01,card
INV-010145,J-010145,2025-02-25,payment,390.22,card
INV-010146,J-010146,2025-02-08,payment,183.83,card
INV-010147,J-010147,2025-02-03,payment,4331.95,card
INV-010148,J-010148,2025-02-12,payment,633.2,financing
INV-010149,J-010149,2025-02-10,payment,4254.47,card
INV-010150,J-010150,2025-02-10,payment,283.77,check
INV-010151,J-010151,2025-02-25,payment,321.93,check
INV-010152,J-010152,2025-02-14,payment,456.52,card
INV-010153,J-010153,2025-02-23,payment,374.39,ach
INV-010154,J-010154,2025-02-19,payment,360.33,card
INV-010155,J-010155,2025-02-13,payment,254.64,card
INV-010156,J-010156,2025-02-16,payment,375.57,ach
INV-010157,J-010157,2025-02-17,payment,4644.64,card
INV-010158,J-010158,2025-02-14,payment,497.65,card
INV-010159,J-010159,2025-02-15,payment,514.14,ach
INV-010160,J-010160,2025-02-14,payment,625.9,card
INV-010161,J-010161,2025-02-13,payment,249.42,financing
INV-010162,J-010162,2025-02-10,payment,367.53,check
INV-010163,J-010163,2025-02-13,payment,3255.95,card
INV-010164,J-010164,2025-02-13,payment,370.12,card
INV-010165,J-010165,2025-02-14,payment,270.76,card
INV-010166,J-010166,2025-02-10,payment,4243.65,check
INV-010167,J-010167,2025-02-18,payment,196.62,check
INV-010168,J-010168,2025-02-11,payment,278.98,ach
INV-010169,J-010169,2025-02-13,payment,603.59,financing
INV-010170,J-010170,2025-02-16,payment,319.79,financing
INV-010171,J-010171,2025-02-13,payment,3150.69,card
INV-010172,J-010172,2025-03-04,payment,390.69,check
INV-010173,J-010173,2025-02-07,payment,466.62,card
INV-010174,J-010174,2025-02-09,payment,4397.61,check
INV-010175,J-010175,2025-02-20,payment,2081.12,card
INV-010176,J-010176,2025-02-10,payment,160.94,check
INV-010177,J-010177,2025-02-21,payment,135.56,check
INV-010178,J-010178,2025-02-09,payment,223.2,card
INV-010179,J-010179,2025-02-11,payment,293.79,card
INV-010180,J-010180,2025-02-14,payment,281.94,check
INV-010181,J-010181,2025-02-16,payment,453.43,financing
INV-010182,J-010182,2025-02-09,payment,226.12,card
INV-010183,J-010183,2025-02-18,payment,582.97,card
INV-010184,J-010184,2025-02-21,payment,871.68,check
INV-010185,J-010185,2025-02-13,payment,273.16,check
INV-010186,J-010186,2025-02-18,payment,477.27,card
INV-010187,J-010187,2025-02-17,payment,6166.38,card
INV-010188,J-010188,2025-02-13,payment,3978.55,card
INV-010189,J-010189,2025-02-15,payment,500.76,financing
INV-010190,J-010190,2025-02-23,payment,191.11,card
INV-010191,J-010191,2025-02-19,payment,195.34,financing
INV-010192,J-010192,2025-02-16,payment,222.7,card
INV-010193,J-010193,2025-02-14,payment,625.37,ach
INV-010194,J-010194,2025-02-20,payment,405.03,check
INV-010195,J-010195,2025-02-20,payment,5953.12,financing
INV-010196,J-010196,2025-02-16,payment,727.15,ach
INV-010197,J-010197,2025-02-15,payment,229.04,card
INV-010198,J-010198,2025-02-18,payment,4090.54,financing
INV-010199,J-010199,2025-02-24,payment,3214.59,financing
INV-010200,J-010200,2025-02-25,payment,402.29,card
INV-010201,J-010201,2025-02-09,payment,327.14,card
INV-010202,J-010202,2025-02-12,payment,2644.22,card
INV-010203,J-010203,2025-02-18,payment,4383.59,card
INV-010204,J-010204,2025-03-03,payment,5164.78,check
INV-010205,J-010205,2025-05-08,payment,3429.0,card
INV-010205,J-010205,2025-07-12,chargeback,2147.83,card
INV-010206,J-010206,2025-03-31,payment,4267.51,check
INV-010207,J-010207,2025-03-03,payment,3496.49,financing
INV-010208,J-010208,2025-04-18,payment,244.21,ach
INV-010209,J-010209,2025-04-08,payment,248.64,ach
INV-010210,J-010210,2025-03-30,payment,4082.4,card
INV-010210,J-010210,2025-08-19,refund,2964.46,card
INV-010211,J-010211,2025-03-31,payment,467.36,card
INV-010212,J-010212,2025-04-01,payment,4303.65,check
INV-010213,J-010213,2025-02-18,payment,159.91,check
INV-010214,J-010214,2025-07-27,payment,3726.38,ach
INV-010215,J-010215,2025-03-19,payment,4342.79,card
INV-010216,J-010216,2025-02-17,payment,132.95,card
INV-010217,J-010217,2025-02-17,payment,379.35,card
INV-010218,J-010218,2025-02-19,payment,582.99,financing
INV-010219,J-010219,2025-02-05,payment,250.69,card
INV-010219,J-010219,2025-03-08,refund,127.28,card
INV-010220,J-010220,2025-02-12,payment,507.19,check
INV-010221,J-010221,2025-02-22,payment,386.72,ach
INV-010222,J-010222,2025-02-09,payment,414.42,ach
INV-010223,J-010223,2025-02-15,payment,246.13,card
INV-010224,J-010224,2025-02-14,payment,649.46,card
INV-010225,J-010225,2025-02-18,payment,944.42,ach
INV-010226,J-010226,2025-02-11,payment,470.6,card
INV-010227,J-010227,2025-02-14,payment,500.24,ach
INV-010228,J-010228,2025-02-10,payment,189.05,ach
INV-010229,J-010229,2025-02-10,payment,164.29,card
INV-010230,J-010230,2025-02-13,payment,461.13,financing
INV-010231,J-010231,2025-02-12,payment,301.26,check
INV-010232,J-010232,2025-02-06,payment,354.87,ach
INV-010233,J-010233,2025-02-13,payment,400.67,ach
INV-010234,J-010234,2025-02-15,payment,707.75,financing
INV-010235,J-010235,2025-02-19,payment,268.29,card
INV-010236,J-010236,2025-02-10,payment,377.74,card
INV-010237,J-010237,2025-02-16,payment,2706.56,financing
INV-010238,J-010238,2025-02-11,payment,190.41,card
INV-010239,J-010239,2025-02-09,payment,420.54,check
INV-010240,J-010240,2025-02-09,payment,577.28,card
INV-010241,J-010241,2025-02-09,payment,690.78,check
INV-010242,J-010242,2025-02-13,payment,341.49,card
INV-010243,J-010243,2025-02-13,payment,292.07,card
INV-010244,J-010244,2025-02-09,payment,263.92,card
INV-010245,J-010245,2025-02-11,payment,216.33,card
INV-010246,J-010246,2025-02-20,payment,609.67,financing
INV-010247,J-010247,2025-02-07,payment,166.8,card
INV-010248,J-010248,2025-02-15,payment,552.38,check
INV-010249,J-010249,2025-02-27,payment,142.74,ach
INV-010250,J-010250,2025-03-03,payment,5011.83,financing
INV-010251,J-010251,2025-02-19,payment,3815.49,card
INV-010252,J-010252,2025-02-18,payment,4393.08,financing
INV-010253,J-010253,2025-02-20,payment,553.11,financing
INV-010254,J-010254,2025-02-26,payment,871.15,ach
INV-010255,J-010255,2025-02-17,payment,257.36,check
INV-010256,J-010256,2025-02-27,payment,3147.28,check
INV-010257,J-010257,2025-02-24,payment,679.94,card
INV-010258,J-010258,2025-02-13,payment,150.26,check
INV-010259,J-010259,2025-02-10,payment,788.37,check
INV-010260,J-010260,2025-02-16,payment,301.12,ach
INV-010261,J-010261,2025-02-27,payment,519.11,financing
INV-010262,J-010262,2025-02-12,payment,241.47,check
INV-010263,J-010263,2025-02-18,payment,206.3,ach
INV-010264,J-010264,2025-02-15,payment,582.89,card
INV-010265,J-010265,2025-02-14,payment,3844.61,check
INV-010266,J-010266,2025-02-15,payment,203.47,check
INV-010267,J-010267,2025-02-13,payment,4140.76,check
INV-010267,J-010267,2025-03-21,refund,3341.28,card
INV-010268,J-010268,2025-03-06,payment,434.89,check
INV-010269,J-010269,2025-03-01,payment,466.58,ach
INV-010270,J-010270,2025-03-17,payment,439.58,check
INV-010271,J-010271,2025-02-16,payment,271.25,financing
INV-010272,J-010272,2025-02-15,payment,307.21,card
INV-010273,J-010273,2025-02-21,payment,327.28,card
INV-010274,J-010274,2025-02-11,payment,196.1,card
INV-010275,J-010275,2025-02-19,payment,1089.36,check
INV-010276,J-010276,2025-02-15,payment,4782.8,financing
INV-010277,J-010277,2025-02-14,payment,563.88,financing
INV-010278,J-010278,2025-02-13,payment,228.96,financing
INV-010279,J-010279,2025-02-20,payment,112.37,card
INV-010280,J-010280,2025-02-19,payment,247.57,ach
INV-010281,J-010281,2025-02-26,payment,160.21,check
INV-010282,J-010282,2025-02-16,payment,168.11,check
INV-010283,J-010283,2025-02-21,payment,265.97,check
INV-010284,J-010284,2025-02-19,payment,512.15,ach
INV-010285,J-010285,2025-02-13,payment,135.98,financing
INV-010286,J-010286,2025-02-10,payment,102.03,ach
INV-010287,J-010287,2025-02-14,payment,7368.6,financing
INV-010288,J-010288,2025-02-10,payment,487.47,card
INV-010289,J-010289,2025-02-07,payment,5947.66,card
INV-010290,J-010290,2025-02-09,payment,2786.16,ach
INV-010291,J-010291,2025-03-02,payment,357.44,check
INV-010292,J-010292,2025-02-21,payment,244.29,card
INV-010293,J-010293,2025-02-10,payment,5875.24,ach
INV-010294,J-010294,2025-02-14,payment,340.14,card
INV-010295,J-010295,2025-02-15,payment,227.81,check
INV-010296,J-010296,2025-02-07,payment,688.33,ach
INV-010297,J-010297,2025-03-22,payment,540.12,card
INV-010298,J-010298,2025-03-03,payment,338.89,card
INV-010299,J-010299,2025-02-26,payment,194.84,card
INV-010300,J-010300,2025-02-20,payment,3666.26,check
INV-010300,J-010300,2025-04-05,refund,1101.6,card
INV-010301,J-010301,2025-03-23,payment,387.1,ach
INV-010302,J-010302,2025-02-17,payment,245.66,check
INV-010303,J-010303,2025-02-25,payment,405.72,financing
INV-010304,J-010304,2025-02-27,payment,243.42,check
INV-010305,J-010305,2025-02-24,payment,309.02,check
INV-010306,J-010306,2025-02-25,payment,318.48,card
INV-010307,J-010307,2025-02-18,payment,375.43,check
INV-010308,J-010308,2025-02-21,payment,867.65,card
INV-010309,J-010309,2025-02-19,payment,4136.22,ach
INV-010310,J-010310,2025-02-23,payment,136.48,card
INV-010311,J-010311,2025-02-21,payment,465.86,ach
INV-010312,J-010312,2025-02-17,payment,467.97,card
INV-010313,J-010313,2025-02-20,payment,331.33,financing
INV-010314,J-010314,2025-02-25,payment,4190.06,card
INV-010315,J-010315,2025-04-01,payment,180.86,check
INV-010316,J-010316,2025-03-12,payment,313.67,card
INV-010317,J-010317,2025-02-25,payment,228.21,card
INV-010318,J-010318,2025-02-19,payment,300.32,card
INV-010319,J-010319,2025-02-19,payment,168.02,check
INV-010320,J-010320,2025-02-22,payment,261.23,card
INV-010321,J-010321,2025-02-21,payment,555.18,financing
INV-010322,J-010322,2025-03-05,payment,280.99,check
INV-010323,J-010323,2025-02-23,payment,330.37,ach
INV-010324,J-010324,2025-02-27,payment,223.4,card
INV-010325,J-010325,2025-02-20,payment,1100.99,card
INV-010326,J-010326,2025-02-26,payment,206.33,card
INV-010327,J-010327,2025-02-21,payment,432.07,financing
INV-010328,J-010328,2025-02-25,payment,199.2,ach
INV-010329,J-010329,2025-02-21,payment,497.38,financing
INV-010330,J-010330,2025-02-19,payment,222.5,ach
INV-010331,J-010331,2025-02-24,payment,4424.8,check
INV-010332,J-010332,2025-02-21,payment,198.75,financing
INV-010333,J-010333,2025-02-24,payment,3327.17,card
INV-010334,J-010334,2025-02-19,payment,2966.18,card
INV-010335,J-010335,2025-03-05,payment,621.27,check
INV-010336,J-010336,2025-02-27,payment,500.77,ach
INV-010337,J-010337,2025-02-17,payment,678.73,card
INV-010338,J-010338,2025-02-24,payment,182.42,check
INV-010339,J-010339,2025-02-22,payment,364.86,card
INV-010340,J-010340,2025-02-18,payment,694.26,card
INV-010341,J-010341,2025-03-02,payment,139.7,card
INV-010342,J-010342,2025-02-22,payment,447.78,check
INV-010343,J-010343,2025-02-19,payment,171.61,card
INV-010344,J-010344,2025-02-17,payment,5456.66,card
INV-010345,J-010345,2025-02-24,payment,832.58,ach
INV-010346,J-010346,2025-02-21,payment,759.97,card
INV-010347,J-010347,2025-02-25,payment,817.04,check
INV-010348,J-010348,2025-02-21,payment,6184.0,financing
INV-010349,J-010349,2025-02-27,payment,521.89,check
INV-010350,J-010350,2025-03-02,payment,620.01,check
INV-010351,J-010351,2025-02-23,payment,451.84,card
INV-010352,J-010352,2025-02-16,payment,393.07,check
INV-010353,J-010353,2025-03-07,payment,172.51,check
INV-010354,J-010354,2025-02-21,payment,183.65,card
INV-010355,J-010355,2025-03-05,payment,173.54,check
INV-010356,J-010356,2025-02-17,payment,746.42,ach
INV-010357,J-010357,2025-02-28,payment,494.39,check
INV-010357,J-010357,2025-05-29,refund,407.15,card
INV-010358,J-010358,2025-03-03,payment,4582.34,card
INV-010358,J-010358,2025-06-27,refund,3483.89,card
INV-010359,J-010359,2025-03-13,payment,250.66,card
INV-010360,J-010360,2025-03-01,payment,517.78,check
INV-010361,J-010361,2025-03-07,payment,1003.95,financing
INV-010362,J-010362,2025-02-26,payment,5052.16,check
INV-010363,J-010363,2025-02-25,payment,352.27,card
INV-010364,J-010364,2025-02-22,payment,207.35,check
INV-010365,J-010365,2025-02-19,payment,347.67,check
INV-010366,J-010366,2025-02-24,payment,316.54,card
INV-010367,J-010367,2025-02-23,payment,6170.75,check
INV-010368,J-010368,2025-02-20,payment,4138.43,check
INV-010369,J-010369,2025-02-17,payment,771.39,card
INV-010370,J-010370,2025-02-24,payment,184.46,financing
INV-010371,J-010371,2025-02-26,payment,610.17,check
INV-010372,J-010372,2025-02-18,payment,4312.67,card
INV-010373,J-010373,2025-03-18,payment,5853.19,ach
INV-010374,J-010374,2025-03-04,payment,3888.73,ach
INV-010375,J-010375,2025-04-01,payment,4993.15,ach
INV-010376,J-010376,2025-05-30,payment,2785.02,card
INV-010377,J-010377,2025-04-04,payment,4337.94,check
INV-010378,J-010378,2025-04-20,payment,392.8,financing
INV-010379,J-010379,2025-02-21,payment,387.31,ach
INV-010380,J-010380,2025-04-12,payment,201.43,card
INV-010381,J-010381,2025-04-26,payment,3751.75,ach
INV-010382,J-010382,2025-04-03,payment,5867.65,ach
INV-010383,J-010383,2025-03-09,payment,5349.69,financing
INV-010384,J-010384,2025-03-10,payment,4496.82,check
INV-010385,J-010385,2025-04-08,payment,5456.37,check
INV-010386,J-010386,2025-03-11,payment,356.49,card
INV-010387,J-010387,2025-04-16,payment,214.39,financing
INV-010388,J-010388,2025-04-08,payment,4656.42,financing
INV-010389,J-010389,2025-04-24,payment,804.76,card
INV-010390,J-010390,2025-04-09,payment,224.41,ach
INV-010391,J-010391,2025-02-28,payment,4997.74,card
INV-010392,J-010392,2025-03-17,payment,4179.6,check
INV-010393,J-010393,2025-07-01,payment,3596.27,financing
INV-010394,J-010394,2025-04-20,payment,4301.93,check
INV-010395,J-010395,2025-04-08,payment,4807.59,card
INV-010396,J-010396,2025-05-31,payment,3259.69,card
INV-010397,J-010397,2025-04-12,payment,4587.04,card
INV-010398,J-010398,2025-03-23,payment,142.05,card
INV-010399,J-010399,2025-08-12,payment,5449.8,ach
INV-010400,J-010400,2025-03-15,payment,3897.54,financing
INV-010401,J-010401,2025-04-22,payment,3392.84,financing
INV-010402,J-010402,2025-04-28,payment,235.48,card
INV-010403,J-010403,2025-09-28,payment,3479.83,ach
INV-010404,J-010404,2025-02-15,payment,351.02,check
INV-010405,J-010405,2025-03-10,payment,361.96,card
INV-010406,J-010406,2025-02-16,payment,223.27,financing
INV-010407,J-010407,2025-02-22,payment,143.83,ach
INV-010408,J-010408,2025-02-26,payment,454.54,ach
INV-010409,J-010409,2025-02-22,payment,537.44,financing
INV-010410,J-010410,2025-02-18,payment,971.41,ach
INV-010411,J-010411,2025-02-20,payment,211.17,financing
INV-010412,J-010412,2025-02-17,payment,486.71,ach
INV-010413,J-010413,2025-02-20,payment,791.22,ach
INV-010414,J-010414,2025-02-22,payment,201.88,financing
INV-010415,J-010415,2025-02-20,payment,703.77,check
INV-010416,J-010416,2025-02-17,payment,431.45,financing
INV-010417,J-010417,2025-02-19,payment,717.45,financing
INV-010418,J-010418,2025-02-23,payment,886.53,card
INV-010419,J-010419,2025-03-08,payment,708.97,check
INV-010420,J-010420,2025-02-23,payment,321.51,card
INV-010421,J-010421,2025-02-25,payment,685.1,card
INV-010422,J-010422,2025-02-21,payment,307.8,financing
INV-010423,J-010423,2025-02-22,payment,282.42,ach
INV-010424,J-010424,2025-02-17,payment,238.59,ach
INV-010425,J-010425,2025-02-27,payment,330.01,card
INV-010426,J-010426,2025-02-27,payment,685.62,card
INV-010427,J-010427,2025-02-24,payment,137.19,ach
INV-010428,J-010428,2025-02-22,payment,279.67,card
INV-010429,J-010429,2025-02-18,payment,719.75,check
INV-010430,J-010430,2025-02-18,payment,469.55,financing
INV-010431,J-010431,2025-02-23,payment,317.5,ach
INV-010432,J-010432,2025-02-23,payment,271.03,financing
INV-010433,J-010433,2025-03-02,payment,214.22,card
INV-010434,J-010434,2025-02-19,payment,609.68,card
INV-010435,J-010435,2025-02-16,payment,1112.31,card
INV-010436,J-010436,2025-02-16,payment,422.6,card
INV-010437,J-010437,2025-02-21,payment,2465.42,ach
INV-010437,J-010437,2025-03-06,refund,1565.77,card
INV-010438,J-010438,2025-02-20,payment,559.47,card
INV-010439,J-010439,2025-02-22,payment,242.73,check
INV-010439,J-010439,2025-03-22,refund,198.4,card
INV-010440,J-010440,2025-02-17,payment,386.53,card
INV-010441,J-010441,2025-02-18,payment,5055.47,card
INV-010442,J-010442,2025-02-22,payment,228.37,card
INV-010443,J-010443,2025-02-21,payment,937.57,card
INV-010444,J-010444,2025-02-20,payment,706.06,card
INV-010445,J-010445,2025-02-19,payment,520.2,card
INV-010446,J-010446,2025-02-15,payment,1167.57,card
INV-010447,J-010447,2025-02-27,payment,249.69,card
INV-010448,J-010448,2025-02-20,payment,316.77,ach
INV-010449,J-010449,2025-02-26,payment,655.74,ach
INV-010450,J-010450,2025-02-20,payment,445.05,check
INV-010451,J-010451,2025-02-18,payment,740.59,financing
INV-010452,J-010452,2025-02-25,payment,194.23,card
INV-010453,J-010453,2025-02-18,payment,313.77,check
INV-010454,J-010454,2025-02-16,payment,470.07,card
INV-010455,J-010455,2025-02-18,payment,4668.01,check
INV-010456,J-010456,2025-02-20,payment,358.66,financing
INV-010457,J-010457,2025-02-28,payment,207.9,ach
INV-010458,J-010458,2025-02-27,payment,3985.4,ach
INV-010459,J-010459,2025-02-23,payment,207.71,card
INV-010460,J-010460,2025-02-28,payment,303.05,card
INV-010461,J-010461,2025-02-25,payment,222.37,check
INV-010462,J-010462,2025-03-08,payment,240.27,ach
INV-010463,J-010463,2025-02-25,payment,4829.35,financing
INV-010464,J-010464,2025-02-19,payment,3380.96,card
INV-010465,J-010465,2025-02-24,payment,514.81,check
INV-010466,J-010466,2025-02-23,payment,289.93,card
INV-010467,J-010467,2025-02-22,payment,352.24,check
INV-010468,J-010468,2025-02-24,payment,347.61,card
INV-010469,J-010469,2025-02-16,payment,5096.6,check
INV-010470,J-010470,2025-03-07,payment,442.67,ach
INV-010471,J-010471,2025-02-25,payment,5276.47,card
INV-010472,J-010472,2025-02-21,payment,354.3,card
INV-010473,J-010473,2025-02-19,payment,268.0,card
INV-010474,J-010474,2025-02-24,payment,204.09,card
INV-010475,J-010475,2025-02-24,payment,5377.01,card
INV-010476,J-010476,2025-02-21,payment,3770.91,card
INV-010477,J-010477,2025-02-19,payment,480.45,card
INV-010478,J-010478,2025-03-06,payment,160.06,card
INV-010479,J-010479,2025-02-23,payment,2288.98,financing
INV-010480,J-010480,2025-02-19,payment,3238.13,card
INV-010481,J-010481,2025-02-28,payment,2761.15,financing
INV-010482,J-010482,2025-02-17,payment,190.08,check
INV-010483,J-010483,2025-02-23,payment,222.52,financing
INV-010484,J-010484,2025-03-02,payment,4798.51,card
INV-010485,J-010485,2025-02-23,payment,660.09,check
INV-010486,J-010486,2025-02-24,payment,207.43,financing
INV-010487,J-010487,2025-02-23,payment,1033.72,card
INV-010488,J-010488,2025-02-27,payment,125.0,check
INV-010489,J-010489,2025-02-17,payment,5749.24,card
INV-010490,J-010490,2025-03-03,payment,653.91,financing
INV-010491,J-010491,2025-02-20,payment,520.23,financing
INV-010492,J-010492,2025-02-23,payment,540.32,financing
INV-010493,J-010493,2025-03-03,payment,264.66,card
INV-010494,J-010494,2025-02-19,payment,4170.69,card
INV-010495,J-010495,2025-02-23,payment,2989.59,financing
INV-010496,J-010496,2025-02-17,payment,286.49,card
INV-010497,J-010497,2025-03-06,payment,3691.13,financing
INV-010498,J-010498,2025-03-27,payment,769.51,check
INV-010499,J-010499,2025-02-24,payment,3517.99,ach
INV-010500,J-010500,2025-03-01,payment,349.13,ach
INV-010501,J-010501,2025-02-24,payment,362.58,check
INV-010502,J-010502,2025-03-08,payment,183.58,ach
INV-010503,J-010503,2025-03-09,payment,154.67,financing
INV-010504,J-010504,2025-02-27,payment,595.85,financing
INV-010505,J-010505,2025-03-04,payment,135.41,card
INV-010506,J-010506,2025-02-28,payment,3750.61,ach
INV-010507,J-010507,2025-03-17,payment,482.41,card
INV-010508,J-010508,2025-02-28,payment,489.15,financing
INV-010509,J-010509,2025-03-03,payment,213.23,financing
INV-010510,J-010510,2025-05-05,payment,284.55,ach
INV-010511,J-010511,2025-03-08,payment,740.46,financing
INV-010512,J-010512,2025-02-23,payment,3022.11,check
INV-010513,J-010513,2025-03-02,payment,397.7,financing
INV-010514,J-010514,2025-02-27,payment,215.43,ach
INV-010515,J-010515,2025-02-25,payment,485.39,card
INV-010516,J-010516,2025-02-25,payment,171.34,card
INV-010517,J-010517,2025-02-25,payment,207.22,check
INV-010518,J-010518,2025-02-25,payment,316.95,ach
INV-010519,J-010519,2025-02-21,payment,3011.02,ach
INV-010520,J-010520,2025-02-25,payment,478.36,financing
INV-010521,J-010521,2025-03-01,payment,240.67,financing
INV-010522,J-010522,2025-03-03,payment,2789.94,card
INV-010523,J-010523,2025-03-20,payment,333.21,check
INV-010524,J-010524,2025-03-05,payment,486.48,check
INV-010525,J-010525,2025-02-27,payment,613.61,financing
INV-010526,J-010526,2025-02-23,payment,180.83,card
INV-010527,J-010527,2025-03-01,payment,297.31,card
INV-010528,J-010528,2025-03-02,payment,5810.08,card
INV-010529,J-010529,2025-02-27,payment,252.79,card
INV-010530,J-010530,2025-03-04,payment,407.51,financing
INV-010531,J-010531,2025-03-17,payment,480.16,card
INV-010532,J-010532,2025-03-30,payment,368.06,check
INV-010533,J-010533,2025-03-04,payment,152.77,card
INV-010534,J-010534,2025-03-10,payment,213.19,card
INV-010535,J-010535,2025-04-15,payment,331.38,card
INV-010536,J-010536,2025-02-25,payment,413.78,ach
INV-010536,J-010536,2025-06-27,refund,313.57,card
INV-010537,J-010537,2025-03-17,payment,102.66,card
INV-010538,J-010538,2025-03-12,payment,290.48,financing
INV-010539,J-010539,2025-03-04,payment,212.56,ach
INV-010540,J-010540,2025-03-14,payment,705.64,financing
INV-010541,J-010541,2025-03-03,payment,521.06,ach
INV-010542,J-010542,2025-03-09,payment,305.82,card
INV-010543,J-010543,2025-03-08,payment,816.56,ach
INV-010544,J-010544,2025-02-25,payment,5184.65,check
INV-010545,J-010545,2025-03-03,payment,360.63,check
INV-010545,J-010545,2025-04-18,refund,347.9,card
INV-010546,J-010546,2025-03-13,payment,6833.08,card
INV-010547,J-010547,2025-03-05,payment,2883.15,check
INV-010548,J-010548,2025-03-27,payment,4847.45,card
INV-010549,J-010549,2025-05-26,payment,223.53,card
INV-010550,J-010550,2025-03-10,payment,4005.95,card
INV-010551,J-010551,2025-03-26,payment,318.42,check
INV-010552,J-010552,2025-04-04,payment,2638.97,card
INV-010553,J-010553,2025-08-08,payment,2186.32,card
INV-010554,J-010554,2025-04-04,payment,4919.26,card
INV-010555,J-010555,2025-06-05,payment,353.58,card
INV-010556,J-010556,2025-04-20,payment,4783.44,card
INV-010557,J-010557,2025-04-09,payment,3985.79,card
INV-010558,J-010558,2025-06-07,payment,3118.26,financing
INV-010559,J-010559,2025-04-24,payment,3852.21,ach
INV-010560,J-010560,2025-03-15,payment,4619.79,ach
INV-010561,J-010561,2025-03-01,payment,374.62,check
INV-010562,J-010562,2025-03-12,payment,490.87,check
INV-010563,J-010563,2025-03-03,payment,276.6,financing
INV-010564,J-010564,2025-02-23,payment,521.95,financing
INV-010565,J-010565,2025-03-04,payment,501.02,check
INV-010566,J-010566,2025-03-05,payment,185.47,card
INV-010567,J-010567,2025-02-25,payment,466.89,financing
INV-010568,J-010568,2025-02-24,payment,627.71,ach
INV-010569,J-010569,2025-02-26,payment,447.21,card
INV-010570,J-010570,2025-02-28,payment,731.01,card
INV-010571,J-010571,2025-03-09,payment,291.66,financing
INV-010572,J-010572,2025-02-28,payment,290.77,financing
INV-010573,J-010573,2025-02-25,payment,391.38,financing
INV-010574,J-010574,2025-02-22,payment,660.7,check
INV-010574,J-010574,2025-04-28,refund,309.06,card
INV-010575,J-010575,2025-02-22,payment,334.73,financing
INV-010576,J-010576,2025-02-28,payment,2221.88,card
INV-010577,J-010577,2025-02-26,payment,147.2,ach
INV-010578,J-010578,2025-03-01,payment,176.59,card
INV-010579,J-010579,2025-02-25,payment,650.53,card
INV-010580,J-010580,2025-02-25,payment,635.6,ach
INV-010581,J-010581,2025-02-26,payment,260.09,card
INV-010582,J-010582,2025-02-27,payment,541.14,ach
INV-010583,J-010583,2025-03-04,payment,4378.04,ach
INV-010584,J-010584,2025-02-28,payment,885.98,financing
INV-010585,J-010585,2025-03-26,payment,561.02,ach
INV-010586,J-010586,2025-03-12,payment,894.59,check
INV-010587,J-010587,2025-03-02,payment,158.62,check
INV-010588,J-010588,2025-02-23,payment,439.52,financing
INV-010589,J-010589,2025-02-28,payment,562.21,check
INV-010590,J-010590,2025-02-22,payment,132.34,financing
INV-010591,J-010591,2025-03-13,payment,512.8,check
INV-010592,J-010592,2025-02-27,payment,399.98,check
INV-010593,J-010593,2025-02-28,payment,215.05,card
INV-010594,J-010594,2025-03-03,payment,541.0,ach
INV-010595,J-010595,2025-02-26,payment,175.51,financing
INV-010596,J-010596,2025-02-28,payment,282.8,financing
INV-010597,J-010597,2025-03-04,payment,214.63,card
INV-010598,J-010598,2025-02-27,payment,221.63,financing
INV-010599,J-010599,2025-03-02,payment,263.47,check
INV-010600,J-010600,2025-03-03,payment,339.0,ach
INV-010601,J-010601,2025-03-10,payment,177.65,financing
INV-010602,J-010602,2025-03-03,payment,127.75,card
INV-010603,J-010603,2025-02-26,payment,6048.68,card
INV-010604,J-010604,2025-03-14,payment,281.95,financing
INV-010605,J-010605,2025-03-08,payment,734.72,ach
INV-010606,J-010606,2025-03-15,payment,5513.29,ach
INV-010607,J-010607,2025-03-17,payment,317.32,financing
INV-010608,J-010608,2025-03-07,payment,296.82,card
INV-010609,J-010609,2025-03-13,payment,5131.08,card
INV-010610,J-010610,2025-03-16,payment,154.34,financing
INV-010611,J-010611,2025-03-24,payment,4331.29,financing
INV-010612,J-010612,2025-03-08,payment,224.28,ach
INV-010612,J-010612,2025-04-15,chargeback,199.59,card
INV-010613,J-010613,2025-03-01,payment,263.69,financing
INV-010614,J-010614,2025-02-26,payment,249.32,ach
INV-010615,J-010615,2025-03-28,payment,3394.54,check
INV-010616,J-010616,2025-02-24,payment,429.21,card
INV-010617,J-010617,2025-03-04,payment,293.3,ach
INV-010618,J-010618,2025-03-01,payment,5180.62,card
INV-010619,J-010619,2025-03-12,payment,313.06,financing
INV-010620,J-010620,2025-03-06,payment,499.63,card
INV-010621,J-010621,2025-02-28,payment,222.68,card
INV-010622,J-010622,2025-03-05,payment,226.56,check
INV-010623,J-010623,2025-02-28,payment,119.23,ach
INV-010624,J-010624,2025-03-05,payment,169.94,check
INV-010625,J-010625,2025-03-01,payment,163.82,card
INV-010626,J-010626,2025-03-13,payment,312.45,card
INV-010627,J-010627,2025-03-05,payment,449.41,check
INV-010628,J-010628,2025-03-08,payment,698.79,card
INV-010629,J-010629,2025-03-06,payment,394.68,card
INV-010630,J-010630,2025-03-04,payment,232.26,ach
INV-010631,J-010631,2025-03-13,payment,2672.07,financing
INV-010631,J-010631,2025-04-12,chargeback,1072.48,card
INV-010632,J-010632,2025-03-09,payment,622.79,ach
INV-010633,J-010633,2025-02-26,payment,209.78,card
INV-010634,J-010634,2025-02-28,payment,5430.97,financing
INV-010635,J-010635,2025-03-07,payment,5521.94,check
INV-010636,J-010636,2025-03-19,payment,318.63,check
INV-010637,J-010637,2025-03-01,payment,311.64,financing
INV-010638,J-010638,2025-02-26,payment,3135.06,financing
INV-010639,J-010639,2025-02-27,payment,248.59,card
INV-010640,J-010640,2025-02-27,payment,163.21,financing
INV-010641,J-010641,2025-03-12,payment,518.86,financing
INV-010642,J-010642,2025-02-28,payment,271.74,ach
INV-010643,J-010643,2025-02-25,payment,642.23,card
INV-010644,J-010644,2025-03-03,payment,1008.4,card
INV-010645,J-010645,2025-03-10,payment,202.92,check
INV-010646,J-010646,2025-02-28,payment,311.84,financing
INV-010647,J-010647,2025-03-05,payment,3350.52,financing
INV-010647,J-010647,2025-06-21,refund,2567.5,card
INV-010648,J-010648,2025-03-05,payment,273.22,check
INV-010649,J-010649,2025-03-08,payment,220.63,ach
INV-010650,J-010650,2025-03-04,payment,227.82,card
INV-010651,J-010651,2025-03-05,payment,251.13,card
INV-010652,J-010652,2025-03-14,payment,396.08,card
INV-010653,J-010653,2025-02-25,payment,741.06,card
INV-010654,J-010654,2025-03-03,payment,270.68,financing
INV-010655,J-010655,2025-03-02,payment,218.94,check
INV-010656,J-010656,2025-03-15,payment,310.47,check
INV-010657,J-010657,2025-03-28,payment,875.52,card
INV-010658,J-010658,2025-03-10,payment,701.75,card
INV-010659,J-010659,2025-03-04,payment,373.89,ach
INV-010660,J-010660,2025-03-10,payment,576.34,ach
INV-010661,J-010661,2025-03-10,payment,4059.99,ach
INV-010662,J-010662,2025-03-05,payment,385.4,card
INV-010663,J-010663,2025-03-03,payment,379.3,card
INV-010664,J-010664,2025-03-07,payment,258.54,ach
INV-010665,J-010665,2025-03-07,payment,894.63,card
INV-010666,J-010666,2025-03-08,payment,199.27,card
INV-010667,J-010667,2025-03-04,payment,124.37,check
INV-010668,J-010668,2025-03-05,payment,192.35,financing
INV-010669,J-010669,2025-03-09,payment,233.8,card
INV-010670,J-010670,2025-03-04,payment,162.97,card
INV-010671,J-010671,2025-03-12,payment,626.07,card
INV-010672,J-010672,2025-03-05,payment,170.51,card
INV-010673,J-010673,2025-03-05,payment,266.68,financing
INV-010674,J-010674,2025-02-28,payment,696.0,check
INV-010675,J-010675,2025-03-04,payment,241.08,card
INV-010676,J-010676,2025-03-10,payment,3650.01,check
INV-010677,J-010677,2025-03-15,payment,188.26,card
INV-010678,J-010678,2025-03-06,payment,151.5,financing
INV-010679,J-010679,2025-03-05,payment,672.55,ach
INV-010680,J-010680,2025-03-08,payment,270.36,financing
INV-010681,J-010681,2025-03-08,payment,184.92,card
INV-010682,J-010682,2025-04-05,payment,616.55,ach
INV-010683,J-010683,2025-03-05,payment,418.67,card
INV-010684,J-010684,2025-03-06,payment,1332.87,card
INV-010685,J-010685,2025-03-06,payment,4957.3,financing
INV-010686,J-010686,2025-03-14,payment,784.21,ach
INV-010686,J-010686,2025-03-25,refund,734.25,card
INV-010687,J-010687,2025-03-18,payment,282.79,card
INV-010688,J-010688,2025-03-08,payment,597.53,check
INV-010689,J-010689,2025-03-03,payment,826.01,ach
INV-010690,J-010690,2025-03-11,payment,160.81,card
INV-010691,J-010691,2025-03-12,payment,495.43,check
INV-010692,J-010692,2025-03-03,payment,299.74,check
INV-010693,J-010693,2025-03-05,payment,643.89,card
INV-010694,J-010694,2025-03-21,payment,270.42,card
INV-010695,J-010695,2025-03-26,payment,3818.81,check
INV-010696,J-010696,2025-03-23,payment,614.87,financing
INV-010697,J-010697,2025-03-10,payment,2792.85,ach
INV-010698,J-010698,2025-03-02,payment,3719.77,check
INV-010699,J-010699,2025-03-08,payment,436.62,ach
INV-010700,J-010700,2025-03-06,payment,487.32,card
INV-010701,J-010701,2025-03-03,payment,1115.6,check
INV-010702,J-010702,2025-03-09,payment,470.11,card
INV-010703,J-010703,2025-03-07,payment,6702.62,card
INV-010704,J-010704,2025-03-25,payment,433.04,ach
INV-010705,J-010705,2025-03-21,payment,6786.81,financing
INV-010706,J-010706,2025-03-12,payment,445.54,check
INV-010707,J-010707,2025-03-07,payment,276.15,check
INV-010708,J-010708,2025-03-02,payment,4744.42,ach
INV-010709,J-010709,2025-03-14,payment,2958.61,card
INV-010710,J-010710,2025-03-04,payment,2912.25,ach
INV-010711,J-010711,2025-03-03,payment,412.45,financing
INV-010712,J-010712,2025-03-14,payment,2675.26,check
INV-010713,J-010713,2025-03-07,payment,498.06,card
INV-010714,J-010714,2025-03-14,payment,3084.31,card
INV-010715,J-010715,2025-03-06,payment,4542.97,card
INV-010716,J-010716,2025-03-13,payment,307.25,card
INV-010717,J-010717,2025-03-30,payment,4304.78,card
INV-010718,J-010718,2025-08-16,payment,4557.21,check
INV-010719,J-010719,2025-04-25,payment,236.39,card
INV-010720,J-010720,2025-07-17,payment,243.67,card
INV-010721,J-010721,2025-04-19,payment,3591.54,card
INV-010722,J-010722,2025-05-03,payment,3641.0,card
INV-010723,J-010723,2025-03-26,payment,260.56,financing
INV-010724,J-010724,2025-07-30,payment,502.11,card
INV-010725,J-010725,2025-04-19,payment,2106.29,ach
INV-010726,J-010726,2025-05-23,payment,4260.62,check
INV-010727,J-010727,2025-03-24,payment,4682.82,financing
INV-010728,J-010728,2025-04-04,payment,3547.49,financing
INV-010729,J-010729,2025-03-26,payment,4548.75,card
INV-010730,J-010730,2025-03-27,payment,3580.68,financing
INV-010731,J-010731,2025-04-17,payment,4305.09,card
INV-010732,J-010732,2025-03-07,payment,288.84,card
INV-010733,J-010733,2025-03-07,payment,665.47,ach
INV-010734,J-010734,2025-03-13,payment,240.66,card
INV-010735,J-010735,2025-03-04,payment,460.38,ach
INV-010736,J-010736,2025-03-03,payment,442.91,financing
INV-010737,J-010737,2025-03-11,payment,628.46,financing
INV-010738,J-010738,2025-03-06,payment,406.11,card
INV-010739,J-010739,2025-03-04,payment,477.73,ach
INV-010740,J-010740,2025-03-09,payment,497.63,ach
INV-010741,J-010741,2025-03-09,payment,3163.88,check
INV-010742,J-010742,2025-03-07,payment,263.21,card
INV-010743,J-010743,2025-03-05,payment,296.71,ach
INV-010744,J-010744,2025-03-03,payment,333.93,card
INV-010745,J-010745,2025-03-12,payment,560.61,financing
INV-010746,J-010746,2025-03-09,payment,231.55,card
INV-010747,J-010747,2025-03-10,payment,657.89,card
INV-010748,J-010748,2025-03-06,payment,233.37,ach
INV-010749,J-010749,2025-03-08,payment,383.46,card
INV-010750,J-010750,2025-03-08,payment,351.61,card
INV-010751,J-010751,2025-02-28,payment,276.11,financing
INV-010752,J-010752,2025-03-08,payment,3434.13,financing
INV-010753,J-010753,2025-03-09,payment,329.92,card
INV-010754,J-010754,2025-03-01,payment,549.61,card
INV-010755,J-010755,2025-03-04,payment,246.53,financing
INV-010756,J-010756,2025-03-12,payment,1099.91,financing
INV-010757,J-010757,2025-03-05,payment,633.43,ach
INV-010758,J-010758,2025-03-09,payment,269.4,financing
INV-010759,J-010759,2025-02-27,payment,398.4,check
INV-010760,J-010760,2025-02-28,payment,264.78,check
INV-010760,J-010760,2025-03-22,refund,80.91,card
INV-010761,J-010761,2025-03-04,payment,931.19,card
INV-010762,J-010762,2025-03-15,payment,547.63,card
INV-010763,J-010763,2025-03-02,payment,398.59,check
INV-010764,J-010764,2025-03-03,payment,583.97,check
INV-010765,J-010765,2025-03-14,payment,334.45,ach
INV-010766,J-010766,2025-03-06,payment,678.5,card
INV-010767,J-010767,2025-03-03,payment,425.35,card
INV-010768,J-010768,2025-03-01,payment,159.08,financing
INV-010769,J-010769,2025-03-06,payment,238.43,check
INV-010770,J-010770,2025-03-02,payment,4085.23,financing
INV-010771,J-010771,2025-03-30,payment,3829.24,card
INV-010772,J-010772,2025-03-06,payment,3020.76,ach
INV-010773,J-010773,2025-03-09,payment,3871.62,ach
INV-010774,J-010774,2025-03-18,payment,5064.48,financing
INV-010775,J-010775,2025-03-31,payment,283.17,card
INV-010776,J-010776,2025-02-28,payment,605.73,financing
INV-010777,J-010777,2025-03-25,payment,4558.25,check
INV-010778,J-010778,2025-03-11,payment,178.79,card
INV-010779,J-010779,2025-03-09,payment,401.33,financing
INV-010780,J-010780,2025-03-31,payment,711.06,check
INV-010781,J-010781,2025-03-05,payment,341.06,check
INV-010782,J-010782,2025-03-07,payment,339.41,financing
INV-010783,J-010783,2025-03-05,payment,2635.24,financing
INV-010783,J-010783,2025-03-20,refund,1819.64,card
INV-010784,J-010784,2025-03-08,payment,5283.38,ach
INV-010785,J-010785,2025-04-04,payment,771.6,card
INV-010786,J-010786,2025-03-18,payment,359.21,check
INV-010787,J-010787,2025-03-06,payment,248.68,ach
INV-010788,J-010788,2025-03-11,payment,127.7,financing
INV-010789,J-010789,2025-03-30,payment,249.49,check
INV-010790,J-010790,2025-06-29,payment,259.88,check
INV-010791,J-010791,2025-03-15,payment,4678.71,card
INV-010792,J-010792,2025-03-12,payment,4165.93,check
INV-010793,J-010793,2025-03-17,payment,2848.12,card
INV-010794,J-010794,2025-03-09,payment,242.96,ach
INV-010795,J-010795,2025-03-10,payment,218.35,financing
INV-010796,J-010796,2025-03-11,payment,215.6,check
INV-010797,J-010797,2025-03-05,payment,301.07,check
INV-010798,J-010798,2025-04-19,payment,3797.27,ach
INV-010798,J-010798,2025-05-24,refund,3268.23,card
INV-010799,J-010799,2025-03-12,payment,5167.31,card
INV-010800,J-010800,2025-03-15,payment,301.78,financing
INV-010801,J-010801,2025-05-25,payment,5796.18,card
INV-010802,J-010802,2025-03-09,payment,730.78,card
INV-010803,J-010803,2025-03-11,payment,387.42,financing
INV-010803,J-010803,2025-05-27,refund,150.39,card
INV-010804,J-010804,2025-03-08,payment,594.2,card
INV-010805,J-010805,2025-03-08,payment,400.41,ach
INV-010806,J-010806,2025-03-11,payment,3626.42,financing
INV-010807,J-010807,2025-03-16,payment,1354.43,ach
INV-010808,J-010808,2025-03-11,payment,321.8,card
INV-010809,J-010809,2025-02-28,payment,259.59,check
INV-010810,J-010810,2025-03-05,payment,413.7,check
INV-010811,J-010811,2025-03-05,payment,541.74,check
INV-010812,J-010812,2025-03-04,payment,293.21,financing
INV-010813,J-010813,2025-03-07,payment,1181.18,card
INV-010814,J-010814,2025-03-09,payment,285.86,financing
INV-010815,J-010815,2025-03-06,payment,3503.76,card
INV-010816,J-010816,2025-03-11,payment,268.49,check
INV-010817,J-010817,2025-03-09,payment,321.0,ach
INV-010818,J-010818,2025-03-10,payment,4450.14,card
INV-010819,J-010819,2025-03-04,payment,262.0,card
INV-010820,J-010820,2025-03-04,payment,279.48,ach
INV-010821,J-010821,2025-03-19,payment,295.88,check
INV-010822,J-010822,2025-03-12,payment,326.2,ach
INV-010823,J-010823,2025-04-05,payment,307.06,financing
INV-010824,J-010824,2025-03-12,payment,296.24,financing
INV-010824,J-010824,2025-04-04,chargeback,237.86,card
INV-010825,J-010825,2025-03-09,payment,412.86,check
INV-010826,J-010826,2025-03-14,payment,398.38,card
INV-010827,J-010827,2025-03-16,payment,3033.03,card
INV-010827,J-010827,2025-04-11,refund,2938.48,card
INV-010828,J-010828,2025-03-11,payment,255.8,financing
INV-010829,J-010829,2025-03-14,payment,3087.77,financing
INV-010830,J-010830,2025-03-08,payment,249.76,financing
INV-010831,J-010831,2025-03-16,payment,301.96,card
INV-010832,J-010832,2025-03-21,payment,301.1,card
INV-010833,J-010833,2025-03-14,payment,147.21,card
INV-010834,J-010834,2025-03-13,payment,343.19,card
INV-010835,J-010835,2025-03-16,payment,448.03,card
INV-010836,J-010836,2025-03-21,payment,1388.44,check
INV-010837,J-010837,2025-03-16,payment,519.32,check
INV-010838,J-010838,2025-03-09,payment,140.22,card
INV-010839,J-010839,2025-03-13,payment,338.86,ach
INV-010840,J-010840,2025-03-15,payment,235.51,check
INV-010841,J-010841,2025-03-12,payment,424.83,card
INV-010842,J-010842,2025-03-22,payment,366.09,ach
INV-010843,J-010843,2025-03-22,payment,507.96,check
INV-010844,J-010844,2025-03-21,payment,539.59,card
INV-010845,J-010845,2025-03-15,payment,502.55,card
INV-010846,J-010846,2025-03-20,payment,352.91,check
INV-010847,J-010847,2025-03-13,payment,295.27,ach
INV-010848,J-010848,2025-03-11,payment,572.23,ach
INV-010849,J-010849,2025-03-09,payment,530.17,financing
INV-010850,J-010850,2025-03-12,payment,308.24,check
INV-010851,J-010851,2025-03-13,payment,143.02,ach
INV-010852,J-010852,2025-03-15,payment,422.05,check
INV-010853,J-010853,2025-03-10,payment,288.28,financing
INV-010854,J-010854,2025-03-12,payment,335.05,financing
INV-010855,J-010855,2025-03-24,payment,317.53,card
INV-010856,J-010856,2025-03-13,payment,258.75,card
INV-010857,J-010857,2025-03-19,payment,155.9,card
INV-010858,J-010858,2025-03-07,payment,962.22,card
INV-010859,J-010859,2025-03-22,payment,609.63,financing
INV-010860,J-010860,2025-03-13,payment,218.34,check
INV-010861,J-010861,2025-03-08,payment,277.73,financing
INV-010862,J-010862,2025-03-19,payment,315.33,ach
INV-010863,J-010863,2025-04-01,payment,225.03,card
INV-010864,J-010864,2025-03-25,payment,144.48,card
INV-010865,J-010865,2025-03-18,payment,388.27,ach
INV-010866,J-010866,2025-04-05,payment,4320.47,card
INV-010867,J-010867,2025-03-12,payment,3631.33,ach
INV-010868,J-010868,2025-03-27,payment,4055.16,financing
INV-010868,J-010868,2025-05-22,refund,1670.94,card
INV-010869,J-010869,2025-03-08,payment,3669.92,card
INV-010870,J-010870,2025-03-14,payment,380.13,ach
INV-010871,J-010871,2025-03-13,payment,566.53,card
INV-010872,J-010872,2025-03-10,payment,349.87,card
INV-010873,J-010873,2025-04-06,payment,305.78,financing
INV-010874,J-010874,2025-03-31,payment,1034.94,financing
INV-010875,J-010875,2025-03-13,payment,260.74,card
INV-010876,J-010876,2025-03-27,payment,1082.86,card
INV-010877,J-010877,2025-03-15,payment,278.74,ach
INV-010878,J-010878,2025-03-31,payment,333.52,financing
INV-010879,J-010879,2025-04-05,payment,340.24,ach
INV-010880,J-010880,2025-03-09,payment,452.47,card
INV-010881,J-010881,2025-03-17,payment,5197.69,check
INV-010882,J-010882,2025-04-11,payment,912.22,card
INV-010883,J-010883,2025-03-19,payment,590.32,card
INV-010884,J-010884,2025-03-14,payment,4148.22,card
INV-010885,J-010885,2025-03-21,payment,3145.01,ach
INV-010886,J-010886,2025-06-05,payment,4038.73,ach
INV-010887,J-010887,2025-04-23,payment,4154.22,card
INV-010887,J-010887,2025-06-27,refund,2913.19,card
INV-010888,J-010888,2025-05-25,payment,3759.05,card
INV-010889,J-010889,2025-03-30,payment,4518.77,check
INV-010889,J-010889,2025-05-19,refund,1835.22,card
INV-010890,J-010890,2025-04-22,payment,2458.58,card
INV-010891,J-010891,2025-05-05,payment,2524.37,card
INV-010892,J-010892,2025-04-04,payment,4465.75,ach
INV-010893,J-010893,2025-06-06,payment,3888.84,card
INV-010894,J-010894,2025-03-21,payment,353.2,check
INV-010895,J-010895,2025-05-11,payment,3394.46,ach
INV-010896,J-010896,2025-04-15,payment,8131.84,ach
INV-010897,J-010897,2025-05-26,payment,3328.36,card
INV-010898,J-010898,2025-05-09,payment,3787.66,financing
INV-010899,J-010899,2025-05-25,payment,3477.57,financing
INV-010900,J-010900,2025-05-02,payment,5204.11,check
INV-010901,J-010901,2025-05-10,payment,3889.08,check
INV-010902,J-010902,2025-06-16,payment,4290.6,ach
INV-010903,J-010903,2025-04-19,payment,4960.7,check
INV-010904,J-010904,2025-04-24,payment,182.5,ach
INV-010905,J-010905,2025-07-13,payment,3548.52,financing
INV-010906,J-010906,2025-03-08,payment,531.86,ach
INV-010907,J-010907,2025-03-15,payment,516.86,card
INV-010908,J-010908,2025-03-08,payment,153.75,financing
INV-010909,J-010909,2025-03-09,payment,4486.37,check
INV-010910,J-010910,2025-03-10,payment,516.89,ach
INV-010911,J-010911,2025-03-08,payment,662.32,check
INV-010911,J-010911,2025-04-12,refund,344.84,card
INV-010912,J-010912,2025-03-12,payment,282.78,card
INV-010913,J-010913,2025-03-18,payment,290.28,check
INV-010914,J-010914,2025-03-15,payment,377.75,financing
INV-010915,J-010915,2025-03-13,payment,267.81,financing
INV-010916,J-010916,2025-03-10,payment,419.39,check
INV-010917,J-010917,2025-03-10,payment,381.74,card
INV-010918,J-010918,2025-03-14,payment,535.35,check
INV-010919,J-010919,2025-03-14,payment,340.04,financing
INV-010920,J-010920,2025-03-12,payment,630.11,check
INV-010921,J-010921,2025-03-17,payment,347.06,card
INV-010922,J-010922,2025-03-08,payment,485.93,card
INV-010923,J-010923,2025-03-13,payment,549.4,check
INV-010924,J-010924,2025-03-14,payment,387.5,check
INV-010925,J-010925,2025-03-20,payment,916.56,card
INV-010926,J-010926,2025-03-13,payment,642.66,financing
INV-010927,J-010927,2025-03-08,payment,550.98,financing
INV-010928,J-010928,2025-03-13,payment,384.75,card
INV-010929,J-010929,2025-03-16,payment,495.41,financing
INV-010930,J-010930,2025-03-16,payment,218.02,card
INV-010931,J-010931,2025-03-11,payment,215.06,check
INV-010932,J-010932,2025-03-14,payment,685.57,card
INV-010933,J-010933,2025-03-11,payment,563.4,ach
INV-010934,J-010934,2025-03-11,payment,350.71,financing
INV-010934,J-010934,2025-04-23,refund,295.62,card
INV-010935,J-010935,2025-03-15,payment,267.42,ach
INV-010936,J-010936,2025-03-09,payment,1010.47,card
INV-010937,J-010937,2025-03-23,payment,155.33,card
INV-010938,J-010938,2025-03-16,payment,283.88,card
INV-010939,J-010939,2025-03-16,payment,1082.41,card
INV-010940,J-010940,2025-03-16,payment,291.2,card
INV-010941,J-010941,2025-03-16,payment,272.74,check
INV-010942,J-010942,2025-03-19,payment,297.79,financing
INV-010943,J-010943,2025-03-14,payment,215.3,card
INV-010944,J-010944,2025-03-19,payment,538.17,card
INV-010945,J-010945,2025-03-15,payment,183.79,card
INV-010946,J-010946,2025-03-15,payment,199.92,financing
INV-010947,J-010947,2025-03-07,payment,116.89,check
INV-010948,J-010948,2025-03-14,payment,449.14,card
INV-010949,J-010949,2025-03-15,payment,498.32,card
INV-010950,J-010950,2025-03-08,payment,588.67,financing
INV-010951,J-010951,2025-03-19,payment,329.52,card
INV-010952,J-010952,2025-03-10,payment,312.42,ach
INV-010953,J-010953,2025-03-22,payment,840.63,card
INV-010954,J-010954,2025-03-11,payment,191.4,ach
INV-010955,J-010955,2025-03-10,payment,283.73,card
INV-010956,J-010956,2025-03-14,payment,213.51,check
INV-010957,J-010957,2025-03-15,payment,215.86,ach
INV-010958,J-010958,2025-03-17,payment,3747.96,card
INV-010959,J-010959,2025-03-09,payment,3289.95,financing
INV-010960,J-010960,2025-03-12,payment,219.66,card
INV-010961,J-010961,2025-03-16,payment,533.91,card
INV-010962,J-010962,2025-03-15,payment,147.71,financing
INV-010963,J-010963,2025-03-09,payment,343.11,financing
INV-010964,J-010964,2025-03-11,payment,3845.83,card
INV-010965,J-010965,2025-03-09,payment,202.77,ach
INV-010966,J-010966,2025-03-15,payment,283.0,ach
INV-010967,J-010967,2025-03-07,payment,271.87,financing
INV-010968,J-010968,2025-03-22,payment,414.74,check
INV-010969,J-010969,2025-03-13,payment,4426.81,card
INV-010970,J-010970,2025-03-11,payment,299.34,card
INV-010971,J-010971,2025-03-22,payment,154.31,check
INV-010972,J-010972,2025-03-07,payment,527.24,financing
INV-010973,J-010973,2025-03-13,payment,182.49,card
INV-010974,J-010974,2025-03-16,payment,5467.46,ach
INV-010975,J-010975,2025-03-16,payment,4950.66,ach
INV-010976,J-010976,2025-03-11,payment,538.23,check
INV-010977,J-010977,2025-03-16,payment,616.81,card
INV-010978,J-010978,2025-03-20,payment,2609.76,card
INV-010979,J-010979,2025-04-05,payment,409.39,financing
INV-010980,J-010980,2025-03-13,payment,156.7,ach
INV-010981,J-010981,2025-03-23,payment,3987.64,financing
INV-010982,J-010982,2025-03-12,payment,1152.02,card
INV-010983,J-010983,2025-03-18,payment,4761.72,card
INV-010984,J-010984,2025-03-18,payment,3653.45,card
INV-010985,J-010985,2025-03-12,payment,154.88,card
INV-010986,J-010986,2025-03-14,payment,216.85,card
INV-010987,J-010987,2025-03-10,payment,435.05,card
INV-010988,J-010988,2025-03-23,payment,362.83,check
INV-010989,J-010989,2025-03-18,payment,228.87,financing
INV-010990,J-010990,2025-03-14,payment,3209.96,check
INV-010991,J-010991,2025-03-16,payment,303.9,financing
INV-010992,J-010992,2025-03-28,payment,123.85,card
INV-010993,J-010993,2025-03-24,payment,6477.78,card
INV-010994,J-010994,2025-03-16,payment,338.01,card
INV-010995,J-010995,2025-03-16,payment,439.49,card
INV-010996,J-010996,2025-03-12,payment,287.85,card
INV-010997,J-010997,2025-03-15,payment,145.73,financing
INV-010998,J-010998,2025-03-11,payment,177.62,financing
INV-010999,J-010999,2025-03-16,payment,290.92,card
INV-011000,J-011000,2025-03-15,payment,311.11,card
INV-011001,J-011001,2025-03-29,payment,143.29,check
INV-011002,J-011002,2025-03-31,payment,428.82,card
INV-011003,J-011003,2025-03-12,payment,183.82,financing
INV-011004,J-011004,2025-03-16,payment,2501.39,card
INV-011005,J-011005,2025-03-14,payment,180.62,ach
INV-011006,J-011006,2025-03-13,payment,231.54,ach
INV-011007,J-011007,2025-03-15,payment,486.03,check
INV-011007,J-011007,2025-05-25,refund,347.73,card
INV-011008,J-011008,2025-03-12,payment,173.52,ach
INV-011009,J-011009,2025-03-15,payment,326.72,check
INV-011010,J-011010,2025-03-19,payment,338.9,card
INV-011011,J-011011,2025-03-14,payment,4864.66,financing
INV-011012,J-011012,2025-03-18,payment,458.95,card
INV-011013,J-011013,2025-03-16,payment,3803.32,card
INV-011014,J-011014,2025-03-09,payment,674.43,check
INV-011015,J-011015,2025-03-21,payment,141.49,ach
INV-011016,J-011016,2025-03-29,payment,176.18,financing
INV-011017,J-011017,2025-03-18,payment,276.8,ach
INV-011018,J-011018,2025-03-24,payment,5324.56,financing
INV-011019,J-011019,2025-03-13,payment,2896.19,check
INV-011020,J-011020,2025-03-18,payment,107.87,ach
INV-011021,J-011021,2025-03-18,payment,167.14,check
INV-011022,J-011022,2025-03-22,payment,256.73,financing
INV-011023,J-011023,2025-03-27,payment,241.76,financing
INV-011024,J-011024,2025-03-17,payment,515.61,financing
INV-011025,J-011025,2025-03-19,payment,298.95,ach
INV-011026,J-011026,2025-03-23,payment,818.49,financing
INV-011026,J-011026,2025-04-26,refund,779.48,card
INV-011027,J-011027,2025-03-20,payment,609.18,card
INV-011028,J-011028,2025-03-22,payment,369.76,financing
INV-011029,J-011029,2025-04-05,payment,153.17,ach
INV-011030,J-011030,2025-03-31,payment,404.28,ach
INV-011031,J-011031,2025-03-22,payment,3552.85,check
INV-011031,J-011031,2025-05-02,refund,1451.43,card
INV-011032,J-011032,2025-03-21,payment,308.58,card
INV-011033,J-011033,2025-03-25,payment,1147.35,financing
INV-011034,J-011034,2025-03-22,payment,208.14,check
INV-011035,J-011035,2025-03-25,payment,116.49,ach
INV-011036,J-011036,2025-03-23,payment,706.87,financing
INV-011037,J-011037,2025-03-16,payment,253.32,check
INV-011038,J-011038,2025-03-19,payment,260.81,ach
INV-011039,J-011039,2025-03-30,payment,3766.58,card
INV-011040,J-011040,2025-03-21,payment,398.28,card
INV-011041,J-011041,2025-03-22,payment,1179.2,financing
INV-011042,J-011042,2025-03-23,payment,248.22,financing
INV-011043,J-011043,2025-03-21,payment,676.7,financing
INV-011043,J-011043,2025-04-16,refund,645.06,card
INV-011044,J-011044,2025-03-22,payment,618.15,financing
INV-011045,J-011045,2025-03-14,payment,4575.4,check
INV-011046,J-011046,2025-03-21,payment,4265.16,check
INV-011047,J-011047,2025-03-21,payment,2383.82,financing
INV-011048,J-011048,2025-03-22,payment,449.16,ach
INV-011049,J-011049,2025-03-17,payment,243.07,card
INV-011050,J-011050,2025-03-17,payment,529.77,ach
INV-011051,J-011051,2025-03-19,payment,216.74,ach
INV-011052,J-011052,2025-03-20,payment,317.27,ach
INV-011053,J-011053,2025-03-28,payment,266.16,card
INV-011054,J-011054,2025-03-22,payment,83.54,ach
INV-011055,J-011055,2025-03-21,payment,124.59,card
INV-011056,J-011056,2025-03-24,payment,502.99,card
INV-011057,J-011057,2025-03-25,payment,134.86,check
INV-011058,J-011058,2025-03-17,payment,183.1,financing
INV-011059,J-011059,2025-03-15,payment,5189.71,ach
INV-011060,J-011060,2025-03-29,payment,327.64,financing
INV-011061,J-011061,2025-03-26,payment,862.88,card
INV-011062,J-011062,2025-03-21,payment,767.87,check
INV-011063,J-011063,2025-03-30,payment,352.86,financing
INV-011064,J-011064,2025-03-21,payment,3888.41,financing
INV-011065,J-011065,2025-03-25,payment,3043.3,card
INV-011066,J-011066,2025-03-24,payment,183.41,card
INV-011067,J-011067,2025-03-24,payment,725.81,card
INV-011068,J-011068,2025-03-30,payment,346.98,ach
INV-011069,J-011069,2025-03-19,payment,264.34,check
INV-011070,J-011070,2025-04-04,payment,838.59,card
INV-011071,J-011071,2025-03-20,payment,3901.27,check
INV-011072,J-011072,2025-03-20,payment,488.71,check
INV-011073,J-011073,2025-04-02,payment,150.58,card
INV-011074,J-011074,2025-03-26,payment,135.21,card
INV-011075,J-011075,2025-03-29,payment,159.62,ach
INV-011076,J-011076,2025-04-07,payment,222.06,financing
INV-011077,J-011077,2025-03-23,payment,156.76,card
INV-011078,J-011078,2025-04-17,payment,4267.97,check
INV-011079,J-011079,2025-03-18,payment,183.79,card
INV-011080,J-011080,2025-03-22,payment,201.4,financing
INV-011081,J-011081,2025-03-27,payment,201.07,ach
INV-011082,J-011082,2025-03-27,payment,5009.07,check
INV-011083,J-011083,2025-03-25,payment,3671.69,card
INV-011084,J-011084,2025-04-03,payment,2718.47,financing
INV-011084,J-011084,2025-04-28,refund,1900.84,card
INV-011085,J-011085,2025-03-30,payment,458.33,ach
INV-011086,J-011086,2025-03-23,payment,331.8,card
INV-011087,J-011087,2025-03-24,payment,196.04,card
INV-011088,J-011088,2025-03-24,payment,667.49,financing
INV-011089,J-011089,2025-03-19,payment,562.08,financing
INV-011090,J-011090,2025-03-19,payment,181.04,check
INV-011091,J-011091,2025-03-27,payment,450.83,card
INV-011092,J-011092,2025-04-02,payment,271.23,card
INV-011093,J-011093,2025-03-21,payment,294.0,check
INV-011094,J-011094,2025-03-19,payment,430.79,check
INV-011095,J-011095,2025-03-25,payment,4827.83,card
INV-011096,J-011096,2025-07-08,payment,4342.5,ach
INV-011096,J-011096,2025-08-09,refund,3627.58,card
INV-011097,J-011097,2025-04-11,payment,179.71,card
INV-011098,J-011098,2025-06-12,payment,3701.62,check
INV-011099,J-011099,2025-06-24,payment,4837.7,ach
INV-011100,J-011100,2025-08-04,payment,3873.85,financing
INV-011101,J-011101,2025-09-06,payment,659.31,ach
INV-011102,J-011102,2025-06-20,payment,4327.81,card
INV-011103,J-011103,2025-03-23,payment,4387.29,financing
INV-011104,J-011104,2025-03-29,payment,4919.56,check
INV-011105,J-011105,2025-07-04,payment,3397.31,card
INV-011106,J-011106,2025-06-20,payment,2811.56,card
INV-011107,J-011107,2025-04-01,payment,4737.47,card
INV-011108,J-011108,2025-05-02,payment,517.42,ach
INV-011109,J-011109,2025-07-07,payment,4761.36,card
INV-011110,J-011110,2025-03-28,payment,128.37,card
INV-011111,J-011111,2025-03-20,payment,419.2,card
INV-011112,J-011112,2025-03-18,payment,164.9,card
INV-011113,J-011113,2025-03-17,payment,238.9,card
INV-011114,J-011114,2025-03-26,payment,314.31,card
INV-011115,J-011115,2025-03-23,payment,693.39,check
INV-011116,J-011116,2025-03-17,payment,164.85,card
INV-011117,J-011117,2025-03-23,payment,262.23,check
INV-011118,J-011118,2025-03-18,payment,761.89,check
INV-011118,J-011118,2025-04-08,refund,528.19,card
INV-011119,J-011119,2025-03-25,payment,549.76,card
INV-011120,J-011120,2025-03-20,payment,477.77,check
INV-011121,J-011121,2025-04-04,payment,6172.65,financing
INV-011122,J-011122,2025-03-22,payment,338.4,card
INV-011123,J-011123,2025-03-24,payment,497.68,check
INV-011124,J-011124,2025-03-15,payment,234.74,ach
INV-011125,J-011125,2025-03-16,payment,191.79,card
INV-011126,J-011126,2025-03-14,payment,239.17,card
INV-011127,J-011127,2025-03-25,payment,247.79,ach
INV-011128,J-011128,2025-03-17,payment,466.04,card
INV-011129,J-011129,2025-03-24,payment,353.91,check
INV-011130,J-011130,2025-03-19,payment,1053.09,check
INV-011131,J-011131,2025-03-15,payment,242.39,card
INV-011132,J-011132,2025-03-14,payment,282.16,financing
INV-011133,J-011133,2025-03-18,payment,572.03,card
INV-011134,J-011134,2025-03-16,payment,165.38,card
INV-011135,J-011135,2025-03-18,payment,447.75,financing
INV-011136,J-011136,2025-03-27,payment,466.57,ach
INV-011137,J-011137,2025-03-16,payment,207.03,check
INV-011138,J-011138,2025-03-17,payment,518.17,card
INV-011139,J-011139,2025-03-20,payment,410.89,ach
INV-011140,J-011140,2025-03-21,payment,486.12,check
INV-011141,J-011141,2025-03-26,payment,567.76,card
INV-011141,J-011141,2025-04-03,refund,548.36,card
INV-011142,J-011142,2025-03-23,payment,302.08,card
INV-011143,J-011143,2025-03-18,payment,324.14,ach
INV-011144,J-011144,2025-04-02,payment,425.61,check
INV-011145,J-011145,2025-03-19,payment,666.26,check
INV-011146,J-011146,2025-03-15,payment,212.2,card
INV-011147,J-011147,2025-03-24,payment,610.39,card
INV-011148,J-011148,2025-03-26,payment,440.55,check
INV-011149,J-011149,2025-03-21,payment,434.38,financing
INV-011150,J-011150,2025-05-11,payment,242.63,card
INV-011151,J-011151,2025-03-27,payment,4719.36,card
INV-011152,J-011152,2025-03-26,payment,474.95,card
INV-011153,J-011153,2025-03-28,payment,2819.57,ach
INV-011154,J-011154,2025-04-03,payment,383.38,card
INV-011155,J-011155,2025-04-02,payment,3749.22,card
INV-011156,J-011156,2025-03-22,payment,265.32,check
INV-011157,J-011157,2025-03-18,payment,313.31,check
INV-011158,J-011158,2025-03-28,payment,340.29,financing
INV-011159,J-011159,2025-03-28,payment,333.95,card
INV-011160,J-011160,2025-04-06,payment,3770.36,card
INV-011161,J-011161,2025-03-22,payment,585.69,financing
INV-011162,J-011162,2025-04-14,payment,247.74,card
INV-011163,J-011163,2025-03-31,payment,4197.78,check
INV-011164,J-011164,2025-03-22,payment,570.27,check
INV-011165,J-011165,2025-04-27,payment,188.16,check
INV-011166,J-011166,2025-03-19,payment,154.49,check
INV-011167,J-011167,2025-03-29,payment,268.64,card
INV-011168,J-011168,2025-04-06,payment,152.1,card
INV-011169,J-011169,2025-03-16,payment,456.73,card
INV-011170,J-011170,2025-03-16,payment,4213.39,card
INV-011171,J-011171,2025-03-24,payment,382.14,ach
INV-011172,J-011172,2025-04-02,payment,236.85,card
INV-011173,J-011173,2025-03-25,payment,150.76,card
INV-011174,J-011174,2025-04-07,payment,466.8,card
INV-011175,J-011175,2025-04-01,payment,3633.92,check
INV-011176,J-011176,2025-03-30,payment,4764.47,financing
INV-011177,J-011177,2025-03-21,payment,317.68,financing
INV-011178,J-011178,2025-03-26,payment,221.21,ach
INV-011179,J-011179,2025-03-22,payment,253.84,check
INV-011180,J-011180,2025-03-16,payment,297.86,financing
INV-011181,J-011181,2025-03-26,payment,4762.38,check
INV-011182,J-011182,2025-03-21,payment,484.99,check
INV-011183,J-011183,2025-03-26,payment,201.2,card
INV-011184,J-011184,2025-04-03,payment,4888.96,card
INV-011185,J-011185,2025-03-22,payment,138.43,card
INV-011186,J-011186,2025-03-18,payment,234.29,check
INV-011187,J-011187,2025-03-22,payment,218.65,check
INV-011188,J-011188,2025-03-24,payment,3347.38,card
INV-011189,J-011189,2025-03-21,payment,340.73,check
INV-011189,J-011189,2025-04-26,chargeback,329.4,card
INV-011190,J-011190,2025-03-14,payment,178.02,check
INV-011191,J-011191,2025-04-03,payment,454.89,check
INV-011192,J-011192,2025-04-02,payment,287.72,card
INV-011193,J-011193,2025-04-17,payment,334.31,check
INV-011194,J-011194,2025-03-18,payment,286.85,ach
INV-011195,J-011195,2025-03-30,payment,124.43,ach
INV-011196,J-011196,2025-03-18,payment,178.17,card
INV-011196,J-011196,2025-04-17,refund,161.84,card
INV-011197,J-011197,2025-03-28,payment,443.65,financing
INV-011198,J-011198,2025-03-19,payment,774.71,check
INV-011199,J-011199,2025-03-24,payment,271.43,ach
INV-011200,J-011200,2025-03-21,payment,602.8,financing
INV-011201,J-011201,2025-03-21,payment,4467.97,card
INV-011202,J-011202,2025-03-29,payment,373.45,check
INV-011203,J-011203,2025-03-20,payment,3707.81,card
INV-011204,J-011204,2025-03-18,payment,3491.54,check
INV-011205,J-011205,2025-03-27,payment,188.68,check
INV-011206,J-011206,2025-03-22,payment,258.42,ach
INV-011207,J-011207,2025-03-25,payment,380.16,card
INV-011208,J-011208,2025-03-22,payment,195.59,card
INV-011209,J-011209,2025-03-30,payment,1972.09,check
INV-011210,J-011210,2025-03-18,payment,656.75,card
INV-011210,J-011210,2025-04-15,refund,418.65,card
INV-011211,J-011211,2025-03-25,payment,122.54,financing
INV-011212,J-011212,2025-03-21,payment,3914.5,check
INV-011213,J-011213,2025-03-25,payment,180.96,ach
INV-011214,J-011214,2025-04-21,payment,655.5,check
INV-011215,J-011215,2025-04-07,payment,220.43,card
INV-011216,J-011216,2025-03-25,payment,613.01,card
INV-011217,J-011217,2025-03-28,payment,656.56,ach
INV-011218,J-011218,2025-04-01,payment,217.93,check
INV-011219,J-011219,2025-04-06,payment,114.13,ach
INV-011220,J-011220,2025-04-20,payment,199.52,financing
INV-011221,J-011221,2025-03-30,payment,486.32,card
INV-011222,J-011222,2025-03-27,payment,501.72,check
INV-011223,J-011223,2025-03-25,payment,337.56,check
INV-011224,J-011224,2025-04-03,payment,566.55,financing
INV-011225,J-011225,2025-03-30,payment,180.9,card
INV-011226,J-011226,2025-04-09,payment,5075.9,ach
INV-011227,J-011227,2025-03-28,payment,378.28,card
INV-011228,J-011228,2025-03-27,payment,309.0,card
INV-011229,J-011229,2025-03-27,payment,952.46,check
INV-011230,J-011230,2025-04-09,payment,127.34,card
INV-011231,J-011231,2025-05-26,payment,3854.2,financing
INV-011232,J-011232,2025-03-27,payment,744.19,ach
INV-011233,J-011233,2025-03-26,payment,408.29,ach
INV-011234,J-011234,2025-03-26,payment,124.31,card
INV-011235,J-011235,2025-03-29,payment,2551.15,ach
INV-011236,J-011236,2025-03-29,payment,290.72,card
INV-011237,J-011237,2025-03-23,payment,329.21,financing
INV-011238,J-011238,2025-03-25,payment,201.91,financing
INV-011239,J-011239,2025-03-28,payment,789.86,check
INV-011240,J-011240,2025-03-30,payment,403.39,card
INV-011240,J-011240,2025-05-10,refund,175.03,card
INV-011241,J-011241,2025-03-25,payment,329.93,check
INV-011242,J-011242,2025-03-24,payment,391.28,card
INV-011243,J-011243,2025-04-01,payment,373.83,financing
INV-011244,J-011244,2025-03-22,payment,208.71,card
INV-011245,J-011245,2025-04-12,payment,286.76,check
INV-011246,J-011246,2025-03-28,payment,277.74,card
INV-011247,J-011247,2025-04-04,payment,167.27,card
INV-011248,J-011248,2025-03-23,payment,415.43,financing
INV-011249,J-011249,2025-04-05,payment,3380.04,check
INV-011250,J-011250,2025-03-26,payment,230.09,card
INV-011251,J-011251,2025-03-30,payment,194.41,ach
INV-011252,J-011252,2025-03-24,payment,230.16,ach
INV-011253,J-011253,2025-03-24,payment,3173.94,financing
INV-011254,J-011254,2025-03-29,payment,381.75,check
INV-011255,J-011255,2025-04-03,payment,183.24,card
INV-011256,J-011256,2025-03-25,payment,126.39,financing
INV-011257,J-011257,2025-03-27,payment,505.76,financing
INV-011258,J-011258,2025-04-05,payment,1267.74,financing
INV-011259,J-011259,2025-04-11,payment,577.68,card
INV-011260,J-011260,2025-05-07,payment,3599.27,financing
INV-011261,J-011261,2025-04-02,payment,227.13,financing
INV-011262,J-011262,2025-03-30,payment,5837.99,check
INV-011263,J-011263,2025-03-29,payment,3883.48,financing
INV-011264,J-011264,2025-04-15,payment,3565.26,financing
INV-011265,J-011265,2025-04-01,payment,250.84,card
INV-011266,J-011266,2025-04-08,payment,386.52,card
INV-011267,J-011267,2025-03-30,payment,825.83,financing
INV-011268,J-011268,2025-03-24,payment,4659.82,check
INV-011269,J-011269,2025-04-10,payment,229.6,ach
INV-011270,J-011270,2025-04-02,payment,297.19,ach
INV-011271,J-011271,2025-04-16,payment,526.25,card
INV-011272,J-011272,2025-03-24,payment,2974.86,ach
INV-011273,J-011273,2025-04-06,payment,323.5,ach
INV-011274,J-011274,2025-03-29,payment,5615.84,card
INV-011275,J-011275,2025-04-01,payment,620.34,ach
INV-011276,J-011276,2025-04-06,payment,250.44,card
INV-011277,J-011277,2025-04-01,payment,399.7,check
INV-011278,J-011278,2025-03-28,payment,293.02,check
INV-011279,J-011279,2025-04-07,payment,3921.17,check
INV-011280,J-011280,2025-05-19,payment,386.08,financing
INV-011281,J-011281,2025-06-15,payment,186.71,financing
INV-011282,J-011282,2025-04-08,payment,536.15,ach
INV-011283,J-011283,2025-06-15,payment,5008.33,financing
INV-011284,J-011284,2025-06-12,payment,3366.54,card
INV-011285,J-011285,2025-06-21,payment,540.19,check
INV-011286,J-011286,2025-04-08,payment,3573.42,check
INV-011287,J-011287,2025-04-05,payment,181.24,card
INV-011288,J-011288,2025-04-23,payment,2893.04,financing
INV-011289,J-011289,2025-06-14,payment,620.98,ach
INV-011290,J-011290,2025-05-07,payment,5517.89,card
INV-011291,J-011291,2025-05-03,payment,4860.83,check
INV-011292,J-011292,2025-05-30,payment,3917.79,check
INV-011293,J-011293,2025-09-12,payment,180.14,card
INV-011294,J-011294,2025-05-02,payment,7105.0,card
INV-011295,J-011295,2025-04-03,payment,3652.25,financing
INV-011295,J-011295,2025-07-19,refund,2556.64,card
INV-011296,J-011296,2025-03-22,payment,501.76,card
INV-011297,J-011297,2025-03-26,payment,296.14,ach
INV-011298,J-011298,2025-04-04,payment,481.69,card
INV-011299,J-011299,2025-03-30,payment,253.07,ach
INV-011300,J-011300,2025-03-30,payment,264.31,financing
INV-011301,J-011301,2025-04-04,payment,479.15,ach
INV-011302,J-011302,2025-03-26,payment,416.26,financing
INV-011303,J-011303,2025-03-28,payment,280.54,ach
INV-011304,J-011304,2025-03-22,payment,418.0,ach
INV-011305,J-011305,2025-04-05,payment,272.87,financing
INV-011306,J-011306,2025-03-25,payment,710.35,card
INV-011307,J-011307,2025-03-25,payment,136.99,card
INV-011308,J-011308,2025-03-21,payment,512.78,card
INV-011309,J-011309,2025-03-23,payment,528.43,financing
INV-011310,J-011310,2025-03-24,payment,574.82,ach
INV-011311,J-011311,2025-04-04,payment,559.66,check
INV-011312,J-011312,2025-03-23,payment,581.79,card
INV-011313,J-011313,2025-03-24,payment,1282.66,financing
INV-011313,J-011313,2025-04-20,refund,812.42,card
INV-011314,J-011314,2025-03-25,payment,172.94,check
INV-011315,J-011315,2025-03-28,payment,298.39,check
INV-011316,J-011316,2025-03-28,payment,938.32,ach
INV-011317,J-011317,2025-03-24,payment,266.05,card
INV-011318,J-011318,2025-03-24,payment,119.62,financing
INV-011319,J-011319,2025-03-31,payment,613.05,card
INV-011320,J-011320,2025-04-01,payment,202.11,check
INV-011321,J-011321,2025-03-23,payment,556.17,card
INV-011322,J-011322,2025-03-29,payment,491.2,ach
INV-011323,J-011323,2025-03-25,payment,113.58,check
INV-011324,J-011324,2025-04-09,payment,295.86,ach
INV-011325,J-011325,2025-03-26,payment,791.79,card
INV-011326,J-011326,2025-04-05,payment,701.62,card
INV-011327,J-011327,2025-03-31,payment,581.3,check
INV-011328,J-011328,2025-03-25,payment,289.94,card
INV-011329,J-011329,2025-03-25,payment,189.78,check
INV-011330,J-011330,2025-03-28,payment,6095.84,ach
INV-011331,J-011331,2025-03-23,payment,446.86,card
INV-011332,J-011332,2025-03-29,payment,197.47,ach
INV-011333,J-011333,2025-03-31,payment,957.78,check
INV-011334,J-011334,2025-03-25,payment,3588.4,financing
INV-011335,J-011335,2025-03-28,payment,437.95,card
INV-011336,J-011336,2025-03-25,payment,188.82,ach
INV-011337,J-011337,2025-03-29,payment,317.64,ach
INV-011338,J-011338,2025-03-28,payment,691.32,card
INV-011339,J-011339,2025-04-14,payment,371.2,check
INV-011340,J-011340,2025-04-17,payment,254.45,check
INV-011341,J-011341,2025-04-28,payment,3121.0,card
INV-011342,J-011342,2025-04-22,payment,393.59,ach
INV-011343,J-011343,2025-04-07,payment,5806.33,check
INV-011344,J-011344,2025-04-08,payment,257.65,card
INV-011345,J-011345,2025-04-03,payment,217.05,check
INV-011346,J-011346,2025-03-25,payment,258.62,ach
INV-011347,J-011347,2025-04-08,payment,182.13,card
INV-011348,J-011348,2025-04-04,payment,243.47,financing
INV-011349,J-011349,2025-03-26,payment,174.83,check
INV-011350,J-011350,2025-04-15,payment,4041.52,check
INV-011351,J-011351,2025-03-30,payment,179.08,card
INV-011352,J-011352,2025-03-27,payment,127.79,financing
INV-011353,J-011353,2025-03-29,payment,219.08,card
INV-011354,J-011354,2025-03-31,payment,283.86,card
INV-011355,J-011355,2025-04-05,payment,3554.08,check
INV-011355,J-011355,2025-05-03,refund,2930.25,card
INV-011356,J-011356,2025-03-29,payment,312.38,ach
INV-011357,J-011357,2025-03-27,payment,196.87,card
INV-011358,J-011358,2025-03-27,payment,272.76,card
INV-011359,J-011359,2025-03-31,payment,190.57,ach
INV-011360,J-011360,2025-04-12,payment,258.94,ach
INV-011361,J-011361,2025-03-23,payment,285.99,check
INV-011362,J-011362,2025-04-07,payment,231.42,financing
INV-011363,J-011363,2025-03-26,payment,243.4,card
INV-011364,J-011364,2025-04-05,payment,312.52,card
INV-011365,J-011365,2025-04-01,payment,412.09,card
INV-011366,J-011366,2025-03-31,payment,881.73,ach
INV-011367,J-011367,2025-03-27,payment,396.94,check
INV-011368,J-011368,2025-04-02,payment,546.79,card
INV-011369,J-011369,2025-04-04,payment,3566.33,check
INV-011370,J-011370,2025-03-31,payment,682.45,card
INV-011371,J-011371,2025-03-31,payment,2836.43,check
INV-011372,J-011372,2025-04-02,payment,333.69,financing
INV-011373,J-011373,2025-03-22,payment,428.37,ach
INV-011374,J-011374,2025-03-29,payment,316.18,check
INV-011375,J-011375,2025-04-03,payment,292.73,ach
INV-011376,J-011376,2025-03-31,payment,450.59,financing
INV-011377,J-011377,2025-03-28,payment,547.85,check
INV-011378,J-011378,2025-04-20,payment,139.89,card
INV-011379,J-011379,2025-04-03,payment,451.8,card
INV-011380,J-011380,2025-03-27,payment,412.57,card
INV-011381,J-011381,2025-03-31,payment,421.47,financing
INV-011382,J-011382,2025-04-12,payment,4347.37,financing
INV-011383,J-011383,2025-03-21,payment,179.87,card
INV-011384,J-011384,2025-04-05,payment,436.15,ach
INV-011385,J-011385,2025-03-28,payment,343.87,check
INV-011386,J-011386,2025-03-29,payment,3737.61,card
INV-011387,J-011387,2025-03-23,payment,647.7,check
INV-011388,J-011388,2025-03-24,payment,503.98,card
INV-011389,J-011389,2025-03-27,payment,3412.94,check
INV-011390,J-011390,2025-03-28,payment,185.96,check
INV-011391,J-011391,2025-03-31,payment,4326.86,check
INV-011392,J-011392,2025-03-25,payment,585.5,ach
INV-011393,J-011393,2025-05-06,payment,3258.36,card
INV-011394,J-011394,2025-04-05,payment,261.9,card
INV-011395,J-011395,2025-03-27,payment,278.48,card
INV-011396,J-011396,2025-03-26,payment,310.12,ach
INV-011397,J-011397,2025-03-28,payment,614.4,check
INV-011398,J-011398,2025-04-04,payment,395.16,financing
INV-011399,J-011399,2025-04-07,payment,332.14,card
INV-011400,J-011400,2025-04-04,payment,189.43,financing
INV-011401,J-011401,2025-04-05,payment,459.51,card
INV-011402,J-011402,2025-04-16,payment,255.93,card
INV-011403,J-011403,2025-04-10,payment,389.79,financing
INV-011404,J-011404,2025-04-02,payment,330.01,check
INV-011405,J-011405,2025-04-02,payment,210.32,ach
INV-011406,J-011406,2025-04-08,payment,424.71,check
INV-011407,J-011407,2025-04-05,payment,269.54,card
INV-011408,J-011408,2025-04-15,payment,340.31,check
INV-011409,J-011409,2025-04-07,payment,722.31,card
INV-011409,J-011409,2025-06-07,refund,449.09,card
INV-011410,J-011410,2025-03-28,payment,379.93,ach
INV-011411,J-011411,2025-04-06,payment,344.64,card
INV-011412,J-011412,2025-04-01,payment,388.97,card
INV-011413,J-011413,2025-04-05,payment,321.42,card
INV-011414,J-011414,2025-03-30,payment,163.3,card
INV-011415,J-011415,2025-04-08,payment,262.23,check
INV-011416,J-011416,2025-04-22,payment,4324.03,card
INV-011417,J-011417,2025-04-06,payment,259.13,ach
INV-011418,J-011418,2025-03-30,payment,3380.2,ach
INV-011419,J-011419,2025-03-29,payment,3776.86,card
INV-011420,J-011420,2025-04-07,payment,4236.3,check
INV-011421,J-011421,2025-04-18,payment,374.63,card
INV-011422,J-011422,2025-04-07,payment,457.79,financing
INV-011423,J-011423,2025-04-03,payment,539.68,card
INV-011424,J-011424,2025-04-02,payment,230.0,financing
INV-011425,J-011425,2025-04-24,payment,4230.55,ach
INV-011426,J-011426,2025-03-31,payment,469.45,card
INV-011427,J-011427,2025-04-01,payment,120.55,check
INV-011428,J-011428,2025-04-03,payment,271.72,financing
INV-011429,J-011429,2025-04-10,payment,244.52,check
INV-011430,J-011430,2025-03-31,payment,319.45,ach
INV-011431,J-011431,2025-03-29,payment,459.45,card
INV-011432,J-011432,2025-04-06,payment,555.87,check
INV-011433,J-011433,2025-04-01,payment,980.71,card
INV-011434,J-011434,2025-04-11,payment,357.69,card
INV-011435,J-011435,2025-04-01,payment,707.48,financing
INV-011436,J-011436,2025-03-30,payment,236.04,financing
INV-011437,J-011437,2025-04-12,payment,200.14,card
INV-011438,J-011438,2025-04-14,payment,3915.03,card
INV-011439,J-011439,2025-04-05,payment,289.92,card
INV-011440,J-011440,2025-04-17,payment,4528.51,card
INV-011441,J-011441,2025-04-02,payment,154.98,financing
INV-011442,J-011442,2025-04-21,payment,446.05,check
INV-011443,J-011443,2025-04-03,payment,613.88,ach
INV-011444,J-011444,2025-04-11,payment,484.59,ach
INV-011445,J-011445,2025-04-04,payment,3967.97,ach
INV-011446,J-011446,2025-04-02,payment,213.16,financing
INV-011447,J-011447,2025-04-04,payment,500.2,financing
INV-011448,J-011448,2025-04-12,payment,3502.28,financing
INV-011449,J-011449,2025-04-02,payment,3516.9,financing
INV-011450,J-011450,2025-04-07,payment,370.09,ach
INV-011451,J-011451,2025-04-26,payment,5924.12,check
INV-011452,J-011452,2025-04-25,payment,4708.48,card
INV-011453,J-011453,2025-04-30,payment,258.2,financing
INV-011454,J-011454,2025-06-08,payment,178.47,ach
INV-011455,J-011455,2025-04-14,payment,5367.52,ach
INV-011456,J-011456,2025-06-02,payment,4602.65,check
INV-011457,J-011457,2025-05-02,payment,2668.1,check
INV-011458,J-011458,2025-07-17,payment,4764.22,card
INV-011459,J-011459,2025-04-16,payment,217.95,financing
INV-011460,J-011460,2025-05-02,payment,177.28,card
INV-011461,J-011461,2025-05-24,payment,219.81,ach
INV-011462,J-011462,2025-08-10,payment,4807.13,card
INV-011463,J-011463,2025-05-07,payment,3844.03,card
INV-011464,J-011464,2025-05-04,payment,4410.1,card
INV-011465,J-011465,2025-04-09,payment,5456.58,card
INV-011466,J-011466,2025-03-31,payment,310.35,check
INV-011467,J-011467,2025-04-06,payment,289.54,ach
INV-011468,J-011468,2025-04-02,payment,756.14,financing
INV-011469,J-011469,2025-04-10,payment,180.36,card
INV-011470,J-011470,2025-03-31,payment,545.47,financing
INV-011471,J-011471,2025-04-02,payment,392.74,check
INV-011472,J-011472,2025-03-31,payment,172.43,financing
INV-011473,J-011473,2025-04-07,payment,265.93,ach
INV-011474,J-011474,2025-04-07,payment,276.39,ach
INV-011475,J-011475,2025-04-12,payment,307.62,financing
INV-011476,J-011476,2025-04-04,payment,357.58,ach
INV-011477,J-011477,2025-03-28,payment,239.57,check
INV-011478,J-011478,2025-04-04,payment,292.2,financing
INV-011478,J-011478,2025-06-03,refund,171.71,card
INV-011479,J-011479,2025-03-28,payment,375.36,financing
INV-011480,J-011480,2025-04-03,payment,219.32,ach
INV-011481,J-011481,2025-04-12,payment,167.13,check
INV-011482,J-011482,2025-04-02,payment,714.88,check
INV-011483,J-011483,2025-04-08,payment,181.27,card
INV-011484,J-011484,2025-04-04,payment,261.49,card
INV-011485,J-011485,2025-03-31,payment,240.01,ach
INV-011486,J-011486,2025-04-08,payment,731.7,check
INV-011487,J-011487,2025-03-30,payment,193.49,check
INV-011488,J-011488,2025-04-05,payment,324.86,financing
INV-011489,J-011489,2025-04-03,payment,463.41,card
INV-011490,J-011490,2025-03-31,payment,501.47,card
INV-011491,J-011491,2025-04-04,payment,342.43,financing
INV-011492,J-011492,2025-04-04,payment,701.35,check
INV-011492,J-011492,2025-05-06,refund,479.1,card
INV-011493,J-011493,2025-04-01,payment,486.3,check
INV-011494,J-011494,2025-04-05,payment,396.34,card
INV-011494,J-011494,2025-05-22,refund,201.7,card
INV-011495,J-011495,2025-04-04,payment,267.21,check
INV-011496,J-011496,2025-04-03,payment,155.19,card
INV-011497,J-011497,2025-04-01,payment,719.12,card
INV-011498,J-011498,2025-04-03,payment,532.62,check
INV-011499,J-011499,2025-04-16,payment,4487.63,card
INV-011500,J-011500,2025-05-12,payment,3650.38,check
INV-011501,J-011501,2025-04-13,payment,144.11,ach
INV-011502,J-011502,2025-04-22,payment,4366.99,card
INV-011503,J-011503,2025-04-02,payment,170.38,card
INV-011504,J-011504,2025-04-14,payment,5147.39,card
INV-011505,J-011505,2025-04-26,payment,2128.83,ach
INV-011506,J-011506,2025-04-08,payment,378.79,financing
INV-011507,J-011507,2025-04-12,payment,365.86,card
INV-011508,J-011508,2025-04-02,payment,4549.78,check
INV-011509,J-011509,2025-04-12,payment,209.83,ach
INV-011510,J-011510,2025-04-03,payment,225.09,card
INV-011510,J-011510,2025-06-05,chargeback,128.24,card
INV-011511,J-011511,2025-04-06,payment,293.86,financing
INV-011512,J-011512,2025-04-27,payment,354.02,check
INV-011513,J-011513,2025-04-05,payment,369.96,card
INV-011514,J-011514,2025-04-15,payment,1214.34,card
INV-011515,J-011515,2025-04-11,payment,104.81,card
INV-011516,J-011516,2025-04-13,payment,309.13,card
INV-011517,J-011517,2025-03-31,payment,423.28,card
INV-011518,J-011518,2025-04-05,payment,190.43,ach
INV-011519,J-011519,2025-03-31,payment,319.74,check
INV-011520,J-011520,2025-04-05,payment,304.15,financing
INV-011521,J-011521,2025-04-09,payment,442.56,card
INV-011522,J-011522,2025-04-26,payment,5933.33,card
INV-011523,J-011523,2025-04-04,payment,624.53,card
INV-011524,J-011524,2025-04-12,payment,318.93,financing
INV-011525,J-011525,2025-04-25,payment,375.15,financing
INV-011526,J-011526,2025-04-01,payment,579.06,financing
INV-011527,J-011527,2025-04-07,payment,458.66,card
INV-011528,J-011528,2025-04-04,payment,175.95,ach
INV-011529,J-011529,2025-04-26,payment,280.11,ach
INV-011530,J-011530,2025-04-03,payment,237.06,card
INV-011531,J-011531,2025-04-10,payment,716.25,financing
INV-011532,J-011532,2025-04-07,payment,220.36,card
INV-011533,J-011533,2025-04-05,payment,242.5,financing
INV-011534,J-011534,2025-04-06,payment,508.35,ach
INV-011535,J-011535,2025-03-31,payment,677.47,card
INV-011536,J-011536,2025-05-31,payment,539.61,financing
INV-011537,J-011537,2025-04-11,payment,773.13,card
INV-011538,J-011538,2025-04-05,payment,901.74,ach
INV-011539,J-011539,2025-04-01,payment,291.05,check
INV-011540,J-011540,2025-04-07,payment,549.54,financing
INV-011541,J-011541,2025-04-03,payment,119.59,card
INV-011542,J-011542,2025-04-07,payment,310.32,check
INV-011543,J-011543,2025-04-15,payment,2593.4,card
INV-011544,J-011544,2025-04-02,payment,583.91,card
INV-011545,J-011545,2025-04-09,payment,3993.17,ach
INV-011545,J-011545,2025-05-22,chargeback,1745.02,card
INV-011546,J-011546,2025-03-28,payment,748.7,card
INV-011547,J-011547,2025-04-01,payment,381.79,financing
INV-011548,J-011548,2025-04-01,payment,163.54,card
INV-011549,J-011549,2025-04-03,payment,2098.27,check
INV-011550,J-011550,2025-03-29,payment,417.54,card
INV-011551,J-011551,2025-04-07,payment,676.63,ach
INV-011551,J-011551,2025-04-24,refund,305.64,card
INV-011552,J-011552,2025-04-08,payment,244.68,card
INV-011553,J-011553,2025-04-11,payment,220.79,card
INV-011554,J-011554,2025-04-17,payment,133.27,card
INV-011555,J-011555,2025-04-07,payment,248.64,card
INV-011556,J-011556,2025-04-18,payment,334.41,check
INV-011557,J-011557,2025-04-11,payment,284.16,financing
INV-011558,J-011558,2025-04-13,payment,288.06,card
INV-011559,J-011559,2025-04-07,payment,417.22,financing
INV-011560,J-011560,2025-04-12,payment,3694.07,financing
INV-011561,J-011561,2025-04-06,payment,203.24,financing
INV-011562,J-011562,2025-04-09,payment,207.02,card
INV-011563,J-011563,2025-04-10,payment,308.32,ach
INV-011564,J-011564,2025-04-04,payment,338.26,check
INV-011565,J-011565,2025-04-14,payment,458.81,card
INV-011566,J-011566,2025-04-06,payment,306.12,financing
INV-011567,J-011567,2025-04-03,payment,289.78,check
INV-011568,J-011568,2025-05-07,payment,4977.88,financing
INV-011569,J-011569,2025-04-21,payment,517.49,card
INV-011570,J-011570,2025-04-07,payment,169.11,card
INV-011571,J-011571,2025-04-11,payment,363.85,check
INV-011572,J-011572,2025-04-16,payment,207.57,ach
INV-011573,J-011573,2025-04-04,payment,171.82,check
INV-011574,J-011574,2025-05-04,payment,4303.84,financing
INV-011575,J-011575,2025-04-04,payment,5333.28,financing
INV-011576,J-011576,2025-04-12,payment,614.23,check
INV-011577,J-011577,2025-04-08,payment,171.23,financing
INV-011578,J-011578,2025-04-18,payment,80.36,check
INV-011579,J-011579,2025-04-06,payment,1160.54,card
INV-011580,J-011580,2025-04-09,payment,114.61,check
INV-011581,J-011581,2025-04-07,payment,4065.66,card
INV-011582,J-011582,2025-04-06,payment,280.39,check
INV-011583,J-011583,2025-04-11,payment,353.04,ach
INV-011584,J-011584,2025-04-08,payment,168.49,ach
INV-011585,J-011585,2025-04-14,payment,194.05,check
INV-011586,J-011586,2025-04-03,payment,379.53,card
INV-011587,J-011587,2025-04-08,payment,609.91,card
INV-011588,J-011588,2025-04-07,payment,1031.1,financing
INV-011589,J-011589,2025-04-13,payment,484.83,financing
INV-011590,J-011590,2025-04-19,payment,486.53,card
INV-011591,J-011591,2025-04-28,payment,262.64,card
INV-011592,J-011592,2025-04-06,payment,273.01,card
INV-011593,J-011593,2025-04-07,payment,148.07,financing
INV-011594,J-011594,2025-05-05,payment,472.22,financing
INV-011595,J-011595,2025-04-19,payment,688.39,ach
INV-011596,J-011596,2025-04-12,payment,358.45,card
INV-011597,J-011597,2025-04-12,payment,252.61,card
INV-011598,J-011598,2025-04-13,payment,216.4,check
INV-011599,J-011599,2025-04-10,payment,150.48,financing
INV-011600,J-011600,2025-04-12,payment,620.0,card
INV-011601,J-011601,2025-04-21,payment,325.89,card
INV-011602,J-011602,2025-04-12,payment,232.93,check
INV-011603,J-011603,2025-04-12,payment,364.65,card
INV-011604,J-011604,2025-04-13,payment,3987.26,check
INV-011605,J-011605,2025-04-13,payment,524.94,card
INV-011606,J-011606,2025-04-07,payment,3877.39,check
INV-011607,J-011607,2025-04-06,payment,204.0,financing
INV-011608,J-011608,2025-04-16,payment,309.06,financing
INV-011609,J-011609,2025-04-23,payment,271.9,ach
INV-011610,J-011610,2025-04-11,payment,250.93,financing
INV-011611,J-011611,2025-04-16,payment,603.47,card
INV-011612,J-011612,2025-04-11,payment,565.92,card
INV-011613,J-011613,2025-04-16,payment,324.69,ach
INV-011614,J-011614,2025-04-17,payment,3247.13,card
INV-011615,J-011615,2025-04-11,payment,524.88,financing
INV-011616,J-011616,2025-06-08,payment,2569.03,card
INV-011617,J-011617,2025-04-22,payment,4349.67,check
INV-011618,J-011618,2025-04-24,payment,4698.2,card
INV-011619,J-011619,2025-05-09,payment,234.74,ach
INV-011620,J-011620,2025-05-14,payment,2984.03,card
INV-011621,J-011621,2025-05-09,payment,121.78,financing
INV-011622,J-011622,2025-05-09,payment,297.59,card
INV-011623,J-011623,2025-05-20,payment,3629.05,check
INV-011624,J-011624,2025-04-30,payment,3931.59,card
INV-011625,J-011625,2025-04-16,payment,4143.87,card
INV-011626,J-011626,2025-05-10,payment,2536.04,card
INV-011626,J-011626,2025-06-22,refund,948.28,card
INV-011627,J-011627,2025-04-21,payment,5243.51,ach
INV-011628,J-011628,2025-04-13,payment,256.77,financing
INV-011629,J-011629,2025-04-14,payment,380.53,financing
INV-011630,J-011630,2025-04-08,payment,522.92,check
INV-011631,J-011631,2025-04-11,payment,140.87,card
INV-011632,J-011632,2025-04-11,payment,281.17,ach
INV-011632,J-011632,2025-05-16,refund,252.92,card
INV-011633,J-011633,2025-04-06,payment,259.99,card
INV-011634,J-011634,2025-04-08,payment,337.93,check
INV-011635,J-011635,2025-04-08,payment,759.96,financing
INV-011636,J-011636,2025-04-10,payment,358.36,card
INV-011637,J-011637,2025-04-14,payment,572.65,card
INV-011638,J-011638,2025-04-09,payment,321.74,ach
INV-011638,J-011638,2025-06-03,refund,154.41,card
INV-011639,J-011639,2025-04-09,payment,185.84,ach
INV-011640,J-011640,2025-04-12,payment,786.75,ach
INV-011641,J-011641,2025-04-16,payment,512.76,check
INV-011642,J-011642,2025-04-16,payment,446.47,card
INV-011643,J-011643,2025-04-09,payment,338.04,ach
INV-011644,J-011644,2025-04-09,payment,418.81,financing
INV-011645,J-011645,2025-04-11,payment,142.47,ach
INV-011646,J-011646,2025-04-12,payment,180.02,card
INV-011647,J-011647,2025-04-13,payment,584.51,card
INV-011648,J-011648,2025-04-14,payment,825.5,financing
INV-011649,J-011649,2025-04-06,payment,4453.38,card
INV-011650,J-011650,2025-04-10,payment,251.77,card
INV-011651,J-011651,2025-04-07,payment,578.84,financing
INV-011652,J-011652,2025-04-14,payment,418.37,ach
INV-011653,J-011653,2025-04-13,payment,288.47,card
INV-011654,J-011654,2025-04-07,payment,262.0,financing
INV-011655,J-011655,2025-04-08,payment,277.37,financing
INV-011656,J-011656,2025-04-11,payment,725.02,financing
INV-011657,J-011657,2025-04-13,payment,300.23,card
INV-011658,J-011658,2025-04-12,payment,493.05,card
INV-011659,J-011659,2025-04-15,payment,400.23,card
INV-011660,J-011660,2025-04-11,payment,832.33,check
INV-011661,J-011661,2025-04-16,payment,1045.48,card
INV-011662,J-011662,2025-04-05,payment,326.41,card
INV-011663,J-011663,2025-04-12,payment,1029.58,card
INV-011664,J-011664,2025-04-14,payment,168.88,ach
INV-011665,J-011665,2025-04-06,payment,339.81,card
INV-011666,J-011666,2025-04-12,payment,210.52,check
INV-011666,J-011666,2025-05-25,chargeback,95.8,card
INV-011667,J-011667,2025-04-06,payment,330.1,check
INV-011668,J-011668,2025-04-10,payment,342.04,check
INV-011669,J-011669,2025-04-12,payment,511.26,card
INV-011670,J-011670,2025-04-08,payment,189.02,card
INV-011671,J-011671,2025-04-09,payment,493.1,card
INV-011672,J-011672,2025-04-08,payment,4434.25,financing
INV-011673,J-011673,2025-04-12,payment,4101.7,financing
INV-011674,J-011674,2025-04-10,payment,282.46,ach
INV-011675,J-011675,2025-04-09,payment,131.37,card
INV-011676,J-011676,2025-04-15,payment,540.67,ach
INV-011677,J-011677,2025-04-21,payment,368.07,ach
INV-011678,J-011678,2025-04-13,payment,4760.4,ach
INV-011679,J-011679,2025-04-13,payment,1089.23,card
INV-011680,J-011680,2025-04-28,payment,6178.85,ach
INV-011681,J-011681,2025-04-11,payment,513.34,card
INV-011682,J-011682,2025-04-13,payment,4141.75,card
INV-011683,J-011683,2025-04-14,payment,3064.88,financing
INV-011684,J-011684,2025-04-09,payment,161.24,ach
INV-011685,J-011685,2025-04-24,payment,138.62,check
INV-011686,J-011686,2025-04-29,payment,319.16,card
INV-011687,J-011687,2025-04-11,payment,155.97,card
INV-011688,J-011688,2025-04-18,payment,688.35,card
INV-011689,J-011689,2025-04-14,payment,3794.36,check
INV-011690,J-011690,2025-04-13,payment,351.57,check
INV-011691,J-011691,2025-04-16,payment,376.64,card
INV-011691,J-011691,2025-06-10,refund,372.19,card
INV-011692,J-011692,2025-04-16,payment,6668.85,ach
INV-011693,J-011693,2025-04-16,payment,158.48,ach
INV-011694,J-011694,2025-04-20,payment,242.35,financing
INV-011695,J-011695,2025-04-06,payment,182.75,ach
INV-011696,J-011696,2025-04-08,payment,314.96,financing
INV-011697,J-011697,2025-04-09,payment,189.11,card
INV-011698,J-011698,2025-04-15,payment,309.17,card
INV-011699,J-011699,2025-04-19,payment,190.74,check
INV-011700,J-011700,2025-04-14,payment,375.62,financing
INV-011701,J-011701,2025-04-07,payment,460.25,check
INV-011702,J-011702,2025-04-16,payment,238.04,card
INV-011703,J-011703,2025-04-16,payment,259.2,check
INV-011704,J-011704,2025-04-09,payment,3452.19,card
INV-011705,J-011705,2025-04-12,payment,279.84,card
INV-011706,J-011706,2025-04-15,payment,2949.54,ach
INV-011707,J-011707,2025-04-13,payment,335.63,ach
INV-011708,J-011708,2025-04-15,payment,3584.09,card
INV-011709,J-011709,2025-04-18,payment,189.24,financing
INV-011710,J-011710,2025-04-22,payment,281.97,card
INV-011711,J-011711,2025-04-14,payment,174.26,financing
INV-011712,J-011712,2025-04-06,payment,4800.56,card
INV-011713,J-011713,2025-04-25,payment,163.61,card
INV-011714,J-011714,2025-04-23,payment,328.32,card
INV-011715,J-011715,2025-04-15,payment,181.03,ach
INV-011716,J-011716,2025-05-04,payment,264.51,ach
INV-011717,J-011717,2025-04-08,payment,200.91,card
INV-011718,J-011718,2025-04-19,payment,4327.58,financing
INV-011719,J-011719,2025-04-18,payment,156.83,ach
INV-011720,J-011720,2025-04-15,payment,3421.2,card
INV-011721,J-011721,2025-04-20,payment,5350.83,check
INV-011722,J-011722,2025-04-11,payment,224.05,card
INV-011723,J-011723,2025-05-07,payment,278.44,ach
INV-011724,J-011724,2025-04-09,payment,150.52,ach
INV-011725,J-011725,2025-04-13,payment,195.22,card
INV-011726,J-011726,2025-04-14,payment,263.17,card
INV-011727,J-011727,2025-04-11,payment,305.43,ach
INV-011728,J-011728,2025-04-15,payment,387.24,card
INV-011729,J-011729,2025-04-06,payment,233.41,check
INV-011730,J-011730,2025-04-16,payment,3039.89,card
INV-011731,J-011731,2025-04-14,payment,239.27,card
INV-011732,J-011732,2025-04-14,payment,5814.76,ach
INV-011733,J-011733,2025-04-20,payment,292.93,card
INV-011734,J-011734,2025-04-15,payment,196.91,card
INV-011735,J-011735,2025-04-18,payment,302.01,ach
INV-011736,J-011736,2025-04-24,payment,355.31,card
INV-011737,J-011737,2025-04-28,payment,149.89,ach
INV-011738,J-011738,2025-04-21,payment,217.57,card
INV-011739,J-011739,2025-04-20,payment,117.36,card
INV-011740,J-011740,2025-04-19,payment,230.31,ach
INV-011741,J-011741,2025-04-17,payment,199.48,financing
INV-011742,J-011742,2025-04-19,payment,606.21,ach
INV-011743,J-011743,2025-04-23,payment,234.62,card
INV-011744,J-011744,2025-04-18,payment,530.84,card
INV-011745,J-011745,2025-04-14,payment,524.66,check
INV-011746,J-011746,2025-04-16,payment,580.22,ach
INV-011747,J-011747,2025-04-26,payment,217.59,ach
INV-011748,J-011748,2025-04-19,payment,183.94,ach
INV-011749,J-011749,2025-04-16,payment,381.5,check
INV-011750,J-011750,2025-04-21,payment,6577.71,financing
INV-011751,J-011751,2025-04-19,payment,910.64,card
INV-011752,J-011752,2025-04-26,payment,431.04,check
INV-011753,J-011753,2025-04-14,payment,909.91,ach
INV-011754,J-011754,2025-04-22,payment,236.5,card
INV-011755,J-011755,2025-04-22,payment,303.72,card
INV-011756,J-011756,2025-04-16,payment,409.88,card
INV-011757,J-011757,2025-04-21,payment,263.6,financing
INV-011758,J-011758,2025-04-15,payment,3185.36,card
INV-011759,J-011759,2025-04-14,payment,175.09,ach
INV-011760,J-011760,2025-04-15,payment,448.77,card
INV-011761,J-011761,2025-04-15,payment,551.63,card
INV-011762,J-011762,2025-04-13,payment,560.28,financing
INV-011763,J-011763,2025-04-21,payment,261.65,check
INV-011764,J-011764,2025-04-25,payment,156.05,card
INV-011765,J-011765,2025-04-17,payment,381.97,ach
INV-011766,J-011766,2025-04-17,payment,741.6,card
INV-011767,J-011767,2025-04-18,payment,476.36,financing
INV-011768,J-011768,2025-04-17,payment,5774.27,financing
INV-011769,J-011769,2025-04-18,payment,153.65,card
INV-011770,J-011770,2025-04-10,payment,509.31,check
INV-011771,J-011771,2025-04-14,payment,424.27,card
INV-011772,J-011772,2025-04-24,payment,339.18,ach
INV-011773,J-011773,2025-04-29,payment,283.12,check
INV-011774,J-011774,2025-04-29,payment,382.95,card
INV-011775,J-011775,2025-04-17,payment,159.02,financing
INV-011776,J-011776,2025-04-16,payment,740.73,ach
INV-011777,J-011777,2025-04-18,payment,4452.04,check
INV-011778,J-011778,2025-04-16,payment,456.02,card
INV-011778,J-011778,2025-06-21,refund,283.68,card
INV-011779,J-011779,2025-04-16,payment,285.69,financing
INV-011780,J-011780,2025-04-19,payment,205.14,financing
INV-011781,J-011781,2025-04-21,payment,357.57,card
INV-011782,J-011782,2025-04-21,payment,808.16,ach
INV-011783,J-011783,2025-04-18,payment,309.22,financing
INV-011784,J-011784,2025-04-23,payment,486.5,card
INV-011785,J-011785,2025-04-22,payment,6657.82,financing
INV-011786,J-011786,2025-04-21,payment,463.41,card
INV-011787,J-011787,2025-04-26,payment,258.89,financing
INV-011788,J-011788,2025-04-22,payment,4758.29,financing
INV-011789,J-011789,2025-05-02,payment,290.15,ach
INV-011790,J-011790,2025-04-27,payment,624.77,card
INV-011791,J-011791,2025-04-14,payment,5580.25,card
INV-011791,J-011791,2025-06-12,chargeback,3850.41,card
INV-011792,J-011792,2025-04-14,payment,271.19,check
INV-011793,J-011793,2025-04-25,payment,436.04,check
INV-011794,J-011794,2025-04-20,payment,204.06,check
INV-011795,J-011795,2025-04-12,payment,334.67,financing
INV-011796,J-011796,2025-04-20,payment,193.69,check
INV-011797,J-011797,2025-04-15,payment,3867.21,financing
INV-011798,J-011798,2025-04-14,payment,3658.36,card
INV-011799,J-011799,2025-04-21,payment,185.26,ach
INV-011800,J-011800,2025-04-21,payment,5090.78,card
INV-011801,J-011801,2025-05-07,payment,3721.13,check
INV-011802,J-011802,2025-04-24,payment,3699.23,card
INV-011803,J-011803,2025-06-11,payment,3005.62,check
INV-011804,J-011804,2025-05-20,payment,3582.2,check
INV-011805,J-011805,2025-06-02,payment,239.05,ach
INV-011806,J-011806,2025-08-11,payment,3290.1,ach
INV-011807,J-011807,2025-05-16,payment,4157.85,ach
INV-011808,J-011808,2025-05-30,payment,2407.01,ach
INV-011809,J-011809,2025-06-30,payment,223.8,check
INV-011810,J-011810,2025-04-26,payment,3260.83,card
INV-011811,J-011811,2025-05-20,payment,464.8,card
INV-011812,J-011812,2025-05-18,payment,211.57,ach
INV-011813,J-011813,2025-05-27,payment,3451.89,ach
INV-011813,J-011813,2025-08-02,refund,1374.88,card
INV-011814,J-011814,2025-04-20,payment,427.71,financing
INV-011815,J-011815,2025-04-18,payment,293.84,card
INV-011816,J-011816,2025-04-23,payment,421.46,ach
INV-011817,J-011817,2025-04-24,payment,781.12,card
INV-011818,J-011818,2025-05-04,payment,633.66,check
INV-011819,J-011819,2025-04-16,payment,568.01,ach
INV-011820,J-011820,2025-04-14,payment,305.17,ach
INV-011821,J-011821,2025-04-18,payment,718.04,card
INV-011822,J-011822,2025-04-16,payment,166.12,card
INV-011823,J-011823,2025-04-13,payment,160.96,card
INV-011824,J-011824,2025-04-17,payment,381.04,ach
INV-011825,J-011825,2025-04-22,payment,146.46,check
INV-011826,J-011826,2025-04-14,payment,525.38,card
INV-011827,J-011827,2025-04-14,payment,887.44,card
INV-011828,J-011828,2025-04-20,payment,346.09,financing
INV-011829,J-011829,2025-04-16,payment,3876.49,ach
INV-011830,J-011830,2025-04-15,payment,347.75,check
INV-011831,J-011831,2025-04-22,payment,307.03,financing
INV-011832,J-011832,2025-04-16,payment,704.3,check
INV-011833,J-011833,2025-04-10,payment,330.08,ach
INV-011834,J-011834,2025-04-16,payment,130.29,ach
INV-011835,J-011835,2025-04-19,payment,281.67,card
INV-011836,J-011836,2025-04-24,payment,529.47,check
INV-011837,J-011837,2025-04-16,payment,459.56,ach
INV-011838,J-011838,2025-04-12,payment,325.13,ach
INV-011839,J-011839,2025-04-17,payment,426.57,ach
INV-011840,J-011840,2025-04-25,payment,146.23,check
INV-011841,J-011841,2025-04-15,payment,201.54,check
INV-011842,J-011842,2025-04-24,payment,833.83,check
INV-011843,J-011843,2025-05-02,payment,425.69,card
INV-011844,J-011844,2025-04-17,payment,274.08,ach
INV-011845,J-011845,2025-04-16,payment,588.18,card
INV-011846,J-011846,2025-04-22,payment,330.7,card
INV-011846,J-011846,2025-07-02,refund,329.81,card
INV-011847,J-011847,2025-04-19,payment,4126.47,financing
INV-011848,J-011848,2025-04-15,payment,431.43,financing
INV-011849,J-011849,2025-04-21,payment,781.08,ach
INV-011849,J-011849,2025-05-23,refund,238.82,card
INV-011850,J-011850,2025-04-12,payment,248.42,card
INV-011851,J-011851,2025-04-19,payment,408.45,card
INV-011852,J-011852,2025-04-17,payment,380.0,ach
INV-011853,J-011853,2025-04-19,payment,397.92,check
INV-011854,J-011854,2025-04-15,payment,162.24,check
INV-011854,J-011854,2025-05-08,refund,86.54,card
INV-011855,J-011855,2025-04-14,payment,212.89,card
INV-011856,J-011856,2025-04-16,payment,288.63,card
INV-011857,J-011857,2025-04-11,payment,437.56,card
INV-011858,J-011858,2025-04-17,payment,6119.42,card
INV-011859,J-011859,2025-04-18,payment,1249.07,check
INV-011860,J-011860,2025-04-14,payment,617.06,financing
INV-011861,J-011861,2025-05-30,payment,3028.56,check
INV-011862,J-011862,2025-05-05,payment,196.2,financing
INV-011863,J-011863,2025-04-26,payment,444.93,card
INV-011864,J-011864,2025-05-06,payment,224.19,check
INV-011865,J-011865,2025-04-30,payment,346.21,financing
INV-011866,J-011866,2025-04-20,payment,238.32,card
INV-011867,J-011867,2025-05-21,payment,175.69,card
INV-011868,J-011868,2025-04-21,payment,607.76,ach
INV-011869,J-011869,2025-05-22,payment,474.79,card
INV-011870,J-011870,2025-04-29,payment,235.9,card
INV-011871,J-011871,2025-04-13,payment,200.37,check
INV-011872,J-011872,2025-04-13,payment,3176.19,card
INV-011873,J-011873,2025-04-21,payment,641.13,card
INV-011874,J-011874,2025-05-07,payment,200.74,financing
INV-011875,J-011875,2025-04-24,payment,1712.9,card
INV-011876,J-011876,2025-04-22,payment,4342.62,financing
INV-011877,J-011877,2025-04-29,payment,155.49,ach
INV-011878,J-011878,2025-04-16,payment,328.57,financing
INV-011879,J-011879,2025-04-20,payment,670.78,card
INV-011880,J-011880,2025-04-27,payment,477.07,card
INV-011881,J-011881,2025-04-13,payment,426.8,card
INV-011882,J-011882,2025-04-13,payment,4531.62,financing
INV-011883,J-011883,2025-04-25,payment,747.61,ach
INV-011884,J-011884,2025-04-23,payment,215.51,check
INV-011885,J-011885,2025-04-17,payment,4192.34,ach
INV-011886,J-011886,2025-04-28,payment,414.36,financing
INV-011887,J-011887,2025-04-13,payment,2953.05,ach
INV-011888,J-011888,2025-04-24,payment,169.72,financing
INV-011889,J-011889,2025-04-26,payment,398.05,ach
INV-011890,J-011890,2025-04-24,payment,507.28,ach
INV-011891,J-011891,2025-04-19,payment,277.11,ach
INV-011892,J-011892,2025-04-21,payment,707.29,financing
INV-011893,J-011893,2025-04-15,payment,318.34,financing
INV-011894,J-011894,2025-04-20,payment,416.61,ach
INV-011895,J-011895,2025-04-17,payment,439.21,card
INV-011896,J-011896,2025-04-14,payment,129.91,financing
INV-011897,J-011897,2025-04-21,payment,5577.2,ach
INV-011898,J-011898,2025-04-14,payment,609.39,ach
INV-011899,J-011899,2025-04-23,payment,570.4,card
INV-011900,J-011900,2025-04-19,payment,128.47,ach
INV-011901,J-011901,2025-04-19,payment,146.38,financing
INV-011902,J-011902,2025-04-19,payment,495.41,check
INV-011903,J-011903,2025-04-20,payment,161.95,ach
INV-011904,J-011904,2025-05-08,payment,359.26,card
INV-011905,J-011905,2025-04-13,payment,3987.3,ach
INV-011906,J-011906,2025-04-14,payment,2813.85,ach
INV-011907,J-011907,2025-04-22,payment,907.96,card
INV-011908,J-011908,2025-05-07,payment,265.03,ach
INV-011909,J-011909,2025-04-19,payment,283.21,check
INV-011910,J-011910,2025-04-22,payment,5707.45,financing
INV-011911,J-011911,2025-04-16,payment,549.39,ach
INV-011912,J-011912,2025-04-25,payment,3821.98,financing
INV-011913,J-011913,2025-04-21,payment,85.75,card
INV-011914,J-011914,2025-04-28,payment,6068.8,check
INV-011915,J-011915,2025-04-29,payment,296.19,check
INV-011916,J-011916,2025-06-12,payment,486.46,financing
INV-011917,J-011917,2025-05-07,payment,251.5,card
INV-011917,J-011917,2025-07-05,refund,90.25,card
INV-011918,J-011918,2025-05-02,payment,362.64,card
INV-011919,J-011919,2025-04-26,payment,222.14,card
INV-011920,J-011920,2025-05-14,payment,247.03,ach
INV-011921,J-011921,2025-04-26,payment,265.81,card
INV-011922,J-011922,2025-04-25,payment,861.46,check
INV-011923,J-011923,2025-04-20,payment,211.53,ach
INV-011924,J-011924,2025-04-19,payment,223.96,card
INV-011925,J-011925,2025-04-25,payment,325.97,check
INV-011926,J-011926,2025-04-21,payment,621.26,check
INV-011927,J-011927,2025-04-24,payment,391.4,check
INV-011928,J-011928,2025-04-28,payment,380.04,financing
INV-011929,J-011929,2025-05-01,payment,194.51,financing
INV-011930,J-011930,2025-04-26,payment,282.59,ach
INV-011931,J-011931,2025-04-26,payment,636.46,check
INV-011932,J-011932,2025-04-26,payment,270.19,financing
INV-011933,J-011933,2025-04-27,payment,334.63,card
INV-011934,J-011934,2025-04-23,payment,184.88,financing
INV-011935,J-011935,2025-04-28,payment,837.32,check
INV-011936,J-011936,2025-05-12,payment,328.76,ach
INV-011937,J-011937,2025-04-30,payment,179.71,check
INV-011938,J-011938,2025-04-25,payment,343.81,card
INV-011939,J-011939,2025-04-21,payment,472.74,ach
INV-011940,J-011940,2025-04-26,payment,362.77,financing
INV-011941,J-011941,2025-05-09,payment,409.97,ach
INV-011942,J-011942,2025-04-23,payment,393.83,ach
INV-011943,J-011943,2025-04-24,payment,749.99,card
INV-011944,J-011944,2025-04-28,payment,380.49,check
INV-011945,J-011945,2025-04-21,payment,311.37,financing
INV-011946,J-011946,2025-04-23,payment,290.09,financing
INV-011947,J-011947,2025-04-28,payment,502.97,card
INV-011948,J-011948,2025-04-22,payment,340.53,check
INV-011949,J-011949,2025-05-04,payment,655.44,check
INV-011950,J-011950,2025-04-25,payment,892.88,ach
INV-011951,J-011951,2025-04-26,payment,346.99,financing
INV-011952,J-011952,2025-04-30,payment,266.54,card
INV-011953,J-011953,2025-04-26,payment,283.71,financing
INV-011953,J-011953,2025-06-22,chargeback,216.83,card
INV-011954,J-011954,2025-04-22,payment,569.06,ach
INV-011955,J-011955,2025-04-27,payment,440.58,check
INV-011956,J-011956,2025-04-22,payment,3094.77,card
INV-011957,J-011957,2025-05-16,payment,349.37,financing
INV-011958,J-011958,2025-04-27,payment,211.92,ach
INV-011959,J-011959,2025-04-20,payment,302.82,check
INV-011960,J-011960,2025-04-19,payment,334.88,financing
INV-011961,J-011961,2025-05-31,payment,5844.52,card
INV-011962,J-011962,2025-05-09,payment,268.15,check
INV-011963,J-011963,2025-05-10,payment,157.76,card
INV-011964,J-011964,2025-04-23,payment,4456.52,card
INV-011965,J-011965,2025-05-01,payment,554.21,card
INV-011966,J-011966,2025-05-13,payment,377.91,ach
INV-011967,J-011967,2025-04-29,payment,519.36,card
INV-011968,J-011968,2025-05-04,payment,4219.7,card
INV-011968,J-011968,2025-05-27,refund,3032.34,card
INV-011969,J-011969,2025-04-27,payment,438.1,check
INV-011970,J-011970,2025-05-04,payment,3380.88,card
INV-011971,J-011971,2025-04-19,payment,2930.02,ach
INV-011972,J-011972,2025-04-27,payment,4434.14,ach
INV-011973,J-011973,2025-05-02,payment,2859.28,check
INV-011974,J-011974,2025-04-27,payment,3488.38,card
INV-011975,J-011975,2025-04-29,payment,2729.34,financing
INV-011976,J-011976,2025-04-26,payment,348.93,financing
INV-011977,J-011977,2025-04-24,payment,228.59,card
INV-011978,J-011978,2025-05-17,payment,6435.54,card
INV-011979,J-011979,2025-04-26,payment,497.53,card
INV-011980,J-011980,2025-04-28,payment,183.86,check
INV-011981,J-011981,2025-05-03,payment,5954.95,card
INV-011982,J-011982,2025-05-05,payment,221.5,card
INV-011983,J-011983,2025-04-26,payment,3467.89,check
INV-011984,J-011984,2025-07-19,payment,3643.8,financing
INV-011985,J-011985,2025-06-24,payment,4366.96,card
INV-011986,J-011986,2025-06-03,payment,5478.22,check
INV-011987,J-011987,2025-08-12,payment,242.69,card
INV-011988,J-011988,2025-06-12,payment,701.82,financing
INV-011989,J-011989,2025-06-17,payment,5164.82,ach
INV-011990,J-011990,2025-06-01,payment,3890.06,card
INV-011991,J-011991,2025-05-25,payment,231.58,card
INV-011992,J-011992,2025-06-13,payment,4666.71,check
INV-011993,J-011993,2025-05-17,payment,4558.53,check
INV-011994,J-011994,2025-08-08,payment,3650.51,check
INV-011995,J-011995,2025-05-25,payment,331.86,check
INV-011996,J-011996,2025-07-11,payment,205.39,ach
INV-011997,J-011997,2025-07-21,payment,4380.6,financing
INV-011998,J-011998,2025-05-03,payment,4200.35,ach
INV-011999,J-011999,2025-05-08,payment,4416.49,financing
INV-012000,J-012000,2025-05-10,payment,223.55,card
INV-012001,J-012001,2025-08-08,payment,3131.99,card
INV-012002,J-012002,2025-08-11,payment,3638.1,card
INV-012003,J-012003,2025-05-21,payment,3084.59,card
INV-012004,J-012004,2025-06-11,payment,233.94,financing
INV-012005,J-012005,2025-07-16,payment,4996.19,financing
INV-012006,J-012006,2025-08-25,payment,521.41,ach
INV-012007,J-012007,2025-05-22,payment,3151.34,check
INV-012008,J-012008,2025-07-24,payment,451.17,financing
INV-012009,J-012009,2025-06-14,payment,4983.24,card
INV-012010,J-012010,2025-05-07,payment,5035.81,card
INV-012011,J-012011,2025-06-01,payment,5053.67,financing
INV-012012,J-012012,2025-05-02,payment,3489.33,card
INV-012013,J-012013,2025-04-21,payment,765.88,card
INV-012014,J-012014,2025-04-22,payment,219.89,ach
INV-012015,J-012015,2025-04-22,payment,4116.64,financing
INV-012016,J-012016,2025-04-26,payment,706.24,card
INV-012017,J-012017,2025-04-26,payment,256.22,card
INV-012018,J-012018,2025-04-19,payment,3667.8,ach
INV-012019,J-012019,2025-04-27,payment,332.5,ach
INV-012020,J-012020,2025-04-24,payment,610.98,check
INV-012021,J-012021,2025-04-22,payment,496.2,check
INV-012022,J-012022,2025-04-25,payment,175.44,financing
INV-012023,J-012023,2025-04-20,payment,294.84,check
INV-012024,J-012024,2025-04-22,payment,220.62,check
INV-012025,J-012025,2025-04-22,payment,560.08,check
INV-012026,J-012026,2025-04-21,payment,439.86,card
INV-012026,J-012026,2025-05-14,refund,282.17,card
INV-012027,J-012027,2025-04-25,payment,194.52,check
INV-012028,J-012028,2025-04-24,payment,359.01,card
INV-012029,J-012029,2025-04-19,payment,594.7,ach
INV-012030,J-012030,2025-04-22,payment,4637.47,check
INV-012031,J-012031,2025-04-26,payment,784.88,ach
INV-012032,J-012032,2025-04-26,payment,4329.35,check
INV-012033,J-012033,2025-04-29,payment,1740.34,financing
INV-012034,J-012034,2025-04-23,payment,235.8,card
INV-012035,J-012035,2025-04-20,payment,453.87,ach
INV-012036,J-012036,2025-04-20,payment,603.21,financing
INV-012037,J-012037,2025-04-24,payment,171.35,ach
INV-012038,J-012038,2025-04-29,payment,269.69,card
INV-012039,J-012039,2025-05-07,payment,226.51,ach
INV-012040,J-012040,2025-04-24,payment,611.8,card
INV-012041,J-012041,2025-04-25,payment,270.48,ach
INV-012042,J-012042,2025-04-17,payment,514.87,card
INV-012043,J-012043,2025-04-24,payment,573.14,card
INV-012044,J-012044,2025-04-26,payment,520.32,card
INV-012045,J-012045,2025-04-25,payment,504.22,ach
INV-012046,J-012046,2025-04-18,payment,221.18,card
INV-012047,J-012047,2025-04-24,payment,309.22,card
INV-012048,J-012048,2025-04-22,payment,692.93,financing
INV-012049,J-012049,2025-04-24,payment,663.91,card
INV-012050,J-012050,2025-04-21,payment,393.36,card
INV-012051,J-012051,2025-04-20,payment,293.57,card
INV-012052,J-012052,2025-04-20,payment,169.05,financing
INV-012053,J-012053,2025-04-27,payment,216.52,card
INV-012054,J-012054,2025-04-28,payment,347.43,card
INV-012055,J-012055,2025-04-30,payment,550.15,card
INV-012056,J-012056,2025-04-22,payment,384.53,check
INV-012057,J-012057,2025-05-04,payment,197.52,card
INV-012058,J-012058,2025-04-26,payment,500.78,card
INV-012059,J-012059,2025-04-25,payment,325.01,card
INV-012060,J-012060,2025-04-21,payment,257.83,card
INV-012061,J-012061,2025-04-21,payment,336.97,ach
INV-012062,J-012062,2025-04-27,payment,395.2,check
INV-012063,J-012063,2025-04-24,payment,281.98,check
INV-012064,J-012064,2025-04-21,payment,693.79,ach
INV-012065,J-012065,2025-04-26,payment,522.16,ach
INV-012066,J-012066,2025-05-02,payment,294.48,ach
INV-012067,J-012067,2025-04-24,payment,712.87,card
INV-012068,J-012068,2025-04-29,payment,114.15,card
INV-012069,J-012069,2025-04-26,payment,314.49,check
INV-012070,J-012070,2025-05-01,payment,707.95,card
INV-012071,J-012071,2025-04-24,payment,217.76,card
INV-012072,J-012072,2025-04-19,payment,224.98,check
INV-012073,J-012073,2025-04-23,payment,259.09,financing
INV-012074,J-012074,2025-04-26,payment,368.63,ach
INV-012075,J-012075,2025-04-30,payment,687.59,card
INV-012076,J-012076,2025-04-24,payment,867.16,check
INV-012077,J-012077,2025-04-22,payment,197.78,card
INV-012078,J-012078,2025-05-10,payment,3533.17,check
INV-012079,J-012079,2025-04-21,payment,586.55,card
INV-012080,J-012080,2025-04-24,payment,127.7,financing
INV-012081,J-012081,2025-04-20,payment,206.02,ach
INV-012082,J-012082,2025-04-26,payment,668.74,ach
INV-012083,J-012083,2025-04-26,payment,485.97,check
INV-012084,J-012084,2025-04-30,payment,236.57,card
INV-012085,J-012085,2025-04-29,payment,3326.79,ach
INV-012086,J-012086,2025-04-21,payment,3183.4,ach
INV-012086,J-012086,2025-06-02,refund,1384.24,card
INV-012087,J-012087,2025-04-23,payment,5545.11,card
INV-012088,J-012088,2025-04-28,payment,4608.01,financing
INV-012089,J-012089,2025-05-10,payment,166.14,card
INV-012090,J-012090,2025-04-29,payment,638.04,check
INV-012091,J-012091,2025-05-26,payment,263.19,card
INV-012092,J-012092,2025-05-04,payment,4284.56,ach
INV-012093,J-012093,2025-04-22,payment,639.19,card
INV-012094,J-012094,2025-04-25,payment,139.64,card
INV-012095,J-012095,2025-05-08,payment,237.97,ach
INV-012096,J-012096,2025-04-30,payment,698.59,financing
INV-012097,J-012097,2025-04-26,payment,233.68,card
INV-012098,J-012098,2025-04-29,payment,3984.64,card
INV-012099,J-012099,2025-04-24,payment,563.64,ach
INV-012100,J-012100,2025-05-29,payment,181.86,financing
INV-012101,J-012101,2025-04-26,payment,254.17,financing
INV-012102,J-012102,2025-04-27,payment,606.24,card
INV-012103,J-012103,2025-05-08,payment,241.76,card
INV-012104,J-012104,2025-04-24,payment,3427.57,financing
INV-012105,J-012105,2025-04-29,payment,457.07,card
INV-012106,J-012106,2025-04-25,payment,208.38,ach
INV-012107,J-012107,2025-04-26,payment,206.07,ach
INV-012108,J-012108,2025-04-29,payment,246.63,ach
INV-012109,J-012109,2025-05-04,payment,4665.6,financing
INV-012110,J-012110,2025-05-18,payment,447.31,card
INV-012111,J-012111,2025-04-28,payment,297.82,check
INV-012112,J-012112,2025-05-11,payment,268.57,financing
INV-012113,J-012113,2025-04-28,payment,177.41,check
INV-012114,J-012114,2025-04-22,payment,717.79,ach
INV-012115,J-012115,2025-04-28,payment,257.16,financing
INV-012116,J-012116,2025-05-09,payment,289.3,ach
INV-012117,J-012117,2025-04-25,payment,504.14,card
INV-012118,J-012118,2025-04-25,payment,259.71,ach
INV-012119,J-012119,2025-04-24,payment,590.68,card
INV-012120,J-012120,2025-05-01,payment,461.75,card
INV-012121,J-012121,2025-05-06,payment,669.43,ach
INV-012122,J-012122,2025-04-21,payment,205.19,card
INV-012123,J-012123,2025-05-05,payment,482.1,card
INV-012124,J-012124,2025-04-27,payment,2782.14,card
INV-012124,J-012124,2025-09-11,refund,2028.18,card
INV-012125,J-012125,2025-04-24,payment,563.34,ach
INV-012126,J-012126,2025-05-01,payment,212.6,card
INV-012127,J-012127,2025-04-28,payment,4352.2,check
INV-012128,J-012128,2025-04-30,payment,541.7,card
INV-012129,J-012129,2025-05-03,payment,261.47,check
INV-012130,J-012130,2025-04-22,payment,254.96,financing
INV-012131,J-012131,2025-04-25,payment,4306.58,card
INV-012131,J-012131,2025-07-14,refund,3711.82,card
INV-012132,J-012132,2025-05-10,payment,3633.51,card
INV-012133,J-012133,2025-04-23,payment,398.91,card
INV-012134,J-012134,2025-04-22,payment,3234.91,check
INV-012134,J-012134,2025-05-23,refund,2832.31,card
INV-012135,J-012135,2025-05-03,payment,314.93,financing
INV-012136,J-012136,2025-05-05,payment,2985.16,card
INV-012137,J-012137,2025-05-04,payment,377.87,financing
INV-012138,J-012138,2025-05-04,payment,194.12,ach
INV-012139,J-012139,2025-05-05,payment,331.47,financing
INV-012140,J-012140,2025-05-03,payment,174.53,ach
INV-012141,J-012141,2025-04-30,payment,271.62,ach
INV-012142,J-012142,2025-04-28,payment,631.27,ach
INV-012143,J-012143,2025-05-05,payment,3897.6,check
INV-012144,J-012144,2025-05-09,payment,2831.96,check
INV-012145,J-012145,2025-05-10,payment,4612.77,card
INV-012146,J-012146,2025-05-04,payment,184.39,financing
INV-012147,J-012147,2025-05-04,payment,755.71,ach
INV-012148,J-012148,2025-05-20,payment,405.61,ach
INV-012149,J-012149,2025-05-09,payment,1078.42,card
INV-012150,J-012150,2025-05-02,payment,449.31,card
INV-012151,J-012151,2025-05-09,payment,722.7,ach
INV-012152,J-012152,2025-05-01,payment,395.33,ach
INV-012153,J-012153,2025-05-05,payment,223.61,financing
INV-012154,J-012154,2025-04-26,payment,224.1,ach
INV-012155,J-012155,2025-05-17,payment,308.31,ach
INV-012156,J-012156,2025-05-13,payment,192.76,ach
INV-012157,J-012157,2025-05-07,payment,405.63,card
INV-012158,J-012158,2025-04-28,payment,347.31,financing
INV-012159,J-012159,2025-04-29,payment,372.7,card
INV-012160,J-012160,2025-05-03,payment,633.08,card
INV-012161,J-012161,2025-05-04,payment,6872.84,card
INV-012162,J-012162,2025-04-26,payment,227.94,check
INV-012163,J-012163,2025-05-15,payment,833.23,ach
INV-012164,J-012164,2025-05-06,payment,247.11,ach
INV-012165,J-012165,2025-05-07,payment,259.61,financing
INV-012166,J-012166,2025-04-29,payment,421.48,card
INV-012167,J-012167,2025-05-23,payment,300.49,financing
INV-012168,J-012168,2025-04-26,payment,448.43,card
INV-012169,J-012169,2025-04-27,payment,468.59,card
INV-012170,J-012170,2025-05-01,payment,645.71,ach
INV-012171,J-012171,2025-04-28,payment,456.78,card
INV-012172,J-012172,2025-05-11,payment,422.65,check
INV-012173,J-012173,2025-04-29,payment,166.81,card
INV-012174,J-012174,2025-04-27,payment,227.88,check
INV-012175,J-012175,2025-05-05,payment,379.62,check
INV-012176,J-012176,2025-04-30,payment,388.68,check
INV-012177,J-012177,2025-04-30,payment,445.6,card
INV-012178,J-012178,2025-04-30,payment,387.39,ach
INV-012179,J-012179,2025-04-30,payment,206.59,check
INV-012180,J-012180,2025-04-26,payment,179.01,financing
INV-012181,J-012181,2025-05-12,payment,574.47,card
INV-012182,J-012182,2025-05-05,payment,308.39,card
INV-012183,J-012183,2025-05-12,payment,3580.6,financing
INV-012183,J-012183,2025-06-21,refund,1081.1,card
INV-012184,J-012184,2025-05-25,payment,306.76,check
INV-012185,J-012185,2025-05-07,payment,466.97,check
INV-012186,J-012186,2025-05-02,payment,233.32,financing
INV-012187,J-012187,2025-05-09,payment,498.49,financing
INV-012188,J-012188,2025-05-29,payment,342.83,ach
INV-012189,J-012189,2025-04-30,payment,359.45,card
INV-012190,J-012190,2025-05-03,payment,4370.84,check
INV-012191,J-012191,2025-04-30,payment,2378.97,financing
INV-012192,J-012192,2025-05-01,payment,661.3,card
INV-012193,J-012193,2025-05-06,payment,4941.99,check
INV-012194,J-012194,2025-05-24,payment,173.56,check
INV-012195,J-012195,2025-05-26,payment,356.64,card
INV-012196,J-012196,2025-04-27,payment,254.4,financing
INV-012196,J-012196,2025-06-05,chargeback,214.39,card
INV-012197,J-012197,2025-04-28,payment,377.98,ach
INV-012198,J-012198,2025-05-04,payment,550.82,ach
INV-012199,J-012199,2025-05-04,payment,323.6,financing
INV-012200,J-012200,2025-05-02,payment,205.65,card
INV-012201,J-012201,2025-05-28,payment,4847.21,ach
INV-012202,J-012202,2025-05-16,payment,3196.28,card
INV-012203,J-012203,2025-05-04,payment,4906.16,ach
INV-012203,J-012203,2025-07-26,refund,4292.65,card
INV-012204,J-012204,2025-05-04,payment,3807.63,check
INV-012205,J-012205,2025-05-03,payment,4421.28,check
INV-012206,J-012206,2025-05-03,payment,228.93,card
INV-012207,J-012207,2025-05-04,payment,4785.83,card
INV-012208,J-012208,2025-04-29,payment,518.09,card
INV-012209,J-012209,2025-05-14,payment,327.4,financing
INV-012210,J-012210,2025-05-09,payment,3697.61,card
INV-012211,J-012211,2025-04-30,payment,223.62,financing
INV-012212,J-012212,2025-05-08,payment,357.64,financing
INV-012213,J-012213,2025-06-03,payment,420.08,card
INV-012214,J-012214,2025-06-18,payment,4479.96,check
INV-012215,J-012215,2025-05-04,payment,3629.52,card
INV-012216,J-012216,2025-05-16,payment,4536.5,card
INV-012217,J-012217,2025-05-12,payment,2336.57,ach
INV-012218,J-012218,2025-05-15,payment,2807.35,ach
INV-012218,J-012218,2025-08-10,refund,1404.16,card
INV-012219,J-012219,2025-05-19,payment,163.79,card
INV-012220,J-012220,2025-05-08,payment,216.7,card
INV-012221,J-012221,2025-05-10,payment,2235.5,card
INV-012222,J-012222,2025-08-25,payment,3830.92,check
INV-012223,J-012223,2025-05-23,payment,3603.84,check
INV-012224,J-012224,2025-06-13,payment,4650.47,card
INV-012225,J-012225,2025-05-25,payment,3291.12,ach
INV-012226,J-012226,2025-07-19,payment,586.61,card
INV-012227,J-012227,2025-06-11,payment,786.59,financing
INV-012228,J-012228,2025-06-23,payment,3123.41,card
INV-012229,J-012229,2025-08-18,payment,4034.09,card
INV-012230,J-012230,2025-06-10,payment,3491.96,card
INV-012231,J-012231,2025-05-18,payment,4419.6,ach
INV-012232,J-012232,2025-05-12,payment,377.06,financing
INV-012233,J-012233,2025-05-23,payment,7501.08,ach
INV-012233,J-012233,2025-06-27,refund,3686.24,card
INV-012234,J-012234,2025-05-09,payment,5328.65,card
INV-012235,J-012235,2025-06-13,payment,3438.84,financing
INV-012236,J-012236,2025-05-27,payment,319.22,card
INV-012237,J-012237,2025-06-15,payment,173.24,financing
INV-012238,J-012238,2025-05-15,payment,3770.4,financing
INV-012239,J-012239,2025-05-10,payment,4421.23,ach
INV-012240,J-012240,2025-08-10,payment,3399.7,ach
INV-012241,J-012241,2025-06-19,payment,5729.11,card
INV-012242,J-012242,2025-07-05,payment,4824.11,financing
INV-012243,J-012243,2025-08-18,payment,186.91,card
INV-012244,J-012244,2025-09-17,payment,171.26,ach
INV-012245,J-012245,2025-05-09,payment,1134.93,check
INV-012246,J-012246,2025-05-27,payment,3994.54,check
INV-012247,J-012247,2025-05-08,payment,6437.75,card
INV-012248,J-012248,2025-05-03,payment,197.57,ach
INV-012249,J-012249,2025-04-29,payment,4912.57,card
INV-012250,J-012250,2025-05-06,payment,705.55,ach
INV-012251,J-012251,2025-04-29,payment,349.75,card
INV-012252,J-012252,2025-05-05,payment,511.79,check
INV-012253,J-012253,2025-04-26,payment,264.1,financing
INV-012254,J-012254,2025-04-30,payment,157.26,ach
INV-012255,J-012255,2025-05-05,payment,237.2,card
INV-012256,J-012256,2025-05-04,payment,359.55,check
INV-012257,J-012257,2025-04-27,payment,194.6,financing
INV-012258,J-012258,2025-05-02,payment,303.74,card
INV-012259,J-012259,2025-05-01,payment,936.9,check
INV-012260,J-012260,2025-04-23,payment,654.59,financing
INV-012261,J-012261,2025-05-01,payment,341.26,card
INV-012262,J-012262,2025-04-30,payment,437.78,card
INV-012263,J-012263,2025-04-28,payment,376.37,card
INV-012264,J-012264,2025-05-04,payment,504.95,ach
INV-012265,J-012265,2025-04-30,payment,300.9,check
INV-012266,J-012266,2025-04-28,payment,477.03,financing
INV-012267,J-012267,2025-04-29,payment,256.45,card
INV-012268,J-012268,2025-05-03,payment,505.91,card
INV-012269,J-012269,2025-04-28,payment,425.72,financing
INV-012269,J-012269,2025-05-22,refund,372.73,card
INV-012270,J-012270,2025-04-29,payment,170.74,check
INV-012271,J-012271,2025-05-02,payment,539.48,ach
INV-012272,J-012272,2025-04-26,payment,282.11,check
INV-012273,J-012273,2025-04-29,payment,5063.93,check
INV-012274,J-012274,2025-05-01,payment,246.44,check
INV-012275,J-012275,2025-04-30,payment,617.01,financing
INV-012276,J-012276,2025-05-02,payment,467.46,card
INV-012277,J-012277,2025-05-08,payment,512.33,card
INV-012278,J-012278,2025-05-04,payment,457.31,card
INV-012279,J-012279,2025-05-04,payment,471.57,card
INV-012280,J-012280,2025-05-15,payment,187.7,card
INV-012281,J-012281,2025-04-27,payment,212.01,financing
INV-012282,J-012282,2025-04-30,payment,478.11,card
INV-012283,J-012283,2025-04-29,payment,481.14,financing
INV-012284,J-012284,2025-05-07,payment,343.73,check
INV-012285,J-012285,2025-04-30,payment,247.29,ach
INV-012286,J-012286,2025-05-01,payment,451.17,ach
INV-012287,J-012287,2025-05-04,payment,947.82,card
INV-012288,J-012288,2025-05-07,payment,197.48,ach
INV-012289,J-012289,2025-04-26,payment,554.81,card
INV-012290,J-012290,2025-05-17,payment,198.97,financing
INV-012291,J-012291,2025-04-27,payment,442.24,financing
INV-012292,J-012292,2025-04-30,payment,420.34,card
INV-012293,J-012293,2025-05-02,payment,407.53,card
INV-012294,J-012294,2025-05-03,payment,166.59,ach
INV-012295,J-012295,2025-04-26,payment,563.21,financing
INV-012296,J-012296,2025-05-02,payment,1296.99,card
INV-012297,J-012297,2025-04-28,payment,269.45,check
INV-012298,J-012298,2025-04-28,payment,555.19,card
INV-012299,J-012299,2025-04-28,payment,211.04,card
INV-012300,J-012300,2025-05-09,payment,551.88,card
INV-012300,J-012300,2025-05-13,chargeback,407.24,card
INV-012301,J-012301,2025-04-30,payment,420.08,check
INV-012302,J-012302,2025-05-03,payment,414.29,card
INV-012303,J-012303,2025-05-01,payment,302.52,check
INV-012304,J-012304,2025-05-02,payment,228.32,card
INV-012305,J-012305,2025-05-06,payment,450.32,financing
INV-012306,J-012306,2025-05-25,payment,148.25,card
INV-012307,J-012307,2025-04-30,payment,387.79,ach
INV-012308,J-012308,2025-05-15,payment,195.18,check
INV-012309,J-012309,2025-05-19,payment,4727.05,financing
INV-012310,J-012310,2025-05-11,payment,277.28,card
INV-012311,J-012311,2025-05-12,payment,94.1,card
INV-012312,J-012312,2025-05-05,payment,241.74,check
INV-012313,J-012313,2025-05-03,payment,289.19,check
INV-012314,J-012314,2025-04-28,payment,335.52,check
INV-012315,J-012315,2025-05-13,payment,4029.15,financing
INV-012316,J-012316,2025-05-10,payment,176.09,card
INV-012317,J-012317,2025-04-30,payment,535.79,card
INV-012318,J-012318,2025-05-02,payment,4700.76,financing
INV-012319,J-012319,2025-05-14,payment,585.4,financing
INV-012320,J-012320,2025-05-13,payment,458.61,ach
INV-012321,J-012321,2025-05-01,payment,138.77,ach
INV-012322,J-012322,2025-05-09,payment,220.74,check
INV-012323,J-012323,2025-04-25,payment,187.74,card
INV-012324,J-012324,2025-05-12,payment,881.36,check
INV-012325,J-012325,2025-05-20,payment,268.42,check
INV-012326,J-012326,2025-06-08,payment,446.86,card
INV-012327,J-012327,2025-05-18,payment,3638.63,check
INV-012328,J-012328,2025-05-05,payment,313.11,card
INV-012329,J-012329,2025-05-02,payment,234.18,card
INV-012330,J-012330,2025-05-01,payment,148.5,financing
INV-012331,J-012331,2025-05-03,payment,289.13,card
INV-012332,J-012332,2025-07-07,payment,162.67,ach
INV-012333,J-012333,2025-05-07,payment,4561.99,financing
INV-012333,J-012333,2025-07-23,refund,2203.08,card
INV-012334,J-012334,2025-05-10,payment,212.0,card
INV-012335,J-012335,2025-05-06,payment,225.19,financing
INV-012336,J-012336,2025-04-28,payment,126.32,card
INV-012337,J-012337,2025-05-04,payment,338.13,card
INV-012338,J-012338,2025-05-06,payment,170.91,card
INV-012339,J-012339,2025-05-06,payment,275.49,check
INV-012340,J-012340,2025-05-06,payment,157.66,ach
INV-012341,J-012341,2025-05-26,payment,236.93,card
INV-012342,J-012342,2025-04-28,payment,405.54,check
INV-012343,J-012343,2025-05-08,payment,524.55,check
INV-012344,J-012344,2025-05-08,payment,157.51,check
INV-012345,J-012345,2025-05-09,payment,498.63,check
INV-012346,J-012346,2025-05-07,payment,386.7,financing
INV-012347,J-012347,2025-05-31,payment,571.61,check
INV-012348,J-012348,2025-05-02,payment,435.51,card
INV-012349,J-012349,2025-05-22,payment,533.96,card
INV-012350,J-012350,2025-06-04,payment,222.37,financing
INV-012351,J-012351,2025-05-13,payment,514.93,card
INV-012352,J-012352,2025-05-03,payment,194.89,check
INV-012353,J-012353,2025-05-29,payment,521.41,financing
INV-012354,J-012354,2025-05-10,payment,4000.11,check
INV-012355,J-012355,2025-04-27,payment,839.58,financing
INV-012356,J-012356,2025-05-04,payment,830.25,financing
INV-012357,J-012357,2025-05-16,payment,363.74,card
INV-012358,J-012358,2025-05-17,payment,122.97,financing
INV-012359,J-012359,2025-05-11,payment,535.94,card
INV-012360,J-012360,2025-05-18,payment,943.52,financing
INV-012361,J-012361,2025-05-03,payment,225.1,financing
INV-012362,J-012362,2025-05-17,payment,305.23,check
INV-012363,J-012363,2025-05-05,payment,323.28,card
INV-012364,J-012364,2025-05-13,payment,330.65,financing
INV-012365,J-012365,2025-05-02,payment,211.39,card
INV-012366,J-012366,2025-05-02,payment,243.73,check
INV-012367,J-012367,2025-05-07,payment,673.66,financing
INV-012368,J-012368,2025-05-16,payment,161.01,card
INV-012369,J-012369,2025-05-12,payment,263.82,check
INV-012370,J-012370,2025-05-07,payment,237.73,financing
INV-012371,J-012371,2025-05-26,payment,243.59,card
INV-012372,J-012372,2025-05-11,payment,560.08,card
INV-012373,J-012373,2025-05-14,payment,194.51,ach
INV-012374,J-012374,2025-05-09,payment,366.09,ach
INV-012375,J-012375,2025-05-10,payment,146.08,financing
INV-012376,J-012376,2025-05-12,payment,159.54,card
INV-012377,J-012377,2025-05-03,payment,169.99,check
INV-012378,J-012378,2025-05-09,payment,280.08,card
INV-012379,J-012379,2025-05-07,payment,117.49,check
INV-012380,J-012380,2025-05-06,payment,3162.97,card
INV-012381,J-012381,2025-05-07,payment,1053.48,check
INV-012382,J-012382,2025-05-09,payment,157.37,check
INV-012383,J-012383,2025-05-08,payment,243.84,check
INV-012384,J-012384,2025-05-03,payment,246.51,card
INV-012385,J-012385,2025-05-08,payment,503.29,check
INV-012386,J-012386,2025-05-13,payment,315.25,financing
INV-012387,J-012387,2025-05-11,payment,147.06,card
INV-012388,J-012388,2025-05-18,payment,388.65,check
INV-012389,J-012389,2025-05-07,payment,217.39,check
INV-012390,J-012390,2025-05-07,payment,132.13,card
INV-012391,J-012391,2025-05-11,payment,249.94,financing
INV-012392,J-012392,2025-05-18,payment,204.77,card
INV-012393,J-012393,2025-05-08,payment,477.33,check
INV-012394,J-012394,2025-05-16,payment,198.15,card
INV-012395,J-012395,2025-06-02,payment,220.72,check
INV-012396,J-012396,2025-05-08,payment,492.07,ach
INV-012397,J-012397,2025-05-10,payment,416.37,card
INV-012398,J-012398,2025-05-22,payment,387.4,ach
INV-012399,J-012399,2025-05-05,payment,4378.95,check
INV-012400,J-012400,2025-05-04,payment,535.97,card
INV-012401,J-012401,2025-05-06,payment,510.27,card
INV-012402,J-012402,2025-05-06,payment,203.61,card
INV-012403,J-012403,2025-05-05,payment,5386.84,ach
INV-012404,J-012404,2025-05-11,payment,137.21,ach
INV-012405,J-012405,2025-05-14,payment,3344.24,ach
INV-012406,J-012406,2025-05-13,payment,273.4,card
INV-012407,J-012407,2025-05-10,payment,474.23,ach
INV-012408,J-012408,2025-05-05,payment,340.58,check
INV-012409,J-012409,2025-05-02,payment,498.94,card
INV-012410,J-012410,2025-05-11,payment,468.67,card
INV-012411,J-012411,2025-05-11,payment,566.3,financing
INV-012412,J-012412,2025-05-14,payment,147.62,financing
INV-012413,J-012413,2025-05-03,payment,293.28,check
INV-012414,J-012414,2025-05-08,payment,1162.84,ach
INV-012415,J-012415,2025-05-18,payment,418.86,card
INV-012416,J-012416,2025-05-29,payment,426.27,ach
INV-012417,J-012417,2025-05-08,payment,134.43,card
INV-012418,J-012418,2025-05-05,payment,513.35,check
INV-012419,J-012419,2025-05-08,payment,152.95,ach
INV-012420,J-012420,2025-05-08,payment,249.05,financing
INV-012421,J-012421,2025-05-10,payment,426.4,check
INV-012422,J-012422,2025-05-03,payment,677.29,financing
INV-012423,J-012423,2025-05-03,payment,862.25,check
INV-012424,J-012424,2025-05-16,payment,4772.3,financing
INV-012425,J-012425,2025-05-10,payment,402.11,ach
INV-012426,J-012426,2025-05-09,payment,261.2,ach
INV-012427,J-012427,2025-05-14,payment,167.44,ach
INV-012428,J-012428,2025-05-13,payment,151.82,card
INV-012429,J-012429,2025-05-14,payment,458.19,card
INV-012430,J-012430,2025-05-06,payment,180.26,card
INV-012431,J-012431,2025-05-04,payment,149.18,ach
INV-012432,J-012432,2025-05-08,payment,387.22,financing
INV-012433,J-012433,2025-05-04,payment,854.23,card
INV-012434,J-012434,2025-05-15,payment,2756.49,card
INV-012434,J-012434,2025-06-16,refund,972.71,card
INV-012435,J-012435,2025-05-09,payment,577.05,card
INV-012436,J-012436,2025-05-27,payment,201.33,card
INV-012437,J-012437,2025-05-12,payment,4283.25,ach
INV-012438,J-012438,2025-05-08,payment,227.16,card
INV-012439,J-012439,2025-05-26,payment,256.45,card
INV-012440,J-012440,2025-05-21,payment,219.95,ach
INV-012441,J-012441,2025-05-12,payment,4249.56,check
INV-012442,J-012442,2025-05-15,payment,3490.17,financing
INV-012443,J-012443,2025-05-13,payment,635.19,ach
INV-012444,J-012444,2025-05-14,payment,4799.59,card
INV-012444,J-012444,2025-06-18,refund,1685.34,card
INV-012445,J-012445,2025-05-11,payment,221.07,financing
INV-012446,J-012446,2025-05-18,payment,388.78,card
INV-012446,J-012446,2025-06-01,chargeback,122.4,card
INV-012447,J-012447,2025-05-11,payment,4227.57,check
INV-012448,J-012448,2025-05-07,payment,3619.09,financing
INV-012449,J-012449,2025-05-15,payment,258.35,card
INV-012450,J-012450,2025-05-07,payment,293.23,check
INV-012451,J-012451,2025-05-19,payment,454.43,card
INV-012452,J-012452,2025-07-17,payment,596.66,ach
INV-012452,J-012452,2025-09-27,refund,414.98,card
INV-012453,J-012453,2025-05-15,payment,4681.16,card
INV-012454,J-012454,2025-09-22,payment,5209.1,card
INV-012455,J-012455,2025-07-08,payment,282.68,card
INV-012456,J-012456,2025-07-12,payment,4131.49,check
INV-012457,J-012457,2025-07-28,payment,2704.05,card
INV-012458,J-012458,2025-08-04,payment,2985.83,card
INV-012459,J-012459,2025-07-13,payment,4658.49,ach
INV-012460,J-012460,2025-05-20,payment,215.35,ach
INV-012461,J-012461,2025-06-04,payment,264.89,check
INV-012462,J-012462,2025-08-14,payment,3950.81,check
INV-012463,J-012463,2025-05-09,payment,294.06,check
INV-012464,J-012464,2025-08-21,payment,3122.89,check
INV-012465,J-012465,2025-06-08,payment,3586.91,card
INV-012466,J-012466,2025-06-06,payment,513.96,financing
INV-012467,J-012467,2025-05-30,payment,4829.42,card
INV-012468,J-012468,2025-06-29,payment,5689.29,financing
INV-012469,J-012469,2025-05-03,payment,407.52,card
INV-012470,J-012470,2025-05-14,payment,253.34,card
INV-012471,J-012471,2025-05-05,payment,801.91,check
INV-012472,J-012472,2025-05-07,payment,371.37,financing
INV-012473,J-012473,2025-05-06,payment,306.71,ach
INV-012474,J-012474,2025-05-04,payment,423.77,financing
INV-012475,J-012475,2025-05-07,payment,205.63,card
INV-012476,J-012476,2025-05-07,payment,284.04,card
INV-012477,J-012477,2025-05-04,payment,354.66,card
INV-012478,J-012478,2025-05-09,payment,264.12,check
INV-012479,J-012479,2025-05-15,payment,346.46,card
INV-012480,J-012480,2025-05-03,payment,709.74,ach
INV-012481,J-012481,2025-05-10,payment,955.14,financing
INV-012482,J-012482,2025-05-16,payment,188.0,ach
INV-012483,J-012483,2025-05-15,payment,233.51,check
INV-012484,J-012484,2025-05-02,payment,193.63,ach
INV-012485,J-012485,2025-05-14,payment,2528.83,card
INV-012486,J-012486,2025-05-11,payment,307.74,card
INV-012487,J-012487,2025-05-11,payment,4413.87,financing
INV-012488,J-012488,2025-05-15,payment,4747.07,financing
INV-012489,J-012489,2025-05-13,payment,304.87,ach
INV-012490,J-012490,2025-05-05,payment,378.37,ach
INV-012491,J-012491,2025-05-05,payment,844.99,check
INV-012492,J-012492,2025-05-17,payment,385.52,financing
INV-012493,J-012493,2025-05-15,payment,309.42,financing
INV-012494,J-012494,2025-05-05,payment,971.44,card
INV-012495,J-012495,2025-05-05,payment,801.8,card
INV-012496,J-012496,2025-05-04,payment,344.41,card
INV-012497,J-012497,2025-05-07,payment,688.91,card
INV-012498,J-012498,2025-05-09,payment,1073.29,card
INV-012499,J-012499,2025-05-08,payment,332.74,check
INV-012500,J-012500,2025-05-07,payment,386.76,card
INV-012501,J-012501,2025-05-12,payment,251.04,ach
INV-012502,J-012502,2025-05-06,payment,275.4,card
INV-012503,J-012503,2025-05-04,payment,201.05,check
INV-012504,J-012504,2025-05-08,payment,558.16,card
INV-012505,J-012505,2025-05-12,payment,1034.99,card
INV-012506,J-012506,2025-05-11,payment,346.58,card
INV-012507,J-012507,2025-05-11,payment,239.7,card
INV-012508,J-012508,2025-05-10,payment,293.75,financing
INV-012509,J-012509,2025-06-03,payment,5326.25,check
INV-012509,J-012509,2025-06-18,refund,2061.05,card
INV-012510,J-012510,2025-05-16,payment,819.67,card
INV-012511,J-012511,2025-05-02,payment,586.71,card
INV-012512,J-012512,2025-05-13,payment,4425.87,card
INV-012513,J-012513,2025-05-12,payment,2855.52,card
INV-012514,J-012514,2025-06-03,payment,596.02,card
INV-012515,J-012515,2025-05-09,payment,384.38,card
INV-012516,J-012516,2025-05-10,payment,291.96,financing
INV-012517,J-012517,2025-05-07,payment,5203.24,card
INV-012518,J-012518,2025-05-16,payment,4077.95,check
INV-012519,J-012519,2025-05-13,payment,563.02,ach
INV-012520,J-012520,2025-05-20,payment,367.49,check
INV-012521,J-012521,2025-05-06,payment,432.35,card
INV-012522,J-012522,2025-05-10,payment,2936.84,financing
INV-012522,J-012522,2025-06-24,refund,2223.55,card
INV-012523,J-012523,2025-06-05,payment,735.72,financing
INV-012524,J-012524,2025-05-06,payment,5778.26,check
INV-012525,J-012525,2025-05-09,payment,3346.62,ach
INV-012526,J-012526,2025-05-11,payment,1182.92,ach
INV-012527,J-012527,2025-05-06,payment,183.63,check
INV-012528,J-012528,2025-05-07,payment,515.34,ach
INV-012529,J-012529,2025-05-09,payment,286.82,card
INV-012530,J-012530,2025-05-14,payment,300.66,check
INV-012531,J-012531,2025-05-16,payment,3564.89,card
INV-012532,J-012532,2025-06-10,payment,4056.56,ach
INV-012533,J-012533,2025-05-06,payment,253.9,card
INV-012534,J-012534,2025-05-19,payment,382.99,financing
INV-012535,J-012535,2025-05-08,payment,264.08,check
INV-012536,J-012536,2025-05-13,payment,1412.49,ach
INV-012537,J-012537,2025-05-13,payment,214.83,ach
INV-012538,J-012538,2025-05-09,payment,226.24,card
INV-012539,J-012539,2025-05-08,payment,543.07,ach
INV-012540,J-012540,2025-05-16,payment,228.86,ach
INV-012541,J-012541,2025-05-26,payment,343.82,ach
INV-012542,J-012542,2025-05-11,payment,889.14,financing
INV-012543,J-012543,2025-05-05,payment,293.55,financing
INV-012544,J-012544,2025-05-04,payment,245.06,card
INV-012545,J-012545,2025-05-07,payment,276.46,ach
INV-012546,J-012546,2025-05-08,payment,526.1,financing
INV-012547,J-012547,2025-05-04,payment,228.64,financing
INV-012548,J-012548,2025-05-16,payment,231.93,check
INV-012549,J-012549,2025-05-16,payment,635.53,ach
INV-012550,J-012550,2025-06-20,payment,542.08,check
INV-012550,J-012550,2025-08-30,chargeback,312.54,card
INV-012551,J-012551,2025-05-14,payment,180.0,financing
INV-012552,J-012552,2025-05-10,payment,222.78,check
INV-012553,J-012553,2025-05-09,payment,280.7,ach
INV-012554,J-012554,2025-06-15,payment,3443.25,ach
INV-012555,J-012555,2025-05-23,payment,312.84,check
INV-012556,J-012556,2025-05-17,payment,5673.81,financing
INV-012557,J-012557,2025-05-17,payment,122.83,financing
INV-012558,J-012558,2025-05-19,payment,310.86,card
INV-012559,J-012559,2025-05-15,payment,3260.69,check
INV-012560,J-012560,2025-05-19,payment,452.61,card
INV-012561,J-012561,2025-06-13,payment,306.65,ach
INV-012562,J-012562,2025-05-11,payment,131.61,financing
INV-012563,J-012563,2025-05-13,payment,4756.39,financing
INV-012564,J-012564,2025-05-13,payment,259.69,card
INV-012565,J-012565,2025-05-23,payment,636.32,card
INV-012566,J-012566,2025-05-18,payment,776.85,check
INV-012567,J-012567,2025-05-26,payment,216.65,check
INV-012568,J-012568,2025-05-09,payment,208.05,card
INV-012569,J-012569,2025-05-16,payment,539.39,card
INV-012569,J-012569,2025-08-25,refund,514.23,card
INV-012570,J-012570,2025-05-18,payment,616.77,financing
INV-012571,J-012571,2025-05-25,payment,564.03,ach
INV-012572,J-012572,2025-05-13,payment,233.52,check
INV-012572,J-012572,2025-07-02,refund,145.13,card
INV-012573,J-012573,2025-05-18,payment,214.94,card
INV-012574,J-012574,2025-05-09,payment,259.18,card
INV-012575,J-012575,2025-05-26,payment,225.43,card
INV-012576,J-012576,2025-05-16,payment,386.95,card
INV-012577,J-012577,2025-05-12,payment,422.25,card
INV-012578,J-012578,2025-05-14,payment,264.36,check
INV-012579,J-012579,2025-05-10,payment,4137.31,ach
INV-012580,J-012580,2025-05-26,payment,304.43,card
INV-012581,J-012581,2025-05-23,payment,347.08,financing
INV-012582,J-012582,2025-05-14,payment,249.67,ach
INV-012583,J-012583,2025-05-19,payment,348.28,card
INV-012584,J-012584,2025-05-15,payment,242.74,card
INV-012585,J-012585,2025-05-24,payment,392.55,card
INV-012586,J-012586,2025-05-09,payment,844.84,financing
INV-012587,J-012587,2025-05-13,payment,310.69,card
INV-012588,J-012588,2025-05-16,payment,499.26,financing
INV-012589,J-012589,2025-05-17,payment,606.22,card
INV-012590,J-012590,2025-06-02,payment,3898.47,ach
INV-012591,J-012591,2025-05-16,payment,196.5,check
INV-012592,J-012592,2025-05-12,payment,270.85,card
INV-012593,J-012593,2025-05-16,payment,264.89,financing
INV-012594,J-012594,2025-05-14,payment,756.72,card
INV-012595,J-012595,2025-05-20,payment,598.72,card
INV-012596,J-012596,2025-05-21,payment,367.3,card
INV-012597,J-012597,2025-05-11,payment,304.39,check
INV-012598,J-012598,2025-05-26,payment,165.0,financing
INV-012599,J-012599,2025-05-14,payment,528.54,card
INV-012600,J-012600,2025-05-15,payment,313.7,card
INV-012601,J-012601,2025-05-17,payment,225.72,ach
INV-012602,J-012602,2025-05-23,payment,302.96,financing
INV-012603,J-012603,2025-06-05,payment,268.35,card
INV-012604,J-012604,2025-05-14,payment,4119.13,check
INV-012605,J-012605,2025-05-17,payment,245.15,financing
INV-012606,J-012606,2025-05-10,payment,412.19,ach
INV-012607,J-012607,2025-05-20,payment,275.52,ach
INV-012608,J-012608,2025-05-16,payment,395.37,financing
INV-012609,J-012609,2025-05-14,payment,612.44,card
INV-012610,J-012610,2025-05-18,payment,234.86,card
INV-012611,J-012611,2025-05-16,payment,451.05,ach
INV-012612,J-012612,2025-05-08,payment,703.8,financing
INV-012613,J-012613,2025-05-21,payment,666.94,ach
INV-012614,J-012614,2025-05-22,payment,380.85,financing
INV-012615,J-012615,2025-05-14,payment,571.1,financing
INV-012616,J-012616,2025-05-22,payment,389.06,card
INV-012617,J-012617,2025-05-18,payment,279.5,card
INV-012618,J-012618,2025-05-14,payment,361.73,ach
INV-012619,J-012619,2025-05-17,payment,300.3,card
INV-012620,J-012620,2025-05-15,payment,383.46,card
INV-012621,J-012621,2025-05-29,payment,489.13,financing
INV-012622,J-012622,2025-05-15,payment,512.08,check
INV-012623,J-012623,2025-05-17,payment,4179.9,check
INV-012624,J-012624,2025-05-20,payment,640.59,card
INV-012625,J-012625,2025-05-26,payment,113.09,financing
INV-012625,J-012625,2025-07-05,refund,47.49,card
INV-012626,J-012626,2025-05-17,payment,417.34,check
INV-012627,J-012627,2025-05-25,payment,203.56,check
INV-012628,J-012628,2025-05-17,payment,848.24,ach
INV-012629,J-012629,2025-05-17,payment,501.11,ach
INV-012630,J-012630,2025-06-04,payment,681.67,card
INV-012631,J-012631,2025-05-13,payment,374.16,card
INV-012632,J-012632,2025-05-17,payment,229.98,check
INV-012633,J-012633,2025-07-17,payment,3038.17,card
INV-012634,J-012634,2025-05-15,payment,516.91,ach
INV-012635,J-012635,2025-05-11,payment,761.41,check
INV-012636,J-012636,2025-05-18,payment,369.05,card
INV-012637,J-012637,2025-05-19,payment,171.7,financing
INV-012638,J-012638,2025-05-25,payment,325.55,card
INV-012639,J-012639,2025-05-25,payment,445.43,financing
INV-012640,J-012640,2025-05-23,payment,4681.36,check
INV-012641,J-012641,2025-05-17,payment,388.29,ach
INV-012642,J-012642,2025-05-11,payment,3991.38,financing
INV-012642,J-012642,2025-06-18,refund,3556.82,card
INV-012643,J-012643,2025-05-24,payment,561.85,card
INV-012644,J-012644,2025-06-03,payment,742.82,check
INV-012645,J-012645,2025-05-16,payment,5275.34,card
INV-012646,J-012646,2025-05-20,payment,498.42,check
INV-012647,J-012647,2025-05-18,payment,343.16,financing
INV-012648,J-012648,2025-05-22,payment,169.23,check
INV-012649,J-012649,2025-06-13,payment,2654.6,ach
INV-012650,J-012650,2025-05-30,payment,278.87,ach
INV-012651,J-012651,2025-05-28,payment,165.27,card
INV-012652,J-012652,2025-06-01,payment,651.71,card
INV-012653,J-012653,2025-05-28,payment,3570.8,check
INV-012654,J-012654,2025-05-26,payment,4343.12,financing
INV-012655,J-012655,2025-05-25,payment,3855.34,ach
INV-012656,J-012656,2025-06-20,payment,3266.44,ach
INV-012657,J-012657,2025-08-10,payment,3724.19,card
INV-012658,J-012658,2025-06-01,payment,6296.49,financing
INV-012659,J-012659,2025-07-17,payment,384.84,ach
INV-012660,J-012660,2025-06-12,payment,270.42,card
INV-012661,J-012661,2025-08-25,payment,4909.51,ach
INV-012662,J-012662,2025-06-15,payment,4008.66,card
INV-012663,J-012663,2025-07-11,payment,568.25,card
INV-012664,J-012664,2025-06-05,payment,320.25,financing
INV-012665,J-012665,2025-07-14,payment,153.96,financing
INV-012666,J-012666,2025-06-04,payment,4965.59,financing
INV-012667,J-012667,2025-07-29,payment,3427.51,card
INV-012668,J-012668,2025-07-08,payment,3930.14,check
INV-012669,J-012669,2025-06-16,payment,5663.73,financing
INV-012670,J-012670,2025-08-11,payment,3161.39,card
INV-012671,J-012671,2025-06-14,payment,3328.39,card
INV-012672,J-012672,2025-08-09,payment,298.38,card
INV-012673,J-012673,2025-06-17,payment,647.81,check
INV-012674,J-012674,2025-07-03,payment,3725.64,ach
INV-012675,J-012675,2025-08-01,payment,3699.72,ach
INV-012676,J-012676,2025-06-03,payment,514.76,check
INV-012677,J-012677,2025-06-14,payment,3839.05,ach
INV-012677,J-012677,2025-09-22,refund,3127.18,card
INV-012678,J-012678,2025-06-30,payment,3226.06,financing
INV-012679,J-012679,2025-08-17,payment,5335.65,card
INV-012679,J-012679,2025-09-14,refund,4902.99,card
INV-012680,J-012680,2025-09-04,payment,4864.13,check
INV-012681,J-012681,2025-07-08,payment,4820.35,card
INV-012681,J-012681,2025-08-26,refund,3085.95,card
INV-012682,J-012682,2025-07-10,payment,4847.05,ach
INV-012683,J-012683,2025-06-02,payment,4152.61,financing
INV-012684,J-012684,2025-07-03,payment,7705.44,card
INV-012685,J-012685,2025-05-31,payment,3652.14,card
INV-012686,J-012686,2025-05-18,payment,5655.0,financing
INV-012687,J-012687,2025-05-13,payment,117.62,financing
INV-012688,J-012688,2025-05-15,payment,485.6,ach
INV-012689,J-012689,2025-05-12,payment,643.11,check
INV-012690,J-012690,2025-05-14,payment,216.38,check
INV-012691,J-012691,2025-05-19,payment,450.98,card
INV-012692,J-012692,2025-05-14,payment,187.4,ach
INV-012693,J-012693,2025-05-11,payment,600.64,ach
INV-012694,J-012694,2025-05-14,payment,450.22,financing
INV-012695,J-012695,2025-05-16,payment,255.58,card
INV-012696,J-012696,2025-05-18,payment,523.47,card
INV-012697,J-012697,2025-05-11,payment,6993.82,card
INV-012697,J-012697,2025-08-02,chargeback,5682.68,card
INV-012698,J-012698,2025-05-16,payment,745.15,card
INV-012699,J-012699,2025-05-13,payment,277.38,card
INV-012700,J-012700,2025-05-16,payment,132.13,ach
INV-012701,J-012701,2025-05-13,payment,974.81,ach
INV-012702,J-012702,2025-05-18,payment,357.53,ach
INV-012703,J-012703,2025-05-13,payment,1398.34,card
INV-012704,J-012704,2025-05-13,payment,221.45,financing
INV-012705,J-012705,2025-05-13,payment,322.65,card
INV-012706,J-012706,2025-05-19,payment,314.29,ach
INV-012707,J-012707,2025-05-15,payment,323.83,ach
INV-012708,J-012708,2025-05-13,payment,635.27,ach
INV-012708,J-012708,2025-05-22,refund,372.03,card
INV-012709,J-012709,2025-05-19,payment,209.2,check
INV-012710,J-012710,2025-05-23,payment,1094.86,check
INV-012711,J-012711,2025-05-21,payment,556.38,check
INV-012712,J-012712,2025-05-14,payment,379.06,financing
INV-012713,J-012713,2025-05-16,payment,5054.73,financing
INV-012714,J-012714,2025-05-08,payment,448.48,check
INV-012715,J-012715,2025-05-19,payment,405.99,ach
INV-012716,J-012716,2025-05-13,payment,460.2,financing
INV-012717,J-012717,2025-05-23,payment,231.84,financing
INV-012718,J-012718,2025-05-15,payment,677.14,ach
INV-012719,J-012719,2025-05-08,payment,407.87,card
INV-012719,J-012719,2025-06-15,refund,127.28,card
INV-012720,J-012720,2025-05-09,payment,215.6,ach
INV-012721,J-012721,2025-05-13,payment,650.82,card
INV-012722,J-012722,2025-05-18,payment,433.4,card
INV-012723,J-012723,2025-05-16,payment,610.72,check
INV-012724,J-012724,2025-05-12,payment,4244.55,card
INV-012725,J-012725,2025-05-09,payment,579.52,ach
INV-012726,J-012726,2025-05-09,payment,389.27,check
INV-012727,J-012727,2025-05-14,payment,285.65,check
INV-012728,J-012728,2025-05-14,payment,511.9,card
INV-012729,J-012729,2025-05-18,payment,353.97,check
INV-012730,J-012730,2025-05-13,payment,543.17,financing
INV-012731,J-012731,2025-05-09,payment,267.51,card
INV-012732,J-012732,2025-06-01,payment,566.2,financing
INV-012733,J-012733,2025-05-16,payment,399.53,card
INV-012734,J-012734,2025-05-14,payment,1011.54,financing
INV-012735,J-012735,2025-05-09,payment,534.03,card
INV-012736,J-012736,2025-05-16,payment,338.67,ach
INV-012737,J-012737,2025-05-18,payment,511.07,financing
INV-012738,J-012738,2025-05-13,payment,305.95,check
INV-012739,J-012739,2025-05-17,payment,408.79,card
INV-012740,J-012740,2025-05-19,payment,4522.26,financing
INV-012741,J-012741,2025-06-06,payment,716.77,card
INV-012742,J-012742,2025-05-23,payment,1650.74,financing
INV-012743,J-012743,2025-05-17,payment,2616.91,card
INV-012744,J-012744,2025-05-18,payment,94.74,financing
INV-012745,J-012745,2025-05-20,payment,299.28,card
INV-012746,J-012746,2025-05-18,payment,5196.25,check
INV-012747,J-012747,2025-05-12,payment,234.67,ach
INV-012748,J-012748,2025-05-31,payment,653.7,ach
INV-012749,J-012749,2025-05-17,payment,266.17,ach
INV-012750,J-012750,2025-06-12,payment,247.36,ach
INV-012751,J-012751,2025-05-19,payment,394.89,card
INV-012752,J-012752,2025-06-19,payment,287.66,card
INV-012753,J-012753,2025-05-18,payment,562.78,card
INV-012754,J-012754,2025-05-17,payment,3195.97,check
INV-012755,J-012755,2025-06-01,payment,222.88,card
INV-012756,J-012756,2025-05-19,payment,255.79,financing
INV-012757,J-012757,2025-06-06,payment,3493.17,card
INV-012758,J-012758,2025-05-17,payment,243.61,ach
INV-012759,J-012759,2025-05-20,payment,205.67,ach
INV-012760,J-012760,2025-05-17,payment,579.36,check
INV-012761,J-012761,2025-05-19,payment,7051.73,card
INV-012762,J-012762,2025-05-13,payment,499.82,card
INV-012763,J-012763,2025-06-08,payment,183.83,ach
INV-012764,J-012764,2025-05-26,payment,3433.06,ach
INV-012765,J-012765,2025-05-26,payment,2926.5,financing
INV-012766,J-012766,2025-05-15,payment,442.79,ach
INV-012767,J-012767,2025-05-25,payment,6779.61,card
INV-012768,J-012768,2025-05-14,payment,184.96,financing
INV-012769,J-012769,2025-05-14,payment,2438.35,check
INV-012770,J-012770,2025-05-23,payment,307.95,card
INV-012771,J-012771,2025-05-19,payment,198.35,card
INV-012772,J-012772,2025-05-13,payment,5143.11,check
INV-012773,J-012773,2025-05-25,payment,416.03,card
INV-012774,J-012774,2025-05-24,payment,402.7,check
INV-012775,J-012775,2025-05-28,payment,198.35,ach
INV-012776,J-012776,2025-06-05,payment,200.55,check
INV-012777,J-012777,2025-05-20,payment,400.79,check
INV-012778,J-012778,2025-05-25,payment,459.6,card
INV-012779,J-012779,2025-05-24,payment,3807.22,check
INV-012780,J-012780,2025-05-15,payment,133.21,check
INV-012781,J-012781,2025-05-16,payment,4172.07,ach
INV-012782,J-012782,2025-06-02,payment,4004.69,check
INV-012783,J-012783,2025-05-17,payment,371.55,ach
INV-012784,J-012784,2025-05-22,payment,5055.22,card
INV-012785,J-012785,2025-05-20,payment,257.94,financing
INV-012786,J-012786,2025-07-15,payment,284.87,financing
INV-012787,J-012787,2025-05-21,payment,197.32,financing
INV-012788,J-012788,2025-05-13,payment,238.99,financing
INV-012789,J-012789,2025-05-29,payment,2999.76,card
INV-012790,J-012790,2025-05-20,payment,169.21,check
INV-012791,J-012791,2025-05-23,payment,863.26,ach
INV-012792,J-012792,2025-05-16,payment,245.65,card
INV-012793,J-012793,2025-05-12,payment,130.81,check
INV-012794,J-012794,2025-05-19,payment,389.59,card
INV-012795,J-012795,2025-05-21,payment,272.72,ach
INV-012796,J-012796,2025-05-16,payment,381.25,card
INV-012797,J-012797,2025-05-19,payment,284.64,card
INV-012798,J-012798,2025-06-01,payment,185.51,card
INV-012799,J-012799,2025-05-12,payment,217.86,card
INV-012800,J-012800,2025-05-19,payment,761.88,card
INV-012801,J-012801,2025-05-24,payment,144.83,card
INV-012802,J-012802,2025-05-26,payment,361.56,ach
INV-012803,J-012803,2025-05-26,payment,194.05,financing
INV-012804,J-012804,2025-05-19,payment,380.69,card
INV-012805,J-012805,2025-05-23,payment,225.04,ach
INV-012806,J-012806,2025-05-28,payment,459.24,ach
INV-012807,J-012807,2025-05-20,payment,537.27,card
INV-012808,J-012808,2025-05-22,payment,244.82,financing
INV-012809,J-012809,2025-05-24,payment,634.81,card
INV-012810,J-012810,2025-05-17,payment,433.64,check
INV-012811,J-012811,2025-05-24,payment,225.59,card
INV-012812,J-012812,2025-05-22,payment,417.26,card
INV-012813,J-012813,2025-05-21,payment,231.96,check
INV-012814,J-012814,2025-05-26,payment,241.62,check
INV-012815,J-012815,2025-05-23,payment,568.17,ach
INV-012816,J-012816,2025-06-01,payment,523.49,card
INV-012817,J-012817,2025-05-26,payment,840.51,check
INV-012818,J-012818,2025-05-27,payment,155.73,card
INV-012819,J-012819,2025-05-14,payment,679.19,check
INV-012820,J-012820,2025-05-19,payment,623.64,card
INV-012821,J-012821,2025-05-18,payment,437.16,check
INV-012822,J-012822,2025-05-27,payment,520.05,card
INV-012823,J-012823,2025-05-22,payment,309.43,card
INV-012824,J-012824,2025-05-21,payment,263.89,card
INV-012825,J-012825,2025-05-25,payment,230.6,card
INV-012826,J-012826,2025-05-27,payment,294.95,ach
INV-012827,J-012827,2025-05-20,payment,179.17,check
INV-012828,J-012828,2025-05-22,payment,429.74,card
INV-012829,J-012829,2025-05-21,payment,391.83,check
INV-012830,J-012830,2025-05-25,payment,282.66,check
INV-012831,J-012831,2025-06-12,payment,441.95,check
INV-012831,J-012831,2025-06-23,chargeback,161.17,card
INV-012832,J-012832,2025-06-02,payment,888.54,financing
INV-012833,J-012833,2025-05-28,payment,120.2,card
INV-012834,J-012834,2025-05-19,payment,3905.47,card
INV-012835,J-012835,2025-05-17,payment,224.62,ach
INV-012836,J-012836,2025-05-19,payment,703.03,card
INV-012837,J-012837,2025-05-29,payment,285.3,ach
INV-012838,J-012838,2025-05-24,payment,680.98,card
INV-012839,J-012839,2025-05-27,payment,141.25,card
INV-012840,J-012840,2025-05-27,payment,364.95,card
INV-012841,J-012841,2025-05-19,payment,487.96,ach
INV-012842,J-012842,2025-05-26,payment,550.65,card
INV-012843,J-012843,2025-05-29,payment,247.91,financing
INV-012844,J-012844,2025-05-20,payment,387.11,financing
INV-012845,J-012845,2025-05-25,payment,141.48,check
INV-012846,J-012846,2025-05-18,payment,427.28,card
INV-012847,J-012847,2025-05-28,payment,816.02,financing
INV-012848,J-012848,2025-05-25,payment,249.06,card
INV-012849,J-012849,2025-05-26,payment,493.01,financing
INV-012850,J-012850,2025-05-22,payment,203.09,ach
INV-012851,J-012851,2025-05-24,payment,761.33,card
INV-012852,J-012852,2025-05-28,payment,476.28,financing
INV-012853,J-012853,2025-06-01,payment,429.72,card
INV-012854,J-012854,2025-05-19,payment,178.9,card
INV-012855,J-012855,2025-05-31,payment,213.07,ach
INV-012856,J-012856,2025-05-21,payment,4051.57,card
INV-012857,J-012857,2025-05-22,payment,267.83,check
INV-012858,J-012858,2025-05-30,payment,572.67,financing
INV-012859,J-012859,2025-05-18,payment,354.99,financing
INV-012860,J-012860,2025-05-24,payment,4074.01,financing
INV-012861,J-012861,2025-05-23,payment,283.41,ach
INV-012862,J-012862,2025-05-27,payment,560.57,financing
INV-012863,J-012863,2025-05-21,payment,214.08,check
INV-012864,J-012864,2025-06-06,payment,280.88,financing
INV-012865,J-012865,2025-05-30,payment,696.31,card
INV-012866,J-012866,2025-05-22,payment,5036.4,ach
INV-012867,J-012867,2025-05-26,payment,492.72,check
INV-012868,J-012868,2025-05-29,payment,357.46,card
INV-012869,J-012869,2025-05-19,payment,4566.68,ach
INV-012870,J-012870,2025-06-07,payment,636.56,card
INV-012871,J-012871,2025-05-28,payment,4648.11,ach
INV-012872,J-012872,2025-05-31,payment,2259.95,card
INV-012873,J-012873,2025-05-24,payment,4242.48,check
INV-012874,J-012874,2025-06-02,payment,262.26,card
INV-012875,J-012875,2025-06-04,payment,412.71,check
INV-012876,J-012876,2025-06-20,payment,2508.32,ach
INV-012877,J-012877,2025-08-10,payment,3724.59,card
INV-012878,J-012878,2025-08-12,payment,5850.14,ach
INV-012879,J-012879,2025-09-16,payment,644.13,financing
INV-012880,J-012880,2025-06-03,payment,458.03,check
INV-012881,J-012881,2025-06-27,payment,356.27,check
INV-012882,J-012882,2025-06-03,payment,3860.49,card
INV-012883,J-012883,2025-08-22,payment,3241.05,check
INV-012884,J-012884,2025-07-10,payment,322.0,card
INV-012885,J-012885,2025-07-08,payment,244.24,ach
INV-012886,J-012886,2025-08-01,payment,4200.07,card
INV-012887,J-012887,2025-06-29,payment,6024.09,ach
INV-012888,J-012888,2025-06-07,payment,2765.64,card
INV-012889,J-012889,2025-06-14,payment,5289.7,financing
INV-012890,J-012890,2025-06-21,payment,317.53,check
INV-012891,J-012891,2025-06-30,payment,5685.21,check
INV-012892,J-012892,2025-06-12,payment,4321.78,card
INV-012893,J-012893,2025-09-26,payment,3129.63,card
INV-012894,J-012894,2025-06-29,payment,4067.18,financing
INV-012895,J-012895,2025-07-15,payment,201.24,card
INV-012896,J-012896,2025-05-15,payment,214.1,financing
INV-012897,J-012897,2025-05-28,payment,370.18,card
INV-012898,J-012898,2025-05-20,payment,327.0,check
INV-012899,J-012899,2025-05-24,payment,543.7,card
INV-012900,J-012900,2025-05-22,payment,568.0,card
INV-012901,J-012901,2025-05-18,payment,690.4,card
INV-012902,J-012902,2025-05-22,payment,350.04,check
INV-012903,J-012903,2025-06-01,payment,488.86,card
INV-012904,J-012904,2025-05-26,payment,264.59,check
INV-012905,J-012905,2025-05-18,payment,248.33,check
INV-012906,J-012906,2025-05-19,payment,5204.15,financing
INV-012907,J-012907,2025-05-23,payment,750.24,financing
INV-012908,J-012908,2025-05-20,payment,346.85,card
INV-012909,J-012909,2025-05-26,payment,629.62,check
INV-012910,J-012910,2025-05-25,payment,165.51,card
INV-012911,J-012911,2025-05-26,payment,353.3,ach
INV-012912,J-012912,2025-05-20,payment,163.64,card
INV-012913,J-012913,2025-05-24,payment,353.81,card
INV-012914,J-012914,2025-05-16,payment,273.54,card
INV-012915,J-012915,2025-05-23,payment,414.47,financing
INV-012916,J-012916,2025-05-20,payment,269.41,check
INV-012917,J-012917,2025-05-23,payment,338.83,ach
INV-012918,J-012918,2025-05-23,payment,317.36,card
INV-012919,J-012919,2025-05-25,payment,4666.64,check
INV-012920,J-012920,2025-05-27,payment,3116.68,card
INV-012921,J-012921,2025-05-19,payment,570.0,financing
INV-012922,J-012922,2025-05-23,payment,228.73,card
INV-012923,J-012923,2025-05-25,payment,541.93,financing
INV-012924,J-012924,2025-05-26,payment,484.7,card
INV-012925,J-012925,2025-05-14,payment,4002.11,ach
INV-012926,J-012926,2025-05-17,payment,491.79,card
INV-012927,J-012927,2025-05-18,payment,154.83,card
INV-012928,J-012928,2025-05-22,payment,355.78,check
INV-012929,J-012929,2025-05-20,payment,422.1,card
INV-012930,J-012930,2025-05-23,payment,409.6,financing
INV-012931,J-012931,2025-05-23,payment,140.08,card
INV-012932,J-012932,2025-05-31,payment,713.37,card
INV-012933,J-012933,2025-05-19,payment,165.91,card
INV-012934,J-012934,2025-05-18,payment,482.31,financing
INV-012935,J-012935,2025-05-20,payment,375.3,card
INV-012936,J-012936,2025-05-18,payment,476.48,financing
INV-012937,J-012937,2025-05-19,payment,466.83,card
INV-012938,J-012938,2025-05-26,payment,345.54,card
INV-012939,J-012939,2025-05-24,payment,377.85,financing
INV-012940,J-012940,2025-05-18,payment,379.53,check
INV-012940,J-012940,2025-06-20,refund,307.78,card
INV-012941,J-012941,2025-05-23,payment,570.96,card
INV-012942,J-012942,2025-05-30,payment,189.78,card
INV-012943,J-012943,2025-05-21,payment,566.04,check
INV-012944,J-012944,2025-06-11,payment,432.74,card
INV-012944,J-012944,2025-07-15,refund,266.56,card
INV-012945,J-012945,2025-05-28,payment,352.46,check
INV-012946,J-012946,2025-05-22,payment,198.68,check
INV-012947,J-012947,2025-05-16,payment,314.0,card
INV-012948,J-012948,2025-05-18,payment,293.96,card
INV-012949,J-012949,2025-05-15,payment,183.7,ach
INV-012950,J-012950,2025-05-26,payment,265.96,card
INV-012951,J-012951,2025-05-23,payment,763.42,card
INV-012952,J-012952,2025-06-30,payment,4269.58,check
INV-012953,J-012953,2025-06-01,payment,270.93,card
INV-012954,J-012954,2025-06-02,payment,4604.82,card
INV-012954,J-012954,2025-08-05,refund,3279.15,card
INV-012955,J-012955,2025-05-22,payment,482.2,card
INV-012956,J-012956,2025-05-26,payment,3965.24,financing
INV-012957,J-012957,2025-05-21,payment,5605.45,card
INV-012958,J-012958,2025-05-24,payment,396.31,financing
INV-012959,J-012959,2025-06-23,payment,365.34,financing
INV-012960,J-012960,2025-05-29,payment,2415.86,card
INV-012960,J-012960,2025-06-18,refund,1237.43,card
INV-012961,J-012961,2025-05-20,payment,465.38,financing
INV-012962,J-012962,2025-05-28,payment,4868.2,card
INV-012963,J-012963,2025-05-28,payment,3797.75,check
INV-012964,J-012964,2025-06-06,payment,151.98,card
INV-012965,J-012965,2025-05-29,payment,270.18,card
INV-012966,J-012966,2025-06-04,payment,4448.37,card
INV-012967,J-012967,2025-06-03,payment,228.12,ach
INV-012968,J-012968,2025-05-25,payment,6367.74,financing
INV-012969,J-012969,2025-05-22,payment,177.12,card
INV-012970,J-012970,2025-05-22,payment,413.07,card
INV-012971,J-012971,2025-05-27,payment,3781.39,card
INV-012972,J-012972,2025-05-27,payment,274.54,card
INV-012973,J-012973,2025-05-17,payment,296.27,check
INV-012974,J-012974,2025-05-22,payment,560.32,check
INV-012975,J-012975,2025-05-28,payment,3568.67,card
INV-012976,J-012976,2025-05-31,payment,395.02,financing
INV-012977,J-012977,2025-05-26,payment,213.68,ach
INV-012978,J-012978,2025-05-27,payment,257.38,financing
INV-012979,J-012979,2025-06-08,payment,292.31,card
INV-012980,J-012980,2025-05-28,payment,916.23,financing
INV-012981,J-012981,2025-05-28,payment,7724.26,card
INV-012982,J-012982,2025-06-03,payment,361.56,financing
INV-012983,J-012983,2025-05-22,payment,730.83,financing
INV-012984,J-012984,2025-06-21,payment,199.09,financing
INV-012985,J-012985,2025-05-18,payment,734.06,ach
INV-012986,J-012986,2025-07-11,payment,4169.53,card
INV-012987,J-012987,2025-05-21,payment,357.26,financing
INV-012988,J-012988,2025-05-27,payment,291.44,ach
INV-012989,J-012989,2025-05-30,payment,227.41,check
INV-012990,J-012990,2025-05-26,payment,224.36,check
INV-012991,J-012991,2025-05-26,payment,173.57,card
INV-012992,J-012992,2025-06-02,payment,602.12,card
INV-012993,J-012993,2025-06-08,payment,274.45,check
INV-012994,J-012994,2025-06-03,payment,400.61,card
INV-012995,J-012995,2025-05-30,payment,252.92,ach
INV-012996,J-012996,2025-05-22,payment,202.88,card
INV-012997,J-012997,2025-05-26,payment,160.18,check
INV-012998,J-012998,2025-06-06,payment,3803.59,card
INV-012999,J-012999,2025-06-12,payment,3363.03,financing
INV-013000,J-013000,2025-05-30,payment,600.88,ach
INV-013001,J-013001,2025-05-28,payment,4571.26,card
INV-013001,J-013001,2025-08-02,refund,4068.57,card
INV-013002,J-013002,2025-05-30,payment,454.02,card
INV-013003,J-013003,2025-05-28,payment,195.09,financing
INV-013004,J-013004,2025-05-25,payment,365.35,check
INV-013005,J-013005,2025-06-02,payment,779.55,ach
INV-013006,J-013006,2025-05-22,payment,4234.36,check
INV-013007,J-013007,2025-05-31,payment,2425.83,card
INV-013008,J-013008,2025-05-31,payment,272.81,check
INV-013009,J-013009,2025-05-29,payment,630.74,financing
INV-013010,J-013010,2025-05-27,payment,256.11,ach
INV-013010,J-013010,2025-08-19,chargeback,197.07,card
INV-013011,J-013011,2025-05-25,payment,237.14,card
INV-013012,J-013012,2025-05-26,payment,524.78,financing
INV-013013,J-013013,2025-05-21,payment,180.13,card
INV-013014,J-013014,2025-05-30,payment,805.15,card
INV-013015,J-013015,2025-06-01,payment,342.75,card
INV-013016,J-013016,2025-06-05,payment,436.41,card
INV-013017,J-013017,2025-05-21,payment,143.41,ach
INV-013018,J-013018,2025-05-28,payment,286.4,card
INV-013019,J-013019,2025-06-06,payment,437.87,check
INV-013020,J-013020,2025-06-09,payment,281.39,card
INV-013021,J-013021,2025-05-26,payment,219.57,card
INV-013022,J-013022,2025-06-02,payment,908.61,check
INV-013023,J-013023,2025-05-29,payment,417.08,financing
INV-013024,J-013024,2025-05-31,payment,264.68,ach
INV-013025,J-013025,2025-06-01,payment,223.51,check
INV-013026,J-013026,2025-06-11,payment,220.59,card
INV-013027,J-013027,2025-06-08,payment,529.04,financing
INV-013028,J-013028,2025-05-27,payment,179.06,card
INV-013029,J-013029,2025-05-25,payment,269.06,card
INV-013030,J-013030,2025-06-01,payment,188.37,card
INV-013031,J-013031,2025-05-25,payment,161.87,check
INV-013032,J-013032,2025-05-26,payment,414.33,card
INV-013033,J-013033,2025-06-04,payment,376.24,check
INV-013034,J-013034,2025-06-01,payment,424.54,financing
INV-013035,J-013035,2025-05-28,payment,711.81,card
INV-013036,J-013036,2025-05-30,payment,723.18,financing
INV-013037,J-013037,2025-05-27,payment,589.0,financing
INV-013038,J-013038,2025-05-25,payment,310.82,financing
INV-013039,J-013039,2025-05-27,payment,180.0,financing
INV-013040,J-013040,2025-05-28,payment,173.54,card
INV-013041,J-013041,2025-06-08,payment,195.78,card
INV-013042,J-013042,2025-05-27,payment,170.62,ach
INV-013043,J-013043,2025-05-31,payment,210.95,card
INV-013044,J-013044,2025-06-02,payment,160.1,financing
INV-013045,J-013045,2025-05-31,payment,311.14,card
INV-013046,J-013046,2025-06-09,payment,290.25,ach
INV-013047,J-013047,2025-05-30,payment,486.61,ach
INV-013048,J-013048,2025-06-01,payment,355.66,card
INV-013049,J-013049,2025-05-30,payment,228.48,card
INV-013050,J-013050,2025-05-27,payment,298.77,card
INV-013051,J-013051,2025-05-29,payment,172.76,check
INV-013052,J-013052,2025-06-15,payment,161.27,financing
INV-013053,J-013053,2025-06-02,payment,312.23,financing
INV-013054,J-013054,2025-05-31,payment,752.36,check
INV-013055,J-013055,2025-05-25,payment,596.11,ach
INV-013056,J-013056,2025-05-25,payment,228.66,card
INV-013057,J-013057,2025-06-01,payment,2248.33,card
INV-013058,J-013058,2025-06-12,payment,350.51,card
INV-013059,J-013059,2025-05-28,payment,322.86,card
INV-013060,J-013060,2025-06-09,payment,273.9,card
INV-013061,J-013061,2025-05-31,payment,948.16,card
INV-013062,J-013062,2025-05-26,payment,214.42,card
INV-013063,J-013063,2025-06-11,payment,377.61,card
INV-013064,J-013064,2025-05-25,payment,284.43,ach
INV-013065,J-013065,2025-05-25,payment,526.39,ach
INV-013066,J-013066,2025-05-29,payment,332.88,check
INV-013067,J-013067,2025-05-23,payment,393.35,card
INV-013068,J-013068,2025-06-04,payment,203.23,check
INV-013069,J-013069,2025-05-31,payment,829.24,check
INV-013070,J-013070,2025-05-28,payment,3012.09,ach
INV-013071,J-013071,2025-06-01,payment,308.35,card
INV-013072,J-013072,2025-05-30,payment,270.82,ach
INV-013073,J-013073,2025-06-08,payment,302.09,card
INV-013074,J-013074,2025-06-02,payment,224.75,ach
INV-013075,J-013075,2025-05-31,payment,354.75,ach
INV-013076,J-013076,2025-06-05,payment,206.01,financing
INV-013077,J-013077,2025-06-04,payment,183.75,ach
INV-013078,J-013078,2025-05-25,payment,300.74,ach
INV-013079,J-013079,2025-05-26,payment,374.84,card
INV-013080,J-013080,2025-05-31,payment,166.74,check
INV-013081,J-013081,2025-06-02,payment,358.32,ach
INV-013082,J-013082,2025-06-18,payment,3805.96,financing
INV-013083,J-013083,2025-06-10,payment,307.92,card
INV-013084,J-013084,2025-05-30,payment,339.58,card
INV-013085,J-013085,2025-06-12,payment,2638.53,ach
INV-013086,J-013086,2025-05-31,payment,526.37,ach
INV-013087,J-013087,2025-05-30,payment,315.46,check
INV-013088,J-013088,2025-05-23,payment,561.7,financing
INV-013089,J-013089,2025-05-27,payment,468.76,card
INV-013090,J-013090,2025-06-03,payment,5633.46,check
INV-013091,J-013091,2025-06-06,payment,3150.93,card
INV-013092,J-013092,2025-06-06,payment,501.39,card
INV-013093,J-013093,2025-06-08,payment,534.67,check
INV-013094,J-013094,2025-05-28,payment,1832.19,ach
INV-013095,J-013095,2025-06-06,payment,428.15,check
INV-013095,J-013095,2025-08-04,refund,265.63,card
INV-013096,J-013096,2025-06-06,payment,490.94,financing
INV-013097,J-013097,2025-06-12,payment,220.28,check
INV-013098,J-013098,2025-06-01,payment,6984.68,card
INV-013099,J-013099,2025-05-26,payment,4490.91,ach
INV-013100,J-013100,2025-06-28,payment,235.75,financing
INV-013101,J-013101,2025-06-11,payment,367.74,card
INV-013102,J-013102,2025-06-12,payment,4785.89,check
INV-013103,J-013103,2025-06-04,payment,3746.79,card
INV-013104,J-013104,2025-08-19,payment,163.73,ach
INV-013105,J-013105,2025-05-30,payment,332.24,financing
INV-013106,J-013106,2025-06-16,payment,5998.15,card
INV-013107,J-013107,2025-07-18,payment,206.16,card
INV-013108,J-013108,2025-06-22,payment,2672.34,check
INV-013109,J-013109,2025-06-07,payment,3317.56,financing
INV-013110,J-013110,2025-06-14,payment,306.08,financing
INV-013111,J-013111,2025-07-01,payment,5544.89,ach
INV-013112,J-013112,2025-05-30,payment,5445.95,card
INV-013113,J-013113,2025-06-27,payment,3865.34,check
INV-013114,J-013114,2025-06-15,payment,448.39,ach
INV-013115,J-013115,2025-08-11,payment,4316.99,financing
INV-013116,J-013116,2025-07-25,payment,3810.82,financing
INV-013117,J-013117,2025-07-21,payment,4073.12,card
INV-013118,J-013118,2025-06-21,payment,321.65,ach
INV-013119,J-013119,2025-06-10,payment,209.74,check
INV-013120,J-013120,2025-06-11,payment,145.56,card
INV-013121,J-013121,2025-06-27,payment,3643.0,card
INV-013122,J-013122,2025-07-24,payment,5142.24,card
INV-013123,J-013123,2025-07-21,payment,3689.35,card
INV-013124,J-013124,2025-05-25,payment,461.86,card
INV-013125,J-013125,2025-06-07,payment,185.8,check
INV-013126,J-013126,2025-05-31,payment,560.62,ach
INV-013127,J-013127,2025-05-29,payment,481.7,ach
INV-013128,J-013128,2025-05-29,payment,1537.32,card
INV-013129,J-013129,2025-05-30,payment,232.3,ach
INV-013130,J-013130,2025-05-31,payment,270.55,check
INV-013131,J-013131,2025-05-28,payment,541.87,check
INV-013132,J-013132,2025-05-31,payment,225.43,financing
INV-013133,J-013133,2025-05-26,payment,220.09,card
INV-013134,J-013134,2025-05-23,payment,618.79,card
INV-013135,J-013135,2025-05-26,payment,647.12,financing
INV-013136,J-013136,2025-05-30,payment,416.92,card
INV-013137,J-013137,2025-05-30,payment,365.75,check
INV-013138,J-013138,2025-05-29,payment,276.24,ach
INV-013139,J-013139,2025-05-31,payment,526.79,card
INV-013140,J-013140,2025-05-23,payment,196.08,card
INV-013141,J-013141,2025-05-29,payment,349.16,ach
INV-013141,J-013141,2025-07-05,refund,244.78,card
INV-013142,J-013142,2025-05-29,payment,166.08,card
INV-013143,J-013143,2025-05-31,payment,299.96,ach
INV-013144,J-013144,2025-05-29,payment,503.11,card
INV-013145,J-013145,2025-05-24,payment,647.58,ach
INV-013146,J-013146,2025-05-30,payment,253.09,check
INV-013147,J-013147,2025-06-04,payment,281.18,card
INV-013148,J-013148,2025-05-23,payment,221.28,card
INV-013149,J-013149,2025-06-01,payment,358.99,check
INV-013150,J-013150,2025-05-28,payment,255.62,check
INV-013151,J-013151,2025-05-29,payment,535.96,card
INV-013152,J-013152,2025-05-25,payment,473.3,financing
INV-013153,J-013153,2025-05-28,payment,429.48,check
INV-013154,J-013154,2025-05-30,payment,606.46,financing
INV-013155,J-013155,2025-06-17,payment,578.72,ach
INV-013156,J-013156,2025-05-26,payment,480.08,card
INV-013157,J-013157,2025-05-27,payment,476.52,card
INV-013158,J-013158,2025-06-02,payment,1023.09,financing
INV-013159,J-013159,2025-05-28,payment,227.96,ach
INV-013160,J-013160,2025-05-28,payment,499.88,financing
INV-013161,J-013161,2025-05-31,payment,471.99,card
INV-013162,J-013162,2025-05-31,payment,3298.11,ach
INV-013163,J-013163,2025-05-31,payment,300.45,check
INV-013164,J-013164,2025-06-03,payment,486.38,financing
INV-013165,J-013165,2025-05-29,payment,394.04,card
INV-013166,J-013166,2025-05-30,payment,777.37,check
INV-013167,J-013167,2025-05-24,payment,218.71,financing
INV-013168,J-013168,2025-05-30,payment,225.26,check
INV-013169,J-013169,2025-05-23,payment,370.76,financing
INV-013170,J-013170,2025-06-02,payment,639.02,card
INV-013171,J-013171,2025-05-26,payment,5047.14,card
INV-013172,J-013172,2025-06-02,payment,325.73,card
INV-013173,J-013173,2025-06-05,payment,531.38,card
INV-013174,J-013174,2025-05-25,payment,558.96,card
INV-013175,J-013175,2025-05-27,payment,375.48,check
INV-013176,J-013176,2025-05-25,payment,776.67,card
INV-013177,J-013177,2025-06-03,payment,242.5,ach
INV-013178,J-013178,2025-06-01,payment,881.35,ach
INV-013179,J-013179,2025-08-19,payment,456.17,check
INV-013180,J-013180,2025-06-02,payment,316.16,ach
INV-013181,J-013181,2025-06-14,payment,3523.81,financing
INV-013181,J-013181,2025-07-22,refund,2677.57,card
INV-013182,J-013182,2025-06-02,payment,6695.46,check
INV-013183,J-013183,2025-06-10,payment,5250.3,financing
INV-013184,J-013184,2025-07-25,payment,207.22,ach
INV-013185,J-013185,2025-06-04,payment,672.34,card
INV-013186,J-013186,2025-06-24,payment,3750.45,check
INV-013187,J-013187,2025-05-28,payment,3160.96,card
INV-013188,J-013188,2025-05-31,payment,5416.7,financing
INV-013189,J-013189,2025-06-03,payment,435.12,financing
INV-013190,J-013190,2025-06-14,payment,543.17,card
INV-013191,J-013191,2025-05-31,payment,3888.21,card
INV-013192,J-013192,2025-06-16,payment,6118.53,card
INV-013193,J-013193,2025-05-31,payment,189.25,financing
INV-013194,J-013194,2025-06-05,payment,769.05,ach
INV-013195,J-013195,2025-06-02,payment,380.91,ach
INV-013196,J-013196,2025-05-25,payment,321.56,check
INV-013197,J-013197,2025-05-28,payment,5745.88,financing
INV-013198,J-013198,2025-06-02,payment,919.55,ach
INV-013199,J-013199,2025-06-09,payment,281.32,check
INV-013200,J-013200,2025-06-11,payment,5339.52,card
INV-013201,J-013201,2025-05-26,payment,115.47,check
INV-013202,J-013202,2025-05-30,payment,265.97,financing
INV-013203,J-013203,2025-06-01,payment,1468.71,ach
INV-013204,J-013204,2025-06-06,payment,354.76,ach
INV-013205,J-013205,2025-06-06,payment,3263.82,card
INV-013206,J-013206,2025-06-01,payment,324.21,financing
INV-013207,J-013207,2025-05-22,payment,3038.23,ach
INV-013207,J-013207,2025-07-11,refund,2997.68,card
INV-013208,J-013208,2025-06-08,payment,322.44,card
INV-013209,J-013209,2025-06-03,payment,976.58,check
INV-013210,J-013210,2025-06-08,payment,4200.04,financing
INV-013211,J-013211,2025-06-21,payment,3958.56,card
INV-013212,J-013212,2025-06-09,payment,593.9,card
INV-013213,J-013213,2025-06-03,payment,359.24,card
INV-013214,J-013214,2025-06-09,payment,4808.78,card
INV-013215,J-013215,2025-05-28,payment,318.36,financing
INV-013216,J-013216,2025-06-02,payment,216.46,check
INV-013217,J-013217,2025-06-04,payment,234.43,financing
INV-013217,J-013217,2025-09-20,chargeback,175.85,card
INV-013218,J-013218,2025-05-31,payment,4740.26,ach
INV-013219,J-013219,2025-06-05,payment,205.44,check
INV-013220,J-013220,2025-05-31,payment,124.39,financing
INV-013221,J-013221,2025-06-24,payment,218.6,card
INV-013222,J-013222,2025-06-01,payment,254.02,card
INV-013223,J-013223,2025-06-08,payment,5955.87,card
INV-013224,J-013224,2025-06-08,payment,461.35,check
INV-013225,J-013225,2025-06-30,payment,216.24,financing
INV-013226,J-013226,2025-05-30,payment,287.47,card
INV-013227,J-013227,2025-06-21,payment,731.11,card
INV-013227,J-013227,2025-07-04,refund,650.35,card
INV-013228,J-013228,2025-06-05,payment,266.64,financing
INV-013229,J-013229,2025-06-07,payment,205.26,card
INV-013230,J-013230,2025-06-07,payment,292.24,check
INV-013231,J-013231,2025-06-14,payment,583.74,ach
INV-013232,J-013232,2025-05-31,payment,3765.49,financing
INV-013233,J-013233,2025-06-12,payment,165.09,check
INV-013234,J-013234,2025-06-02,payment,339.27,financing
INV-013235,J-013235,2025-06-05,payment,355.9,card
INV-013236,J-013236,2025-06-02,payment,404.15,check
INV-013237,J-013237,2025-06-07,payment,387.09,card
INV-013238,J-013238,2025-06-03,payment,604.64,card
INV-013239,J-013239,2025-06-13,payment,348.0,ach
INV-013239,J-013239,2025-07-31,refund,264.72,card
INV-013240,J-013240,2025-06-04,payment,139.85,card
INV-013241,J-013241,2025-06-23,payment,293.84,check
INV-013242,J-013242,2025-06-09,payment,379.86,card
INV-013243,J-013243,2025-06-15,payment,349.9,check
INV-013244,J-013244,2025-05-30,payment,288.47,check
INV-013245,J-013245,2025-06-06,payment,417.85,check
INV-013246,J-013246,2025-06-04,payment,581.42,card
INV-013247,J-013247,2025-05-29,payment,485.83,card
INV-013248,J-013248,2025-06-15,payment,267.32,financing
INV-013249,J-013249,2025-06-18,payment,3909.43,ach
INV-013250,J-013250,2025-06-04,payment,3248.51,card
INV-013251,J-013251,2025-06-06,payment,341.05,card
INV-013252,J-013252,2025-06-07,payment,371.89,ach
INV-013253,J-013253,2025-06-05,payment,497.22,card
INV-013254,J-013254,2025-06-06,payment,172.21,check
INV-013254,J-013254,2025-07-12,refund,74.2,card
INV-013255,J-013255,2025-06-19,payment,181.9,check
INV-013256,J-013256,2025-06-07,payment,206.03,ach
INV-013257,J-013257,2025-06-15,payment,390.18,check
INV-013258,J-013258,2025-06-03,payment,4347.06,check
INV-013259,J-013259,2025-06-11,payment,360.98,check
INV-013260,J-013260,2025-06-13,payment,560.2,financing
INV-013261,J-013261,2025-06-07,payment,164.47,ach
INV-013262,J-013262,2025-06-06,payment,725.01,card
INV-013263,J-013263,2025-06-10,payment,729.13,financing
INV-013264,J-013264,2025-06-09,payment,692.29,check
INV-013265,J-013265,2025-05-30,payment,245.99,card
INV-013266,J-013266,2025-06-03,payment,5870.38,card
INV-013267,J-013267,2025-06-14,payment,319.01,card
INV-013268,J-013268,2025-05-31,payment,535.31,ach
INV-013269,J-013269,2025-06-03,payment,670.74,financing
INV-013270,J-013270,2025-06-10,payment,699.34,card
INV-013271,J-013271,2025-06-15,payment,403.98,ach
INV-013272,J-013272,2025-06-06,payment,4609.12,check
INV-013273,J-013273,2025-06-12,payment,769.23,card
INV-013274,J-013274,2025-05-30,payment,372.8,card
INV-013275,J-013275,2025-06-06,payment,596.8,check
INV-013276,J-013276,2025-06-01,payment,113.38,card
INV-013277,J-013277,2025-06-10,payment,185.0,financing
INV-013278,J-013278,2025-06-05,payment,341.4,card
INV-013279,J-013279,2025-06-13,payment,373.79,ach
INV-013280,J-013280,2025-06-06,payment,717.57,card
INV-013281,J-013281,2025-06-24,payment,268.64,check
INV-013282,J-013282,2025-06-12,payment,433.04,card
INV-013282,J-013282,2025-07-02,chargeback,334.51,card
INV-013283,J-013283,2025-05-30,payment,5641.78,check
INV-013284,J-013284,2025-06-12,payment,152.87,card
INV-013285,J-013285,2025-06-04,payment,236.2,check
INV-013286,J-013286,2025-06-01,payment,178.29,card
INV-013286,J-013286,2025-07-25,refund,135.91,card
INV-013287,J-013287,2025-06-01,payment,400.27,check
INV-013288,J-013288,2025-06-05,payment,347.36,card
INV-013289,J-013289,2025-06-10,payment,466.57,ach
INV-013290,J-013290,2025-06-04,payment,255.64,card
INV-013291,J-013291,2025-06-10,payment,419.75,check
INV-013292,J-013292,2025-06-05,payment,627.99,financing
INV-013293,J-013293,2025-06-19,payment,241.8,financing
INV-013294,J-013294,2025-06-05,payment,550.69,ach
INV-013295,J-013295,2025-06-04,payment,3267.01,ach
INV-013296,J-013296,2025-06-03,payment,752.34,financing
INV-013297,J-013297,2025-06-09,payment,291.53,ach
INV-013298,J-013298,2025-06-09,payment,499.33,card
INV-013299,J-013299,2025-06-21,payment,2767.44,financing
INV-013299,J-013299,2025-08-30,refund,2020.9,card
INV-013300,J-013300,2025-06-09,payment,253.91,check
INV-013301,J-013301,2025-07-05,payment,4398.68,ach
INV-013302,J-013302,2025-06-23,payment,171.17,ach
INV-013303,J-013303,2025-06-09,payment,313.07,financing
INV-013304,J-013304,2025-06-22,payment,3385.35,ach
INV-013305,J-013305,2025-06-05,payment,164.59,financing
INV-013306,J-013306,2025-06-02,payment,245.66,financing
INV-013307,J-013307,2025-06-14,payment,738.06,card
INV-013308,J-013308,2025-06-04,payment,4389.44,card
INV-013309,J-013309,2025-08-16,payment,232.45,card
INV-013310,J-013310,2025-06-17,payment,251.35,financing
INV-013311,J-013311,2025-06-22,payment,3455.78,ach
INV-013312,J-013312,2025-06-16,payment,274.76,card
INV-013313,J-013313,2025-06-12,payment,241.09,ach
INV-013314,J-013314,2025-06-03,payment,3451.41,check
INV-013315,J-013315,2025-06-19,payment,2615.88,ach
INV-013316,J-013316,2025-06-04,payment,505.47,card
INV-013317,J-013317,2025-06-14,payment,352.51,card
INV-013318,J-013318,2025-06-08,payment,361.4,card
INV-013319,J-013319,2025-06-05,payment,371.8,card
INV-013320,J-013320,2025-09-18,payment,349.06,card
INV-013321,J-013321,2025-06-03,payment,286.39,ach
INV-013322,J-013322,2025-07-02,payment,6379.27,ach
INV-013322,J-013322,2025-08-01,refund,5075.13,card
INV-013323,J-013323,2025-07-30,payment,518.95,card
INV-013324,J-013324,2025-06-11,payment,3594.68,ach
INV-013325,J-013325,2025-09-20,payment,3589.96,card
INV-013326,J-013326,2025-07-28,payment,4789.33,check
INV-013327,J-013327,2025-07-20,payment,3522.52,card
INV-013328,J-013328,2025-06-12,payment,4582.62,card
INV-013329,J-013329,2025-06-12,payment,215.85,card
INV-013330,J-013330,2025-09-17,payment,3513.16,card
INV-013331,J-013331,2025-06-27,payment,493.54,ach
INV-013332,J-013332,2025-06-30,payment,3695.21,check
INV-013333,J-013333,2025-08-13,payment,6490.06,card
INV-013334,J-013334,2025-06-08,payment,251.51,check
INV-013335,J-013335,2025-07-24,payment,3123.28,check
INV-013336,J-013336,2025-06-15,payment,4313.72,check
INV-013337,J-013337,2025-07-03,payment,3222.86,check
INV-013338,J-013338,2025-09-11,payment,3625.27,check
INV-013339,J-013339,2025-06-06,payment,240.11,card
INV-013340,J-013340,2025-06-03,payment,303.16,check
INV-013341,J-013341,2025-06-02,payment,248.51,check
INV-013342,J-013342,2025-06-08,payment,93.12,ach
INV-013343,J-013343,2025-06-08,payment,132.65,card
INV-013344,J-013344,2025-06-01,payment,253.68,card
INV-013345,J-013345,2025-06-05,payment,182.15,check
INV-013346,J-013346,2025-06-05,payment,222.83,card
INV-013347,J-013347,2025-06-05,payment,160.63,card
INV-013348,J-013348,2025-06-09,payment,283.92,card
INV-013348,J-013348,2025-07-07,refund,133.06,card
INV-013349,J-013349,2025-06-11,payment,361.2,check
INV-013350,J-013350,2025-06-04,payment,371.77,card
INV-013351,J-013351,2025-06-10,payment,174.68,financing
INV-013352,J-013352,2025-05-31,payment,250.76,financing
INV-013353,J-013353,2025-06-01,payment,261.98,check
INV-013354,J-013354,2025-05-30,payment,230.61,financing
INV-013355,J-013355,2025-06-01,payment,261.4,ach
INV-013356,J-013356,2025-05-29,payment,646.02,ach
INV-013357,J-013357,2025-06-01,payment,366.87,check
INV-013358,J-013358,2025-06-06,payment,167.24,check
INV-013359,J-013359,2025-06-03,payment,689.0,check
INV-013360,J-013360,2025-06-14,payment,398.56,card
INV-013361,J-013361,2025-06-07,payment,196.94,card
INV-013362,J-013362,2025-05-31,payment,708.57,card
INV-013363,J-013363,2025-06-05,payment,437.56,card
INV-013364,J-013364,2025-06-04,payment,115.97,check
INV-013365,J-013365,2025-06-07,payment,3104.15,card
INV-013366,J-013366,2025-06-02,payment,480.18,card
INV-013367,J-013367,2025-06-04,payment,383.51,financing
INV-013368,J-013368,2025-06-07,payment,980.33,card
INV-013369,J-013369,2025-06-05,payment,146.64,ach
INV-013370,J-013370,2025-06-04,payment,455.26,check
INV-013371,J-013371,2025-06-03,payment,380.46,financing
INV-013372,J-013372,2025-06-04,payment,316.04,card
INV-013373,J-013373,2025-06-02,payment,687.06,card
INV-013374,J-013374,2025-06-07,payment,744.96,check
INV-013375,J-013375,2025-06-09,payment,433.27,financing
INV-013376,J-013376,2025-06-12,payment,343.35,check
INV-013376,J-013376,2025-08-08,refund,308.16,card
INV-013377,J-013377,2025-06-06,payment,495.03,ach
INV-013378,J-013378,2025-06-08,payment,296.43,check
INV-013379,J-013379,2025-06-13,payment,585.9,financing
INV-013380,J-013380,2025-06-02,payment,438.43,check
INV-013381,J-013381,2025-06-12,payment,627.3,check
INV-013382,J-013382,2025-06-03,payment,327.83,financing
INV-013383,J-013383,2025-06-02,payment,566.88,financing
INV-013384,J-013384,2025-06-11,payment,460.95,check
INV-013385,J-013385,2025-06-06,payment,711.73,ach
INV-013386,J-013386,2025-07-09,payment,209.36,financing
INV-013387,J-013387,2025-06-28,payment,286.76,card
INV-013388,J-013388,2025-06-15,payment,4577.31,card
INV-013389,J-013389,2025-06-12,payment,1042.8,ach
INV-013390,J-013390,2025-06-11,payment,206.41,card
INV-013391,J-013391,2025-07-11,payment,348.96,card
INV-013392,J-013392,2025-06-24,payment,149.5,card
INV-013393,J-013393,2025-06-18,payment,383.65,card
INV-013394,J-013394,2025-06-01,payment,311.44,card
INV-013395,J-013395,2025-06-11,payment,322.73,ach
INV-013396,J-013396,2025-06-03,payment,221.86,financing
INV-013397,J-013397,2025-06-13,payment,4311.78,card
INV-013398,J-013398,2025-06-17,payment,3956.95,check
INV-013399,J-013399,2025-06-19,payment,6309.29,check
INV-013400,J-013400,2025-07-23,payment,251.84,check
INV-013401,J-013401,2025-06-09,payment,3282.45,financing
INV-013402,J-013402,2025-06-13,payment,447.44,card
INV-013403,J-013403,2025-06-06,payment,3663.2,card
INV-013404,J-013404,2025-06-23,payment,599.84,card
INV-013405,J-013405,2025-06-12,payment,439.74,ach
INV-013406,J-013406,2025-06-11,payment,3113.28,check
INV-013407,J-013407,2025-08-11,payment,1142.4,card
INV-013408,J-013408,2025-06-06,payment,215.69,check
INV-013409,J-013409,2025-06-13,payment,222.33,ach
INV-013410,J-013410,2025-06-18,payment,243.63,card
INV-013411,J-013411,2025-06-03,payment,507.22,ach
INV-013412,J-013412,2025-06-05,payment,235.43,ach
INV-013413,J-013413,2025-06-11,payment,244.53,ach
INV-013414,J-013414,2025-06-08,payment,565.09,check
INV-013415,J-013415,2025-06-11,payment,235.12,card
INV-013416,J-013416,2025-06-08,payment,260.84,financing
INV-013417,J-013417,2025-06-04,payment,7304.1,ach
INV-013418,J-013418,2025-06-20,payment,620.13,card
INV-013419,J-013419,2025-06-08,payment,443.89,financing
INV-013420,J-013420,2025-06-08,payment,7232.56,card
INV-013421,J-013421,2025-06-13,payment,3522.1,check
INV-013422,J-013422,2025-06-15,payment,353.73,card
INV-013423,J-013423,2025-06-18,payment,285.4,ach
INV-013424,J-013424,2025-06-05,payment,646.65,card
INV-013425,J-013425,2025-07-12,payment,594.1,card
INV-013426,J-013426,2025-06-04,payment,368.32,check
INV-013427,J-013427,2025-06-09,payment,480.87,check
INV-013428,J-013428,2025-06-08,payment,482.1,financing
INV-013429,J-013429,2025-06-08,payment,199.36,check
INV-013430,J-013430,2025-06-04,payment,347.78,check
INV-013431,J-013431,2025-06-10,payment,463.48,check
INV-013432,J-013432,2025-06-15,payment,2290.15,card
INV-013433,J-013433,2025-06-10,payment,121.91,card
INV-013434,J-013434,2025-06-16,payment,225.04,check
INV-013435,J-013435,2025-06-09,payment,328.57,card
INV-013436,J-013436,2025-06-02,payment,562.26,financing
INV-013437,J-013437,2025-06-24,payment,270.12,card
INV-013438,J-013438,2025-06-25,payment,362.33,card
INV-013439,J-013439,2025-06-10,payment,259.17,card
INV-013440,J-013440,2025-06-07,payment,195.89,check
INV-013441,J-013441,2025-06-14,payment,334.54,check
INV-013442,J-013442,2025-06-26,payment,463.2,ach
INV-013443,J-013443,2025-06-07,payment,186.88,ach
INV-013444,J-013444,2025-06-07,payment,466.69,financing
INV-013445,J-013445,2025-07-01,payment,427.62,card
INV-013446,J-013446,2025-06-19,payment,339.83,financing
INV-013447,J-013447,2025-06-16,payment,359.69,card
INV-013448,J-013448,2025-06-15,payment,173.42,card
INV-013449,J-013449,2025-06-12,payment,4599.7,card
INV-013450,J-013450,2025-06-14,payment,377.63,financing
INV-013451,J-013451,2025-06-13,payment,220.02,financing
INV-013452,J-013452,2025-06-08,payment,511.85,card
INV-013452,J-013452,2025-07-13,refund,306.22,card
INV-013453,J-013453,2025-06-21,payment,702.63,card
INV-013454,J-013454,2025-06-17,payment,354.89,financing
INV-013455,J-013455,2025-06-13,payment,193.28,card
INV-013456,J-013456,2025-06-13,payment,1159.95,check
INV-013457,J-013457,2025-06-26,payment,220.42,card
INV-013458,J-013458,2025-06-24,payment,3220.49,check
INV-013459,J-013459,2025-06-10,payment,342.88,card
INV-013460,J-013460,2025-06-27,payment,584.05,card
INV-013461,J-013461,2025-06-17,payment,251.82,ach
INV-013462,J-013462,2025-06-14,payment,129.38,card
INV-013463,J-013463,2025-06-13,payment,3392.01,ach
INV-013464,J-013464,2025-06-13,payment,92.26,ach
INV-013465,J-013465,2025-06-11,payment,223.34,card
INV-013466,J-013466,2025-06-12,payment,4358.53,financing
INV-013466,J-013466,2025-07-16,refund,3859.6,card
INV-013467,J-013467,2025-06-14,payment,220.42,check
INV-013468,J-013468,2025-06-10,payment,447.24,ach
INV-013469,J-013469,2025-06-18,payment,4755.21,check
INV-013470,J-013470,2025-06-15,payment,524.53,check
INV-013471,J-013471,2025-06-09,payment,545.13,card
INV-013472,J-013472,2025-06-12,payment,4396.86,ach
INV-013473,J-013473,2025-06-09,payment,326.84,card
INV-013474,J-013474,2025-06-10,payment,262.78,card
INV-013475,J-013475,2025-06-10,payment,212.69,card
INV-013476,J-013476,2025-06-17,payment,175.1,card
INV-013476,J-013476,2025-07-10,chargeback,148.97,card
INV-013477,J-013477,2025-06-12,payment,361.48,card
INV-013478,J-013478,2025-06-15,payment,494.12,card
INV-013479,J-013479,2025-06-29,payment,371.43,ach
INV-013480,J-013480,2025-06-08,payment,607.04,financing
INV-013481,J-013481,2025-06-10,payment,448.56,card
INV-013482,J-013482,2025-06-14,payment,222.04,ach
INV-013483,J-013483,2025-06-14,payment,530.05,check
INV-013484,J-013484,2025-06-10,payment,186.28,financing
INV-013485,J-013485,2025-06-14,payment,503.04,card
INV-013486,J-013486,2025-06-11,payment,409.39,check
INV-013487,J-013487,2025-06-16,payment,470.34,card
INV-013488,J-013488,2025-06-09,payment,287.57,financing
INV-013489,J-013489,2025-07-04,payment,6581.48,card
INV-013490,J-013490,2025-06-12,payment,3717.77,check
INV-013491,J-013491,2025-06-17,payment,271.85,check
INV-013492,J-013492,2025-06-15,payment,214.51,check
INV-013493,J-013493,2025-07-03,payment,4984.53,financing
INV-013494,J-013494,2025-06-22,payment,164.61,card
INV-013495,J-013495,2025-06-09,payment,4401.12,card
INV-013496,J-013496,2025-06-15,payment,383.95,card
INV-013497,J-013497,2025-07-12,payment,830.99,check
INV-013498,J-013498,2025-06-11,payment,231.94,card
INV-013499,J-013499,2025-06-19,payment,5460.09,card
INV-013500,J-013500,2025-06-21,payment,143.29,check
INV-013501,J-013501,2025-06-16,payment,219.64,card
INV-013502,J-013502,2025-06-23,payment,397.74,ach
INV-013503,J-013503,2025-06-13,payment,928.17,card
INV-013504,J-013504,2025-06-07,payment,509.44,ach
INV-013505,J-013505,2025-06-16,payment,242.35,ach
INV-013506,J-013506,2025-06-20,payment,324.09,check
INV-013507,J-013507,2025-06-17,payment,317.24,card
INV-013508,J-013508,2025-06-12,payment,4341.15,card
INV-013509,J-013509,2025-06-22,payment,306.01,financing
INV-013510,J-013510,2025-06-24,payment,205.86,financing
INV-013511,J-013511,2025-06-12,payment,201.03,card
INV-013512,J-013512,2025-06-16,payment,478.13,ach
INV-013513,J-013513,2025-07-26,payment,7883.61,card
INV-013514,J-013514,2025-06-24,payment,375.66,check
INV-013515,J-013515,2025-07-11,payment,7349.6,financing
INV-013516,J-013516,2025-06-20,payment,4183.47,financing
INV-013516,J-013516,2025-07-16,refund,1931.7,card
INV-013517,J-013517,2025-08-16,payment,4859.16,financing
INV-013518,J-013518,2025-06-22,payment,4641.72,financing
INV-013519,J-013519,2025-06-30,payment,4049.58,card
INV-013520,J-013520,2025-06-20,payment,2776.08,card
INV-013521,J-013521,2025-07-03,payment,3916.64,financing
INV-013522,J-013522,2025-07-24,payment,3901.95,card
INV-013523,J-013523,2025-07-07,payment,3745.41,ach
INV-013524,J-013524,2025-06-21,payment,227.79,financing
INV-013525,J-013525,2025-07-16,payment,661.37,check
INV-013526,J-013526,2025-08-19,payment,219.2,card
INV-013526,J-013526,2025-09-06,refund,142.58,card
INV-013527,J-013527,2025-08-22,payment,3768.88,financing
INV-013528,J-013528,2025-08-03,payment,177.15,ach
INV-013529,J-013529,2025-06-13,payment,5273.05,financing
INV-013530,J-013530,2025-06-19,payment,2899.62,ach
INV-013531,J-013531,2025-06-18,payment,3472.2,card
INV-013532,J-013532,2025-07-27,payment,228.6,card
INV-013533,J-013533,2025-07-18,payment,4300.64,card
INV-013534,J-013534,2025-06-19,payment,2848.99,ach
INV-013535,J-013535,2025-07-11,payment,3695.11,financing
INV-013536,J-013536,2025-06-30,payment,3824.34,card
INV-013537,J-013537,2025-09-09,payment,251.51,ach
INV-013538,J-013538,2025-07-08,payment,174.95,card
INV-013539,J-013539,2025-09-03,payment,5660.8,card
INV-013540,J-013540,2025-08-19,payment,4146.38,ach
INV-013541,J-013541,2025-06-18,payment,362.0,ach
INV-013542,J-013542,2025-06-10,payment,391.65,card
INV-013543,J-013543,2025-06-20,payment,411.38,card
INV-013544,J-013544,2025-06-06,payment,337.63,ach
INV-013545,J-013545,2025-06-07,payment,416.49,financing
INV-013546,J-013546,2025-06-13,payment,432.82,card
INV-013547,J-013547,2025-06-23,payment,377.96,financing
INV-013548,J-013548,2025-06-11,payment,299.11,card
INV-013549,J-013549,2025-06-06,payment,646.04,card
INV-013550,J-013550,2025-06-12,payment,386.33,financing
INV-013551,J-013551,2025-06-10,payment,337.48,financing
INV-013552,J-013552,2025-06-09,payment,5894.6,financing
INV-013553,J-013553,2025-06-13,payment,220.77,check
INV-013554,J-013554,2025-06-11,payment,773.11,card
INV-013555,J-013555,2025-06-11,payment,220.47,check
INV-013556,J-013556,2025-06-16,payment,183.85,ach
INV-013557,J-013557,2025-06-15,payment,146.06,check
INV-013558,J-013558,2025-06-11,payment,272.95,check
INV-013559,J-013559,2025-06-15,payment,375.53,card
INV-013560,J-013560,2025-07-01,payment,189.37,check
INV-013561,J-013561,2025-06-13,payment,374.68,check
INV-013562,J-013562,2025-06-12,payment,200.11,card
INV-013563,J-013563,2025-06-17,payment,408.0,check
INV-013564,J-013564,2025-06-12,payment,342.91,check
INV-013565,J-013565,2025-06-15,payment,504.48,card
INV-013566,J-013566,2025-06-22,payment,264.48,financing
INV-013567,J-013567,2025-06-11,payment,502.97,check
INV-013568,J-013568,2025-06-15,payment,263.54,card
INV-013569,J-013569,2025-06-19,payment,485.63,check
INV-013570,J-013570,2025-06-10,payment,577.69,check
INV-013571,J-013571,2025-06-15,payment,143.07,financing
INV-013572,J-013572,2025-06-07,payment,520.82,card
INV-013573,J-013573,2025-06-13,payment,480.73,card
INV-013574,J-013574,2025-06-13,payment,288.44,card
INV-013575,J-013575,2025-06-05,payment,273.08,card
INV-013576,J-013576,2025-06-09,payment,277.07,check
INV-013577,J-013577,2025-06-14,payment,447.78,card
INV-013578,J-013578,2025-06-09,payment,257.69,check
INV-013579,J-013579,2025-06-18,payment,741.06,financing
INV-013580,J-013580,2025-06-14,payment,321.79,check
INV-013581,J-013581,2025-06-08,payment,364.55,financing
INV-013582,J-013582,2025-06-07,payment,645.17,ach
INV-013583,J-013583,2025-06-13,payment,305.86,check
INV-013584,J-013584,2025-06-12,payment,3553.85,financing
INV-013585,J-013585,2025-06-07,payment,954.82,check
INV-013586,J-013586,2025-06-07,payment,401.08,check
INV-013587,J-013587,2025-06-13,payment,503.27,financing
INV-013588,J-013588,2025-06-07,payment,991.73,card
INV-013589,J-013589,2025-06-08,payment,419.36,check
INV-013590,J-013590,2025-06-10,payment,678.22,financing
INV-013591,J-013591,2025-06-20,payment,328.4,ach
INV-013592,J-013592,2025-06-11,payment,371.33,financing
INV-013593,J-013593,2025-06-07,payment,558.58,financing
INV-013594,J-013594,2025-06-06,payment,790.71,financing
INV-013595,J-013595,2025-06-15,payment,196.56,check
INV-013596,J-013596,2025-06-21,payment,213.91,card
INV-013597,J-013597,2025-06-13,payment,350.1,check
INV-013598,J-013598,2025-06-10,payment,217.86,ach
INV-013599,J-013599,2025-06-09,payment,707.4,ach
INV-013600,J-013600,2025-06-25,payment,608.9,ach
INV-013601,J-013601,2025-06-14,payment,6018.78,check
INV-013602,J-013602,2025-06-27,payment,3315.19,check
INV-013603,J-013603,2025-06-27,payment,399.84,financing
INV-013604,J-013604,2025-06-11,payment,1312.34,card
INV-013605,J-013605,2025-06-23,payment,488.96,card
INV-013606,J-013606,2025-06-11,payment,438.4,card
INV-013607,J-013607,2025-06-18,payment,4954.68,card
INV-013608,J-013608,2025-06-19,payment,3612.64,financing
INV-013609,J-013609,2025-06-19,payment,194.5,ach
INV-013610,J-013610,2025-06-29,payment,3425.97,ach
INV-013611,J-013611,2025-06-16,payment,153.36,card
INV-013612,J-013612,2025-07-05,payment,393.28,ach
INV-013613,J-013613,2025-06-10,payment,150.14,card
INV-013613,J-013613,2025-08-04,refund,104.69,card
INV-013614,J-013614,2025-07-01,payment,264.96,financing
INV-013615,J-013615,2025-06-18,payment,200.58,card
INV-013616,J-013616,2025-06-26,payment,3743.35,financing
INV-013617,J-013617,2025-06-16,payment,287.0,check
INV-013618,J-013618,2025-06-13,payment,284.86,card
INV-013618,J-013618,2025-07-05,chargeback,183.23,card
INV-013619,J-013619,2025-06-13,payment,4993.74,financing
INV-013620,J-013620,2025-06-09,payment,610.94,card
INV-013621,J-013621,2025-06-26,payment,515.25,ach
INV-013622,J-013622,2025-06-21,payment,159.48,card
INV-013623,J-013623,2025-06-18,payment,191.91,card
INV-013624,J-013624,2025-06-13,payment,187.55,financing
INV-013625,J-013625,2025-07-03,payment,310.44,financing
INV-013626,J-013626,2025-06-17,payment,694.18,check
INV-013627,J-013627,2025-06-12,payment,258.23,card
INV-013628,J-013628,2025-06-20,payment,246.62,card
INV-013629,J-013629,2025-06-13,payment,193.06,check
INV-013630,J-013630,2025-06-19,payment,151.77,ach
INV-013631,J-013631,2025-06-16,payment,148.45,card
INV-013632,J-013632,2025-06-14,payment,292.6,financing
INV-013633,J-013633,2025-06-19,payment,189.53,ach
INV-013634,J-013634,2025-06-09,payment,411.16,card
INV-013635,J-013635,2025-06-17,payment,122.06,financing
INV-013636,J-013636,2025-06-10,payment,815.95,financing
INV-013637,J-013637,2025-06-15,payment,504.91,card
INV-013638,J-013638,2025-07-06,payment,295.39,ach
INV-013639,J-013639,2025-06-10,payment,162.57,check
INV-013640,J-013640,2025-06-12,payment,442.2,card
INV-013641,J-013641,2025-06-17,payment,187.08,check
INV-013642,J-013642,2025-06-16,payment,7269.84,ach
INV-013643,J-013643,2025-06-17,payment,161.3,ach
INV-013644,J-013644,2025-06-16,payment,624.86,card
INV-013645,J-013645,2025-06-20,payment,3740.6,card
INV-013646,J-013646,2025-06-18,payment,186.54,check
INV-013647,J-013647,2025-06-22,payment,608.23,ach
INV-013648,J-013648,2025-06-24,payment,839.45,ach
INV-013649,J-013649,2025-06-20,payment,348.31,card
INV-013650,J-013650,2025-07-27,payment,567.81,card
INV-013651,J-013651,2025-06-20,payment,334.67,check
INV-013652,J-013652,2025-06-17,payment,424.42,financing
INV-013653,J-013653,2025-06-21,payment,328.2,card
INV-013654,J-013654,2025-06-19,payment,542.15,check
INV-013655,J-013655,2025-06-17,payment,212.84,check
INV-013656,J-013656,2025-06-17,payment,303.46,financing
INV-013657,J-013657,2025-06-18,payment,193.11,financing
INV-013658,J-013658,2025-06-25,payment,413.82,card
INV-013659,J-013659,2025-06-16,payment,518.48,card
INV-013660,J-013660,2025-06-18,payment,270.42,financing
INV-013661,J-013661,2025-06-18,payment,293.74,card
INV-013662,J-013662,2025-06-23,payment,239.77,card
INV-013663,J-013663,2025-06-25,payment,528.47,ach
INV-013664,J-013664,2025-06-17,payment,217.88,card
INV-013665,J-013665,2025-06-15,payment,184.4,check
INV-013665,J-013665,2025-08-01,refund,78.84,card
INV-013666,J-013666,2025-06-22,payment,5730.5,ach
INV-013667,J-013667,2025-06-17,payment,99.43,check
INV-013668,J-013668,2025-06-15,payment,502.97,ach
INV-013669,J-013669,2025-06-28,payment,220.3,check
INV-013670,J-013670,2025-06-16,payment,221.58,card
INV-013671,J-013671,2025-06-23,payment,461.48,check
INV-013672,J-013672,2025-06-18,payment,107.3,ach
INV-013673,J-013673,2025-06-17,payment,268.41,ach
INV-013674,J-013674,2025-06-29,payment,2365.96,card
INV-013675,J-013675,2025-06-17,payment,513.36,ach
INV-013676,J-013676,2025-06-22,payment,247.47,card
INV-013677,J-013677,2025-06-15,payment,2893.2,card
INV-013678,J-013678,2025-06-19,payment,462.75,check
INV-013679,J-013679,2025-06-15,payment,197.1,card
INV-013680,J-013680,2025-06-14,payment,674.69,card
INV-013681,J-013681,2025-06-25,payment,667.29,card
INV-013682,J-013682,2025-06-25,payment,195.03,ach
INV-013683,J-013683,2025-06-24,payment,170.04,ach
INV-013684,J-013684,2025-06-26,payment,350.15,card
INV-013685,J-013685,2025-06-21,payment,147.38,check
INV-013686,J-013686,2025-06-24,payment,170.77,check
INV-013687,J-013687,2025-06-27,payment,4137.63,card
INV-013688,J-013688,2025-06-19,payment,230.44,check
INV-013689,J-013689,2025-06-19,payment,205.21,card
INV-013690,J-013690,2025-06-18,payment,261.01,check
INV-013691,J-013691,2025-06-28,payment,493.7,financing
INV-013692,J-013692,2025-06-17,payment,328.79,ach
INV-013693,J-013693,2025-06-28,payment,181.09,card
INV-013694,J-013694,2025-06-20,payment,611.18,card
INV-013695,J-013695,2025-06-18,payment,134.51,card
INV-013696,J-013696,2025-06-19,payment,211.28,ach
INV-013697,J-013697,2025-06-20,payment,654.5,card
INV-013698,J-013698,2025-07-04,payment,274.97,card
INV-013699,J-013699,2025-06-17,payment,315.49,card
INV-013700,J-013700,2025-06-18,payment,549.78,financing
INV-013701,J-013701,2025-06-14,payment,1041.17,card
INV-013702,J-013702,2025-06-15,payment,429.89,card
INV-013703,J-013703,2025-06-25,payment,205.03,card
INV-013704,J-013704,2025-06-22,payment,5162.41,card
INV-013705,J-013705,2025-06-21,payment,3875.91,check
INV-013706,J-013706,2025-06-16,payment,252.01,card
INV-013707,J-013707,2025-06-29,payment,607.3,ach
INV-013708,J-013708,2025-06-23,payment,713.72,ach
INV-013709,J-013709,2025-06-20,payment,417.94,ach
INV-013710,J-013710,2025-06-28,payment,758.0,financing
INV-013711,J-013711,2025-06-24,payment,198.82,card
INV-013712,J-013712,2025-06-25,payment,270.88,financing
INV-013713,J-013713,2025-06-25,payment,658.23,card
INV-013714,J-013714,2025-06-24,payment,270.68,financing
INV-013715,J-013715,2025-06-22,payment,4309.79,card
INV-013716,J-013716,2025-08-28,payment,586.84,ach
INV-013717,J-013717,2025-06-20,payment,345.51,check
INV-013718,J-013718,2025-06-23,payment,213.56,card
INV-013719,J-013719,2025-07-01,payment,5187.6,ach
INV-013720,J-013720,2025-06-24,payment,472.19,card
INV-013721,J-013721,2025-06-25,payment,5153.06,financing
INV-013722,J-013722,2025-06-27,payment,221.98,check
INV-013723,J-013723,2025-07-01,payment,4699.13,financing
INV-013724,J-013724,2025-06-26,payment,304.27,financing
INV-013725,J-013725,2025-06-25,payment,272.4,financing
INV-013726,J-013726,2025-06-23,payment,3057.37,ach
INV-013727,J-013727,2025-06-28,payment,975.13,card
INV-013728,J-013728,2025-06-24,payment,314.0,card
INV-013729,J-013729,2025-06-22,payment,243.67,card
INV-013730,J-013730,2025-08-09,payment,3194.51,financing
INV-013731,J-013731,2025-06-19,payment,2806.35,ach
INV-013732,J-013732,2025-07-09,payment,4176.66,check
INV-013733,J-013733,2025-07-26,payment,3966.3,financing
INV-013734,J-013734,2025-09-15,payment,187.48,check
INV-013735,J-013735,2025-07-09,payment,2502.6,card
INV-013736,J-013736,2025-08-12,payment,222.52,card
INV-013737,J-013737,2025-08-03,payment,5542.14,check
INV-013738,J-013738,2025-07-23,payment,2651.33,financing
INV-013739,J-013739,2025-07-15,payment,3706.01,ach
INV-013740,J-013740,2025-07-17,payment,3654.97,ach
INV-013741,J-013741,2025-08-15,payment,5648.23,card
INV-013742,J-013742,2025-07-24,payment,3301.99,financing
INV-013743,J-013743,2025-08-07,payment,4993.12,card
INV-013744,J-013744,2025-07-08,payment,814.04,card
INV-013745,J-013745,2025-08-08,payment,308.81,card
INV-013746,J-013746,2025-07-07,payment,3763.25,ach
INV-013747,J-013747,2025-08-29,payment,280.21,card
INV-013748,J-013748,2025-08-21,payment,4157.32,financing
INV-013749,J-013749,2025-08-08,payment,2730.54,card
INV-013750,J-013750,2025-06-27,payment,5144.6,financing
INV-013751,J-013751,2025-07-24,payment,5211.61,check
INV-013752,J-013752,2025-06-19,payment,361.77,check
INV-013753,J-013753,2025-06-16,payment,727.63,check
INV-013754,J-013754,2025-06-18,payment,579.16,financing
INV-013755,J-013755,2025-06-19,payment,144.34,financing
INV-013756,J-013756,2025-06-18,payment,660.06,ach
INV-013757,J-013757,2025-06-17,payment,273.3,check
INV-013757,J-013757,2025-08-01,refund,235.27,card
INV-013758,J-013758,2025-06-17,payment,557.5,check
INV-013759,J-013759,2025-06-20,payment,551.65,card
INV-013760,J-013760,2025-06-13,payment,682.03,card
INV-013761,J-013761,2025-06-15,payment,261.6,ach
INV-013762,J-013762,2025-06-14,payment,343.67,card
INV-013763,J-013763,2025-06-19,payment,611.81,financing
INV-013764,J-013764,2025-06-24,payment,347.5,card
INV-013765,J-013765,2025-06-17,payment,151.09,check
INV-013766,J-013766,2025-06-18,payment,115.15,financing
INV-013767,J-013767,2025-06-25,payment,1212.34,card
INV-013768,J-013768,2025-06-24,payment,548.18,ach
INV-013769,J-013769,2025-06-30,payment,247.34,check
INV-013770,J-013770,2025-06-20,payment,606.84,financing
INV-013771,J-013771,2025-07-11,payment,416.11,card
INV-013772,J-013772,2025-06-18,payment,443.39,financing
INV-013773,J-013773,2025-06-17,payment,298.43,check
INV-013774,J-013774,2025-06-27,payment,797.23,card
INV-013775,J-013775,2025-06-19,payment,227.97,ach
INV-013776,J-013776,2025-06-18,payment,502.66,financing
INV-013777,J-013777,2025-06-17,payment,279.13,check
INV-013778,J-013778,2025-06-18,payment,2724.36,card
INV-013779,J-013779,2025-06-19,payment,319.24,check
INV-013780,J-013780,2025-06-18,payment,590.67,card
INV-013781,J-013781,2025-06-20,payment,242.27,financing
INV-013782,J-013782,2025-06-21,payment,256.84,card
INV-013783,J-013783,2025-06-26,payment,181.33,card
INV-013784,J-013784,2025-06-14,payment,335.23,financing
INV-013785,J-013785,2025-06-25,payment,1049.99,check
INV-013786,J-013786,2025-06-30,payment,541.31,card
INV-013787,J-013787,2025-06-29,payment,256.98,ach
INV-013788,J-013788,2025-06-18,payment,454.75,check
INV-013789,J-013789,2025-06-22,payment,3712.22,card
INV-013790,J-013790,2025-06-15,payment,328.21,ach
INV-013791,J-013791,2025-06-18,payment,4446.02,ach
INV-013792,J-013792,2025-06-21,payment,386.45,card
INV-013793,J-013793,2025-06-19,payment,355.57,ach
INV-013794,J-013794,2025-06-16,payment,483.58,ach
INV-013794,J-013794,2025-07-13,refund,414.46,card
INV-013795,J-013795,2025-06-23,payment,299.93,financing
INV-013796,J-013796,2025-06-26,payment,332.71,financing
INV-013797,J-013797,2025-06-20,payment,267.17,card
INV-013798,J-013798,2025-06-12,payment,218.93,card
INV-013799,J-013799,2025-06-13,payment,344.42,card
INV-013800,J-013800,2025-07-05,payment,272.84,ach
INV-013801,J-013801,2025-06-18,payment,537.92,card
INV-013802,J-013802,2025-06-18,payment,235.64,check
INV-013803,J-013803,2025-06-19,payment,511.97,card
INV-013804,J-013804,2025-06-17,payment,468.91,card
INV-013805,J-013805,2025-06-22,payment,4837.11,card
INV-013806,J-013806,2025-06-24,payment,226.3,card
INV-013807,J-013807,2025-06-19,payment,3422.83,card
INV-013808,J-013808,2025-07-31,payment,4256.48,financing
INV-013809,J-013809,2025-07-02,payment,686.59,ach
INV-013810,J-013810,2025-06-29,payment,304.13,financing
INV-013811,J-013811,2025-07-15,payment,6491.14,check
INV-013812,J-013812,2025-06-28,payment,363.83,check
INV-013813,J-013813,2025-08-17,payment,6207.48,financing
INV-013814,J-013814,2025-07-08,payment,159.83,check
INV-013815,J-013815,2025-06-21,payment,238.84,card
INV-013816,J-013816,2025-06-27,payment,541.78,ach
INV-013817,J-013817,2025-07-06,payment,449.06,financing
INV-013818,J-013818,2025-06-29,payment,341.24,card
INV-013819,J-013819,2025-07-07,payment,248.04,check
INV-013820,J-013820,2025-06-15,payment,190.73,financing
INV-013821,J-013821,2025-06-24,payment,378.79,card
INV-013822,J-013822,2025-06-26,payment,3593.7,check
INV-013823,J-013823,2025-06-24,payment,330.13,check
INV-013824,J-013824,2025-06-29,payment,2965.96,check
INV-013825,J-013825,2025-07-04,payment,311.19,check
INV-013826,J-013826,2025-06-21,payment,351.11,check
INV-013827,J-013827,2025-06-20,payment,279.4,ach
INV-013828,J-013828,2025-06-14,payment,4497.95,card
INV-013829,J-013829,2025-06-18,payment,423.53,card
INV-013830,J-013830,2025-06-13,payment,206.08,financing
INV-013831,J-013831,2025-06-21,payment,506.09,check
INV-013832,J-013832,2025-06-19,payment,3285.72,card
INV-013833,J-013833,2025-07-05,payment,388.8,card
INV-013834,J-013834,2025-06-28,payment,234.65,check
INV-013835,J-013835,2025-06-20,payment,220.66,check
INV-013836,J-013836,2025-06-26,payment,5253.76,check
INV-013837,J-013837,2025-07-04,payment,508.75,financing
INV-013838,J-013838,2025-06-26,payment,525.57,financing
INV-013839,J-013839,2025-06-21,payment,437.34,card
INV-013840,J-013840,2025-06-20,payment,394.49,card
INV-013841,J-013841,2025-06-21,payment,2397.93,ach
INV-013842,J-013842,2025-07-04,payment,600.97,card
INV-013843,J-013843,2025-06-16,payment,145.11,card
INV-013844,J-013844,2025-09-16,payment,345.58,card
INV-013845,J-013845,2025-06-19,payment,313.4,ach
INV-013846,J-013846,2025-06-20,payment,619.83,card
INV-013847,J-013847,2025-06-18,payment,240.86,card
INV-013848,J-013848,2025-07-31,payment,152.93,card
INV-013849,J-013849,2025-07-04,payment,293.52,card
INV-013850,J-013850,2025-07-03,payment,475.69,card
INV-013851,J-013851,2025-06-30,payment,233.64,card
INV-013852,J-013852,2025-06-30,payment,3430.4,financing
INV-013853,J-013853,2025-06-16,payment,295.33,check
INV-013854,J-013854,2025-07-17,payment,505.5,financing
INV-013855,J-013855,2025-06-24,payment,213.83,card
INV-013856,J-013856,2025-06-23,payment,3674.77,financing
INV-013857,J-013857,2025-06-20,payment,326.44,card
INV-013858,J-013858,2025-06-29,payment,593.62,financing
INV-013859,J-013859,2025-06-30,payment,226.56,financing
INV-013860,J-013860,2025-06-23,payment,160.48,card
INV-013861,J-013861,2025-06-26,payment,3855.83,check
INV-013862,J-013862,2025-07-06,payment,310.38,ach
INV-013863,J-013863,2025-07-11,payment,620.17,card
INV-013864,J-013864,2025-07-09,payment,408.69,financing
INV-013865,J-013865,2025-07-02,payment,3701.69,card
INV-013866,J-013866,2025-06-27,payment,206.83,card
INV-013867,J-013867,2025-06-26,payment,286.55,ach
INV-013868,J-013868,2025-06-23,payment,229.5,ach
INV-013869,J-013869,2025-07-07,payment,236.21,card
INV-013870,J-013870,2025-06-28,payment,711.41,card
INV-013871,J-013871,2025-06-24,payment,214.27,card
INV-013872,J-013872,2025-06-30,payment,986.97,card
INV-013873,J-013873,2025-06-22,payment,837.99,card
INV-013874,J-013874,2025-06-24,payment,308.34,ach
INV-013875,J-013875,2025-06-22,payment,172.91,card
INV-013876,J-013876,2025-06-30,payment,447.36,check
INV-013877,J-013877,2025-06-29,payment,466.15,financing
INV-013878,J-013878,2025-06-28,payment,246.7,check
INV-013879,J-013879,2025-06-22,payment,133.0,ach
INV-013880,J-013880,2025-06-20,payment,217.1,card
INV-013881,J-013881,2025-06-26,payment,363.05,ach
INV-013882,J-013882,2025-07-07,payment,727.81,card
INV-013883,J-013883,2025-06-23,payment,288.75,card
INV-013884,J-013884,2025-06-27,payment,601.26,card
INV-013885,J-013885,2025-06-29,payment,3975.24,financing
INV-013886,J-013886,2025-06-24,payment,279.64,card
INV-013887,J-013887,2025-07-12,payment,406.06,card
INV-013888,J-013888,2025-06-23,payment,213.39,check
INV-013889,J-013889,2025-06-21,payment,178.48,financing
INV-013890,J-013890,2025-07-06,payment,297.29,check
INV-013891,J-013891,2025-06-30,payment,163.35,card
INV-013892,J-013892,2025-07-03,payment,435.59,check
INV-013893,J-013893,2025-06-30,payment,231.47,card
INV-013894,J-013894,2025-06-19,payment,294.35,ach
INV-013895,J-013895,2025-06-23,payment,333.5,card
INV-013896,J-013896,2025-07-05,payment,3549.63,card
INV-013897,J-013897,2025-06-27,payment,902.62,card
INV-013898,J-013898,2025-06-25,payment,228.85,ach
INV-013899,J-013899,2025-07-12,payment,323.67,card
INV-013900,J-013900,2025-06-29,payment,180.73,card
INV-013901,J-013901,2025-06-27,payment,404.01,card
INV-013902,J-013902,2025-06-24,payment,264.18,card
INV-013903,J-013903,2025-06-25,payment,566.31,card
INV-013904,J-013904,2025-06-24,payment,420.34,ach
INV-013905,J-013905,2025-07-08,payment,147.67,card
INV-013906,J-013906,2025-06-28,payment,259.24,check
INV-013907,J-013907,2025-06-27,payment,197.66,card
INV-013908,J-013908,2025-06-28,payment,521.25,ach
INV-013909,J-013909,2025-07-01,payment,657.37,financing
INV-013910,J-013910,2025-06-24,payment,269.39,check
INV-013911,J-013911,2025-06-24,payment,365.13,card
INV-013912,J-013912,2025-06-27,payment,371.12,card
INV-013913,J-013913,2025-06-30,payment,531.98,card
INV-013914,J-013914,2025-06-24,payment,489.34,financing
INV-013915,J-013915,2025-07-02,payment,845.53,financing
INV-013916,J-013916,2025-07-02,payment,738.83,card
INV-013917,J-013917,2025-06-26,payment,307.59,card
INV-013918,J-013918,2025-07-16,payment,244.18,card
INV-013919,J-013919,2025-06-22,payment,355.02,financing
INV-013920,J-013920,2025-06-29,payment,155.52,ach
INV-013921,J-013921,2025-06-21,payment,3599.37,card
INV-013922,J-013922,2025-07-10,payment,199.62,card
INV-013923,J-013923,2025-06-26,payment,220.44,financing
INV-013924,J-013924,2025-06-27,payment,508.33,card
INV-013925,J-013925,2025-06-26,payment,232.4,card
INV-013926,J-013926,2025-06-27,payment,401.94,card
INV-013927,J-013927,2025-07-02,payment,414.72,ach
INV-013928,J-013928,2025-06-19,payment,321.94,card
INV-013929,J-013929,2025-07-05,payment,3341.79,check
INV-013930,J-013930,2025-07-06,payment,313.28,check
INV-013931,J-013931,2025-07-01,payment,284.2,financing
INV-013932,J-013932,2025-07-06,payment,1046.76,card
INV-013933,J-013933,2025-06-22,payment,651.1,check
INV-013934,J-013934,2025-06-27,payment,426.05,check
INV-013935,J-013935,2025-06-22,payment,178.51,financing
INV-013936,J-013936,2025-06-24,payment,454.87,card
INV-013937,J-013937,2025-06-30,payment,633.51,card
INV-013938,J-013938,2025-06-26,payment,171.48,card
INV-013939,J-013939,2025-06-29,payment,209.23,financing
INV-013940,J-013940,2025-06-25,payment,264.65,ach
INV-013941,J-013941,2025-06-27,payment,3600.13,card
INV-013942,J-013942,2025-06-28,payment,502.81,check
INV-013943,J-013943,2025-07-13,payment,920.61,check
INV-013944,J-013944,2025-06-28,payment,337.28,ach
INV-013945,J-013945,2025-07-19,payment,181.83,card
INV-013946,J-013946,2025-07-06,payment,449.79,check
INV-013947,J-013947,2025-07-17,payment,240.15,check
INV-013948,J-013948,2025-06-27,payment,456.92,check
INV-013949,J-013949,2025-06-28,payment,198.49,check
INV-013950,J-013950,2025-07-13,payment,4275.72,check
INV-013951,J-013951,2025-06-24,payment,654.02,check
INV-013952,J-013952,2025-07-01,payment,230.48,card
INV-013953,J-013953,2025-06-20,payment,2492.35,ach
INV-013954,J-013954,2025-07-09,payment,902.65,financing
INV-013955,J-013955,2025-08-16,payment,201.89,ach
INV-013956,J-013956,2025-07-18,payment,220.67,financing
INV-013957,J-013957,2025-06-30,payment,3223.15,card
INV-013958,J-013958,2025-07-21,payment,3194.82,check
INV-013958,J-013958,2025-09-18,refund,2480.39,card
INV-013959,J-013959,2025-07-20,payment,266.43,card
INV-013960,J-013960,2025-07-01,payment,2982.16,ach
INV-013961,J-013961,2025-07-11,payment,154.01,card
INV-013962,J-013962,2025-08-05,payment,3240.92,ach
INV-013963,J-013963,2025-08-11,payment,277.5,financing
INV-013964,J-013964,2025-07-17,payment,2774.37,financing
INV-013965,J-013965,2025-09-16,payment,248.21,check
INV-013966,J-013966,2025-07-30,payment,217.13,card
INV-013967,J-013967,2025-08-16,payment,2762.25,check
INV-013968,J-013968,2025-07-08,payment,2979.49,financing
INV-013969,J-013969,2025-09-17,payment,217.61,check
INV-013970,J-013970,2025-08-10,payment,150.65,ach
INV-013971,J-013971,2025-07-03,payment,4250.48,card
INV-013972,J-013972,2025-08-22,payment,3378.51,card
INV-013973,J-013973,2025-08-02,payment,205.95,card
INV-013974,J-013974,2025-09-03,payment,4725.76,ach
INV-013975,J-013975,2025-08-02,payment,3545.9,check
INV-013976,J-013976,2025-07-16,payment,535.51,check
INV-013977,J-013977,2025-08-24,payment,6027.23,card
INV-013978,J-013978,2025-06-22,payment,363.56,financing
INV-013979,J-013979,2025-07-04,payment,398.75,ach
INV-013980,J-013980,2025-07-07,payment,543.77,card
INV-013980,J-013980,2025-07-31,refund,451.24,card
INV-013981,J-013981,2025-06-20,payment,432.47,card
INV-013982,J-013982,2025-06-25,payment,171.2,card
INV-013983,J-013983,2025-06-24,payment,153.47,card
INV-013984,J-013984,2025-06-23,payment,1008.67,card
INV-013985,J-013985,2025-07-03,payment,622.57,check
INV-013986,J-013986,2025-06-27,payment,166.18,financing
INV-013987,J-013987,2025-06-29,payment,444.72,financing
INV-013988,J-013988,2025-06-30,payment,425.12,card
INV-013989,J-013989,2025-06-27,payment,296.48,financing
INV-013990,J-013990,2025-06-29,payment,407.73,card
INV-013991,J-013991,2025-06-28,payment,840.96,check
INV-013992,J-013992,2025-06-26,payment,369.55,ach
INV-013993,J-013993,2025-06-24,payment,182.67,financing
INV-013994,J-013994,2025-06-26,payment,143.57,ach
INV-013995,J-013995,2025-06-29,payment,458.68,check
INV-013996,J-013996,2025-06-23,payment,361.62,financing
INV-013997,J-013997,2025-06-21,payment,3835.59,financing
INV-013998,J-013998,2025-07-03,payment,288.37,card
INV-013999,J-013999,2025-06-24,payment,595.88,ach
INV-014000,J-014000,2025-07-03,payment,347.82,card
INV-014001,J-014001,2025-06-21,payment,590.01,card
INV-014002,J-014002,2025-07-02,payment,551.49,ach
INV-014003,J-014003,2025-06-24,payment,490.62,check
INV-014004,J-014004,2025-06-28,payment,798.06,ach
INV-014005,J-014005,2025-06-29,payment,246.34,ach
INV-014006,J-014006,2025-06-25,payment,403.7,ach
INV-014007,J-014007,2025-07-01,payment,4364.99,financing
INV-014008,J-014008,2025-06-23,payment,687.03,financing
INV-014009,J-014009,2025-06-26,payment,539.38,card
INV-014010,J-014010,2025-06-26,payment,6002.44,card
INV-014011,J-014011,2025-06-23,payment,327.37,ach
INV-014012,J-014012,2025-06-24,payment,3538.43,check
INV-014013,J-014013,2025-06-29,payment,161.08,card
INV-014014,J-014014,2025-06-24,payment,108.36,financing
INV-014015,J-014015,2025-07-06,payment,176.72,card
INV-014016,J-014016,2025-07-07,payment,202.63,financing
INV-014017,J-014017,2025-06-23,payment,332.75,card
INV-014018,J-014018,2025-06-30,payment,375.04,card
INV-014019,J-014019,2025-07-08,payment,544.05,card
INV-014020,J-014020,2025-06-29,payment,465.87,card
INV-014021,J-014021,2025-06-26,payment,374.37,check
INV-014022,J-014022,2025-06-24,payment,330.5,check
INV-014023,J-014023,2025-06-27,payment,327.6,card
INV-014024,J-014024,2025-06-29,payment,150.87,card
INV-014025,J-014025,2025-06-19,payment,2855.11,card
INV-014026,J-014026,2025-06-28,payment,595.83,card
INV-014027,J-014027,2025-06-27,payment,517.48,check
INV-014028,J-014028,2025-06-22,payment,209.66,financing
INV-014029,J-014029,2025-06-27,payment,116.58,card
INV-014030,J-014030,2025-06-22,payment,278.95,ach
INV-014031,J-014031,2025-06-27,payment,261.48,card
INV-014032,J-014032,2025-06-26,payment,898.03,card
INV-014033,J-014033,2025-06-23,payment,312.44,card
INV-014034,J-014034,2025-06-20,payment,456.84,card
INV-014035,J-014035,2025-06-28,payment,432.43,ach
INV-014036,J-014036,2025-06-27,payment,195.58,financing
INV-014037,J-014037,2025-06-29,payment,458.54,ach
INV-014038,J-014038,2025-06-23,payment,282.35,financing
INV-014039,J-014039,2025-06-28,payment,541.13,card
INV-014040,J-014040,2025-06-26,payment,410.09,financing
INV-014041,J-014041,2025-06-23,payment,318.67,card
INV-014042,J-014042,2025-07-04,payment,490.72,check
INV-014043,J-014043,2025-06-26,payment,212.87,card
INV-014044,J-014044,2025-07-28,payment,3401.7,card
INV-014045,J-014045,2025-07-02,payment,6347.94,financing
INV-014046,J-014046,2025-07-06,payment,196.44,card
INV-014047,J-014047,2025-07-02,payment,5808.48,financing
INV-014048,J-014048,2025-07-05,payment,3963.51,ach
INV-014049,J-014049,2025-07-27,payment,160.34,check
INV-014050,J-014050,2025-07-23,payment,5145.77,check
INV-014051,J-014051,2025-07-08,payment,351.94,ach
INV-014052,J-014052,2025-07-12,payment,4080.75,ach
INV-014053,J-014053,2025-07-21,payment,286.37,ach
INV-014054,J-014054,2025-08-08,payment,3012.04,check
INV-014055,J-014055,2025-07-09,payment,3776.27,check
INV-014056,J-014056,2025-07-02,payment,653.39,financing
INV-014057,J-014057,2025-06-30,payment,323.12,financing
INV-014058,J-014058,2025-06-30,payment,431.24,check
INV-014059,J-014059,2025-07-06,payment,163.63,card
INV-014060,J-014060,2025-06-30,payment,497.33,card
INV-014061,J-014061,2025-06-27,payment,2761.63,card
INV-014062,J-014062,2025-06-27,payment,3554.64,ach
INV-014063,J-014063,2025-06-25,payment,4210.64,financing
INV-014064,J-014064,2025-06-28,payment,3372.41,ach
INV-014065,J-014065,2025-09-09,payment,230.75,card
INV-014066,J-014066,2025-06-24,payment,101.35,card
INV-014067,J-014067,2025-07-03,payment,4035.41,check
INV-014068,J-014068,2025-07-05,payment,4158.7,check
INV-014069,J-014069,2025-06-30,payment,492.17,ach
INV-014070,J-014070,2025-06-26,payment,2872.46,check
INV-014071,J-014071,2025-07-05,payment,193.31,card
INV-014072,J-014072,2025-07-10,payment,213.71,card
INV-014073,J-014073,2025-07-14,payment,371.34,check
INV-014074,J-014074,2025-06-22,payment,6927.21,check
INV-014074,J-014074,2025-09-09,refund,3864.95,card
INV-014075,J-014075,2025-07-21,payment,219.33,card
INV-014076,J-014076,2025-07-28,payment,780.08,financing
INV-014077,J-014077,2025-06-28,payment,411.34,check
INV-014078,J-014078,2025-07-02,payment,204.93,card
INV-014079,J-014079,2025-06-23,payment,5413.5,financing
INV-014080,J-014080,2025-07-14,payment,4762.33,ach
INV-014081,J-014081,2025-06-27,payment,240.13,check
INV-014082,J-014082,2025-07-07,payment,4782.71,check
INV-014083,J-014083,2025-06-30,payment,397.03,card
INV-014084,J-014084,2025-07-16,payment,124.19,card
INV-014085,J-014085,2025-06-24,payment,149.56,check
INV-014086,J-014086,2025-07-04,payment,208.83,card
INV-014087,J-014087,2025-07-09,payment,5638.1,card
INV-014088,J-014088,2025-06-29,payment,527.21,financing
INV-014089,J-014089,2025-07-02,payment,731.44,card
INV-014090,J-014090,2025-06-26,payment,330.34,check
INV-014091,J-014091,2025-07-09,payment,1207.0,ach
INV-014092,J-014092,2025-07-07,payment,4321.94,check
INV-014093,J-014093,2025-06-28,payment,140.51,card
INV-014094,J-014094,2025-07-02,payment,420.12,card
INV-014095,J-014095,2025-06-29,payment,147.98,check
INV-014096,J-014096,2025-07-06,payment,137.43,check
INV-014097,J-014097,2025-07-02,payment,261.85,card
INV-014098,J-014098,2025-06-24,payment,241.28,ach
INV-014099,J-014099,2025-06-21,payment,339.91,card
INV-014100,J-014100,2025-06-27,payment,243.76,card
INV-014100,J-014100,2025-07-26,refund,229.3,card
INV-014101,J-014101,2025-06-24,payment,192.37,card
INV-014102,J-014102,2025-06-24,payment,192.53,card
INV-014103,J-014103,2025-07-10,payment,163.5,card
INV-014104,J-014104,2025-07-01,payment,218.06,ach
INV-014105,J-014105,2025-07-02,payment,136.72,check
INV-014106,J-014106,2025-07-03,payment,4457.37,card
INV-014107,J-014107,2025-07-11,payment,545.12,card
INV-014108,J-014108,2025-07-01,payment,218.76,card
INV-014109,J-014109,2025-06-29,payment,830.41,card
INV-014110,J-014110,2025-07-03,payment,5113.98,card
INV-014111,J-014111,2025-07-12,payment,173.75,check
INV-014112,J-014112,2025-07-06,payment,279.8,card
INV-014113,J-014113,2025-07-18,payment,330.48,card
INV-014114,J-014114,2025-07-26,payment,311.5,check
INV-014115,J-014115,2025-07-14,payment,132.1,check
INV-014116,J-014116,2025-07-04,payment,300.73,check
INV-014116,J-014116,2025-07-18,refund,114.57,card
INV-014117,J-014117,2025-07-02,payment,607.0,ach
INV-014117,J-014117,2025-07-19,refund,524.08,card
INV-014118,J-014118,2025-07-29,payment,177.77,financing
INV-014119,J-014119,2025-07-09,payment,4066.66,ach
INV-014120,J-014120,2025-07-05,payment,107.15,check
INV-014121,J-014121,2025-07-01,payment,363.64,check
INV-014122,J-014122,2025-07-01,payment,105.48,ach
INV-014123,J-014123,2025-07-06,payment,235.56,card
INV-014124,J-014124,2025-07-09,payment,310.24,card
INV-014125,J-014125,2025-07-07,payment,213.85,check
INV-014126,J-014126,2025-07-11,payment,352.18,financing
INV-014127,J-014127,2025-07-03,payment,316.44,card
INV-014128,J-014128,2025-07-11,payment,789.24,card
INV-014129,J-014129,2025-06-29,payment,543.46,financing
INV-014130,J-014130,2025-07-03,payment,501.59,financing
INV-014131,J-014131,2025-07-12,payment,5750.67,check
INV-014132,J-014132,2025-07-01,payment,306.29,card
INV-014133,J-014133,2025-06-29,payment,240.45,check
INV-014134,J-014134,2025-07-03,payment,228.15,card
INV-014135,J-014135,2025-07-03,payment,204.24,card
INV-014136,J-014136,2025-06-29,payment,298.98,financing
INV-014137,J-014137,2025-07-08,payment,270.34,card
INV-014138,J-014138,2025-07-04,payment,322.1,check
INV-014139,J-014139,2025-07-05,payment,712.98,ach
INV-014140,J-014140,2025-07-03,payment,389.9,ach
INV-014141,J-014141,2025-06-29,payment,171.51,ach
INV-014142,J-014142,2025-07-15,payment,527.62,ach
INV-014143,J-014143,2025-07-01,payment,374.96,financing
INV-014144,J-014144,2025-07-07,payment,3082.27,ach
INV-014145,J-014145,2025-07-09,payment,109.96,card
INV-014146,J-014146,2025-07-03,payment,4699.59,ach
INV-014147,J-014147,2025-06-30,payment,882.24,card
INV-014148,J-014148,2025-07-09,payment,938.44,ach
INV-014148,J-014148,2025-09-20,refund,366.56,card
INV-014149,J-014149,2025-07-16,payment,307.26,card
INV-014150,J-014150,2025-06-26,payment,179.37,financing
INV-014151,J-014151,2025-07-19,payment,162.8,ach
INV-014152,J-014152,2025-07-09,payment,672.93,card
INV-014153,J-014153,2025-07-05,payment,3710.12,financing
INV-014154,J-014154,2025-07-03,payment,179.58,card
INV-014155,J-014155,2025-07-13,payment,235.13,ach
INV-014156,J-014156,2025-08-03,payment,362.42,ach
INV-014157,J-014157,2025-09-25,payment,431.97,check
INV-014158,J-014158,2025-07-05,payment,634.88,card
INV-014159,J-014159,2025-07-14,payment,315.67,ach
INV-014160,J-014160,2025-08-05,payment,3316.27,financing
INV-014161,J-014161,2025-07-05,payment,220.44,ach
INV-014162,J-014162,2025-07-07,payment,3015.37,card
INV-014163,J-014163,2025-07-11,payment,347.86,ach
INV-014164,J-014164,2025-07-21,payment,256.08,financing
INV-014165,J-014165,2025-07-10,payment,637.73,check
INV-014166,J-014166,2025-07-10,payment,4307.52,check
INV-014167,J-014167,2025-08-27,payment,1257.91,financing
INV-014168,J-014168,2025-07-03,payment,3577.19,ach
INV-014168,J-014168,2025-07-17,refund,2752.31,card
INV-014169,J-014169,2025-07-12,payment,514.97,card
INV-014170,J-014170,2025-07-07,payment,2487.06,card
INV-014171,J-014171,2025-07-31,payment,4545.17,card
INV-014172,J-014172,2025-07-03,payment,160.2,ach
INV-014173,J-014173,2025-07-05,payment,128.64,card
INV-014174,J-014174,2025-07-05,payment,3681.31,check
INV-014175,J-014175,2025-07-11,payment,235.04,ach
INV-014176,J-014176,2025-07-06,payment,4901.19,card
INV-014177,J-014177,2025-07-04,payment,5671.46,check
INV-014178,J-014178,2025-07-22,payment,4377.48,ach
INV-014179,J-014179,2025-08-12,payment,3116.83,check
INV-014180,J-014180,2025-07-29,payment,412.68,card
INV-014181,J-014181,2025-07-29,payment,276.75,check
INV-014182,J-014182,2025-07-14,payment,2249.96,check
INV-014183,J-014183,2025-08-14,payment,3937.8,financing
INV-014184,J-014184,2025-07-15,payment,290.33,financing
INV-014185,J-014185,2025-09-11,payment,3039.49,card
INV-014186,J-014186,2025-08-23,payment,4315.52,card
INV-014187,J-014187,2025-09-10,payment,6716.02,check
INV-014188,J-014188,2025-07-25,payment,3323.32,check
INV-014189,J-014189,2025-07-08,payment,527.91,financing
INV-014190,J-014190,2025-08-01,payment,389.86,ach
INV-014191,J-014191,2025-09-09,payment,235.17,financing
INV-014192,J-014192,2025-07-13,payment,4133.46,card
INV-014193,J-014193,2025-08-14,payment,222.73,card
INV-014194,J-014194,2025-08-04,payment,2828.26,card
INV-014195,J-014195,2025-08-10,payment,778.82,ach
INV-014196,J-014196,2025-08-09,payment,5412.05,ach
INV-014197,J-014197,2025-07-24,payment,2737.09,ach
INV-014198,J-014198,2025-07-22,payment,132.76,ach
INV-014199,J-014199,2025-07-30,payment,4130.11,card
INV-014200,J-014200,2025-07-27,payment,331.91,card
INV-014201,J-014201,2025-07-08,payment,3845.5,check
INV-014202,J-014202,2025-08-16,payment,161.68,card
INV-014203,J-014203,2025-07-22,payment,3110.96,ach
INV-014204,J-014204,2025-08-02,payment,3007.87,financing
INV-014205,J-014205,2025-07-22,payment,3688.05,financing
INV-014206,J-014206,2025-07-22,payment,6914.72,check
INV-014207,J-014207,2025-07-10,payment,3223.78,check
INV-014208,J-014208,2025-06-27,payment,4559.82,ach
INV-014209,J-014209,2025-07-01,payment,673.9,ach
INV-014210,J-014210,2025-07-09,payment,164.45,financing
INV-014211,J-014211,2025-07-08,payment,204.57,card
INV-014212,J-014212,2025-06-28,payment,722.69,card
INV-014213,J-014213,2025-07-13,payment,87.13,check
INV-014214,J-014214,2025-07-01,payment,286.29,ach
INV-014215,J-014215,2025-07-01,payment,231.89,check
INV-014216,J-014216,2025-07-03,payment,86.76,check
INV-014217,J-014217,2025-07-01,payment,117.73,financing
INV-014218,J-014218,2025-07-07,payment,379.04,financing
INV-014219,J-014219,2025-06-25,payment,611.47,card
INV-014220,J-014220,2025-06-28,payment,275.77,check
INV-014221,J-014221,2025-07-04,payment,442.67,card
INV-014222,J-014222,2025-07-04,payment,313.08,check
INV-014223,J-014223,2025-07-01,payment,3195.82,card
INV-014224,J-014224,2025-06-28,payment,608.97,card
INV-014225,J-014225,2025-07-05,payment,395.66,card
INV-014226,J-014226,2025-07-29,payment,271.96,ach
INV-014227,J-014227,2025-06-29,payment,300.17,check
INV-014228,J-014228,2025-06-29,payment,225.4,financing
INV-014229,J-014229,2025-07-01,payment,357.24,card
INV-014230,J-014230,2025-07-06,payment,682.7,financing
INV-014231,J-014231,2025-07-02,payment,404.4,card
INV-014232,J-014232,2025-06-30,payment,1275.45,ach
INV-014233,J-014233,2025-07-02,payment,750.7,ach
INV-014233,J-014233,2025-07-29,refund,336.26,card
INV-014234,J-014234,2025-07-06,payment,334.65,ach
INV-014235,J-014235,2025-07-10,payment,4347.85,ach
INV-014236,J-014236,2025-07-05,payment,225.94,check
INV-014237,J-014237,2025-07-02,payment,650.24,financing
INV-014238,J-014238,2025-06-29,payment,460.74,financing
INV-014239,J-014239,2025-06-28,payment,647.82,card
INV-014240,J-014240,2025-07-01,payment,846.97,card
INV-014241,J-014241,2025-07-02,payment,603.11,card
INV-014242,J-014242,2025-07-02,payment,853.32,card
INV-014243,J-014243,2025-07-06,payment,250.21,card
INV-014244,J-014244,2025-07-15,payment,444.22,card
INV-014245,J-014245,2025-06-30,payment,274.55,financing
INV-014246,J-014246,2025-07-06,payment,730.7,ach
INV-014247,J-014247,2025-06-30,payment,575.56,card
INV-014248,J-014248,2025-07-11,payment,756.99,card
INV-014249,J-014249,2025-07-08,payment,1061.87,check
INV-014250,J-014250,2025-06-25,payment,602.12,check
INV-014251,J-014251,2025-07-04,payment,1365.8,check
INV-014252,J-014252,2025-06-29,payment,327.09,ach
INV-014253,J-014253,2025-06-29,payment,387.59,card
INV-014254,J-014254,2025-07-05,payment,573.68,ach
INV-014255,J-014255,2025-07-02,payment,421.29,card
INV-014256,J-014256,2025-07-07,payment,251.14,financing
INV-014257,J-014257,2025-06-26,payment,605.44,ach
INV-014258,J-014258,2025-07-11,payment,3701.77,card
INV-014259,J-014259,2025-06-29,payment,381.06,ach
INV-014260,J-014260,2025-06-29,payment,2489.29,ach
INV-014261,J-014261,2025-07-07,payment,353.95,card
INV-014261,J-014261,2025-08-14,refund,225.44,card
INV-014262,J-014262,2025-07-07,payment,196.34,check
INV-014263,J-014263,2025-07-09,payment,375.59,financing
INV-014264,J-014264,2025-07-06,payment,236.01,financing
INV-014265,J-014265,2025-07-05,payment,655.9,card
INV-014266,J-014266,2025-06-30,payment,416.4,ach
INV-014267,J-014267,2025-06-28,payment,432.55,card
INV-014268,J-014268,2025-06-30,payment,386.4,card
INV-014269,J-014269,2025-07-05,payment,220.83,ach
INV-014270,J-014270,2025-07-03,payment,478.24,financing
INV-014271,J-014271,2025-07-06,payment,330.6,card
INV-014272,J-014272,2025-06-28,payment,268.42,financing
INV-014273,J-014273,2025-07-01,payment,345.52,card
INV-014274,J-014274,2025-08-06,payment,2290.29,financing
INV-014275,J-014275,2025-07-26,payment,3487.96,financing
INV-014276,J-014276,2025-07-09,payment,4008.7,card
INV-014277,J-014277,2025-07-02,payment,3866.45,card
INV-014278,J-014278,2025-08-07,payment,387.4,check
INV-014279,J-014279,2025-07-26,payment,230.42,card
INV-014280,J-014280,2025-07-16,payment,3222.19,check
INV-014281,J-014281,2025-07-12,payment,3741.76,ach
INV-014282,J-014282,2025-07-12,payment,5150.17,financing
INV-014283,J-014283,2025-07-25,payment,4140.39,financing
INV-014284,J-014284,2025-07-06,payment,2511.04,card
INV-014285,J-014285,2025-07-02,payment,251.26,financing
INV-014286,J-014286,2025-07-03,payment,243.84,card
INV-014287,J-014287,2025-07-04,payment,374.4,check
INV-014288,J-014288,2025-07-13,payment,508.64,financing
INV-014289,J-014289,2025-07-01,payment,146.09,check
INV-014290,J-014290,2025-07-06,payment,208.16,card
INV-014291,J-014291,2025-07-04,payment,493.24,ach
INV-014292,J-014292,2025-07-01,payment,4138.28,card
INV-014293,J-014293,2025-07-10,payment,700.47,card
INV-014294,J-014294,2025-07-16,payment,401.02,financing
INV-014295,J-014295,2025-07-03,payment,475.89,ach
INV-014296,J-014296,2025-07-18,payment,591.33,financing
INV-014297,J-014297,2025-07-29,payment,205.21,check
INV-014298,J-014298,2025-07-14,payment,426.24,check
INV-014299,J-014299,2025-07-20,payment,746.5,card
INV-014300,J-014300,2025-07-15,payment,5874.68,check
INV-014300,J-014300,2025-08-06,refund,2619.22,card
INV-014301,J-014301,2025-07-08,payment,241.75,ach
INV-014302,J-014302,2025-07-08,payment,5391.42,card
INV-014303,J-014303,2025-07-16,payment,120.09,check
INV-014304,J-014304,2025-07-17,payment,255.66,card
INV-014305,J-014305,2025-07-09,payment,450.9,ach
INV-014306,J-014306,2025-07-21,payment,393.78,ach
INV-014307,J-014307,2025-07-13,payment,194.18,card
INV-014308,J-014308,2025-07-04,payment,3294.04,financing
INV-014309,J-014309,2025-07-11,payment,184.67,card
INV-014310,J-014310,2025-07-10,payment,6270.86,financing
INV-014311,J-014311,2025-07-10,payment,7418.84,financing
INV-014312,J-014312,2025-07-20,payment,293.4,card
INV-014313,J-014313,2025-07-15,payment,181.0,card
INV-014314,J-014314,2025-07-24,payment,3095.74,check
INV-014315,J-014315,2025-08-01,payment,843.19,card
INV-014316,J-014316,2025-07-14,payment,375.6,check
INV-014317,J-014317,2025-07-16,payment,5606.64,check
INV-014317,J-014317,2025-09-18,chargeback,4221.33,card
INV-014318,J-014318,2025-06-25,payment,3452.36,card
INV-014319,J-014319,2025-07-30,payment,289.65,ach
INV-014320,J-014320,2025-07-04,payment,193.61,financing
INV-014321,J-014321,2025-07-06,payment,167.05,card
INV-014322,J-014322,2025-07-06,payment,222.39,financing
INV-014323,J-014323,2025-06-27,payment,143.65,ach
INV-014324,J-014324,2025-07-11,payment,4435.54,ach
INV-014325,J-014325,2025-07-09,payment,4614.89,ach
INV-014326,J-014326,2025-07-05,payment,415.39,ach
INV-014327,J-014327,2025-07-16,payment,354.33,card
INV-014328,J-014328,2025-07-11,payment,290.1,ach
INV-014329,J-014329,2025-07-01,payment,661.94,financing
INV-014330,J-014330,2025-07-05,payment,4747.39,card
INV-014331,J-014331,2025-07-20,payment,418.85,card
INV-014332,J-014332,2025-07-15,payment,293.37,check
INV-014333,J-014333,2025-07-09,payment,4221.07,card
INV-014333,J-014333,2025-08-01,refund,3411.97,card
INV-014334,J-014334,2025-07-13,payment,363.3,card
INV-014335,J-014335,2025-07-06,payment,588.65,financing
INV-014336,J-014336,2025-07-27,payment,2819.86,card
INV-014336,J-014336,2025-09-01,refund,2224.0,card
INV-014337,J-014337,2025-07-17,payment,233.83,card
INV-014338,J-014338,2025-07-09,payment,209.7,card
INV-014339,J-014339,2025-07-23,payment,162.28,check
INV-014340,J-014340,2025-07-12,payment,532.63,financing
INV-014341,J-014341,2025-07-18,payment,243.9,card
INV-014342,J-014342,2025-07-19,payment,675.49,card
INV-014343,J-014343,2025-07-14,payment,280.42,check
INV-014344,J-014344,2025-07-06,payment,464.52,ach
INV-014345,J-014345,2025-07-23,payment,187.39,ach
INV-014346,J-014346,2025-07-06,payment,400.06,financing
INV-014347,J-014347,2025-07-11,payment,265.64,card
INV-014348,J-014348,2025-07-13,payment,2803.6,ach
INV-014349,J-014349,2025-07-26,payment,5513.61,check
INV-014350,J-014350,2025-07-06,payment,173.52,card
INV-014351,J-014351,2025-07-13,payment,353.98,card
INV-014352,J-014352,2025-07-11,payment,208.27,financing
INV-014353,J-014353,2025-07-06,payment,400.41,ach
INV-014354,J-014354,2025-07-15,payment,215.33,check
INV-014355,J-014355,2025-07-08,payment,505.14,card
INV-014356,J-014356,2025-08-04,payment,201.14,card
INV-014357,J-014357,2025-07-06,payment,447.5,ach
INV-014358,J-014358,2025-07-11,payment,4086.43,check
INV-014359,J-014359,2025-07-12,payment,653.35,check
INV-014360,J-014360,2025-07-09,payment,713.26,card
INV-014361,J-014361,2025-07-15,payment,629.52,check
INV-014362,J-014362,2025-07-11,payment,287.26,financing
INV-014363,J-014363,2025-07-07,payment,515.54,card
INV-014364,J-014364,2025-07-11,payment,3718.59,financing
INV-014365,J-014365,2025-07-04,payment,414.75,card
INV-014366,J-014366,2025-07-09,payment,176.14,card
INV-014367,J-014367,2025-07-22,payment,5141.02,check
INV-014368,J-014368,2025-07-12,payment,291.66,check
INV-014369,J-014369,2025-07-11,payment,856.65,ach
INV-014370,J-014370,2025-08-01,payment,226.52,financing
INV-014371,J-014371,2025-07-15,payment,265.59,card
INV-014372,J-014372,2025-07-10,payment,443.16,check
INV-014373,J-014373,2025-07-14,payment,315.78,ach
INV-014374,J-014374,2025-07-10,payment,932.03,check
INV-014375,J-014375,2025-07-11,payment,229.14,card
INV-014376,J-014376,2025-07-18,payment,220.12,card
INV-014377,J-014377,2025-07-12,payment,3995.94,financing
INV-014378,J-014378,2025-07-27,payment,227.47,ach
INV-014379,J-014379,2025-07-07,payment,3604.48,check
INV-014380,J-014380,2025-07-08,payment,151.68,card
INV-014381,J-014381,2025-07-09,payment,323.75,ach
INV-014382,J-014382,2025-07-15,payment,447.33,ach
INV-014383,J-014383,2025-07-09,payment,3585.56,financing
INV-014384,J-014384,2025-07-13,payment,138.7,financing
INV-014385,J-014385,2025-07-11,payment,472.47,card
INV-014386,J-014386,2025-07-11,payment,463.1,ach
INV-014387,J-014387,2025-07-11,payment,242.52,financing
INV-014388,J-014388,2025-07-13,payment,186.19,card
INV-014389,J-014389,2025-07-09,payment,224.35,financing
INV-014390,J-014390,2025-07-08,payment,287.02,ach
INV-014391,J-014391,2025-07-13,payment,588.97,check
INV-014392,J-014392,2025-07-08,payment,838.29,card
INV-014393,J-014393,2025-07-06,payment,430.83,financing
INV-014394,J-014394,2025-07-11,payment,497.14,card
INV-014395,J-014395,2025-07-04,payment,441.58,check
INV-014396,J-014396,2025-07-15,payment,193.87,check
INV-014397,J-014397,2025-07-11,payment,196.08,ach
INV-014398,J-014398,2025-07-11,payment,367.22,card
INV-014399,J-014399,2025-07-09,payment,246.75,financing
INV-014399,J-014399,2025-09-06,chargeback,213.98,card
INV-014400,J-014400,2025-07-31,payment,235.05,card
INV-014401,J-014401,2025-07-07,payment,3211.03,financing
INV-014402,J-014402,2025-07-13,payment,3289.42,check
INV-014403,J-014403,2025-07-13,payment,210.62,check
INV-014404,J-014404,2025-07-13,payment,4326.99,check
INV-014404,J-014404,2025-08-30,refund,2963.65,card
INV-014405,J-014405,2025-07-20,payment,6530.33,ach
INV-014406,J-014406,2025-07-10,payment,327.97,ach
INV-014407,J-014407,2025-07-12,payment,6571.34,card
INV-014408,J-014408,2025-07-17,payment,187.18,financing
INV-014409,J-014409,2025-07-25,payment,5703.08,financing
INV-014410,J-014410,2025-07-09,payment,3907.95,card
INV-014411,J-014411,2025-07-07,payment,274.24,financing
INV-014412,J-014412,2025-07-14,payment,246.9,card
INV-014413,J-014413,2025-07-19,payment,5069.6,ach
INV-014414,J-014414,2025-07-16,payment,425.19,financing
INV-014415,J-014415,2025-07-11,payment,4370.57,card
INV-014416,J-014416,2025-07-10,payment,407.64,card
INV-014417,J-014417,2025-07-13,payment,376.52,check
INV-014418,J-014418,2025-07-14,payment,4447.5,financing
INV-014419,J-014419,2025-07-15,payment,248.73,card
INV-014420,J-014420,2025-07-25,payment,495.61,card
INV-014421,J-014421,2025-07-14,payment,376.28,card
INV-014422,J-014422,2025-07-09,payment,187.67,card
INV-014423,J-014423,2025-07-15,payment,4457.6,card
INV-014424,J-014424,2025-07-15,payment,97.06,card
INV-014425,J-014425,2025-08-10,payment,210.16,ach
INV-014426,J-014426,2025-08-11,payment,418.78,check
INV-014427,J-014427,2025-07-28,payment,414.46,card
INV-014428,J-014428,2025-07-07,payment,171.45,card
INV-014429,J-014429,2025-07-11,payment,2806.16,card
INV-014430,J-014430,2025-07-31,payment,363.74,check
INV-014431,J-014431,2025-07-27,payment,535.82,financing
INV-014432,J-014432,2025-07-24,payment,185.27,financing
INV-014433,J-014433,2025-07-22,payment,778.67,card
INV-014434,J-014434,2025-09-13,payment,432.37,card
INV-014435,J-014435,2025-09-17,payment,373.78,card
INV-014436,J-014436,2025-07-08,payment,4183.15,card
INV-014437,J-014437,2025-08-23,payment,511.81,card
INV-014438,J-014438,2025-09-05,payment,225.07,card
INV-014439,J-014439,2025-08-04,payment,4961.29,check
INV-014440,J-014440,2025-08-20,payment,4950.43,card
INV-014441,J-014441,2025-07-24,payment,6787.77,financing
INV-014442,J-014442,2025-08-28,payment,4743.58,check
INV-014443,J-014443,2025-08-11,payment,2830.28,card
INV-014444,J-014444,2025-07-22,payment,3091.82,ach
INV-014445,J-014445,2025-08-17,payment,5221.88,financing
INV-014446,J-014446,2025-08-03,payment,180.07,ach
INV-014447,J-014447,2025-08-25,payment,482.32,financing
INV-014448,J-014448,2025-07-27,payment,288.03,check
INV-014449,J-014449,2025-08-14,payment,3991.22,check
INV-014450,J-014450,2025-07-24,payment,4818.32,ach
INV-014451,J-014451,2025-09-03,payment,5408.35,card
INV-014452,J-014452,2025-07-15,payment,5407.97,check
INV-014452,J-014452,2025-09-29,refund,5318.98,card
INV-014453,J-014453,2025-08-05,payment,4662.91,ach
INV-014454,J-014454,2025-09-21,payment,5017.71,financing
INV-014455,J-014455,2025-08-29,payment,3983.98,card
INV-014456,J-014456,2025-08-10,payment,494.94,check
INV-014457,J-014457,2025-07-24,payment,5830.94,card
INV-014458,J-014458,2025-07-16,payment,229.99,card
INV-014459,J-014459,2025-07-11,payment,370.78,financing
INV-014460,J-014460,2025-07-10,payment,320.23,check
INV-014461,J-014461,2025-07-03,payment,810.08,check
INV-014462,J-014462,2025-07-22,payment,3978.58,check
INV-014463,J-014463,2025-07-14,payment,255.19,card
INV-014464,J-014464,2025-07-05,payment,671.04,card
INV-014465,J-014465,2025-07-13,payment,570.81,ach
INV-014466,J-014466,2025-07-12,payment,321.01,ach
INV-014467,J-014467,2025-07-09,payment,316.3,card
INV-014468,J-014468,2025-07-07,payment,228.61,check
INV-014469,J-014469,2025-07-12,payment,273.82,card
INV-014470,J-014470,2025-07-14,payment,513.33,financing
INV-014471,J-014471,2025-07-08,payment,467.01,ach
INV-014472,J-014472,2025-07-16,payment,634.94,card
INV-014473,J-014473,2025-07-12,payment,322.36,card
INV-014474,J-014474,2025-07-08,payment,536.74,ach
INV-014475,J-014475,2025-07-11,payment,440.84,card
INV-014476,J-014476,2025-07-07,payment,294.71,ach
INV-014477,J-014477,2025-07-09,payment,641.85,ach
INV-014478,J-014478,2025-07-10,payment,288.25,check
INV-014479,J-014479,2025-07-14,payment,496.76,card
INV-014480,J-014480,2025-07-10,payment,400.2,check
INV-014481,J-014481,2025-07-09,payment,4841.25,card
INV-014482,J-014482,2025-07-10,payment,309.82,financing
INV-014483,J-014483,2025-07-05,payment,227.18,ach
INV-014484,J-014484,2025-07-10,payment,352.29,ach
INV-014485,J-014485,2025-07-17,payment,527.71,check
INV-014486,J-014486,2025-07-14,payment,346.97,card
INV-014487,J-014487,2025-07-19,payment,351.63,card
INV-014488,J-014488,2025-07-06,payment,415.51,ach
INV-014489,J-014489,2025-07-10,payment,693.0,ach
INV-014490,J-014490,2025-07-06,payment,444.62,card
INV-014491,J-014491,2025-07-12,payment,155.39,card
INV-014492,J-014492,2025-07-11,payment,429.91,financing
INV-014493,J-014493,2025-07-10,payment,508.71,card
INV-014494,J-014494,2025-07-05,payment,541.73,card
INV-014495,J-014495,2025-07-07,payment,772.1,ach
INV-014496,J-014496,2025-07-18,payment,483.64,check
INV-014497,J-014497,2025-07-08,payment,193.36,financing
INV-014498,J-014498,2025-07-26,payment,6202.39,financing
INV-014499,J-014499,2025-07-08,payment,4170.64,ach
INV-014500,J-014500,2025-07-25,payment,4697.55,financing
INV-014501,J-014501,2025-08-02,payment,333.08,card
INV-014502,J-014502,2025-08-04,payment,3500.03,ach
INV-014503,J-014503,2025-07-12,payment,323.78,card
INV-014504,J-014504,2025-07-12,payment,602.01,financing
INV-014505,J-014505,2025-07-11,payment,609.0,ach
INV-014506,J-014506,2025-07-28,payment,224.27,check
INV-014507,J-014507,2025-08-09,payment,4149.3,ach
INV-014508,J-014508,2025-07-17,payment,4418.95,ach
INV-014509,J-014509,2025-07-26,payment,4012.67,card
INV-014510,J-014510,2025-07-23,payment,4801.96,financing
INV-014510,J-014510,2025-09-06,refund,2398.64,card
INV-014511,J-014511,2025-09-24,payment,347.77,ach
INV-014512,J-014512,2025-07-10,payment,1147.07,check
INV-014513,J-014513,2025-07-17,payment,512.24,ach
INV-014514,J-014514,2025-07-19,payment,574.66,financing
INV-014515,J-014515,2025-08-03,payment,6383.18,ach
INV-014516,J-014516,2025-07-15,payment,1120.82,check
INV-014517,J-014517,2025-07-11,payment,282.42,ach
INV-014518,J-014518,2025-07-08,payment,766.98,financing
INV-014519,J-014519,2025-07-12,payment,799.1,ach
INV-014520,J-014520,2025-07-10,payment,386.48,ach
INV-014521,J-014521,2025-07-17,payment,313.39,card
INV-014522,J-014522,2025-07-15,payment,271.46,card
INV-014523,J-014523,2025-08-02,payment,251.69,check
INV-014524,J-014524,2025-07-03,payment,164.1,check
INV-014525,J-014525,2025-07-06,payment,177.42,ach
INV-014526,J-014526,2025-07-07,payment,4543.63,financing
INV-014527,J-014527,2025-07-14,payment,4286.12,financing
INV-014528,J-014528,2025-07-24,payment,325.84,card
INV-014529,J-014529,2025-08-21,payment,345.26,check
INV-014530,J-014530,2025-07-11,payment,225.31,card
INV-014531,J-014531,2025-08-02,payment,199.55,card
INV-014532,J-014532,2025-07-07,payment,451.53,ach
INV-014533,J-014533,2025-07-13,payment,352.4,ach
INV-014534,J-014534,2025-07-20,payment,224.35,financing
INV-014535,J-014535,2025-07-16,payment,441.95,financing
INV-014536,J-014536,2025-08-07,payment,430.56,ach
INV-014537,J-014537,2025-07-30,payment,225.22,card
INV-014538,J-014538,2025-07-12,payment,163.44,check
INV-014539,J-014539,2025-07-30,payment,166.77,card
INV-014540,J-014540,2025-07-19,payment,240.03,check
INV-014541,J-014541,2025-07-20,payment,254.72,financing
INV-014542,J-014542,2025-07-15,payment,240.21,financing
INV-014543,J-014543,2025-07-11,payment,598.99,financing
INV-014544,J-014544,2025-07-29,payment,250.66,ach
INV-014545,J-014545,2025-07-11,payment,351.27,card
INV-014545,J-014545,2025-08-26,chargeback,166.56,card
INV-014546,J-014546,2025-07-17,payment,225.67,card
INV-014547,J-014547,2025-07-13,payment,216.26,check
INV-014548,J-014548,2025-07-10,payment,402.63,financing
INV-014549,J-014549,2025-07-28,payment,807.03,ach
INV-014550,J-014550,2025-07-21,payment,482.59,check
INV-014551,J-014551,2025-07-16,payment,139.54,ach
INV-014552,J-014552,2025-07-15,payment,556.37,financing
INV-014553,J-014553,2025-07-12,payment,373.81,card
INV-014554,J-014554,2025-07-18,payment,412.72,card
INV-014555,J-014555,2025-07-26,payment,511.61,financing
INV-014555,J-014555,2025-08-28,refund,366.54,card
INV-014556,J-014556,2025-07-19,payment,289.14,card
INV-014557,J-014557,2025-07-21,payment,5097.23,check
INV-014558,J-014558,2025-07-16,payment,701.41,card
INV-014559,J-014559,2025-07-15,payment,663.08,ach
INV-014560,J-014560,2025-07-25,payment,643.73,check
INV-014561,J-014561,2025-07-17,payment,134.21,ach
INV-014562,J-014562,2025-07-16,payment,344.99,card
INV-014563,J-014563,2025-07-17,payment,138.29,check
INV-014564,J-014564,2025-07-10,payment,453.15,card
INV-014565,J-014565,2025-07-12,payment,200.23,card
INV-014566,J-014566,2025-07-13,payment,231.62,card
INV-014567,J-014567,2025-07-16,payment,306.69,financing
INV-014568,J-014568,2025-07-16,payment,203.57,check
INV-014569,J-014569,2025-07-16,payment,477.22,financing
INV-014570,J-014570,2025-07-12,payment,755.83,ach
INV-014571,J-014571,2025-07-22,payment,3552.51,card
INV-014572,J-014572,2025-07-15,payment,1341.02,check
INV-014573,J-014573,2025-07-15,payment,225.18,card
INV-014574,J-014574,2025-07-17,payment,245.74,card
INV-014575,J-014575,2025-07-22,payment,643.19,ach
INV-014576,J-014576,2025-07-21,payment,465.46,card
INV-014577,J-014577,2025-07-25,payment,635.89,card
INV-014578,J-014578,2025-07-17,payment,149.66,check
INV-014579,J-014579,2025-07-25,payment,434.62,check
INV-014580,J-014580,2025-07-13,payment,197.61,financing
INV-014581,J-014581,2025-07-18,payment,281.28,ach
INV-014582,J-014582,2025-07-16,payment,804.76,ach
INV-014583,J-014583,2025-07-15,payment,431.96,card
INV-014584,J-014584,2025-07-16,payment,526.75,financing
INV-014585,J-014585,2025-07-13,payment,3948.99,card
INV-014586,J-014586,2025-07-18,payment,163.78,check
INV-014587,J-014587,2025-07-26,payment,385.1,card
INV-014588,J-014588,2025-07-13,payment,4328.01,card
INV-014589,J-014589,2025-07-17,payment,179.14,card
INV-014590,J-014590,2025-07-19,payment,322.06,ach
INV-014591,J-014591,2025-07-19,payment,610.42,ach
INV-014592,J-014592,2025-07-16,payment,335.04,ach
INV-014593,J-014593,2025-07-21,payment,254.88,financing
INV-014594,J-014594,2025-07-16,payment,332.69,ach
INV-014595,J-014595,2025-07-18,payment,3481.45,ach
INV-014596,J-014596,2025-07-24,payment,5814.04,card
INV-014597,J-014597,2025-07-27,payment,3846.42,ach
INV-014598,J-014598,2025-07-22,payment,3812.56,check
INV-014599,J-014599,2025-07-14,payment,373.7,ach
INV-014600,J-014600,2025-07-17,payment,799.15,ach
INV-014601,J-014601,2025-07-21,payment,4369.47,financing
INV-014601,J-014601,2025-09-06,refund,2967.58,card
INV-014602,J-014602,2025-07-18,payment,902.97,card
INV-014603,J-014603,2025-07-21,payment,390.64,check
INV-014604,J-014604,2025-07-27,payment,376.58,financing
INV-014605,J-014605,2025-07-14,payment,283.32,financing
INV-014606,J-014606,2025-07-22,payment,234.5,card
INV-014607,J-014607,2025-08-04,payment,515.4,financing
INV-014608,J-014608,2025-07-24,payment,5261.02,card
INV-014609,J-014609,2025-07-22,payment,521.4,card
INV-014610,J-014610,2025-07-27,payment,568.6,card
INV-014611,J-014611,2025-07-24,payment,327.79,ach
INV-014612,J-014612,2025-07-31,payment,219.46,ach
INV-014613,J-014613,2025-09-25,payment,739.45,check
INV-014614,J-014614,2025-07-17,payment,3092.72,check
INV-014615,J-014615,2025-07-23,payment,518.79,card
INV-014616,J-014616,2025-07-21,payment,501.18,check
INV-014617,J-014617,2025-07-19,payment,242.44,card
INV-014618,J-014618,2025-07-31,payment,169.73,ach
INV-014619,J-014619,2025-08-23,payment,3909.28,card
INV-014620,J-014620,2025-07-30,payment,5877.21,card
INV-014621,J-014621,2025-08-18,payment,4678.63,financing
INV-014622,J-014622,2025-07-22,payment,222.42,financing
INV-014623,J-014623,2025-07-30,payment,3572.54,financing
INV-014624,J-014624,2025-07-31,payment,4317.32,card
INV-014625,J-014625,2025-08-13,payment,2934.37,financing
INV-014626,J-014626,2025-07-27,payment,522.55,card
INV-014627,J-014627,2025-08-07,payment,134.94,ach
INV-014628,J-014628,2025-09-16,payment,3497.07,card
INV-014629,J-014629,2025-08-27,payment,204.29,check
INV-014630,J-014630,2025-08-26,payment,197.04,ach
INV-014631,J-014631,2025-07-30,payment,4385.28,check
INV-014632,J-014632,2025-07-26,payment,4665.19,financing
INV-014633,J-014633,2025-08-15,payment,456.98,financing
INV-014634,J-014634,2025-07-15,payment,377.05,financing
INV-014635,J-014635,2025-07-18,payment,158.87,check
INV-014636,J-014636,2025-07-19,payment,257.15,check
INV-014637,J-014637,2025-07-22,payment,740.3,card
INV-014638,J-014638,2025-07-18,payment,1149.37,card
INV-014639,J-014639,2025-07-14,payment,347.81,card
INV-014640,J-014640,2025-07-16,payment,3649.51,financing
INV-014641,J-014641,2025-07-15,payment,1494.69,ach
INV-014642,J-014642,2025-07-20,payment,328.02,ach
INV-014643,J-014643,2025-07-26,payment,700.75,card
INV-014644,J-014644,2025-07-15,payment,371.41,ach
INV-014645,J-014645,2025-07-14,payment,181.36,card
INV-014646,J-014646,2025-07-15,payment,502.03,card
INV-014647,J-014647,2025-07-17,payment,149.9,financing
INV-014648,J-014648,2025-07-13,payment,289.93,card
INV-014649,J-014649,2025-07-13,payment,290.55,ach
INV-014650,J-014650,2025-08-17,payment,842.98,ach
INV-014651,J-014651,2025-07-20,payment,310.19,card
INV-014652,J-014652,2025-07-15,payment,463.88,financing
INV-014653,J-014653,2025-07-17,payment,3931.38,financing
INV-014654,J-014654,2025-07-22,payment,605.6,check
INV-014655,J-014655,2025-07-23,payment,671.88,financing
INV-014656,J-014656,2025-07-17,payment,163.41,card
INV-014657,J-014657,2025-07-13,payment,286.93,check
INV-014658,J-014658,2025-07-25,payment,4422.92,ach
INV-014659,J-014659,2025-07-31,payment,172.71,check
INV-014660,J-014660,2025-07-16,payment,521.02,financing
INV-014661,J-014661,2025-07-15,payment,408.32,ach
INV-014661,J-014661,2025-07-26,refund,342.29,card
INV-014662,J-014662,2025-07-13,payment,353.76,card
INV-014663,J-014663,2025-07-18,payment,401.58,ach
INV-014664,J-014664,2025-07-18,payment,225.28,card
INV-014665,J-014665,2025-08-04,payment,686.84,financing
INV-014666,J-014666,2025-07-15,payment,466.14,card
INV-014667,J-014667,2025-07-14,payment,157.13,financing
INV-014668,J-014668,2025-07-09,payment,4814.73,card
INV-014669,J-014669,2025-07-12,payment,209.27,ach
INV-014670,J-014670,2025-07-22,payment,171.79,financing
INV-014671,J-014671,2025-07-14,payment,252.38,financing
INV-014672,J-014672,2025-07-17,payment,355.77,financing
INV-014673,J-014673,2025-07-19,payment,517.47,card
INV-014674,J-014674,2025-07-24,payment,484.3,card
INV-014675,J-014675,2025-07-11,payment,456.76,card
INV-014676,J-014676,2025-07-17,payment,348.32,ach
INV-014677,J-014677,2025-07-12,payment,142.68,card
INV-014678,J-014678,2025-07-13,payment,424.2,financing
INV-014679,J-014679,2025-07-13,payment,812.1,financing
INV-014680,J-014680,2025-07-13,payment,1100.34,ach
INV-014681,J-014681,2025-07-16,payment,728.69,financing
INV-014682,J-014682,2025-07-21,payment,788.51,ach
INV-014683,J-014683,2025-07-16,payment,416.08,check
INV-014684,J-014684,2025-07-26,payment,4044.08,financing
INV-014685,J-014685,2025-07-25,payment,4384.19,financing
INV-014685,J-014685,2025-09-12,refund,3083.14,card
INV-014686,J-014686,2025-08-09,payment,4903.5,card
INV-014687,J-014687,2025-09-03,payment,4026.43,card
INV-014688,J-014688,2025-07-19,payment,5049.46,financing
INV-014689,J-014689,2025-07-22,payment,618.4,card
INV-014690,J-014690,2025-07-23,payment,165.98,financing
INV-014691,J-014691,2025-07-24,payment,354.2,ach
INV-014692,J-014692,2025-07-25,payment,240.92,ach
INV-014693,J-014693,2025-09-18,payment,494.62,card
INV-014694,J-014694,2025-07-21,payment,6320.91,ach
INV-014695,J-014695,2025-07-31,payment,620.66,card
INV-014696,J-014696,2025-07-12,payment,4815.85,financing
INV-014697,J-014697,2025-07-24,payment,690.31,check
INV-014698,J-014698,2025-07-20,payment,412.48,financing
INV-014699,J-014699,2025-08-02,payment,3700.23,card
INV-014700,J-014700,2025-07-19,payment,147.3,financing
INV-014701,J-014701,2025-07-16,payment,425.31,card
INV-014702,J-014702,2025-07-18,payment,421.39,card
INV-014703,J-014703,2025-07-19,payment,457.73,ach
INV-014704,J-014704,2025-07-22,payment,150.78,card
INV-014705,J-014705,2025-07-15,payment,393.42,financing
INV-014706,J-014706,2025-07-16,payment,297.95,card
INV-014707,J-014707,2025-07-15,payment,225.03,card
INV-014707,J-014707,2025-09-14,refund,202.15,card
INV-014708,J-014708,2025-07-20,payment,264.39,card
INV-014709,J-014709,2025-07-18,payment,680.35,check
INV-014710,J-014710,2025-07-28,payment,804.08,check
INV-014711,J-014711,2025-07-18,payment,377.48,card
INV-014712,J-014712,2025-07-18,payment,629.55,ach
INV-014713,J-014713,2025-07-26,payment,3424.48,check
INV-014714,J-014714,2025-07-14,payment,306.54,check
INV-014715,J-014715,2025-07-19,payment,301.47,check
INV-014716,J-014716,2025-07-15,payment,222.52,ach
INV-014717,J-014717,2025-07-19,payment,328.62,check
INV-014718,J-014718,2025-08-15,payment,207.79,card
INV-014719,J-014719,2025-07-16,payment,3439.29,check
INV-014720,J-014720,2025-07-22,payment,334.37,card
INV-014721,J-014721,2025-07-18,payment,179.76,check
INV-014722,J-014722,2025-07-15,payment,4121.66,financing
INV-014723,J-014723,2025-07-18,payment,209.28,check
INV-014724,J-014724,2025-07-13,payment,330.87,card
INV-014725,J-014725,2025-08-02,payment,382.57,check
INV-014726,J-014726,2025-07-16,payment,652.21,card
INV-014727,J-014727,2025-08-02,payment,242.54,card
INV-014728,J-014728,2025-07-11,payment,1260.51,check
INV-014729,J-014729,2025-07-19,payment,233.47,check
INV-014730,J-014730,2025-07-15,payment,544.09,card
INV-014731,J-014731,2025-07-18,payment,3617.52,card
INV-014732,J-014732,2025-07-21,payment,177.48,check
INV-014733,J-014733,2025-07-12,payment,618.31,check
INV-014734,J-014734,2025-07-24,payment,235.03,financing
INV-014735,J-014735,2025-07-19,payment,145.01,check
INV-014736,J-014736,2025-07-14,payment,524.42,check
INV-014737,J-014737,2025-07-17,payment,3066.53,financing
INV-014738,J-014738,2025-07-23,payment,263.58,financing
INV-014739,J-014739,2025-07-19,payment,201.6,ach
INV-014740,J-014740,2025-07-12,payment,377.31,ach
INV-014741,J-014741,2025-07-23,payment,3019.3,card
INV-014742,J-014742,2025-07-16,payment,593.58,check
INV-014743,J-014743,2025-08-01,payment,312.91,ach
INV-014744,J-014744,2025-07-21,payment,260.08,ach
INV-014745,J-014745,2025-07-18,payment,644.75,check
INV-014746,J-014746,2025-07-29,payment,225.48,check
INV-014747,J-014747,2025-07-27,payment,174.43,check
INV-014748,J-014748,2025-07-25,payment,445.2,ach
INV-014749,J-014749,2025-07-26,payment,2927.61,ach
INV-014750,J-014750,2025-07-26,payment,160.27,card
INV-014751,J-014751,2025-07-19,payment,191.01,financing
INV-014752,J-014752,2025-07-28,payment,369.12,ach
INV-014753,J-014753,2025-07-27,payment,674.69,card
INV-014754,J-014754,2025-07-22,payment,4529.87,financing
INV-014755,J-014755,2025-07-28,payment,269.96,check
INV-014756,J-014756,2025-08-06,payment,2889.1,card
INV-014757,J-014757,2025-07-30,payment,555.71,ach
INV-014757,J-014757,2025-09-09,refund,507.65,card
INV-014758,J-014758,2025-08-01,payment,767.61,card
INV-014759,J-014759,2025-07-23,payment,1190.67,financing
INV-014760,J-014760,2025-08-04,payment,277.36,card
INV-014761,J-014761,2025-07-24,payment,298.05,card
INV-014762,J-014762,2025-07-21,payment,213.93,ach
INV-014763,J-014763,2025-07-25,payment,3267.39,card
INV-014764,J-014764,2025-07-18,payment,234.48,card
INV-014765,J-014765,2025-07-22,payment,684.16,card
INV-014766,J-014766,2025-07-30,payment,4470.78,check
INV-014767,J-014767,2025-08-10,payment,534.74,card
INV-014768,J-014768,2025-07-24,payment,388.61,financing
INV-014769,J-014769,2025-08-25,payment,145.83,ach
INV-014770,J-014770,2025-07-29,payment,176.79,card
INV-014771,J-014771,2025-07-29,payment,206.46,check
INV-014772,J-014772,2025-07-31,payment,228.14,financing
INV-014773,J-014773,2025-08-02,payment,154.06,check
INV-014774,J-014774,2025-07-26,payment,131.36,check
INV-014775,J-014775,2025-07-24,payment,302.69,financing
INV-014776,J-014776,2025-08-04,payment,254.38,card
INV-014777,J-014777,2025-07-23,payment,164.2,card
INV-014778,J-014778,2025-07-19,payment,270.04,check
INV-014779,J-014779,2025-07-21,payment,917.91,financing
INV-014780,J-014780,2025-07-16,payment,191.68,check
INV-014781,J-014781,2025-07-25,payment,281.33,financing
INV-014782,J-014782,2025-07-24,payment,2674.63,ach
INV-014783,J-014783,2025-07-25,payment,539.19,check
INV-014784,J-014784,2025-08-05,payment,591.68,ach
INV-014785,J-014785,2025-07-24,payment,576.06,card
INV-014786,J-014786,2025-07-22,payment,286.12,financing
INV-014787,J-014787,2025-07-18,payment,261.69,card
INV-014788,J-014788,2025-07-24,payment,187.09,check
INV-014789,J-014789,2025-07-24,payment,282.51,financing
INV-014790,J-014790,2025-07-20,payment,389.85,card
INV-014791,J-014791,2025-07-22,payment,538.26,ach
INV-014792,J-014792,2025-07-25,payment,201.13,check
INV-014793,J-014793,2025-08-02,payment,217.6,card
INV-014794,J-014794,2025-08-01,payment,496.95,check
INV-014794,J-014794,2025-09-10,refund,256.64,card
INV-014795,J-014795,2025-09-26,payment,575.51,financing
INV-014796,J-014796,2025-08-11,payment,408.6,check
INV-014797,J-014797,2025-07-24,payment,393.25,ach
INV-014798,J-014798,2025-07-29,payment,466.21,card
INV-014799,J-014799,2025-07-26,payment,327.6,ach
INV-014800,J-014800,2025-07-26,payment,3685.14,card
INV-014801,J-014801,2025-07-22,payment,3747.3,card
INV-014802,J-014802,2025-07-30,payment,429.09,card
INV-014803,J-014803,2025-07-28,payment,185.88,ach
INV-014804,J-014804,2025-07-27,payment,362.46,financing
INV-014805,J-014805,2025-08-18,payment,837.88,card
INV-014806,J-014806,2025-08-21,payment,790.19,card
INV-014807,J-014807,2025-08-18,payment,3674.11,financing
INV-014808,J-014808,2025-07-29,payment,272.32,ach
INV-014809,J-014809,2025-07-30,payment,318.45,check
INV-014810,J-014810,2025-07-25,payment,6011.46,financing
INV-014811,J-014811,2025-08-18,payment,4814.74,financing
INV-014812,J-014812,2025-08-13,payment,239.51,check
INV-014813,J-014813,2025-09-17,payment,169.33,check
INV-014814,J-014814,2025-09-29,payment,4469.21,check
INV-014815,J-014815,2025-08-05,payment,3964.89,card
INV-014816,J-014816,2025-08-22,payment,375.59,card
INV-014817,J-014817,2025-07-30,payment,4000.9,card
INV-014818,J-014818,2025-08-07,payment,820.04,card
INV-014819,J-014819,2025-08-17,payment,2738.54,card
INV-014820,J-014820,2025-08-31,payment,342.82,card
INV-014821,J-014821,2025-07-30,payment,6306.78,check
INV-014822,J-014822,2025-08-04,payment,217.27,card
INV-014823,J-014823,2025-09-21,payment,164.68,check
INV-014824,J-014824,2025-08-01,payment,3526.12,card
INV-014824,J-014824,2025-09-27,refund,1627.97,card
INV-014825,J-014825,2025-08-07,payment,3291.11,financing
INV-014826,J-014826,2025-08-16,payment,1057.05,ach
INV-014827,J-014827,2025-08-02,payment,3722.37,financing
INV-014828,J-014828,2025-08-02,payment,6785.29,financing
INV-014829,J-014829,2025-08-20,payment,4639.73,financing
INV-014830,J-014830,2025-08-09,payment,5599.87,ach
INV-014831,J-014831,2025-07-22,payment,272.63,check
INV-014832,J-014832,2025-07-26,payment,252.79,card
INV-014833,J-014833,2025-07-22,payment,453.57,card
INV-014834,J-014834,2025-07-22,payment,930.15,ach
INV-014835,J-014835,2025-07-22,payment,379.03,financing
INV-014836,J-014836,2025-07-22,payment,453.59,financing
INV-014837,J-014837,2025-07-27,payment,352.47,check
INV-014838,J-014838,2025-07-28,payment,159.69,card
INV-014839,J-014839,2025-07-22,payment,393.35,card
INV-014840,J-014840,2025-07-22,payment,595.2,card
INV-014841,J-014841,2025-07-25,payment,216.53,ach
INV-014842,J-014842,2025-08-05,payment,353.25,check
INV-014842,J-014842,2025-08-17,refund,163.82,card
INV-014843,J-014843,2025-07-23,payment,454.11,card
INV-014844,J-014844,2025-07-27,payment,200.49,card
INV-014844,J-014844,2025-09-01,refund,184.55,card
INV-014845,J-014845,2025-07-18,payment,229.51,ach
INV-014846,J-014846,2025-07-22,payment,485.89,financing
INV-014847,J-014847,2025-07-20,payment,662.2,check
INV-014848,J-014848,2025-07-24,payment,733.0,check
INV-014849,J-014849,2025-07-18,payment,305.01,card
INV-014850,J-014850,2025-07-22,payment,1481.41,card
INV-014851,J-014851,2025-07-27,payment,213.51,ach
INV-014852,J-014852,2025-08-09,payment,455.81,financing
INV-014853,J-014853,2025-07-20,payment,678.33,financing
INV-014854,J-014854,2025-07-21,payment,467.67,financing
INV-014855,J-014855,2025-07-22,payment,575.74,check
INV-014856,J-014856,2025-08-09,payment,298.23,ach
INV-014857,J-014857,2025-07-23,payment,388.02,check
INV-014858,J-014858,2025-07-24,payment,197.31,ach
INV-014858,J-014858,2025-08-03,refund,168.41,card
INV-014859,J-014859,2025-07-21,payment,460.69,financing
INV-014860,J-014860,2025-07-25,payment,594.49,check
INV-014861,J-014861,2025-07-23,payment,609.23,card
INV-014862,J-014862,2025-07-22,payment,257.34,card
INV-014863,J-014863,2025-08-02,payment,319.57,check
INV-014864,J-014864,2025-07-19,payment,566.94,financing
INV-014865,J-014865,2025-07-29,payment,179.08,card
INV-014866,J-014866,2025-07-19,payment,261.96,card
INV-014867,J-014867,2025-07-29,payment,4570.1,check
INV-014868,J-014868,2025-07-19,payment,523.02,financing
INV-014869,J-014869,2025-07-20,payment,180.89,card
INV-014870,J-014870,2025-07-23,payment,146.86,financing
INV-014871,J-014871,2025-07-24,payment,398.79,card
INV-014872,J-014872,2025-07-19,payment,147.89,card
INV-014873,J-014873,2025-07-23,payment,605.48,ach
INV-014874,J-014874,2025-07-25,payment,100.08,card
INV-014875,J-014875,2025-07-26,payment,452.85,card
INV-014876,J-014876,2025-07-26,payment,290.04,card
INV-014877,J-014877,2025-08-12,payment,3409.28,check
INV-014878,J-014878,2025-07-24,payment,204.71,ach
INV-014879,J-014879,2025-07-19,payment,627.62,card
INV-014880,J-014880,2025-07-17,payment,456.11,card
INV-014881,J-014881,2025-07-21,payment,268.74,financing
INV-014882,J-014882,2025-07-23,payment,248.1,check
INV-014883,J-014883,2025-08-02,payment,485.47,ach
INV-014884,J-014884,2025-07-25,payment,468.57,ach
INV-014885,J-014885,2025-07-20,payment,5834.28,financing
INV-014886,J-014886,2025-07-23,payment,724.77,financing
INV-014887,J-014887,2025-07-22,payment,285.98,ach
INV-014888,J-014888,2025-07-24,payment,239.26,ach
INV-014889,J-014889,2025-07-22,payment,1538.81,financing
INV-014890,J-014890,2025-07-24,payment,252.06,card
INV-014891,J-014891,2025-07-28,payment,310.45,check
INV-014892,J-014892,2025-07-23,payment,774.48,financing
INV-014893,J-014893,2025-07-24,payment,400.83,ach
INV-014893,J-014893,2025-08-17,chargeback,345.78,card
INV-014894,J-014894,2025-08-03,payment,299.52,financing
INV-014895,J-014895,2025-07-31,payment,596.59,check
INV-014896,J-014896,2025-07-25,payment,888.91,card
INV-014897,J-014897,2025-07-31,payment,303.9,card
INV-014898,J-014898,2025-07-27,payment,4597.81,ach
INV-014899,J-014899,2025-07-25,payment,4547.21,financing
INV-014900,J-014900,2025-07-30,payment,753.02,check
INV-014901,J-014901,2025-08-09,payment,5025.19,card
INV-014902,J-014902,2025-08-23,payment,281.86,card
INV-014903,J-014903,2025-08-03,payment,399.08,financing
INV-014904,J-014904,2025-07-29,payment,487.35,check
INV-014905,J-014905,2025-07-28,payment,258.79,financing
INV-014906,J-014906,2025-08-15,payment,658.94,ach
INV-014907,J-014907,2025-07-30,payment,153.06,financing
INV-014908,J-014908,2025-07-24,payment,275.34,card
INV-014909,J-014909,2025-07-23,payment,378.39,check
INV-014910,J-014910,2025-07-25,payment,225.87,card
INV-014911,J-014911,2025-07-23,payment,455.45,ach
INV-014912,J-014912,2025-08-08,payment,238.09,financing
INV-014913,J-014913,2025-08-10,payment,615.66,check
INV-014914,J-014914,2025-07-26,payment,294.48,check
INV-014915,J-014915,2025-07-29,payment,351.63,card
INV-014916,J-014916,2025-07-30,payment,298.2,financing
INV-014917,J-014917,2025-07-23,payment,272.4,card
INV-014918,J-014918,2025-07-24,payment,633.52,financing
INV-014919,J-014919,2025-07-23,payment,162.87,financing
INV-014920,J-014920,2025-07-27,payment,318.15,card
INV-014921,J-014921,2025-07-22,payment,258.65,ach
INV-014922,J-014922,2025-08-09,payment,460.85,financing
INV-014923,J-014923,2025-07-26,payment,4741.93,check
INV-014924,J-014924,2025-08-22,payment,626.41,ach
INV-014925,J-014925,2025-07-28,payment,4368.29,financing
INV-014926,J-014926,2025-08-01,payment,358.72,card
INV-014926,J-014926,2025-09-14,refund,321.79,card
INV-014927,J-014927,2025-07-24,payment,3787.37,check
INV-014928,J-014928,2025-07-27,payment,446.48,card
INV-014929,J-014929,2025-07-24,payment,424.61,card
INV-014930,J-014930,2025-07-27,payment,1500.73,ach
INV-014931,J-014931,2025-07-28,payment,230.0,card
INV-014932,J-014932,2025-07-24,payment,368.39,card
INV-014933,J-014933,2025-07-31,payment,419.77,check
INV-014934,J-014934,2025-07-25,payment,253.63,financing
INV-014935,J-014935,2025-07-21,payment,406.35,financing
INV-014936,J-014936,2025-07-26,payment,541.49,card
INV-014937,J-014937,2025-07-23,payment,294.2,card
INV-014937,J-014937,2025-08-18,chargeback,280.77,card
INV-014938,J-014938,2025-08-03,payment,3413.82,card
INV-014939,J-014939,2025-08-03,payment,232.98,ach
INV-014940,J-014940,2025-07-30,payment,397.91,card
INV-014941,J-014941,2025-08-07,payment,351.84,financing
INV-014942,J-014942,2025-08-01,payment,564.26,card
INV-014943,J-014943,2025-08-15,payment,615.8,check
INV-014944,J-014944,2025-08-04,payment,157.94,card
INV-014945,J-014945,2025-08-01,payment,222.53,check
INV-014946,J-014946,2025-08-06,payment,407.78,check
INV-014947,J-014947,2025-08-13,payment,361.34,ach
INV-014948,J-014948,2025-08-06,payment,3191.58,financing
INV-014949,J-014949,2025-08-04,payment,463.35,card
INV-014950,J-014950,2025-08-02,payment,467.27,financing
INV-014951,J-014951,2025-08-02,payment,377.79,card
INV-014952,J-014952,2025-08-04,payment,151.97,check
INV-014953,J-014953,2025-07-31,payment,545.74,card
INV-014954,J-014954,2025-08-01,payment,3633.55,ach
INV-014955,J-014955,2025-07-26,payment,147.06,card
INV-014956,J-014956,2025-08-08,payment,354.97,financing
INV-014957,J-014957,2025-08-09,payment,252.5,financing
INV-014958,J-014958,2025-07-30,payment,288.84,card
INV-014959,J-014959,2025-08-02,payment,3468.84,card
INV-014960,J-014960,2025-07-27,payment,4817.23,card
INV-014961,J-014961,2025-07-30,payment,247.41,card
INV-014962,J-014962,2025-08-03,payment,656.49,ach
INV-014963,J-014963,2025-07-31,payment,462.29,check
INV-014963,J-014963,2025-08-27,refund,312.08,card
INV-014964,J-014964,2025-08-06,payment,368.99,check
INV-014965,J-014965,2025-08-03,payment,544.96,ach
INV-014966,J-014966,2025-08-16,payment,271.11,financing
INV-014967,J-014967,2025-07-26,payment,255.13,card
INV-014968,J-014968,2025-07-29,payment,494.35,card
INV-014969,J-014969,2025-07-29,payment,130.97,ach
INV-014970,J-014970,2025-07-31,payment,719.99,check
INV-014971,J-014971,2025-07-30,payment,332.05,financing
INV-014972,J-014972,2025-08-10,payment,202.79,check
INV-014973,J-014973,2025-08-01,payment,4813.46,financing
INV-014974,J-014974,2025-08-01,payment,297.66,card
INV-014975,J-014975,2025-08-03,payment,494.44,ach
INV-014976,J-014976,2025-07-30,payment,203.18,card
INV-014977,J-014977,2025-08-01,payment,204.54,card
INV-014978,J-014978,2025-07-30,payment,257.9,card
INV-014979,J-014979,2025-08-06,payment,212.43,ach
INV-014980,J-014980,2025-07-27,payment,312.97,check
INV-014981,J-014981,2025-07-30,payment,347.93,card
INV-014982,J-014982,2025-07-26,payment,4097.71,card
INV-014983,J-014983,2025-07-26,payment,447.44,card
INV-014984,J-014984,2025-07-31,payment,312.59,card
INV-014985,J-014985,2025-07-27,payment,476.97,card
INV-014986,J-014986,2025-07-30,payment,513.2,check
INV-014987,J-014987,2025-07-30,payment,642.15,financing
INV-014988,J-014988,2025-08-13,payment,484.32,card
INV-014989,J-014989,2025-08-01,payment,154.08,financing
INV-014990,J-014990,2025-07-29,payment,385.67,card
INV-014991,J-014991,2025-08-11,payment,391.6,card
INV-014992,J-014992,2025-07-28,payment,515.61,check
INV-014993,J-014993,2025-07-28,payment,254.7,card
INV-014994,J-014994,2025-07-28,payment,239.72,check
INV-014995,J-014995,2025-07-31,payment,598.72,card
INV-014996,J-014996,2025-07-31,payment,423.32,ach
INV-014997,J-014997,2025-07-27,payment,149.73,card
INV-014998,J-014998,2025-07-26,payment,420.69,check
INV-014999,J-014999,2025-08-03,payment,5006.03,ach
INV-015000,J-015000,2025-08-07,payment,3207.6,card
INV-015001,J-015001,2025-08-03,payment,559.82,financing
INV-015002,J-015002,2025-08-01,payment,285.31,ach
INV-015003,J-015003,2025-08-12,payment,3521.51,check
INV-015004,J-015004,2025-08-06,payment,3500.37,card
INV-015005,J-015005,2025-08-15,payment,4830.68,financing
INV-015006,J-015006,2025-08-10,payment,415.13,check
INV-015007,J-015007,2025-08-06,payment,233.94,card
INV-015008,J-015008,2025-08-06,payment,665.51,check
INV-015009,J-015009,2025-07-28,payment,3813.7,financing
INV-015010,J-015010,2025-07-31,payment,366.42,financing
INV-015011,J-015011,2025-07-29,payment,498.49,check
INV-015012,J-015012,2025-08-20,payment,687.72,financing
INV-015013,J-015013,2025-09-07,payment,3414.21,card
INV-015014,J-015014,2025-07-24,payment,218.58,financing
INV-015015,J-015015,2025-08-02,payment,4666.47,ach
INV-015016,J-015016,2025-08-03,payment,6831.96,card
INV-015017,J-015017,2025-08-12,payment,3281.45,check
INV-015018,J-015018,2025-07-25,payment,474.32,ach
INV-015019,J-015019,2025-08-01,payment,5537.3,card
INV-015020,J-015020,2025-08-03,payment,4224.9,card
INV-015021,J-015021,2025-09-29,payment,3870.29,card
INV-015022,J-015022,2025-08-14,payment,6170.32,check
INV-015023,J-015023,2025-08-01,payment,171.54,ach
INV-015024,J-015024,2025-08-28,payment,4216.47,financing
INV-015025,J-015025,2025-08-18,payment,4574.65,financing
INV-015026,J-015026,2025-08-09,payment,546.89,check
INV-015027,J-015027,2025-08-29,payment,4523.16,ach
INV-015028,J-015028,2025-08-03,payment,3084.07,card
INV-015029,J-015029,2025-09-04,payment,230.61,card
INV-015030,J-015030,2025-08-27,payment,3714.31,financing
INV-015031,J-015031,2025-08-17,payment,411.7,card
INV-015032,J-015032,2025-08-16,payment,206.7,check
INV-015033,J-015033,2025-08-23,payment,4237.7,ach
INV-015034,J-015034,2025-08-12,payment,4421.7,ach
INV-015035,J-015035,2025-08-19,payment,4524.99,financing
INV-015036,J-015036,2025-09-16,payment,4305.43,card
INV-015037,J-015037,2025-08-15,payment,4058.36,card
INV-015038,J-015038,2025-09-24,payment,249.05,check
INV-015039,J-015039,2025-09-17,payment,2740.38,ach
INV-015040,J-015040,2025-09-29,payment,6244.86,card
INV-015041,J-015041,2025-09-23,payment,3638.9,check
INV-015042,J-015042,2025-08-10,payment,4840.52,card
INV-015043,J-015043,2025-09-23,payment,5851.31,check
INV-015044,J-015044,2025-09-03,payment,4963.41,financing
INV-015045,J-015045,2025-09-08,payment,4185.77,check
INV-015046,J-015046,2025-09-27,payment,3360.21,check
INV-015047,J-015047,2025-07-31,payment,621.67,ach
INV-015048,J-015048,2025-08-02,payment,191.43,check
INV-015049,J-015049,2025-07-29,payment,523.9,card
INV-015050,J-015050,2025-08-01,payment,514.04,card
INV-015051,J-015051,2025-08-08,payment,269.4,card
INV-015052,J-015052,2025-08-01,payment,554.71,card
INV-015053,J-015053,2025-08-01,payment,4147.81,check
INV-015054,J-015054,2025-08-02,payment,557.08,ach
INV-015055,J-015055,2025-08-07,payment,148.72,ach
INV-015056,J-015056,2025-07-28,payment,437.02,check
INV-015057,J-015057,2025-07-31,payment,346.67,check
INV-015058,J-015058,2025-07-31,payment,616.52,financing
INV-015059,J-015059,2025-08-08,payment,411.36,ach
INV-015060,J-015060,2025-07-30,payment,589.46,card
INV-015061,J-015061,2025-08-06,payment,308.65,card
INV-015062,J-015062,2025-07-29,payment,770.08,financing
INV-015063,J-015063,2025-07-31,payment,569.38,ach
INV-015064,J-015064,2025-07-27,payment,175.53,card
INV-015065,J-015065,2025-08-04,payment,464.43,ach
INV-015066,J-015066,2025-08-07,payment,525.3,card
INV-015067,J-015067,2025-08-05,payment,443.42,financing
INV-015068,J-015068,2025-08-01,payment,325.52,financing
INV-015069,J-015069,2025-08-10,payment,465.85,ach
INV-015070,J-015070,2025-07-30,payment,151.5,card
INV-015071,J-015071,2025-07-30,payment,287.2,financing
INV-015072,J-015072,2025-08-01,payment,279.85,check
INV-015073,J-015073,2025-08-04,payment,501.06,card
INV-015074,J-015074,2025-07-30,payment,526.3,check
INV-015075,J-015075,2025-07-27,payment,213.34,card
INV-015076,J-015076,2025-07-31,payment,273.71,card
INV-015077,J-015077,2025-07-27,payment,156.56,card
INV-015078,J-015078,2025-08-01,payment,332.0,card
INV-015079,J-015079,2025-07-29,payment,332.89,card
INV-015080,J-015080,2025-07-30,payment,651.48,check
INV-015081,J-015081,2025-07-26,payment,331.61,financing
INV-015082,J-015082,2025-07-28,payment,616.16,financing
INV-015083,J-015083,2025-07-29,payment,293.63,check
INV-015084,J-015084,2025-07-30,payment,653.93,card
INV-015085,J-015085,2025-07-24,payment,287.26,check
INV-015086,J-015086,2025-08-26,payment,571.46,card
INV-015087,J-015087,2025-08-01,payment,503.39,financing
INV-015088,J-015088,2025-07-28,payment,249.35,check
INV-015089,J-015089,2025-07-30,payment,1269.16,card
INV-015090,J-015090,2025-07-30,payment,244.22,card
INV-015091,J-015091,2025-08-01,payment,4909.54,card
INV-015092,J-015092,2025-08-04,payment,215.97,financing
INV-015093,J-015093,2025-08-10,payment,314.57,ach
INV-015094,J-015094,2025-07-28,payment,253.14,financing
INV-015095,J-015095,2025-07-25,payment,260.53,check
INV-015096,J-015096,2025-07-25,payment,151.43,card
INV-015097,J-015097,2025-08-01,payment,246.89,check
INV-015098,J-015098,2025-07-28,payment,280.85,ach
INV-015099,J-015099,2025-07-28,payment,375.41,check
INV-015100,J-015100,2025-08-04,payment,262.6,ach
INV-015101,J-015101,2025-07-29,payment,3559.52,financing
INV-015102,J-015102,2025-07-31,payment,355.76,check
INV-015103,J-015103,2025-08-09,payment,350.44,card
INV-015104,J-015104,2025-07-27,payment,727.6,card
INV-015105,J-015105,2025-07-30,payment,249.17,card
INV-015106,J-015106,2025-08-01,payment,262.27,card
INV-015107,J-015107,2025-07-28,payment,306.25,financing
INV-015108,J-015108,2025-07-29,payment,657.54,ach
INV-015109,J-015109,2025-08-01,payment,3830.51,card
INV-015110,J-015110,2025-07-29,payment,339.77,ach
INV-015111,J-015111,2025-08-02,payment,2677.92,card
INV-015112,J-015112,2025-08-03,payment,489.05,financing
INV-015113,J-015113,2025-08-04,payment,279.72,check
INV-015114,J-015114,2025-08-04,payment,5211.51,card
INV-015115,J-015115,2025-08-15,payment,450.67,card
INV-015116,J-015116,2025-08-03,payment,4178.88,check
INV-015116,J-015116,2025-09-27,chargeback,2732.45,card
INV-015117,J-015117,2025-08-01,payment,488.59,card
INV-015118,J-015118,2025-08-26,payment,3820.29,check
INV-015119,J-015119,2025-08-18,payment,761.37,financing
INV-015120,J-015120,2025-08-07,payment,553.75,card
INV-015121,J-015121,2025-08-05,payment,5443.07,financing
INV-015122,J-015122,2025-08-17,payment,2399.35,card
INV-015123,J-015123,2025-08-21,payment,3068.49,card
INV-015124,J-015124,2025-07-29,payment,387.56,card
INV-015125,J-015125,2025-08-25,payment,149.95,check
INV-015126,J-015126,2025-07-30,payment,481.25,check
INV-015127,J-015127,2025-07-25,payment,191.13,card
INV-015128,J-015128,2025-07-30,payment,342.1,card
INV-015129,J-015129,2025-08-04,payment,3364.82,card
INV-015130,J-015130,2025-07-29,payment,513.02,financing
INV-015131,J-015131,2025-08-05,payment,327.38,card
INV-015132,J-015132,2025-07-27,payment,657.74,card
INV-015133,J-015133,2025-08-14,payment,3255.62,card
INV-015134,J-015134,2025-07-30,payment,514.83,financing
INV-015135,J-015135,2025-08-12,payment,212.7,ach
INV-015136,J-015136,2025-08-24,payment,2065.27,ach
INV-015137,J-015137,2025-07-30,payment,214.08,check
INV-015138,J-015138,2025-08-03,payment,310.44,ach
INV-015139,J-015139,2025-08-09,payment,214.51,card
INV-015140,J-015140,2025-08-27,payment,670.17,check
INV-015141,J-015141,2025-08-17,payment,507.55,check
INV-015142,J-015142,2025-08-04,payment,127.76,check
INV-015143,J-015143,2025-08-13,payment,208.28,check
INV-015144,J-015144,2025-08-12,payment,358.51,card
INV-015145,J-015145,2025-07-28,payment,276.47,card
INV-015146,J-015146,2025-07-31,payment,353.78,check
INV-015147,J-015147,2025-08-07,payment,5200.09,ach
INV-015148,J-015148,2025-08-07,payment,161.7,card
INV-015149,J-015149,2025-08-03,payment,310.81,card
INV-015150,J-015150,2025-07-27,payment,225.86,financing
INV-015151,J-015151,2025-08-06,payment,559.37,card
INV-015152,J-015152,2025-08-29,payment,463.85,card
INV-015153,J-015153,2025-08-10,payment,311.71,financing
INV-015154,J-015154,2025-08-14,payment,6111.45,ach
INV-015155,J-015155,2025-08-09,payment,345.68,check
INV-015156,J-015156,2025-08-06,payment,4135.57,card
INV-015157,J-015157,2025-08-08,payment,875.03,ach
INV-015158,J-015158,2025-07-28,payment,3267.99,ach
INV-015159,J-015159,2025-08-12,payment,218.57,card
INV-015160,J-015160,2025-08-13,payment,193.76,card
INV-015161,J-015161,2025-08-03,payment,410.4,card
INV-015162,J-015162,2025-08-09,payment,544.57,financing
INV-015163,J-015163,2025-08-09,payment,481.22,card
INV-015164,J-015164,2025-08-08,payment,181.17,card
INV-015164,J-015164,2025-09-04,refund,112.02,card
INV-015165,J-015165,2025-08-18,payment,131.02,card
INV-015166,J-015166,2025-08-21,payment,276.52,ach
INV-015167,J-015167,2025-09-09,payment,354.17,check
INV-015168,J-015168,2025-08-22,payment,475.68,ach
INV-015169,J-015169,2025-08-11,payment,193.0,ach
INV-015170,J-015170,2025-08-10,payment,319.63,card
INV-015171,J-015171,2025-08-06,payment,614.82,financing
INV-015172,J-015172,2025-08-03,payment,495.41,ach
INV-015173,J-015173,2025-08-10,payment,201.55,financing
INV-015174,J-015174,2025-08-11,payment,658.7,card
INV-015175,J-015175,2025-08-12,payment,356.55,financing
INV-015176,J-015176,2025-08-07,payment,261.59,card
INV-015177,J-015177,2025-08-07,payment,240.5,ach
INV-015178,J-015178,2025-08-06,payment,1062.56,card
INV-015179,J-015179,2025-08-05,payment,250.07,ach
INV-015180,J-015180,2025-08-07,payment,304.89,card
INV-015181,J-015181,2025-08-31,payment,175.95,financing
INV-015182,J-015182,2025-08-13,payment,626.29,check
INV-015183,J-015183,2025-07-31,payment,918.26,check
INV-015184,J-015184,2025-08-05,payment,224.13,card
INV-015185,J-015185,2025-08-05,payment,3267.28,card
INV-015186,J-015186,2025-08-10,payment,236.18,financing
INV-015187,J-015187,2025-08-07,payment,506.82,financing
INV-015188,J-015188,2025-08-16,payment,138.35,card
INV-015189,J-015189,2025-07-31,payment,125.21,card
INV-015190,J-015190,2025-08-16,payment,247.2,financing
INV-015191,J-015191,2025-08-10,payment,590.42,ach
INV-015192,J-015192,2025-08-12,payment,322.99,ach
INV-015193,J-015193,2025-08-06,payment,359.71,financing
INV-015194,J-015194,2025-08-08,payment,369.55,check
INV-015195,J-015195,2025-08-10,payment,325.78,financing
INV-015196,J-015196,2025-08-10,payment,317.31,financing
INV-015197,J-015197,2025-08-04,payment,604.0,card
INV-015198,J-015198,2025-08-10,payment,142.66,ach
INV-015199,J-015199,2025-08-09,payment,3031.9,check
INV-015200,J-015200,2025-08-06,payment,207.35,ach
INV-015201,J-015201,2025-08-19,payment,458.71,card
INV-015202,J-015202,2025-08-11,payment,459.37,ach
INV-015203,J-015203,2025-08-03,payment,1362.6,ach
INV-015204,J-015204,2025-08-08,payment,5711.68,financing
INV-015205,J-015205,2025-08-04,payment,386.66,check
INV-015206,J-015206,2025-08-02,payment,417.78,ach
INV-015207,J-015207,2025-08-18,payment,552.49,card
INV-015208,J-015208,2025-08-08,payment,221.96,card
INV-015209,J-015209,2025-08-19,payment,244.87,card
INV-015210,J-015210,2025-08-13,payment,951.57,ach
INV-015211,J-015211,2025-08-05,payment,332.16,financing
INV-015212,J-015212,2025-08-08,payment,123.37,card
INV-015213,J-015213,2025-08-05,payment,142.17,check
INV-015214,J-015214,2025-08-10,payment,794.58,financing
INV-015215,J-015215,2025-08-20,payment,4868.46,card
INV-015216,J-015216,2025-08-15,payment,214.54,card
INV-015217,J-015217,2025-08-12,payment,182.94,financing
INV-015218,J-015218,2025-08-16,payment,212.36,check
INV-015219,J-015219,2025-08-14,payment,394.27,card
INV-015220,J-015220,2025-08-14,payment,639.96,financing
INV-015221,J-015221,2025-08-11,payment,360.45,check
INV-015222,J-015222,2025-08-23,payment,149.94,card
INV-015223,J-015223,2025-08-06,payment,4538.33,check
INV-015224,J-015224,2025-08-12,payment,258.33,check
INV-015225,J-015225,2025-08-15,payment,598.37,card
INV-015226,J-015226,2025-08-18,payment,4771.27,card
INV-015227,J-015227,2025-09-05,payment,4405.4,financing
INV-015228,J-015228,2025-08-13,payment,3496.65,financing
INV-015229,J-015229,2025-09-30,payment,211.61,card
INV-015230,J-015230,2025-08-05,payment,4633.05,card
INV-015231,J-015231,2025-09-13,payment,3934.4,card
INV-015232,J-015232,2025-08-24,payment,1238.19,ach
INV-015233,J-015233,2025-09-05,payment,4137.69,financing
INV-015234,J-015234,2025-08-22,payment,3821.05,card
INV-015235,J-015235,2025-08-14,payment,5985.54,ach
INV-015236,J-015236,2025-09-17,payment,4425.06,check
INV-015237,J-015237,2025-08-08,payment,3985.29,card
INV-015238,J-015238,2025-09-09,payment,208.74,financing
INV-015239,J-015239,2025-08-13,payment,5381.73,check
INV-015240,J-015240,2025-08-07,payment,309.65,ach
INV-015241,J-015241,2025-08-02,payment,430.3,ach
INV-015242,J-015242,2025-08-10,payment,546.43,financing
INV-015243,J-015243,2025-08-04,payment,350.67,card
INV-015244,J-015244,2025-08-04,payment,545.77,card
INV-015245,J-015245,2025-08-07,payment,520.09,ach
INV-015246,J-015246,2025-08-03,payment,279.05,financing
INV-015247,J-015247,2025-08-12,payment,325.91,card
INV-015248,J-015248,2025-08-05,payment,247.41,check
INV-015249,J-015249,2025-08-08,payment,202.87,financing
INV-015250,J-015250,2025-08-07,payment,226.44,ach
INV-015251,J-015251,2025-08-07,payment,222.61,card
INV-015252,J-015252,2025-08-09,payment,613.7,check
INV-015253,J-015253,2025-08-08,payment,642.99,financing
INV-015254,J-015254,2025-08-01,payment,522.4,card
INV-015255,J-015255,2025-08-04,payment,633.79,card
INV-015256,J-015256,2025-08-08,payment,255.73,check
INV-015257,J-015257,2025-08-02,payment,351.4,ach
INV-015258,J-015258,2025-08-08,payment,428.17,ach
INV-015259,J-015259,2025-08-09,payment,442.1,card
INV-015260,J-015260,2025-08-03,payment,418.61,card
INV-015261,J-015261,2025-08-04,payment,6000.15,card
INV-015262,J-015262,2025-08-07,payment,204.89,check
INV-015263,J-015263,2025-08-06,payment,484.88,ach
INV-015264,J-015264,2025-08-06,payment,392.78,check
INV-015265,J-015265,2025-08-07,payment,553.3,check
INV-015266,J-015266,2025-08-04,payment,224.77,card
INV-015267,J-015267,2025-08-02,payment,749.31,ach
INV-015268,J-015268,2025-08-07,payment,361.08,ach
INV-015269,J-015269,2025-08-02,payment,4931.73,financing
INV-015270,J-015270,2025-08-01,payment,237.52,card
INV-015271,J-015271,2025-08-02,payment,6713.77,check
INV-015272,J-015272,2025-08-01,payment,556.95,check
INV-015273,J-015273,2025-08-04,payment,255.56,financing
INV-015274,J-015274,2025-08-10,payment,344.14,ach
INV-015275,J-015275,2025-08-10,payment,170.71,card
INV-015276,J-015276,2025-08-10,payment,339.34,ach
INV-015277,J-015277,2025-08-04,payment,156.66,ach
INV-015278,J-015278,2025-08-07,payment,561.17,check
INV-015279,J-015279,2025-08-16,payment,616.11,card
INV-015280,J-015280,2025-08-08,payment,447.86,ach
INV-015281,J-015281,2025-08-04,payment,217.2,card
INV-015282,J-015282,2025-08-01,payment,414.64,card
INV-015283,J-015283,2025-08-11,payment,457.14,card
INV-015284,J-015284,2025-08-11,payment,132.34,card
INV-015285,J-015285,2025-09-09,payment,143.34,check
INV-015286,J-015286,2025-08-11,payment,3347.32,card
INV-015287,J-015287,2025-08-28,payment,209.1,card
INV-015288,J-015288,2025-08-06,payment,3790.98,card
INV-015289,J-015289,2025-08-22,payment,420.22,financing
INV-015290,J-015290,2025-08-11,payment,324.35,card
INV-015291,J-015291,2025-08-16,payment,3994.52,financing
INV-015292,J-015292,2025-09-08,payment,184.16,card
INV-015293,J-015293,2025-08-15,payment,231.57,card
INV-015294,J-015294,2025-08-17,payment,176.66,check
INV-015295,J-015295,2025-08-14,payment,420.4,card
INV-015296,J-015296,2025-08-04,payment,321.72,financing
INV-015297,J-015297,2025-08-10,payment,4226.87,card
INV-015298,J-015298,2025-08-11,payment,3586.29,card
INV-015299,J-015299,2025-08-15,payment,435.41,card
INV-015300,J-015300,2025-08-09,payment,444.85,ach
INV-015301,J-015301,2025-08-30,payment,462.08,ach
INV-015302,J-015302,2025-08-05,payment,159.42,ach
INV-015303,J-015303,2025-08-05,payment,161.94,ach
INV-015304,J-015304,2025-08-20,payment,719.65,ach
INV-015305,J-015305,2025-08-03,payment,3904.23,financing
INV-015306,J-015306,2025-08-05,payment,456.68,card
INV-015307,J-015307,2025-08-06,payment,399.93,card
INV-015308,J-015308,2025-08-16,payment,322.45,card
INV-015309,J-015309,2025-08-07,payment,203.21,check
INV-015310,J-015310,2025-08-13,payment,439.01,card
INV-015311,J-015311,2025-08-10,payment,3599.94,card
INV-015312,J-015312,2025-08-08,payment,360.4,financing
INV-015313,J-015313,2025-08-09,payment,4365.2,check
INV-015314,J-015314,2025-09-12,payment,232.64,ach
INV-015315,J-015315,2025-08-26,payment,407.85,financing
INV-015316,J-015316,2025-08-09,payment,3547.91,card
INV-015317,J-015317,2025-08-14,payment,246.3,card
INV-015318,J-015318,2025-08-17,payment,375.46,check
INV-015319,J-015319,2025-08-17,payment,3543.02,financing
INV-015320,J-015320,2025-08-09,payment,201.26,ach
INV-015321,J-015321,2025-08-15,payment,187.2,check
INV-015322,J-015322,2025-08-11,payment,242.21,card
INV-015323,J-015323,2025-08-05,payment,585.48,card
INV-015324,J-015324,2025-08-16,payment,206.57,financing
INV-015325,J-015325,2025-08-04,payment,217.09,financing
INV-015326,J-015326,2025-08-01,payment,3094.81,check
INV-015327,J-015327,2025-09-28,payment,285.71,ach
INV-015328,J-015328,2025-08-19,payment,5083.42,ach
INV-015329,J-015329,2025-08-06,payment,251.96,ach
INV-015330,J-015330,2025-08-06,payment,575.47,card
INV-015331,J-015331,2025-08-19,payment,314.81,card
INV-015332,J-015332,2025-08-13,payment,159.87,check
INV-015333,J-015333,2025-08-06,payment,731.96,card
INV-015334,J-015334,2025-08-15,payment,170.64,card
INV-015335,J-015335,2025-08-09,payment,3710.19,financing
INV-015336,J-015336,2025-08-14,payment,225.53,card
INV-015337,J-015337,2025-08-09,payment,398.77,card
INV-015338,J-015338,2025-08-15,payment,281.87,card
INV-015339,J-015339,2025-08-26,payment,727.05,ach
INV-015340,J-015340,2025-08-17,payment,316.83,financing
INV-015341,J-015341,2025-08-10,payment,4913.18,card
INV-015342,J-015342,2025-09-06,payment,372.29,card
INV-015343,J-015343,2025-08-09,payment,1127.44,card
INV-015344,J-015344,2025-08-10,payment,5855.15,card
INV-015345,J-015345,2025-08-10,payment,346.34,ach
INV-015346,J-015346,2025-08-15,payment,251.24,financing
INV-015347,J-015347,2025-08-10,payment,346.58,check
INV-015348,J-015348,2025-08-17,payment,116.95,card
INV-015349,J-015349,2025-08-11,payment,445.0,card
INV-015350,J-015350,2025-08-11,payment,358.3,financing
INV-015351,J-015351,2025-08-16,payment,449.66,card
INV-015352,J-015352,2025-08-08,payment,287.45,ach
INV-015353,J-015353,2025-08-14,payment,313.43,ach
INV-015354,J-015354,2025-08-12,payment,3394.41,card
INV-015355,J-015355,2025-08-18,payment,688.1,ach
INV-015356,J-015356,2025-08-12,payment,677.93,financing
INV-015357,J-015357,2025-08-09,payment,339.6,check
INV-015358,J-015358,2025-08-26,payment,388.37,card
INV-015359,J-015359,2025-08-15,payment,427.05,check
INV-015360,J-015360,2025-08-20,payment,377.36,check
INV-015361,J-015361,2025-08-17,payment,4724.04,card
INV-015362,J-015362,2025-08-29,payment,506.93,card
INV-015363,J-015363,2025-08-18,payment,3017.64,card
INV-015364,J-015364,2025-08-18,payment,394.08,check
INV-015365,J-015365,2025-08-12,payment,143.59,financing
INV-015366,J-015366,2025-08-12,payment,481.69,card
INV-015367,J-015367,2025-08-13,payment,279.75,card
INV-015368,J-015368,2025-08-19,payment,407.4,financing
INV-015369,J-015369,2025-08-17,payment,223.08,financing
INV-015370,J-015370,2025-08-14,payment,587.04,financing
INV-015371,J-015371,2025-08-19,payment,200.33,financing
INV-015372,J-015372,2025-08-14,payment,4885.79,ach
INV-015373,J-015373,2025-08-15,payment,341.21,financing
INV-015374,J-015374,2025-08-10,payment,160.25,check
INV-015375,J-015375,2025-08-22,payment,6678.46,card
INV-015376,J-015376,2025-08-11,payment,194.75,check
INV-015377,J-015377,2025-08-13,payment,230.23,card
INV-015378,J-015378,2025-08-24,payment,587.69,card
INV-015379,J-015379,2025-08-09,payment,473.57,ach
INV-015380,J-015380,2025-08-14,payment,311.63,check
INV-015381,J-015381,2025-08-12,payment,212.89,card
INV-015382,J-015382,2025-08-13,payment,616.98,card
INV-015383,J-015383,2025-08-15,payment,198.06,card
INV-015384,J-015384,2025-08-29,payment,4792.72,card
INV-015385,J-015385,2025-08-11,payment,493.16,card
INV-015386,J-015386,2025-08-10,payment,313.43,card
INV-015387,J-015387,2025-08-14,payment,337.2,ach
INV-015388,J-015388,2025-08-16,payment,786.51,card
INV-015389,J-015389,2025-08-08,payment,3309.48,card
INV-015389,J-015389,2025-08-28,chargeback,2434.39,card
INV-015390,J-015390,2025-08-12,payment,260.76,financing
INV-015391,J-015391,2025-08-26,payment,286.13,check
INV-015392,J-015392,2025-08-19,payment,207.15,card
INV-015393,J-015393,2025-08-13,payment,477.65,card
INV-015394,J-015394,2025-08-15,payment,4642.32,ach
INV-015395,J-015395,2025-08-19,payment,412.87,financing
INV-015396,J-015396,2025-08-11,payment,434.68,check
INV-015397,J-015397,2025-08-16,payment,6676.01,ach
INV-015398,J-015398,2025-08-19,payment,347.87,ach
INV-015399,J-015399,2025-08-11,payment,376.34,financing
INV-015400,J-015400,2025-08-17,payment,212.79,check
INV-015401,J-015401,2025-08-17,payment,217.49,ach
INV-015402,J-015402,2025-08-30,payment,174.78,card
INV-015403,J-015403,2025-08-13,payment,3697.79,ach
INV-015404,J-015404,2025-08-31,payment,740.48,ach
INV-015405,J-015405,2025-08-15,payment,414.57,check
INV-015406,J-015406,2025-08-17,payment,220.94,card
INV-015407,J-015407,2025-08-14,payment,579.21,card
INV-015408,J-015408,2025-08-30,payment,179.08,card
INV-015409,J-015409,2025-08-15,payment,243.49,ach
INV-015410,J-015410,2025-08-17,payment,412.39,check
INV-015411,J-015411,2025-09-24,payment,3851.16,check
INV-015412,J-015412,2025-09-27,payment,257.42,financing
INV-015413,J-015413,2025-08-12,payment,150.91,check
INV-015414,J-015414,2025-09-02,payment,349.08,financing
INV-015415,J-015415,2025-09-02,payment,5688.61,check
INV-015416,J-015416,2025-08-21,payment,6216.2,card
INV-015417,J-015417,2025-08-26,payment,373.73,financing
INV-015418,J-015418,2025-09-16,payment,4404.81,financing
INV-015419,J-015419,2025-09-09,payment,3455.94,financing
INV-015420,J-015420,2025-09-28,payment,4103.93,card
INV-015421,J-015421,2025-09-07,payment,5555.46,card
INV-015422,J-015422,2025-09-08,payment,7330.19,card
INV-015423,J-015423,2025-08-20,payment,4260.58,card
INV-015424,J-015424,2025-08-25,payment,3566.24,ach
INV-015425,J-015425,2025-08-23,payment,221.76,card
INV-015426,J-015426,2025-09-20,payment,541.01,card
INV-015427,J-015427,2025-08-31,payment,393.85,check
INV-015428,J-015428,2025-08-23,payment,582.77,card
INV-015429,J-015429,2025-08-31,payment,162.08,financing
INV-015430,J-015430,2025-09-08,payment,3425.59,card
INV-015431,J-015431,2025-08-30,payment,3322.74,card
INV-015432,J-015432,2025-08-14,payment,274.21,ach
INV-015433,J-015433,2025-08-12,payment,387.02,card
INV-015434,J-015434,2025-08-14,payment,380.19,card
INV-015435,J-015435,2025-08-13,payment,214.52,card
INV-015436,J-015436,2025-08-17,payment,232.74,ach
INV-015437,J-015437,2025-08-08,payment,259.37,ach
INV-015438,J-015438,2025-08-08,payment,423.33,financing
INV-015439,J-015439,2025-08-17,payment,757.83,ach
INV-015440,J-015440,2025-08-15,payment,715.55,card
INV-015441,J-015441,2025-08-16,payment,335.37,card
INV-015442,J-015442,2025-08-16,payment,487.92,check
INV-015443,J-015443,2025-08-22,payment,534.05,check
INV-015444,J-015444,2025-08-14,payment,242.0,financing
INV-015445,J-015445,2025-08-11,payment,414.86,check
INV-015446,J-015446,2025-08-16,payment,3700.05,financing
INV-015447,J-015447,2025-08-15,payment,384.19,financing
INV-015448,J-015448,2025-08-16,payment,660.21,check
INV-015449,J-015449,2025-08-15,payment,191.62,ach
INV-015450,J-015450,2025-08-16,payment,244.09,card
INV-015451,J-015451,2025-08-13,payment,508.07,card
INV-015452,J-015452,2025-08-13,payment,227.04,check
INV-015453,J-015453,2025-08-15,payment,285.46,card
INV-015454,J-015454,2025-08-10,payment,302.98,card
INV-015455,J-015455,2025-08-14,payment,361.63,ach
INV-015456,J-015456,2025-08-13,payment,399.87,check
INV-015457,J-015457,2025-08-17,payment,282.98,financing
INV-015458,J-015458,2025-08-15,payment,609.22,card
INV-015459,J-015459,2025-08-15,payment,261.41,card
INV-015460,J-015460,2025-08-13,payment,243.88,check
INV-015461,J-015461,2025-08-11,payment,230.47,check
INV-015462,J-015462,2025-08-09,payment,544.91,check
INV-015463,J-015463,2025-08-14,payment,388.86,card
INV-015464,J-015464,2025-08-15,payment,372.48,card
INV-015465,J-015465,2025-08-18,payment,208.26,financing
INV-015466,J-015466,2025-08-11,payment,401.01,card
INV-015467,J-015467,2025-08-26,payment,337.11,card
INV-015468,J-015468,2025-08-12,payment,606.79,card
INV-015469,J-015469,2025-08-14,payment,241.32,ach
INV-015470,J-015470,2025-08-13,payment,200.76,card
INV-015471,J-015471,2025-08-13,payment,327.36,check
INV-015472,J-015472,2025-08-08,payment,558.25,card
INV-015473,J-015473,2025-08-13,payment,473.18,ach
INV-015474,J-015474,2025-08-14,payment,342.92,card
INV-015475,J-015475,2025-08-15,payment,508.13,card
INV-015476,J-015476,2025-08-17,payment,638.98,financing
INV-015477,J-015477,2025-08-20,payment,319.1,card
INV-015478,J-015478,2025-08-09,payment,454.5,financing
INV-015479,J-015479,2025-08-14,payment,1259.04,ach
INV-015480,J-015480,2025-08-14,payment,185.68,financing
INV-015481,J-015481,2025-08-15,payment,1104.6,ach
INV-015482,J-015482,2025-08-19,payment,4620.38,ach
INV-015483,J-015483,2025-08-16,payment,648.8,card
INV-015484,J-015484,2025-08-17,payment,403.61,card
INV-015485,J-015485,2025-08-14,payment,1031.07,ach
INV-015486,J-015486,2025-08-15,payment,213.29,financing
INV-015487,J-015487,2025-08-10,payment,249.45,card
INV-015488,J-015488,2025-08-12,payment,935.32,card
INV-015489,J-015489,2025-08-15,payment,356.85,card
INV-015490,J-015490,2025-08-15,payment,131.84,card
INV-015491,J-015491,2025-08-16,payment,423.94,card
INV-015492,J-015492,2025-08-12,payment,289.78,financing
INV-015493,J-015493,2025-08-10,payment,557.33,card
INV-015494,J-015494,2025-08-14,payment,245.76,card
INV-015495,J-015495,2025-08-15,payment,207.38,financing
INV-015496,J-015496,2025-09-03,payment,126.96,ach
INV-015497,J-015497,2025-08-18,payment,4078.15,card
INV-015498,J-015498,2025-08-30,payment,3140.84,card
INV-015499,J-015499,2025-08-30,payment,2468.93,check
INV-015500,J-015500,2025-08-18,payment,249.52,financing
INV-015501,J-015501,2025-09-09,payment,237.63,ach
INV-015502,J-015502,2025-09-02,payment,3550.63,financing
INV-015503,J-015503,2025-08-18,payment,441.11,card
INV-015504,J-015504,2025-08-15,payment,211.25,card
INV-015505,J-015505,2025-08-18,payment,6166.49,card
INV-015506,J-015506,2025-08-14,payment,591.95,card
INV-015507,J-015507,2025-08-17,payment,323.33,card
INV-015508,J-015508,2025-08-22,payment,5224.57,check
INV-015509,J-015509,2025-09-12,payment,411.7,financing
INV-015510,J-015510,2025-09-15,payment,136.99,ach
INV-015511,J-015511,2025-09-12,payment,291.32,check
INV-015512,J-015512,2025-08-26,payment,4181.26,ach
INV-015513,J-015513,2025-08-28,payment,3660.88,check
INV-015514,J-015514,2025-08-24,payment,4827.29,check
INV-015515,J-015515,2025-08-15,payment,296.46,check
INV-015516,J-015516,2025-08-21,payment,298.4,card
INV-015517,J-015517,2025-09-01,payment,238.39,check
INV-015518,J-015518,2025-08-16,payment,3321.89,card
INV-015519,J-015519,2025-08-09,payment,396.1,card
INV-015520,J-015520,2025-09-01,payment,223.92,card
INV-015521,J-015521,2025-08-18,payment,209.35,check
INV-015522,J-015522,2025-08-15,payment,745.46,check
INV-015523,J-015523,2025-08-10,payment,998.85,card
INV-015524,J-015524,2025-08-11,payment,341.65,financing
INV-015525,J-015525,2025-08-24,payment,165.72,ach
INV-015526,J-015526,2025-08-23,payment,241.3,card
INV-015527,J-015527,2025-08-28,payment,207.37,ach
INV-015528,J-015528,2025-08-12,payment,446.93,ach
INV-015529,J-015529,2025-08-27,payment,100.48,card
INV-015530,J-015530,2025-08-12,payment,388.47,card
INV-015531,J-015531,2025-08-14,payment,386.03,card
INV-015532,J-015532,2025-08-10,payment,426.06,ach
INV-015533,J-015533,2025-09-22,payment,334.46,card
INV-015534,J-015534,2025-08-12,payment,4833.19,financing
INV-015535,J-015535,2025-08-21,payment,3636.75,financing
INV-015535,J-015535,2025-09-10,chargeback,1183.41,card
INV-015536,J-015536,2025-08-20,payment,2695.8,financing
INV-015537,J-015537,2025-08-17,payment,253.83,card
INV-015538,J-015538,2025-08-20,payment,284.21,card
INV-015539,J-015539,2025-08-19,payment,751.76,financing
INV-015540,J-015540,2025-08-07,payment,199.32,card
INV-015541,J-015541,2025-09-07,payment,5543.07,ach
INV-015542,J-015542,2025-08-14,payment,278.66,card
INV-015543,J-015543,2025-08-14,payment,255.43,card
INV-015544,J-015544,2025-09-01,payment,208.28,card
INV-015545,J-015545,2025-08-20,payment,250.42,check
INV-015546,J-015546,2025-08-09,payment,258.01,ach
INV-015547,J-015547,2025-09-14,payment,524.57,financing
INV-015548,J-015548,2025-08-23,payment,277.18,financing
INV-015549,J-015549,2025-08-22,payment,270.54,financing
INV-015550,J-015550,2025-08-22,payment,507.19,card
INV-015551,J-015551,2025-08-20,payment,177.25,financing
INV-015552,J-015552,2025-08-20,payment,271.51,ach
INV-015553,J-015553,2025-08-17,payment,407.05,ach
INV-015554,J-015554,2025-08-19,payment,173.02,check
INV-015555,J-015555,2025-08-31,payment,625.74,check
INV-015556,J-015556,2025-09-13,payment,472.33,card
INV-015557,J-015557,2025-08-16,payment,233.95,card
INV-015558,J-015558,2025-08-20,payment,426.75,check
INV-015559,J-015559,2025-08-18,payment,350.39,card
INV-015560,J-015560,2025-08-23,payment,176.45,check
INV-015561,J-015561,2025-08-23,payment,406.84,card
INV-015562,J-015562,2025-08-24,payment,246.53,financing
INV-015563,J-015563,2025-08-19,payment,1083.47,financing
INV-015564,J-015564,2025-08-14,payment,220.66,ach
INV-015565,J-015565,2025-08-18,payment,384.77,card
INV-015566,J-015566,2025-08-26,payment,4587.12,ach
INV-015567,J-015567,2025-08-23,payment,386.5,card
INV-015568,J-015568,2025-08-20,payment,740.92,financing
INV-015569,J-015569,2025-08-20,payment,227.62,card
INV-015570,J-015570,2025-08-19,payment,4832.98,check
INV-015571,J-015571,2025-08-18,payment,353.15,ach
INV-015572,J-015572,2025-08-29,payment,264.37,card
INV-015573,J-015573,2025-08-22,payment,1292.55,ach
INV-015574,J-015574,2025-08-21,payment,576.69,financing
INV-015575,J-015575,2025-08-22,payment,807.95,card
INV-015576,J-015576,2025-08-20,payment,375.15,card
INV-015577,J-015577,2025-09-01,payment,271.06,card
INV-015578,J-015578,2025-08-24,payment,296.2,card
INV-015579,J-015579,2025-08-17,payment,181.61,check
INV-015580,J-015580,2025-08-28,payment,307.33,ach
INV-015581,J-015581,2025-08-16,payment,442.29,card
INV-015582,J-015582,2025-08-20,payment,606.53,card
INV-015583,J-015583,2025-08-27,payment,633.13,card
INV-015584,J-015584,2025-08-25,payment,4973.29,ach
INV-015585,J-015585,2025-08-18,payment,409.19,card
INV-015586,J-015586,2025-08-27,payment,139.15,card
INV-015587,J-015587,2025-08-21,payment,261.61,ach
INV-015588,J-015588,2025-08-29,payment,618.59,card
INV-015589,J-015589,2025-08-23,payment,180.72,financing
INV-015590,J-015590,2025-08-20,payment,1115.25,financing
INV-015591,J-015591,2025-08-15,payment,640.94,card
INV-015592,J-015592,2025-08-22,payment,728.85,card
INV-015593,J-015593,2025-08-18,payment,325.75,card
INV-015594,J-015594,2025-08-23,payment,700.03,ach
INV-015595,J-015595,2025-08-23,payment,524.45,check
INV-015596,J-015596,2025-08-21,payment,437.6,ach
INV-015597,J-015597,2025-08-24,payment,128.68,ach
INV-015598,J-015598,2025-08-18,payment,178.37,financing
INV-015599,J-015599,2025-08-27,payment,949.08,card
INV-015600,J-015600,2025-08-15,payment,551.9,check
INV-015601,J-015601,2025-08-22,payment,349.84,card
INV-015602,J-015602,2025-08-22,payment,667.06,ach
INV-015603,J-015603,2025-09-04,payment,393.38,financing
INV-015604,J-015604,2025-08-22,payment,164.2,check
INV-015605,J-015605,2025-08-19,payment,163.64,check
INV-015606,J-015606,2025-08-17,payment,397.24,financing
INV-015607,J-015607,2025-08-23,payment,344.38,card
INV-015608,J-015608,2025-08-22,payment,449.35,card
INV-015609,J-015609,2025-08-24,payment,3921.08,financing
INV-015610,J-015610,2025-08-21,payment,448.38,card
INV-015611,J-015611,2025-08-23,payment,5615.87,card
INV-015612,J-015612,2025-08-25,payment,946.99,check
INV-015613,J-015613,2025-08-26,payment,214.29,card
INV-015614,J-015614,2025-08-26,payment,794.57,financing
INV-015615,J-015615,2025-09-04,payment,267.2,card
INV-015616,J-015616,2025-09-03,payment,3175.4,check
INV-015617,J-015617,2025-09-04,payment,148.89,financing
INV-015618,J-015618,2025-08-25,payment,3677.14,check
INV-015619,J-015619,2025-09-08,payment,190.65,card
INV-015620,J-015620,2025-08-25,payment,397.95,check
INV-015621,J-015621,2025-09-02,payment,269.5,check
INV-015622,J-015622,2025-08-22,payment,258.53,card
INV-015623,J-015623,2025-08-30,payment,446.94,card
INV-015624,J-015624,2025-09-06,payment,297.54,card
INV-015625,J-015625,2025-09-04,payment,724.01,financing
INV-015626,J-015626,2025-08-29,payment,433.29,financing
INV-015627,J-015627,2025-08-24,payment,171.89,check
INV-015628,J-015628,2025-09-07,payment,283.5,financing
INV-015629,J-015629,2025-09-02,payment,3984.11,check
INV-015630,J-015630,2025-08-24,payment,346.52,card
INV-015631,J-015631,2025-08-28,payment,449.84,ach
INV-015632,J-015632,2025-09-04,payment,328.86,card
INV-015633,J-015633,2025-08-31,payment,4717.94,card
INV-015634,J-015634,2025-08-21,payment,3262.51,check
INV-015635,J-015635,2025-08-29,payment,3534.07,ach
INV-015636,J-015636,2025-08-24,payment,5702.78,check
INV-015637,J-015637,2025-09-04,payment,3409.91,check
INV-015638,J-015638,2025-09-15,payment,394.59,financing
INV-015639,J-015639,2025-08-29,payment,5074.71,card
INV-015640,J-015640,2025-08-25,payment,539.89,ach
INV-015641,J-015641,2025-09-18,payment,569.36,financing
INV-015642,J-015642,2025-08-21,payment,5131.45,card
INV-015643,J-015643,2025-09-05,payment,3429.36,check
INV-015644,J-015644,2025-09-11,payment,3986.75,card
INV-015645,J-015645,2025-09-06,payment,4609.67,financing
INV-015646,J-015646,2025-08-26,payment,4451.98,check
INV-015647,J-015647,2025-09-13,payment,5818.88,check
INV-015648,J-015648,2025-09-18,payment,3961.81,check
INV-015649,J-015649,2025-08-28,payment,365.59,financing
INV-015650,J-015650,2025-08-20,payment,212.01,check
INV-015651,J-015651,2025-08-23,payment,289.93,ach
INV-015652,J-015652,2025-08-21,payment,1052.16,card
INV-015653,J-015653,2025-08-18,payment,608.06,card
INV-015654,J-015654,2025-08-20,payment,304.84,card
INV-015655,J-015655,2025-08-19,payment,398.46,card
INV-015656,J-015656,2025-08-28,payment,452.1,card
INV-015657,J-015657,2025-08-23,payment,614.11,financing
INV-015658,J-015658,2025-08-20,payment,342.34,financing
INV-015659,J-015659,2025-08-21,payment,260.85,check
INV-015660,J-015660,2025-08-17,payment,162.05,check
INV-015661,J-015661,2025-08-19,payment,4746.55,financing
INV-015662,J-015662,2025-08-23,payment,512.35,card
INV-015663,J-015663,2025-08-21,payment,4670.49,check
INV-015664,J-015664,2025-08-22,payment,353.38,financing
INV-015665,J-015665,2025-08-17,payment,524.32,check
INV-015666,J-015666,2025-08-20,payment,224.47,ach
INV-015667,J-015667,2025-08-16,payment,779.6,card
INV-015668,J-015668,2025-08-28,payment,164.66,financing
INV-015669,J-015669,2025-08-24,payment,299.89,ach
INV-015670,J-015670,2025-08-30,payment,308.8,ach
INV-015671,J-015671,2025-08-18,payment,210.25,card
INV-015672,J-015672,2025-08-28,payment,3228.56,financing
INV-015673,J-015673,2025-08-26,payment,670.23,card
INV-015674,J-015674,2025-09-09,payment,467.94,financing
INV-015675,J-015675,2025-08-31,payment,366.48,card
INV-015676,J-015676,2025-08-26,payment,409.39,financing
INV-015677,J-015677,2025-08-22,payment,139.48,card
INV-015678,J-015678,2025-08-19,payment,348.73,check
INV-015679,J-015679,2025-08-22,payment,541.45,check
INV-015680,J-015680,2025-08-26,payment,317.59,check
INV-015681,J-015681,2025-08-21,payment,162.73,financing
INV-015682,J-015682,2025-08-21,payment,659.67,financing
INV-015683,J-015683,2025-09-02,payment,561.66,check
INV-015684,J-015684,2025-08-20,payment,353.25,financing
INV-015685,J-015685,2025-08-23,payment,649.95,ach
INV-015686,J-015686,2025-08-18,payment,376.65,financing
INV-015687,J-015687,2025-08-17,payment,225.22,card
INV-015688,J-015688,2025-08-16,payment,144.82,financing
INV-015689,J-015689,2025-08-26,payment,489.37,ach
INV-015690,J-015690,2025-08-21,payment,472.73,ach
INV-015691,J-015691,2025-08-18,payment,131.96,financing
INV-015692,J-015692,2025-08-18,payment,184.85,card
INV-015693,J-015693,2025-08-31,payment,242.62,financing
INV-015694,J-015694,2025-08-16,payment,162.44,card
INV-015695,J-015695,2025-08-19,payment,334.08,card
INV-015696,J-015696,2025-08-21,payment,665.46,check
INV-015697,J-015697,2025-08-19,payment,254.94,ach
INV-015698,J-015698,2025-08-19,payment,221.23,check
INV-015699,J-015699,2025-08-20,payment,254.81,card
INV-015700,J-015700,2025-08-19,payment,679.22,card
INV-015701,J-015701,2025-08-20,payment,674.38,card
INV-015702,J-015702,2025-08-28,payment,162.79,check
INV-015703,J-015703,2025-09-07,payment,266.85,card
INV-015704,J-015704,2025-08-22,payment,4580.03,check
INV-015705,J-015705,2025-08-29,payment,309.69,ach
INV-015706,J-015706,2025-09-02,payment,197.94,financing
INV-015707,J-015707,2025-08-31,payment,140.79,card
INV-015708,J-015708,2025-08-18,payment,4504.37,card
INV-015709,J-015709,2025-08-26,payment,173.76,financing
INV-015710,J-015710,2025-09-04,payment,6488.55,ach
INV-015711,J-015711,2025-09-12,payment,206.7,financing
INV-015712,J-015712,2025-09-11,payment,4809.43,card
INV-015713,J-015713,2025-08-22,payment,262.54,card
INV-015714,J-015714,2025-09-14,payment,134.29,card
INV-015715,J-015715,2025-08-22,payment,309.99,check
INV-015716,J-015716,2025-08-18,payment,291.92,ach
INV-015717,J-015717,2025-08-24,payment,3219.94,card
INV-015718,J-015718,2025-08-20,payment,544.28,card
INV-015719,J-015719,2025-08-31,payment,627.53,check
INV-015720,J-015720,2025-08-26,payment,144.32,check
INV-015721,J-015721,2025-08-23,payment,241.06,card
INV-015722,J-015722,2025-09-03,payment,409.71,card
INV-015723,J-015723,2025-08-26,payment,274.7,financing
INV-015724,J-015724,2025-08-21,payment,824.52,card
INV-015725,J-015725,2025-09-01,payment,264.2,card
INV-015726,J-015726,2025-08-19,payment,427.28,ach
INV-015727,J-015727,2025-08-28,payment,162.14,card
INV-015728,J-015728,2025-08-27,payment,440.51,card
INV-015729,J-015729,2025-08-29,payment,441.57,card
INV-015730,J-015730,2025-08-17,payment,3580.95,card
INV-015731,J-015731,2025-08-25,payment,717.07,card
INV-015732,J-015732,2025-08-23,payment,416.82,card
INV-015733,J-015733,2025-08-24,payment,605.51,card
INV-015734,J-015734,2025-09-02,payment,311.46,card
INV-015735,J-015735,2025-08-28,payment,244.31,check
INV-015736,J-015736,2025-09-08,payment,227.03,check
INV-015737,J-015737,2025-08-20,payment,665.39,check
INV-015738,J-015738,2025-09-01,payment,304.11,card
INV-015739,J-015739,2025-08-23,payment,299.7,financing
INV-015740,J-015740,2025-08-23,payment,624.44,financing
INV-015741,J-015741,2025-08-25,payment,827.72,card
INV-015742,J-015742,2025-08-25,payment,321.23,check
INV-015743,J-015743,2025-08-21,payment,344.96,check
INV-015744,J-015744,2025-09-01,payment,406.35,ach
INV-015745,J-015745,2025-08-29,payment,3178.2,financing
INV-015746,J-015746,2025-08-20,payment,151.8,card
INV-015747,J-015747,2025-08-30,payment,440.95,card
INV-015748,J-015748,2025-08-22,payment,333.18,card
INV-015749,J-015749,2025-08-28,payment,331.13,card
INV-015750,J-015750,2025-08-20,payment,247.04,card
INV-015751,J-015751,2025-08-24,payment,376.66,ach
INV-015752,J-015752,2025-08-19,payment,540.74,ach
INV-015753,J-015753,2025-08-23,payment,187.31,financing
INV-015754,J-015754,2025-09-10,payment,335.25,card
INV-015755,J-015755,2025-09-07,payment,4340.29,financing
INV-015756,J-015756,2025-08-26,payment,3345.6,card
INV-015757,J-015757,2025-08-18,payment,402.21,check
INV-015758,J-015758,2025-08-25,payment,443.28,ach
INV-015759,J-015759,2025-08-27,payment,205.82,check
INV-015760,J-015760,2025-08-26,payment,524.44,financing
INV-015761,J-015761,2025-08-31,payment,271.99,check
INV-015762,J-015762,2025-09-05,payment,213.22,check
INV-015763,J-015763,2025-08-26,payment,660.3,financing
INV-015764,J-015764,2025-08-31,payment,130.64,card
INV-015765,J-015765,2025-08-24,payment,4449.66,check
INV-015766,J-015766,2025-08-30,payment,3918.64,ach
INV-015767,J-015767,2025-09-07,payment,397.37,check
INV-015768,J-015768,2025-08-25,payment,586.17,ach
INV-015769,J-015769,2025-08-25,payment,465.94,card
INV-015770,J-015770,2025-08-24,payment,238.37,check
INV-015771,J-015771,2025-08-27,payment,247.51,card
INV-015772,J-015772,2025-08-26,payment,165.59,card
INV-015773,J-015773,2025-09-02,payment,153.51,ach
INV-015774,J-015774,2025-08-28,payment,4904.28,card
INV-015775,J-015775,2025-09-01,payment,124.95,card
INV-015776,J-015776,2025-08-25,payment,192.87,ach
INV-015777,J-015777,2025-08-28,payment,492.72,card
INV-015778,J-015778,2025-09-03,payment,456.95,financing
INV-015779,J-015779,2025-08-25,payment,342.73,check
INV-015780,J-015780,2025-08-31,payment,278.5,financing
INV-015781,J-015781,2025-08-29,payment,531.16,card
INV-015782,J-015782,2025-08-28,payment,153.15,financing
INV-015783,J-015783,2025-08-27,payment,241.95,card
INV-015784,J-015784,2025-09-01,payment,225.68,card
INV-015785,J-015785,2025-09-02,payment,308.24,check
INV-015786,J-015786,2025-08-22,payment,209.26,financing
INV-015787,J-015787,2025-08-26,payment,4129.59,card
INV-015788,J-015788,2025-08-27,payment,248.25,financing
INV-015789,J-015789,2025-09-04,payment,776.26,check
INV-015790,J-015790,2025-09-05,payment,567.95,ach
INV-015791,J-015791,2025-09-03,payment,344.52,card
INV-015792,J-015792,2025-08-29,payment,287.93,card
INV-015793,J-015793,2025-09-10,payment,227.21,financing
INV-015794,J-015794,2025-08-31,payment,262.76,check
INV-015795,J-015795,2025-08-25,payment,175.5,ach
INV-015796,J-015796,2025-08-27,payment,2831.04,card
INV-015797,J-015797,2025-08-28,payment,152.71,card
INV-015798,J-015798,2025-08-31,payment,406.78,financing
INV-015799,J-015799,2025-08-30,payment,448.39,check
INV-015800,J-015800,2025-09-12,payment,226.93,financing
INV-015801,J-015801,2025-09-08,payment,339.67,financing
INV-015802,J-015802,2025-08-26,payment,188.57,card
INV-015803,J-015803,2025-08-30,payment,3526.75,ach
INV-015804,J-015804,2025-08-27,payment,524.01,check
INV-015805,J-015805,2025-08-25,payment,322.27,card
INV-015806,J-015806,2025-09-10,payment,1356.44,financing
INV-015807,J-015807,2025-09-11,payment,456.17,card
INV-015808,J-015808,2025-09-01,payment,172.79,financing
INV-015809,J-015809,2025-08-28,payment,226.98,ach
INV-015810,J-015810,2025-08-27,payment,894.11,check
INV-015811,J-015811,2025-08-29,payment,325.41,card
INV-015812,J-015812,2025-08-30,payment,298.49,card
INV-015813,J-015813,2025-08-28,payment,3141.65,financing
INV-015814,J-015814,2025-08-31,payment,2652.88,card
INV-015815,J-015815,2025-09-03,payment,4888.75,financing
INV-015816,J-015816,2025-08-21,payment,3124.91,ach
INV-015817,J-015817,2025-08-27,payment,4309.79,check
INV-015818,J-015818,2025-09-04,payment,214.97,financing
INV-015819,J-015819,2025-09-15,payment,2961.21,check
INV-015820,J-015820,2025-09-06,payment,4298.88,check
INV-015821,J-015821,2025-09-05,payment,195.87,check
INV-015822,J-015822,2025-09-03,payment,3156.31,ach
INV-015823,J-015823,2025-09-15,payment,276.27,card
INV-015824,J-015824,2025-08-28,payment,560.19,card
INV-015825,J-015825,2025-08-26,payment,2543.25,card
INV-015826,J-015826,2025-09-02,payment,452.99,check
INV-015827,J-015827,2025-09-17,payment,4078.13,card
INV-015828,J-015828,2025-08-29,payment,3616.13,card
INV-015829,J-015829,2025-08-29,payment,3045.4,financing
INV-015830,J-015830,2025-08-23,payment,366.08,check
INV-015831,J-015831,2025-09-06,payment,299.81,card
INV-015832,J-015832,2025-08-31,payment,191.67,financing
INV-015833,J-015833,2025-09-04,payment,476.37,ach
INV-015834,J-015834,2025-08-29,payment,250.31,check
INV-015835,J-015835,2025-09-20,payment,3486.71,financing
INV-015836,J-015836,2025-08-30,payment,167.26,check
INV-015837,J-015837,2025-09-27,payment,5357.3,card
INV-015838,J-015838,2025-08-29,payment,525.29,card
INV-015839,J-015839,2025-08-28,payment,707.51,check
INV-015840,J-015840,2025-09-03,payment,2948.57,card
INV-015841,J-015841,2025-09-14,payment,204.59,ach
INV-015842,J-015842,2025-09-30,payment,3786.2,ach
INV-015843,J-015843,2025-08-30,payment,4664.84,ach
INV-015844,J-015844,2025-09-27,payment,323.11,check
INV-015845,J-015845,2025-09-07,payment,176.8,card
INV-015846,J-015846,2025-09-03,payment,5243.88,financing
INV-015847,J-015847,2025-08-30,payment,458.6,ach
INV-015848,J-015848,2025-09-08,payment,5119.99,card
INV-015849,J-015849,2025-09-24,payment,155.88,card
INV-015850,J-015850,2025-08-27,payment,3604.59,card
INV-015851,J-015851,2025-09-19,payment,3266.46,ach
INV-015852,J-015852,2025-09-23,payment,222.2,card
INV-015853,J-015853,2025-08-31,payment,180.84,check
INV-015854,J-015854,2025-09-01,payment,299.91,financing
INV-015855,J-015855,2025-08-31,payment,321.16,financing
INV-015856,J-015856,2025-08-27,payment,361.7,financing
INV-015857,J-015857,2025-08-25,payment,440.32,card
INV-015858,J-015858,2025-08-26,payment,195.7,card
INV-015859,J-015859,2025-09-01,payment,485.72,ach
INV-015860,J-015860,2025-08-29,payment,524.0,card
INV-015861,J-015861,2025-09-01,payment,617.72,financing
INV-015862,J-015862,2025-08-28,payment,525.58,check
INV-015863,J-015863,2025-09-06,payment,483.07,card
INV-015864,J-015864,2025-08-28,payment,581.18,financing
INV-015865,J-015865,2025-08-28,payment,417.46,card
INV-015866,J-015866,2025-09-09,payment,604.53,check
INV-015867,J-015867,2025-08-29,payment,642.78,card
INV-015868,J-015868,2025-08-28,payment,361.24,card
INV-015869,J-015869,2025-09-12,payment,485.07,card
INV-015870,J-015870,2025-08-24,payment,1269.41,ach
INV-015871,J-015871,2025-08-24,payment,713.86,card
INV-015872,J-015872,2025-08-25,payment,4733.77,card
INV-015873,J-015873,2025-09-01,payment,307.72,card
INV-015874,J-015874,2025-08-27,payment,778.61,card
INV-015875,J-015875,2025-09-03,payment,629.49,ach
INV-015876,J-015876,2025-09-03,payment,232.29,financing
INV-015877,J-015877,2025-08-29,payment,272.02,card
INV-015878,J-015878,2025-09-08,payment,381.53,card
INV-015879,J-015879,2025-08-30,payment,623.61,financing
INV-015880,J-015880,2025-08-26,payment,332.04,check
INV-015881,J-015881,2025-08-26,payment,269.9,card
INV-015882,J-015882,2025-08-26,payment,507.24,financing
INV-015883,J-015883,2025-09-05,payment,156.19,financing
INV-015884,J-015884,2025-08-23,payment,731.93,ach
INV-015885,J-015885,2025-08-25,payment,148.2,card
INV-015886,J-015886,2025-09-01,payment,4392.97,check
INV-015887,J-015887,2025-08-29,payment,453.46,card
INV-015888,J-015888,2025-08-23,payment,472.08,card
INV-015889,J-015889,2025-08-28,payment,162.15,card
INV-015890,J-015890,2025-08-30,payment,212.79,check
INV-015891,J-015891,2025-08-31,payment,135.39,financing
INV-015892,J-015892,2025-09-02,payment,476.55,card
INV-015893,J-015893,2025-09-02,payment,289.94,ach
INV-015894,J-015894,2025-08-23,payment,592.64,check
INV-015895,J-015895,2025-08-27,payment,329.75,financing
INV-015896,J-015896,2025-08-28,payment,639.93,financing
INV-015897,J-015897,2025-09-20,payment,5854.55,card
INV-015898,J-015898,2025-08-30,payment,235.17,ach
INV-015899,J-015899,2025-08-26,payment,3349.76,card
INV-015900,J-015900,2025-09-13,payment,321.28,card
INV-015901,J-015901,2025-09-18,payment,413.99,card
INV-015902,J-015902,2025-09-04,payment,5809.51,financing
INV-015903,J-015903,2025-09-22,payment,3197.16,check
INV-015904,J-015904,2025-09-03,payment,353.27,card
INV-015905,J-015905,2025-08-28,payment,131.54,card
INV-015906,J-015906,2025-09-07,payment,6207.84,ach
INV-015907,J-015907,2025-09-02,payment,912.01,card
INV-015908,J-015908,2025-09-01,payment,2855.04,card
INV-015909,J-015909,2025-09-13,payment,3088.81,financing
INV-015910,J-015910,2025-09-02,payment,197.99,ach
INV-015911,J-015911,2025-08-31,payment,353.53,financing
INV-015912,J-015912,2025-08-31,payment,611.8,check
INV-015913,J-015913,2025-08-30,payment,4333.98,ach
INV-015914,J-015914,2025-08-23,payment,415.55,check
INV-015915,J-015915,2025-08-27,payment,4476.24,card
INV-015915,J-015915,2025-09-22,refund,2481.29,card
INV-015916,J-015916,2025-09-07,payment,488.11,card
INV-015917,J-015917,2025-09-07,payment,3447.95,check
INV-015918,J-015918,2025-08-29,payment,307.85,ach
INV-015919,J-015919,2025-09-02,payment,454.99,card
INV-015920,J-015920,2025-08-30,payment,204.36,ach
INV-015921,J-015921,2025-08-29,payment,252.47,ach
INV-015922,J-015922,2025-08-31,payment,475.62,financing
INV-015923,J-015923,2025-09-03,payment,788.21,check
INV-015924,J-015924,2025-08-31,payment,235.92,ach
INV-015925,J-015925,2025-08-28,payment,302.66,check
INV-015926,J-015926,2025-09-18,payment,202.32,ach
INV-015927,J-015927,2025-09-05,payment,4896.41,card
INV-015928,J-015928,2025-09-03,payment,331.96,card
INV-015929,J-015929,2025-08-24,payment,5046.76,ach
INV-015930,J-015930,2025-08-30,payment,368.96,check
INV-015931,J-015931,2025-08-30,payment,143.03,check
INV-015932,J-015932,2025-08-28,payment,2957.32,check
INV-015933,J-015933,2025-08-22,payment,735.55,financing
INV-015934,J-015934,2025-08-30,payment,185.37,check
INV-015935,J-015935,2025-09-06,payment,219.54,card
INV-015936,J-015936,2025-08-30,payment,410.79,ach
INV-015937,J-015937,2025-08-25,payment,409.71,check
INV-015938,J-015938,2025-08-28,payment,2660.8,check
INV-015939,J-015939,2025-09-20,payment,339.74,card
INV-015940,J-015940,2025-08-23,payment,196.94,check
INV-015941,J-015941,2025-08-26,payment,3785.76,financing
INV-015942,J-015942,2025-08-29,payment,288.77,card
INV-015943,J-015943,2025-09-27,payment,279.86,check
INV-015944,J-015944,2025-09-03,payment,397.08,financing
INV-015945,J-015945,2025-09-01,payment,682.77,card
INV-015946,J-015946,2025-09-05,payment,386.2,check
INV-015947,J-015947,2025-09-01,payment,168.95,financing
INV-015948,J-015948,2025-09-02,payment,300.01,ach
INV-015949,J-015949,2025-09-04,payment,278.68,card
INV-015950,J-015950,2025-09-08,payment,175.29,card
INV-015951,J-015951,2025-09-07,payment,377.58,card
INV-015952,J-015952,2025-09-03,payment,3247.03,card
INV-015953,J-015953,2025-08-31,payment,303.41,check
INV-015954,J-015954,2025-09-06,payment,340.23,ach
INV-015955,J-015955,2025-09-04,payment,270.45,card
INV-015956,J-015956,2025-09-09,payment,332.78,ach
INV-015957,J-015957,2025-09-16,payment,254.9,card
INV-015958,J-015958,2025-09-12,payment,286.79,card
INV-015959,J-015959,2025-09-08,payment,379.68,check
INV-015960,J-015960,2025-09-04,payment,598.17,card
INV-015961,J-015961,2025-09-01,payment,2942.77,check
INV-015962,J-015962,2025-08-29,payment,268.6,ach
INV-015963,J-015963,2025-09-04,payment,3730.33,card
INV-015964,J-015964,2025-09-02,payment,119.23,check
INV-015965,J-015965,2025-09-03,payment,294.32,ach
INV-015966,J-015966,2025-09-06,payment,189.73,financing
INV-015967,J-015967,2025-09-05,payment,248.62,card
INV-015968,J-015968,2025-09-01,payment,306.75,ach
INV-015969,J-015969,2025-09-01,payment,198.82,check
INV-015970,J-015970,2025-08-31,payment,185.53,card
INV-015971,J-015971,2025-09-09,payment,373.62,ach
INV-015972,J-015972,2025-09-01,payment,475.6,card
INV-015973,J-015973,2025-09-10,payment,561.92,card
INV-015974,J-015974,2025-09-21,payment,513.55,card
INV-015975,J-015975,2025-08-29,payment,4011.75,financing
INV-015975,J-015975,2025-09-28,refund,3861.63,card
INV-015976,J-015976,2025-09-14,payment,476.57,check
INV-015977,J-015977,2025-09-06,payment,200.96,check
INV-015978,J-015978,2025-09-05,payment,171.33,card
INV-015979,J-015979,2025-08-30,payment,690.78,ach
INV-015980,J-015980,2025-09-14,payment,343.89,card
INV-015981,J-015981,2025-09-02,payment,165.77,card
INV-015982,J-015982,2025-09-05,payment,419.42,financing
INV-015983,J-015983,2025-09-04,payment,319.89,ach
INV-015984,J-015984,2025-09-19,payment,508.1,check
INV-015985,J-015985,2025-09-08,payment,493.43,financing
INV-015986,J-015986,2025-09-01,payment,891.97,check
INV-015987,J-015987,2025-09-05,payment,413.85,card
INV-015988,J-015988,2025-09-09,payment,256.22,check
INV-015989,J-015989,2025-09-02,payment,197.83,check
INV-015990,J-015990,2025-09-12,payment,253.52,financing
INV-015991,J-015991,2025-09-08,payment,394.79,financing
INV-015992,J-015992,2025-09-20,payment,3715.31,check
INV-015993,J-015993,2025-09-01,payment,220.84,financing
INV-015994,J-015994,2025-09-12,payment,2606.03,check
INV-015995,J-015995,2025-09-20,payment,570.4,card
INV-015996,J-015996,2025-09-07,payment,610.94,check
INV-015997,J-015997,2025-09-03,payment,225.97,card
INV-015998,J-015998,2025-09-05,payment,372.64,check
INV-015999,J-015999,2025-08-31,payment,268.59,card
INV-016000,J-016000,2025-09-12,payment,825.08,financing
INV-016001,J-016001,2025-09-02,payment,3889.57,card
INV-016002,J-016002,2025-09-16,payment,5757.49,check
INV-016003,J-016003,2025-09-14,payment,3576.52,card
INV-016004,J-016004,2025-09-23,payment,3535.55,ach
INV-016005,J-016005,2025-09-26,payment,4890.29,card
INV-016006,J-016006,2025-09-11,payment,188.95,financing
INV-016007,J-016007,2025-09-28,payment,3643.92,ach
INV-016008,J-016008,2025-09-17,payment,3572.75,card
INV-016009,J-016009,2025-09-06,payment,3911.95,financing
INV-016010,J-016010,2025-08-30,payment,411.94,ach
INV-016011,J-016011,2025-09-08,payment,532.22,card
INV-016012,J-016012,2025-09-07,payment,437.52,financing
INV-016013,J-016013,2025-09-03,payment,264.92,card
INV-016014,J-016014,2025-08-31,payment,719.38,card
INV-016015,J-016015,2025-08-31,payment,249.55,card
INV-016016,J-016016,2025-09-02,payment,679.42,card
INV-016017,J-016017,2025-09-14,payment,165.49,card
INV-016018,J-016018,2025-09-03,payment,348.48,check
INV-016019,J-016019,2025-09-04,payment,299.15,financing
INV-016020,J-016020,2025-09-04,payment,569.49,card
INV-016021,J-016021,2025-09-03,payment,304.54,ach
INV-016022,J-016022,2025-09-02,payment,529.95,card
INV-016023,J-016023,2025-09-05,payment,434.37,card
INV-016024,J-016024,2025-08-30,payment,298.35,card
INV-016025,J-016025,2025-09-02,payment,354.63,card
INV-016026,J-016026,2025-09-03,payment,372.3,ach
INV-016027,J-016027,2025-09-03,payment,291.89,ach
INV-016028,J-016028,2025-09-08,payment,339.14,ach
INV-016029,J-016029,2025-08-31,payment,584.51,financing
INV-016030,J-016030,2025-09-03,payment,1073.56,check
INV-016031,J-016031,2025-09-01,payment,135.37,financing
INV-016032,J-016032,2025-09-09,payment,1065.76,financing
INV-016033,J-016033,2025-09-03,payment,358.85,check
INV-016034,J-016034,2025-08-31,payment,503.69,card
INV-016035,J-016035,2025-09-04,payment,211.23,financing
INV-016036,J-016036,2025-09-05,payment,706.7,ach
INV-016037,J-016037,2025-09-04,payment,441.1,ach
INV-016038,J-016038,2025-09-01,payment,562.85,card
INV-016039,J-016039,2025-09-05,payment,227.26,card
INV-016040,J-016040,2025-09-07,payment,292.04,card
INV-016041,J-016041,2025-09-02,payment,589.35,check
INV-016042,J-016042,2025-09-02,payment,377.3,check
INV-016043,J-016043,2025-08-30,payment,287.33,check
INV-016044,J-016044,2025-09-03,payment,655.32,financing
INV-016045,J-016045,2025-09-07,payment,168.11,financing
INV-016046,J-016046,2025-08-31,payment,4921.32,check
INV-016047,J-016047,2025-09-04,payment,500.25,financing
INV-016048,J-016048,2025-09-12,payment,333.14,card
INV-016049,J-016049,2025-09-03,payment,289.41,card
INV-016050,J-016050,2025-09-03,payment,462.75,card
INV-016051,J-016051,2025-08-30,payment,274.43,ach
INV-016052,J-016052,2025-09-09,payment,400.9,card
INV-016053,J-016053,2025-09-21,payment,184.33,card
INV-016054,J-016054,2025-09-12,payment,2724.8,financing
INV-016055,J-016055,2025-09-14,payment,4070.97,ach
INV-016056,J-016056,2025-09-03,payment,411.35,ach
INV-016057,J-016057,2025-09-21,payment,2315.74,ach
INV-016058,J-016058,2025-09-27,payment,440.36,financing
INV-016059,J-016059,2025-09-03,payment,189.75,check
INV-016060,J-016060,2025-09-12,payment,3715.03,financing
INV-016061,J-016061,2025-09-10,payment,774.95,financing
INV-016062,J-016062,2025-08-30,payment,303.71,financing
INV-016063,J-016063,2025-09-07,payment,378.82,financing
INV-016064,J-016064,2025-09-05,payment,3620.3,card
INV-016065,J-016065,2025-09-10,payment,351.18,card
INV-016066,J-016066,2025-09-11,payment,441.99,ach
INV-016067,J-016067,2025-09-08,payment,423.73,check
INV-016068,J-016068,2025-09-17,payment,475.14,card
INV-016069,J-016069,2025-09-04,payment,559.13,ach
INV-016070,J-016070,2025-09-06,payment,415.51,card
INV-016071,J-016071,2025-09-09,payment,208.26,check
INV-016072,J-016072,2025-09-07,payment,726.83,check
INV-016073,J-016073,2025-09-13,payment,247.32,card
INV-016074,J-016074,2025-09-06,payment,3386.67,ach
INV-016075,J-016075,2025-09-10,payment,4035.26,card
INV-016076,J-016076,2025-09-21,payment,172.82,card
INV-016077,J-016077,2025-09-28,payment,561.37,check
INV-016078,J-016078,2025-09-13,payment,364.83,card
INV-016079,J-016079,2025-09-05,payment,151.87,financing
INV-016080,J-016080,2025-09-08,payment,5083.52,card
INV-016081,J-016081,2025-09-19,payment,287.42,financing
INV-016082,J-016082,2025-09-05,payment,4021.4,card
INV-016083,J-016083,2025-09-14,payment,266.9,check
INV-016084,J-016084,2025-09-17,payment,266.93,card
INV-016085,J-016085,2025-09-16,payment,845.17,financing
INV-016086,J-016086,2025-09-06,payment,324.93,card
INV-016087,J-016087,2025-09-16,payment,702.22,card
INV-016088,J-016088,2025-09-09,payment,271.1,card
INV-016089,J-016089,2025-09-12,payment,242.85,ach
INV-016090,J-016090,2025-09-16,payment,519.25,financing
INV-016091,J-016091,2025-09-01,payment,221.05,card
INV-016092,J-016092,2025-09-09,payment,208.96,check
INV-016093,J-016093,2025-09-09,payment,871.12,card
INV-016094,J-016094,2025-09-13,payment,3021.55,financing
INV-016095,J-016095,2025-09-03,payment,231.08,card
INV-016096,J-016096,2025-09-18,payment,436.63,card
INV-016097,J-016097,2025-09-10,payment,148.18,card
INV-016098,J-016098,2025-09-04,payment,2703.77,financing
INV-016099,J-016099,2025-09-14,payment,4004.52,card
INV-016100,J-016100,2025-09-07,payment,303.11,check
INV-016101,J-016101,2025-09-03,payment,558.11,card
INV-016102,J-016102,2025-09-20,payment,6697.18,card
INV-016103,J-016103,2025-09-03,payment,254.12,financing
INV-016104,J-016104,2025-09-13,payment,345.01,financing
INV-016105,J-016105,2025-09-15,payment,559.97,ach
INV-016106,J-016106,2025-09-09,payment,203.24,card
INV-016107,J-016107,2025-09-05,payment,682.0,card
INV-016108,J-016108,2025-09-03,payment,211.15,ach
INV-016109,J-016109,2025-09-15,payment,574.52,financing
INV-016110,J-016110,2025-09-13,payment,334.49,ach
INV-016111,J-016111,2025-09-11,payment,265.36,check
INV-016112,J-016112,2025-09-10,payment,712.25,ach
INV-016113,J-016113,2025-09-10,payment,350.92,card
INV-016114,J-016114,2025-09-07,payment,198.7,check
INV-016115,J-016115,2025-09-09,payment,678.12,ach
INV-016116,J-016116,2025-09-13,payment,387.91,ach
INV-016117,J-016117,2025-09-09,payment,470.51,financing
INV-016118,J-016118,2025-09-28,payment,325.66,card
INV-016119,J-016119,2025-09-10,payment,217.55,card
INV-016120,J-016120,2025-09-09,payment,339.43,ach
INV-016121,J-016121,2025-09-09,payment,3340.57,ach
INV-016122,J-016122,2025-09-09,payment,182.06,check
INV-016123,J-016123,2025-09-29,payment,379.65,check
INV-016124,J-016124,2025-09-10,payment,675.72,ach
INV-016125,J-016125,2025-09-09,payment,395.36,check
INV-016126,J-016126,2025-09-18,payment,3867.27,card
INV-016127,J-016127,2025-09-12,payment,167.03,card
INV-016128,J-016128,2025-09-12,payment,403.63,ach
INV-016129,J-016129,2025-09-07,payment,228.04,card
INV-016130,J-016130,2025-09-11,payment,175.91,card
INV-016131,J-016131,2025-09-09,payment,3521.11,ach
INV-016132,J-016132,2025-09-13,payment,3901.2,card
INV-016133,J-016133,2025-09-24,payment,5804.45,card
INV-016134,J-016134,2025-09-09,payment,163.67,ach
INV-016135,J-016135,2025-09-11,payment,270.96,financing
INV-016136,J-016136,2025-09-16,payment,556.59,card
INV-016137,J-016137,2025-09-12,payment,786.62,financing
INV-016138,J-016138,2025-09-06,payment,222.44,check
INV-016139,J-016139,2025-09-12,payment,319.92,card
INV-016140,J-016140,2025-09-08,payment,195.9,card
INV-016141,J-016141,2025-09-15,payment,850.97,card
INV-016142,J-016142,2025-09-08,payment,482.9,financing
INV-016143,J-016143,2025-09-16,payment,344.34,financing
INV-016144,J-016144,2025-09-06,payment,322.47,check
INV-016145,J-016145,2025-09-08,payment,292.86,check
INV-016146,J-016146,2025-09-07,payment,3919.76,ach
INV-016147,J-016147,2025-09-12,payment,374.3,card
INV-016148,J-016148,2025-09-16,payment,458.84,card
INV-016149,J-016149,2025-09-10,payment,372.03,financing
INV-016150,J-016150,2025-09-10,payment,307.97,card
INV-016151,J-016151,2025-09-11,payment,3343.68,card
INV-016152,J-016152,2025-09-21,payment,1151.01,card
INV-016153,J-016153,2025-09-12,payment,532.05,financing
INV-016154,J-016154,2025-09-13,payment,374.84,card
INV-016155,J-016155,2025-09-12,payment,149.92,card
INV-016156,J-016156,2025-09-11,payment,208.17,check
INV-016157,J-016157,2025-09-18,payment,269.87,check
INV-016158,J-016158,2025-09-18,payment,661.52,check
INV-016159,J-016159,2025-09-17,payment,355.34,ach
INV-016160,J-016160,2025-09-11,payment,112.97,card
INV-016161,J-016161,2025-09-13,payment,403.12,card
INV-016162,J-016162,2025-09-13,payment,3368.47,ach
INV-016163,J-016163,2025-09-13,payment,173.19,financing
INV-016164,J-016164,2025-09-11,payment,143.22,card
INV-016165,J-016165,2025-09-21,payment,255.79,card
INV-016166,J-016166,2025-09-18,payment,4290.01,financing
INV-016167,J-016167,2025-09-18,payment,329.32,card
INV-016168,J-016168,2025-09-08,payment,358.27,check
INV-016169,J-016169,2025-09-15,payment,4864.41,ach
INV-016170,J-016170,2025-09-12,payment,811.16,financing
INV-016171,J-016171,2025-09-27,payment,270.07,card
INV-016172,J-016172,2025-09-18,payment,1423.84,financing
INV-016173,J-016173,2025-09-10,payment,721.21,check
INV-016174,J-016174,2025-09-18,payment,4640.18,check
INV-016175,J-016175,2025-09-20,payment,388.34,ach
INV-016176,J-016176,2025-09-25,payment,565.57,financing
INV-016177,J-016177,2025-09-20,payment,477.03,financing
INV-016178,J-016178,2025-09-21,payment,5983.2,ach
INV-016179,J-016179,2025-09-05,payment,290.86,card
INV-016180,J-016180,2025-09-07,payment,472.95,ach
INV-016181,J-016181,2025-09-14,payment,237.6,ach
INV-016182,J-016182,2025-09-16,payment,511.42,check
INV-016183,J-016183,2025-09-17,payment,4721.73,financing
INV-016184,J-016184,2025-09-28,payment,555.65,financing
INV-016185,J-016185,2025-09-27,payment,618.87,check
INV-016186,J-016186,2025-09-18,payment,584.89,ach
INV-016187,J-016187,2025-09-15,payment,167.89,financing
INV-016188,J-016188,2025-09-16,payment,3013.68,card
INV-016189,J-016189,2025-09-13,payment,257.36,card
INV-016190,J-016190,2025-09-14,payment,4465.82,check
INV-016191,J-016191,2025-09-15,payment,230.48,financing
INV-016192,J-016192,2025-09-21,payment,247.73,check
INV-016193,J-016193,2025-09-09,payment,3964.28,card
INV-016194,J-016194,2025-09-15,payment,246.21,card
INV-016195,J-016195,2025-09-20,payment,554.12,card
INV-016196,J-016196,2025-09-21,payment,3153.04,card
INV-016197,J-016197,2025-09-18,payment,4011.32,card
INV-016198,J-016198,2025-09-08,payment,3606.7,card
INV-016199,J-016199,2025-09-27,payment,197.77,check
INV-016200,J-016200,2025-09-17,payment,6298.12,card
INV-016201,J-016201,2025-09-13,payment,3037.63,card
INV-016202,J-016202,2025-09-12,payment,3651.47,card
INV-016203,J-016203,2025-09-24,payment,3460.15,check
INV-016204,J-016204,2025-09-20,payment,5363.58,card
INV-016205,J-016205,2025-09-09,payment,3892.21,financing
INV-016206,J-016206,2025-09-25,payment,274.23,ach
INV-016207,J-016207,2025-09-30,payment,336.7,financing
INV-016208,J-016208,2025-09-08,payment,514.38,card
INV-016209,J-016209,2025-09-19,payment,267.56,financing
INV-016210,J-016210,2025-09-13,payment,312.52,card
INV-016211,J-016211,2025-09-12,payment,149.8,ach
INV-016212,J-016212,2025-09-13,payment,693.99,card
INV-016213,J-016213,2025-09-14,payment,128.12,card
INV-016214,J-016214,2025-09-11,payment,360.25,ach
INV-016215,J-016215,2025-09-15,payment,307.2,ach
INV-016216,J-016216,2025-09-14,payment,500.74,card
INV-016217,J-016217,2025-09-15,payment,111.92,check
INV-016218,J-016218,2025-09-16,payment,385.22,ach
INV-016219,J-016219,2025-09-15,payment,389.54,card
INV-016220,J-016220,2025-09-09,payment,143.83,financing
INV-016221,J-016221,2025-09-15,payment,432.59,card
INV-016222,J-016222,2025-09-15,payment,467.85,financing
INV-016223,J-016223,2025-09-13,payment,384.37,card
INV-016224,J-016224,2025-09-06,payment,3024.01,ach
INV-016225,J-016225,2025-09-23,payment,310.23,card
INV-016226,J-016226,2025-09-06,payment,731.84,card
INV-016227,J-016227,2025-09-10,payment,404.92,ach
INV-016228,J-016228,2025-09-14,payment,184.71,financing
INV-016229,J-016229,2025-09-07,payment,311.54,card
INV-016230,J-016230,2025-09-07,payment,383.06,ach
INV-016231,J-016231,2025-09-13,payment,323.77,card
INV-016232,J-016232,2025-09-12,payment,502.28,financing
INV-016233,J-016233,2025-09-07,payment,381.56,card
INV-016234,J-016234,2025-09-06,payment,238.02,check
INV-016235,J-016235,2025-09-05,payment,170.16,card
INV-016236,J-016236,2025-09-13,payment,533.53,card
INV-016237,J-016237,2025-09-15,payment,238.37,card
INV-016238,J-016238,2025-09-10,payment,274.84,financing
INV-016239,J-016239,2025-09-11,payment,268.99,financing
INV-016240,J-016240,2025-09-11,payment,300.97,check
INV-016241,J-016241,2025-09-16,payment,486.46,financing
INV-016242,J-016242,2025-09-15,payment,543.97,ach
INV-016243,J-016243,2025-09-10,payment,4115.07,card
INV-016244,J-016244,2025-09-19,payment,433.46,check
INV-016245,J-016245,2025-09-17,payment,651.86,financing
INV-016246,J-016246,2025-09-11,payment,3942.42,card
INV-016247,J-016247,2025-09-11,payment,582.73,card
INV-016248,J-016248,2025-09-13,payment,521.62,card
INV-016249,J-016249,2025-09-08,payment,273.55,card
INV-016250,J-016250,2025-09-08,payment,5127.91,card
INV-016251,J-016251,2025-09-11,payment,329.95,check
INV-016252,J-016252,2025-09-09,payment,397.97,financing
INV-016253,J-016253,2025-09-19,payment,416.01,check
INV-016254,J-016254,2025-09-15,payment,139.0,card
INV-016255,J-016255,2025-09-20,payment,3674.69,financing
INV-016256,J-016256,2025-09-18,payment,528.55,ach
INV-016257,J-016257,2025-09-13,payment,465.56,check
INV-016258,J-016258,2025-09-22,payment,4657.15,ach
INV-016259,J-016259,2025-09-24,payment,309.62,card
INV-016260,J-016260,2025-09-13,payment,3592.51,card
INV-016261,J-016261,2025-09-12,payment,349.3,ach
INV-016262,J-016262,2025-09-09,payment,3345.87,ach
INV-016263,J-016263,2025-09-18,payment,510.83,financing
INV-016264,J-016264,2025-09-21,payment,567.67,ach
INV-016265,J-016265,2025-09-13,payment,365.61,financing
INV-016266,J-016266,2025-09-14,payment,922.99,check
INV-016267,J-016267,2025-09-19,payment,145.68,ach
INV-016268,J-016268,2025-09-11,payment,256.18,check
INV-016269,J-016269,2025-09-27,payment,803.8,ach
INV-016270,J-016270,2025-09-18,payment,553.21,card
INV-016271,J-016271,2025-09-13,payment,591.19,ach
INV-016272,J-016272,2025-09-11,payment,161.71,check
INV-016273,J-016273,2025-09-16,payment,3865.23,financing
INV-016274,J-016274,2025-09-08,payment,6848.19,card
INV-016275,J-016275,2025-09-17,payment,3889.96,check
INV-016276,J-016276,2025-09-11,payment,377.51,ach
INV-016277,J-016277,2025-09-15,payment,377.19,card
INV-016278,J-016278,2025-09-18,payment,380.96,card
INV-016279,J-016279,2025-09-20,payment,3160.31,card
INV-016280,J-016280,2025-09-18,payment,3928.17,ach
INV-016281,J-016281,2025-09-22,payment,4841.12,financing
INV-016282,J-016282,2025-09-11,payment,280.98,card
INV-016283,J-016283,2025-09-10,payment,123.75,ach
INV-016284,J-016284,2025-09-15,payment,382.58,check
INV-016285,J-016285,2025-09-10,payment,376.78,ach
INV-016286,J-016286,2025-09-14,payment,720.46,check
INV-016287,J-016287,2025-09-19,payment,238.97,card
INV-016288,J-016288,2025-09-23,payment,387.41,ach
INV-016289,J-016289,2025-09-06,payment,124.74,financing
INV-016290,J-016290,2025-09-11,payment,3186.29,card
INV-016291,J-016291,2025-09-15,payment,350.85,card
INV-016292,J-016292,2025-09-13,payment,159.61,financing
INV-016293,J-016293,2025-09-24,payment,477.34,check
INV-016294,J-016294,2025-09-24,payment,1829.18,card
INV-016295,J-016295,2025-09-09,payment,323.55,ach
INV-016296,J-016296,2025-09-14,payment,137.17,ach
INV-016297,J-016297,2025-09-10,payment,203.27,financing
INV-016298,J-016298,2025-09-15,payment,407.93,ach
INV-016299,J-016299,2025-09-11,payment,381.26,check
INV-016300,J-016300,2025-09-10,payment,389.7,card
INV-016301,J-016301,2025-09-29,payment,479.37,ach
INV-016302,J-016302,2025-09-16,payment,561.43,ach
INV-016303,J-016303,2025-09-20,payment,682.17,check
INV-016304,J-016304,2025-09-10,payment,3067.99,card
INV-016305,J-016305,2025-09-14,payment,184.7,financing
INV-016306,J-016306,2025-09-17,payment,685.98,card
INV-016307,J-016307,2025-09-14,payment,279.86,financing
INV-016308,J-016308,2025-09-21,payment,483.94,ach
INV-016309,J-016309,2025-09-13,payment,135.7,card
INV-016310,J-016310,2025-09-21,payment,152.64,card
INV-016311,J-016311,2025-09-17,payment,143.35,ach
INV-016312,J-016312,2025-09-16,payment,657.58,card
INV-016313,J-016313,2025-09-23,payment,691.1,financing
INV-016314,J-016314,2025-09-29,payment,359.15,card
INV-016315,J-016315,2025-09-14,payment,347.4,card
INV-016316,J-016316,2025-09-14,payment,692.84,card
INV-016317,J-016317,2025-09-15,payment,771.39,check
INV-016318,J-016318,2025-09-26,payment,4538.04,card
INV-016319,J-016319,2025-09-20,payment,156.14,ach
INV-016320,J-016320,2025-09-16,payment,226.83,card
INV-016321,J-016321,2025-09-18,payment,136.26,card
INV-016322,J-016322,2025-09-18,payment,341.22,card
INV-016323,J-016323,2025-09-16,payment,200.87,financing
INV-016324,J-016324,2025-09-25,payment,445.84,check
INV-016325,J-016325,2025-09-17,payment,4735.74,financing
INV-016326,J-016326,2025-09-22,payment,230.2,ach
INV-016327,J-016327,2025-09-19,payment,587.42,check
INV-016328,J-016328,2025-09-26,payment,464.12,card
INV-016329,J-016329,2025-09-13,payment,471.99,financing
INV-016330,J-016330,2025-09-21,payment,317.06,check
INV-016331,J-016331,2025-09-14,payment,181.88,card
INV-016332,J-016332,2025-09-15,payment,4692.26,card
INV-016333,J-016333,2025-09-18,payment,471.42,card
INV-016334,J-016334,2025-09-23,payment,586.56,card
INV-016335,J-016335,2025-09-15,payment,501.88,ach
INV-016336,J-016336,2025-09-19,payment,150.77,card
INV-016337,J-016337,2025-09-19,payment,506.64,card
INV-016338,J-016338,2025-09-21,payment,445.35,card
INV-016339,J-016339,2025-09-30,payment,205.29,financing
INV-016340,J-016340,2025-09-28,payment,368.23,card
INV-016341,J-016341,2025-09-19,payment,502.41,card
INV-016342,J-016342,2025-09-30,payment,442.25,ach
INV-016343,J-016343,2025-09-13,payment,330.25,check
INV-016344,J-016344,2025-09-12,payment,374.2,card
INV-016345,J-016345,2025-09-17,payment,664.35,financing
INV-016346,J-016346,2025-09-15,payment,516.77,financing
INV-016347,J-016347,2025-09-23,payment,339.4,ach
INV-016348,J-016348,2025-09-22,payment,825.19,ach
INV-016349,J-016349,2025-09-27,payment,2652.49,card
INV-016350,J-016350,2025-09-16,payment,303.77,financing
INV-016351,J-016351,2025-09-19,payment,296.81,check
INV-016352,J-016352,2025-09-23,payment,396.38,financing
INV-016353,J-016353,2025-09-20,payment,274.04,financing
INV-016354,J-016354,2025-09-19,payment,378.25,card
INV-016355,J-016355,2025-09-14,payment,4424.28,card
INV-016356,J-016356,2025-09-23,payment,236.39,financing
INV-016357,J-016357,2025-09-17,payment,337.9,ach
INV-016358,J-016358,2025-09-22,payment,125.49,card
INV-016359,J-016359,2025-09-23,payment,697.05,check
INV-016360,J-016360,2025-09-28,payment,128.23,financing
INV-016361,J-016361,2025-09-21,payment,286.05,card
INV-016362,J-016362,2025-09-14,payment,3655.22,ach
INV-016363,J-016363,2025-09-27,payment,3194.92,card
INV-016364,J-016364,2025-09-17,payment,377.99,financing
INV-016365,J-016365,2025-09-25,payment,259.89,check
INV-016366,J-016366,2025-09-22,payment,235.74,card
INV-016367,J-016367,2025-09-27,payment,609.62,card
INV-016368,J-016368,2025-09-29,payment,338.22,card
INV-016369,J-016369,2025-09-29,payment,697.0,check
INV-016370,J-016370,2025-09-16,payment,380.68,financing
INV-016371,J-016371,2025-09-15,payment,5642.74,check
INV-016372,J-016372,2025-09-16,payment,165.77,card
INV-016373,J-016373,2025-09-30,payment,6657.76,financing
INV-016374,J-016374,2025-09-26,payment,663.99,card
INV-016375,J-016375,2025-09-11,payment,469.71,card
INV-016376,J-016376,2025-09-18,payment,489.31,card
INV-016377,J-016377,2025-09-24,payment,386.51,card
INV-016378,J-016378,2025-09-12,payment,225.89,check
INV-016379,J-016379,2025-09-20,payment,142.86,card
INV-016380,J-016380,2025-09-17,payment,262.45,card
INV-016381,J-016381,2025-09-15,payment,706.17,financing
INV-016382,J-016382,2025-09-21,payment,724.86,ach
INV-016383,J-016383,2025-09-22,payment,314.49,card
INV-016384,J-016384,2025-09-18,payment,345.91,card
INV-016385,J-016385,2025-09-16,payment,371.46,card
INV-016386,J-016386,2025-09-23,payment,568.83,ach
INV-016387,J-016387,2025-09-30,payment,219.05,check
INV-016388,J-016388,2025-09-17,payment,510.3,card
INV-016389,J-016389,2025-09-22,payment,244.57,card
INV-016390,J-016390,2025-09-17,payment,358.85,ach
INV-016391,J-016391,2025-09-21,payment,614.08,card
INV-016392,J-016392,2025-09-25,payment,203.85,ach
INV-016393,J-016393,2025-09-24,payment,420.01,card
INV-016394,J-016394,2025-09-19,payment,226.55,check
INV-016395,J-016395,2025-09-19,payment,152.52,card
INV-016396,J-016396,2025-09-17,payment,657.22,card
INV-016397,J-016397,2025-09-19,payment,201.51,check
INV-016398,J-016398,2025-09-30,payment,323.97,check
INV-016399,J-016399,2025-09-17,payment,144.08,check
INV-016400,J-016400,2025-09-22,payment,266.61,check
INV-016401,J-016401,2025-09-17,payment,217.72,card
INV-016402,J-016402,2025-09-15,payment,463.21,financing
INV-016403,J-016403,2025-09-20,payment,639.23,ach
INV-016404,J-016404,2025-09-21,payment,441.56,financing
INV-016405,J-016405,2025-09-23,payment,178.57,check
INV-016406,J-016406,2025-09-23,payment,171.6,financing
INV-016407,J-016407,2025-09-13,payment,465.92,card
INV-016408,J-016408,2025-09-30,payment,4352.75,check
INV-016409,J-016409,2025-09-22,payment,374.62,card
INV-016410,J-016410,2025-09-21,payment,899.02,ach
INV-016411,J-016411,2025-09-23,payment,395.59,ach
INV-016412,J-016412,2025-09-21,payment,325.99,financing
INV-016413,J-016413,2025-09-20,payment,330.72,financing
INV-016414,J-016414,2025-09-23,payment,3778.94,financing
INV-016415,J-016415,2025-09-21,payment,3620.44,card
INV-016416,J-016416,2025-09-17,payment,375.69,card
INV-016417,J-016417,2025-09-20,payment,184.25,card
INV-016418,J-016418,2025-09-16,payment,235.86,ach
INV-016419,J-016419,2025-09-20,payment,190.76,card
INV-016420,J-016420,2025-09-24,payment,304.66,ach
INV-016421,J-016421,2025-09-24,payment,242.63,card
INV-016422,J-016422,2025-09-16,payment,3654.32,check
INV-016423,J-016423,2025-09-22,payment,479.88,check
INV-016424,J-016424,2025-09-26,payment,271.16,card
INV-016425,J-016425,2025-09-22,payment,163.85,ach
INV-016426,J-016426,2025-09-25,payment,4089.86,card
INV-016427,J-016427,2025-09-19,payment,186.02,card
INV-016428,J-016428,2025-09-21,payment,294.56,ach
INV-016429,J-016429,2025-09-28,payment,4900.67,financing
INV-016430,J-016430,2025-09-17,payment,286.01,card
INV-016431,J-016431,2025-09-19,payment,168.48,card
INV-016432,J-016432,2025-09-15,payment,197.3,card
INV-016433,J-016433,2025-09-20,payment,529.8,card
INV-016434,J-016434,2025-09-24,payment,267.79,financing
INV-016435,J-016435,2025-09-16,payment,652.79,ach
INV-016436,J-016436,2025-09-14,payment,265.32,financing
INV-016437,J-016437,2025-09-23,payment,416.36,card
INV-016438,J-016438,2025-09-27,payment,6516.91,financing
INV-016439,J-016439,2025-09-15,payment,476.39,ach
INV-016440,J-016440,2025-09-19,payment,278.07,financing
INV-016441,J-016441,2025-09-18,payment,190.19,financing
INV-016442,J-016442,2025-09-23,payment,271.25,card
INV-016443,J-016443,2025-09-22,payment,2963.96,card
INV-016444,J-016444,2025-09-16,payment,330.87,ach
INV-016445,J-016445,2025-09-23,payment,308.5,financing
INV-016446,J-016446,2025-09-20,payment,263.42,ach
INV-016447,J-016447,2025-09-29,payment,272.82,ach
INV-016448,J-016448,2025-09-20,payment,114.42,check
INV-016449,J-016449,2025-09-19,payment,300.68,financing
INV-016450,J-016450,2025-09-19,payment,430.5,financing
INV-016451,J-016451,2025-09-23,payment,566.26,card
INV-016452,J-016452,2025-09-27,payment,155.59,card
INV-016453,J-016453,2025-09-23,payment,188.0,check
INV-016454,J-016454,2025-09-26,payment,693.0,check
INV-016455,J-016455,2025-09-24,payment,4889.47,check
INV-016456,J-016456,2025-09-23,payment,237.53,card
INV-016457,J-016457,2025-09-28,payment,227.36,card
INV-016458,J-016458,2025-09-28,payment,332.8,financing
INV-016459,J-016459,2025-09-28,payment,316.03,ach
INV-016460,J-016460,2025-09-29,payment,225.45,check
INV-016461,J-016461,2025-09-29,payment,138.86,ach
INV-016462,J-016462,2025-09-28,payment,504.05,card
INV-016463,J-016463,2025-09-28,payment,472.73,ach
INV-016464,J-016464,2025-09-23,payment,205.87,check
INV-016465,J-016465,2025-09-24,payment,320.25,check
INV-016466,J-016466,2025-09-29,payment,152.17,check
INV-016467,J-016467,2025-09-23,payment,598.85,ach
INV-016468,J-016468,2025-09-29,payment,162.61,card
INV-016469,J-016469,2025-09-20,payment,195.9,check
INV-016470,J-016470,2025-09-25,payment,389.36,check
INV-016471,J-016471,2025-09-27,payment,282.96,ach
INV-016472,J-016472,2025-09-30,payment,183.67,financing
INV-016473,J-016473,2025-09-27,payment,146.49,card
INV-016474,J-016474,2025-09-26,payment,1880.83,card
INV-016475,J-016475,2025-09-18,payment,651.41,ach
INV-016476,J-016476,2025-09-21,payment,705.47,check
INV-016477,J-016477,2025-09-26,payment,204.74,card
INV-016478,J-016478,2025-09-27,payment,195.99,check
INV-016479,J-016479,2025-09-30,payment,575.03,check
INV-016480,J-016480,2025-09-30,payment,1001.22,card
INV-016481,J-016481,2025-09-21,payment,317.46,card
INV-016482,J-016482,2025-09-22,payment,192.79,card
INV-016483,J-016483,2025-09-28,payment,375.62,check
INV-016484,J-016484,2025-09-24,payment,141.17,financing
INV-016485,J-016485,2025-09-28,payment,312.43,check
INV-016486,J-016486,2025-09-24,payment,357.23,card
INV-016487,J-016487,2025-09-28,payment,216.53,check
INV-016488,J-016488,2025-09-26,payment,685.61,ach
INV-016489,J-016489,2025-09-25,payment,327.53,ach
INV-016490,J-016490,2025-09-27,payment,3038.11,financing
INV-016491,J-016491,2025-09-27,payment,298.22,check
INV-016492,J-016492,2025-09-24,payment,290.78,card
INV-016493,J-016493,2025-09-27,payment,424.93,check
INV-016494,J-016494,2025-09-27,payment,705.17,check
INV-016495,J-016495,2025-09-26,payment,5693.12,ach
INV-016496,J-016496,2025-09-23,payment,564.54,financing
INV-016497,J-016497,2025-09-26,payment,398.88,check
INV-016498,J-016498,2025-09-28,payment,519.92,ach
INV-016499,J-016499,2025-09-24,payment,286.83,financing
INV-016500,J-016500,2025-09-22,payment,361.05,ach
INV-016501,J-016501,2025-09-26,payment,405.13,financing
INV-016502,J-016502,2025-09-29,payment,488.45,ach
INV-016503,J-016503,2025-09-23,payment,233.86,financing
INV-016504,J-016504,2025-09-22,payment,528.26,card
INV-016505,J-016505,2025-09-29,payment,570.38,check
INV-016506,J-016506,2025-09-24,payment,272.5,card
INV-016507,J-016507,2025-09-24,payment,437.8,card
INV-016508,J-016508,2025-09-27,payment,5231.81,financing
INV-016509,J-016509,2025-09-25,payment,161.59,check
INV-016510,J-016510,2025-09-22,payment,253.84,financing
INV-016511,J-016511,2025-09-24,payment,3120.75,check
INV-016512,J-016512,2025-09-19,payment,524.41,card
INV-016513,J-016513,2025-09-24,payment,128.94,check
INV-016514,J-016514,2025-09-20,payment,189.64,card
INV-016515,J-016515,2025-09-28,payment,376.08,check
INV-016516,J-016516,2025-09-28,payment,297.87,ach
INV-016517,J-016517,2025-09-24,payment,516.94,financing
INV-016518,J-016518,2025-09-18,payment,447.45,card
INV-016519,J-016519,2025-09-27,payment,396.57,check
INV-016520,J-016520,2025-09-22,payment,313.93,check
INV-016521,J-016521,2025-09-26,payment,196.87,financing
INV-016522,J-016522,2025-09-30,payment,587.66,financing
INV-016523,J-016523,2025-09-27,payment,890.05,ach
INV-016524,J-016524,2025-09-29,payment,439.51,check
INV-016525,J-016525,2025-09-27,payment,693.87,financing
INV-016526,J-016526,2025-09-24,payment,444.76,card
INV-016527,J-016527,2025-09-28,payment,175.8,card
INV-016528,J-016528,2025-09-20,payment,318.58,financing
INV-016529,J-016529,2025-09-25,payment,425.86,card
INV-016530,J-016530,2025-09-26,payment,279.84,card
INV-016531,J-016531,2025-09-24,payment,308.89,ach
INV-016532,J-016532,2025-09-29,payment,3788.0,ach
INV-016533,J-016533,2025-09-28,payment,6172.03,card
INV-016534,J-016534,2025-09-30,payment,620.01,check
INV-016535,J-016535,2025-09-23,payment,609.87,check
INV-016536,J-016536,2025-09-28,payment,333.55,check
INV-016537,J-016537,2025-09-26,payment,862.88,card
INV-016538,J-016538,2025-09-28,payment,4095.8,check
INV-016539,J-016539,2025-09-25,payment,181.7,ach
INV-016540,J-016540,2025-09-24,payment,268.24,check
INV-016541,J-016541,2025-09-29,payment,193.45,card
INV-016542,J-016542,2025-09-29,payment,5339.08,financing
INV-016543,J-016543,2025-09-27,payment,227.05,card
INV-016544,J-016544,2025-09-28,payment,132.6,card
INV-016545,J-016545,2025-09-27,payment,205.64,ach
INV-016546,J-016546,2025-09-21,payment,139.02,card
INV-016547,J-016547,2025-09-21,payment,785.9,ach
INV-016548,J-016548,2025-09-30,payment,4038.89,financing
INV-016549,J-016549,2025-09-30,payment,206.32,card
INV-016550,J-016550,2025-09-30,payment,655.11,card
INV-016551,J-016551,2025-09-29,payment,137.15,ach
INV-016552,J-016552,2025-09-30,payment,281.36,check
INV-016553,J-016553,2025-09-27,payment,253.2,card
INV-016554,J-016554,2025-09-27,payment,829.69,card
INV-016555,J-016555,2025-09-29,payment,245.83,financing
INV-016556,J-016556,2025-09-29,payment,757.62,card
INV-016557,J-016557,2025-09-30,payment,385.13,financing
INV-016558,J-016558,2025-09-30,payment,264.92,financing
INV-016559,J-016559,2025-09-27,payment,388.37,ach
INV-016560,J-016560,2025-09-30,payment,314.35,ach
INV-016561,J-016561,2025-09-29,payment,501.89,card
INV-016562,J-016562,2025-09-28,payment,165.77,ach
INV-016563,J-016563,2025-09-29,payment,4053.6,financing
INV-016564,J-016564,2025-09-28,payment,477.48,card
INV-016565,J-016565,2025-09-25,payment,204.19,check
INV-016566,J-016566,2025-09-30,payment,698.87,financing
INV-016567,J-016567,2025-09-30,payment,279.14,card
INV-016568,J-016568,2025-09-30,payment,112.27,card
INV-016569,J-016569,2025-09-28,payment,237.15,check
INV-016570,J-016570,2025-09-30,payment,363.77,card
INV-016571,J-016571,2025-09-26,payment,528.31,ach
