gr_id,po_number,received_date,received_value,receiver_id
GR0000001,PO-2025-000001,2025-03-25,1502.22,E0160
GR0000002,PO-2024-000002,2024-04-03,1813.94,E0156
GR0000003,PO-2024-000003,2024-03-08,322.71,E0149
GR0000004,PO-2024-000004,2024-08-30,1441.31,E0159
GR0000005,PO-2024-000005,2024-04-23,2351.15,E0149
GR0000006,PO-2024-000006,2024-10-17,296.58,E0162
GR0000007,PO-2024-000007,2024-03-02,7595.31,E0155
GR0000008,PO-2024-000008,2024-08-02,3778.78,E0161
GR0000009,PO-2024-000009,2024-05-28,1620.73,E0145
GR0000010,PO-2025-000010,2025-01-16,925.14,E0152
GR0000011,PO-2024-000011,2024-12-02,1728.77,E0149
GR0000012,PO-2024-000012,2024-05-31,3144.96,E0147
GR0000013,PO-2024-000013,2024-04-18,3267.23,E0154
GR0000014,PO-2024-000014,2024-04-27,3992.16,E0153
GR0000015,PO-2024-000014,2024-05-11,1889.37,E0140
GR0000016,PO-2024-000015,2024-11-06,12463.7,E0157
GR0000017,PO-2024-000016,2024-10-30,1429.97,E0154
GR0000018,PO-2024-000017,2024-06-08,3155.81,E0161
GR0000019,PO-2024-000018,2024-10-28,1399.04,E0161
GR0000020,PO-2024-000019,2024-05-29,2678.3,E0163
GR0000021,PO-2024-000020,2024-09-14,1106.89,E0142
GR0000022,PO-2024-000021,2024-04-23,4012.36,E0145
GR0000023,PO-2025-000022,2025-02-19,724.67,E0154
GR0000024,PO-2024-000023,2024-06-01,1464.16,E0140
GR0000025,PO-2025-000024,2025-06-09,3493.98,E0151
GR0000026,PO-2024-000025,2024-04-26,2936.12,E0153
GR0000027,PO-2024-000025,2024-05-06,1581.99,E0155
GR0000028,PO-2024-000026,2024-12-16,4563.27,E0155
GR0000029,PO-2024-000027,2024-01-24,529.63,E0145
GR0000030,PO-2024-000028,2024-09-06,4140.64,E0160
GR0000031,PO-2024-000029,2024-09-28,1801.6,E0147
GR0000032,PO-2024-000030,2024-03-30,905.55,E0160
GR0000033,PO-2024-000031,2024-09-29,5378.27,E0146
GR0000034,PO-2024-000032,2024-08-06,377.55,E0162
GR0000035,PO-2024-000033,2024-08-07,300.22,E0149
GR0000036,PO-2024-000034,2024-02-25,4287.33,E0141
GR0000037,PO-2024-000035,2024-01-24,4016.03,E0161
GR0000038,PO-2024-000036,2024-05-12,883.58,E0157
GR0000039,PO-2024-000037,2024-07-12,3217.51,E0161
GR0000040,PO-2024-000038,2024-06-29,5320.84,E0140
GR0000041,PO-2025-000039,2025-01-27,2231.13,E0152
GR0000042,PO-2024-000040,2024-02-14,4304.78,E0156
GR0000043,PO-2024-000041,2024-05-20,1936.84,E0150
GR0000044,PO-2024-000042,2024-06-09,1615.78,E0155
GR0000045,PO-2024-000043,2024-04-22,1086.79,E0146
GR0000046,PO-2024-000044,2024-10-26,2023.65,E0155
GR0000047,PO-2025-000045,2025-06-08,1966.88,E0163
GR0000048,PO-2025-000045,2025-06-13,1798.77,E0149
GR0000049,PO-2024-000046,2024-07-22,1152.87,E0158
GR0000050,PO-2025-000047,2025-05-23,1711.39,E0144
GR0000051,PO-2024-000048,2024-12-09,1055.1,E0163
GR0000052,PO-2024-000049,2024-02-27,622.07,E0159
GR0000053,PO-2025-000050,2025-06-27,2107.54,E0149
GR0000054,PO-2025-000051,2025-06-06,1009.26,E0144
GR0000055,PO-2025-000052,2025-03-27,5935.86,E0142
GR0000056,PO-2025-000052,2025-04-15,8029.18,E0161
GR0000057,PO-2024-000053,2024-07-12,856.65,E0163
GR0000058,PO-2024-000054,2024-07-02,187.85,E0158
GR0000059,PO-2024-000055,2024-04-09,2046.34,E0152
GR0000060,PO-2024-000056,2024-02-08,3532.46,E0162
GR0000061,PO-2024-000057,2024-11-28,162.52,E0154
GR0000062,PO-2024-000058,2024-03-30,609.61,E0147
GR0000063,PO-2024-000059,2024-10-18,1031.03,E0157
GR0000064,PO-2024-000070,2024-05-07,1307.38,E0152
GR0000065,PO-2024-000071,2024-12-11,3605.41,E0158
GR0000066,PO-2024-000072,2024-04-23,342.39,E0153
GR0000067,PO-2024-000073,2024-10-11,1341.67,E0143
GR0000068,PO-2025-000074,2025-05-29,1475.21,E0159
GR0000069,PO-2025-000075,2025-05-04,1006.96,E0152
GR0000070,PO-2024-000076,2024-04-28,1823.4,E0160
GR0000071,PO-2025-000077,2025-02-04,1344.85,E0151
GR0000072,PO-2024-000078,2024-02-02,2025.56,E0150
GR0000073,PO-2024-000078,2024-02-13,2522.77,E0147
GR0000074,PO-2024-000079,2024-04-21,8173.14,E0146
GR0000075,PO-2025-000080,2025-01-26,801.85,E0140
GR0000076,PO-2024-000081,2024-06-16,3467.45,E0150
GR0000077,PO-2025-000082,2025-06-30,1182.81,E0156
GR0000078,PO-2025-000082,2025-07-04,1617.81,E0160
GR0000079,PO-2025-000083,2025-02-10,1016.35,E0151
GR0000080,PO-2024-000084,2025-01-03,1182.65,E0145
GR0000081,PO-2024-000084,2025-01-16,831.94,E0157
GR0000082,PO-2025-000085,2025-07-16,13005.34,E0152
GR0000083,PO-2024-000086,2024-08-10,1070.77,E0160
GR0000084,PO-2024-000087,2024-05-11,16458.49,E0146
GR0000085,PO-2024-000088,2024-09-21,24461.74,E0153
GR0000086,PO-2024-000089,2024-06-11,2731.14,E0144
GR0000087,PO-2024-000090,2024-07-09,12171.09,E0158
GR0000088,PO-2024-000091,2024-07-20,12097.35,E0163
GR0000089,PO-2024-000092,2024-03-21,5051.82,E0161
GR0000090,PO-2024-000093,2024-11-11,5347.79,E0147
GR0000091,PO-2024-000094,2024-11-26,4027.24,E0150
GR0000092,PO-2024-000095,2024-03-08,7484.9,E0162
GR0000093,PO-2025-000096,2025-05-09,15754.68,E0143
GR0000094,PO-2025-000096,2025-05-16,15746.6,E0143
GR0000095,PO-2024-000097,2024-08-12,7667.85,E0162
GR0000096,PO-2024-000098,2024-04-12,9730.04,E0140
GR0000097,PO-2024-000099,2024-05-08,826.3,E0144
GR0000098,PO-2025-000100,2025-02-26,6290.94,E0159
GR0000099,PO-2024-000101,2024-08-10,1887.95,E0161
GR0000100,PO-2025-000102,2025-06-28,1199.8,E0153
GR0000101,PO-2025-000102,2025-07-10,1117.98,E0148
GR0000102,PO-2024-000103,2024-02-25,9641.5,E0145
GR0000103,PO-2024-000104,2024-05-25,17528.0,E0145
GR0000104,PO-2024-000105,2024-03-23,8845.31,E0153
GR0000105,PO-2024-000106,2024-01-24,10853.85,E0161
GR0000106,PO-2025-000107,2025-04-11,1865.25,E0161
GR0000107,PO-2024-000108,2024-09-26,4022.94,E0144
GR0000108,PO-2025-000109,2025-01-18,53255.16,E0147
GR0000109,PO-2024-000110,2024-10-05,3092.56,E0152
GR0000110,PO-2024-000111,2024-10-30,169.67,E0153
GR0000111,PO-2024-000112,2024-04-14,702.37,E0154
GR0000112,PO-2024-000113,2024-10-30,3622.65,E0140
GR0000113,PO-2024-000114,2024-04-25,699.81,E0161
GR0000114,PO-2024-000115,2024-12-11,824.72,E0163
GR0000115,PO-2024-000116,2024-10-22,567.68,E0153
GR0000116,PO-2024-000117,2024-06-17,130.54,E0159
GR0000117,PO-2024-000117,2024-07-02,149.6,E0148
GR0000118,PO-2024-000118,2024-04-14,3216.47,E0148
GR0000119,PO-2025-000119,2025-04-07,288.72,E0140
GR0000120,PO-2025-000120,2025-02-18,702.0,E0157
GR0000121,PO-2025-000121,2025-06-26,1689.26,E0156
GR0000122,PO-2024-000122,2024-12-30,1576.91,E0160
GR0000123,PO-2024-000123,2024-06-08,468.38,E0157
GR0000124,PO-2024-000124,2024-08-11,301.27,E0162
GR0000125,PO-2025-000125,2025-01-22,4696.42,E0152
GR0000126,PO-2024-000126,2024-10-19,257.38,E0147
GR0000127,PO-2024-000127,2024-07-14,562.31,E0140
GR0000128,PO-2025-000128,2025-06-16,51.71,E0145
GR0000129,PO-2025-000128,2025-06-30,74.71,E0159
GR0000130,PO-2024-000129,2024-12-12,1494.6,E0162
GR0000131,PO-2024-000130,2024-03-18,800.05,E0156
GR0000132,PO-2024-000131,2024-05-06,4184.07,E0152
GR0000133,PO-2025-000132,2025-03-09,628.73,E0158
GR0000134,PO-2025-000133,2025-02-15,117.9,E0144
GR0000135,PO-2024-000134,2024-12-06,574.01,E0143
GR0000136,PO-2024-000134,2024-12-26,759.14,E0143
GR0000137,PO-2024-000135,2024-10-10,654.32,E0157
GR0000138,PO-2024-000136,2024-09-12,2025.47,E0162
GR0000139,PO-2024-000137,2024-04-01,2308.47,E0146
GR0000140,PO-2024-000137,2024-04-13,3257.08,E0159
GR0000141,PO-2024-000138,2024-11-21,1394.42,E0153
GR0000142,PO-2024-000139,2024-10-25,1728.34,E0149
GR0000143,PO-2024-000140,2024-12-08,2161.23,E0150
GR0000144,PO-2025-000141,2025-06-20,1738.76,E0141
GR0000145,PO-2025-000142,2025-05-15,1959.53,E0155
GR0000146,PO-2024-000143,2024-10-21,214.91,E0163
GR0000147,PO-2024-000144,2024-11-11,180.46,E0141
GR0000148,PO-2024-000145,2024-07-27,540.04,E0144
GR0000149,PO-2024-000146,2024-11-27,1677.26,E0159
GR0000150,PO-2024-000147,2025-01-03,706.29,E0147
GR0000151,PO-2024-000148,2024-05-29,595.7,E0142
GR0000152,PO-2024-000149,2024-09-22,507.01,E0140
GR0000153,PO-2024-000149,2024-09-29,319.32,E0148
GR0000154,PO-2024-000150,2024-06-04,372.16,E0147
GR0000155,PO-2024-000151,2024-12-12,957.74,E0157
GR0000156,PO-2025-000152,2025-04-26,122.44,E0157
GR0000157,PO-2025-000153,2025-01-24,759.67,E0163
GR0000158,PO-2025-000154,2025-05-14,2391.77,E0162
GR0000159,PO-2025-000155,2025-01-16,518.05,E0142
GR0000160,PO-2024-000156,2024-03-09,1325.97,E0153
GR0000161,PO-2024-000157,2024-05-27,326.09,E0162
GR0000162,PO-2025-000158,2025-03-27,664.32,E0140
GR0000163,PO-2025-000159,2025-01-18,1259.85,E0151
GR0000164,PO-2024-000160,2024-06-08,546.02,E0143
GR0000165,PO-2024-000161,2024-11-04,1425.41,E0155
GR0000166,PO-2025-000162,2025-02-06,157.57,E0144
GR0000167,PO-2025-000163,2025-05-14,1553.58,E0159
GR0000168,PO-2024-000164,2024-03-29,800.33,E0149
GR0000169,PO-2025-000165,2025-07-12,266.23,E0151
GR0000170,PO-2024-000166,2024-07-10,316.35,E0148
GR0000171,PO-2024-000167,2024-03-15,632.65,E0158
GR0000172,PO-2024-000168,2024-01-22,458.49,E0142
GR0000173,PO-2024-000169,2024-01-19,1025.13,E0147
GR0000174,PO-2024-000170,2024-03-17,1193.42,E0141
GR0000175,PO-2024-000171,2024-02-25,1519.42,E0161
GR0000176,PO-2025-000172,2025-05-16,3430.55,E0143
GR0000177,PO-2024-000173,2024-07-30,364.17,E0148
GR0000178,PO-2024-000174,2024-06-23,289.76,E0152
GR0000179,PO-2025-000175,2025-02-18,1117.15,E0140
GR0000180,PO-2024-000176,2024-10-27,394.49,E0156
GR0000181,PO-2024-000176,2024-11-15,263.58,E0153
GR0000182,PO-2024-000177,2024-09-25,894.97,E0154
GR0000183,PO-2025-000178,2025-06-24,913.36,E0148
GR0000184,PO-2025-000179,2025-07-07,413.64,E0160
GR0000185,PO-2025-000180,2025-02-20,1346.34,E0163
GR0000186,PO-2025-000181,2025-04-19,849.36,E0146
GR0000187,PO-2024-000182,2024-03-04,2726.44,E0154
GR0000188,PO-2024-000183,2024-02-23,582.21,E0146
GR0000189,PO-2024-000183,2024-03-06,406.47,E0157
GR0000190,PO-2024-000184,2024-08-03,117.91,E0141
GR0000191,PO-2025-000185,2025-05-19,1090.41,E0151
GR0000192,PO-2024-000186,2024-11-01,5427.28,E0145
GR0000193,PO-2025-000187,2025-07-09,1914.02,E0159
GR0000194,PO-2024-000188,2024-08-31,1103.61,E0142
GR0000195,PO-2024-000189,2024-07-03,329.72,E0163
GR0000196,PO-2025-000190,2025-07-01,1040.73,E0163
GR0000197,PO-2025-000191,2025-01-19,1767.52,E0162
GR0000198,PO-2025-000192,2025-07-02,3309.61,E0149
GR0000199,PO-2025-000192,2025-07-22,3140.82,E0150
GR0000200,PO-2025-000193,2025-03-17,643.84,E0158
GR0000201,PO-2025-000194,2025-06-25,219.18,E0140
GR0000202,PO-2025-000195,2025-03-23,358.6,E0158
GR0000203,PO-2025-000196,2025-05-31,549.46,E0141
GR0000204,PO-2025-000197,2025-01-28,3219.91,E0156
GR0000205,PO-2025-000198,2025-03-03,472.99,E0161
GR0000206,PO-2024-000199,2024-06-30,578.42,E0158
GR0000207,PO-2025-000200,2025-03-21,443.89,E0140
GR0000208,PO-2024-000201,2024-09-04,549.83,E0150
GR0000209,PO-2024-000202,2024-02-03,435.12,E0163
GR0000210,PO-2024-000203,2024-12-01,509.62,E0150
GR0000211,PO-2024-000204,2024-04-14,271.31,E0154
GR0000212,PO-2024-000205,2024-08-18,152.67,E0142
GR0000213,PO-2024-000206,2024-09-03,1003.31,E0156
GR0000214,PO-2025-000207,2025-06-09,118.52,E0148
GR0000215,PO-2025-000208,2025-03-05,845.94,E0148
GR0000216,PO-2024-000209,2024-04-18,253.38,E0148
GR0000217,PO-2024-000210,2024-08-23,4635.74,E0151
GR0000218,PO-2025-000211,2025-05-04,531.97,E0156
GR0000219,PO-2025-000212,2025-04-15,1084.82,E0140
GR0000220,PO-2025-000213,2025-06-14,491.91,E0143
GR0000221,PO-2024-000214,2024-01-13,2399.74,E0143
GR0000222,PO-2025-000215,2025-05-07,1659.69,E0141
GR0000223,PO-2024-000216,2024-12-15,393.93,E0159
GR0000224,PO-2024-000217,2024-10-01,1493.01,E0160
GR0000225,PO-2024-000218,2024-03-15,313.28,E0143
GR0000226,PO-2024-000219,2024-04-02,981.54,E0162
GR0000227,PO-2024-000220,2024-04-21,366.55,E0157
GR0000228,PO-2024-000221,2024-07-09,619.79,E0160
GR0000229,PO-2024-000222,2024-12-29,252.18,E0153
GR0000230,PO-2025-000223,2025-05-13,2058.42,E0159
GR0000231,PO-2024-000224,2024-12-09,106.88,E0162
GR0000232,PO-2024-000224,2024-12-18,70.32,E0143
GR0000233,PO-2025-000225,2025-06-15,118.29,E0156
GR0000234,PO-2024-000226,2024-02-08,300.55,E0150
GR0000235,PO-2025-000227,2025-06-08,693.14,E0148
GR0000236,PO-2024-000228,2024-09-21,3053.44,E0153
GR0000237,PO-2025-000229,2025-03-22,725.04,E0148
GR0000238,PO-2025-000230,2025-05-11,176.18,E0161
GR0000239,PO-2024-000231,2024-01-11,793.0,E0154
GR0000240,PO-2024-000231,2024-01-22,487.73,E0140
GR0000241,PO-2025-000232,2025-04-07,823.21,E0153
GR0000242,PO-2024-000233,2024-01-13,385.85,E0147
GR0000243,PO-2024-000233,2024-01-29,181.65,E0146
GR0000244,PO-2025-000234,2025-04-04,2331.7,E0144
GR0000245,PO-2024-000235,2024-06-01,183.59,E0162
GR0000246,PO-2025-000236,2025-04-29,525.05,E0151
GR0000247,PO-2024-000237,2024-06-11,667.74,E0141
GR0000248,PO-2024-000238,2024-08-20,3984.42,E0146
GR0000249,PO-2024-000239,2024-01-29,333.21,E0161
GR0000250,PO-2024-000239,2024-02-16,338.86,E0156
GR0000251,PO-2024-000240,2024-06-03,1224.47,E0162
GR0000252,PO-2024-000241,2024-11-19,305.5,E0161
GR0000253,PO-2024-000242,2025-01-12,3701.59,E0145
GR0000254,PO-2024-000243,2024-02-10,2839.81,E0145
GR0000255,PO-2024-000244,2024-04-08,3798.35,E0143
GR0000256,PO-2024-000245,2024-01-25,431.29,E0161
GR0000257,PO-2024-000246,2024-05-31,1522.16,E0156
GR0000258,PO-2024-000247,2024-06-02,2456.04,E0155
GR0000259,PO-2024-000247,2024-06-23,1703.17,E0154
GR0000260,PO-2025-000248,2025-02-24,672.68,E0156
GR0000261,PO-2025-000249,2025-05-28,2145.05,E0162
GR0000262,PO-2024-000250,2024-03-01,18020.84,E0156
GR0000263,PO-2024-000251,2024-05-15,10281.62,E0156
GR0000264,PO-2024-000252,2024-04-28,2428.95,E0144
GR0000265,PO-2024-000253,2024-05-14,24266.51,E0151
GR0000266,PO-2024-000254,2024-06-01,17440.8,E0163
GR0000267,PO-2024-000255,2024-06-25,837.13,E0141
GR0000268,PO-2024-000256,2024-10-21,1901.82,E0144
GR0000269,PO-2024-000257,2024-07-27,4871.17,E0155
GR0000270,PO-2025-000258,2025-06-30,2787.91,E0163
GR0000271,PO-2025-000258,2025-07-18,2434.32,E0163
GR0000272,PO-2025-000259,2025-04-24,5089.48,E0143
GR0000273,PO-2024-000260,2024-05-03,8463.36,E0160
GR0000274,PO-2024-000261,2024-07-07,2888.31,E0160
GR0000275,PO-2024-000262,2024-06-01,747.47,E0155
GR0000276,PO-2024-000263,2024-07-18,4499.6,E0160
GR0000277,PO-2025-000264,2025-04-14,1274.4,E0144
GR0000278,PO-2025-000265,2025-07-04,1944.08,E0155
GR0000279,PO-2024-000266,2025-01-10,972.43,E0148
GR0000280,PO-2024-000267,2024-04-23,1798.56,E0144
GR0000281,PO-2024-000268,2024-05-30,13772.59,E0153
GR0000282,PO-2024-000268,2024-06-11,9746.74,E0149
GR0000283,PO-2025-000269,2025-06-21,3646.94,E0161
GR0000284,PO-2024-000270,2024-06-19,1133.15,E0142
GR0000285,PO-2024-000271,2024-01-13,1955.6,E0152
GR0000286,PO-2024-000272,2024-11-13,7255.48,E0142
GR0000287,PO-2024-000272,2024-11-29,9093.53,E0155
GR0000288,PO-2025-000273,2025-01-16,8626.84,E0160
GR0000289,PO-2025-000274,2025-07-08,39325.68,E0157
GR0000290,PO-2024-000275,2024-09-23,1642.98,E0145
GR0000291,PO-2024-000275,2024-09-28,1341.34,E0143
GR0000292,PO-2025-000276,2025-03-09,2571.25,E0144
GR0000293,PO-2025-000277,2025-02-24,4387.71,E0154
GR0000294,PO-2024-000278,2024-11-04,4818.49,E0157
GR0000295,PO-2024-000279,2024-07-03,1854.98,E0141
GR0000296,PO-2025-000280,2025-05-04,4101.42,E0163
GR0000297,PO-2025-000281,2025-01-12,6196.82,E0141
GR0000298,PO-2024-000282,2024-07-22,2764.0,E0161
GR0000299,PO-2024-000282,2024-07-28,1306.32,E0143
GR0000300,PO-2024-000283,2024-11-17,2031.35,E0146
GR0000301,PO-2024-000284,2024-07-12,4974.11,E0160
GR0000302,PO-2024-000285,2024-04-28,1426.14,E0157
GR0000303,PO-2024-000285,2024-05-07,629.97,E0162
GR0000304,PO-2024-000286,2024-06-01,5485.54,E0143
GR0000305,PO-2024-000287,2024-01-13,2643.07,E0145
GR0000306,PO-2024-000288,2024-07-09,2023.73,E0156
GR0000307,PO-2024-000289,2024-09-17,911.17,E0141
GR0000308,PO-2024-000290,2024-06-22,2229.1,E0148
GR0000309,PO-2024-000291,2024-04-05,7962.08,E0150
GR0000310,PO-2025-000292,2025-04-14,1093.68,E0143
GR0000311,PO-2024-000293,2024-01-14,2768.67,E0146
GR0000312,PO-2024-000294,2024-10-29,1261.9,E0154
GR0000313,PO-2024-000295,2024-05-07,7976.42,E0140
GR0000314,PO-2025-000296,2025-05-28,19618.76,E0141
GR0000315,PO-2025-000297,2025-05-21,8129.34,E0149
GR0000316,PO-2025-000297,2025-05-31,5548.44,E0162
GR0000317,PO-2025-000298,2025-03-27,4882.67,E0141
GR0000318,PO-2025-000298,2025-04-05,2134.36,E0158
GR0000319,PO-2024-000299,2024-03-09,2164.36,E0144
GR0000320,PO-2024-000300,2024-10-02,14608.33,E0146
GR0000321,PO-2024-000301,2024-05-29,1733.57,E0151
GR0000322,PO-2024-000301,2024-06-08,1008.05,E0140
GR0000323,PO-2025-000302,2025-05-26,13716.27,E0153
GR0000324,PO-2024-000303,2024-07-21,1452.37,E0147
GR0000325,PO-2025-000304,2025-06-17,3295.57,E0160
GR0000326,PO-2025-000304,2025-06-22,4610.76,E0156
GR0000327,PO-2024-000305,2024-07-27,2258.67,E0158
GR0000328,PO-2024-000306,2024-06-27,2189.59,E0142
GR0000329,PO-2025-000307,2025-06-12,7039.71,E0154
GR0000330,PO-2024-000308,2024-01-29,1562.44,E0161
GR0000331,PO-2024-000309,2024-02-14,1053.96,E0144
GR0000332,PO-2024-000310,2024-07-12,431.66,E0142
GR0000333,PO-2024-000311,2024-08-05,1680.46,E0152
GR0000334,PO-2024-000312,2024-08-14,972.7,E0145
GR0000335,PO-2025-000313,2025-05-05,7434.49,E0144
GR0000336,PO-2025-000313,2025-05-17,3823.68,E0142
GR0000337,PO-2024-000314,2024-10-19,491.48,E0160
GR0000338,PO-2024-000315,2024-08-25,2697.38,E0149
GR0000339,PO-2024-000315,2024-09-08,1349.31,E0152
GR0000340,PO-2024-000316,2024-06-22,996.82,E0147
GR0000341,PO-2024-000317,2024-09-16,3089.77,E0142
GR0000342,PO-2025-000318,2025-06-27,2996.26,E0155
GR0000343,PO-2024-000319,2024-01-13,1078.15,E0162
GR0000344,PO-2024-000320,2024-06-20,2453.63,E0160
GR0000345,PO-2024-000320,2024-06-29,2750.8,E0152
GR0000346,PO-2024-000321,2024-01-16,2127.43,E0150
GR0000347,PO-2024-000322,2024-10-20,2385.82,E0144
GR0000348,PO-2024-000323,2024-09-11,7511.64,E0155
GR0000349,PO-2024-000324,2024-10-31,4687.16,E0158
GR0000350,PO-2025-000325,2025-05-18,5131.56,E0148
GR0000351,PO-2024-000326,2024-01-29,6028.14,E0154
GR0000352,PO-2024-000327,2024-03-26,8131.05,E0142
GR0000353,PO-2024-000328,2024-12-14,637.17,E0159
GR0000354,PO-2025-000329,2025-06-08,841.9,E0151
GR0000355,PO-2024-000330,2024-04-17,270.61,E0161
GR0000356,PO-2024-000330,2024-04-26,187.79,E0158
GR0000357,PO-2025-000331,2025-04-14,1529.8,E0157
GR0000358,PO-2024-000332,2024-06-13,4206.95,E0157
GR0000359,PO-2024-000333,2024-08-01,2833.14,E0160
GR0000360,PO-2025-000334,2025-01-04,5376.57,E0160
GR0000361,PO-2025-000335,2025-03-07,4601.93,E0154
GR0000362,PO-2024-000336,2024-04-26,5821.51,E0157
GR0000363,PO-2024-000337,2024-02-03,1582.32,E0152
GR0000364,PO-2025-000338,2025-06-09,1740.13,E0154
GR0000365,PO-2025-000338,2025-06-19,792.73,E0158
GR0000366,PO-2024-000339,2024-07-15,739.93,E0158
GR0000367,PO-2024-000339,2024-07-26,401.25,E0141
GR0000368,PO-2024-000340,2024-08-03,4643.09,E0161
GR0000369,PO-2025-000341,2025-02-01,15189.12,E0162
GR0000370,PO-2024-000342,2024-08-26,3829.17,E0159
GR0000371,PO-2024-000343,2024-05-16,2848.9,E0163
GR0000372,PO-2024-000344,2024-10-08,3971.77,E0145
GR0000373,PO-2025-000345,2025-05-09,7548.16,E0154
GR0000374,PO-2025-000346,2025-01-19,2117.76,E0146
GR0000375,PO-2024-000347,2024-06-14,3915.48,E0163
GR0000376,PO-2025-000348,2025-03-29,2891.28,E0143
GR0000377,PO-2025-000349,2025-04-21,2335.48,E0155
GR0000378,PO-2024-000350,2024-11-29,7313.55,E0140
GR0000379,PO-2024-000351,2024-03-23,16599.21,E0159
GR0000380,PO-2025-000352,2025-06-29,9817.19,E0146
GR0000381,PO-2024-000353,2025-01-01,8728.54,E0145
GR0000382,PO-2024-000354,2024-06-19,1161.15,E0144
GR0000383,PO-2024-000355,2024-06-21,4606.87,E0159
GR0000384,PO-2024-000356,2024-11-21,2719.28,E0141
GR0000385,PO-2024-000357,2024-11-09,5038.39,E0160
GR0000386,PO-2024-000358,2024-08-19,14805.29,E0144
GR0000387,PO-2025-000359,2025-02-21,8308.56,E0149
GR0000388,PO-2024-000360,2024-04-06,11229.13,E0142
GR0000389,PO-2024-000361,2024-08-31,3308.94,E0150
GR0000390,PO-2024-000362,2024-10-04,101670.06,E0162
GR0000391,PO-2024-000363,2024-05-25,24351.83,E0148
GR0000392,PO-2025-000364,2025-07-03,1317.14,E0162
GR0000393,PO-2024-000365,2024-11-24,6228.24,E0141
GR0000394,PO-2024-000366,2024-03-20,8926.54,E0158
GR0000395,PO-2024-000367,2024-12-08,2007.97,E0159
GR0000396,PO-2024-000367,2024-12-22,2023.44,E0161
GR0000397,PO-2024-000368,2024-06-15,3656.66,E0155
GR0000398,PO-2025-000369,2025-02-21,5174.18,E0163
GR0000399,PO-2025-000370,2025-02-26,6618.15,E0154
GR0000400,PO-2024-000371,2024-07-24,3369.89,E0153
GR0000401,PO-2025-000372,2025-06-23,301.21,E0161
GR0000402,PO-2025-000373,2025-05-26,1894.38,E0143
GR0000403,PO-2024-000374,2024-02-24,962.99,E0149
GR0000404,PO-2024-000374,2024-03-07,569.51,E0160
GR0000405,PO-2024-000375,2024-02-20,2190.09,E0158
GR0000406,PO-2025-000376,2025-06-23,1193.65,E0150
GR0000407,PO-2024-000377,2024-12-10,397.18,E0157
GR0000408,PO-2025-000378,2025-01-16,995.81,E0143
GR0000409,PO-2024-000379,2024-02-07,15588.07,E0153
GR0000410,PO-2024-000380,2024-06-04,387.66,E0140
GR0000411,PO-2024-000380,2024-06-15,309.65,E0154
GR0000412,PO-2025-000381,2025-01-17,3202.7,E0163
GR0000413,PO-2024-000382,2024-12-08,6679.25,E0161
GR0000414,PO-2024-000383,2024-12-08,5593.13,E0147
GR0000415,PO-2024-000384,2024-06-20,6055.5,E0145
GR0000416,PO-2024-000385,2024-08-11,10904.68,E0160
GR0000417,PO-2025-000386,2025-03-27,1201.83,E0154
GR0000418,PO-2024-000387,2024-05-09,1341.37,E0141
GR0000419,PO-2024-000388,2024-01-22,1180.78,E0142
GR0000420,PO-2024-000389,2024-06-06,2442.99,E0143
GR0000421,PO-2024-000390,2024-02-03,1567.6,E0161
GR0000422,PO-2024-000391,2024-08-23,26041.32,E0152
GR0000423,PO-2025-000392,2025-07-01,22804.29,E0160
GR0000424,PO-2025-000392,2025-07-09,16210.07,E0144
GR0000425,PO-2025-000393,2025-06-15,861.82,E0149
GR0000426,PO-2024-000394,2024-10-30,10424.86,E0150
GR0000427,PO-2025-000395,2025-07-02,809.52,E0152
GR0000428,PO-2025-000395,2025-07-22,898.63,E0153
GR0000429,PO-2024-000396,2024-06-21,2291.77,E0144
GR0000430,PO-2025-000397,2025-07-18,10270.11,E0146
GR0000431,PO-2024-000398,2024-03-28,1826.43,E0152
GR0000432,PO-2025-000399,2025-05-30,3533.8,E0148
GR0000433,PO-2024-000400,2024-08-15,1125.55,E0142
GR0000434,PO-2024-000401,2024-12-18,6485.46,E0157
GR0000435,PO-2024-000402,2024-01-27,1707.04,E0148
GR0000436,PO-2025-000403,2025-04-16,15722.01,E0156
GR0000437,PO-2024-000404,2024-02-01,11945.69,E0152
GR0000438,PO-2024-000405,2024-04-04,4124.51,E0160
GR0000439,PO-2024-000406,2024-01-10,31795.55,E0144
GR0000440,PO-2024-000407,2024-03-24,6579.91,E0150
GR0000441,PO-2024-000408,2024-02-05,4312.97,E0145
GR0000442,PO-2025-000409,2025-05-22,2366.69,E0144
GR0000443,PO-2025-000409,2025-05-25,1819.28,E0157
GR0000444,PO-2024-000410,2024-04-07,6315.75,E0160
GR0000445,PO-2024-000411,2024-02-07,27413.36,E0158
GR0000446,PO-2025-000412,2025-06-26,6761.51,E0144
GR0000447,PO-2024-000413,2024-03-08,2801.58,E0140
GR0000448,PO-2024-000414,2024-09-18,26799.49,E0152
GR0000449,PO-2024-000415,2024-09-29,6281.8,E0145
GR0000450,PO-2024-000416,2024-03-21,5074.31,E0144
GR0000451,PO-2025-000417,2025-03-24,3556.4,E0142
GR0000452,PO-2025-000418,2025-07-02,7126.0,E0143
GR0000453,PO-2024-000419,2024-10-18,4071.28,E0140
GR0000454,PO-2024-000419,2024-10-25,2023.71,E0146
GR0000455,PO-2024-000420,2024-08-19,12998.04,E0156
GR0000456,PO-2024-000421,2024-08-03,10156.39,E0150
GR0000457,PO-2024-000422,2024-11-07,873.51,E0148
GR0000458,PO-2024-000422,2024-11-12,572.81,E0147
GR0000459,PO-2024-000423,2024-02-26,15778.24,E0157
GR0000460,PO-2024-000424,2024-03-24,3710.48,E0148
GR0000461,PO-2024-000425,2024-11-26,33563.99,E0141
GR0000462,PO-2025-000426,2025-01-12,1357.27,E0140
GR0000463,PO-2024-000427,2024-04-10,3422.16,E0146
GR0000464,PO-2025-000428,2025-04-29,5066.18,E0157
GR0000465,PO-2024-000429,2024-05-02,1199.84,E0161
GR0000466,PO-2025-000430,2025-06-06,17380.48,E0157
GR0000467,PO-2025-000431,2025-06-03,3098.42,E0147
GR0000468,PO-2025-000431,2025-06-19,4212.12,E0153
GR0000469,PO-2025-000432,2025-06-25,4008.2,E0141
GR0000470,PO-2025-000433,2025-06-02,11075.8,E0161
GR0000471,PO-2024-000434,2024-08-04,1338.9,E0156
GR0000472,PO-2024-000435,2024-03-16,2167.03,E0152
GR0000473,PO-2024-000436,2024-04-11,14062.37,E0162
GR0000474,PO-2025-000437,2025-04-03,20916.69,E0143
GR0000475,PO-2024-000438,2024-05-09,1659.5,E0149
GR0000476,PO-2024-000439,2024-02-24,1083.16,E0143
GR0000477,PO-2025-000440,2025-03-11,22218.85,E0148
GR0000478,PO-2024-000441,2024-04-15,2060.58,E0156
GR0000479,PO-2024-000442,2024-02-14,8129.77,E0158
GR0000480,PO-2024-000443,2024-04-23,318.62,E0157
GR0000481,PO-2024-000444,2024-06-20,833.64,E0143
GR0000482,PO-2024-000445,2024-07-31,415.61,E0155
GR0000483,PO-2024-000446,2024-07-25,588.42,E0150
GR0000484,PO-2024-000447,2024-05-30,5739.36,E0154
GR0000485,PO-2024-000448,2024-04-19,118.66,E0150
GR0000486,PO-2025-000449,2025-04-11,138.44,E0158
GR0000487,PO-2025-000450,2025-03-18,2614.4,E0158
GR0000488,PO-2024-000451,2024-08-31,108.23,E0144
GR0000489,PO-2024-000451,2024-09-15,157.12,E0154
GR0000490,PO-2024-000452,2024-01-19,2641.04,E0163
GR0000491,PO-2024-000453,2024-10-08,1166.22,E0150
GR0000492,PO-2025-000454,2025-03-30,654.28,E0147
GR0000493,PO-2024-000455,2024-12-10,1862.5,E0156
GR0000494,PO-2025-000456,2025-06-16,840.42,E0151
GR0000495,PO-2025-000457,2025-04-07,1316.84,E0160
GR0000496,PO-2024-000458,2024-08-01,1324.46,E0147
GR0000497,PO-2025-000493,2025-06-15,29025.86,E0145
GR0000498,PO-2025-000494,2025-07-08,703.61,E0153
GR0000499,PO-2025-000495,2025-03-14,4621.26,E0144
GR0000500,PO-2024-000496,2024-10-05,3636.87,E0154
GR0000501,PO-2024-000497,2024-01-17,1157.54,E0150
GR0000502,PO-2024-000498,2024-03-22,2328.88,E0159
GR0000503,PO-2025-000499,2025-02-12,3485.14,E0161
GR0000504,PO-2024-000500,2024-06-25,2344.01,E0158
GR0000505,PO-2025-000501,2025-05-14,7856.19,E0153
GR0000506,PO-2025-000501,2025-05-20,7133.67,E0145
GR0000507,PO-2025-000502,2025-01-14,26604.42,E0144
GR0000508,PO-2025-000503,2025-04-28,2211.82,E0162
GR0000509,PO-2024-000504,2024-07-28,19949.17,E0143
GR0000510,PO-2024-000505,2024-03-09,2942.37,E0141
GR0000511,PO-2024-000506,2024-01-29,49552.49,E0162
GR0000512,PO-2024-000507,2024-12-25,5468.42,E0149
GR0000513,PO-2024-000508,2024-02-10,379.14,E0154
GR0000514,PO-2025-000509,2025-02-23,495.63,E0160
GR0000515,PO-2025-000510,2025-03-14,5615.37,E0150
GR0000516,PO-2025-000510,2025-03-28,3333.16,E0153
GR0000517,PO-2025-000511,2025-05-27,695.91,E0146
GR0000518,PO-2024-000512,2024-12-01,2694.31,E0148
GR0000519,PO-2024-000513,2024-02-20,690.57,E0154
GR0000520,PO-2024-000514,2025-01-02,8755.01,E0160
GR0000521,PO-2024-000515,2024-04-24,1705.94,E0161
GR0000522,PO-2025-000516,2025-02-07,954.96,E0157
GR0000523,PO-2024-000517,2024-11-21,406.74,E0162
GR0000524,PO-2024-000517,2024-12-05,234.62,E0144
GR0000525,PO-2025-000518,2025-04-10,12199.3,E0153
GR0000526,PO-2024-000519,2024-12-06,2200.4,E0151
GR0000527,PO-2024-000520,2024-02-10,2715.42,E0153
GR0000528,PO-2025-000521,2025-03-09,942.32,E0152
GR0000529,PO-2024-000522,2024-12-30,3093.27,E0141
GR0000530,PO-2024-000523,2024-08-08,1940.98,E0146
GR0000531,PO-2025-000524,2025-01-06,18619.29,E0150
GR0000532,PO-2024-000525,2024-09-03,7286.69,E0150
GR0000533,PO-2025-000526,2025-06-17,6531.41,E0151
GR0000534,PO-2024-000527,2024-01-31,4389.04,E0154
GR0000535,PO-2025-000528,2025-04-15,2655.0,E0157
GR0000536,PO-2025-000529,2025-04-07,2246.87,E0152
GR0000537,PO-2024-000530,2024-06-22,1976.84,E0150
GR0000538,PO-2024-000531,2024-06-11,449.53,E0158
GR0000539,PO-2024-000532,2024-07-15,7693.29,E0140
GR0000540,PO-2024-000533,2024-07-25,1771.83,E0156
GR0000541,PO-2024-000534,2024-04-11,4812.25,E0146
GR0000542,PO-2024-000535,2024-07-07,11854.78,E0142
GR0000543,PO-2025-000536,2025-02-05,5619.82,E0140
GR0000544,PO-2024-000537,2024-11-21,4273.25,E0156
GR0000545,PO-2025-000538,2025-06-07,1159.87,E0141
GR0000546,PO-2024-000539,2024-11-01,3177.72,E0157
GR0000547,PO-2025-000540,2025-06-15,16273.81,E0141
GR0000548,PO-2024-000541,2024-12-12,8958.91,E0149
GR0000549,PO-2024-000541,2024-12-20,4203.02,E0142
GR0000550,PO-2024-000542,2024-11-17,542.96,E0144
GR0000551,PO-2024-000542,2024-11-26,406.79,E0150
GR0000552,PO-2024-000543,2024-12-12,1297.35,E0141
GR0000553,PO-2024-000544,2024-12-08,17375.73,E0145
GR0000554,PO-2024-000545,2024-04-12,4036.41,E0144
GR0000555,PO-2025-000546,2025-02-06,1805.91,E0157
GR0000556,PO-2024-000547,2024-09-12,4755.58,E0155
GR0000557,PO-2024-000548,2024-09-30,52313.36,E0149
GR0000558,PO-2024-000549,2024-06-15,4525.28,E0157
GR0000559,PO-2025-000550,2025-02-08,7624.06,E0153
GR0000560,PO-2024-000551,2024-02-12,8025.39,E0161
GR0000561,PO-2025-000552,2025-01-16,17668.65,E0157
GR0000562,PO-2024-000553,2024-01-17,30490.4,E0143
GR0000563,PO-2024-000554,2024-07-17,3624.94,E0160
GR0000564,PO-2025-000555,2025-02-09,1725.4,E0141
GR0000565,PO-2025-000555,2025-02-21,1100.45,E0160
GR0000566,PO-2024-000556,2024-09-21,22912.5,E0160
GR0000567,PO-2024-000557,2024-09-05,1586.86,E0161
GR0000568,PO-2024-000558,2024-02-01,7494.07,E0140
GR0000569,PO-2024-000559,2024-03-08,11249.07,E0157
GR0000570,PO-2025-000560,2025-05-19,806.09,E0145
GR0000571,PO-2024-000561,2024-01-21,1619.66,E0146
GR0000572,PO-2024-000562,2024-10-28,5979.5,E0156
GR0000573,PO-2024-000563,2024-01-26,3109.67,E0152
GR0000574,PO-2025-000564,2025-05-08,1518.82,E0159
GR0000575,PO-2025-000565,2025-05-27,40440.7,E0149
GR0000576,PO-2024-000566,2024-08-21,2713.85,E0163
GR0000577,PO-2024-000567,2024-05-20,13682.38,E0149
GR0000578,PO-2024-000568,2024-05-17,3954.08,E0154
GR0000579,PO-2024-000569,2025-01-14,3904.39,E0140
GR0000580,PO-2025-000570,2025-03-17,242.41,E0146
GR0000581,PO-2025-000571,2025-01-31,6156.34,E0147
GR0000582,PO-2025-000572,2025-05-12,886.74,E0159
GR0000583,PO-2024-000573,2024-06-01,1379.79,E0145
GR0000584,PO-2025-000574,2025-02-08,8499.71,E0146
GR0000585,PO-2024-000575,2024-06-22,2886.38,E0155
GR0000586,PO-2025-000576,2025-02-16,1053.96,E0155
GR0000587,PO-2025-000577,2025-04-10,1821.36,E0142
GR0000588,PO-2025-000578,2025-07-04,3499.11,E0155
GR0000589,PO-2024-000579,2024-12-27,2101.47,E0145
GR0000590,PO-2024-000580,2024-02-06,353.58,E0147
GR0000591,PO-2025-000581,2025-05-28,13877.3,E0141
GR0000592,PO-2025-000582,2025-03-22,4870.05,E0153
GR0000593,PO-2024-000583,2024-05-09,572.46,E0163
GR0000594,PO-2024-000583,2024-05-18,616.19,E0161
GR0000595,PO-2025-000584,2025-05-22,591.59,E0160
GR0000596,PO-2024-000585,2024-07-30,862.21,E0144
GR0000597,PO-2024-000586,2024-05-05,493.16,E0144
GR0000598,PO-2024-000587,2024-06-25,2937.16,E0160
GR0000599,PO-2025-000588,2025-03-18,896.0,E0158
GR0000600,PO-2025-000589,2025-02-10,941.36,E0143
GR0000601,PO-2024-000590,2024-02-10,2101.41,E0157
GR0000602,PO-2025-000591,2025-05-08,4895.59,E0140
GR0000603,PO-2025-000592,2025-02-12,8093.83,E0155
GR0000604,PO-2024-000593,2024-11-03,1566.34,E0161
GR0000605,PO-2024-000594,2024-11-18,3445.71,E0153
GR0000606,PO-2024-000595,2024-03-21,10788.77,E0159
GR0000607,PO-2025-000596,2025-01-25,9832.42,E0158
GR0000608,PO-2024-000597,2024-02-11,541.04,E0148
GR0000609,PO-2024-000598,2024-11-16,1955.02,E0143
GR0000610,PO-2024-000599,2024-09-19,3058.74,E0154
GR0000611,PO-2024-000600,2024-12-08,2076.68,E0143
GR0000612,PO-2024-000601,2024-08-04,9110.95,E0160
GR0000613,PO-2024-000602,2024-06-12,2556.19,E0150
GR0000614,PO-2025-000603,2025-06-09,1938.82,E0143
GR0000615,PO-2025-000603,2025-06-17,2436.66,E0154
GR0000616,PO-2024-000604,2025-01-05,2817.56,E0155
GR0000617,PO-2024-000605,2024-10-25,1112.5,E0154
GR0000618,PO-2024-000606,2024-07-21,2664.04,E0148
GR0000619,PO-2025-000607,2025-07-03,820.14,E0155
GR0000620,PO-2024-000608,2024-07-24,285.52,E0159
GR0000621,PO-2025-000609,2025-06-19,245.57,E0153
GR0000622,PO-2024-000610,2024-12-27,1134.85,E0159
GR0000623,PO-2024-000611,2024-05-06,9716.05,E0149
GR0000624,PO-2024-000612,2024-05-08,385.34,E0161
GR0000625,PO-2024-000613,2024-04-24,617.63,E0144
GR0000626,PO-2025-000614,2025-07-08,501.61,E0147
GR0000627,PO-2024-000615,2024-04-14,991.62,E0149
GR0000628,PO-2024-000616,2024-07-29,577.24,E0146
GR0000629,PO-2024-000617,2024-11-06,786.7,E0158
GR0000630,PO-2024-000617,2024-11-24,507.9,E0143
GR0000631,PO-2025-000618,2025-05-14,903.09,E0161
GR0000632,PO-2025-000619,2025-07-11,452.32,E0152
GR0000633,PO-2024-000620,2024-12-17,1517.73,E0140
GR0000634,PO-2025-000621,2025-03-22,2228.65,E0157
GR0000635,PO-2024-000622,2024-03-29,451.52,E0162
GR0000636,PO-2024-000623,2024-03-04,427.56,E0152
GR0000637,PO-2024-000624,2024-01-21,119.21,E0147
GR0000638,PO-2024-000625,2024-03-05,832.13,E0140
GR0000639,PO-2024-000626,2024-11-19,406.05,E0152
GR0000640,PO-2025-000627,2025-06-03,304.0,E0142
GR0000641,PO-2024-000628,2024-04-02,213.89,E0141
GR0000642,PO-2025-000629,2025-05-17,744.18,E0153
GR0000643,PO-2025-000629,2025-05-30,670.02,E0155
GR0000644,PO-2025-000630,2025-04-26,1600.79,E0153
GR0000645,PO-2024-000631,2024-05-17,671.29,E0145
GR0000646,PO-2024-000632,2024-04-26,402.38,E0143
GR0000647,PO-2024-000632,2024-05-09,203.75,E0147
GR0000648,PO-2024-000633,2024-02-11,1294.66,E0148
GR0000649,PO-2024-000634,2024-12-24,365.24,E0141
GR0000650,PO-2025-000635,2025-04-19,703.5,E0150
GR0000651,PO-2025-000636,2025-04-22,8270.52,E0154
GR0000652,PO-2025-000637,2025-03-05,8275.87,E0150
GR0000653,PO-2024-000638,2024-11-29,633.18,E0144
GR0000654,PO-2025-000639,2025-07-04,539.39,E0142
GR0000655,PO-2024-000640,2024-11-25,320.28,E0149
GR0000656,PO-2024-000641,2024-02-24,2236.01,E0162
GR0000657,PO-2024-000642,2024-06-19,1122.49,E0159
GR0000658,PO-2025-000643,2025-05-30,584.4,E0151
GR0000659,PO-2024-000644,2024-04-25,2746.72,E0160
GR0000660,PO-2024-000645,2025-01-07,799.94,E0163
GR0000661,PO-2024-000646,2024-10-18,186.38,E0162
GR0000662,PO-2024-000647,2024-03-16,582.76,E0158
GR0000663,PO-2025-000648,2025-02-18,657.27,E0159
GR0000664,PO-2025-000648,2025-03-02,553.76,E0148
GR0000665,PO-2024-000649,2024-10-31,580.82,E0161
GR0000666,PO-2024-000650,2024-06-10,774.04,E0163
GR0000667,PO-2024-000651,2024-11-08,12592.62,E0146
GR0000668,PO-2024-000652,2024-07-23,634.2,E0160
GR0000669,PO-2024-000653,2024-05-27,160.39,E0163
GR0000670,PO-2024-000654,2024-03-09,1786.83,E0148
GR0000671,PO-2025-000655,2025-07-12,1652.07,E0141
GR0000672,PO-2025-000656,2025-02-19,4235.53,E0157
GR0000673,PO-2024-000657,2024-02-18,1316.89,E0162
GR0000674,PO-2024-000658,2024-01-15,1077.68,E0162
GR0000675,PO-2024-000658,2024-01-24,615.4,E0140
GR0000676,PO-2025-000659,2025-04-19,1978.57,E0146
GR0000677,PO-2025-000660,2025-06-29,12567.04,E0144
GR0000678,PO-2024-000661,2024-10-20,1004.95,E0147
GR0000679,PO-2024-000662,2024-06-01,1762.06,E0161
GR0000680,PO-2025-000663,2025-03-06,903.65,E0150
GR0000681,PO-2024-000664,2024-02-06,532.87,E0144
GR0000682,PO-2024-000665,2024-11-10,190.14,E0160
GR0000683,PO-2024-000666,2024-09-21,912.25,E0161
GR0000684,PO-2024-000667,2024-06-02,535.66,E0151
GR0000685,PO-2024-000668,2024-05-24,271.2,E0162
GR0000686,PO-2024-000669,2024-08-03,539.62,E0161
GR0000687,PO-2025-000670,2025-03-22,3655.42,E0145
GR0000688,PO-2024-000671,2024-08-27,2693.66,E0142
GR0000689,PO-2024-000672,2024-11-04,1590.85,E0158
GR0000690,PO-2024-000672,2024-11-17,1558.15,E0151
GR0000691,PO-2024-000673,2024-12-26,1092.47,E0158
GR0000692,PO-2024-000674,2024-02-20,1354.0,E0152
GR0000693,PO-2024-000675,2024-11-07,772.3,E0154
GR0000694,PO-2025-000676,2025-03-09,670.54,E0151
GR0000695,PO-2024-000677,2024-07-15,736.87,E0142
GR0000696,PO-2024-000678,2024-10-19,962.81,E0161
GR0000697,PO-2024-000679,2024-07-01,119.88,E0146
GR0000698,PO-2024-000680,2024-06-26,384.05,E0154
GR0000699,PO-2024-000681,2024-07-29,300.53,E0152
GR0000700,PO-2024-000682,2024-01-22,1341.27,E0143
GR0000701,PO-2024-000683,2024-09-05,191.25,E0144
GR0000702,PO-2024-000683,2024-09-15,190.92,E0162
GR0000703,PO-2024-000684,2024-12-25,119.94,E0163
GR0000704,PO-2024-000685,2024-04-27,232.9,E0148
GR0000705,PO-2025-000686,2025-06-12,192.0,E0154
GR0000706,PO-2025-000687,2025-01-22,1293.7,E0162
GR0000707,PO-2025-000688,2025-05-24,815.16,E0159
GR0000708,PO-2024-000689,2024-01-12,12629.14,E0150
GR0000709,PO-2024-000690,2024-06-21,3025.65,E0142
GR0000710,PO-2024-000691,2024-01-25,1201.4,E0163
GR0000711,PO-2024-000692,2024-03-09,2642.88,E0159
GR0000712,PO-2024-000693,2024-08-16,5350.88,E0144
GR0000713,PO-2024-000694,2024-12-01,1260.22,E0146
GR0000714,PO-2025-000695,2025-05-23,1073.87,E0140
GR0000715,PO-2025-000695,2025-06-11,596.64,E0152
GR0000716,PO-2024-000696,2024-11-08,3926.93,E0145
GR0000717,PO-2024-000697,2024-11-30,1242.35,E0159
GR0000718,PO-2024-000698,2024-08-12,2360.13,E0159
GR0000719,PO-2024-000699,2024-04-15,656.99,E0154
GR0000720,PO-2024-000700,2024-05-24,1884.43,E0162
GR0000721,PO-2024-000720,2024-02-17,4869.71,E0155
GR0000722,PO-2024-000721,2024-09-03,806.94,E0146
GR0000723,PO-2024-000722,2024-11-17,1568.3,E0157
GR0000724,PO-2025-000723,2025-05-24,2551.67,E0158
GR0000725,PO-2024-000724,2024-10-03,1926.54,E0152
GR0000726,PO-2025-000725,2025-03-18,4841.44,E0160
GR0000727,PO-2024-000726,2024-04-07,31759.33,E0162
GR0000728,PO-2024-000727,2024-01-20,15719.8,E0153
GR0000729,PO-2025-000728,2025-02-20,2850.89,E0148
GR0000730,PO-2024-000729,2024-06-14,1648.18,E0144
GR0000731,PO-2024-000730,2024-09-04,4050.03,E0154
GR0000732,PO-2024-000731,2024-10-30,1126.03,E0150
GR0000733,PO-2024-000732,2024-08-04,2999.68,E0155
GR0000734,PO-2024-000733,2024-07-27,11533.41,E0153
GR0000735,PO-2024-000734,2024-01-28,17720.5,E0152
GR0000736,PO-2024-000735,2024-07-10,5244.63,E0161
GR0000737,PO-2024-000736,2024-10-17,3363.53,E0144
GR0000738,PO-2024-000737,2024-08-10,3655.92,E0160
GR0000739,PO-2024-000738,2024-06-17,2918.27,E0143
GR0000740,PO-2024-000739,2025-01-05,9273.33,E0141
GR0000741,PO-2024-000740,2024-10-26,519.04,E0163
GR0000742,PO-2025-000741,2025-06-18,6853.9,E0146
GR0000743,PO-2024-000742,2024-09-24,3261.18,E0161
GR0000744,PO-2025-000743,2025-04-11,8236.75,E0161
GR0000745,PO-2025-000744,2025-01-28,7075.63,E0148
GR0000746,PO-2024-000745,2024-01-14,3789.34,E0141
GR0000747,PO-2024-000746,2024-12-07,4770.64,E0142
GR0000748,PO-2024-000747,2024-03-13,2422.95,E0156
GR0000749,PO-2024-000747,2024-03-27,1163.92,E0160
GR0000750,PO-2025-000748,2025-03-24,2695.16,E0151
GR0000751,PO-2024-000749,2024-06-19,991.74,E0145
GR0000752,PO-2025-000750,2025-03-23,5656.75,E0160
GR0000753,PO-2025-000751,2025-04-27,2498.11,E0160
GR0000754,PO-2025-000752,2025-02-16,4203.11,E0157
GR0000755,PO-2025-000753,2025-02-05,1814.95,E0156
GR0000756,PO-2024-000754,2024-12-07,1110.96,E0149
GR0000757,PO-2024-000755,2024-08-25,10599.91,E0151
GR0000758,PO-2024-000756,2024-05-18,19923.92,E0155
GR0000759,PO-2025-000757,2025-04-13,706.4,E0148
GR0000760,PO-2024-000758,2024-07-13,8352.54,E0161
GR0000761,PO-2024-000759,2024-07-21,1542.26,E0156
GR0000762,PO-2024-000759,2024-07-26,1525.96,E0147
GR0000763,PO-2024-000760,2024-10-31,4318.04,E0143
GR0000764,PO-2024-000761,2024-07-08,495.48,E0160
GR0000765,PO-2024-000761,2024-07-24,689.84,E0155
GR0000766,PO-2024-000762,2024-09-10,5140.88,E0147
GR0000767,PO-2024-000763,2024-08-18,638.62,E0158
GR0000768,PO-2024-000764,2024-01-18,1630.08,E0161
GR0000769,PO-2024-000765,2024-05-21,1832.4,E0160
GR0000770,PO-2024-000766,2024-06-18,9174.95,E0153
GR0000771,PO-2024-000767,2025-01-10,1444.77,E0154
GR0000772,PO-2024-000768,2024-09-26,261.46,E0148
GR0000773,PO-2024-000768,2024-10-14,212.82,E0147
GR0000774,PO-2025-000769,2025-03-12,153.43,E0147
GR0000775,PO-2024-000770,2024-12-07,191.81,E0145
GR0000776,PO-2024-000771,2024-09-22,982.61,E0154
GR0000777,PO-2025-000772,2025-06-12,1242.11,E0146
GR0000778,PO-2025-000773,2025-02-11,462.27,E0146
GR0000779,PO-2025-000774,2025-02-21,116.42,E0150
GR0000780,PO-2024-000775,2024-04-07,3153.42,E0156
GR0000781,PO-2024-000776,2024-05-20,693.88,E0142
GR0000782,PO-2024-000777,2024-10-05,403.51,E0151
GR0000783,PO-2024-000778,2024-11-04,275.84,E0157
GR0000784,PO-2024-000779,2024-10-12,441.44,E0148
GR0000785,PO-2024-000780,2024-05-02,3806.8,E0163
GR0000786,PO-2024-000781,2024-04-01,200.24,E0161
GR0000787,PO-2025-000782,2025-03-16,116.81,E0158
GR0000788,PO-2024-000783,2024-05-06,481.26,E0161
GR0000789,PO-2024-000784,2024-01-15,216.69,E0150
GR0000790,PO-2024-000784,2024-01-29,228.46,E0157
GR0000791,PO-2024-000785,2024-01-15,1470.06,E0148
GR0000792,PO-2024-000786,2024-12-08,177.88,E0159
GR0000793,PO-2024-000787,2024-10-19,2115.04,E0146
GR0000794,PO-2024-000788,2024-05-13,152.22,E0147
GR0000795,PO-2024-000789,2024-04-24,698.21,E0163
GR0000796,PO-2024-000790,2024-04-10,763.02,E0141
GR0000797,PO-2024-000791,2024-06-06,258.08,E0163
GR0000798,PO-2025-000792,2025-02-27,1669.24,E0151
GR0000799,PO-2024-000793,2024-06-14,3083.3,E0142
GR0000800,PO-2024-000794,2024-12-30,1017.54,E0155
GR0000801,PO-2024-000795,2024-04-03,487.39,E0162
GR0000802,PO-2025-000796,2025-06-06,300.4,E0152
GR0000803,PO-2025-000797,2025-05-01,455.34,E0160
GR0000804,PO-2024-000798,2024-03-01,294.78,E0150
GR0000805,PO-2024-000799,2024-04-12,3047.69,E0154
GR0000806,PO-2025-000800,2025-04-27,719.03,E0146
GR0000807,PO-2025-000801,2025-02-18,919.11,E0151
GR0000808,PO-2025-000802,2025-07-01,177990.14,E0147
GR0000809,PO-2024-000803,2024-07-16,13336.87,E0153
GR0000810,PO-2024-000804,2024-05-01,69560.14,E0144
GR0000811,PO-2024-000805,2024-10-20,52763.3,E0145
GR0000812,PO-2024-000806,2024-06-29,16073.53,E0162
GR0000813,PO-2024-000807,2024-07-12,31281.53,E0151
GR0000814,PO-2024-000808,2024-04-13,81657.92,E0143
GR0000815,PO-2025-000809,2025-03-19,20056.96,E0144
GR0000816,PO-2025-000809,2025-03-28,25866.59,E0146
GR0000817,PO-2024-000810,2024-04-18,2374.38,E0160
GR0000818,PO-2025-000811,2025-05-14,3819.1,E0153
GR0000819,PO-2024-000812,2024-06-17,31631.91,E0156
GR0000820,PO-2024-000813,2024-02-13,11991.43,E0154
GR0000821,PO-2024-000814,2024-12-20,18743.62,E0161
GR0000822,PO-2025-000815,2025-03-14,31489.21,E0161
GR0000823,PO-2025-000815,2025-03-29,24363.59,E0142
GR0000824,PO-2025-000816,2025-03-14,2178.53,E0158
GR0000825,PO-2024-000817,2024-11-25,10561.01,E0147
GR0000826,PO-2024-000818,2024-04-09,12200.47,E0148
GR0000827,PO-2025-000819,2025-01-25,28495.88,E0142
GR0000828,PO-2024-000820,2024-07-17,9107.78,E0161
GR0000829,PO-2024-000821,2024-05-01,48753.14,E0150
GR0000830,PO-2025-000822,2025-02-12,173.18,E0156
GR0000831,PO-2025-000823,2025-06-21,6183.54,E0163
GR0000832,PO-2024-000824,2024-07-27,2018.02,E0145
GR0000833,PO-2024-000825,2024-04-18,2371.49,E0145
GR0000834,PO-2024-000826,2024-11-23,3553.93,E0162
GR0000835,PO-2025-000827,2025-06-05,4047.53,E0159
GR0000836,PO-2025-000828,2025-04-29,8760.94,E0159
GR0000837,PO-2025-000829,2025-06-07,225.62,E0148
GR0000838,PO-2024-000830,2024-03-06,1379.95,E0152
GR0000839,PO-2024-000831,2024-07-31,7636.69,E0146
GR0000840,PO-2024-000832,2024-01-24,386.91,E0151
GR0000841,PO-2024-000833,2024-05-10,2863.29,E0157
GR0000842,PO-2025-000834,2025-01-18,6329.06,E0150
GR0000843,PO-2024-000835,2024-03-30,2300.77,E0142
GR0000844,PO-2024-000836,2024-04-26,1946.8,E0159
GR0000845,PO-2024-000837,2024-04-28,2311.85,E0146
GR0000846,PO-2024-000838,2024-12-06,84841.1,E0151
GR0000847,PO-2025-000839,2025-04-02,997.96,E0157
GR0000848,PO-2025-000840,2025-02-23,2641.82,E0156
GR0000849,PO-2024-000841,2024-02-17,3928.84,E0161
GR0000850,PO-2025-000842,2025-03-06,459.55,E0160
GR0000851,PO-2024-000843,2024-09-25,5119.29,E0148
GR0000852,PO-2024-000844,2024-05-18,9057.48,E0151
GR0000853,PO-2024-000845,2024-06-26,5769.13,E0146
GR0000854,PO-2025-000846,2025-05-17,165.63,E0148
GR0000855,PO-2025-000846,2025-06-01,192.75,E0143
GR0000856,PO-2025-000847,2025-04-22,29687.75,E0152
GR0000857,PO-2025-000848,2025-02-17,1808.04,E0155
GR0000858,PO-2025-000849,2025-03-11,181.96,E0143
GR0000859,PO-2024-000850,2024-07-31,380.89,E0144
GR0000860,PO-2024-000851,2024-05-06,2529.6,E0154
GR0000861,PO-2025-000852,2025-04-20,1986.97,E0146
GR0000862,PO-2025-000853,2025-02-04,1045.04,E0161
GR0000863,PO-2024-000854,2024-02-14,3047.33,E0157
GR0000864,PO-2025-000855,2025-02-21,453.29,E0155
GR0000865,PO-2024-000856,2024-06-09,8259.73,E0150
GR0000866,PO-2025-000857,2025-06-25,1400.18,E0148
GR0000867,PO-2024-000858,2024-04-07,1698.89,E0157
GR0000868,PO-2024-000859,2024-03-04,1353.55,E0146
GR0000869,PO-2025-000860,2025-04-01,1355.88,E0147
GR0000870,PO-2025-000861,2025-05-26,2238.34,E0160
GR0000871,PO-2025-000862,2025-01-29,5444.56,E0157
GR0000872,PO-2024-000863,2024-06-13,4336.02,E0157
GR0000873,PO-2025-000864,2025-04-21,5576.8,E0140
GR0000874,PO-2025-000865,2025-05-16,2094.45,E0140
GR0000875,PO-2024-000866,2024-07-13,1085.58,E0163
GR0000876,PO-2024-000867,2024-06-10,19550.53,E0142
GR0000877,PO-2024-000868,2024-06-16,899.27,E0152
GR0000878,PO-2024-000869,2024-05-28,1046.83,E0154
GR0000879,PO-2025-000870,2025-01-23,753.95,E0149
GR0000880,PO-2024-000871,2024-07-02,618.65,E0157
GR0000881,PO-2024-000872,2024-03-01,6185.75,E0159
GR0000882,PO-2024-000873,2024-10-24,4134.9,E0145
GR0000883,PO-2024-000874,2024-08-17,836.4,E0149
GR0000884,PO-2025-000875,2025-01-25,23288.81,E0157
GR0000885,PO-2024-000876,2024-06-16,8624.55,E0161
GR0000886,PO-2025-000877,2025-01-21,1440.77,E0152
GR0000887,PO-2025-000878,2025-05-11,914.26,E0152
GR0000888,PO-2025-000879,2025-02-07,6430.97,E0148
GR0000889,PO-2024-000880,2024-07-09,1803.04,E0142
GR0000890,PO-2025-000881,2025-01-26,992.61,E0156
GR0000891,PO-2024-000882,2024-03-17,2742.83,E0148
GR0000892,PO-2025-000883,2025-02-11,977.22,E0149
GR0000893,PO-2024-000884,2024-08-16,4909.19,E0142
GR0000894,PO-2024-000885,2024-09-23,475.33,E0143
GR0000895,PO-2024-000886,2024-04-08,2674.08,E0157
GR0000896,PO-2024-000886,2024-04-18,1772.77,E0141
GR0000897,PO-2024-000887,2024-08-06,7130.16,E0159
GR0000898,PO-2024-000888,2024-03-08,2814.36,E0157
GR0000899,PO-2024-000889,2024-03-05,31660.96,E0148
GR0000900,PO-2024-000890,2024-07-13,27289.35,E0146
GR0000901,PO-2025-000891,2025-06-03,149.3,E0148
GR0000902,PO-2025-000891,2025-06-18,209.32,E0143
GR0000903,PO-2024-000892,2024-11-10,3767.74,E0154
GR0000904,PO-2024-000893,2024-12-09,1391.8,E0153
GR0000905,PO-2024-000894,2024-11-09,28447.84,E0142
GR0000906,PO-2025-000895,2025-05-13,4902.16,E0158
GR0000907,PO-2024-000896,2024-06-19,1346.61,E0148
GR0000908,PO-2024-000897,2024-03-20,5092.87,E0151
GR0000909,PO-2024-000898,2024-01-21,4017.13,E0161
GR0000910,PO-2025-000899,2025-05-29,4281.49,E0155
GR0000911,PO-2024-000900,2024-01-11,1182.7,E0144
GR0000912,PO-2024-000900,2024-01-27,1562.65,E0157
GR0000913,PO-2024-000901,2024-10-03,25357.77,E0153
GR0000914,PO-2025-000902,2025-06-11,2367.91,E0140
GR0000915,PO-2024-000903,2024-12-22,1614.21,E0144
GR0000916,PO-2024-000904,2024-08-07,1193.7,E0145
GR0000917,PO-2025-000905,2025-05-09,844.52,E0162
GR0000918,PO-2024-000906,2024-02-06,1628.58,E0159
GR0000919,PO-2024-000907,2024-03-10,4285.95,E0144
GR0000920,PO-2024-000907,2024-03-24,1866.47,E0159
GR0000921,PO-2025-000908,2025-01-27,1097.92,E0153
GR0000922,PO-2025-000908,2025-01-30,751.06,E0141
GR0000923,PO-2024-000909,2024-07-12,9318.85,E0142
GR0000924,PO-2024-000910,2024-11-26,6570.83,E0140
GR0000925,PO-2024-000911,2024-05-11,478.29,E0152
GR0000926,PO-2024-000912,2024-03-23,4359.93,E0158
GR0000927,PO-2025-000913,2025-03-03,11226.93,E0143
GR0000928,PO-2025-000914,2025-01-25,3000.74,E0146
GR0000929,PO-2024-000915,2024-07-14,1361.65,E0155
GR0000930,PO-2024-000916,2024-05-20,3064.49,E0160
GR0000931,PO-2024-000916,2024-05-27,1822.39,E0161
GR0000932,PO-2025-000917,2025-04-08,860.95,E0150
GR0000933,PO-2025-000917,2025-04-22,1192.62,E0155
GR0000934,PO-2024-000918,2024-11-15,2812.17,E0152
GR0000935,PO-2024-000919,2024-07-04,2490.35,E0143
GR0000936,PO-2024-000920,2024-08-16,3801.85,E0151
GR0000937,PO-2024-000920,2024-08-26,2783.5,E0143
GR0000938,PO-2024-000921,2024-10-29,7674.21,E0161
GR0000939,PO-2024-000922,2024-07-04,14972.99,E0151
GR0000940,PO-2024-000923,2024-10-18,3139.99,E0141
GR0000941,PO-2024-000924,2024-03-06,2215.17,E0156
GR0000942,PO-2024-000925,2024-10-11,1176.03,E0156
GR0000943,PO-2024-000926,2024-03-11,1761.43,E0155
GR0000944,PO-2024-000927,2024-02-07,1953.48,E0156
GR0000945,PO-2024-000928,2024-12-11,519.19,E0140
GR0000946,PO-2025-000929,2025-01-09,994.49,E0148
GR0000947,PO-2025-000929,2025-01-16,810.88,E0142
GR0000948,PO-2024-000930,2024-10-20,632.07,E0146
GR0000949,PO-2025-000931,2025-01-06,710.99,E0140
GR0000950,PO-2024-000932,2024-11-06,564.78,E0142
GR0000951,PO-2024-000932,2024-11-13,246.12,E0151
GR0000952,PO-2024-000933,2024-10-17,1109.12,E0142
GR0000953,PO-2024-000933,2024-10-30,594.39,E0159
GR0000954,PO-2025-000934,2025-07-01,721.87,E0144
GR0000955,PO-2025-000934,2025-07-09,466.26,E0151
GR0000956,PO-2024-000935,2024-08-14,2376.35,E0160
GR0000957,PO-2024-000936,2024-03-11,6630.48,E0163
GR0000958,PO-2025-000937,2025-04-19,4596.58,E0141
GR0000959,PO-2024-000938,2024-11-25,23590.62,E0163
GR0000960,PO-2024-000939,2024-11-12,45100.6,E0160
GR0000961,PO-2024-000940,2024-06-04,5781.35,E0160
GR0000962,PO-2025-000941,2025-02-15,2096.21,E0162
GR0000963,PO-2025-000942,2025-05-06,8439.8,E0162
GR0000964,PO-2024-000943,2024-06-17,2142.33,E0157
GR0000965,PO-2024-000944,2024-04-22,8453.64,E0146
GR0000966,PO-2024-000945,2024-02-09,2884.68,E0159
GR0000967,PO-2024-000945,2024-02-16,2128.6,E0153
GR0000968,PO-2025-000946,2025-05-27,30039.76,E0154
GR0000969,PO-2024-000947,2024-08-20,20899.48,E0156
GR0000970,PO-2025-000948,2025-05-09,9753.45,E0154
GR0000971,PO-2025-000948,2025-05-12,6149.92,E0142
GR0000972,PO-2025-000949,2025-07-09,1605.04,E0161
GR0000973,PO-2024-000950,2024-04-16,3247.42,E0154
GR0000974,PO-2024-000950,2024-04-26,2822.68,E0154
GR0000975,PO-2024-000951,2024-11-11,1438.14,E0162
GR0000976,PO-2024-000952,2024-07-24,6190.13,E0145
GR0000977,PO-2024-000952,2024-07-30,8790.89,E0141
GR0000978,PO-2024-000953,2024-10-12,2741.06,E0149
GR0000979,PO-2024-000954,2024-01-19,1704.34,E0154
GR0000980,PO-2025-000955,2025-05-03,936.43,E0148
GR0000981,PO-2025-000955,2025-05-10,1002.46,E0144
GR0000982,PO-2024-000956,2024-11-20,1406.68,E0157
GR0000983,PO-2024-000957,2024-07-13,2730.24,E0160
GR0000984,PO-2024-000958,2024-12-08,197.2,E0146
GR0000985,PO-2024-000959,2025-01-08,1556.08,E0157
GR0000986,PO-2024-000960,2024-01-26,592.47,E0160
GR0000987,PO-2025-000961,2025-03-10,1687.45,E0155
GR0000988,PO-2024-000962,2024-09-24,981.54,E0143
GR0000989,PO-2024-000963,2024-01-27,2471.15,E0160
GR0000990,PO-2025-000964,2025-01-19,1271.95,E0149
GR0000991,PO-2024-000965,2024-01-31,3802.05,E0163
GR0000992,PO-2024-000966,2024-05-05,312.5,E0155
GR0000993,PO-2025-000967,2025-01-07,1634.39,E0148
GR0000994,PO-2025-000968,2025-04-05,14715.77,E0148
GR0000995,PO-2025-000969,2025-06-29,2320.29,E0143
GR0000996,PO-2025-000970,2025-05-21,1624.61,E0153
GR0000997,PO-2025-000971,2025-05-07,1618.69,E0151
GR0000998,PO-2025-000971,2025-05-13,1119.56,E0155
GR0000999,PO-2025-000972,2025-02-12,6944.48,E0148
GR0001000,PO-2024-000973,2024-03-06,7366.86,E0157
GR0001001,PO-2024-000974,2024-07-29,7826.81,E0150
GR0001002,PO-2024-000975,2024-08-09,829.73,E0143
GR0001003,PO-2024-000976,2024-06-24,374.89,E0154
GR0001004,PO-2024-000977,2024-05-15,5069.11,E0151
GR0001005,PO-2024-000978,2024-09-03,622.42,E0161
GR0001006,PO-2024-000979,2024-02-05,658.84,E0148
GR0001007,PO-2025-000980,2025-07-01,339.68,E0160
GR0001008,PO-2025-000980,2025-07-09,162.7,E0149
GR0001009,PO-2024-000981,2024-10-30,1969.29,E0160
GR0001010,PO-2025-000982,2025-04-16,5383.31,E0160
GR0001011,PO-2025-000982,2025-04-26,5502.02,E0146
GR0001012,PO-2024-000983,2024-03-09,6731.55,E0143
GR0001013,PO-2024-000984,2024-01-19,696.89,E0157
GR0001014,PO-2024-000985,2024-12-26,5445.13,E0152
GR0001015,PO-2024-000986,2024-03-04,2934.26,E0147
GR0001016,PO-2024-000987,2024-01-11,2036.18,E0148
GR0001017,PO-2024-000987,2024-01-28,1938.56,E0143
GR0001018,PO-2025-000988,2025-03-22,11974.78,E0141
GR0001019,PO-2025-000989,2025-04-09,4004.47,E0159
GR0001020,PO-2025-000990,2025-03-26,4271.87,E0144
GR0001021,PO-2024-000991,2024-08-04,1527.94,E0154
GR0001022,PO-2024-000992,2024-04-24,28023.5,E0157
GR0001023,PO-2024-000992,2024-05-02,29203.12,E0151
GR0001024,PO-2025-000993,2025-06-28,4107.89,E0150
GR0001025,PO-2025-000994,2025-05-04,1198.81,E0149
GR0001026,PO-2025-000995,2025-02-27,317.2,E0144
GR0001027,PO-2025-000996,2025-02-03,4767.74,E0155
GR0001028,PO-2025-000996,2025-02-17,2664.24,E0148
GR0001029,PO-2025-000997,2025-06-09,6144.02,E0157
GR0001030,PO-2025-000998,2025-01-24,7484.61,E0163
GR0001031,PO-2024-000999,2024-02-20,3570.68,E0152
GR0001032,PO-2025-001000,2025-05-31,3120.48,E0160
GR0001033,PO-2024-001001,2024-10-27,28135.86,E0161
GR0001034,PO-2025-001002,2025-01-27,4523.74,E0160
GR0001035,PO-2024-001003,2024-07-02,364.46,E0153
GR0001036,PO-2025-001004,2025-07-17,4526.99,E0156
GR0001037,PO-2025-001005,2025-03-28,6843.77,E0141
GR0001038,PO-2024-001006,2024-03-01,3586.98,E0140
GR0001039,PO-2024-001007,2024-06-28,307.71,E0149
GR0001040,PO-2024-001008,2024-03-17,350.7,E0160
GR0001041,PO-2024-001009,2024-09-07,560.67,E0155
GR0001042,PO-2024-001009,2024-09-19,314.77,E0145
GR0001043,PO-2025-001010,2025-05-07,4609.28,E0144
GR0001044,PO-2024-001011,2024-06-11,1549.36,E0150
GR0001045,PO-2024-001012,2024-01-14,2292.08,E0158
GR0001046,PO-2024-001013,2024-04-13,1682.28,E0160
GR0001047,PO-2024-001014,2024-05-09,335.92,E0149
GR0001048,PO-2025-001015,2025-03-17,2756.75,E0140
GR0001049,PO-2024-001016,2024-08-07,786.65,E0140
GR0001050,PO-2024-001017,2024-07-09,8744.99,E0158
GR0001051,PO-2025-001018,2025-03-10,4453.17,E0142
GR0001052,PO-2025-001019,2025-07-03,1504.42,E0144
GR0001053,PO-2024-001020,2024-04-14,1909.51,E0147
GR0001054,PO-2025-001021,2025-05-11,4138.66,E0142
GR0001055,PO-2024-001022,2024-10-30,397.56,E0157
GR0001056,PO-2025-001023,2025-06-19,2649.01,E0161
GR0001057,PO-2025-001024,2025-06-02,158.42,E0143
GR0001058,PO-2024-001025,2024-09-07,1264.6,E0154
GR0001059,PO-2025-001026,2025-01-28,1596.19,E0163
GR0001060,PO-2024-001027,2024-07-20,303.3,E0152
GR0001061,PO-2024-001028,2024-02-07,1742.49,E0158
GR0001062,PO-2024-001028,2024-02-16,1767.94,E0144
GR0001063,PO-2024-001029,2024-07-14,1771.23,E0143
GR0001064,PO-2024-001029,2024-07-21,1945.3,E0152
GR0001065,PO-2024-001030,2024-02-21,3930.17,E0142
GR0001066,PO-2024-001031,2024-09-02,1004.77,E0150
GR0001067,PO-2024-001032,2024-07-12,1200.76,E0147
GR0001068,PO-2024-001033,2024-03-22,7806.43,E0148
GR0001069,PO-2025-001034,2025-05-28,5010.65,E0158
GR0001070,PO-2025-001035,2025-06-08,1226.81,E0153
GR0001071,PO-2024-001036,2024-11-22,15891.42,E0160
GR0001072,PO-2025-001037,2025-05-27,18710.15,E0155
GR0001073,PO-2024-001038,2024-02-17,705.16,E0142
GR0001074,PO-2025-001039,2025-01-27,1788.19,E0143
GR0001075,PO-2024-001040,2024-04-04,418.29,E0140
GR0001076,PO-2024-001041,2024-12-08,2657.72,E0143
GR0001077,PO-2024-001042,2024-03-02,918.96,E0140
GR0001078,PO-2024-001043,2024-11-30,2160.34,E0144
GR0001079,PO-2025-001044,2025-04-01,1161.57,E0158
GR0001080,PO-2025-001045,2025-06-02,2951.66,E0153
GR0001081,PO-2025-001046,2025-02-21,3641.15,E0142
GR0001082,PO-2024-001047,2024-07-28,132.72,E0142
GR0001083,PO-2025-001048,2025-05-01,761.25,E0162
GR0001084,PO-2024-001049,2024-03-26,329.56,E0160
GR0001085,PO-2024-001050,2024-10-08,796.57,E0144
GR0001086,PO-2024-001051,2024-12-26,2390.81,E0156
GR0001087,PO-2024-001052,2024-04-12,3672.94,E0141
GR0001088,PO-2024-001053,2024-11-18,9365.64,E0162
GR0001089,PO-2024-001054,2024-04-04,291.04,E0153
GR0001090,PO-2024-001055,2024-08-03,731.68,E0150
GR0001091,PO-2024-001055,2024-08-23,375.14,E0163
GR0001092,PO-2024-001056,2024-07-05,949.13,E0141
GR0001093,PO-2025-001057,2025-03-10,2414.8,E0141
GR0001094,PO-2025-001058,2025-01-30,1736.3,E0155
GR0001095,PO-2025-001059,2025-02-06,2606.48,E0142
GR0001096,PO-2025-001060,2025-04-11,396.46,E0140
GR0001097,PO-2024-001061,2024-07-18,702.21,E0163
GR0001098,PO-2024-001061,2024-08-02,747.11,E0159
GR0001099,PO-2024-001062,2024-10-30,4314.35,E0146
GR0001100,PO-2025-001063,2025-02-18,455.35,E0157
GR0001101,PO-2024-001064,2024-08-17,1576.34,E0160
GR0001102,PO-2024-001065,2024-09-17,3732.98,E0160
GR0001103,PO-2024-001066,2024-12-11,4499.11,E0158
GR0001104,PO-2025-001067,2025-04-20,2632.8,E0144
GR0001105,PO-2025-001067,2025-04-28,1600.27,E0150
GR0001106,PO-2025-001068,2025-04-08,4479.15,E0146
GR0001107,PO-2024-001069,2024-06-10,2486.48,E0140
GR0001108,PO-2024-001070,2024-07-12,590.83,E0149
GR0001109,PO-2025-001071,2025-06-25,1392.97,E0158
GR0001110,PO-2024-001072,2024-04-03,1030.49,E0151
GR0001111,PO-2025-001073,2025-04-08,1685.43,E0147
GR0001112,PO-2025-001074,2025-02-27,5950.46,E0163
GR0001113,PO-2024-001075,2024-11-22,1214.75,E0149
GR0001114,PO-2024-001076,2024-08-27,254.85,E0144
GR0001115,PO-2024-001077,2024-09-21,4356.28,E0155
GR0001116,PO-2024-001078,2024-09-16,1221.58,E0154
GR0001117,PO-2024-001079,2024-06-16,5067.65,E0141
GR0001118,PO-2025-001080,2025-02-01,1107.69,E0143
GR0001119,PO-2024-001081,2024-09-14,4324.62,E0150
GR0001120,PO-2024-001082,2024-08-06,1073.79,E0159
GR0001121,PO-2024-001083,2024-12-01,7006.88,E0151
GR0001122,PO-2024-001114,2024-02-21,9847.93,E0159
GR0001123,PO-2024-001115,2024-11-27,768.78,E0145
GR0001124,PO-2024-001116,2025-01-08,2422.11,E0157
GR0001125,PO-2024-001117,2024-03-19,2557.78,E0154
GR0001126,PO-2024-001118,2024-08-06,6961.61,E0157
GR0001127,PO-2025-001119,2025-05-12,52434.87,E0149
GR0001128,PO-2024-001120,2025-01-12,7016.24,E0149
GR0001129,PO-2025-001121,2025-04-10,2110.46,E0145
GR0001130,PO-2025-001122,2025-01-13,791.61,E0144
GR0001131,PO-2025-001123,2025-06-23,16006.99,E0143
GR0001132,PO-2024-001124,2024-07-10,19012.82,E0142
GR0001133,PO-2024-001125,2025-01-01,2170.28,E0143
GR0001134,PO-2024-001126,2024-12-12,2092.14,E0160
GR0001135,PO-2024-001127,2024-10-01,403.86,E0156
GR0001136,PO-2025-001128,2025-03-04,378.11,E0146
GR0001137,PO-2025-001128,2025-03-23,305.07,E0163
GR0001138,PO-2024-001129,2024-07-21,5228.45,E0148
GR0001139,PO-2024-001130,2024-06-06,1468.13,E0160
GR0001140,PO-2024-001131,2024-05-25,4686.62,E0150
GR0001141,PO-2024-001132,2024-11-06,7592.05,E0140
GR0001142,PO-2025-001133,2025-03-12,8393.23,E0156
GR0001143,PO-2024-001134,2024-05-04,3124.12,E0163
GR0001144,PO-2024-001135,2024-03-17,2086.76,E0161
GR0001145,PO-2025-001136,2025-04-19,803.71,E0149
GR0001146,PO-2024-001137,2024-02-23,6832.5,E0159
GR0001147,PO-2024-001137,2024-03-07,6461.17,E0163
GR0001148,PO-2025-001138,2025-04-24,1560.09,E0147
GR0001149,PO-2024-001139,2024-08-31,52926.61,E0162
GR0001150,PO-2025-001140,2025-05-30,2725.63,E0157
GR0001151,PO-2025-001141,2025-05-03,4881.2,E0163
GR0001152,PO-2024-001142,2024-10-21,662.16,E0151
GR0001153,PO-2024-001142,2024-11-01,832.85,E0161
GR0001154,PO-2025-001143,2025-03-17,2370.56,E0145
GR0001155,PO-2025-001144,2025-05-21,5528.08,E0152
GR0001156,PO-2025-001145,2025-02-10,17610.99,E0149
GR0001157,PO-2024-001146,2024-02-11,13320.32,E0140
GR0001158,PO-2024-001147,2024-07-07,2694.66,E0160
GR0001159,PO-2024-001148,2024-01-17,800.78,E0145
GR0001160,PO-2025-001149,2025-06-25,11215.93,E0141
GR0001161,PO-2024-001150,2024-11-18,8717.06,E0160
GR0001162,PO-2024-001151,2024-03-27,28495.07,E0154
GR0001163,PO-2024-001152,2024-08-05,15464.88,E0157
GR0001164,PO-2025-001153,2025-06-25,983.81,E0151
GR0001165,PO-2024-001154,2024-12-17,1438.29,E0155
GR0001166,PO-2025-001155,2025-05-28,175.83,E0143
GR0001167,PO-2024-001156,2024-07-21,4295.89,E0155
GR0001168,PO-2024-001157,2024-07-13,1546.12,E0155
GR0001169,PO-2025-001158,2025-03-07,26505.45,E0150
GR0001170,PO-2024-001159,2024-05-23,2837.14,E0157
GR0001171,PO-2024-001160,2024-09-09,2104.15,E0161
GR0001172,PO-2025-001161,2025-01-26,1424.26,E0145
GR0001173,PO-2025-001161,2025-02-05,794.61,E0149
GR0001174,PO-2024-001162,2024-12-04,1377.08,E0147
GR0001175,PO-2025-001163,2025-03-09,482.02,E0152
GR0001176,PO-2025-001164,2025-06-30,6567.89,E0143
GR0001177,PO-2024-001165,2024-04-11,694.42,E0148
GR0001178,PO-2025-001166,2025-02-01,1859.34,E0148
GR0001179,PO-2025-001167,2025-01-22,1028.37,E0162
GR0001180,PO-2024-001168,2024-07-23,522.24,E0147
GR0001181,PO-2024-001169,2024-08-21,323.26,E0161
GR0001182,PO-2024-001170,2024-07-02,465.95,E0142
GR0001183,PO-2024-001170,2024-07-14,412.36,E0145
GR0001184,PO-2025-001171,2025-06-11,1493.79,E0157
GR0001185,PO-2025-001172,2025-04-06,6697.39,E0152
GR0001186,PO-2024-001173,2024-10-31,1059.89,E0140
GR0001187,PO-2024-001174,2024-12-11,9291.45,E0155
GR0001188,PO-2024-001175,2024-01-08,24989.09,E0145
GR0001189,PO-2025-001176,2025-01-31,768.43,E0149
GR0001190,PO-2024-001177,2024-05-19,1971.31,E0153
GR0001191,PO-2024-001178,2024-08-01,1753.74,E0143
GR0001192,PO-2025-001179,2025-07-03,5215.9,E0156
GR0001193,PO-2024-001180,2025-01-08,1465.15,E0153
GR0001194,PO-2025-001181,2025-02-14,8662.4,E0158
GR0001195,PO-2025-001182,2025-05-29,2031.07,E0163
GR0001196,PO-2025-001183,2025-01-21,4971.05,E0148
GR0001197,PO-2024-001184,2024-05-08,1638.61,E0158
GR0001198,PO-2024-001185,2024-08-10,828.16,E0163
GR0001199,PO-2025-001186,2025-03-07,6095.55,E0145
GR0001200,PO-2024-001187,2024-04-30,6047.31,E0148
GR0001201,PO-2025-001188,2025-02-27,6617.85,E0157
GR0001202,PO-2024-001189,2024-01-16,2162.39,E0145
GR0001203,PO-2024-001190,2024-03-28,8468.48,E0142
GR0001204,PO-2024-001191,2024-11-30,747.71,E0162
GR0001205,PO-2024-001192,2024-02-08,4856.0,E0158
GR0001206,PO-2024-001193,2024-02-01,461.94,E0140
GR0001207,PO-2025-001194,2025-07-08,8026.0,E0153
GR0001208,PO-2024-001195,2024-11-12,5658.15,E0151
GR0001209,PO-2024-001196,2024-12-01,1492.4,E0151
GR0001210,PO-2024-001196,2024-12-09,778.11,E0143
GR0001211,PO-2025-001197,2025-07-04,4487.32,E0162
GR0001212,PO-2024-001198,2024-06-08,582.01,E0141
GR0001213,PO-2024-001199,2024-08-01,7781.09,E0152
GR0001214,PO-2025-001200,2025-02-04,559.78,E0151
GR0001215,PO-2024-001201,2024-12-06,2408.79,E0155
GR0001216,PO-2025-001202,2025-06-15,8581.57,E0145
GR0001217,PO-2024-001203,2024-06-25,8230.96,E0159
GR0001218,PO-2025-001204,2025-06-15,1043.99,E0148
GR0001219,PO-2025-001204,2025-07-02,1242.43,E0147
GR0001220,PO-2025-001205,2025-04-27,1188.76,E0160
GR0001221,PO-2024-001206,2024-03-09,4291.48,E0143
GR0001222,PO-2025-001207,2025-05-02,776.72,E0147
GR0001223,PO-2025-001208,2025-02-23,13779.02,E0159
GR0001224,PO-2024-001209,2024-09-18,3800.45,E0161
GR0001225,PO-2024-001210,2024-02-24,6787.34,E0146
GR0001226,PO-2025-001211,2025-04-26,1721.17,E0156
GR0001227,PO-2024-001212,2024-10-25,3614.17,E0160
GR0001228,PO-2025-001213,2025-01-20,1405.44,E0147
GR0001229,PO-2024-001214,2024-03-26,7245.98,E0158
GR0001230,PO-2025-001215,2025-02-07,439.24,E0152
GR0001231,PO-2024-001216,2024-02-06,1148.55,E0163
GR0001232,PO-2025-001217,2025-05-19,2071.47,E0140
GR0001233,PO-2025-001218,2025-06-29,465.13,E0160
GR0001234,PO-2025-001218,2025-07-12,210.7,E0152
GR0001235,PO-2024-001219,2024-04-16,2950.08,E0145
GR0001236,PO-2024-001220,2024-07-11,3331.36,E0144
GR0001237,PO-2024-001221,2024-07-23,4218.23,E0143
GR0001238,PO-2024-001222,2024-01-10,761.27,E0145
GR0001239,PO-2024-001222,2024-01-25,1064.68,E0156
GR0001240,PO-2024-001223,2024-04-21,1414.63,E0150
GR0001241,PO-2024-001254,2024-07-03,273.66,E0154
GR0001242,PO-2025-001255,2025-01-16,2076.88,E0147
GR0001243,PO-2025-001256,2025-02-01,3815.54,E0151
GR0001244,PO-2025-001257,2025-04-24,4791.09,E0157
GR0001245,PO-2024-001258,2024-09-12,589.93,E0154
GR0001246,PO-2024-001259,2024-10-02,1454.62,E0152
GR0001247,PO-2025-001260,2025-03-11,1319.57,E0158
GR0001248,PO-2025-001261,2025-03-07,1398.78,E0142
GR0001249,PO-2024-001262,2024-06-05,1429.55,E0142
GR0001250,PO-2024-001263,2024-01-26,4648.67,E0153
GR0001251,PO-2024-001264,2024-08-24,1716.17,E0149
GR0001252,PO-2024-001265,2024-03-10,1192.01,E0146
GR0001253,PO-2025-001266,2025-03-25,1936.26,E0141
GR0001254,PO-2024-001267,2024-01-18,792.69,E0161
GR0001255,PO-2024-001268,2024-11-12,424.27,E0149
GR0001256,PO-2025-001269,2025-07-07,8434.1,E0161
GR0001257,PO-2024-001270,2024-03-21,498.18,E0147
GR0001258,PO-2025-001271,2025-03-08,1672.79,E0158
GR0001259,PO-2024-001272,2024-03-15,517.85,E0149
GR0001260,PO-2024-001272,2024-04-02,648.83,E0150
GR0001261,PO-2025-001273,2025-05-03,256.34,E0148
GR0001262,PO-2024-001274,2024-10-05,1654.05,E0140
GR0001263,PO-2025-001275,2025-04-28,2188.76,E0160
GR0001264,PO-2024-001276,2024-12-11,367.93,E0143
GR0001265,PO-2024-001277,2024-12-15,2481.0,E0159
GR0001266,PO-2024-001278,2024-09-29,1909.89,E0154
GR0001267,PO-2025-001279,2025-04-18,830.11,E0154
GR0001268,PO-2024-001280,2024-12-04,387.52,E0161
GR0001269,PO-2024-001281,2024-05-21,4307.01,E0150
GR0001270,PO-2024-001282,2024-05-28,1653.25,E0163
GR0001271,PO-2024-001283,2024-02-13,3061.95,E0158
GR0001272,PO-2024-001284,2024-04-21,465.98,E0140
GR0001273,PO-2025-001285,2025-02-10,160.7,E0143
GR0001274,PO-2025-001285,2025-02-24,141.93,E0146
GR0001275,PO-2024-001286,2024-10-31,2308.4,E0155
GR0001276,PO-2024-001287,2024-11-14,971.83,E0158
GR0001277,PO-2024-001288,2024-08-26,536.7,E0140
GR0001278,PO-2025-001289,2025-07-16,1029.09,E0150
GR0001279,PO-2024-001290,2024-06-07,453.74,E0146
GR0001280,PO-2024-001291,2024-11-17,359.01,E0155
GR0001281,PO-2024-001292,2024-02-06,2371.11,E0154
GR0001282,PO-2024-001293,2024-06-22,1371.23,E0141
GR0001283,PO-2024-001293,2024-07-05,787.94,E0160
GR0001284,PO-2024-001294,2024-07-02,430.47,E0148
GR0001285,PO-2025-001295,2025-01-10,2558.54,E0159
GR0001286,PO-2024-001296,2024-06-21,3660.46,E0148
GR0001287,PO-2024-001297,2024-10-10,1265.96,E0141
GR0001288,PO-2025-001298,2025-03-20,5098.66,E0144
GR0001289,PO-2025-001299,2025-04-13,540.81,E0150
GR0001290,PO-2024-001300,2024-06-23,1282.69,E0152
GR0001291,PO-2025-001301,2025-03-07,2100.48,E0143
GR0001292,PO-2024-001302,2024-12-11,2395.57,E0160
GR0001293,PO-2024-001303,2024-12-31,2101.01,E0157
GR0001294,PO-2024-001304,2024-05-09,961.98,E0148
GR0001295,PO-2024-001305,2024-07-02,1246.74,E0144
GR0001296,PO-2025-001306,2025-01-25,398.89,E0149
GR0001297,PO-2024-001307,2024-08-28,848.67,E0152
GR0001298,PO-2025-001308,2025-04-15,3528.64,E0148
GR0001299,PO-2024-001309,2024-03-15,1643.65,E0152
GR0001300,PO-2024-001310,2024-05-09,732.62,E0162
GR0001301,PO-2024-001311,2024-12-21,160.02,E0150
GR0001302,PO-2024-001312,2024-03-24,495.69,E0159
GR0001303,PO-2024-001313,2024-07-15,1713.4,E0148
GR0001304,PO-2024-001314,2024-09-21,525.0,E0154
GR0001305,PO-2024-001315,2024-09-09,522.71,E0140
GR0001306,PO-2024-001316,2024-07-16,1928.32,E0158
GR0001307,PO-2024-001317,2024-12-07,1372.56,E0151
GR0001308,PO-2024-001318,2024-10-10,219.24,E0160
GR0001309,PO-2024-001319,2024-09-03,180.03,E0155
GR0001310,PO-2024-001319,2024-09-21,91.04,E0147
GR0001311,PO-2024-001320,2024-05-29,1327.41,E0140
GR0001312,PO-2024-001321,2024-09-26,879.24,E0156
GR0001313,PO-2025-001322,2025-03-03,2346.05,E0146
GR0001314,PO-2025-001323,2025-02-25,849.23,E0159
GR0001315,PO-2025-001324,2025-01-19,508.4,E0145
GR0001316,PO-2024-001325,2024-09-28,250.51,E0156
GR0001317,PO-2024-001326,2024-08-27,442.57,E0145
GR0001318,PO-2025-001327,2025-06-27,946.16,E0160
GR0001319,PO-2024-001328,2024-02-29,1478.18,E0144
GR0001320,PO-2025-001329,2025-07-13,2757.88,E0146
GR0001321,PO-2024-001330,2024-06-22,1621.75,E0149
GR0001322,PO-2024-001331,2024-08-22,299.24,E0144
GR0001323,PO-2024-001332,2024-03-09,2419.17,E0161
GR0001324,PO-2025-001333,2025-05-11,752.2,E0143
GR0001325,PO-2025-001334,2025-03-01,1842.55,E0146
GR0001326,PO-2024-001335,2024-01-30,1220.95,E0154
GR0001327,PO-2024-001335,2024-02-10,715.14,E0157
GR0001328,PO-2024-001336,2024-08-23,1460.97,E0152
GR0001329,PO-2024-001337,2024-10-30,1013.55,E0143
GR0001330,PO-2024-001338,2024-02-01,1122.82,E0145
GR0001331,PO-2024-001339,2024-10-03,361.57,E0163
GR0001332,PO-2024-001340,2024-08-10,2940.96,E0153
GR0001333,PO-2025-001341,2025-01-22,8951.53,E0144
GR0001334,PO-2025-001341,2025-02-04,12737.02,E0161
GR0001335,PO-2024-001342,2024-05-27,1697.91,E0148
GR0001336,PO-2024-001343,2024-08-23,1064.23,E0162
GR0001337,PO-2024-001344,2024-01-29,10955.7,E0143
GR0001338,PO-2024-001345,2024-03-18,377.06,E0144
GR0001339,PO-2024-001346,2024-06-02,1388.66,E0141
GR0001340,PO-2024-001346,2024-06-17,1264.69,E0151
GR0001341,PO-2024-001347,2024-12-14,360.2,E0140
GR0001342,PO-2025-001348,2025-02-08,5052.39,E0154
GR0001343,PO-2025-001349,2025-05-09,3005.8,E0151
GR0001344,PO-2024-001350,2024-02-06,2109.08,E0163
GR0001345,PO-2024-001351,2024-03-04,1077.02,E0147
GR0001346,PO-2025-001352,2025-03-13,582.32,E0161
GR0001347,PO-2025-001352,2025-03-23,574.45,E0153
GR0001348,PO-2025-001353,2025-02-10,3250.71,E0162
GR0001349,PO-2025-001354,2025-02-14,6071.18,E0161
GR0001350,PO-2024-001355,2024-01-20,4572.55,E0156
GR0001351,PO-2024-001356,2024-05-08,8017.29,E0140
GR0001352,PO-2024-001357,2024-04-14,3789.95,E0155
GR0001353,PO-2024-001357,2024-04-28,3959.9,E0148
GR0001354,PO-2024-001358,2024-10-27,658.63,E0150
GR0001355,PO-2025-001359,2025-03-25,7159.71,E0145
GR0001356,PO-2024-001360,2024-08-27,1302.99,E0145
GR0001357,PO-2024-001361,2024-02-05,11597.26,E0152
GR0001358,PO-2025-001362,2025-03-10,907.48,E0144
GR0001359,PO-2024-001363,2024-03-03,11695.16,E0156
GR0001360,PO-2025-001364,2025-06-22,702.86,E0140
GR0001361,PO-2024-001365,2024-11-17,8100.06,E0149
GR0001362,PO-2024-001366,2024-11-20,8334.57,E0152
GR0001363,PO-2025-001367,2025-01-30,3567.46,E0144
GR0001364,PO-2024-001368,2024-04-06,799.37,E0146
GR0001365,PO-2025-001369,2025-03-12,2143.84,E0142
GR0001366,PO-2025-001370,2025-01-16,651.06,E0143
GR0001367,PO-2024-001371,2024-03-19,3282.97,E0146
GR0001368,PO-2025-001372,2025-05-12,2934.51,E0142
GR0001369,PO-2024-001373,2024-09-02,1293.11,E0151
GR0001370,PO-2025-001374,2025-02-08,13729.44,E0153
GR0001371,PO-2024-001375,2024-11-03,1410.85,E0142
GR0001372,PO-2024-001376,2024-07-03,2074.48,E0151
GR0001373,PO-2024-001377,2024-06-05,6439.3,E0159
GR0001374,PO-2025-001378,2025-04-10,6478.92,E0162
GR0001375,PO-2024-001379,2024-06-05,1005.39,E0144
GR0001376,PO-2024-001379,2024-06-20,642.15,E0158
GR0001377,PO-2024-001380,2024-04-18,1036.79,E0140
GR0001378,PO-2024-001381,2024-03-25,472.55,E0151
GR0001379,PO-2024-001382,2024-12-19,2863.12,E0141
GR0001380,PO-2024-001383,2024-09-15,11357.56,E0160
GR0001381,PO-2024-001384,2024-10-06,506.42,E0147
GR0001382,PO-2024-001384,2024-10-18,551.57,E0153
GR0001383,PO-2024-001385,2024-11-14,1000.68,E0140
GR0001384,PO-2025-001386,2025-01-12,4932.53,E0142
GR0001385,PO-2024-001387,2024-04-17,2742.89,E0159
GR0001386,PO-2025-001388,2025-05-30,183.22,E0154
GR0001387,PO-2025-001389,2025-01-24,6560.21,E0158
GR0001388,PO-2025-001390,2025-04-11,1326.78,E0163
GR0001389,PO-2025-001390,2025-04-24,958.03,E0144
GR0001390,PO-2024-001391,2024-11-09,3082.73,E0142
GR0001391,PO-2024-001392,2024-11-09,4029.19,E0142
GR0001392,PO-2025-001393,2025-04-09,953.89,E0155
GR0001393,PO-2024-001394,2024-10-07,8432.5,E0155
GR0001394,PO-2024-001417,2024-04-16,11660.81,E0151
GR0001395,PO-2025-001418,2025-02-07,3181.85,E0144
GR0001396,PO-2025-001418,2025-02-23,1717.28,E0155
GR0001397,PO-2024-001419,2024-10-18,5201.1,E0146
GR0001398,PO-2024-001420,2024-05-21,12910.65,E0152
GR0001399,PO-2024-001421,2024-02-13,14107.28,E0142
GR0001400,PO-2024-001422,2024-01-19,11581.22,E0160
GR0001401,PO-2024-001423,2024-04-02,4358.93,E0157
GR0001402,PO-2024-001424,2024-02-24,1257.92,E0148
GR0001403,PO-2025-001425,2025-03-14,33359.75,E0144
GR0001404,PO-2025-001426,2025-06-05,562.92,E0160
GR0001405,PO-2024-001427,2024-08-25,14508.73,E0161
GR0001406,PO-2024-001428,2024-12-18,3360.49,E0145
GR0001407,PO-2025-001429,2025-05-26,4522.84,E0153
GR0001408,PO-2025-001430,2025-03-12,1527.42,E0148
GR0001409,PO-2025-001431,2025-02-08,14162.46,E0155
GR0001410,PO-2025-001432,2025-05-07,118088.92,E0147
GR0001411,PO-2025-001433,2025-04-21,344.4,E0156
GR0001412,PO-2025-001434,2025-04-20,15900.05,E0157
GR0001413,PO-2024-001435,2024-05-10,2179.34,E0157
GR0001414,PO-2024-001436,2024-02-18,15803.73,E0161
GR0001415,PO-2024-001437,2024-07-24,9151.83,E0158
GR0001416,PO-2024-001438,2024-03-18,12514.67,E0149
GR0001417,PO-2024-001439,2024-11-23,2402.31,E0148
GR0001418,PO-2024-001439,2024-12-04,3047.61,E0145
GR0001419,PO-2024-001440,2024-12-21,52508.15,E0161
GR0001420,PO-2024-001441,2024-02-13,2593.03,E0156
GR0001421,PO-2025-001442,2025-06-26,1021.7,E0158
GR0001422,PO-2025-001442,2025-07-11,963.14,E0160
GR0001423,PO-2024-001443,2024-06-30,1101.74,E0156
GR0001424,PO-2024-001444,2024-12-26,2456.25,E0159
GR0001425,PO-2024-001445,2024-01-17,744.95,E0140
GR0001426,PO-2024-001446,2024-03-15,3461.51,E0142
GR0001427,PO-2024-001447,2024-12-09,304.55,E0155
GR0001428,PO-2024-001448,2024-12-12,1637.44,E0148
GR0001429,PO-2024-001448,2024-12-19,846.51,E0142
GR0001430,PO-2024-001449,2024-07-15,689.33,E0162
GR0001431,PO-2024-001450,2024-03-24,1368.62,E0159
GR0001432,PO-2024-001450,2024-04-02,1216.31,E0155
GR0001433,PO-2025-001451,2025-04-06,2781.77,E0159
GR0001434,PO-2024-001452,2024-06-16,952.78,E0150
GR0001435,PO-2024-001453,2024-07-26,437.55,E0148
GR0001436,PO-2025-001454,2025-03-15,1226.29,E0156
GR0001437,PO-2025-001473,2025-06-18,305.22,E0160
GR0001438,PO-2025-001473,2025-06-24,391.34,E0161
GR0001439,PO-2024-001474,2024-10-27,1347.34,E0150
GR0001440,PO-2024-001474,2024-11-15,917.45,E0155
GR0001441,PO-2024-001475,2024-01-25,596.01,E0158
GR0001442,PO-2024-001476,2024-05-11,1932.84,E0140
GR0001443,PO-2025-001477,2025-02-13,6481.47,E0141
GR0001444,PO-2024-001478,2024-03-31,11700.14,E0159
GR0001445,PO-2024-001479,2024-03-11,19302.77,E0151
GR0001446,PO-2025-001480,2025-04-14,8551.13,E0144
GR0001447,PO-2024-001481,2024-09-28,884.68,E0141
GR0001448,PO-2024-001481,2024-10-11,877.72,E0145
GR0001449,PO-2024-001482,2024-02-05,1835.89,E0148
GR0001450,PO-2024-001483,2024-12-20,7540.49,E0153
GR0001451,PO-2024-001484,2024-01-21,963.82,E0148
GR0001452,PO-2024-001485,2024-11-15,355.55,E0143
GR0001453,PO-2025-001486,2025-03-30,144.8,E0142
GR0001454,PO-2025-001487,2025-05-04,167.69,E0144
GR0001455,PO-2024-001488,2024-01-17,2059.36,E0154
GR0001456,PO-2024-001489,2024-06-07,1203.37,E0151
GR0001457,PO-2025-001490,2025-02-07,10016.99,E0157
GR0001458,PO-2025-001490,2025-02-16,12430.45,E0149
GR0001459,PO-2024-001491,2024-09-12,305.42,E0152
GR0001460,PO-2024-001491,2024-09-18,225.3,E0145
GR0001461,PO-2025-001492,2025-05-05,656.23,E0157
GR0001462,PO-2024-001493,2024-11-09,1142.07,E0148
GR0001463,PO-2025-001494,2025-06-30,197.5,E0160
GR0001464,PO-2024-001495,2024-12-30,2638.82,E0161
GR0001465,PO-2025-001496,2025-07-05,5410.95,E0152
GR0001466,PO-2025-001497,2025-04-09,4487.59,E0141
GR0001467,PO-2024-001498,2024-03-30,2812.43,E0149
GR0001468,PO-2024-001499,2024-04-12,806.25,E0150
GR0001469,PO-2024-001500,2024-04-10,208.54,E0145
GR0001470,PO-2025-001501,2025-05-13,742.97,E0149
GR0001471,PO-2025-001501,2025-05-16,962.24,E0161
GR0001472,PO-2025-001502,2025-03-01,3544.51,E0146
GR0001473,PO-2025-001503,2025-01-15,1440.67,E0143
GR0001474,PO-2024-001504,2024-08-30,2596.02,E0152
GR0001475,PO-2024-001505,2024-06-17,1011.46,E0142
GR0001476,PO-2024-001506,2024-08-24,6611.16,E0161
GR0001477,PO-2025-001507,2025-03-16,179.87,E0151
GR0001478,PO-2024-001508,2024-03-26,1972.66,E0163
GR0001479,PO-2024-001509,2024-06-03,1237.75,E0159
GR0001480,PO-2025-001510,2025-05-27,590.03,E0154
GR0001481,PO-2025-001511,2025-05-11,166.18,E0153
GR0001482,PO-2025-001512,2025-04-16,1362.45,E0156
GR0001483,PO-2024-001513,2024-09-12,151.88,E0148
GR0001484,PO-2024-001514,2024-07-22,2623.13,E0149
GR0001485,PO-2024-001515,2024-07-12,1109.39,E0141
GR0001486,PO-2025-001516,2025-01-31,1522.76,E0148
GR0001487,PO-2025-001517,2025-04-13,755.04,E0161
GR0001488,PO-2024-001518,2024-11-22,3528.26,E0157
GR0001489,PO-2025-001519,2025-07-17,1043.24,E0156
GR0001490,PO-2024-001520,2024-10-27,9421.04,E0151
GR0001491,PO-2024-001521,2024-12-13,2570.06,E0163
GR0001492,PO-2024-001522,2024-04-23,2582.79,E0141
GR0001493,PO-2024-001523,2024-05-20,5601.92,E0160
GR0001494,PO-2024-001524,2025-01-05,7835.28,E0152
GR0001495,PO-2024-001525,2024-05-28,3241.22,E0150
GR0001496,PO-2025-001526,2025-07-12,3408.2,E0144
GR0001497,PO-2024-001527,2024-05-29,5435.42,E0144
GR0001498,PO-2024-001528,2024-07-24,9940.7,E0163
GR0001499,PO-2025-001529,2025-03-15,2266.03,E0160
GR0001500,PO-2024-001530,2024-09-24,1101.41,E0160
GR0001501,PO-2025-001531,2025-03-30,526.31,E0162
GR0001502,PO-2024-001532,2024-02-12,8513.08,E0158
GR0001503,PO-2025-001533,2025-05-20,1909.19,E0163
GR0001504,PO-2024-001534,2024-05-16,5775.01,E0141
GR0001505,PO-2024-001535,2024-11-04,43863.31,E0156
GR0001506,PO-2024-001536,2024-02-19,416.27,E0142
GR0001507,PO-2024-001537,2024-09-18,5484.62,E0159
GR0001508,PO-2025-001538,2025-03-14,3411.55,E0150
GR0001509,PO-2024-001539,2024-08-25,8058.29,E0162
GR0001510,PO-2024-001540,2024-03-29,660.17,E0161
GR0001511,PO-2024-001541,2024-03-16,2343.08,E0149
GR0001512,PO-2025-001542,2025-07-05,7500.93,E0142
GR0001513,PO-2024-001543,2024-05-12,8357.55,E0154
GR0001514,PO-2025-001544,2025-07-10,2983.0,E0147
GR0001515,PO-2024-001545,2024-09-24,2003.67,E0157
GR0001516,PO-2025-001546,2025-01-29,4013.37,E0141
GR0001517,PO-2025-001547,2025-07-16,9563.04,E0154
GR0001518,PO-2024-001548,2024-10-26,2171.36,E0153
GR0001519,PO-2024-001548,2024-11-12,2958.58,E0161
GR0001520,PO-2025-001634,2025-02-07,1027.17,E0153
GR0001521,PO-2025-001635,2025-01-26,1024.03,E0163
GR0001522,PO-2025-001636,2025-02-19,4660.17,E0154
GR0001523,PO-2025-001637,2025-05-22,2377.08,E0142
GR0001524,PO-2024-001638,2024-01-09,3289.09,E0145
GR0001525,PO-2024-001639,2024-06-21,2261.52,E0142
GR0001526,PO-2025-001640,2025-05-21,18717.59,E0154
GR0001527,PO-2025-001641,2025-02-05,1648.83,E0141
GR0001528,PO-2024-001642,2024-07-16,936.71,E0142
GR0001529,PO-2024-001643,2024-02-21,3191.09,E0153
GR0001530,PO-2024-001644,2024-10-11,14841.39,E0150
GR0001531,PO-2025-001645,2025-03-14,357.76,E0142
GR0001532,PO-2024-001646,2024-10-06,1996.95,E0155
GR0001533,PO-2024-001646,2024-10-21,2178.77,E0149
GR0001534,PO-2024-001647,2024-05-07,1213.07,E0158
GR0001535,PO-2024-001648,2024-06-16,1385.27,E0157
GR0001536,PO-2024-001648,2024-06-26,1341.54,E0151
GR0001537,PO-2024-001649,2024-08-05,1784.11,E0162
GR0001538,PO-2024-001650,2024-10-01,1760.35,E0146
GR0001539,PO-2024-001651,2024-02-21,4648.96,E0145
GR0001540,PO-2024-001651,2024-03-02,4302.25,E0152
GR0001541,PO-2025-001652,2025-05-03,2294.45,E0141
GR0001542,PO-2024-001653,2024-02-15,2161.53,E0159
GR0001543,PO-2024-001654,2024-05-22,1024.15,E0146
GR0001544,PO-2024-001655,2024-04-22,208.78,E0163
GR0001545,PO-2024-001655,2024-05-03,167.62,E0145
GR0001546,PO-2025-001656,2025-03-20,494.82,E0147
GR0001547,PO-2025-001657,2025-05-21,2219.19,E0156
GR0001548,PO-2025-001658,2025-07-05,1573.52,E0145
GR0001549,PO-2024-001659,2024-03-15,300.29,E0143
GR0001550,PO-2024-001659,2024-03-30,434.42,E0163
GR0001551,PO-2025-001660,2025-05-13,9524.12,E0145
GR0001552,PO-2025-001661,2025-05-07,2517.48,E0153
GR0001553,PO-2024-001662,2024-04-01,1586.97,E0163
GR0001554,PO-2024-001663,2024-06-19,1112.56,E0140
GR0001555,PO-2024-001709,2024-07-24,4459.74,E0160
GR0001556,PO-2025-001710,2025-05-24,1259.76,E0162
GR0001557,PO-2024-001711,2024-02-25,1286.98,E0145
GR0001558,PO-2025-001712,2025-07-10,205.02,E0161
GR0001559,PO-2025-001713,2025-07-12,281.77,E0158
GR0001560,PO-2024-001714,2024-06-11,711.74,E0152
GR0001561,PO-2024-001714,2024-06-18,588.91,E0158
GR0001562,PO-2024-001715,2024-04-17,1185.87,E0143
GR0001563,PO-2025-001716,2025-06-28,1618.0,E0151
GR0001564,PO-2024-001717,2024-10-28,626.7,E0156
GR0001565,PO-2024-001718,2024-05-21,10418.33,E0161
GR0001566,PO-2025-001719,2025-07-08,1450.65,E0162
GR0001567,PO-2025-001720,2025-03-24,3507.36,E0162
GR0001568,PO-2024-001721,2024-09-11,4172.26,E0144
GR0001569,PO-2025-001722,2025-05-29,3983.21,E0145
GR0001570,PO-2025-001723,2025-01-26,457.94,E0146
GR0001571,PO-2024-001724,2024-11-05,586.09,E0157
GR0001572,PO-2025-001725,2025-05-18,2212.37,E0140
GR0001573,PO-2024-001726,2024-03-07,4310.06,E0149
GR0001574,PO-2025-001727,2025-04-25,1957.05,E0159
GR0001575,PO-2025-001728,2025-04-24,2569.92,E0150
GR0001576,PO-2024-001729,2024-04-03,2485.05,E0143
GR0001577,PO-2024-001730,2024-09-08,1996.12,E0146
GR0001578,PO-2024-001731,2024-10-04,3639.62,E0149
GR0001579,PO-2025-001732,2025-06-27,1302.04,E0144
GR0001580,PO-2024-001733,2024-04-02,3799.14,E0157
GR0001581,PO-2025-001734,2025-04-16,3084.4,E0153
GR0001582,PO-2025-001735,2025-05-05,19078.47,E0153
GR0001583,PO-2024-001736,2024-06-21,14443.53,E0160
GR0001584,PO-2024-001737,2024-05-28,2638.72,E0152
GR0001585,PO-2024-001737,2024-06-09,1535.92,E0162
GR0001586,PO-2024-001738,2024-03-22,18808.34,E0161
GR0001587,PO-2024-001739,2024-02-25,999.22,E0160
GR0001588,PO-2024-001740,2024-01-25,2130.67,E0142
GR0001589,PO-2024-001741,2024-02-06,2903.31,E0140
GR0001590,PO-2024-001742,2024-03-30,428.89,E0148
GR0001591,PO-2024-001743,2024-10-23,1213.94,E0157
GR0001592,PO-2024-001744,2024-05-21,2987.97,E0143
GR0001593,PO-2025-001745,2025-07-09,183.3,E0160
GR0001594,PO-2024-001746,2024-08-16,2901.58,E0144
GR0001595,PO-2025-001747,2025-01-25,1781.01,E0156
GR0001596,PO-2025-001747,2025-02-09,1674.92,E0155
GR0001597,PO-2024-001748,2024-11-02,11051.97,E0148
GR0001598,PO-2024-001748,2024-11-11,5007.81,E0147
GR0001599,PO-2025-001749,2025-04-16,11683.26,E0142
GR0001600,PO-2024-001750,2024-12-18,25444.64,E0154
GR0001601,PO-2024-001751,2024-08-20,1893.43,E0153
GR0001602,PO-2025-001752,2025-06-20,2053.31,E0163
GR0001603,PO-2025-001752,2025-07-04,2770.57,E0151
GR0001604,PO-2024-001753,2024-07-01,4037.78,E0153
GR0001605,PO-2024-001753,2024-07-15,4925.11,E0158
GR0001606,PO-2025-001754,2025-04-04,3513.69,E0149
GR0001607,PO-2024-001755,2024-12-21,3319.05,E0152
GR0001608,PO-2024-001755,2025-01-02,3050.7,E0159
GR0001609,PO-2024-001756,2024-10-02,12061.73,E0153
GR0001610,PO-2024-001757,2024-04-08,10091.71,E0151
GR0001611,PO-2024-001758,2024-01-21,15016.39,E0162
GR0001612,PO-2024-001759,2024-05-24,3482.48,E0160
GR0001613,PO-2025-001760,2025-03-30,21314.34,E0163
GR0001614,PO-2025-001761,2025-03-01,1944.26,E0144
GR0001615,PO-2024-001762,2024-08-02,3475.34,E0153
GR0001616,PO-2024-001763,2024-05-21,24761.68,E0156
GR0001617,PO-2024-001764,2024-03-14,7230.67,E0154
GR0001618,PO-2024-001765,2024-04-11,2430.42,E0163
GR0001619,PO-2025-001766,2025-04-17,1799.57,E0156
GR0001620,PO-2024-001767,2024-07-05,3684.97,E0149
GR0001621,PO-2025-001768,2025-04-05,3326.88,E0148
GR0001622,PO-2025-001769,2025-06-04,98815.02,E0144
GR0001623,PO-2024-001770,2024-09-17,4410.28,E0158
GR0001624,PO-2025-001771,2025-05-16,7698.86,E0163
GR0001625,PO-2024-001772,2024-03-10,1979.09,E0145
GR0001626,PO-2025-001773,2025-05-10,3372.5,E0140
GR0001627,PO-2024-001774,2024-01-29,1276.7,E0151
GR0001628,PO-2024-001775,2024-04-25,1876.9,E0155
GR0001629,PO-2024-001776,2024-02-14,364.59,E0163
GR0001630,PO-2025-001777,2025-02-05,5092.6,E0146
GR0001631,PO-2025-001778,2025-05-03,2012.8,E0140
GR0001632,PO-2024-001779,2024-10-30,1697.01,E0151
GR0001633,PO-2024-001779,2024-11-08,777.36,E0151
GR0001634,PO-2025-001780,2025-05-04,3638.19,E0157
GR0001635,PO-2024-001781,2024-08-31,5540.55,E0148
GR0001636,PO-2025-001782,2025-04-16,2885.52,E0149
GR0001637,PO-2024-001783,2024-12-28,6576.68,E0158
GR0001638,PO-2024-001784,2024-06-26,8929.0,E0161
GR0001639,PO-2024-001785,2024-04-12,1894.74,E0141
GR0001640,PO-2024-001786,2024-12-05,2564.34,E0160
GR0001641,PO-2024-001786,2024-12-16,3736.93,E0151
GR0001642,PO-2024-001787,2024-10-25,6718.73,E0143
GR0001643,PO-2025-001788,2025-02-18,3925.4,E0163
GR0001644,PO-2025-001789,2025-06-22,805.37,E0148
GR0001645,PO-2024-001790,2024-06-16,27614.45,E0148
GR0001646,PO-2024-001791,2024-07-05,8941.78,E0145
GR0001647,PO-2025-001792,2025-03-15,21956.35,E0160
GR0001648,PO-2024-001793,2024-11-13,2085.29,E0154
GR0001649,PO-2024-001794,2024-04-18,2011.3,E0145
GR0001650,PO-2024-001795,2024-03-24,891.11,E0144
GR0001651,PO-2024-001795,2024-04-02,487.06,E0143
GR0001652,PO-2024-001796,2024-11-05,1467.61,E0151
GR0001653,PO-2025-001797,2025-06-14,1126.21,E0151
GR0001654,PO-2024-001798,2024-03-30,6695.72,E0144
GR0001655,PO-2024-001799,2024-04-26,7442.75,E0160
GR0001656,PO-2025-001800,2025-05-01,12028.64,E0162
GR0001657,PO-2025-001801,2025-04-22,3620.42,E0153
GR0001658,PO-2025-001801,2025-05-07,2688.98,E0150
GR0001659,PO-2025-001802,2025-01-19,8315.44,E0146
GR0001660,PO-2025-001803,2025-07-02,4739.37,E0157
GR0001661,PO-2025-001803,2025-07-17,6709.49,E0140
GR0001662,PO-2024-001804,2025-01-04,2782.73,E0144
GR0001663,PO-2024-001805,2024-06-08,8813.63,E0163
GR0001664,PO-2024-001806,2024-01-29,7406.22,E0148
GR0001665,PO-2024-001807,2024-09-22,3079.15,E0148
GR0001666,PO-2025-001808,2025-03-22,2762.05,E0143
GR0001667,PO-2025-001809,2025-07-02,10921.9,E0145
GR0001668,PO-2025-001810,2025-01-18,1781.93,E0149
GR0001669,PO-2024-001811,2024-09-03,26791.51,E0157
GR0001670,PO-2024-001812,2024-04-28,2831.45,E0156
GR0001671,PO-2024-001813,2024-08-01,2637.11,E0145
GR0001672,PO-2024-001814,2024-08-21,13388.49,E0155
GR0001673,PO-2024-001815,2024-11-07,467.47,E0159
GR0001674,PO-2024-001816,2024-08-22,7283.2,E0141
GR0001675,PO-2024-001816,2024-08-31,3707.94,E0140
GR0001676,PO-2024-001817,2024-08-15,9458.63,E0146
GR0001677,PO-2024-001818,2024-09-05,3044.51,E0145
GR0001678,PO-2024-001818,2024-09-13,3933.09,E0155
GR0001679,PO-2024-001819,2024-04-09,11685.62,E0154
GR0001680,PO-2024-001820,2024-08-18,6406.55,E0145
GR0001681,PO-2024-001821,2024-02-14,1010.89,E0142
GR0001682,PO-2024-001822,2024-09-15,473.98,E0142
GR0001683,PO-2025-001823,2025-04-22,1495.02,E0144
GR0001684,PO-2024-001824,2024-11-29,6509.63,E0146
GR0001685,PO-2025-001825,2025-06-01,4325.98,E0140
GR0001686,PO-2025-001826,2025-02-08,876.55,E0156
GR0001687,PO-2025-001827,2025-07-05,2140.73,E0141
GR0001688,PO-2025-001827,2025-07-19,2746.91,E0140
GR0001689,PO-2024-001828,2024-08-28,14794.83,E0152
GR0001690,PO-2024-001829,2024-08-12,2954.3,E0150
GR0001691,PO-2024-001830,2024-05-18,798.75,E0152
GR0001692,PO-2024-001831,2024-02-11,3241.7,E0157
GR0001693,PO-2024-001832,2024-05-14,2365.72,E0162
GR0001694,PO-2024-001833,2024-02-01,9831.9,E0145
GR0001695,PO-2025-001834,2025-02-11,913.72,E0147
GR0001696,PO-2025-001834,2025-02-17,496.81,E0161
GR0001697,PO-2025-001835,2025-01-21,2109.44,E0149
GR0001698,PO-2024-001836,2024-06-02,2716.41,E0147
GR0001699,PO-2024-001837,2024-07-06,842.15,E0142
GR0001700,PO-2024-001838,2024-01-25,523.74,E0155
GR0001701,PO-2024-001839,2024-02-20,6575.7,E0154
GR0001702,PO-2024-001840,2024-12-23,1108.65,E0152
GR0001703,PO-2024-001841,2024-11-28,5193.59,E0162
GR0001704,PO-2025-001842,2025-06-28,2548.71,E0152
GR0001705,PO-2024-001843,2025-01-09,864.55,E0151
GR0001706,PO-2024-001844,2024-07-25,1077.74,E0152
GR0001707,PO-2025-001845,2025-03-16,3992.06,E0147
GR0001708,PO-2024-001846,2024-04-12,4416.7,E0141
GR0001709,PO-2025-001847,2025-02-19,340.45,E0141
GR0001710,PO-2025-001848,2025-06-04,680.92,E0162
GR0001711,PO-2025-001849,2025-05-09,3951.59,E0153
GR0001712,PO-2024-001850,2024-08-24,11567.7,E0148
GR0001713,PO-2025-001851,2025-04-04,4018.42,E0145
GR0001714,PO-2025-001852,2025-02-16,792.87,E0161
GR0001715,PO-2024-001853,2024-02-15,374.37,E0159
GR0001716,PO-2024-001854,2024-10-15,3752.17,E0153
GR0001717,PO-2024-001855,2024-06-17,818.44,E0163
GR0001718,PO-2024-001856,2024-06-13,5443.83,E0151
GR0001719,PO-2024-001857,2024-04-18,589.96,E0161
GR0001720,PO-2024-001857,2024-04-27,266.27,E0151
GR0001721,PO-2024-001858,2024-09-27,5342.31,E0157
GR0001722,PO-2024-001859,2024-10-30,483.8,E0147
GR0001723,PO-2025-001860,2025-05-15,234.9,E0158
GR0001724,PO-2025-001860,2025-05-25,284.14,E0141
GR0001725,PO-2024-001861,2024-06-29,158.44,E0145
GR0001726,PO-2025-001862,2025-06-04,2080.55,E0159
GR0001727,PO-2025-001862,2025-06-19,2605.78,E0141
GR0001728,PO-2025-001863,2025-01-27,1282.85,E0160
GR0001729,PO-2024-001864,2024-07-29,3146.76,E0142
GR0001730,PO-2024-001865,2024-04-03,692.68,E0149
GR0001731,PO-2024-001866,2024-08-08,2206.21,E0157
GR0001732,PO-2025-001867,2025-04-20,940.88,E0150
GR0001733,PO-2025-001868,2025-04-09,1773.22,E0160
GR0001734,PO-2025-001869,2025-03-01,4771.28,E0160
GR0001735,PO-2025-001870,2025-06-28,1048.07,E0158
GR0001736,PO-2025-001871,2025-05-23,1491.35,E0151
GR0001737,PO-2024-001872,2024-02-19,7076.14,E0159
GR0001738,PO-2024-001873,2024-02-25,19548.52,E0161
GR0001739,PO-2024-001874,2024-08-15,931.87,E0140
GR0001740,PO-2024-001874,2024-08-24,421.78,E0142
GR0001741,PO-2024-001875,2025-01-01,3607.47,E0141
GR0001742,PO-2024-001876,2024-08-24,2019.87,E0146
GR0001743,PO-2024-001877,2024-10-01,392.36,E0158
GR0001744,PO-2024-001878,2024-10-22,9210.56,E0145
GR0001745,PO-2024-001879,2024-03-13,8727.66,E0151
GR0001746,PO-2024-001879,2024-03-29,6100.21,E0150
GR0001747,PO-2025-001880,2025-05-10,792.43,E0162
GR0001748,PO-2024-001881,2024-05-06,2976.85,E0140
GR0001749,PO-2025-001882,2025-06-13,1560.57,E0145
GR0001750,PO-2024-001883,2024-10-04,375.83,E0152
GR0001751,PO-2024-001884,2024-02-09,1013.6,E0142
GR0001752,PO-2024-001884,2024-02-26,1339.59,E0161
GR0001753,PO-2024-001885,2024-09-14,1481.19,E0156
GR0001754,PO-2024-001886,2024-05-02,323.19,E0149
GR0001755,PO-2024-001886,2024-05-08,334.71,E0153
GR0001756,PO-2024-001887,2024-08-16,1879.24,E0148
GR0001757,PO-2025-001888,2025-01-21,3995.35,E0148
GR0001758,PO-2024-001889,2024-11-07,360.99,E0153
GR0001759,PO-2024-001890,2024-05-25,3000.43,E0149
GR0001760,PO-2024-001891,2024-08-26,3765.5,E0147
GR0001761,PO-2025-001892,2025-03-27,724.8,E0158
GR0001762,PO-2025-001892,2025-04-02,871.78,E0158
GR0001763,PO-2024-001893,2024-06-24,12123.77,E0161
GR0001764,PO-2025-001894,2025-06-19,283.83,E0147
GR0001765,PO-2025-001895,2025-03-17,1841.3,E0162
GR0001766,PO-2024-001896,2024-10-16,562.64,E0146
GR0001767,PO-2024-001897,2024-12-12,2648.5,E0146
GR0001768,PO-2024-001898,2024-01-07,321.24,E0154
GR0001769,PO-2024-001899,2024-04-30,2871.75,E0158
GR0001770,PO-2025-001900,2025-05-13,10010.91,E0156
GR0001771,PO-2024-001901,2024-06-08,1113.81,E0141
GR0001772,PO-2024-001902,2024-02-17,762.2,E0155
GR0001773,PO-2024-001903,2024-03-19,215.6,E0150
GR0001774,PO-2024-001904,2024-03-30,946.15,E0141
GR0001775,PO-2024-001905,2024-09-14,715.14,E0150
GR0001776,PO-2025-001906,2025-02-19,1620.73,E0144
GR0001777,PO-2024-001907,2024-09-27,3974.36,E0152
GR0001778,PO-2024-001908,2024-01-22,980.3,E0157
GR0001779,PO-2024-001909,2024-12-22,3309.82,E0156
GR0001780,PO-2024-001909,2024-12-27,1590.29,E0154
GR0001781,PO-2025-001910,2025-07-04,1650.51,E0150
GR0001782,PO-2024-001911,2024-08-26,234.26,E0158
GR0001783,PO-2024-001912,2024-02-15,1716.18,E0147
GR0001784,PO-2024-001913,2024-04-24,1246.68,E0141
GR0001785,PO-2024-002016,2024-08-25,5974.26,E0143
GR0001786,PO-2025-002017,2025-05-12,2518.18,E0154
GR0001787,PO-2025-002018,2025-05-24,536.56,E0158
GR0001788,PO-2025-002019,2025-05-02,1759.47,E0155
GR0001789,PO-2025-002020,2025-07-09,7700.48,E0162
GR0001790,PO-2025-002021,2025-04-20,2369.3,E0149
GR0001791,PO-2025-002022,2025-06-03,2165.46,E0157
GR0001792,PO-2024-002023,2024-06-17,6001.71,E0154
GR0001793,PO-2024-002024,2024-11-05,1112.76,E0150
GR0001794,PO-2025-002025,2025-04-28,6531.04,E0155
GR0001795,PO-2024-002026,2024-04-04,4114.54,E0147
GR0001796,PO-2024-002027,2024-01-18,1331.29,E0141
GR0001797,PO-2024-002028,2024-08-11,587.03,E0153
GR0001798,PO-2024-002029,2024-03-20,3577.88,E0154
GR0001799,PO-2025-002030,2025-05-06,3285.61,E0150
GR0001800,PO-2024-002031,2024-12-15,1669.36,E0161
GR0001801,PO-2025-002032,2025-02-15,1289.59,E0150
GR0001802,PO-2024-002033,2025-01-04,2279.3,E0145
GR0001803,PO-2025-002034,2025-06-14,2720.57,E0151
GR0001804,PO-2025-002035,2025-04-10,3784.0,E0154
GR0001805,PO-2025-002036,2025-03-25,11156.4,E0146
GR0001806,PO-2024-002037,2024-03-04,7564.93,E0153
GR0001807,PO-2025-002038,2025-05-30,5370.85,E0161
GR0001808,PO-2025-002038,2025-06-02,4104.23,E0144
GR0001809,PO-2024-002039,2024-04-24,10070.99,E0140
GR0001810,PO-2024-002040,2024-10-02,16094.97,E0148
GR0001811,PO-2025-002041,2025-03-28,1794.46,E0153
GR0001812,PO-2024-002042,2024-12-31,1328.0,E0157
GR0001813,PO-2024-002043,2024-12-15,15250.96,E0161
GR0001814,PO-2025-002044,2025-07-16,5653.34,E0153
GR0001815,PO-2025-002045,2025-05-18,634.44,E0155
GR0001816,PO-2024-002046,2024-06-24,2125.03,E0162
GR0001817,PO-2024-002047,2024-08-19,4256.36,E0146
GR0001818,PO-2024-002047,2024-08-26,4413.7,E0145
GR0001819,PO-2024-002048,2024-09-13,4128.45,E0151
GR0001820,PO-2024-002049,2024-04-27,31150.68,E0159
GR0001821,PO-2024-002049,2024-05-02,19027.11,E0157
GR0001822,PO-2024-002050,2024-03-10,6492.55,E0150
GR0001823,PO-2024-002050,2024-03-24,3784.4,E0152
GR0001824,PO-2024-002051,2024-12-05,15118.64,E0143
GR0001825,PO-2024-002052,2024-03-13,17843.38,E0163
GR0001826,PO-2024-002053,2024-07-22,4955.62,E0144
GR0001827,PO-2025-002054,2025-01-15,3047.51,E0155
GR0001828,PO-2024-002055,2024-03-19,2180.48,E0149
GR0001829,PO-2024-002056,2024-03-09,4779.91,E0158
GR0001830,PO-2024-002057,2024-06-16,26545.65,E0140
GR0001831,PO-2024-002058,2024-08-20,16052.31,E0141
GR0001832,PO-2025-002059,2025-01-16,26206.34,E0153
GR0001833,PO-2025-002060,2025-05-07,19280.55,E0141
GR0001834,PO-2025-002061,2025-02-09,2161.98,E0158
GR0001835,PO-2024-002062,2024-03-29,2685.95,E0152
GR0001836,PO-2024-002063,2024-08-06,2235.07,E0152
GR0001837,PO-2024-002064,2024-08-30,942.6,E0159
GR0001838,PO-2024-002065,2024-01-25,3573.46,E0154
GR0001839,PO-2025-002066,2025-01-20,7908.93,E0142
GR0001840,PO-2024-002067,2024-07-21,6235.76,E0148
GR0001841,PO-2024-002067,2024-08-08,5435.76,E0155
GR0001842,PO-2025-002068,2025-03-22,10973.12,E0157
GR0001843,PO-2024-002069,2024-03-08,1238.49,E0152
GR0001844,PO-2024-002070,2024-05-02,3710.75,E0158
GR0001845,PO-2024-002071,2024-08-24,432.2,E0145
GR0001846,PO-2025-002072,2025-02-04,1825.93,E0162
GR0001847,PO-2025-002073,2025-05-17,562.7,E0152
GR0001848,PO-2025-002074,2025-06-30,1712.27,E0145
GR0001849,PO-2025-002074,2025-07-11,1194.45,E0154
GR0001850,PO-2024-002075,2024-09-16,2423.32,E0141
GR0001851,PO-2025-002076,2025-05-02,8706.76,E0155
GR0001852,PO-2024-002077,2024-07-28,2385.11,E0154
GR0001853,PO-2025-002078,2025-05-25,860.43,E0160
GR0001854,PO-2024-002079,2024-04-23,4874.46,E0156
GR0001855,PO-2025-002080,2025-03-15,1349.99,E0145
GR0001856,PO-2025-002081,2025-06-09,8421.43,E0148
GR0001857,PO-2024-002082,2024-04-30,2665.37,E0140
GR0001858,PO-2025-002083,2025-02-21,1360.31,E0157
GR0001859,PO-2024-002084,2024-08-26,216.85,E0156
GR0001860,PO-2024-002084,2024-09-11,124.39,E0147
GR0001861,PO-2024-002085,2024-11-13,4591.33,E0162
GR0001862,PO-2024-002086,2024-09-16,8264.3,E0145
GR0001863,PO-2024-002087,2024-03-09,328.66,E0141
GR0001864,PO-2024-002088,2024-06-11,1064.18,E0156
GR0001865,PO-2024-002089,2024-03-08,160.92,E0149
GR0001866,PO-2024-002090,2024-05-24,2590.33,E0156
GR0001867,PO-2025-002091,2025-06-01,3219.12,E0159
GR0001868,PO-2024-002092,2024-12-24,6924.83,E0159
GR0001869,PO-2025-002093,2025-06-22,2482.02,E0146
GR0001870,PO-2024-002094,2024-10-30,3980.55,E0145
GR0001871,PO-2025-002095,2025-02-07,2189.57,E0156
GR0001872,PO-2024-002096,2024-10-12,2505.5,E0158
GR0001873,PO-2024-002097,2024-12-25,6412.15,E0142
GR0001874,PO-2025-002098,2025-02-19,840.63,E0153
GR0001875,PO-2025-002099,2025-06-06,4175.84,E0162
GR0001876,PO-2024-002100,2024-11-25,993.94,E0141
GR0001877,PO-2025-002101,2025-01-30,836.29,E0160
GR0001878,PO-2024-002102,2024-12-16,8834.62,E0146
GR0001879,PO-2025-002103,2025-03-08,708.62,E0147
GR0001880,PO-2025-002104,2025-05-03,7761.64,E0160
GR0001881,PO-2024-002105,2024-07-05,1052.55,E0141
GR0001882,PO-2024-002106,2024-05-26,1948.49,E0157
GR0001883,PO-2024-002107,2024-04-03,36197.6,E0147
GR0001884,PO-2024-002108,2024-06-22,627.08,E0148
GR0001885,PO-2025-002109,2025-07-08,2448.41,E0157
GR0001886,PO-2024-002110,2024-05-18,10009.32,E0155
GR0001887,PO-2024-002111,2024-05-11,759.07,E0149
GR0001888,PO-2024-002112,2024-06-10,855.28,E0153
GR0001889,PO-2024-002113,2024-04-21,6412.94,E0145
GR0001890,PO-2025-002114,2025-07-02,644.95,E0145
GR0001891,PO-2024-002115,2024-05-10,1325.78,E0146
GR0001892,PO-2025-002116,2025-06-02,714.57,E0149
GR0001893,PO-2024-002117,2024-10-04,2405.05,E0156
GR0001894,PO-2024-002118,2024-05-09,3016.03,E0144
GR0001895,PO-2024-002119,2024-09-21,1711.99,E0153
GR0001896,PO-2025-002120,2025-02-06,3460.39,E0158
GR0001897,PO-2024-002121,2024-12-16,95.65,E0141
GR0001898,PO-2024-002121,2025-01-02,80.5,E0144
GR0001899,PO-2024-002122,2024-07-02,1566.82,E0163
GR0001900,PO-2024-002123,2024-09-29,836.72,E0162
GR0001901,PO-2025-002124,2025-05-21,6681.04,E0144
GR0001902,PO-2024-002125,2024-06-17,504.55,E0159
GR0001903,PO-2024-002125,2024-06-21,215.31,E0148
GR0001904,PO-2025-002126,2025-05-03,1767.26,E0159
GR0001905,PO-2024-002127,2024-07-10,567.37,E0152
GR0001906,PO-2025-002128,2025-02-13,30802.74,E0154
GR0001907,PO-2025-002129,2025-01-27,696.41,E0160
GR0001908,PO-2024-002130,2024-09-12,816.55,E0160
GR0001909,PO-2024-002131,2025-01-04,552.46,E0157
GR0001910,PO-2024-002132,2024-03-09,3140.68,E0150
GR0001911,PO-2024-002133,2024-09-08,364.12,E0161
GR0001912,PO-2024-002133,2024-09-18,371.11,E0160
GR0001913,PO-2024-002134,2024-01-30,6648.51,E0150
GR0001914,PO-2025-002135,2025-02-09,632.66,E0162
GR0001915,PO-2024-002136,2024-12-25,11711.48,E0147
GR0001916,PO-2025-002137,2025-03-29,335.86,E0158
GR0001917,PO-2024-002138,2024-02-08,463.96,E0158
GR0001918,PO-2024-002139,2024-11-13,789.5,E0161
GR0001919,PO-2024-002140,2024-03-29,1117.56,E0152
GR0001920,PO-2024-002140,2024-04-09,1252.24,E0142
GR0001921,PO-2024-002141,2024-09-25,3121.06,E0153
GR0001922,PO-2024-002142,2024-08-14,4460.69,E0149
GR0001923,PO-2025-002143,2025-04-10,797.53,E0159
GR0001924,PO-2025-002144,2025-02-10,1600.89,E0156
GR0001925,PO-2024-002145,2024-07-15,935.61,E0141
GR0001926,PO-2024-002146,2024-05-30,9521.34,E0163
GR0001927,PO-2025-002147,2025-04-13,519.15,E0143
GR0001928,PO-2024-002148,2024-07-15,1834.93,E0157
GR0001929,PO-2024-002149,2024-09-18,5639.89,E0154
GR0001930,PO-2024-002150,2024-10-03,704.48,E0156
GR0001931,PO-2024-002151,2024-09-25,685.81,E0145
GR0001932,PO-2024-002152,2024-04-29,1522.37,E0141
GR0001933,PO-2025-002153,2025-05-20,7483.36,E0162
GR0001934,PO-2024-002154,2024-07-14,4148.33,E0153
GR0001935,PO-2024-002155,2024-04-23,1726.24,E0163
GR0001936,PO-2025-002156,2025-01-09,320.35,E0148
GR0001937,PO-2024-002157,2024-02-22,690.82,E0162
GR0001938,PO-2025-002158,2025-05-05,7559.45,E0141
GR0001939,PO-2025-002159,2025-01-21,7413.0,E0163
GR0001940,PO-2025-002160,2025-03-12,1419.05,E0161
GR0001941,PO-2025-002161,2025-03-02,1159.39,E0161
GR0001942,PO-2025-002162,2025-04-08,1929.54,E0159
GR0001943,PO-2025-002163,2025-01-21,897.71,E0157
GR0001944,PO-2024-002164,2024-05-03,1394.82,E0148
GR0001945,PO-2024-002165,2024-03-09,2643.05,E0156
GR0001946,PO-2024-002166,2024-11-03,4437.6,E0159
GR0001947,PO-2024-002167,2024-05-10,2185.62,E0160
GR0001948,PO-2024-002167,2024-05-26,2255.76,E0156
GR0001949,PO-2024-002168,2024-11-28,533.51,E0156
GR0001950,PO-2024-002169,2024-03-18,677.05,E0163
GR0001951,PO-2025-002170,2025-01-23,1278.44,E0160
GR0001952,PO-2024-002171,2024-06-12,3222.6,E0144
GR0001953,PO-2024-002172,2024-03-04,1159.87,E0146
GR0001954,PO-2025-002173,2025-07-02,490.43,E0163
GR0001955,PO-2024-002174,2025-01-05,120.0,E0159
GR0001956,PO-2025-002175,2025-04-15,638.44,E0144
GR0001957,PO-2025-002176,2025-06-11,898.46,E0160
GR0001958,PO-2024-002177,2024-08-28,4506.01,E0140
GR0001959,PO-2024-002178,2024-07-13,2146.26,E0154
GR0001960,PO-2024-002179,2024-08-21,845.1,E0160
GR0001961,PO-2025-002180,2025-03-06,2623.77,E0145
GR0001962,PO-2025-002181,2025-03-12,14694.73,E0144
GR0001963,PO-2024-002182,2024-07-08,1493.36,E0153
GR0001964,PO-2024-002182,2024-07-15,2189.03,E0151
GR0001965,PO-2025-002183,2025-07-07,344.26,E0162
GR0001966,PO-2025-002184,2025-03-17,1295.87,E0145
GR0001967,PO-2025-002185,2025-04-16,6480.1,E0157
GR0001968,PO-2024-002186,2024-10-11,2011.82,E0153
GR0001969,PO-2024-002187,2024-02-05,3044.13,E0154
GR0001970,PO-2024-002188,2024-12-01,1383.9,E0149
GR0001971,PO-2024-002188,2024-12-06,1452.36,E0153
GR0001972,PO-2025-002189,2025-01-20,4013.72,E0157
GR0001973,PO-2025-002190,2025-07-08,1129.57,E0162
GR0001974,PO-2024-002191,2024-05-11,881.15,E0143
GR0001975,PO-2024-002192,2024-08-12,407.9,E0152
GR0001976,PO-2024-002193,2024-06-08,2503.16,E0151
GR0001977,PO-2025-002194,2025-04-16,752.3,E0151
GR0001978,PO-2025-002195,2025-06-16,10932.16,E0163
GR0001979,PO-2024-002196,2024-06-24,10482.17,E0161
GR0001980,PO-2025-002197,2025-01-15,7693.13,E0161
GR0001981,PO-2024-002198,2024-04-21,2858.56,E0148
GR0001982,PO-2024-002199,2024-08-18,45733.3,E0149
GR0001983,PO-2025-002200,2025-04-07,2557.93,E0146
GR0001984,PO-2025-002201,2025-05-05,3309.86,E0142
GR0001985,PO-2024-002202,2024-09-04,913.63,E0141
GR0001986,PO-2025-002203,2025-02-08,6080.15,E0140
GR0001987,PO-2024-002204,2024-09-06,6132.11,E0142
GR0001988,PO-2024-002205,2024-02-03,8430.43,E0152
GR0001989,PO-2024-002206,2024-06-10,2274.93,E0140
GR0001990,PO-2025-002207,2025-07-05,12181.26,E0157
GR0001991,PO-2025-002208,2025-03-24,11754.39,E0158
GR0001992,PO-2024-002209,2024-12-05,2355.46,E0151
GR0001993,PO-2024-002210,2024-05-21,2695.07,E0158
GR0001994,PO-2025-002211,2025-06-04,6993.52,E0146
GR0001995,PO-2024-002212,2024-06-07,2318.73,E0162
GR0001996,PO-2024-002213,2024-04-13,7158.97,E0148
GR0001997,PO-2025-002214,2025-03-25,12901.37,E0146
GR0001998,PO-2024-002215,2024-06-08,105063.13,E0144
GR0001999,PO-2025-002216,2025-03-13,12584.11,E0149
GR0002000,PO-2024-002217,2025-01-11,20095.51,E0147
GR0002001,PO-2025-002218,2025-01-09,1939.32,E0161
GR0002002,PO-2025-002218,2025-01-27,1829.64,E0152
GR0002003,PO-2025-002219,2025-06-20,5807.86,E0145
GR0002004,PO-2025-002219,2025-06-30,4751.95,E0141
GR0002005,PO-2024-002220,2024-06-21,5207.97,E0158
GR0002006,PO-2025-002221,2025-07-12,1076.96,E0158
GR0002007,PO-2024-002222,2024-11-25,1783.01,E0163
GR0002008,PO-2024-002223,2024-07-08,1678.62,E0154
GR0002009,PO-2024-002223,2024-07-28,1344.46,E0152
GR0002010,PO-2025-002224,2025-06-13,8740.97,E0157
GR0002011,PO-2025-002225,2025-02-11,1721.1,E0151
GR0002012,PO-2025-002226,2025-06-20,925.19,E0148
GR0002013,PO-2024-002227,2024-12-18,2301.76,E0160
GR0002014,PO-2024-002228,2024-09-07,1141.55,E0144
GR0002015,PO-2025-002229,2025-03-30,9467.69,E0140
GR0002016,PO-2025-002230,2025-02-10,652.63,E0163
GR0002017,PO-2024-002231,2024-09-29,483.19,E0161
GR0002018,PO-2025-002232,2025-05-03,8857.68,E0155
GR0002019,PO-2025-002233,2025-03-27,3649.02,E0163
GR0002020,PO-2025-002234,2025-03-01,354.33,E0162
GR0002021,PO-2024-002235,2024-11-11,820.3,E0140
GR0002022,PO-2024-002236,2024-09-10,5891.44,E0153
GR0002023,PO-2025-002237,2025-07-03,2843.49,E0148
GR0002024,PO-2024-002238,2024-02-03,1905.68,E0151
GR0002025,PO-2024-002239,2024-05-19,448.9,E0149
GR0002026,PO-2024-002240,2024-03-03,4716.07,E0157
GR0002027,PO-2024-002241,2024-12-08,3928.89,E0154
GR0002028,PO-2024-002242,2024-01-31,5045.38,E0150
GR0002029,PO-2025-002243,2025-03-28,5300.99,E0146
GR0002030,PO-2024-002244,2024-06-21,11930.48,E0154
GR0002031,PO-2024-002244,2024-06-29,7788.11,E0141
GR0002032,PO-2024-002245,2024-01-22,1486.71,E0158
GR0002033,PO-2024-002246,2024-04-22,2193.99,E0163
GR0002034,PO-2025-002247,2025-02-25,1923.63,E0140
GR0002035,PO-2024-002248,2024-06-01,780.18,E0146
GR0002036,PO-2024-002249,2024-11-04,1916.16,E0150
GR0002037,PO-2024-002250,2024-07-27,2668.77,E0151
GR0002038,PO-2024-002251,2024-02-23,3261.48,E0159
GR0002039,PO-2025-002252,2025-02-21,3887.5,E0162
GR0002040,PO-2024-002253,2024-04-09,2915.01,E0162
GR0002041,PO-2024-002254,2024-10-18,8309.44,E0160
GR0002042,PO-2024-002255,2024-08-12,1104.76,E0163
GR0002043,PO-2024-002256,2024-10-03,946.8,E0163
GR0002044,PO-2024-002257,2024-04-04,428.58,E0142
GR0002045,PO-2025-002258,2025-02-17,1287.23,E0159
GR0002046,PO-2024-002259,2024-11-22,1561.16,E0140
GR0002047,PO-2025-002260,2025-03-26,3160.93,E0148
GR0002048,PO-2024-002261,2024-10-31,12588.72,E0158
GR0002049,PO-2024-002262,2024-02-02,1816.47,E0158
GR0002050,PO-2024-002263,2024-08-29,4660.63,E0159
GR0002051,PO-2024-002264,2024-10-26,2911.14,E0163
GR0002052,PO-2024-002264,2024-11-15,2307.01,E0156
GR0002053,PO-2024-002265,2024-03-14,1358.0,E0140
GR0002054,PO-2024-002266,2024-07-10,1158.32,E0155
GR0002055,PO-2024-002267,2024-12-14,514.75,E0145
GR0002056,PO-2024-002268,2024-01-11,993.1,E0152
GR0002057,PO-2024-002269,2024-01-09,2997.61,E0147
GR0002058,PO-2025-002270,2025-02-06,6665.73,E0149
GR0002059,PO-2025-002271,2025-03-10,10866.82,E0140
GR0002060,PO-2024-002272,2024-03-08,372.48,E0148
GR0002061,PO-2025-002273,2025-07-02,6846.6,E0143
GR0002062,PO-2024-002274,2024-01-29,1507.45,E0162
GR0002063,PO-2024-002275,2024-05-04,6010.69,E0163
GR0002064,PO-2025-002276,2025-06-25,1333.52,E0152
GR0002065,PO-2025-002276,2025-07-07,1144.6,E0151
GR0002066,PO-2024-002277,2024-12-13,9560.18,E0161
GR0002067,PO-2024-002278,2024-09-13,561.07,E0148
GR0002068,PO-2025-002279,2025-06-05,1391.01,E0145
GR0002069,PO-2025-002280,2025-04-01,1181.08,E0160
GR0002070,PO-2024-002281,2024-08-22,930.95,E0160
GR0002071,PO-2025-002282,2025-06-09,7468.76,E0147
GR0002072,PO-2024-002283,2024-06-14,2073.12,E0147
GR0002073,PO-2025-002284,2025-05-21,980.7,E0143
GR0002074,PO-2024-002285,2024-07-27,1717.59,E0141
GR0002075,PO-2025-002286,2025-01-14,5838.51,E0163
GR0002076,PO-2024-002287,2024-07-04,2502.17,E0155
GR0002077,PO-2024-002288,2024-02-22,1888.87,E0153
GR0002078,PO-2024-002289,2024-01-25,2266.99,E0162
GR0002079,PO-2024-002290,2024-07-10,8873.25,E0157
GR0002080,PO-2025-002291,2025-03-03,5747.13,E0154
GR0002081,PO-2024-002292,2024-07-23,5806.63,E0151
GR0002082,PO-2024-002292,2024-08-03,6811.79,E0142
GR0002083,PO-2024-002293,2024-07-22,3366.78,E0157
GR0002084,PO-2025-002294,2025-01-13,5139.38,E0141
GR0002085,PO-2024-002295,2024-03-07,886.44,E0163
GR0002086,PO-2024-002296,2024-11-28,7233.54,E0162
GR0002087,PO-2025-002297,2025-04-15,14585.04,E0155
GR0002088,PO-2025-002298,2025-01-12,4034.42,E0140
GR0002089,PO-2024-002299,2024-11-13,15689.49,E0151
GR0002090,PO-2024-002300,2024-06-17,7204.5,E0152
GR0002091,PO-2025-002301,2025-04-10,6031.66,E0157
GR0002092,PO-2025-002301,2025-04-28,2927.82,E0158
GR0002093,PO-2025-002302,2025-02-13,3495.85,E0156
GR0002094,PO-2024-002303,2024-12-10,40094.27,E0150
GR0002095,PO-2024-002304,2024-07-24,2889.11,E0157
GR0002096,PO-2025-002305,2025-03-30,4220.68,E0163
GR0002097,PO-2024-002306,2024-01-13,9921.05,E0161
GR0002098,PO-2025-002307,2025-04-21,24264.41,E0145
GR0002099,PO-2024-002308,2024-03-31,4277.12,E0152
GR0002100,PO-2024-002309,2024-02-09,8847.66,E0141
GR0002101,PO-2024-002310,2024-04-23,6335.18,E0159
GR0002102,PO-2025-002311,2025-01-29,1064.88,E0142
GR0002103,PO-2024-002312,2024-11-02,2106.73,E0150
GR0002104,PO-2024-002319,2024-07-11,2038.88,E0149
GR0002105,PO-2024-002320,2024-08-28,53161.07,E0142
GR0002106,PO-2024-002321,2024-06-01,5085.39,E0140
GR0002107,PO-2025-002322,2025-06-03,1465.69,E0146
GR0002108,PO-2024-002323,2024-11-23,5529.34,E0152
GR0002109,PO-2024-002324,2024-08-10,21027.97,E0143
GR0002110,PO-2024-002325,2024-03-06,3812.73,E0154
GR0002111,PO-2024-002326,2024-10-04,23757.9,E0150
GR0002112,PO-2024-002327,2024-06-01,3027.75,E0145
GR0002113,PO-2024-002327,2024-06-08,3588.41,E0150
GR0002114,PO-2025-002328,2025-04-23,4907.7,E0148
GR0002115,PO-2024-002329,2024-11-12,7075.94,E0140
GR0002116,PO-2024-002330,2024-01-17,1587.27,E0154
GR0002117,PO-2024-002331,2024-02-01,4022.55,E0151
GR0002118,PO-2024-002332,2024-11-27,17473.03,E0142
GR0002119,PO-2025-002333,2025-06-24,1122.1,E0141
GR0002120,PO-2025-002334,2025-04-27,29276.44,E0154
GR0002121,PO-2025-002335,2025-04-28,4748.52,E0155
GR0002122,PO-2024-002336,2024-06-06,2295.35,E0157
GR0002123,PO-2024-002337,2024-07-09,3760.55,E0159
GR0002124,PO-2024-002338,2024-02-07,2482.96,E0153
GR0002125,PO-2024-002339,2024-11-22,33843.15,E0145
GR0002126,PO-2025-002340,2025-06-04,28585.1,E0151
GR0002127,PO-2025-002341,2025-07-07,8253.28,E0154
GR0002128,PO-2025-002342,2025-03-12,8839.05,E0142
GR0002129,PO-2025-002343,2025-05-03,900.6,E0148
GR0002130,PO-2025-002344,2025-01-17,3606.23,E0151
GR0002131,PO-2025-002345,2025-06-25,10812.29,E0147
GR0002132,PO-2025-002346,2025-02-23,6020.73,E0153
GR0002133,PO-2025-002466,2025-05-03,17421.32,E0148
GR0002134,PO-2024-002467,2024-09-21,13377.41,E0163
GR0002135,PO-2024-002468,2024-06-27,5018.21,E0141
GR0002136,PO-2024-002468,2024-07-04,3949.76,E0159
GR0002137,PO-2024-002469,2024-04-20,7780.54,E0154
GR0002138,PO-2024-002469,2024-05-09,4067.91,E0157
GR0002139,PO-2024-002470,2024-02-06,7107.61,E0160
GR0002140,PO-2025-002471,2025-02-26,2688.42,E0158
GR0002141,PO-2025-002471,2025-03-12,2560.03,E0157
GR0002142,PO-2024-002472,2024-04-18,27994.21,E0163
GR0002143,PO-2024-002473,2024-11-24,6266.91,E0143
GR0002144,PO-2024-002473,2024-12-11,4276.29,E0143
GR0002145,PO-2024-002474,2024-07-28,7013.73,E0151
GR0002146,PO-2024-002475,2024-10-17,5012.55,E0163
GR0002147,PO-2024-002476,2024-07-14,3635.28,E0141
GR0002148,PO-2025-002477,2025-07-12,7885.58,E0154
GR0002149,PO-2025-002478,2025-04-30,40985.93,E0155
GR0002150,PO-2024-002479,2025-01-02,2998.46,E0157
GR0002151,PO-2024-002480,2024-05-02,13698.73,E0141
GR0002152,PO-2024-002481,2024-07-08,1602.72,E0156
GR0002153,PO-2024-002482,2024-03-25,51124.82,E0150
GR0002154,PO-2024-002483,2024-06-11,10389.84,E0149
GR0002155,PO-2024-002484,2024-10-26,7382.89,E0149
GR0002156,PO-2024-002485,2024-06-29,2451.98,E0143
GR0002157,PO-2024-002486,2024-08-27,8237.65,E0154
GR0002158,PO-2024-002487,2024-10-03,5496.73,E0149
GR0002159,PO-2024-002488,2024-11-13,40989.92,E0161
GR0002160,PO-2025-002489,2025-04-09,21774.17,E0152
GR0002161,PO-2025-002490,2025-06-02,6977.65,E0162
GR0002162,PO-2025-002491,2025-02-28,9947.66,E0143
GR0002163,PO-2024-002492,2024-05-26,2765.44,E0154
GR0002164,PO-2024-002493,2024-07-19,11090.92,E0162
GR0002165,PO-2025-002494,2025-05-22,5494.72,E0151
GR0002166,PO-2024-002495,2024-03-27,26013.81,E0154
GR0002167,PO-2024-002496,2024-06-03,10831.46,E0146
GR0002168,PO-2024-002497,2024-12-12,12573.33,E0145
GR0002169,PO-2024-002498,2024-05-08,4524.8,E0150
GR0002170,PO-2024-002499,2024-03-21,8021.18,E0149
GR0002171,PO-2025-002500,2025-03-15,10425.46,E0153
GR0002172,PO-2025-002500,2025-03-24,4815.25,E0154
GR0002173,PO-2024-002501,2024-12-29,6007.0,E0159
GR0002174,PO-2025-002502,2025-07-11,17437.19,E0141
GR0002175,PO-2025-002503,2025-05-08,10368.81,E0151
GR0002176,PO-2024-002504,2024-09-03,21669.85,E0148
GR0002177,PO-2025-002505,2025-06-24,6048.25,E0160
GR0002178,PO-2024-002506,2024-12-19,10408.61,E0162
GR0002179,PO-2024-002507,2024-08-28,2054.42,E0149
GR0002180,PO-2024-002507,2024-09-05,884.58,E0143
GR0002181,PO-2024-002508,2024-05-31,5012.96,E0155
GR0002182,PO-2024-002509,2024-08-31,29388.63,E0160
GR0002183,PO-2024-002510,2024-04-13,2123.35,E0144
GR0002184,PO-2024-002510,2024-04-23,1177.16,E0143
GR0002185,PO-2024-002511,2024-03-03,1845.25,E0144
GR0002186,PO-2025-002512,2025-04-20,16797.19,E0161
GR0002187,PO-2024-002513,2024-02-04,3421.04,E0162
GR0002188,PO-2024-002514,2024-07-30,17477.89,E0156
GR0002189,PO-2024-002514,2024-08-17,16381.26,E0158
GR0002190,PO-2025-002515,2025-01-22,44542.25,E0149
GR0002191,PO-2024-002516,2024-01-26,2825.96,E0155
GR0002192,PO-2025-002517,2025-04-12,1983.62,E0141
GR0002193,PO-2025-002518,2025-02-03,9415.1,E0148
GR0002194,PO-2025-002519,2025-03-28,3976.21,E0158
GR0002195,PO-2025-002519,2025-04-12,3015.76,E0149
GR0002196,PO-2025-002520,2025-04-07,20452.26,E0145
GR0002197,PO-2025-002521,2025-07-10,3851.78,E0144
GR0002198,PO-2024-002522,2024-12-23,3902.32,E0149
GR0002199,PO-2024-002523,2024-08-04,1367.52,E0146
GR0002200,PO-2024-002523,2024-08-15,758.94,E0147
GR0002201,PO-2024-002524,2024-04-06,87954.57,E0141
GR0002202,PO-2024-002525,2024-08-05,12228.1,E0153
GR0002203,PO-2024-002526,2024-05-14,14338.88,E0141
GR0002204,PO-2024-002527,2024-11-13,10667.86,E0155
GR0002205,PO-2024-002528,2024-01-14,3047.08,E0155
GR0002206,PO-2024-002529,2024-10-30,3380.73,E0158
GR0002207,PO-2024-002529,2024-11-06,3560.39,E0154
GR0002208,PO-2024-002530,2024-04-12,50856.08,E0152
GR0002209,PO-2025-002531,2025-06-10,12840.01,E0157
GR0002210,PO-2025-002532,2025-05-27,5231.66,E0140
GR0002211,PO-2024-002533,2024-09-10,14285.7,E0161
GR0002212,PO-2024-002534,2024-01-21,5361.22,E0156
GR0002213,PO-2025-002535,2025-06-08,29735.62,E0150
GR0002214,PO-2025-002536,2025-03-22,2849.55,E0142
GR0002215,PO-2025-002537,2025-04-15,1250.94,E0163
GR0002216,PO-2025-002537,2025-05-02,1143.94,E0153
GR0002217,PO-2025-002538,2025-04-28,3983.48,E0153
GR0002218,PO-2024-002539,2024-03-21,42159.12,E0150
GR0002219,PO-2025-002540,2025-04-24,34954.39,E0141
GR0002220,PO-2024-002541,2024-03-03,18250.77,E0152
GR0002221,PO-2025-002542,2025-05-05,8744.18,E0146
GR0002222,PO-2025-002543,2025-04-25,9497.12,E0159
GR0002223,PO-2024-002544,2024-12-01,8075.95,E0150
GR0002224,PO-2024-002544,2024-12-15,11202.97,E0142
GR0002225,PO-2024-002545,2024-06-12,9385.1,E0163
GR0002226,PO-2024-002546,2024-04-08,2773.15,E0143
GR0002227,PO-2024-002547,2024-12-06,16088.83,E0141
GR0002228,PO-2024-002548,2025-01-12,50003.67,E0157
GR0002229,PO-2024-002549,2024-12-07,3737.32,E0157
GR0002230,PO-2025-002550,2025-03-25,1104.97,E0158
GR0002231,PO-2025-002550,2025-04-12,580.11,E0140
GR0002232,PO-2024-002551,2024-08-09,19257.56,E0151
GR0002233,PO-2024-002552,2024-03-02,11061.47,E0149
GR0002234,PO-2025-002553,2025-02-20,12219.05,E0157
GR0002235,PO-2024-002554,2024-07-17,2739.01,E0149
GR0002236,PO-2024-002555,2024-09-12,1933.69,E0151
GR0002237,PO-2024-002556,2024-01-25,2013.18,E0152
GR0002238,PO-2024-002557,2024-01-18,4123.94,E0152
GR0002239,PO-2024-002558,2024-09-13,1118.2,E0145
GR0002240,PO-2024-002559,2024-06-21,2247.74,E0157
GR0002241,PO-2024-002560,2024-07-11,8357.71,E0154
GR0002242,PO-2024-002561,2024-10-04,397.75,E0159
GR0002243,PO-2024-002562,2024-09-13,2213.33,E0163
GR0002244,PO-2024-002563,2024-03-30,2681.93,E0150
GR0002245,PO-2024-002564,2024-04-22,992.06,E0159
GR0002246,PO-2025-002565,2025-07-14,440.41,E0158
GR0002247,PO-2024-002566,2024-02-03,1338.41,E0150
GR0002248,PO-2024-002567,2024-03-01,1728.52,E0157
GR0002249,PO-2024-002568,2024-06-19,12114.73,E0154
GR0002250,PO-2025-002569,2025-06-11,712.6,E0147
GR0002251,PO-2025-002570,2025-07-02,3537.22,E0150
GR0002252,PO-2024-002571,2024-08-27,452.56,E0141
GR0002253,PO-2024-002571,2024-09-09,459.04,E0151
GR0002254,PO-2024-002572,2024-04-08,6907.44,E0153
GR0002255,PO-2024-002573,2024-07-10,868.58,E0151
GR0002256,PO-2025-002574,2025-03-24,1601.88,E0153
GR0002257,PO-2025-002574,2025-03-30,1587.84,E0140
GR0002258,PO-2024-002575,2024-01-20,320.95,E0152
GR0002259,PO-2025-002576,2025-01-29,7902.22,E0151
GR0002260,PO-2024-002577,2024-06-15,4167.31,E0162
GR0002261,PO-2024-002577,2024-07-03,1960.73,E0154
GR0002262,PO-2024-002578,2024-02-10,72.13,E0148
GR0002263,PO-2024-002578,2024-03-01,60.37,E0159
GR0002264,PO-2024-002579,2024-03-09,586.0,E0154
GR0002265,PO-2025-002580,2025-02-01,8027.39,E0163
GR0002266,PO-2024-002581,2024-05-11,1950.03,E0156
GR0002267,PO-2024-002582,2024-06-30,4060.08,E0160
GR0002268,PO-2025-002583,2025-01-25,13885.34,E0143
GR0002269,PO-2024-002584,2024-02-08,1897.27,E0162
GR0002270,PO-2024-002584,2024-02-13,822.64,E0153
GR0002271,PO-2024-002585,2024-04-09,326.94,E0156
GR0002272,PO-2024-002586,2024-05-14,2380.97,E0152
GR0002273,PO-2024-002587,2024-01-19,671.06,E0149
GR0002274,PO-2024-002588,2024-06-30,9741.7,E0158
GR0002275,PO-2024-002589,2024-12-20,7031.05,E0158
GR0002276,PO-2024-002590,2024-03-19,471.83,E0145
GR0002277,PO-2024-002590,2024-04-03,411.41,E0156
GR0002278,PO-2024-002591,2024-08-08,408.72,E0145
GR0002279,PO-2025-002592,2025-05-13,883.38,E0163
GR0002280,PO-2024-002593,2024-05-25,2012.47,E0163
GR0002281,PO-2024-002594,2024-12-30,3502.89,E0153
GR0002282,PO-2024-002595,2024-12-23,434.18,E0162
GR0002283,PO-2025-002596,2025-07-06,497.72,E0141
GR0002284,PO-2025-002597,2025-04-11,1634.05,E0157
GR0002285,PO-2025-002598,2025-02-04,1768.93,E0140
GR0002286,PO-2024-002599,2024-11-06,9793.26,E0161
GR0002287,PO-2025-002600,2025-01-29,2592.64,E0152
GR0002288,PO-2024-002601,2024-03-15,1168.15,E0152
GR0002289,PO-2024-002602,2024-10-01,1642.16,E0151
GR0002290,PO-2025-002603,2025-04-10,1141.09,E0140
GR0002291,PO-2025-002604,2025-04-04,7380.92,E0146
GR0002292,PO-2025-002605,2025-03-21,8130.99,E0149
GR0002293,PO-2025-002606,2025-06-20,762.12,E0149
GR0002294,PO-2025-002607,2025-06-10,3328.06,E0151
GR0002295,PO-2024-002961,2024-04-30,6271.93,E0158
GR0002296,PO-2025-002962,2025-03-04,134049.35,E0151
GR0002297,PO-2025-002963,2025-04-18,4108.76,E0149
GR0002298,PO-2024-002964,2024-08-27,21889.86,E0163
GR0002299,PO-2025-002965,2025-04-26,2873.33,E0142
GR0002300,PO-2024-002966,2024-11-06,21102.76,E0163
GR0002301,PO-2024-002967,2024-12-21,2100.84,E0160
GR0002302,PO-2025-002968,2025-05-18,23814.04,E0159
GR0002303,PO-2024-002978,2024-11-20,44803.56,E0144
GR0002304,PO-2024-002979,2024-02-24,1166.14,E0140
GR0002305,PO-2025-002980,2025-02-21,15269.61,E0146
GR0002306,PO-2025-002981,2025-05-13,1085.56,E0155
GR0002307,PO-2025-002982,2025-04-19,3537.07,E0144
GR0002308,PO-2024-002983,2024-04-07,753.19,E0158
GR0002309,PO-2024-002984,2024-05-19,1338.34,E0146
GR0002310,PO-2025-002985,2025-05-09,5245.15,E0157
GR0002311,PO-2024-002986,2024-05-18,1805.22,E0142
GR0002312,PO-2024-002986,2024-06-01,1274.46,E0145
GR0002313,PO-2024-002987,2024-07-12,8279.87,E0145
GR0002314,PO-2024-002988,2025-01-03,782.3,E0161
GR0002315,PO-2025-002989,2025-04-03,791.61,E0158
GR0002316,PO-2024-002990,2025-01-06,13473.76,E0144
GR0002317,PO-2025-002991,2025-06-27,3343.88,E0155
GR0002318,PO-2025-002991,2025-07-12,2729.78,E0158
GR0002319,PO-2024-002992,2024-08-14,3341.91,E0148
GR0002320,PO-2025-002993,2025-01-20,5179.69,E0161
GR0002321,PO-2025-002994,2025-05-08,2900.26,E0144
GR0002322,PO-2024-002995,2024-07-29,868.51,E0152
GR0002323,PO-2024-002996,2024-07-22,2156.74,E0145
GR0002324,PO-2024-002997,2024-12-20,8153.55,E0142
GR0002325,PO-2024-002998,2024-10-10,5560.55,E0150
GR0002326,PO-2024-002998,2024-10-18,2662.03,E0149
GR0002327,PO-2025-002999,2025-07-13,2162.94,E0162
GR0002328,PO-2024-003000,2024-02-06,1483.91,E0149
GR0002329,PO-2025-003001,2025-03-11,2183.71,E0155
GR0002330,PO-2025-003001,2025-03-30,1703.34,E0145
GR0002331,PO-2024-003002,2024-03-13,30486.33,E0143
GR0002332,PO-2024-003003,2024-10-09,1496.97,E0141
GR0002333,PO-2024-003004,2024-09-21,6299.04,E0147
GR0002334,PO-2024-003005,2024-10-16,5295.54,E0156
GR0002335,PO-2024-003006,2024-12-23,10004.31,E0155
GR0002336,PO-2024-003007,2024-08-18,1659.64,E0148
GR0002337,PO-2024-003008,2024-03-24,12706.33,E0159
GR0002338,PO-2025-003009,2025-03-06,750.47,E0141
GR0002339,PO-2025-003010,2025-02-18,8844.79,E0151
GR0002340,PO-2025-003010,2025-03-06,11616.48,E0140
GR0002341,PO-2024-003011,2024-08-04,668.69,E0161
GR0002342,PO-2024-003011,2024-08-14,861.42,E0141
GR0002343,PO-2024-003012,2024-05-28,4381.6,E0161
GR0002344,PO-2024-003013,2024-05-09,4954.28,E0154
GR0002345,PO-2024-003014,2024-07-30,9895.5,E0144
GR0002346,PO-2025-003015,2025-04-14,7802.33,E0146
GR0002347,PO-2024-003016,2024-05-10,11617.34,E0147
GR0002348,PO-2024-003017,2024-02-15,5263.84,E0147
GR0002349,PO-2024-003018,2024-11-15,8424.46,E0147
GR0002350,PO-2024-003018,2024-12-02,8503.9,E0156
GR0002351,PO-2024-003019,2024-08-03,3104.3,E0157
GR0002352,PO-2025-003020,2025-05-06,437.16,E0155
GR0002353,PO-2025-003021,2025-06-09,7514.93,E0140
GR0002354,PO-2024-003022,2024-10-27,717.01,E0147
GR0002355,PO-2025-003023,2025-01-28,4882.91,E0157
GR0002356,PO-2025-003024,2025-03-06,16622.67,E0157
GR0002357,PO-2024-003025,2024-11-29,2966.23,E0151
GR0002358,PO-2024-003025,2024-12-07,2054.42,E0142
GR0002359,PO-2025-003026,2025-03-03,8134.32,E0155
GR0002360,PO-2024-003027,2024-12-31,15038.96,E0156
GR0002361,PO-2024-003028,2024-04-06,3223.05,E0144
GR0002362,PO-2024-003029,2024-06-24,6235.74,E0145
GR0002363,PO-2024-003030,2024-09-25,2977.64,E0160
GR0002364,PO-2025-003031,2025-01-19,841.71,E0147
GR0002365,PO-2024-003032,2024-01-16,4614.8,E0145
GR0002366,PO-2024-003033,2024-07-26,9305.34,E0154
GR0002367,PO-2024-003034,2024-12-31,9465.55,E0145
GR0002368,PO-2024-003035,2024-05-27,3666.65,E0163
GR0002369,PO-2024-003036,2024-10-11,2107.26,E0153
GR0002370,PO-2025-003037,2025-03-21,19582.09,E0152
GR0002371,PO-2024-003038,2024-03-27,7903.99,E0147
GR0002372,PO-2025-003039,2025-05-19,7559.96,E0161
GR0002373,PO-2024-003040,2024-02-23,9464.18,E0159
GR0002374,PO-2025-003041,2025-04-19,26564.91,E0161
GR0002375,PO-2024-003042,2024-12-29,2939.61,E0149
GR0002376,PO-2025-003043,2025-01-11,2167.82,E0148
GR0002377,PO-2025-003044,2025-05-20,4289.42,E0140
GR0002378,PO-2024-003045,2025-01-01,5750.55,E0152
GR0002379,PO-2024-003046,2024-02-18,15770.4,E0149
GR0002380,PO-2025-003047,2025-05-28,5871.72,E0150
GR0002381,PO-2024-003048,2024-01-22,5435.4,E0163
GR0002382,PO-2025-003049,2025-06-15,10315.5,E0160
GR0002383,PO-2024-003050,2024-11-06,9450.47,E0147
GR0002384,PO-2024-003051,2024-12-30,17363.36,E0140
GR0002385,PO-2024-003052,2024-06-29,5350.69,E0153
GR0002386,PO-2024-003053,2024-10-02,4903.92,E0144
GR0002387,PO-2024-003053,2024-10-12,6317.27,E0146
GR0002388,PO-2024-003054,2024-06-24,2275.67,E0146
GR0002389,PO-2024-003055,2024-06-06,2150.05,E0153
GR0002390,PO-2025-003056,2025-02-06,1662.24,E0154
GR0002391,PO-2024-003057,2024-02-24,4782.18,E0153
GR0002392,PO-2024-003058,2024-12-05,3829.76,E0160
GR0002393,PO-2024-003059,2024-05-06,6976.59,E0163
GR0002394,PO-2024-003060,2024-08-05,5090.05,E0158
GR0002395,PO-2024-003060,2024-08-19,3282.88,E0157
GR0002396,PO-2024-003061,2024-01-10,3650.4,E0143
GR0002397,PO-2025-003062,2025-05-22,7522.65,E0160
GR0002398,PO-2024-003063,2024-03-22,1740.43,E0159
GR0002399,PO-2024-003064,2024-10-21,8414.82,E0154
GR0002400,PO-2024-003065,2024-02-22,8984.58,E0150
GR0002401,PO-2024-003066,2024-02-13,3096.64,E0162
GR0002402,PO-2025-003067,2025-02-21,4546.2,E0147
GR0002403,PO-2024-003068,2024-10-23,780.34,E0153
GR0002404,PO-2024-003069,2024-02-01,2275.09,E0162
GR0002405,PO-2024-003070,2024-08-29,1486.41,E0155
GR0002406,PO-2024-003071,2024-08-10,10088.37,E0162
GR0002407,PO-2025-003072,2025-05-06,12456.75,E0154
GR0002408,PO-2024-003073,2024-03-04,1282.32,E0149
GR0002409,PO-2024-003074,2024-02-26,3038.45,E0155
GR0002410,PO-2025-003075,2025-03-02,560.28,E0163
GR0002411,PO-2025-003075,2025-03-19,441.91,E0158
GR0002412,PO-2025-003076,2025-06-17,7170.35,E0143
GR0002413,PO-2024-003077,2024-11-26,11132.24,E0141
GR0002414,PO-2024-003078,2024-07-13,333.86,E0147
GR0002415,PO-2025-003079,2025-06-26,4929.03,E0154
GR0002416,PO-2024-003080,2024-08-13,10051.16,E0147
GR0002417,PO-2025-003081,2025-05-17,15683.62,E0146
GR0002418,PO-2025-003081,2025-05-22,8821.68,E0143
GR0002419,PO-2024-003082,2024-08-02,3328.87,E0153
GR0002420,PO-2024-003082,2024-08-14,4419.42,E0155
GR0002421,PO-2025-003083,2025-04-16,3616.63,E0147
GR0002422,PO-2024-003084,2024-07-02,6794.31,E0140
GR0002423,PO-2025-003085,2025-05-26,2273.77,E0147
GR0002424,PO-2025-003085,2025-06-09,2191.14,E0155
GR0002425,PO-2025-003086,2025-02-20,8988.91,E0150
GR0002426,PO-2024-003087,2024-10-21,2588.75,E0155
GR0002427,PO-2024-003088,2024-10-02,6162.91,E0156
GR0002428,PO-2025-003089,2025-04-17,15346.53,E0149
GR0002429,PO-2024-003090,2024-06-23,3234.26,E0151
GR0002430,PO-2024-003091,2024-05-02,457.83,E0140
GR0002431,PO-2024-003092,2024-06-22,15615.7,E0155
GR0002432,PO-2024-003093,2024-05-05,14293.15,E0153
GR0002433,PO-2025-003094,2025-01-11,6312.11,E0145
GR0002434,PO-2024-003095,2024-09-24,7702.56,E0159
GR0002435,PO-2025-003096,2025-05-26,20303.23,E0160
GR0002436,PO-2024-003097,2024-12-09,8985.77,E0155
GR0002437,PO-2024-003098,2025-01-01,933.87,E0157
GR0002438,PO-2025-003099,2025-06-02,3031.97,E0160
GR0002439,PO-2024-003100,2024-08-26,1141.38,E0151
GR0002440,PO-2024-003101,2024-09-22,2710.44,E0148
GR0002441,PO-2024-003102,2024-05-30,51223.25,E0151
GR0002442,PO-2024-003103,2024-11-07,13862.44,E0156
GR0002443,PO-2024-003104,2024-02-06,1541.87,E0144
GR0002444,PO-2024-003105,2024-03-25,2324.48,E0146
GR0002445,PO-2024-003105,2024-03-30,1486.37,E0144
GR0002446,PO-2024-003106,2024-01-23,809.71,E0148
GR0002447,PO-2024-003107,2024-03-05,1401.23,E0142
GR0002448,PO-2025-003108,2025-01-18,2895.48,E0141
GR0002449,PO-2024-003109,2024-08-12,5084.51,E0141
GR0002450,PO-2025-003110,2025-05-25,2972.94,E0152
GR0002451,PO-2024-003111,2024-08-08,28806.85,E0141
GR0002452,PO-2025-003112,2025-04-19,1807.27,E0156
GR0002453,PO-2025-003113,2025-04-05,19117.46,E0162
GR0002454,PO-2024-003114,2024-03-31,8388.63,E0147
GR0002455,PO-2024-003115,2024-07-27,3892.69,E0150
GR0002456,PO-2024-003116,2024-01-10,664.29,E0144
GR0002457,PO-2024-003117,2024-04-19,5935.99,E0150
GR0002458,PO-2024-003118,2024-03-03,7107.82,E0155
GR0002459,PO-2024-003119,2024-09-15,714.27,E0153
GR0002460,PO-2024-003120,2024-11-30,4961.93,E0157
GR0002461,PO-2025-003121,2025-05-06,4817.02,E0156
GR0002462,PO-2024-003122,2024-10-28,5888.14,E0163
GR0002463,PO-2024-003123,2024-11-17,1378.78,E0156
GR0002464,PO-2024-003124,2024-06-15,500.81,E0156
GR0002465,PO-2025-003125,2025-03-18,657.79,E0147
GR0002466,PO-2025-003126,2025-03-29,1237.06,E0157
GR0002467,PO-2025-003127,2025-02-15,15550.93,E0142
GR0002468,PO-2024-003128,2024-10-12,287.62,E0145
GR0002469,PO-2024-003129,2024-09-16,1324.93,E0152
GR0002470,PO-2024-003130,2024-02-12,835.2,E0163
GR0002471,PO-2024-003131,2025-01-08,2970.2,E0140
GR0002472,PO-2024-003132,2024-09-06,990.48,E0158
GR0002473,PO-2024-003133,2024-12-26,3296.94,E0161
GR0002474,PO-2024-003134,2024-08-10,781.6,E0151
GR0002475,PO-2024-003135,2024-11-25,118.24,E0154
GR0002476,PO-2025-003136,2025-03-04,1141.33,E0152
GR0002477,PO-2024-003137,2025-01-03,2011.71,E0142
GR0002478,PO-2024-003138,2024-07-10,7235.24,E0150
GR0002479,PO-2024-003138,2024-07-27,3133.23,E0161
GR0002480,PO-2024-003139,2024-11-04,12381.22,E0158
GR0002481,PO-2024-003140,2024-05-20,3903.75,E0149
GR0002482,PO-2024-003140,2024-05-26,2307.54,E0149
GR0002483,PO-2025-003141,2025-02-02,1778.21,E0152
GR0002484,PO-2024-003142,2024-02-05,6839.25,E0156
GR0002485,PO-2024-003143,2024-01-17,5041.79,E0146
GR0002486,PO-2024-003144,2024-07-03,6530.33,E0147
GR0002487,PO-2024-003145,2024-06-03,1589.07,E0151
GR0002488,PO-2024-003146,2024-11-25,538.02,E0152
GR0002489,PO-2025-003147,2025-04-07,8928.96,E0148
GR0002490,PO-2025-003148,2025-05-15,39861.82,E0144
GR0002491,PO-2024-003149,2024-12-06,583.64,E0143
GR0002492,PO-2025-003150,2025-03-13,5555.48,E0153
GR0002493,PO-2024-003151,2024-07-30,2602.5,E0158
GR0002494,PO-2025-003152,2025-04-28,6889.79,E0153
GR0002495,PO-2024-003153,2024-09-29,7289.3,E0163
GR0002496,PO-2024-003154,2025-01-05,4184.74,E0159
GR0002497,PO-2024-003155,2024-09-23,1339.7,E0156
GR0002498,PO-2024-003156,2024-11-03,3071.66,E0157
GR0002499,PO-2024-003157,2024-06-10,772.91,E0147
GR0002500,PO-2024-003157,2024-06-29,714.97,E0140
GR0002501,PO-2024-003158,2024-08-29,2180.63,E0153
GR0002502,PO-2024-003158,2024-09-06,1119.72,E0158
GR0002503,PO-2024-003159,2024-03-05,1440.72,E0148
GR0002504,PO-2024-003160,2024-12-30,2625.23,E0145
GR0002505,PO-2024-003161,2024-09-19,11212.11,E0143
GR0002506,PO-2024-003162,2024-06-22,3887.56,E0150
GR0002507,PO-2025-003163,2025-03-06,28894.49,E0146
GR0002508,PO-2024-003164,2024-04-18,9516.75,E0140
GR0002509,PO-2024-003165,2024-01-17,2673.66,E0155
GR0002510,PO-2024-003166,2024-03-11,378.94,E0145
GR0002511,PO-2024-003167,2024-06-23,1608.99,E0146
GR0002512,PO-2024-003168,2024-08-29,7545.95,E0163
GR0002513,PO-2025-003169,2025-03-01,13012.51,E0152
GR0002514,PO-2025-003170,2025-01-22,1248.24,E0155
GR0002515,PO-2024-003171,2024-10-14,18355.54,E0151
GR0002516,PO-2024-003172,2024-03-10,26035.79,E0163
GR0002517,PO-2025-003173,2025-07-08,1963.8,E0147
GR0002518,PO-2024-003174,2024-03-19,3292.76,E0146
GR0002519,PO-2024-003174,2024-03-26,3430.64,E0141
GR0002520,PO-2025-003175,2025-07-08,2430.79,E0144
GR0002521,PO-2024-003176,2024-12-02,356.47,E0153
GR0002522,PO-2025-003177,2025-01-28,963.44,E0142
GR0002523,PO-2025-003177,2025-01-31,481.0,E0142
GR0002524,PO-2024-003252,2024-09-28,8441.85,E0142
GR0002525,PO-2024-003252,2024-10-09,6701.81,E0159
GR0002526,PO-2024-003253,2024-11-23,6953.39,E0154
GR0002527,PO-2025-003254,2025-06-29,4711.3,E0149
GR0002528,PO-2024-003255,2024-09-26,2016.97,E0154
GR0002529,PO-2024-003256,2024-12-20,4415.98,E0154
GR0002530,PO-2024-003257,2024-09-02,3217.21,E0143
GR0002531,PO-2024-003258,2024-09-18,8242.97,E0155
GR0002532,PO-2024-003259,2024-02-04,2014.48,E0146
GR0002533,PO-2024-003259,2024-02-08,2187.89,E0155
GR0002534,PO-2024-003260,2024-02-18,715.65,E0150
GR0002535,PO-2024-003261,2024-01-16,652.32,E0159
GR0002536,PO-2024-003262,2024-09-02,2022.31,E0154
GR0002537,PO-2024-003263,2024-12-10,1243.13,E0160
GR0002538,PO-2025-003264,2025-03-15,10551.77,E0163
GR0002539,PO-2024-003265,2024-06-28,14885.89,E0155
GR0002540,PO-2024-003266,2024-12-26,1789.7,E0150
GR0002541,PO-2024-003267,2024-10-08,259.01,E0151
GR0002542,PO-2024-003268,2024-11-13,324.13,E0158
GR0002543,PO-2025-003269,2025-06-03,2948.97,E0154
GR0002544,PO-2024-003270,2024-08-30,2749.49,E0155
GR0002545,PO-2024-003271,2024-03-22,1253.63,E0144
GR0002546,PO-2024-003271,2024-04-05,1587.31,E0146
GR0002547,PO-2024-003272,2024-05-22,1589.44,E0145
GR0002548,PO-2024-003272,2024-06-03,2103.56,E0142
GR0002549,PO-2024-003273,2024-10-24,848.87,E0155
GR0002550,PO-2025-003274,2025-04-29,8112.83,E0147
GR0002551,PO-2024-003275,2024-12-17,1138.45,E0144
GR0002552,PO-2025-003276,2025-04-29,2599.09,E0145
GR0002553,PO-2024-003277,2024-05-26,6459.11,E0157
GR0002554,PO-2025-003278,2025-06-02,559.77,E0163
GR0002555,PO-2025-003279,2025-02-14,826.07,E0142
GR0002556,PO-2024-003280,2024-03-08,1593.61,E0150
GR0002557,PO-2025-003281,2025-06-12,3504.91,E0144
GR0002558,PO-2024-003282,2024-01-26,3400.9,E0146
GR0002559,PO-2024-003283,2024-10-30,3035.45,E0150
GR0002560,PO-2024-003284,2024-12-28,1347.13,E0153
GR0002561,PO-2024-003285,2024-11-10,1501.15,E0150
GR0002562,PO-2024-003286,2024-01-15,3323.89,E0143
GR0002563,PO-2024-003287,2024-05-09,1663.71,E0152
GR0002564,PO-2025-003288,2025-01-20,1933.61,E0148
GR0002565,PO-2024-003289,2024-10-10,26389.32,E0141
GR0002566,PO-2024-003290,2024-05-18,1484.63,E0156
GR0002567,PO-2024-003291,2024-09-14,450.21,E0140
GR0002568,PO-2025-003292,2025-03-05,14617.17,E0147
GR0002569,PO-2024-003293,2024-02-20,1912.24,E0154
GR0002570,PO-2024-003294,2024-07-08,3155.05,E0148
GR0002571,PO-2025-003295,2025-07-12,4516.93,E0154
GR0002572,PO-2024-003358,2024-10-15,4337.46,E0158
GR0002573,PO-2025-003359,2025-05-22,287.69,E0153
GR0002574,PO-2025-003359,2025-06-04,122.07,E0158
GR0002575,PO-2025-003360,2025-04-21,2082.77,E0142
GR0002576,PO-2025-003361,2025-05-18,376.94,E0158
GR0002577,PO-2024-003362,2024-05-07,6027.64,E0146
GR0002578,PO-2024-003363,2024-02-22,9423.97,E0142
GR0002579,PO-2024-003363,2024-03-07,9553.74,E0152
GR0002580,PO-2025-003364,2025-06-06,2241.85,E0161
GR0002581,PO-2025-003365,2025-02-05,1114.42,E0155
GR0002582,PO-2024-003366,2024-03-05,1287.06,E0149
GR0002583,PO-2024-003366,2024-03-12,1252.06,E0162
GR0002584,PO-2025-003367,2025-01-23,6050.64,E0151
GR0002585,PO-2024-003368,2024-01-13,5047.07,E0157
GR0002586,PO-2024-003369,2024-07-24,11493.21,E0162
GR0002587,PO-2024-003370,2024-04-03,4666.61,E0160
GR0002588,PO-2025-003371,2025-05-02,2369.51,E0141
GR0002589,PO-2025-003372,2025-03-04,16043.85,E0141
GR0002590,PO-2025-003373,2025-04-06,9253.03,E0151
GR0002591,PO-2024-003374,2024-02-09,7663.87,E0153
GR0002592,PO-2024-003375,2024-08-12,1984.95,E0141
GR0002593,PO-2025-003376,2025-04-10,5856.89,E0163
GR0002594,PO-2025-003376,2025-04-29,5690.97,E0154
GR0002595,PO-2024-003377,2024-12-10,12591.08,E0142
GR0002596,PO-2024-003378,2024-03-18,4224.02,E0159
GR0002597,PO-2024-003379,2024-10-15,1455.36,E0151
GR0002598,PO-2025-003380,2025-05-22,10809.79,E0160
GR0002599,PO-2024-003381,2024-03-15,6196.94,E0161
GR0002600,PO-2025-003382,2025-01-28,6669.75,E0158
GR0002601,PO-2024-003383,2024-06-14,2230.12,E0162
GR0002602,PO-2024-003384,2024-12-13,15203.58,E0161
GR0002603,PO-2024-003385,2024-06-18,3339.12,E0143
GR0002604,PO-2024-003385,2024-06-27,1677.27,E0160
GR0002605,PO-2024-003386,2024-05-30,3437.88,E0159
GR0002606,PO-2024-003387,2024-02-22,1364.58,E0156
GR0002607,PO-2024-003388,2024-10-05,9408.59,E0157
GR0002608,PO-2024-003388,2024-10-24,7985.67,E0140
GR0002609,PO-2025-003389,2025-01-31,22833.29,E0140
GR0002610,PO-2025-003390,2025-03-30,17669.55,E0151
GR0002611,PO-2024-003391,2024-08-22,1111.91,E0159
GR0002612,PO-2024-003392,2024-12-04,8254.42,E0161
GR0002613,PO-2025-003393,2025-02-10,9464.19,E0141
GR0002614,PO-2024-003394,2024-12-03,718.53,E0144
GR0002615,PO-2025-003395,2025-05-18,6041.9,E0146
GR0002616,PO-2024-003396,2024-09-17,2526.66,E0156
GR0002617,PO-2024-003397,2024-03-07,6201.41,E0153
GR0002618,PO-2024-003398,2024-08-10,13795.17,E0154
GR0002619,PO-2025-003399,2025-02-18,2892.51,E0149
GR0002620,PO-2025-003399,2025-03-03,2951.2,E0149
GR0002621,PO-2024-003400,2024-02-13,1476.84,E0152
GR0002622,PO-2025-003401,2025-04-27,11598.74,E0151
GR0002623,PO-2025-003402,2025-04-09,3587.75,E0154
GR0002624,PO-2024-003403,2024-06-18,2160.67,E0140
GR0002625,PO-2024-003404,2024-01-18,2316.0,E0154
GR0002626,PO-2024-003405,2024-11-25,2233.71,E0140
GR0002627,PO-2024-003406,2024-08-13,7071.31,E0156
GR0002628,PO-2025-003407,2025-03-08,16076.46,E0153
GR0002629,PO-2024-003408,2024-04-13,32817.46,E0148
GR0002630,PO-2024-003409,2024-12-02,2956.78,E0158
GR0002631,PO-2024-003410,2024-01-15,6558.72,E0147
GR0002632,PO-2024-003410,2024-01-26,8328.8,E0161
GR0002633,PO-2025-003411,2025-05-16,1678.91,E0151
GR0002634,PO-2024-003412,2024-05-02,1619.86,E0144
GR0002635,PO-2024-003413,2024-10-04,30345.01,E0157
GR0002636,PO-2025-003414,2025-03-16,2105.75,E0151
GR0002637,PO-2024-003415,2024-09-23,31753.5,E0150
GR0002638,PO-2025-003416,2025-06-18,4213.08,E0158
GR0002639,PO-2024-003417,2024-01-18,52960.7,E0162
GR0002640,PO-2024-003418,2024-05-12,5272.82,E0155
GR0002641,PO-2024-003419,2024-10-30,902.77,E0149
GR0002642,PO-2024-003420,2024-06-18,327.29,E0153
GR0002643,PO-2024-003420,2024-06-24,463.43,E0143
GR0002644,PO-2024-003421,2024-10-12,2214.1,E0151
GR0002645,PO-2024-003422,2024-12-06,3513.86,E0141
GR0002646,PO-2024-003423,2024-05-19,6683.73,E0146
GR0002647,PO-2025-003424,2025-05-30,10606.81,E0163
GR0002648,PO-2024-003425,2024-05-08,20961.36,E0160
GR0002649,PO-2025-003426,2025-06-08,2958.88,E0142
GR0002650,PO-2024-003427,2024-07-19,1781.58,E0142
GR0002651,PO-2024-003428,2024-10-08,1501.53,E0160
GR0002652,PO-2024-003428,2024-10-25,1304.14,E0142
GR0002653,PO-2024-003429,2024-05-10,881.22,E0151
GR0002654,PO-2025-003430,2025-02-24,919.16,E0159
GR0002655,PO-2024-003431,2024-06-13,4940.56,E0163
GR0002656,PO-2025-003432,2025-02-15,6274.79,E0157
GR0002657,PO-2025-003433,2025-04-05,5773.03,E0147
GR0002658,PO-2024-003434,2024-05-29,1408.57,E0155
GR0002659,PO-2025-003435,2025-07-09,2862.66,E0144
GR0002660,PO-2024-003436,2024-07-09,5012.67,E0140
GR0002661,PO-2025-003437,2025-03-26,7093.19,E0163
GR0002662,PO-2024-003438,2024-04-10,2317.2,E0152
GR0002663,PO-2024-003439,2024-12-05,1749.02,E0143
GR0002664,PO-2024-003439,2024-12-12,967.88,E0155
GR0002665,PO-2024-003440,2024-07-31,37933.85,E0142
GR0002666,PO-2024-003441,2024-05-09,941.42,E0162
GR0002667,PO-2024-003441,2024-05-20,996.59,E0163
GR0002668,PO-2024-003442,2024-07-02,1870.36,E0163
GR0002669,PO-2025-003443,2025-01-17,608.15,E0159
GR0002670,PO-2024-003444,2024-07-25,3689.57,E0149
GR0002671,PO-2025-003445,2025-04-07,19158.51,E0146
GR0002672,PO-2024-003446,2024-08-07,12994.99,E0145
GR0002673,PO-2024-003447,2024-12-26,9815.35,E0161
GR0002674,PO-2024-003448,2024-03-11,6010.99,E0145
GR0002675,PO-2024-003449,2024-09-26,5816.57,E0154
GR0002676,PO-2024-003450,2024-05-25,23954.02,E0149
GR0002677,PO-2024-003451,2024-03-23,7880.85,E0153
GR0002678,PO-2024-003452,2024-01-12,16471.24,E0152
GR0002679,PO-2025-003453,2025-05-31,4577.54,E0155
GR0002680,PO-2024-003454,2024-10-04,1604.57,E0141
GR0002681,PO-2024-003455,2024-09-25,10911.46,E0161
GR0002682,PO-2025-003456,2025-06-05,1756.74,E0146
GR0002683,PO-2025-003457,2025-06-15,40597.97,E0148
GR0002684,PO-2024-003458,2024-12-06,1277.08,E0155
GR0002685,PO-2024-003459,2024-12-05,3817.96,E0145
GR0002686,PO-2024-003460,2024-05-05,9013.03,E0155
GR0002687,PO-2025-003461,2025-03-05,7934.27,E0145
GR0002688,PO-2024-003462,2024-08-27,2324.14,E0160
GR0002689,PO-2024-003463,2024-08-07,7047.27,E0161
GR0002690,PO-2025-003464,2025-02-27,9872.69,E0160
GR0002691,PO-2025-003465,2025-04-08,9679.65,E0154
GR0002692,PO-2024-003466,2024-03-22,10150.43,E0141
GR0002693,PO-2024-003467,2024-02-14,34885.57,E0157
GR0002694,PO-2024-003468,2024-10-28,353.76,E0160
GR0002695,PO-2024-003468,2024-11-01,481.42,E0153
GR0002696,PO-2024-003469,2025-01-02,382.68,E0159
GR0002697,PO-2025-003470,2025-02-06,3644.59,E0152
GR0002698,PO-2025-003471,2025-06-27,2959.35,E0159
GR0002699,PO-2024-003493,2024-08-13,33436.76,E0160
GR0002700,PO-2025-003494,2025-02-02,2952.39,E0157
GR0002701,PO-2024-003495,2024-06-22,2793.95,E0153
GR0002702,PO-2025-003496,2025-06-04,8395.7,E0155
GR0002703,PO-2025-003497,2025-03-21,47417.71,E0144
GR0002704,PO-2024-003498,2024-08-11,18536.21,E0159
GR0002705,PO-2025-003499,2025-02-21,9575.1,E0156
GR0002706,PO-2024-003500,2024-04-10,8096.41,E0161
GR0002707,PO-2024-003501,2024-08-06,3905.86,E0145
GR0002708,PO-2025-003502,2025-02-04,9432.85,E0159
GR0002709,PO-2024-003503,2024-03-24,4705.96,E0147
GR0002710,PO-2025-003504,2025-03-25,3125.46,E0162
GR0002711,PO-2024-003505,2024-04-28,2952.1,E0162
GR0002712,PO-2025-003506,2025-02-24,1667.28,E0146
GR0002713,PO-2024-003507,2024-08-08,12958.4,E0141
GR0002714,PO-2024-003508,2024-11-08,3341.13,E0163
GR0002715,PO-2024-003509,2024-11-08,7666.89,E0141
GR0002716,PO-2025-003510,2025-01-16,1546.44,E0150
GR0002717,PO-2024-003511,2024-10-30,11486.56,E0150
GR0002718,PO-2024-003512,2024-02-22,2007.38,E0151
GR0002719,PO-2024-003513,2024-05-08,795.83,E0152
GR0002720,PO-2024-003514,2024-10-21,2215.41,E0156
GR0002721,PO-2025-003515,2025-04-23,1335.51,E0146
GR0002722,PO-2024-003516,2025-01-13,1700.68,E0161
GR0002723,PO-2024-003517,2024-12-31,1775.91,E0142
GR0002724,PO-2024-003518,2024-02-08,1525.47,E0148
GR0002725,PO-2024-003519,2024-12-18,2891.5,E0148
GR0002726,PO-2024-003519,2024-12-28,1339.43,E0156
GR0002727,PO-2024-003520,2024-03-08,2280.14,E0149
GR0002728,PO-2025-003521,2025-03-15,3068.77,E0142
GR0002729,PO-2025-003521,2025-03-29,1746.56,E0151
GR0002730,PO-2025-003522,2025-03-13,6184.84,E0152
GR0002731,PO-2024-003523,2024-10-20,10689.48,E0157
GR0002732,PO-2024-003524,2024-12-15,1342.05,E0146
GR0002733,PO-2024-003524,2024-12-30,1048.17,E0140
GR0002734,PO-2024-003525,2024-01-20,2242.52,E0161
GR0002735,PO-2025-003526,2025-07-05,5644.61,E0162
GR0002736,PO-2024-003527,2024-06-12,1614.6,E0162
GR0002737,PO-2025-003528,2025-02-28,3234.94,E0150
GR0002738,PO-2025-003529,2025-06-28,2027.84,E0144
GR0002739,PO-2025-003530,2025-03-21,1709.43,E0162
GR0002740,PO-2025-003531,2025-06-16,2837.83,E0146
GR0002741,PO-2024-003532,2024-03-23,6220.2,E0163
GR0002742,PO-2024-003532,2024-04-12,6509.41,E0163
GR0002743,PO-2024-003533,2024-06-08,1566.96,E0151
GR0002744,PO-2024-003534,2024-11-19,1943.4,E0141
GR0002745,PO-2025-003535,2025-01-07,12546.12,E0152
GR0002746,PO-2025-003535,2025-01-22,6136.9,E0148
GR0002747,PO-2024-003536,2024-06-30,828.21,E0156
GR0002748,PO-2025-003537,2025-06-16,4430.3,E0150
GR0002749,PO-2025-003538,2025-05-10,2589.75,E0143
GR0002750,PO-2024-003539,2024-12-20,6989.36,E0145
GR0002751,PO-2025-003540,2025-02-07,2676.31,E0149
GR0002752,PO-2025-003541,2025-03-08,7764.48,E0161
GR0002753,PO-2024-003542,2024-01-20,4746.89,E0157
GR0002754,PO-2024-003543,2024-10-26,7814.9,E0159
GR0002755,PO-2024-003544,2024-06-22,1765.37,E0149
GR0002756,PO-2024-003545,2024-07-25,3761.41,E0155
GR0002757,PO-2024-003546,2024-03-30,826.69,E0161
GR0002758,PO-2025-003547,2025-03-16,3419.6,E0159
GR0002759,PO-2025-003548,2025-02-13,3196.72,E0149
GR0002760,PO-2025-003549,2025-03-12,1617.62,E0153
GR0002761,PO-2025-003550,2025-01-04,6761.39,E0156
GR0002762,PO-2024-003551,2024-07-22,9282.71,E0144
GR0002763,PO-2025-003552,2025-05-25,11518.42,E0153
GR0002764,PO-2024-003553,2024-11-04,681.35,E0151
GR0002765,PO-2024-003553,2024-11-12,291.91,E0155
GR0002766,PO-2024-003554,2024-05-21,7666.84,E0162
GR0002767,PO-2024-003555,2024-03-20,8095.23,E0145
GR0002768,PO-2024-003556,2024-04-21,750.31,E0153
GR0002769,PO-2024-003556,2024-05-02,1083.79,E0154
GR0002770,PO-2024-003557,2024-06-01,7591.36,E0160
GR0002771,PO-2025-003558,2025-04-08,545.39,E0155
GR0002772,PO-2024-003559,2024-09-28,924.26,E0150
GR0002773,PO-2024-003560,2024-10-10,18820.79,E0158
GR0002774,PO-2025-003561,2025-06-08,4678.81,E0150
GR0002775,PO-2025-003562,2025-01-23,13599.67,E0154
GR0002776,PO-2024-003563,2024-08-18,12411.22,E0152
GR0002777,PO-2024-003564,2024-10-06,5606.45,E0163
GR0002778,PO-2025-003565,2025-06-23,3864.14,E0156
GR0002779,PO-2024-003566,2024-05-28,2966.59,E0154
GR0002780,PO-2024-003567,2024-03-10,13020.46,E0146
GR0002781,PO-2025-003577,2025-01-15,3873.27,E0150
GR0002782,PO-2024-003578,2024-06-29,13563.44,E0150
GR0002783,PO-2024-003579,2024-02-15,3030.27,E0148
GR0002784,PO-2025-003580,2025-01-28,1221.12,E0156
GR0002785,PO-2025-003581,2025-01-26,18913.41,E0151
GR0002786,PO-2024-003582,2024-08-27,5560.92,E0159
GR0002787,PO-2024-003583,2024-02-15,1857.29,E0157
GR0002788,PO-2024-003584,2024-04-12,2062.13,E0146
GR0002789,PO-2025-003585,2025-04-28,4562.71,E0142
GR0002790,PO-2024-003586,2024-09-12,9235.38,E0160
GR0002791,PO-2025-003587,2025-03-25,52358.26,E0161
GR0002792,PO-2024-003588,2024-12-06,9084.53,E0148
GR0002793,PO-2024-003589,2024-10-31,18637.72,E0150
GR0002794,PO-2025-003590,2025-07-08,1767.78,E0146
GR0002795,PO-2024-003591,2024-12-14,6045.37,E0160
GR0002796,PO-2024-003592,2024-01-13,2248.48,E0142
GR0002797,PO-2024-003592,2024-01-28,1995.4,E0157
GR0002798,PO-2024-003593,2024-05-16,10203.48,E0157
GR0002799,PO-2025-003594,2025-07-04,1908.33,E0158
GR0002800,PO-2025-003595,2025-03-31,10820.97,E0162
GR0002801,PO-2024-003596,2024-10-10,1544.21,E0145
GR0002802,PO-2024-003597,2024-01-21,2596.49,E0155
GR0002803,PO-2024-003598,2024-08-30,1755.63,E0161
GR0002804,PO-2024-003599,2024-11-28,1595.73,E0157
GR0002805,PO-2024-003600,2024-04-12,420.91,E0143
GR0002806,PO-2024-003601,2024-04-03,5900.94,E0145
GR0002807,PO-2024-003602,2024-12-21,1586.14,E0142
GR0002808,PO-2024-003603,2024-07-22,1036.87,E0145
GR0002809,PO-2025-003604,2025-03-28,28852.42,E0152
GR0002810,PO-2024-003605,2024-10-02,2865.74,E0140
GR0002811,PO-2024-003606,2024-09-17,14860.04,E0146
GR0002812,PO-2024-003607,2024-12-19,5507.66,E0145
GR0002813,PO-2025-003608,2025-05-29,5643.1,E0154
GR0002814,PO-2025-003609,2025-01-21,1022.38,E0142
GR0002815,PO-2024-003610,2024-12-05,3621.92,E0152
GR0002816,PO-2024-003611,2024-09-02,11956.48,E0163
GR0002817,PO-2024-003612,2024-07-16,2339.49,E0153
GR0002818,PO-2024-003613,2024-07-04,5485.48,E0141
GR0002819,PO-2024-003614,2024-08-09,1181.34,E0140
GR0002820,PO-2025-003615,2025-04-21,2764.96,E0143
GR0002821,PO-2024-003616,2024-04-03,4111.15,E0148
GR0002822,PO-2024-003617,2024-08-12,6165.82,E0143
GR0002823,PO-2024-003618,2024-04-21,3497.93,E0142
GR0002824,PO-2024-003619,2024-08-14,662.43,E0155
GR0002825,PO-2024-003619,2024-08-22,675.06,E0145
GR0002826,PO-2024-003620,2024-07-08,4533.72,E0142
GR0002827,PO-2024-003620,2024-07-23,6321.57,E0147
GR0002828,PO-2024-003621,2024-02-26,6792.45,E0154
GR0002829,PO-2024-003722,2024-12-18,20035.86,E0150
GR0002830,PO-2024-003723,2024-10-28,5332.15,E0161
GR0002831,PO-2024-003723,2024-11-14,5956.65,E0155
GR0002832,PO-2024-003724,2024-01-26,107496.23,E0163
GR0002833,PO-2024-003725,2024-01-26,5849.51,E0155
GR0002834,PO-2025-003726,2025-03-18,3327.04,E0145
GR0002835,PO-2025-003727,2025-01-15,19116.5,E0153
GR0002836,PO-2025-003727,2025-02-02,8439.24,E0146
GR0002837,PO-2025-003728,2025-03-05,19176.19,E0147
GR0002838,PO-2024-003729,2024-01-10,8953.17,E0142
GR0002839,PO-2024-003730,2024-02-27,9400.48,E0154
GR0002840,PO-2024-003731,2024-01-24,2808.02,E0156
GR0002841,PO-2024-003732,2024-09-24,84542.35,E0158
GR0002842,PO-2024-003772,2024-12-18,10468.3,E0163
GR0002843,PO-2024-003773,2024-02-25,6430.56,E0147
GR0002844,PO-2024-003774,2024-04-03,2265.61,E0155
GR0002845,PO-2024-003775,2024-08-28,7011.45,E0143
GR0002846,PO-2024-003776,2024-07-24,4344.85,E0157
GR0002847,PO-2025-003777,2025-06-24,356.53,E0145
GR0002848,PO-2025-003778,2025-02-08,5411.23,E0156
GR0002849,PO-2024-003779,2024-02-06,7393.19,E0156
GR0002850,PO-2024-003780,2024-06-07,2158.92,E0149
GR0002851,PO-2025-003781,2025-02-05,718.58,E0160
GR0002852,PO-2025-003781,2025-02-08,484.85,E0143
GR0002853,PO-2024-003782,2024-04-02,7702.93,E0153
GR0002854,PO-2024-003783,2024-01-29,1546.2,E0157
GR0002855,PO-2024-003784,2024-09-09,7050.64,E0147
GR0002856,PO-2024-003785,2024-07-21,1109.7,E0156
GR0002857,PO-2025-003786,2025-01-17,30207.24,E0149
GR0002858,PO-2024-003787,2024-11-11,880.61,E0154
GR0002859,PO-2024-003788,2024-10-01,8761.85,E0140
GR0002860,PO-2024-003789,2024-03-13,19996.45,E0158
GR0002861,PO-2024-003790,2024-12-29,1002.46,E0144
GR0002862,PO-2024-003791,2024-08-12,3203.84,E0144
GR0002863,PO-2025-003792,2025-06-09,3681.15,E0142
GR0002864,PO-2024-003793,2024-01-16,1084.91,E0146
GR0002865,PO-2024-003793,2024-01-22,482.5,E0145
GR0002866,PO-2024-003794,2024-09-13,4448.44,E0162
GR0002867,PO-2024-003795,2024-07-15,2729.31,E0158
GR0002868,PO-2025-003796,2025-07-08,971.79,E0163
GR0002869,PO-2025-003797,2025-04-26,3727.42,E0141
GR0002870,PO-2024-003798,2024-07-12,5431.15,E0151
GR0002871,PO-2024-003799,2024-07-11,2324.75,E0163
GR0002872,PO-2024-003800,2024-11-06,5994.8,E0153
GR0002873,PO-2025-003801,2025-06-26,2381.3,E0149
GR0002874,PO-2025-003802,2025-05-08,6804.46,E0146
GR0002875,PO-2024-003803,2024-07-08,2961.63,E0162
GR0002876,PO-2025-003804,2025-01-10,10833.31,E0141
GR0002877,PO-2024-003805,2024-04-02,922.71,E0144
GR0002878,PO-2024-003805,2024-04-11,634.23,E0145
GR0002879,PO-2024-003806,2024-09-18,4139.13,E0163
GR0002880,PO-2024-003807,2024-03-29,8540.9,E0155
GR0002881,PO-2025-003808,2025-01-30,3483.33,E0153
GR0002882,PO-2024-003809,2024-03-29,1589.81,E0155
GR0002883,PO-2024-003810,2024-09-27,5194.79,E0150
GR0002884,PO-2024-003811,2024-06-01,1048.78,E0141
GR0002885,PO-2025-003812,2025-04-13,5334.1,E0152
GR0002886,PO-2024-003813,2024-09-30,1994.25,E0155
GR0002887,PO-2024-003814,2024-05-31,9817.5,E0153
GR0002888,PO-2025-003815,2025-05-10,10004.1,E0163
GR0002889,PO-2025-003816,2025-04-29,3672.64,E0162
GR0002890,PO-2024-003817,2024-10-30,1595.08,E0149
GR0002891,PO-2025-003818,2025-04-07,1878.62,E0142
GR0002892,PO-2024-003819,2024-02-18,4700.39,E0142
GR0002893,PO-2024-003820,2024-11-25,2887.13,E0145
GR0002894,PO-2024-003821,2024-02-02,4342.94,E0147
GR0002895,PO-2025-003822,2025-07-20,7700.33,E0155
GR0002896,PO-2025-003823,2025-04-21,3997.16,E0156
GR0002897,PO-2024-003824,2024-12-16,4946.12,E0141
GR0002898,PO-2024-003825,2024-06-08,6538.66,E0151
GR0002899,PO-2024-003826,2024-08-06,17549.85,E0148
GR0002900,PO-2024-003827,2024-01-28,4326.9,E0163
GR0002901,PO-2024-003828,2024-09-30,2705.14,E0140
GR0002902,PO-2024-003829,2024-05-21,7125.74,E0147
GR0002903,PO-2024-003830,2024-04-17,1759.63,E0144
GR0002904,PO-2025-003831,2025-07-08,17974.98,E0161
GR0002905,PO-2025-003831,2025-07-22,8253.55,E0161
GR0002906,PO-2025-003832,2025-03-01,5851.77,E0140
GR0002907,PO-2024-003833,2024-06-14,5715.58,E0146
GR0002908,PO-2024-003834,2024-01-13,5190.14,E0152
GR0002909,PO-2024-003834,2024-01-22,3901.73,E0162
GR0002910,PO-2024-003835,2024-12-11,18453.3,E0158
GR0002911,PO-2024-003836,2024-02-14,32060.64,E0159
GR0002912,PO-2024-003837,2024-02-03,20763.69,E0160
GR0002913,PO-2025-003838,2025-03-29,2962.61,E0143
GR0002914,PO-2024-003839,2024-05-16,21261.66,E0162
GR0002915,PO-2025-003840,2025-06-20,2509.22,E0148
GR0002916,PO-2025-003840,2025-06-23,1494.97,E0150
GR0002917,PO-2025-003841,2025-03-26,2624.83,E0148
GR0002918,PO-2024-003842,2024-06-27,12228.49,E0141
GR0002919,PO-2025-003843,2025-03-11,18690.43,E0151
GR0002920,PO-2024-003844,2024-03-07,5072.65,E0150
GR0002921,PO-2024-003845,2024-09-17,43438.34,E0150
GR0002922,PO-2024-003846,2024-07-20,5979.08,E0144
GR0002923,PO-2024-003847,2024-01-18,28587.57,E0160
GR0002924,PO-2024-003848,2024-12-14,874.6,E0154
GR0002925,PO-2024-003849,2024-06-21,7679.93,E0142
GR0002926,PO-2025-003850,2025-04-04,4243.26,E0144
GR0002927,PO-2025-003851,2025-02-01,3097.68,E0143
GR0002928,PO-2025-003851,2025-02-19,2736.83,E0160
GR0002929,PO-2024-003852,2024-05-04,4571.08,E0146
GR0002930,PO-2024-003853,2024-03-14,1053.66,E0157
GR0002931,PO-2025-003854,2025-07-08,629.71,E0161
GR0002932,PO-2024-003855,2024-11-10,2157.59,E0144
GR0002933,PO-2025-003856,2025-04-03,3876.87,E0161
GR0002934,PO-2024-003857,2024-12-06,2084.17,E0163
GR0002935,PO-2024-003858,2024-08-17,4992.0,E0158
GR0002936,PO-2025-003859,2025-02-05,1914.66,E0149
GR0002937,PO-2025-003860,2025-02-18,2914.17,E0154
GR0002938,PO-2025-003861,2025-06-12,1695.11,E0140
GR0002939,PO-2025-003862,2025-02-06,2900.42,E0162
GR0002940,PO-2024-003863,2024-09-14,2798.66,E0161
GR0002941,PO-2024-003864,2024-08-10,1323.4,E0146
GR0002942,PO-2024-003865,2025-01-04,119.17,E0155
GR0002943,PO-2024-003866,2024-12-30,4187.17,E0163
GR0002944,PO-2024-003867,2025-01-03,4852.27,E0152
GR0002945,PO-2024-003868,2024-07-21,650.67,E0144
GR0002946,PO-2024-003869,2024-12-23,5330.7,E0148
GR0002947,PO-2024-003870,2024-11-20,1826.73,E0158
GR0002948,PO-2025-003871,2025-04-03,465.93,E0162
GR0002949,PO-2025-003871,2025-04-24,598.86,E0156
GR0002950,PO-2024-003872,2024-08-10,522.78,E0149
GR0002951,PO-2025-003873,2025-04-10,1581.3,E0149
GR0002952,PO-2024-003874,2024-04-13,2053.65,E0145
GR0002953,PO-2024-003875,2024-08-24,8310.51,E0148
GR0002954,PO-2024-003876,2024-12-01,975.39,E0151
GR0002955,PO-2024-003877,2024-06-07,2770.17,E0156
GR0002956,PO-2024-003878,2024-08-22,4014.61,E0143
GR0002957,PO-2024-003879,2024-09-14,568.14,E0158
GR0002958,PO-2024-003880,2024-04-27,975.67,E0158
GR0002959,PO-2024-003881,2024-06-20,1412.89,E0160
GR0002960,PO-2024-003881,2024-06-30,1947.75,E0140
GR0002961,PO-2024-003882,2025-01-07,688.85,E0163
GR0002962,PO-2025-003883,2025-01-10,647.34,E0153
GR0002963,PO-2025-003883,2025-01-27,490.43,E0143
GR0002964,PO-2024-003884,2024-03-12,709.8,E0154
GR0002965,PO-2025-003885,2025-04-09,4187.12,E0152
GR0002966,PO-2024-003952,2024-07-07,128.54,E0143
GR0002967,PO-2024-003953,2024-12-24,1878.45,E0159
GR0002968,PO-2025-003954,2025-02-16,2769.69,E0151
GR0002969,PO-2025-003955,2025-04-05,2563.41,E0151
GR0002970,PO-2024-003956,2024-06-24,1257.92,E0144
GR0002971,PO-2024-003957,2024-12-09,2853.16,E0152
GR0002972,PO-2025-003958,2025-04-23,3553.24,E0151
GR0002973,PO-2025-003959,2025-03-01,6065.27,E0157
GR0002974,PO-2024-003960,2024-10-09,1025.62,E0151
GR0002975,PO-2025-003961,2025-07-09,766.36,E0157
GR0002976,PO-2024-003962,2024-09-01,1560.3,E0154
GR0002977,PO-2025-003963,2025-06-13,16964.45,E0161
GR0002978,PO-2025-003964,2025-05-17,505.29,E0147
GR0002979,PO-2024-003965,2024-02-23,424.59,E0146
GR0002980,PO-2025-003966,2025-06-22,2254.64,E0160
GR0002981,PO-2025-003967,2025-07-11,1089.41,E0148
GR0002982,PO-2024-003968,2024-07-10,1267.84,E0141
GR0002983,PO-2024-003968,2024-07-17,769.48,E0143
GR0002984,PO-2024-003969,2024-09-10,2338.9,E0153
GR0002985,PO-2024-003969,2024-09-25,1152.96,E0141
GR0002986,PO-2025-003970,2025-02-05,824.47,E0142
GR0002987,PO-2025-003971,2025-06-13,1312.03,E0152
GR0002988,PO-2025-003972,2025-04-28,29211.37,E0161
GR0002989,PO-2024-003973,2024-06-01,2936.95,E0141
GR0002990,PO-2024-003974,2024-10-04,3331.3,E0147
GR0002991,PO-2024-003974,2024-10-11,2042.56,E0146
GR0002992,PO-2025-003975,2025-03-25,390.19,E0161
GR0002993,PO-2024-003976,2024-09-05,486.82,E0150
GR0002994,PO-2024-003977,2024-09-10,745.62,E0156
GR0002995,PO-2024-003978,2024-12-09,6720.21,E0152
GR0002996,PO-2025-003979,2025-05-14,2595.14,E0155
GR0002997,PO-2024-003980,2024-05-02,1126.04,E0151
GR0002998,PO-2024-003981,2024-06-10,4743.98,E0162
GR0002999,PO-2024-003982,2024-09-09,249.14,E0153
GR0003000,PO-2025-003983,2025-03-25,5592.75,E0140
GR0003001,PO-2024-003984,2024-10-12,1986.0,E0144
GR0003002,PO-2024-003985,2024-05-29,722.07,E0161
GR0003003,PO-2024-003986,2024-08-15,5383.83,E0162
GR0003004,PO-2024-003987,2024-11-16,1428.56,E0143
GR0003005,PO-2024-003988,2024-03-16,1997.86,E0147
GR0003006,PO-2025-003989,2025-02-12,6642.19,E0148
GR0003007,PO-2025-003990,2025-04-26,1360.7,E0163
GR0003008,PO-2024-003991,2024-05-13,1262.37,E0158
GR0003009,PO-2025-003992,2025-03-31,3824.27,E0146
GR0003010,PO-2024-003993,2024-05-27,772.8,E0147
GR0003011,PO-2024-003993,2024-06-11,844.17,E0141
GR0003012,PO-2025-003994,2025-03-26,4246.55,E0144
GR0003013,PO-2024-003995,2024-03-06,595.37,E0147
GR0003014,PO-2024-003996,2024-11-29,18866.08,E0155
GR0003015,PO-2024-003997,2024-03-30,2301.03,E0152
GR0003016,PO-2024-003998,2024-10-23,2303.24,E0157
GR0003017,PO-2025-003999,2025-03-27,4435.14,E0147
GR0003018,PO-2024-004000,2024-04-29,4862.19,E0142
GR0003019,PO-2024-004001,2024-02-20,1863.04,E0151
GR0003020,PO-2025-004002,2025-06-30,3680.12,E0146
GR0003021,PO-2024-004003,2024-06-17,1253.88,E0147
GR0003022,PO-2025-004004,2025-03-01,1862.36,E0152
GR0003023,PO-2024-004005,2024-03-26,1426.47,E0156
GR0003024,PO-2025-004006,2025-02-17,3341.61,E0144
GR0003025,PO-2025-004007,2025-04-22,2011.05,E0157
GR0003026,PO-2024-004008,2024-06-11,3421.29,E0156
GR0003027,PO-2024-004009,2024-09-26,2041.79,E0155
GR0003028,PO-2025-004010,2025-04-15,965.06,E0162
GR0003029,PO-2024-004011,2024-03-26,2545.39,E0150
GR0003030,PO-2024-004012,2024-12-05,18117.99,E0143
GR0003031,PO-2025-004013,2025-04-08,1378.31,E0159
GR0003032,PO-2025-004013,2025-04-25,878.88,E0152
GR0003033,PO-2025-004014,2025-04-17,1176.19,E0149
GR0003034,PO-2025-004015,2025-04-26,1232.43,E0163
GR0003035,PO-2024-004016,2024-10-02,4496.83,E0151
GR0003036,PO-2025-004017,2025-01-10,21096.42,E0160
GR0003037,PO-2024-004018,2025-01-11,262.95,E0144
GR0003038,PO-2024-004019,2024-07-10,631.13,E0149
GR0003039,PO-2025-004020,2025-02-18,1168.97,E0155
GR0003040,PO-2024-004021,2024-02-28,847.26,E0145
GR0003041,PO-2024-004022,2024-05-14,1354.29,E0141
GR0003042,PO-2024-004023,2025-01-07,10012.37,E0140
GR0003043,PO-2024-004024,2024-09-09,1587.32,E0156
GR0003044,PO-2025-004025,2025-04-10,828.32,E0158
GR0003045,PO-2025-004026,2025-01-14,1034.13,E0148
GR0003046,PO-2024-004027,2024-11-17,820.32,E0162
GR0003047,PO-2025-004028,2025-02-24,2298.81,E0153
GR0003048,PO-2025-004029,2025-05-04,1209.35,E0155
GR0003049,PO-2025-004029,2025-05-11,1288.03,E0149
GR0003050,PO-2024-004030,2024-07-28,3015.81,E0156
GR0003051,PO-2024-004031,2024-06-25,1420.85,E0141
GR0003052,PO-2025-004032,2025-02-14,2774.15,E0142
GR0003053,PO-2024-004033,2024-07-07,573.32,E0152
GR0003054,PO-2024-004033,2024-07-20,549.5,E0155
GR0003055,PO-2024-004034,2024-09-18,959.19,E0146
GR0003056,PO-2024-004035,2024-03-26,17280.27,E0161
GR0003057,PO-2024-004036,2024-05-08,1791.16,E0158
GR0003058,PO-2025-004037,2025-05-03,4766.64,E0154
GR0003059,PO-2024-004038,2024-06-02,5287.0,E0159
GR0003060,PO-2024-004039,2024-02-16,743.66,E0162
GR0003061,PO-2024-004040,2024-04-29,8236.14,E0144
GR0003062,PO-2025-004041,2025-04-17,1567.83,E0148
GR0003063,PO-2025-004041,2025-04-26,1087.47,E0159
GR0003064,PO-2024-004042,2024-07-04,2095.04,E0141
GR0003065,PO-2024-004043,2024-06-10,628.36,E0140
GR0003066,PO-2024-004044,2024-06-05,749.3,E0159
GR0003067,PO-2024-004045,2024-03-22,1615.69,E0151
GR0003068,PO-2024-004046,2024-04-07,277.28,E0160
GR0003069,PO-2025-004047,2025-04-29,1144.12,E0156
GR0003070,PO-2024-004048,2024-04-13,9222.87,E0150
GR0003071,PO-2025-004049,2025-01-26,1779.2,E0163
GR0003072,PO-2024-004050,2024-06-12,1025.2,E0143
GR0003073,PO-2024-004051,2024-09-02,2564.52,E0154
GR0003074,PO-2024-004051,2024-09-07,3349.88,E0146
GR0003075,PO-2024-004052,2024-09-13,4380.05,E0144
GR0003076,PO-2025-004053,2025-01-27,889.74,E0160
GR0003077,PO-2024-004054,2024-07-24,513.02,E0144
GR0003078,PO-2025-004055,2025-03-28,5371.31,E0156
GR0003079,PO-2024-004056,2024-07-10,1305.95,E0153
GR0003080,PO-2024-004057,2024-03-21,421.4,E0148
GR0003081,PO-2025-004058,2025-07-13,1180.02,E0151
GR0003082,PO-2025-004059,2025-03-29,1246.82,E0151
GR0003083,PO-2025-004060,2025-06-04,2333.39,E0163
GR0003084,PO-2024-004061,2024-03-08,2026.78,E0159
GR0003085,PO-2024-004062,2024-06-20,2416.53,E0144
GR0003086,PO-2025-004063,2025-07-09,7736.78,E0154
GR0003087,PO-2025-004064,2025-05-19,1690.59,E0149
GR0003088,PO-2025-004065,2025-04-16,3095.08,E0162
GR0003089,PO-2024-004066,2024-03-28,1071.48,E0159
GR0003090,PO-2024-004067,2024-10-29,1286.55,E0141
GR0003091,PO-2025-004068,2025-07-03,2163.47,E0161
GR0003092,PO-2025-004069,2025-03-02,11369.66,E0151
GR0003093,PO-2024-004070,2024-07-25,192.04,E0157
GR0003094,PO-2024-004071,2024-12-13,1139.37,E0153
GR0003095,PO-2024-004072,2024-10-19,1044.2,E0156
GR0003096,PO-2024-004073,2024-02-08,1049.8,E0153
GR0003097,PO-2024-004074,2024-08-09,4918.89,E0160
GR0003098,PO-2024-004075,2024-08-11,861.77,E0154
GR0003099,PO-2025-004076,2025-04-18,4435.01,E0155
GR0003100,PO-2024-004077,2024-08-10,2062.08,E0151
GR0003101,PO-2025-004078,2025-05-14,1984.58,E0151
GR0003102,PO-2024-004079,2024-10-24,3480.43,E0158
GR0003103,PO-2025-004080,2025-02-13,3744.32,E0149
GR0003104,PO-2024-004081,2024-10-11,2403.07,E0163
GR0003105,PO-2025-004082,2025-04-29,2380.64,E0155
GR0003106,PO-2024-004083,2024-04-26,248.57,E0151
GR0003107,PO-2025-004084,2025-02-11,1796.74,E0142
GR0003108,PO-2024-004085,2024-11-12,2722.12,E0147
GR0003109,PO-2024-004086,2024-03-16,5223.85,E0163
GR0003110,PO-2024-004087,2024-07-12,3243.58,E0147
GR0003111,PO-2024-004088,2024-07-09,2024.44,E0155
GR0003112,PO-2025-004089,2025-06-22,2014.32,E0157
GR0003113,PO-2025-004090,2025-05-31,1967.32,E0159
GR0003114,PO-2024-004091,2024-02-09,2714.54,E0147
GR0003115,PO-2024-004092,2024-05-26,44449.92,E0154
GR0003116,PO-2025-004093,2025-03-10,3143.51,E0158
GR0003117,PO-2024-004094,2024-05-26,1404.67,E0158
GR0003118,PO-2024-004095,2024-06-11,6700.36,E0161
GR0003119,PO-2024-004096,2024-11-03,1018.59,E0160
GR0003120,PO-2024-004097,2024-09-03,2869.6,E0161
GR0003121,PO-2025-004098,2025-02-02,2069.11,E0152
GR0003122,PO-2025-004098,2025-02-15,2514.32,E0157
GR0003123,PO-2024-004099,2024-09-25,1042.9,E0160
GR0003124,PO-2025-004100,2025-06-05,4037.0,E0146
GR0003125,PO-2025-004101,2025-01-19,608.93,E0147
GR0003126,PO-2025-004102,2025-04-18,389.13,E0148
GR0003127,PO-2024-004103,2024-06-05,19907.2,E0150
GR0003128,PO-2025-004104,2025-05-19,2091.17,E0148
GR0003129,PO-2024-004105,2024-10-09,1072.72,E0141
GR0003130,PO-2024-004106,2024-04-20,2238.56,E0161
GR0003131,PO-2024-004107,2024-01-29,3805.57,E0140
GR0003132,PO-2024-004108,2024-03-24,4935.71,E0150
GR0003133,PO-2024-004109,2024-07-18,118.34,E0159
GR0003134,PO-2025-004110,2025-02-03,909.72,E0160
GR0003135,PO-2024-004111,2024-02-15,9397.69,E0151
GR0003136,PO-2025-004112,2025-04-16,2355.47,E0158
GR0003137,PO-2024-004113,2024-09-13,422.7,E0145
GR0003138,PO-2025-004114,2025-04-21,1964.83,E0145
GR0003139,PO-2025-004115,2025-01-30,1289.03,E0142
GR0003140,PO-2025-004116,2025-04-08,1718.99,E0162
GR0003141,PO-2025-004116,2025-04-16,1465.01,E0148
GR0003142,PO-2024-004117,2024-05-27,584.07,E0160
GR0003143,PO-2024-004117,2024-06-04,411.94,E0147
GR0003144,PO-2024-004118,2024-01-26,629.63,E0160
GR0003145,PO-2024-004118,2024-02-14,345.61,E0145
GR0003146,PO-2024-004119,2024-03-19,5517.91,E0143
GR0003147,PO-2024-004120,2024-12-03,945.66,E0160
GR0003148,PO-2024-004120,2024-12-12,701.99,E0152
GR0003149,PO-2025-004121,2025-05-16,7289.58,E0163
GR0003150,PO-2024-004122,2024-10-26,6926.34,E0142
GR0003151,PO-2024-004123,2024-03-06,608.42,E0140
GR0003152,PO-2024-004124,2024-01-15,324.95,E0141
GR0003153,PO-2024-004125,2024-02-07,2063.01,E0159
GR0003154,PO-2024-004126,2024-03-10,2745.33,E0156
GR0003155,PO-2024-004127,2024-02-07,834.44,E0153
GR0003156,PO-2024-004128,2024-05-08,2722.51,E0146
GR0003157,PO-2025-004129,2025-06-21,195.52,E0151
GR0003158,PO-2025-004129,2025-07-10,196.85,E0162
GR0003159,PO-2024-004130,2024-12-31,602.41,E0144
GR0003160,PO-2025-004131,2025-02-10,1880.83,E0142
GR0003161,PO-2025-004132,2025-01-18,3106.19,E0151
GR0003162,PO-2025-004133,2025-04-27,3010.07,E0145
GR0003163,PO-2024-004134,2024-05-26,3096.35,E0140
GR0003164,PO-2024-004135,2024-06-07,22226.57,E0155
GR0003165,PO-2024-004136,2024-06-03,1384.39,E0141
GR0003166,PO-2024-004137,2024-06-08,1589.42,E0141
GR0003167,PO-2024-004138,2024-09-24,1928.36,E0159
GR0003168,PO-2024-004139,2024-02-18,6311.85,E0153
GR0003169,PO-2024-004140,2024-04-22,36138.21,E0144
GR0003170,PO-2024-004141,2024-05-27,1683.94,E0156
GR0003171,PO-2024-004142,2024-04-26,1089.85,E0142
GR0003172,PO-2025-004143,2025-04-10,208.91,E0156
GR0003173,PO-2024-004144,2024-11-18,3763.41,E0153
GR0003174,PO-2024-004145,2024-08-15,1158.75,E0153
GR0003175,PO-2024-004146,2024-01-30,914.9,E0142
GR0003176,PO-2024-004146,2024-02-14,1138.45,E0143
GR0003177,PO-2024-004147,2024-06-27,255.09,E0140
GR0003178,PO-2024-004147,2024-07-05,200.66,E0163
GR0003179,PO-2024-004148,2024-10-09,3428.72,E0145
GR0003180,PO-2024-004149,2024-07-08,1581.57,E0163
GR0003181,PO-2025-004150,2025-03-29,9317.28,E0140
GR0003182,PO-2025-004151,2025-01-17,795.76,E0162
GR0003183,PO-2024-004152,2024-06-02,1499.73,E0148
GR0003184,PO-2024-004153,2024-05-10,5036.64,E0145
GR0003185,PO-2024-004154,2024-11-11,2280.42,E0156
GR0003186,PO-2024-004155,2024-02-24,2465.71,E0161
GR0003187,PO-2025-004156,2025-01-15,4406.93,E0148
GR0003188,PO-2025-004157,2025-03-08,355.89,E0140
GR0003189,PO-2024-004158,2024-11-11,18231.19,E0155
GR0003190,PO-2024-004159,2024-02-21,2603.74,E0150
GR0003191,PO-2025-004160,2025-04-07,1856.4,E0155
GR0003192,PO-2025-004161,2025-06-02,8286.14,E0157
GR0003193,PO-2024-004162,2024-08-03,1004.08,E0145
GR0003194,PO-2024-004163,2024-05-07,3484.13,E0163
GR0003195,PO-2024-004164,2024-05-22,1904.94,E0142
GR0003196,PO-2024-004165,2024-07-24,30573.83,E0159
GR0003197,PO-2024-004166,2024-10-20,6206.17,E0145
GR0003198,PO-2024-004167,2024-03-03,1199.61,E0160
GR0003199,PO-2024-004168,2024-10-12,3104.52,E0145
GR0003200,PO-2024-004168,2024-10-27,3878.62,E0163
GR0003201,PO-2024-004169,2024-08-15,5095.13,E0141
GR0003202,PO-2025-004170,2025-04-19,1624.17,E0141
GR0003203,PO-2025-004171,2025-05-14,6430.64,E0160
GR0003204,PO-2025-004172,2025-05-27,410.67,E0160
GR0003205,PO-2024-004173,2024-10-08,438.52,E0149
GR0003206,PO-2024-004174,2024-11-25,629.27,E0163
GR0003207,PO-2024-004175,2024-07-04,68.89,E0156
GR0003208,PO-2024-004175,2024-07-19,50.58,E0160
GR0003209,PO-2024-004176,2024-02-27,1305.08,E0144
GR0003210,PO-2024-004177,2024-09-14,1238.45,E0163
GR0003211,PO-2024-004178,2024-11-03,3248.19,E0160
GR0003212,PO-2025-004179,2025-04-10,2831.22,E0155
GR0003213,PO-2024-004180,2024-11-18,2252.45,E0146
GR0003214,PO-2024-004181,2024-03-09,355.09,E0145
GR0003215,PO-2024-004182,2024-07-03,16689.68,E0160
GR0003216,PO-2025-004183,2025-06-14,2289.31,E0141
GR0003217,PO-2024-004184,2024-03-14,2705.82,E0159
GR0003218,PO-2024-004185,2024-12-13,433.87,E0148
GR0003219,PO-2024-004186,2024-04-04,2058.11,E0143
GR0003220,PO-2024-004187,2024-06-24,3136.89,E0163
GR0003221,PO-2025-004188,2025-02-11,594.95,E0150
GR0003222,PO-2025-004189,2025-04-14,645.75,E0163
GR0003223,PO-2024-004190,2024-10-16,651.19,E0153
GR0003224,PO-2024-004191,2024-03-13,10610.72,E0140
GR0003225,PO-2025-004192,2025-05-25,5337.86,E0156
GR0003226,PO-2025-004193,2025-07-04,3345.7,E0161
GR0003227,PO-2025-004194,2025-02-18,825.26,E0152
GR0003228,PO-2025-004195,2025-06-03,1267.26,E0158
GR0003229,PO-2024-004196,2024-02-18,331.75,E0141
GR0003230,PO-2024-004196,2024-02-29,363.31,E0143
GR0003231,PO-2024-004197,2024-08-18,4619.29,E0157
GR0003232,PO-2024-004198,2024-06-10,7476.99,E0161
GR0003233,PO-2025-004199,2025-03-14,427.16,E0155
GR0003234,PO-2024-004200,2024-09-21,5567.25,E0157
GR0003235,PO-2024-004200,2024-10-02,7981.85,E0157
GR0003236,PO-2024-004201,2024-11-08,25593.5,E0141
GR0003237,PO-2025-004202,2025-05-05,1948.3,E0148
GR0003238,PO-2024-004338,2024-09-24,847.55,E0140
GR0003239,PO-2024-004339,2024-07-02,874.6,E0162
GR0003240,PO-2024-004340,2024-01-16,317.79,E0140
GR0003241,PO-2025-004341,2025-01-25,4241.89,E0144
GR0003242,PO-2025-004342,2025-03-04,6600.25,E0163
GR0003243,PO-2024-004343,2024-12-31,180.55,E0155
GR0003244,PO-2024-004344,2024-01-17,1028.14,E0141
GR0003245,PO-2024-004345,2024-12-08,442.06,E0147
GR0003246,PO-2024-004346,2024-07-10,295.93,E0151
GR0003247,PO-2024-004347,2024-07-07,1696.27,E0140
GR0003248,PO-2024-004348,2024-10-27,1469.55,E0147
GR0003249,PO-2024-004349,2024-05-02,117.74,E0160
GR0003250,PO-2024-004350,2024-02-11,1072.45,E0145
GR0003251,PO-2025-004351,2025-01-26,2313.48,E0151
GR0003252,PO-2025-004351,2025-02-10,1370.09,E0143
GR0003253,PO-2024-004352,2024-11-13,647.3,E0143
GR0003254,PO-2024-004353,2024-05-21,178.21,E0141
GR0003255,PO-2024-004353,2024-06-04,160.83,E0158
GR0003256,PO-2024-004354,2024-04-13,1014.75,E0153
GR0003257,PO-2024-004355,2024-07-09,1964.07,E0141
GR0003258,PO-2024-004355,2024-07-21,1685.98,E0140
GR0003259,PO-2024-004356,2024-08-02,3054.91,E0159
GR0003260,PO-2024-004357,2024-04-21,528.49,E0141
GR0003261,PO-2025-004358,2025-06-27,853.95,E0147
GR0003262,PO-2025-004359,2025-02-02,3709.3,E0156
GR0003263,PO-2025-004360,2025-02-25,1340.37,E0141
GR0003264,PO-2024-004361,2024-10-13,151.87,E0150
GR0003265,PO-2024-004361,2024-10-26,67.63,E0150
GR0003266,PO-2024-004362,2024-11-09,4003.3,E0142
GR0003267,PO-2024-004363,2024-03-03,1981.85,E0145
GR0003268,PO-2024-004364,2024-06-30,3057.97,E0155
GR0003269,PO-2024-004365,2024-01-25,3218.5,E0161
GR0003270,PO-2025-004366,2025-07-16,1364.03,E0142
GR0003271,PO-2025-004367,2025-02-07,388.98,E0153
GR0003272,PO-2024-004368,2024-07-29,4807.89,E0160
GR0003273,PO-2024-004369,2024-03-11,2406.15,E0141
GR0003274,PO-2024-004370,2024-06-05,118.59,E0141
GR0003275,PO-2024-004371,2024-01-28,1360.19,E0147
GR0003276,PO-2024-004372,2024-11-11,1327.19,E0140
GR0003277,PO-2024-004373,2024-12-15,1659.63,E0161
GR0003278,PO-2024-004374,2024-12-19,1492.02,E0161
GR0003279,PO-2024-004375,2024-03-23,235.17,E0156
GR0003280,PO-2024-004375,2024-04-01,142.35,E0158
GR0003281,PO-2024-004376,2024-03-27,992.22,E0154
GR0003282,PO-2024-004377,2024-01-09,928.39,E0158
GR0003283,PO-2025-004378,2025-03-21,923.92,E0163
GR0003284,PO-2024-004379,2024-08-19,12321.22,E0152
GR0003285,PO-2024-004380,2024-05-20,1950.3,E0148
GR0003286,PO-2025-004381,2025-03-17,907.93,E0143
GR0003287,PO-2024-004382,2024-09-26,2487.1,E0158
GR0003288,PO-2024-004383,2024-07-09,2740.62,E0141
GR0003289,PO-2024-004384,2024-05-26,2600.39,E0144
GR0003290,PO-2024-004385,2024-08-23,1367.45,E0144
GR0003291,PO-2024-004386,2024-03-21,551.73,E0147
GR0003292,PO-2025-004387,2025-05-06,1373.28,E0147
GR0003293,PO-2025-004388,2025-07-10,9244.6,E0157
GR0003294,PO-2025-004388,2025-07-18,8881.99,E0163
GR0003295,PO-2024-004389,2024-06-25,1974.04,E0141
GR0003296,PO-2024-004390,2024-06-18,1221.61,E0161
GR0003297,PO-2024-004391,2024-08-21,11188.88,E0141
GR0003298,PO-2025-004392,2025-05-22,3114.79,E0158
GR0003299,PO-2025-004393,2025-07-07,595.95,E0152
GR0003300,PO-2025-004394,2025-01-17,625.13,E0149
GR0003301,PO-2024-004395,2024-11-02,3689.17,E0153
GR0003302,PO-2025-004396,2025-04-16,2168.89,E0157
GR0003303,PO-2025-004397,2025-06-17,3572.62,E0155
GR0003304,PO-2024-004398,2024-08-26,651.5,E0158
GR0003305,PO-2024-004398,2024-09-03,546.9,E0161
GR0003306,PO-2024-004399,2024-11-02,1790.48,E0157
GR0003307,PO-2024-004400,2024-04-11,2070.93,E0160
GR0003308,PO-2024-004401,2024-06-28,2806.48,E0155
GR0003309,PO-2024-004402,2024-06-12,289.91,E0141
GR0003310,PO-2025-004403,2025-01-10,204.55,E0144
GR0003311,PO-2025-004403,2025-01-20,108.46,E0162
GR0003312,PO-2025-004404,2025-04-25,1049.77,E0146
GR0003313,PO-2024-004405,2024-05-07,828.83,E0142
GR0003314,PO-2024-004569,2024-05-02,1073.88,E0160
GR0003315,PO-2024-004569,2024-05-08,706.84,E0157
GR0003316,PO-2024-004570,2024-08-21,4508.18,E0151
GR0003317,PO-2024-004571,2024-12-24,10964.04,E0163
GR0003318,PO-2025-004572,2025-04-16,2412.36,E0161
GR0003319,PO-2024-004573,2024-10-13,597.87,E0140
GR0003320,PO-2024-004574,2024-06-27,3712.72,E0150
GR0003321,PO-2024-004575,2024-12-02,2410.59,E0146
GR0003322,PO-2025-004576,2025-07-02,1975.23,E0143
GR0003323,PO-2024-004577,2024-08-15,3589.89,E0149
GR0003324,PO-2024-004578,2024-10-21,10977.54,E0162
GR0003325,PO-2025-004579,2025-03-20,2773.33,E0154
GR0003326,PO-2025-004579,2025-04-03,1545.26,E0154
GR0003327,PO-2024-004580,2024-07-26,1640.2,E0161
GR0003328,PO-2025-004581,2025-06-30,388.01,E0147
GR0003329,PO-2024-004582,2024-12-09,20669.11,E0140
GR0003330,PO-2024-004583,2024-06-12,13192.24,E0140
GR0003331,PO-2024-004584,2024-02-26,30375.15,E0157
GR0003332,PO-2024-004585,2024-09-25,7268.55,E0145
GR0003333,PO-2024-004586,2024-04-05,2608.39,E0159
GR0003334,PO-2024-004586,2024-04-08,1345.04,E0158
GR0003335,PO-2024-004587,2024-03-28,995.46,E0159
GR0003336,PO-2025-004588,2025-03-07,3870.15,E0145
GR0003337,PO-2025-004589,2025-01-18,4554.51,E0161
GR0003338,PO-2025-004589,2025-01-23,3096.43,E0143
GR0003339,PO-2024-004590,2024-04-25,14359.04,E0149
GR0003340,PO-2024-004591,2024-11-18,1248.54,E0157
GR0003341,PO-2024-004591,2024-12-03,600.8,E0146
GR0003342,PO-2024-004592,2024-06-24,12898.86,E0156
GR0003343,PO-2024-004593,2024-10-10,2379.18,E0150
GR0003344,PO-2025-004594,2025-03-26,981.19,E0163
GR0003345,PO-2024-004595,2024-10-01,4919.11,E0152
GR0003346,PO-2024-004596,2024-12-09,11210.48,E0149
GR0003347,PO-2024-004597,2024-02-22,3074.29,E0148
GR0003348,PO-2025-004598,2025-06-27,1695.71,E0152
GR0003349,PO-2024-004599,2024-09-29,11105.68,E0151
GR0003350,PO-2024-004599,2024-10-05,15076.69,E0144
GR0003351,PO-2025-004600,2025-06-02,8721.14,E0158
GR0003352,PO-2025-004601,2025-05-01,6731.57,E0144
GR0003353,PO-2025-004602,2025-03-06,13862.16,E0150
GR0003354,PO-2024-004635,2024-11-23,2229.43,E0141
GR0003355,PO-2024-004636,2024-12-30,1020.84,E0146
GR0003356,PO-2024-004636,2025-01-16,493.04,E0154
GR0003357,PO-2024-004637,2024-04-25,815.34,E0140
GR0003358,PO-2024-004638,2024-12-31,3305.28,E0144
GR0003359,PO-2025-004639,2025-04-17,354.4,E0140
GR0003360,PO-2024-004640,2024-12-05,12291.0,E0151
GR0003361,PO-2024-004641,2024-12-19,7234.41,E0147
GR0003362,PO-2024-004641,2024-12-24,5634.75,E0140
GR0003363,PO-2024-004642,2024-09-03,258.78,E0156
GR0003364,PO-2024-004643,2024-09-03,443.53,E0143
GR0003365,PO-2024-004644,2024-12-03,4545.2,E0151
GR0003366,PO-2024-004645,2024-04-06,4558.62,E0162
GR0003367,PO-2024-004646,2024-09-30,1944.1,E0155
GR0003368,PO-2025-004647,2025-05-14,954.59,E0159
GR0003369,PO-2025-004648,2025-07-03,20832.35,E0151
GR0003370,PO-2025-004648,2025-07-10,17127.48,E0144
GR0003371,PO-2024-004649,2024-04-17,2073.13,E0141
GR0003372,PO-2025-004650,2025-07-13,2879.93,E0153
GR0003373,PO-2024-004651,2024-03-19,6870.64,E0156
GR0003374,PO-2024-004652,2024-12-28,2885.87,E0149
GR0003375,PO-2025-004653,2025-06-14,931.8,E0144
GR0003376,PO-2024-004654,2024-02-03,3209.72,E0141
GR0003377,PO-2024-004655,2024-11-24,1562.52,E0147
GR0003378,PO-2025-004656,2025-04-19,2765.8,E0158
GR0003379,PO-2024-004657,2024-01-17,2350.76,E0153
GR0003380,PO-2024-004658,2024-05-01,8692.11,E0148
GR0003381,PO-2024-004659,2024-10-10,1972.39,E0140
GR0003382,PO-2025-004660,2025-02-11,14389.25,E0150
GR0003383,PO-2024-004661,2024-07-14,1345.72,E0147
GR0003384,PO-2024-004662,2024-03-12,449.1,E0146
GR0003385,PO-2024-004662,2024-03-23,429.07,E0151
GR0003386,PO-2024-004663,2025-01-03,1517.49,E0151
GR0003387,PO-2024-004664,2024-04-04,2398.26,E0144
GR0003388,PO-2024-004665,2024-04-05,1093.25,E0146
GR0003389,PO-2025-004666,2025-05-08,2208.15,E0150
GR0003390,PO-2024-004667,2024-11-26,20438.33,E0141
GR0003391,PO-2025-004668,2025-02-09,3633.27,E0159
GR0003392,PO-2024-004669,2024-07-09,758.32,E0156
GR0003393,PO-2024-004670,2024-02-01,1025.95,E0142
GR0003394,PO-2025-004671,2025-01-28,1817.85,E0158
GR0003395,PO-2024-004672,2024-02-23,1460.91,E0147
GR0003396,PO-2024-004673,2024-09-21,1029.84,E0163
GR0003397,PO-2024-004673,2024-09-24,1166.02,E0160
GR0003398,PO-2024-004674,2024-08-14,143.12,E0163
GR0003399,PO-2024-004675,2024-04-25,758.22,E0159
GR0003400,PO-2024-004675,2024-05-04,970.91,E0161
GR0003401,PO-2024-004676,2024-11-16,501.9,E0145
GR0003402,PO-2024-004677,2024-11-05,242.1,E0143
GR0003403,PO-2024-004678,2024-09-17,9790.21,E0145
GR0003404,PO-2024-004679,2024-12-07,8101.86,E0141
GR0003405,PO-2024-004680,2024-02-12,2142.5,E0150
GR0003406,PO-2024-004681,2024-06-02,898.2,E0162
GR0003407,PO-2024-004682,2024-10-06,222.64,E0152
GR0003408,PO-2024-004683,2024-10-04,1788.48,E0163
GR0003409,PO-2024-004684,2024-08-14,430.76,E0142
GR0003410,PO-2024-004685,2024-06-02,2892.79,E0156
GR0003411,PO-2024-004686,2024-08-15,1221.83,E0142
GR0003412,PO-2024-004687,2024-08-10,8518.57,E0151
GR0003413,PO-2024-004688,2024-09-01,2501.73,E0140
GR0003414,PO-2024-004688,2024-09-08,2145.11,E0144
GR0003415,PO-2024-004689,2024-01-29,1288.49,E0155
GR0003416,PO-2024-004690,2024-12-10,1459.01,E0144
GR0003417,PO-2024-004691,2024-01-16,9355.53,E0163
GR0003418,PO-2024-004692,2024-01-08,696.3,E0158
GR0003419,PO-2024-004692,2024-01-22,392.4,E0163
GR0003420,PO-2025-004693,2025-03-05,82475.24,E0161
GR0003421,PO-2025-004694,2025-02-20,2343.23,E0150
GR0003422,PO-2025-004694,2025-03-04,2297.33,E0155
GR0003423,PO-2024-004695,2024-10-21,977.75,E0154
GR0003424,PO-2024-004696,2024-04-26,8363.85,E0152
GR0003425,PO-2024-004696,2024-05-13,5758.22,E0153
GR0003426,PO-2025-004697,2025-06-08,976.77,E0157
GR0003427,PO-2024-004698,2024-08-06,3453.45,E0162
GR0003428,PO-2025-004699,2025-05-20,1070.77,E0146
GR0003429,PO-2024-004700,2024-10-05,23172.24,E0157
GR0003430,PO-2025-004701,2025-07-07,1871.96,E0156
GR0003431,PO-2025-004702,2025-06-11,1944.81,E0152
GR0003432,PO-2025-004703,2025-05-12,5439.75,E0160
GR0003433,PO-2024-004704,2024-04-27,1371.69,E0157
GR0003434,PO-2024-004704,2024-05-17,1379.95,E0161
GR0003435,PO-2025-004705,2025-03-07,1055.68,E0150
GR0003436,PO-2024-004706,2024-03-09,1622.7,E0154
GR0003437,PO-2024-004707,2024-03-06,3274.71,E0143
GR0003438,PO-2024-004708,2024-11-14,9682.71,E0154
GR0003439,PO-2024-004709,2024-07-24,1079.16,E0152
GR0003440,PO-2025-004710,2025-06-25,2414.57,E0151
GR0003441,PO-2024-004711,2024-09-14,3049.92,E0154
GR0003442,PO-2024-004712,2024-02-01,1613.61,E0157
GR0003443,PO-2024-004713,2024-11-02,2980.92,E0163
GR0003444,PO-2025-004714,2025-06-22,3433.94,E0152
GR0003445,PO-2025-004715,2025-03-20,2539.32,E0152
GR0003446,PO-2024-004716,2024-03-30,2821.96,E0147
GR0003447,PO-2024-004717,2024-03-18,897.32,E0148
GR0003448,PO-2025-004718,2025-03-26,3321.38,E0157
GR0003449,PO-2025-004719,2025-07-01,2097.81,E0160
GR0003450,PO-2024-004720,2024-02-22,1095.79,E0142
GR0003451,PO-2024-004721,2024-08-29,1621.02,E0163
GR0003452,PO-2025-004722,2025-05-13,2879.37,E0145
GR0003453,PO-2024-004723,2024-04-21,832.63,E0161
GR0003454,PO-2024-004724,2024-12-31,776.65,E0160
GR0003455,PO-2024-004724,2025-01-17,885.17,E0152
GR0003456,PO-2024-004725,2024-04-05,2126.51,E0154
GR0003457,PO-2024-004726,2024-11-17,1063.73,E0149
GR0003458,PO-2025-004727,2025-05-26,5249.23,E0142
GR0003459,PO-2024-004728,2024-05-15,741.53,E0148
GR0003460,PO-2024-004729,2024-06-16,385.09,E0151
GR0003461,PO-2025-004730,2025-05-17,2881.66,E0161
GR0003462,PO-2025-004731,2025-06-01,365.29,E0161
GR0003463,PO-2024-004732,2024-04-16,3137.75,E0159
GR0003464,PO-2025-004733,2025-01-28,10607.54,E0148
GR0003465,PO-2024-004734,2024-12-23,2266.83,E0144
GR0003466,PO-2024-004735,2024-10-14,2853.54,E0140
GR0003467,PO-2025-004736,2025-07-11,1218.5,E0151
GR0003468,PO-2025-004737,2025-05-17,1509.51,E0142
GR0003469,PO-2025-004738,2025-04-16,8112.66,E0149
GR0003470,PO-2024-004739,2024-11-02,4118.66,E0160
GR0003471,PO-2024-004740,2024-10-21,2130.7,E0151
GR0003472,PO-2025-004741,2025-03-28,402.77,E0146
GR0003473,PO-2024-004742,2024-07-06,2388.81,E0162
GR0003474,PO-2024-004743,2024-06-23,4953.9,E0144
GR0003475,PO-2025-004744,2025-01-26,15931.79,E0153
GR0003476,PO-2024-004745,2024-05-27,12814.49,E0144
GR0003477,PO-2024-004746,2024-10-19,5439.55,E0148
GR0003478,PO-2025-004747,2025-03-07,1257.17,E0156
GR0003479,PO-2024-004748,2024-12-24,22398.91,E0161
GR0003480,PO-2024-004749,2024-06-28,10137.18,E0154
GR0003481,PO-2024-004750,2024-12-07,21335.08,E0160
GR0003482,PO-2024-004751,2024-11-07,2270.77,E0148
GR0003483,PO-2025-004752,2025-03-23,3423.11,E0142
GR0003484,PO-2024-004753,2024-12-28,1493.24,E0142
GR0003485,PO-2024-004754,2024-09-13,5231.79,E0144
GR0003486,PO-2024-004755,2024-12-19,1925.87,E0146
GR0003487,PO-2025-004756,2025-02-11,19083.95,E0160
GR0003488,PO-2024-004757,2024-02-22,1209.61,E0150
GR0003489,PO-2024-004758,2024-12-04,4193.61,E0163
GR0003490,PO-2024-004759,2024-05-08,4908.0,E0145
GR0003491,PO-2024-004759,2024-05-20,4181.37,E0141
GR0003492,PO-2024-004760,2024-05-27,3882.9,E0157
GR0003493,PO-2025-004761,2025-05-18,1665.54,E0153
GR0003494,PO-2024-004762,2024-06-01,13841.72,E0157
GR0003495,PO-2024-004763,2024-04-21,1771.88,E0162
GR0003496,PO-2024-004763,2024-04-26,803.31,E0149
GR0003497,PO-2025-004764,2025-05-03,224.9,E0160
GR0003498,PO-2025-004765,2025-06-07,1458.55,E0150
GR0003499,PO-2024-004766,2024-10-02,116.68,E0153
GR0003500,PO-2024-004767,2024-03-18,879.93,E0155
GR0003501,PO-2025-004768,2025-04-29,332.61,E0146
GR0003502,PO-2024-004769,2024-08-19,384.41,E0140
GR0003503,PO-2024-004770,2024-03-28,301.9,E0149
GR0003504,PO-2024-004770,2024-04-10,161.01,E0156
GR0003505,PO-2025-004771,2025-06-11,678.18,E0146
GR0003506,PO-2024-004772,2024-10-30,1560.99,E0162
GR0003507,PO-2024-004773,2024-09-14,483.87,E0154
GR0003508,PO-2024-004773,2024-09-27,366.61,E0162
GR0003509,PO-2024-004774,2024-10-07,757.5,E0149
GR0003510,PO-2024-004775,2024-07-23,559.81,E0149
GR0003511,PO-2024-004776,2024-06-27,287.73,E0154
GR0003512,PO-2024-004777,2024-11-22,117.91,E0150
GR0003513,PO-2025-004778,2025-04-30,553.87,E0142
GR0003514,PO-2025-004779,2025-05-12,5568.54,E0162
GR0003515,PO-2024-004780,2024-03-31,4039.89,E0161
GR0003516,PO-2025-004781,2025-07-12,1801.29,E0145
GR0003517,PO-2024-004782,2024-11-20,6437.57,E0151
GR0003518,PO-2024-004782,2024-12-02,4338.53,E0150
GR0003519,PO-2024-004783,2024-05-27,4019.81,E0152
GR0003520,PO-2024-004784,2024-03-31,2122.82,E0140
GR0003521,PO-2024-004785,2024-07-02,6168.69,E0140
GR0003522,PO-2024-004786,2024-01-20,7169.22,E0146
GR0003523,PO-2024-004786,2024-01-22,4622.14,E0143
GR0003524,PO-2024-004787,2024-07-26,8348.34,E0153
GR0003525,PO-2024-004787,2024-08-11,5729.43,E0161
GR0003526,PO-2024-004788,2025-01-09,9656.92,E0144
GR0003527,PO-2024-004789,2024-09-04,32219.15,E0162
GR0003528,PO-2024-004790,2024-10-22,1602.4,E0146
GR0003529,PO-2025-004791,2025-06-11,22087.79,E0147
GR0003530,PO-2025-004792,2025-03-10,1394.58,E0155
GR0003531,PO-2025-004793,2025-04-30,2893.76,E0163
GR0003532,PO-2025-004794,2025-05-29,6515.89,E0155
GR0003533,PO-2024-004795,2024-11-12,1007.23,E0152
GR0003534,PO-2024-004796,2024-06-26,381.8,E0154
GR0003535,PO-2024-004797,2024-05-05,3606.69,E0141
GR0003536,PO-2024-004798,2024-05-12,801.89,E0149
GR0003537,PO-2024-004799,2024-09-01,684.97,E0162
GR0003538,PO-2024-004800,2024-07-27,7468.48,E0162
GR0003539,PO-2025-004801,2025-04-10,2262.1,E0158
GR0003540,PO-2024-004802,2024-03-07,6265.58,E0148
GR0003541,PO-2025-004803,2025-03-18,2530.66,E0161
GR0003542,PO-2025-004804,2025-04-06,5836.38,E0157
GR0003543,PO-2024-004805,2024-05-17,3789.49,E0155
GR0003544,PO-2025-004806,2025-05-23,2174.44,E0151
GR0003545,PO-2024-004807,2024-10-14,2090.92,E0159
GR0003546,PO-2024-004808,2024-07-21,6874.35,E0153
GR0003547,PO-2025-004809,2025-04-07,8952.47,E0152
GR0003548,PO-2024-004810,2024-10-31,8715.18,E0152
GR0003549,PO-2024-004811,2024-02-20,11647.53,E0159
GR0003550,PO-2024-004812,2024-10-10,6020.74,E0140
GR0003551,PO-2024-004813,2024-05-31,3229.03,E0163
GR0003552,PO-2024-004814,2024-11-29,2234.07,E0140
GR0003553,PO-2024-004815,2024-12-13,764.72,E0159
GR0003554,PO-2025-004816,2025-04-22,19118.77,E0153
GR0003555,PO-2024-004817,2024-08-15,1143.12,E0160
GR0003556,PO-2024-004818,2024-01-21,8476.53,E0144
GR0003557,PO-2024-004819,2024-07-20,1933.67,E0161
GR0003558,PO-2024-004820,2024-05-05,1420.83,E0153
GR0003559,PO-2024-004820,2024-05-22,619.79,E0140
GR0003560,PO-2024-004821,2024-07-11,5262.48,E0146
GR0003561,PO-2025-004822,2025-06-29,23667.54,E0157
GR0003562,PO-2024-004823,2024-10-01,7097.75,E0143
GR0003563,PO-2024-004823,2024-10-11,6488.93,E0148
GR0003564,PO-2024-004824,2024-07-03,2350.76,E0159
GR0003565,PO-2024-004825,2024-05-04,1281.62,E0163
GR0003566,PO-2025-004826,2025-03-08,5125.93,E0161
GR0003567,PO-2024-004827,2024-05-19,6689.69,E0154
GR0003568,PO-2025-004828,2025-04-06,969.27,E0161
GR0003569,PO-2024-004829,2024-11-22,6238.79,E0149
GR0003570,PO-2025-004830,2025-03-31,11481.33,E0144
GR0003571,PO-2025-004831,2025-02-18,11835.17,E0154
GR0003572,PO-2024-004832,2024-04-26,2666.01,E0150
GR0003573,PO-2024-004833,2024-06-12,9685.48,E0162
GR0003574,PO-2024-004834,2024-10-11,9280.37,E0144
GR0003575,PO-2024-004835,2024-06-27,2266.91,E0162
GR0003576,PO-2024-004836,2024-03-17,25262.54,E0142
GR0003577,PO-2025-004837,2025-04-11,8165.43,E0148
GR0003578,PO-2024-004838,2024-01-21,10868.58,E0156
GR0003579,PO-2025-004839,2025-06-21,19505.88,E0150
GR0003580,PO-2024-004840,2024-09-04,76804.98,E0150
GR0003581,PO-2024-004841,2024-02-18,5035.19,E0158
GR0003582,PO-2024-004842,2024-06-18,17556.27,E0162
GR0003583,PO-2024-004843,2024-10-07,821.04,E0162
GR0003584,PO-2024-004844,2024-12-21,5708.42,E0159
GR0003585,PO-2025-004845,2025-06-09,16046.21,E0158
GR0003586,PO-2025-004845,2025-06-21,18960.58,E0150
GR0003587,PO-2024-004846,2024-03-29,2775.61,E0146
GR0003588,PO-2025-004847,2025-05-03,4542.56,E0140
GR0003589,PO-2024-004848,2024-02-19,2662.23,E0150
GR0003590,PO-2024-004848,2024-03-04,3128.11,E0160
GR0003591,PO-2024-004849,2024-10-03,1143.56,E0159
GR0003592,PO-2025-004850,2025-04-25,1629.06,E0150
GR0003593,PO-2025-004851,2025-03-14,3081.53,E0154
GR0003594,PO-2025-004851,2025-03-26,2707.91,E0154
GR0003595,PO-2024-004852,2024-05-30,7883.33,E0158
GR0003596,PO-2024-004853,2024-03-18,3530.8,E0160
GR0003597,PO-2025-004854,2025-04-15,667.42,E0153
GR0003598,PO-2025-004854,2025-04-24,531.56,E0142
GR0003599,PO-2024-004855,2024-05-09,458.46,E0155
GR0003600,PO-2025-004856,2025-07-09,383.63,E0153
GR0003601,PO-2024-004857,2024-09-07,776.67,E0145
GR0003602,PO-2024-004858,2024-04-17,561.13,E0148
GR0003603,PO-2025-004859,2025-04-17,765.06,E0142
GR0003604,PO-2024-004860,2024-06-08,1494.04,E0147
GR0003605,PO-2025-004861,2025-02-05,116.86,E0159
GR0003606,PO-2024-004862,2024-11-10,1448.35,E0141
GR0003607,PO-2024-004863,2024-03-29,980.49,E0156
GR0003608,PO-2024-004864,2024-09-11,1554.1,E0162
GR0003609,PO-2024-004865,2024-03-18,567.98,E0157
GR0003610,PO-2024-004866,2024-10-10,1290.44,E0161
GR0003611,PO-2025-004867,2025-01-23,4655.36,E0142
GR0003612,PO-2025-004867,2025-01-28,3499.98,E0162
GR0003613,PO-2024-004868,2024-05-27,298.66,E0143
GR0003614,PO-2025-004869,2025-04-14,1616.09,E0150
GR0003615,PO-2024-004870,2024-10-08,492.57,E0150
GR0003616,PO-2024-004871,2024-12-06,2009.87,E0152
GR0003617,PO-2024-004872,2024-12-30,1252.83,E0152
GR0003618,PO-2024-004873,2024-04-12,1183.38,E0153
GR0003619,PO-2024-004874,2024-04-12,119.31,E0147
GR0003620,PO-2024-004875,2024-09-24,2538.87,E0159
GR0003621,PO-2024-004876,2024-12-12,862.17,E0144
GR0003622,PO-2024-004877,2024-03-10,3946.36,E0145
GR0003623,PO-2025-004878,2025-04-30,913.93,E0153
GR0003624,PO-2025-004879,2025-04-01,437.82,E0156
GR0003625,PO-2024-004880,2024-02-11,1218.9,E0154
GR0003626,PO-2024-004881,2024-03-16,2280.53,E0162
GR0003627,PO-2024-004882,2024-07-14,759.35,E0148
GR0003628,PO-2024-004883,2024-08-23,2703.84,E0163
GR0003629,PO-2024-004884,2024-05-05,125.55,E0154
GR0003630,PO-2024-004884,2024-05-14,135.04,E0142
GR0003631,PO-2024-004885,2024-10-20,1179.22,E0146
GR0003632,PO-2024-004886,2024-08-12,1942.49,E0144
GR0003633,PO-2024-004887,2024-01-14,543.04,E0162
GR0003634,PO-2024-004888,2024-08-05,1213.43,E0157
GR0003635,PO-2024-004889,2024-03-23,4673.16,E0149
GR0003636,PO-2024-004890,2024-02-10,1374.99,E0155
GR0003637,PO-2024-004891,2024-04-14,940.57,E0145
GR0003638,PO-2024-004891,2024-04-21,1034.58,E0150
GR0003639,PO-2025-004892,2025-06-10,1145.83,E0150
GR0003640,PO-2024-004893,2024-01-28,4160.39,E0141
GR0003641,PO-2024-004894,2024-12-19,3885.66,E0147
GR0003642,PO-2025-004895,2025-07-14,2319.37,E0150
GR0003643,PO-2025-004896,2025-04-12,127.98,E0161
GR0003644,PO-2024-004897,2024-02-01,2347.67,E0159
GR0003645,PO-2024-004897,2024-02-21,1591.43,E0158
GR0003646,PO-2025-004898,2025-06-09,1320.33,E0152
GR0003647,PO-2024-004899,2024-12-05,5039.01,E0145
GR0003648,PO-2024-004900,2024-11-29,803.32,E0151
GR0003649,PO-2024-004901,2024-12-21,2878.21,E0159
GR0003650,PO-2025-004902,2025-06-22,414.03,E0161
GR0003651,PO-2025-004902,2025-06-30,555.38,E0141
GR0003652,PO-2025-004903,2025-05-28,119.33,E0151
GR0003653,PO-2025-004903,2025-06-03,132.87,E0146
GR0003654,PO-2024-004904,2024-10-11,2224.48,E0149
GR0003655,PO-2024-004905,2024-02-23,210.2,E0157
GR0003656,PO-2024-004906,2024-06-14,1023.18,E0163
GR0003657,PO-2024-004907,2024-06-26,4099.64,E0144
GR0003658,PO-2024-004908,2024-03-17,1023.8,E0143
GR0003659,PO-2024-004909,2024-10-08,7429.61,E0150
GR0003660,PO-2025-004910,2025-03-26,1351.47,E0157
GR0003661,PO-2024-004911,2024-06-28,1226.03,E0146
GR0003662,PO-2025-004912,2025-03-29,735.58,E0148
GR0003663,PO-2024-004913,2024-09-09,201.05,E0163
GR0003664,PO-2024-004914,2024-04-13,3952.18,E0159
GR0003665,PO-2024-004915,2024-02-06,1103.68,E0142
GR0003666,PO-2025-004916,2025-02-23,1867.69,E0151
GR0003667,PO-2024-004917,2024-06-13,749.68,E0159
GR0003668,PO-2024-004918,2024-06-11,578.46,E0152
GR0003669,PO-2025-004919,2025-05-05,17251.8,E0150
GR0003670,PO-2024-004920,2024-07-09,2051.49,E0151
GR0003671,PO-2024-004921,2024-01-24,4742.69,E0143
GR0003672,PO-2025-004922,2025-02-15,424.45,E0159
GR0003673,PO-2025-004923,2025-05-20,2325.9,E0153
GR0003674,PO-2025-004923,2025-06-01,1851.02,E0152
GR0003675,PO-2024-004924,2024-03-29,1082.21,E0156
GR0003676,PO-2024-004925,2024-03-26,814.3,E0158
GR0003677,PO-2024-004926,2024-06-23,396.65,E0144
GR0003678,PO-2024-004927,2024-04-21,1968.65,E0141
GR0003679,PO-2024-004928,2024-11-09,1845.98,E0159
GR0003680,PO-2024-004929,2024-09-12,1842.52,E0141
GR0003681,PO-2024-004930,2024-12-19,2184.7,E0157
GR0003682,PO-2024-004931,2024-12-22,2027.84,E0142
GR0003683,PO-2024-004932,2024-12-14,524.43,E0163
GR0003684,PO-2024-004933,2024-02-16,8841.54,E0159
GR0003685,PO-2025-004934,2025-07-06,266.19,E0149
GR0003686,PO-2025-004935,2025-06-07,744.17,E0146
GR0003687,PO-2024-004936,2024-07-04,1306.89,E0161
GR0003688,PO-2024-004937,2024-05-23,1417.88,E0146
GR0003689,PO-2024-004938,2024-07-27,20014.82,E0155
GR0003690,PO-2024-004939,2024-01-21,358.89,E0151
GR0003691,PO-2024-004940,2024-07-08,1098.48,E0143
GR0003692,PO-2025-004941,2025-07-06,1058.35,E0143
GR0003693,PO-2025-004941,2025-07-15,1154.39,E0152
GR0003694,PO-2025-004942,2025-01-10,3130.13,E0163
GR0003695,PO-2025-004942,2025-01-31,2715.49,E0150
GR0003696,PO-2024-004943,2024-11-23,776.18,E0157
GR0003697,PO-2025-004944,2025-07-19,773.15,E0161
GR0003698,PO-2024-004945,2024-10-19,234.02,E0150
GR0003699,PO-2024-004946,2024-02-16,1003.42,E0151
GR0003700,PO-2025-004947,2025-07-05,5464.73,E0161
GR0003701,PO-2024-004948,2024-05-06,2053.37,E0155
GR0003702,PO-2025-004949,2025-06-19,303.82,E0157
GR0003703,PO-2024-004950,2024-10-23,5219.65,E0144
GR0003704,PO-2024-004951,2024-10-23,3185.0,E0152
GR0003705,PO-2025-004952,2025-06-06,1166.8,E0146
GR0003706,PO-2024-004953,2024-07-24,1871.48,E0150
GR0003707,PO-2024-004953,2024-08-13,1115.54,E0152
GR0003708,PO-2024-005054,2024-12-09,5511.9,E0161
GR0003709,PO-2024-005055,2024-06-13,355.09,E0144
GR0003710,PO-2024-005056,2024-07-11,4656.12,E0145
GR0003711,PO-2024-005057,2024-07-31,4598.34,E0144
GR0003712,PO-2024-005058,2024-08-19,583.71,E0159
GR0003713,PO-2024-005059,2024-12-21,680.84,E0159
GR0003714,PO-2024-005060,2024-10-27,1810.36,E0163
GR0003715,PO-2024-005061,2024-06-05,478.37,E0148
GR0003716,PO-2025-005062,2025-04-20,656.71,E0145
GR0003717,PO-2024-005063,2024-03-14,437.4,E0160
GR0003718,PO-2025-005064,2025-04-28,487.72,E0152
GR0003719,PO-2024-005065,2024-10-22,119.79,E0152
GR0003720,PO-2024-005066,2024-01-24,481.59,E0140
GR0003721,PO-2024-005067,2024-05-10,485.13,E0163
GR0003722,PO-2025-005068,2025-05-27,3307.11,E0149
GR0003723,PO-2024-005069,2024-12-25,1433.29,E0159
GR0003724,PO-2025-005070,2025-05-03,1411.31,E0141
GR0003725,PO-2024-005071,2024-12-17,1867.59,E0143
GR0003726,PO-2024-005072,2024-09-28,2035.54,E0162
GR0003727,PO-2025-005073,2025-05-14,3636.02,E0147
GR0003728,PO-2024-005074,2024-02-13,514.16,E0159
GR0003729,PO-2024-005075,2024-02-08,3443.46,E0144
GR0003730,PO-2024-005076,2024-03-04,1959.37,E0155
GR0003731,PO-2024-005077,2024-03-01,1854.44,E0149
GR0003732,PO-2024-005078,2024-03-03,470.04,E0148
GR0003733,PO-2024-005079,2024-10-03,14388.28,E0144
GR0003734,PO-2024-005080,2024-03-12,3903.97,E0141
GR0003735,PO-2025-005081,2025-03-01,3763.68,E0153
GR0003736,PO-2024-005082,2024-02-21,1762.79,E0153
GR0003737,PO-2025-005083,2025-04-13,6297.71,E0143
GR0003738,PO-2024-005084,2024-03-29,3675.53,E0152
GR0003739,PO-2024-005085,2024-07-01,6665.54,E0145
GR0003740,PO-2024-005086,2024-06-19,3393.61,E0142
GR0003741,PO-2025-005087,2025-03-04,4672.0,E0159
GR0003742,PO-2025-005087,2025-03-24,6567.8,E0148
GR0003743,PO-2025-005088,2025-04-05,2483.07,E0142
GR0003744,PO-2024-005089,2024-06-04,6597.44,E0141
GR0003745,PO-2025-005090,2025-01-27,4047.12,E0161
GR0003746,PO-2024-005091,2024-09-05,7163.43,E0149
GR0003747,PO-2024-005092,2024-02-24,5560.92,E0152
GR0003748,PO-2025-005093,2025-05-19,6792.09,E0143
GR0003749,PO-2024-005094,2024-12-22,5019.14,E0143
GR0003750,PO-2024-005095,2024-06-20,426.22,E0158
GR0003751,PO-2024-005095,2024-07-01,271.95,E0151
GR0003752,PO-2024-005096,2024-04-24,2210.71,E0140
GR0003753,PO-2024-005097,2024-10-21,5999.13,E0149
GR0003754,PO-2024-005098,2024-08-26,1582.39,E0147
GR0003755,PO-2024-005099,2024-08-19,1564.18,E0141
GR0003756,PO-2024-005099,2024-08-29,1767.9,E0153
GR0003757,PO-2025-005100,2025-06-04,1418.02,E0152
GR0003758,PO-2025-005101,2025-07-08,2590.14,E0159
GR0003759,PO-2024-005102,2024-06-06,5917.84,E0150
GR0003760,PO-2024-005103,2024-11-29,1727.74,E0156
GR0003761,PO-2024-005104,2024-05-15,2408.89,E0151
GR0003762,PO-2024-005105,2024-11-02,37849.77,E0150
GR0003763,PO-2025-005106,2025-03-15,1539.12,E0160
GR0003764,PO-2024-005107,2024-03-26,2149.82,E0143
GR0003765,PO-2024-005108,2024-04-02,11606.17,E0150
GR0003766,PO-2025-005109,2025-05-02,3833.76,E0156
GR0003767,PO-2024-005110,2024-02-10,949.94,E0163
GR0003768,PO-2024-005111,2024-03-15,1980.46,E0162
GR0003769,PO-2025-005112,2025-05-23,11874.31,E0147
GR0003770,PO-2024-005113,2024-06-19,2894.63,E0145
GR0003771,PO-2024-005114,2024-12-23,595.12,E0155
GR0003772,PO-2024-005115,2024-10-08,5264.22,E0143
GR0003773,PO-2024-005116,2024-04-02,968.09,E0160
GR0003774,PO-2024-005117,2024-08-10,1963.16,E0152
GR0003775,PO-2025-005118,2025-03-17,8150.82,E0161
GR0003776,PO-2025-005119,2025-03-04,3493.8,E0158
GR0003777,PO-2024-005120,2024-08-23,10849.42,E0151
GR0003778,PO-2024-005121,2024-01-24,506.69,E0160
GR0003779,PO-2024-005122,2024-11-05,3966.29,E0151
GR0003780,PO-2024-005123,2024-11-03,19377.79,E0144
GR0003781,PO-2024-005124,2024-07-03,1563.39,E0158
GR0003782,PO-2025-005125,2025-02-12,756.23,E0140
GR0003783,PO-2024-005126,2024-03-27,5391.64,E0161
GR0003784,PO-2024-005127,2024-05-24,799.38,E0152
GR0003785,PO-2024-005128,2024-08-07,15413.54,E0155
GR0003786,PO-2024-005129,2024-10-03,3656.45,E0158
GR0003787,PO-2025-005130,2025-01-12,3475.71,E0141
GR0003788,PO-2025-005130,2025-01-18,4224.05,E0157
GR0003789,PO-2025-005131,2025-04-21,22803.18,E0151
GR0003790,PO-2025-005132,2025-06-12,518.83,E0150
GR0003791,PO-2024-005133,2024-03-02,10918.66,E0163
GR0003792,PO-2025-005134,2025-06-11,11121.71,E0148
GR0003793,PO-2024-005135,2024-09-13,3487.09,E0148
GR0003794,PO-2025-005136,2025-01-29,671.51,E0146
GR0003795,PO-2025-005137,2025-03-20,7821.86,E0160
GR0003796,PO-2025-005138,2025-05-31,971.79,E0149
GR0003797,PO-2025-005139,2025-03-13,592.37,E0160
GR0003798,PO-2024-005140,2024-09-26,3233.13,E0153
GR0003799,PO-2024-005141,2024-03-18,30993.66,E0153
GR0003800,PO-2024-005142,2024-07-22,2747.86,E0141
GR0003801,PO-2025-005143,2025-07-20,8008.35,E0162
GR0003802,PO-2025-005144,2025-03-15,439.73,E0163
GR0003803,PO-2025-005145,2025-06-23,2847.31,E0148
GR0003804,PO-2024-005146,2024-07-25,2684.76,E0143
GR0003805,PO-2025-005147,2025-01-28,2142.15,E0163
GR0003806,PO-2025-005148,2025-05-21,631.66,E0148
GR0003807,PO-2025-005149,2025-04-09,1090.65,E0144
GR0003808,PO-2024-005150,2024-05-18,1059.78,E0162
GR0003809,PO-2025-005151,2025-03-10,1287.36,E0151
GR0003810,PO-2024-005152,2024-10-01,4176.62,E0146
GR0003811,PO-2024-005153,2024-12-25,2294.69,E0154
GR0003812,PO-2024-005154,2024-11-20,86.42,E0142
GR0003813,PO-2024-005154,2024-12-05,83.93,E0158
GR0003814,PO-2024-005155,2024-08-20,948.73,E0142
GR0003815,PO-2024-005156,2024-10-30,1109.17,E0142
GR0003816,PO-2024-005157,2024-04-07,2668.64,E0142
GR0003817,PO-2024-005158,2024-01-14,2785.9,E0140
GR0003818,PO-2025-005159,2025-01-25,2137.0,E0144
GR0003819,PO-2025-005160,2025-01-06,1918.43,E0162
GR0003820,PO-2025-005161,2025-05-24,5278.47,E0161
GR0003821,PO-2024-005162,2024-10-22,855.9,E0156
GR0003822,PO-2025-005163,2025-02-26,1899.12,E0143
GR0003823,PO-2024-005164,2024-05-01,2580.4,E0147
GR0003824,PO-2025-005165,2025-03-16,1243.65,E0156
GR0003825,PO-2025-005166,2025-01-05,13848.32,E0141
GR0003826,PO-2025-005167,2025-06-25,21474.67,E0161
GR0003827,PO-2024-005168,2024-07-20,1265.08,E0160
GR0003828,PO-2024-005169,2024-02-19,24566.65,E0150
GR0003829,PO-2024-005169,2024-02-28,10992.44,E0149
GR0003830,PO-2024-005170,2024-05-06,1799.37,E0155
GR0003831,PO-2024-005170,2024-05-14,1032.8,E0159
GR0003832,PO-2024-005171,2024-11-19,8769.07,E0143
GR0003833,PO-2024-005172,2024-10-30,1699.69,E0142
GR0003834,PO-2024-005173,2024-05-02,3299.83,E0152
GR0003835,PO-2024-005174,2024-06-22,2587.67,E0149
GR0003836,PO-2024-005175,2024-09-01,1779.82,E0150
GR0003837,PO-2024-005176,2024-06-02,12783.18,E0160
GR0003838,PO-2025-005177,2025-04-26,5268.48,E0158
GR0003839,PO-2024-005178,2024-04-20,2478.28,E0159
GR0003840,PO-2024-005179,2024-01-09,3381.2,E0150
GR0003841,PO-2024-005180,2024-05-02,7468.84,E0156
GR0003842,PO-2024-005180,2024-05-09,4639.03,E0161
GR0003843,PO-2024-005181,2024-04-15,16790.04,E0158
GR0003844,PO-2024-005182,2024-07-01,27382.49,E0163
GR0003845,PO-2024-005183,2024-09-27,14430.84,E0151
GR0003846,PO-2024-005184,2024-08-12,2082.79,E0154
GR0003847,PO-2024-005185,2024-12-04,4185.82,E0148
GR0003848,PO-2025-005186,2025-03-28,13069.17,E0146
GR0003849,PO-2025-005186,2025-04-03,7593.52,E0146
GR0003850,PO-2024-005187,2024-10-23,9173.91,E0145
GR0003851,PO-2025-005188,2025-05-01,4944.53,E0148
GR0003852,PO-2024-005189,2024-11-21,5207.48,E0158
GR0003853,PO-2024-005190,2024-10-23,3643.24,E0163
GR0003854,PO-2024-005191,2024-11-03,2346.66,E0147
GR0003855,PO-2024-005192,2025-01-12,2322.72,E0141
GR0003856,PO-2024-005193,2024-01-06,1963.83,E0154
GR0003857,PO-2024-005193,2024-01-21,2003.81,E0144
GR0003858,PO-2024-005194,2024-10-27,2244.71,E0151
GR0003859,PO-2024-005195,2024-12-23,980.75,E0143
GR0003860,PO-2025-005196,2025-06-11,3035.43,E0161
GR0003861,PO-2024-005197,2024-09-21,7105.04,E0144
GR0003862,PO-2024-005198,2024-02-06,661.54,E0150
GR0003863,PO-2024-005199,2024-01-20,1254.01,E0152
GR0003864,PO-2024-005200,2024-05-11,3320.72,E0144
GR0003865,PO-2025-005201,2025-05-22,5167.28,E0145
GR0003866,PO-2024-005202,2024-05-04,2146.38,E0140
GR0003867,PO-2025-005203,2025-06-05,2812.7,E0141
GR0003868,PO-2024-005204,2024-02-10,482.34,E0145
GR0003869,PO-2024-005205,2024-05-06,589.83,E0144
GR0003870,PO-2024-005205,2024-05-17,560.88,E0158
GR0003871,PO-2024-005206,2024-10-19,10591.1,E0141
GR0003872,PO-2024-005207,2024-04-19,8051.86,E0159
GR0003873,PO-2024-005207,2024-04-26,9075.86,E0162
GR0003874,PO-2025-005208,2025-04-06,39080.36,E0142
GR0003875,PO-2024-005209,2024-11-04,3140.06,E0152
GR0003876,PO-2024-005210,2024-07-14,2001.54,E0151
GR0003877,PO-2024-005211,2024-08-02,1939.78,E0140
GR0003878,PO-2025-005212,2025-02-09,1426.99,E0163
GR0003879,PO-2025-005213,2025-05-10,7632.04,E0162
GR0003880,PO-2024-005214,2024-12-22,325.73,E0145
GR0003881,PO-2024-005215,2024-03-08,5342.43,E0144
GR0003882,PO-2024-005216,2024-04-10,3388.17,E0147
GR0003883,PO-2024-005217,2024-10-10,776.55,E0162
GR0003884,PO-2024-005217,2024-10-16,965.68,E0152
GR0003885,PO-2024-005218,2024-07-15,1591.4,E0153
GR0003886,PO-2025-005219,2025-05-23,2966.72,E0140
GR0003887,PO-2024-005220,2024-04-20,2166.2,E0160
GR0003888,PO-2024-005221,2024-04-21,2144.27,E0155
GR0003889,PO-2024-005221,2024-05-04,1215.79,E0142
GR0003890,PO-2024-005222,2024-08-18,2428.62,E0145
GR0003891,PO-2025-005223,2025-06-24,1040.97,E0142
GR0003892,PO-2024-005224,2024-10-18,1581.5,E0159
GR0003893,PO-2025-005225,2025-02-03,1333.77,E0159
GR0003894,PO-2024-005226,2024-09-13,6248.43,E0144
GR0003895,PO-2024-005227,2024-12-11,3434.46,E0145
GR0003896,PO-2024-005228,2024-12-03,1393.94,E0163
GR0003897,PO-2024-005229,2024-09-28,540.68,E0155
GR0003898,PO-2024-005229,2024-10-07,256.44,E0147
GR0003899,PO-2024-005230,2024-08-01,3083.25,E0163
GR0003900,PO-2024-005231,2024-02-25,2551.67,E0144
GR0003901,PO-2024-005232,2024-01-11,6688.61,E0162
GR0003902,PO-2024-005232,2024-01-16,6497.62,E0145
GR0003903,PO-2024-005233,2024-02-06,3995.07,E0150
GR0003904,PO-2025-005234,2025-03-15,214.28,E0140
GR0003905,PO-2025-005234,2025-03-29,217.75,E0158
GR0003906,PO-2024-005235,2024-06-04,5968.75,E0157
GR0003907,PO-2024-005236,2024-02-10,1880.76,E0158
GR0003908,PO-2025-005237,2025-03-15,3588.79,E0149
GR0003909,PO-2024-005238,2025-01-06,1587.53,E0153
GR0003910,PO-2024-005239,2024-01-27,10030.6,E0147
GR0003911,PO-2024-005240,2024-04-05,2398.49,E0147
GR0003912,PO-2024-005241,2024-07-17,4393.96,E0161
GR0003913,PO-2024-005242,2024-10-02,706.25,E0141
GR0003914,PO-2024-005242,2024-10-15,484.95,E0140
GR0003915,PO-2024-005243,2024-06-15,3812.84,E0155
GR0003916,PO-2024-005244,2024-05-08,4378.66,E0162
GR0003917,PO-2025-005245,2025-02-17,5213.7,E0158
GR0003918,PO-2025-005246,2025-05-16,1406.53,E0147
GR0003919,PO-2024-005247,2024-07-24,1050.08,E0150
GR0003920,PO-2024-005248,2024-11-23,3004.82,E0140
GR0003921,PO-2025-005249,2025-01-31,5189.88,E0158
GR0003922,PO-2025-005250,2025-05-17,2242.84,E0161
GR0003923,PO-2024-005251,2024-10-13,428.47,E0148
GR0003924,PO-2024-005251,2024-10-20,390.92,E0148
GR0003925,PO-2024-005252,2024-06-18,1120.38,E0159
GR0003926,PO-2024-005253,2024-12-19,1402.86,E0153
GR0003927,PO-2024-005253,2025-01-01,795.3,E0145
GR0003928,PO-2024-005254,2024-01-31,3507.5,E0154
GR0003929,PO-2024-005255,2024-12-26,4351.16,E0144
GR0003930,PO-2025-005256,2025-05-23,1543.27,E0155
GR0003931,PO-2024-005257,2024-12-07,2166.43,E0156
GR0003932,PO-2024-005258,2024-12-26,1824.32,E0162
GR0003933,PO-2025-005259,2025-04-20,1609.3,E0144
GR0003934,PO-2025-005260,2025-05-18,9076.76,E0163
GR0003935,PO-2025-005260,2025-05-26,3914.56,E0161
GR0003936,PO-2025-005261,2025-04-01,4178.64,E0163
GR0003937,PO-2024-005262,2024-07-17,797.74,E0143
GR0003938,PO-2024-005263,2024-04-04,535.16,E0144
GR0003939,PO-2024-005264,2024-05-22,3919.64,E0143
GR0003940,PO-2024-005265,2024-02-09,3446.24,E0144
GR0003941,PO-2025-005266,2025-07-01,6170.26,E0160
GR0003942,PO-2025-005267,2025-01-31,551.09,E0160
GR0003943,PO-2025-005268,2025-01-16,1863.1,E0161
GR0003944,PO-2025-005268,2025-01-27,1255.84,E0141
GR0003945,PO-2025-005269,2025-03-25,716.75,E0158
GR0003946,PO-2024-005270,2024-09-07,13572.97,E0159
GR0003947,PO-2025-005271,2025-05-10,427.09,E0159
GR0003948,PO-2024-005272,2024-11-11,6857.17,E0158
GR0003949,PO-2024-005273,2024-10-31,1481.56,E0141
GR0003950,PO-2025-005274,2025-02-24,3056.87,E0143
GR0003951,PO-2025-005275,2025-01-23,4969.32,E0162
GR0003952,PO-2024-005276,2024-04-03,61411.35,E0152
GR0003953,PO-2024-005277,2024-01-30,1697.38,E0162
GR0003954,PO-2024-005278,2024-04-07,2071.39,E0142
GR0003955,PO-2024-005279,2024-09-13,1085.95,E0159
GR0003956,PO-2024-005280,2024-02-26,754.27,E0153
GR0003957,PO-2024-005280,2024-03-11,673.8,E0160
GR0003958,PO-2024-005281,2024-09-01,1175.58,E0157
GR0003959,PO-2025-005282,2025-06-23,117.08,E0159
GR0003960,PO-2024-005283,2024-10-23,448.92,E0140
GR0003961,PO-2024-005284,2024-08-03,3630.05,E0160
GR0003962,PO-2025-005285,2025-05-22,324.44,E0153
GR0003963,PO-2024-005286,2024-06-04,814.24,E0152
GR0003964,PO-2025-005287,2025-05-05,426.35,E0141
GR0003965,PO-2025-005288,2025-04-10,1152.85,E0148
GR0003966,PO-2024-005289,2024-09-14,4618.86,E0156
GR0003967,PO-2024-005290,2024-02-22,604.44,E0159
GR0003968,PO-2024-005291,2024-06-22,2706.79,E0153
GR0003969,PO-2024-005292,2024-06-27,1995.69,E0144
GR0003970,PO-2025-005293,2025-06-18,2036.77,E0140
GR0003971,PO-2024-005294,2024-12-02,1032.9,E0153
GR0003972,PO-2025-005295,2025-03-29,661.03,E0152
GR0003973,PO-2024-005296,2024-02-22,522.04,E0145
GR0003974,PO-2024-005297,2024-04-07,2208.95,E0148
GR0003975,PO-2024-005298,2024-04-06,3278.97,E0161
GR0003976,PO-2025-005299,2025-05-12,1442.91,E0159
GR0003977,PO-2024-005300,2024-02-16,1203.79,E0149
GR0003978,PO-2024-005301,2024-06-27,4497.87,E0163
GR0003979,PO-2024-005301,2024-07-03,6665.12,E0151
GR0003980,PO-2024-005302,2024-08-13,1107.43,E0152
GR0003981,PO-2024-005303,2024-09-06,1497.64,E0142
GR0003982,PO-2025-005304,2025-03-15,3143.65,E0141
GR0003983,PO-2025-005305,2025-04-04,2949.54,E0157
GR0003984,PO-2025-005306,2025-01-26,781.98,E0142
GR0003985,PO-2025-005307,2025-03-29,3221.42,E0163
GR0003986,PO-2024-005308,2024-01-25,152.68,E0161
GR0003987,PO-2025-005309,2025-05-31,2918.87,E0143
GR0003988,PO-2024-005310,2024-11-01,661.21,E0160
GR0003989,PO-2024-005311,2024-10-10,1088.41,E0142
GR0003990,PO-2024-005312,2025-01-12,663.86,E0141
GR0003991,PO-2025-005313,2025-06-02,934.78,E0153
GR0003992,PO-2025-005314,2025-06-18,915.6,E0144
GR0003993,PO-2024-005315,2024-03-25,194.8,E0142
GR0003994,PO-2025-005316,2025-05-10,1762.88,E0153
GR0003995,PO-2024-005317,2024-05-23,340.73,E0159
GR0003996,PO-2025-005318,2025-03-21,937.77,E0149
GR0003997,PO-2024-005319,2024-04-01,1992.52,E0148
GR0003998,PO-2024-005320,2024-08-29,4912.5,E0144
GR0003999,PO-2024-005320,2024-09-08,2252.86,E0151
GR0004000,PO-2024-005321,2024-09-20,5112.94,E0141
GR0004001,PO-2025-005322,2025-07-03,1717.14,E0155
GR0004002,PO-2024-005323,2024-12-04,365.84,E0156
GR0004003,PO-2024-005324,2024-01-13,780.32,E0150
GR0004004,PO-2024-005325,2024-08-29,2375.92,E0149
GR0004005,PO-2024-005326,2024-10-20,931.35,E0157
GR0004006,PO-2024-005327,2024-06-29,2583.15,E0147
GR0004007,PO-2024-005328,2024-01-12,3362.74,E0160
GR0004008,PO-2025-005329,2025-02-17,1766.49,E0155
GR0004009,PO-2024-005330,2024-03-21,965.4,E0144
GR0004010,PO-2024-005331,2024-07-20,4088.57,E0160
GR0004011,PO-2024-005332,2024-09-29,1894.3,E0163
GR0004012,PO-2024-005333,2024-10-11,823.34,E0158
GR0004013,PO-2024-005334,2024-12-16,354.79,E0152
GR0004014,PO-2024-005334,2024-12-25,267.59,E0159
GR0004015,PO-2024-005335,2024-08-18,380.64,E0141
GR0004016,PO-2024-005336,2024-11-15,3713.94,E0141
GR0004017,PO-2024-005337,2024-02-10,3122.3,E0140
GR0004018,PO-2025-005338,2025-02-24,3492.14,E0156
GR0004019,PO-2024-005339,2024-04-19,2512.87,E0162
GR0004020,PO-2024-005339,2024-04-28,1153.63,E0154
GR0004021,PO-2024-005340,2024-11-06,263.73,E0160
GR0004022,PO-2025-005341,2025-06-18,15259.98,E0152
GR0004023,PO-2024-005342,2024-07-11,1921.9,E0149
GR0004024,PO-2025-005343,2025-06-19,2149.09,E0158
GR0004025,PO-2024-005344,2024-02-17,666.22,E0142
GR0004026,PO-2024-005345,2024-09-26,1829.2,E0157
GR0004027,PO-2024-005346,2024-10-30,2468.43,E0157
GR0004028,PO-2024-005347,2024-11-11,2663.39,E0156
GR0004029,PO-2025-005348,2025-05-24,1107.89,E0153
GR0004030,PO-2024-005349,2024-09-12,421.94,E0151
GR0004031,PO-2024-005350,2024-03-01,625.29,E0163
GR0004032,PO-2024-005350,2024-03-09,330.65,E0155
GR0004033,PO-2024-005351,2024-06-21,1851.99,E0143
GR0004034,PO-2025-005352,2025-07-06,325.45,E0154
GR0004035,PO-2024-005353,2024-06-17,3682.73,E0149
GR0004036,PO-2024-005354,2024-10-31,912.49,E0155
GR0004037,PO-2024-005354,2024-11-11,475.2,E0142
GR0004038,PO-2024-005355,2024-08-11,4788.69,E0159
GR0004039,PO-2024-005356,2024-09-13,13903.07,E0140
GR0004040,PO-2024-005357,2024-06-19,1486.7,E0157
GR0004041,PO-2025-005358,2025-01-17,3372.8,E0158
GR0004042,PO-2024-005359,2024-01-06,1049.43,E0156
GR0004043,PO-2024-005359,2024-01-22,1003.24,E0143
GR0004044,PO-2024-005360,2024-02-23,5926.82,E0148
GR0004045,PO-2024-005361,2024-04-20,5244.49,E0155
GR0004046,PO-2024-005362,2024-10-18,80828.39,E0157
GR0004047,PO-2025-005363,2025-04-24,3144.96,E0162
GR0004048,PO-2024-005364,2024-08-15,3012.77,E0146
GR0004049,PO-2024-005365,2024-10-11,5699.58,E0156
GR0004050,PO-2024-005366,2024-06-04,952.69,E0152
GR0004051,PO-2024-005366,2024-06-13,509.39,E0153
GR0004052,PO-2025-005367,2025-04-27,2016.9,E0151
GR0004053,PO-2024-005368,2024-11-14,5839.7,E0153
GR0004054,PO-2024-005369,2024-11-16,474.99,E0154
GR0004055,PO-2024-005369,2024-11-26,234.35,E0158
GR0004056,PO-2025-005370,2025-02-07,2300.01,E0149
GR0004057,PO-2024-005371,2024-12-16,494.17,E0149
GR0004058,PO-2024-005371,2024-12-24,572.78,E0143
GR0004059,PO-2024-005372,2024-11-16,4083.71,E0150
GR0004060,PO-2024-005373,2024-09-05,4778.42,E0150
GR0004061,PO-2024-005374,2024-07-05,2047.76,E0158
GR0004062,PO-2024-005375,2024-09-05,5234.02,E0146
GR0004063,PO-2024-005376,2024-10-22,1754.16,E0150
GR0004064,PO-2024-005377,2024-02-18,3833.1,E0145
GR0004065,PO-2024-005378,2024-04-04,1861.75,E0156
GR0004066,PO-2025-005379,2025-05-24,3918.04,E0157
GR0004067,PO-2024-005380,2024-04-29,268.43,E0153
GR0004068,PO-2024-005381,2024-12-17,2767.66,E0145
GR0004069,PO-2025-005382,2025-06-12,201.68,E0159
GR0004070,PO-2024-005383,2024-11-14,157.83,E0162
GR0004071,PO-2024-005384,2024-11-08,694.44,E0145
GR0004072,PO-2024-005385,2024-12-13,1085.8,E0141
GR0004073,PO-2024-005386,2024-12-25,894.98,E0154
GR0004074,PO-2024-005387,2024-09-22,3563.86,E0140
GR0004075,PO-2024-005388,2024-04-18,1697.4,E0154
GR0004076,PO-2024-005389,2024-06-05,439.82,E0153
GR0004077,PO-2024-005389,2024-06-19,387.73,E0160
GR0004078,PO-2024-005390,2024-06-13,1949.51,E0156
GR0004079,PO-2024-005391,2024-12-07,956.83,E0143
GR0004080,PO-2025-005392,2025-05-20,2764.69,E0144
GR0004081,PO-2024-005393,2024-09-16,87.98,E0145
GR0004082,PO-2024-005393,2024-09-20,89.35,E0149
GR0004083,PO-2025-005394,2025-01-25,312.26,E0141
GR0004084,PO-2025-005394,2025-02-09,282.38,E0153
GR0004085,PO-2025-005395,2025-01-21,392.38,E0152
GR0004086,PO-2024-005396,2024-10-18,6297.88,E0142
GR0004087,PO-2025-005397,2025-04-22,3158.08,E0156
GR0004088,PO-2025-005398,2025-07-07,1155.76,E0153
GR0004089,PO-2025-005398,2025-07-11,551.69,E0143
GR0004090,PO-2024-005399,2024-12-29,1928.67,E0157
GR0004091,PO-2025-005400,2025-01-23,1545.88,E0154
GR0004092,PO-2025-005401,2025-06-08,1551.96,E0140
GR0004093,PO-2024-005402,2024-01-24,1563.69,E0147
GR0004094,PO-2024-005403,2024-08-09,2107.39,E0154
GR0004095,PO-2024-005404,2024-07-21,3292.22,E0150
GR0004096,PO-2025-005405,2025-06-01,4562.74,E0149
GR0004097,PO-2025-005406,2025-04-24,932.25,E0145
GR0004098,PO-2024-005407,2024-03-26,948.62,E0157
GR0004099,PO-2024-005408,2024-07-18,776.67,E0146
GR0004100,PO-2024-005409,2024-11-25,1323.83,E0159
GR0004101,PO-2024-005410,2024-12-29,1168.34,E0160
GR0004102,PO-2024-005410,2025-01-08,1049.82,E0158
GR0004103,PO-2024-005411,2024-11-19,5589.98,E0162
GR0004104,PO-2025-005412,2025-03-30,4632.25,E0146
GR0004105,PO-2024-005413,2024-12-10,1331.32,E0155
GR0004106,PO-2024-005414,2024-12-22,257.81,E0161
GR0004107,PO-2024-005415,2024-10-05,1633.4,E0160
GR0004108,PO-2025-005416,2025-05-22,513.05,E0142
GR0004109,PO-2025-005417,2025-07-14,490.91,E0158
GR0004110,PO-2024-005418,2024-07-13,472.48,E0163
GR0004111,PO-2025-005419,2025-03-18,2298.5,E0149
GR0004112,PO-2024-005420,2024-11-03,2794.43,E0148
GR0004113,PO-2024-005421,2024-02-05,1617.62,E0142
GR0004114,PO-2024-005422,2024-04-23,1213.83,E0150
GR0004115,PO-2024-005423,2024-10-03,2937.59,E0154
GR0004116,PO-2024-005424,2024-03-25,7627.89,E0146
GR0004117,PO-2024-005425,2024-12-04,1892.15,E0147
GR0004118,PO-2024-005426,2024-05-10,6291.91,E0145
GR0004119,PO-2024-005427,2024-02-08,3842.61,E0161
GR0004120,PO-2025-005428,2025-06-30,887.08,E0143
GR0004121,PO-2025-005429,2025-03-10,7612.08,E0160
GR0004122,PO-2024-005430,2024-10-20,2096.44,E0149
GR0004123,PO-2024-005431,2024-03-19,4145.93,E0147
GR0004124,PO-2024-005431,2024-04-04,2950.23,E0157
GR0004125,PO-2024-005432,2024-07-02,1221.09,E0148
GR0004126,PO-2024-005433,2024-05-15,3578.12,E0146
GR0004127,PO-2025-005434,2025-04-17,1172.88,E0141
GR0004128,PO-2025-005435,2025-03-14,4505.03,E0159
GR0004129,PO-2025-005436,2025-05-25,1500.93,E0144
GR0004130,PO-2025-005437,2025-07-20,2527.3,E0148
GR0004131,PO-2024-005438,2024-12-02,7856.33,E0155
GR0004132,PO-2024-005439,2024-03-01,42769.46,E0141
GR0004133,PO-2024-005439,2024-03-10,25120.33,E0145
GR0004134,PO-2024-005440,2024-07-06,830.81,E0153
GR0004135,PO-2024-005441,2024-12-20,1184.17,E0155
GR0004136,PO-2024-005442,2024-11-15,10883.33,E0146
GR0004137,PO-2024-005443,2024-06-10,387.55,E0140
GR0004138,PO-2024-005444,2024-03-21,28208.93,E0152
GR0004139,PO-2024-005445,2024-05-14,1107.91,E0147
GR0004140,PO-2024-005446,2024-10-13,580.29,E0157
GR0004141,PO-2024-005447,2024-01-25,1017.77,E0151
GR0004142,PO-2025-005448,2025-02-22,639.69,E0154
GR0004143,PO-2024-005449,2024-05-21,530.5,E0148
GR0004144,PO-2025-005450,2025-07-07,523.93,E0163
GR0004145,PO-2024-005451,2024-04-05,3955.51,E0156
GR0004146,PO-2025-005452,2025-03-31,1856.7,E0148
GR0004147,PO-2025-005453,2025-05-19,2078.84,E0144
GR0004148,PO-2024-005454,2024-10-12,833.57,E0153
GR0004149,PO-2024-005455,2024-02-27,2391.01,E0150
GR0004150,PO-2024-005456,2024-04-08,975.66,E0159
GR0004151,PO-2024-005457,2024-06-16,7338.93,E0151
GR0004152,PO-2025-005458,2025-06-30,2427.46,E0145
GR0004153,PO-2024-005459,2024-09-06,25954.54,E0152
GR0004154,PO-2025-005460,2025-07-09,840.87,E0150
GR0004155,PO-2024-005461,2024-09-20,1286.82,E0144
GR0004156,PO-2024-005462,2024-11-14,8752.75,E0146
GR0004157,PO-2024-005463,2024-06-30,1063.72,E0146
GR0004158,PO-2024-005464,2024-06-16,8383.73,E0141
GR0004159,PO-2024-005465,2024-12-11,2594.66,E0157
GR0004160,PO-2024-005466,2024-09-27,7852.77,E0156
GR0004161,PO-2024-005467,2024-04-20,1173.44,E0157
GR0004162,PO-2024-005467,2024-05-04,698.73,E0144
GR0004163,PO-2024-005468,2024-09-22,14685.0,E0143
GR0004164,PO-2024-005469,2024-08-17,1409.3,E0162
GR0004165,PO-2024-005470,2024-05-13,1884.96,E0148
GR0004166,PO-2024-005471,2024-11-06,747.1,E0152
GR0004167,PO-2025-005472,2025-07-05,3921.12,E0151
GR0004168,PO-2024-005473,2024-09-03,468.23,E0149
GR0004169,PO-2024-005473,2024-09-09,302.08,E0149
GR0004170,PO-2024-005474,2024-01-18,1767.72,E0159
GR0004171,PO-2024-005474,2024-01-28,751.36,E0140
GR0004172,PO-2024-005475,2024-01-17,16894.95,E0154
GR0004173,PO-2024-005476,2024-12-21,6245.18,E0152
GR0004174,PO-2024-005477,2024-07-24,399.97,E0161
GR0004175,PO-2024-005477,2024-07-29,194.86,E0155
GR0004176,PO-2024-005478,2024-06-26,12745.53,E0143
GR0004177,PO-2025-005479,2025-04-08,2830.28,E0145
GR0004178,PO-2025-005480,2025-06-18,4595.46,E0152
GR0004179,PO-2024-005481,2025-01-14,1470.05,E0160
GR0004180,PO-2024-005482,2024-08-29,2980.14,E0142
GR0004181,PO-2024-005483,2024-12-10,286.66,E0145
GR0004182,PO-2025-005484,2025-02-01,1938.62,E0150
GR0004183,PO-2024-005485,2024-02-29,451.49,E0143
GR0004184,PO-2024-005485,2024-03-13,459.95,E0162
GR0004185,PO-2025-005486,2025-02-08,4065.39,E0160
GR0004186,PO-2024-005487,2024-08-13,6621.98,E0152
GR0004187,PO-2025-005488,2025-03-26,4959.58,E0149
GR0004188,PO-2024-005489,2024-11-04,886.63,E0155
GR0004189,PO-2024-005489,2024-11-10,695.53,E0162
GR0004190,PO-2024-005490,2024-09-15,8679.4,E0161
GR0004191,PO-2024-005491,2024-06-26,1117.19,E0150
GR0004192,PO-2024-005492,2024-11-19,687.12,E0153
GR0004193,PO-2024-005493,2024-03-31,3715.42,E0159
GR0004194,PO-2024-005494,2024-12-02,2302.81,E0153
GR0004195,PO-2024-005495,2024-06-11,1416.26,E0145
GR0004196,PO-2024-005496,2024-02-26,1083.21,E0144
GR0004197,PO-2024-005497,2024-10-23,1711.04,E0152
GR0004198,PO-2024-005498,2024-03-28,18697.39,E0142
GR0004199,PO-2024-005499,2024-03-14,1529.49,E0152
GR0004200,PO-2025-005500,2025-05-01,2213.31,E0144
GR0004201,PO-2024-005501,2024-07-14,785.64,E0143
GR0004202,PO-2024-005502,2024-01-19,1518.69,E0160
GR0004203,PO-2025-005503,2025-05-23,212.47,E0159
GR0004204,PO-2024-005504,2024-01-21,1335.17,E0160
GR0004205,PO-2024-005505,2024-06-26,857.53,E0145
GR0004206,PO-2024-005506,2024-02-20,381.41,E0154
GR0004207,PO-2024-005507,2024-01-25,135.14,E0142
GR0004208,PO-2024-005508,2024-06-21,1996.82,E0151
GR0004209,PO-2025-005509,2025-06-02,961.16,E0156
GR0004210,PO-2025-005510,2025-05-17,675.42,E0145
GR0004211,PO-2025-005511,2025-01-16,1238.97,E0151
GR0004212,PO-2024-005512,2024-04-05,3152.69,E0145
GR0004213,PO-2025-005513,2025-02-18,791.25,E0154
GR0004214,PO-2025-005514,2025-02-13,2070.19,E0143
GR0004215,PO-2025-005514,2025-02-27,1465.07,E0142
GR0004216,PO-2025-005515,2025-05-19,119.23,E0142
GR0004217,PO-2025-005516,2025-04-11,1259.21,E0143
GR0004218,PO-2024-005517,2024-02-16,2764.61,E0157
GR0004219,PO-2024-005518,2024-02-15,2324.88,E0150
GR0004220,PO-2025-005519,2025-07-02,486.75,E0158
GR0004221,PO-2024-005520,2024-06-21,1299.16,E0156
GR0004222,PO-2024-005521,2024-10-06,117.03,E0142
GR0004223,PO-2024-005522,2024-08-25,7326.98,E0146
GR0004224,PO-2024-005523,2024-04-23,603.84,E0150
GR0004225,PO-2024-005524,2024-05-26,2243.88,E0144
GR0004226,PO-2024-005525,2024-06-03,3799.33,E0140
GR0004227,PO-2024-005526,2024-02-01,495.76,E0153
GR0004228,PO-2024-005527,2024-11-11,518.12,E0144
GR0004229,PO-2024-005528,2024-12-05,1752.61,E0154
GR0004230,PO-2025-005529,2025-06-21,403.37,E0163
GR0004231,PO-2024-005530,2024-02-12,365.62,E0152
GR0004232,PO-2025-005531,2025-01-26,201.58,E0161
GR0004233,PO-2025-005531,2025-02-07,144.86,E0140
GR0004234,PO-2024-005532,2024-11-12,3904.63,E0161
GR0004235,PO-2025-005533,2025-06-14,1736.77,E0140
GR0004236,PO-2024-005534,2024-03-08,193.84,E0155
GR0004237,PO-2024-005535,2024-02-11,422.3,E0146
GR0004238,PO-2024-005535,2024-02-20,281.54,E0149
GR0004239,PO-2024-005536,2024-01-16,1446.01,E0144
GR0004240,PO-2025-005537,2025-02-14,2556.75,E0160
GR0004241,PO-2024-005538,2024-03-12,208.82,E0141
GR0004242,PO-2025-005539,2025-03-30,1622.97,E0150
GR0004243,PO-2025-005540,2025-01-19,1006.01,E0140
GR0004244,PO-2025-005541,2025-05-16,1266.28,E0163
GR0004245,PO-2024-005542,2024-12-20,33551.86,E0157
GR0004246,PO-2024-005542,2024-12-29,27135.0,E0156
GR0004247,PO-2024-005543,2024-03-07,11060.75,E0141
GR0004248,PO-2025-005544,2025-06-28,902.15,E0150
GR0004249,PO-2024-005545,2024-05-19,11971.28,E0144
GR0004250,PO-2025-005546,2025-05-17,1082.66,E0143
GR0004251,PO-2024-005547,2024-04-01,4047.68,E0140
GR0004252,PO-2024-005666,2024-01-29,21205.42,E0156
GR0004253,PO-2025-005667,2025-03-15,8058.53,E0153
GR0004254,PO-2024-005668,2024-06-24,5017.34,E0161
GR0004255,PO-2024-005669,2024-01-28,1206.96,E0146
GR0004256,PO-2024-005670,2024-11-27,3185.93,E0154
GR0004257,PO-2024-005671,2024-04-23,1426.97,E0158
GR0004258,PO-2024-005672,2024-11-25,3768.78,E0149
GR0004259,PO-2024-005673,2024-03-02,895.35,E0150
GR0004260,PO-2024-005673,2024-03-19,724.37,E0157
GR0004261,PO-2025-005674,2025-03-25,13175.28,E0147
GR0004262,PO-2025-005675,2025-03-27,4833.98,E0146
GR0004263,PO-2024-005676,2024-05-31,2559.36,E0144
GR0004264,PO-2025-005677,2025-06-16,606.65,E0158
GR0004265,PO-2024-005678,2024-07-16,3146.25,E0142
GR0004266,PO-2024-005678,2024-07-19,2223.39,E0150
GR0004267,PO-2025-005679,2025-04-20,6289.41,E0156
GR0004268,PO-2025-005680,2025-01-22,672.35,E0152
GR0004269,PO-2024-005681,2024-09-11,2591.5,E0149
GR0004270,PO-2024-005682,2024-08-09,4765.45,E0155
GR0004271,PO-2024-005683,2024-01-12,1600.52,E0152
GR0004272,PO-2024-005684,2024-04-26,4929.97,E0152
GR0004273,PO-2024-005685,2024-07-28,5272.03,E0151
GR0004274,PO-2024-005685,2024-08-06,2711.37,E0157
GR0004275,PO-2024-005686,2024-02-23,2117.14,E0141
GR0004276,PO-2024-005687,2024-09-16,9441.3,E0151
GR0004277,PO-2024-005688,2024-10-18,343.2,E0159
GR0004278,PO-2024-005689,2024-01-23,3325.31,E0140
GR0004279,PO-2024-005690,2024-07-11,3515.49,E0151
GR0004280,PO-2024-005691,2024-04-20,1249.82,E0162
GR0004281,PO-2025-005692,2025-03-14,621.85,E0143
GR0004282,PO-2024-005693,2024-07-24,2884.02,E0140
GR0004283,PO-2025-005694,2025-05-06,4498.37,E0149
GR0004284,PO-2024-005695,2025-01-10,3088.82,E0151
GR0004285,PO-2025-005696,2025-04-29,2919.49,E0150
GR0004286,PO-2024-005697,2024-11-23,23598.64,E0143
GR0004287,PO-2025-005698,2025-01-25,664.7,E0140
GR0004288,PO-2024-005699,2024-02-24,9089.85,E0142
GR0004289,PO-2024-005700,2024-02-16,1813.67,E0147
GR0004290,PO-2025-005701,2025-02-09,6546.12,E0144
GR0004291,PO-2024-005702,2024-02-19,1925.39,E0156
GR0004292,PO-2024-005703,2024-07-29,1352.23,E0163
GR0004293,PO-2024-005704,2024-07-28,1988.46,E0147
GR0004294,PO-2024-005704,2024-08-11,1599.12,E0161
GR0004295,PO-2024-005705,2024-11-20,15515.02,E0151
GR0004296,PO-2024-005706,2024-03-05,3234.66,E0142
GR0004297,PO-2025-005707,2025-01-24,4489.38,E0140
GR0004298,PO-2025-005708,2025-07-07,792.11,E0152
GR0004299,PO-2024-005709,2024-08-05,1344.64,E0157
GR0004300,PO-2025-005710,2025-05-02,1854.37,E0162
GR0004301,PO-2024-005711,2024-01-16,661.32,E0160
GR0004302,PO-2025-005712,2025-05-03,741.46,E0162
GR0004303,PO-2025-005713,2025-04-06,119.85,E0163
GR0004304,PO-2024-005714,2024-01-20,7019.52,E0157
GR0004305,PO-2024-005715,2024-05-05,14509.93,E0161
GR0004306,PO-2024-005716,2024-01-30,3005.53,E0159
GR0004307,PO-2024-005717,2024-02-25,1018.7,E0150
GR0004308,PO-2024-005717,2024-03-12,1071.7,E0148
GR0004309,PO-2025-005718,2025-06-11,2132.87,E0145
GR0004310,PO-2025-005718,2025-06-24,2271.07,E0149
GR0004311,PO-2025-005719,2025-04-25,3221.17,E0161
GR0004312,PO-2024-005720,2024-10-17,4927.71,E0141
GR0004313,PO-2024-005721,2024-07-15,2647.85,E0145
GR0004314,PO-2024-005722,2024-01-16,8927.08,E0155
GR0004315,PO-2025-005723,2025-05-18,1237.34,E0152
GR0004316,PO-2025-005724,2025-04-03,1830.93,E0156
GR0004317,PO-2025-005725,2025-03-21,45472.34,E0156
GR0004318,PO-2024-005726,2024-09-08,5979.96,E0161
GR0004319,PO-2025-005727,2025-03-02,3705.19,E0157
GR0004320,PO-2024-005728,2024-11-13,5722.11,E0154
GR0004321,PO-2024-005729,2024-07-11,1909.7,E0144
GR0004322,PO-2024-005730,2024-07-23,794.39,E0152
GR0004323,PO-2024-005731,2024-01-31,1175.78,E0153
GR0004324,PO-2024-005732,2024-07-09,1396.37,E0152
GR0004325,PO-2024-005733,2024-08-21,12109.05,E0156
GR0004326,PO-2024-005734,2025-01-03,2036.68,E0151
GR0004327,PO-2024-005735,2024-10-05,25008.11,E0162
GR0004328,PO-2025-005736,2025-01-23,9022.18,E0143
GR0004329,PO-2024-005737,2024-11-14,2319.81,E0143
GR0004330,PO-2024-005738,2024-03-16,1956.13,E0158
GR0004331,PO-2024-005739,2024-07-31,1377.26,E0154
GR0004332,PO-2024-005740,2024-09-13,572.17,E0149
GR0004333,PO-2024-005740,2024-10-02,267.62,E0155
GR0004334,PO-2024-005741,2024-01-13,754.95,E0152
GR0004335,PO-2024-005741,2024-01-26,606.65,E0142
GR0004336,PO-2025-005742,2025-06-26,3402.54,E0156
GR0004337,PO-2024-005743,2024-09-02,628.29,E0148
GR0004338,PO-2024-005744,2024-07-17,4499.34,E0142
GR0004339,PO-2024-005745,2024-10-01,6902.77,E0158
GR0004340,PO-2025-005746,2025-07-04,654.53,E0160
GR0004341,PO-2024-005747,2024-10-28,6052.9,E0154
GR0004342,PO-2024-005748,2024-03-09,6566.13,E0145
GR0004343,PO-2024-005749,2024-09-28,19720.62,E0159
GR0004344,PO-2025-005750,2025-04-22,6039.31,E0145
GR0004345,PO-2025-005751,2025-01-20,1044.0,E0161
GR0004346,PO-2024-005752,2024-12-28,4279.51,E0149
GR0004347,PO-2024-005753,2024-02-29,7609.82,E0151
GR0004348,PO-2024-005754,2024-07-16,890.55,E0156
GR0004349,PO-2025-005755,2025-06-24,10092.24,E0145
GR0004350,PO-2024-005756,2024-06-08,12137.02,E0152
GR0004351,PO-2024-005757,2024-07-12,4075.43,E0141
GR0004352,PO-2024-005758,2024-03-28,8411.3,E0155
GR0004353,PO-2024-005759,2024-07-23,343.18,E0148
GR0004354,PO-2024-005760,2024-09-12,3737.19,E0155
GR0004355,PO-2025-005761,2025-03-11,8498.28,E0154
GR0004356,PO-2024-005762,2024-04-29,22015.11,E0163
GR0004357,PO-2024-005763,2024-06-15,1662.58,E0157
GR0004358,PO-2024-005764,2024-04-11,8307.05,E0162
GR0004359,PO-2025-005765,2025-03-02,1518.72,E0152
GR0004360,PO-2024-005766,2024-12-27,4573.07,E0146
GR0004361,PO-2024-005767,2024-05-20,1088.85,E0160
GR0004362,PO-2024-005768,2024-08-08,769.31,E0149
GR0004363,PO-2024-005769,2024-11-26,1614.24,E0148
GR0004364,PO-2024-005770,2024-03-05,643.68,E0157
GR0004365,PO-2024-005771,2024-11-16,3963.05,E0159
GR0004366,PO-2024-005772,2024-11-25,2927.03,E0150
GR0004367,PO-2024-005773,2024-02-01,1826.63,E0147
GR0004368,PO-2024-005774,2024-07-06,577.02,E0159
GR0004369,PO-2024-005775,2024-08-24,4005.36,E0150
GR0004370,PO-2024-005776,2024-10-23,1793.98,E0142
GR0004371,PO-2024-005777,2024-12-03,21038.84,E0147
GR0004372,PO-2025-005778,2025-06-30,740.53,E0151
GR0004373,PO-2024-005779,2024-07-02,5353.64,E0153
GR0004374,PO-2024-005780,2024-06-28,1009.89,E0160
GR0004375,PO-2024-005781,2024-12-26,2475.96,E0140
GR0004376,PO-2025-005782,2025-02-13,4919.61,E0141
GR0004377,PO-2025-005783,2025-04-10,11271.24,E0153
GR0004378,PO-2024-005784,2024-03-03,511.56,E0145
GR0004379,PO-2024-005784,2024-03-19,729.86,E0162
GR0004380,PO-2025-005785,2025-02-07,1325.7,E0148
GR0004381,PO-2024-005786,2024-03-14,30601.73,E0162
GR0004382,PO-2024-005787,2024-12-05,2868.17,E0161
GR0004383,PO-2025-005788,2025-05-26,4165.78,E0144
GR0004384,PO-2025-005789,2025-02-20,14621.16,E0157
GR0004385,PO-2024-005790,2024-04-24,1157.69,E0140
GR0004386,PO-2024-005791,2024-10-09,1961.14,E0144
GR0004387,PO-2025-005792,2025-03-28,1866.49,E0158
GR0004388,PO-2024-005793,2024-10-01,3764.7,E0149
GR0004389,PO-2024-005794,2024-08-06,4074.35,E0156
GR0004390,PO-2024-005795,2024-06-28,1768.32,E0157
GR0004391,PO-2024-005796,2024-04-22,927.84,E0141
GR0004392,PO-2025-005797,2025-06-12,1875.85,E0153
GR0004393,PO-2024-005798,2024-04-16,1855.24,E0163
GR0004394,PO-2025-005799,2025-03-04,1456.59,E0156
GR0004395,PO-2024-005800,2024-09-01,1290.77,E0148
GR0004396,PO-2024-005801,2024-05-11,1035.41,E0141
GR0004397,PO-2025-005802,2025-05-17,1010.63,E0144
GR0004398,PO-2024-005803,2024-01-24,6644.32,E0149
GR0004399,PO-2025-005804,2025-03-23,8193.8,E0152
GR0004400,PO-2024-005805,2024-01-08,3574.74,E0162
GR0004401,PO-2024-005806,2024-03-01,1836.65,E0143
GR0004402,PO-2024-005807,2024-02-20,672.17,E0144
GR0004403,PO-2024-005808,2024-02-11,4338.17,E0148
GR0004404,PO-2025-005809,2025-07-02,2686.35,E0140
GR0004405,PO-2024-005810,2024-08-18,1052.68,E0141
GR0004406,PO-2024-005811,2024-01-13,1909.11,E0160
GR0004407,PO-2024-005811,2024-01-25,947.88,E0161
GR0004408,PO-2024-005812,2024-10-03,1625.74,E0162
GR0004409,PO-2024-005813,2024-07-11,5364.3,E0153
GR0004410,PO-2025-005814,2025-02-26,6205.85,E0163
GR0004411,PO-2024-005815,2024-05-30,3956.53,E0155
GR0004412,PO-2024-005816,2024-09-28,2731.58,E0154
GR0004413,PO-2024-005817,2024-10-28,4243.9,E0163
GR0004414,PO-2024-005818,2024-02-03,2540.58,E0152
GR0004415,PO-2024-005819,2024-01-27,5261.64,E0144
GR0004416,PO-2025-005820,2025-03-18,5434.32,E0155
GR0004417,PO-2025-005821,2025-02-19,1638.12,E0163
GR0004418,PO-2025-005822,2025-03-22,2586.55,E0142
GR0004419,PO-2024-005823,2024-10-14,659.38,E0144
GR0004420,PO-2024-005824,2025-01-10,2413.87,E0153
GR0004421,PO-2024-005825,2024-07-07,13642.95,E0159
GR0004422,PO-2025-005826,2025-03-17,2117.55,E0151
GR0004423,PO-2024-005827,2024-12-10,189.97,E0145
GR0004424,PO-2025-005828,2025-06-25,4828.67,E0146
GR0004425,PO-2024-005829,2024-09-22,1587.94,E0146
GR0004426,PO-2024-005830,2024-03-20,2977.12,E0151
GR0004427,PO-2024-005831,2024-04-14,4978.6,E0141
GR0004428,PO-2025-005832,2025-02-25,836.24,E0149
GR0004429,PO-2024-005833,2024-12-10,5327.27,E0141
GR0004430,PO-2025-005834,2025-03-20,1543.45,E0154
GR0004431,PO-2024-005835,2024-03-04,7567.93,E0155
GR0004432,PO-2025-005836,2025-01-10,915.08,E0140
GR0004433,PO-2025-005836,2025-01-27,969.6,E0151
GR0004434,PO-2025-005837,2025-07-05,2297.22,E0142
GR0004435,PO-2025-005838,2025-06-28,1915.64,E0153
GR0004436,PO-2025-005839,2025-04-11,956.5,E0150
GR0004437,PO-2025-005839,2025-04-15,520.29,E0153
GR0004438,PO-2024-005840,2024-09-12,1315.44,E0153
GR0004439,PO-2024-005841,2024-08-24,13187.75,E0140
GR0004440,PO-2024-005842,2024-11-27,5757.13,E0151
GR0004441,PO-2024-005843,2024-12-08,1197.1,E0154
GR0004442,PO-2024-005844,2024-08-17,631.11,E0152
GR0004443,PO-2024-005845,2024-06-19,1321.27,E0150
GR0004444,PO-2024-005846,2024-01-19,1429.38,E0163
GR0004445,PO-2025-005847,2025-06-13,5925.93,E0155
GR0004446,PO-2024-005848,2024-07-28,1340.36,E0163
GR0004447,PO-2024-005849,2024-06-18,421.35,E0157
GR0004448,PO-2024-005850,2024-05-18,1590.76,E0147
GR0004449,PO-2025-005851,2025-02-20,18779.75,E0154
GR0004450,PO-2024-005852,2024-05-28,2051.14,E0142
GR0004451,PO-2025-005853,2025-04-09,733.0,E0145
GR0004452,PO-2024-005854,2024-08-27,588.98,E0158
GR0004453,PO-2024-005854,2024-08-31,534.8,E0162
GR0004454,PO-2024-005855,2024-01-06,2162.56,E0159
GR0004455,PO-2024-005856,2024-09-20,1149.39,E0158
GR0004456,PO-2024-005857,2024-09-23,1465.17,E0144
GR0004457,PO-2025-005858,2025-04-25,875.85,E0162
GR0004458,PO-2024-005859,2024-03-13,1289.26,E0149
GR0004459,PO-2025-005860,2025-03-14,2254.26,E0151
GR0004460,PO-2024-005861,2024-02-15,2897.35,E0152
GR0004461,PO-2025-005862,2025-06-18,16419.5,E0149
GR0004462,PO-2024-005863,2024-10-09,2533.54,E0140
GR0004463,PO-2024-005864,2024-06-15,1880.37,E0147
GR0004464,PO-2025-005865,2025-07-06,4694.67,E0154
GR0004465,PO-2024-005866,2025-01-08,4056.63,E0160
GR0004466,PO-2024-005867,2024-09-01,5297.04,E0159
GR0004467,PO-2024-005868,2024-04-19,16660.94,E0142
GR0004468,PO-2025-005869,2025-06-01,11267.04,E0159
GR0004469,PO-2024-005870,2024-12-23,37713.74,E0151
GR0004470,PO-2024-005871,2024-03-02,1144.77,E0150
GR0004471,PO-2024-005871,2024-03-11,715.5,E0153
GR0004472,PO-2025-005872,2025-03-13,5931.21,E0142
GR0004473,PO-2025-005873,2025-03-28,1680.02,E0141
GR0004474,PO-2024-005874,2024-10-30,48309.24,E0148
GR0004475,PO-2024-005875,2024-08-29,1689.16,E0143
GR0004476,PO-2024-005876,2024-04-03,3459.08,E0157
GR0004477,PO-2024-005877,2024-06-14,3526.17,E0161
GR0004478,PO-2025-005878,2025-07-08,6976.74,E0148
GR0004479,PO-2025-005879,2025-06-18,4590.53,E0141
GR0004480,PO-2024-005880,2024-06-27,1189.69,E0152
GR0004481,PO-2024-005881,2024-09-28,6375.33,E0163
GR0004482,PO-2024-005882,2024-09-05,481.52,E0147
GR0004483,PO-2024-005883,2024-03-29,12943.31,E0143
GR0004484,PO-2025-005884,2025-04-04,6549.67,E0152
GR0004485,PO-2024-005885,2024-12-26,3783.61,E0151
GR0004486,PO-2025-005886,2025-04-03,13325.08,E0162
GR0004487,PO-2024-005887,2024-02-20,4722.51,E0142
GR0004488,PO-2024-005888,2024-12-23,2557.67,E0157
GR0004489,PO-2025-005889,2025-03-21,1544.59,E0140
GR0004490,PO-2025-005890,2025-06-07,3625.71,E0154
GR0004491,PO-2024-005891,2024-12-07,58431.88,E0146
GR0004492,PO-2024-005892,2024-12-30,5400.15,E0159
GR0004493,PO-2025-005893,2025-03-02,8351.22,E0156
GR0004494,PO-2025-005894,2025-07-12,720.6,E0158
GR0004495,PO-2025-005894,2025-07-19,635.55,E0157
GR0004496,PO-2024-005895,2024-04-07,21597.87,E0154
GR0004497,PO-2024-005896,2024-12-31,1708.23,E0152
GR0004498,PO-2024-005897,2024-10-15,11649.48,E0156
GR0004499,PO-2025-005898,2025-04-15,1751.3,E0154
GR0004500,PO-2024-005899,2024-03-09,41674.81,E0151
GR0004501,PO-2024-005900,2024-02-29,4134.54,E0151
GR0004502,PO-2025-005901,2025-05-24,9685.43,E0148
GR0004503,PO-2025-005902,2025-03-04,1521.9,E0159
GR0004504,PO-2024-005903,2024-02-11,2239.33,E0141
GR0004505,PO-2024-005904,2024-12-05,5734.96,E0155
GR0004506,PO-2024-005905,2024-08-26,3282.81,E0162
GR0004507,PO-2024-005906,2024-05-25,9637.69,E0157
GR0004508,PO-2024-005907,2024-09-01,2263.25,E0156
GR0004509,PO-2024-005907,2024-09-17,2586.11,E0151
GR0004510,PO-2025-005908,2025-01-31,2552.92,E0158
GR0004511,PO-2024-005909,2024-06-19,21669.2,E0147
GR0004512,PO-2024-005910,2024-09-21,17845.75,E0147
GR0004513,PO-2025-005911,2025-06-20,6651.61,E0143
GR0004514,PO-2025-005912,2025-06-14,17121.88,E0150
GR0004515,PO-2025-005913,2025-05-30,3331.97,E0159
GR0004516,PO-2024-005914,2024-12-22,11683.41,E0153
GR0004517,PO-2024-005915,2024-02-02,4927.98,E0141
GR0004518,PO-2024-005916,2025-01-13,12329.62,E0163
GR0004519,PO-2024-005917,2024-03-09,13434.55,E0153
GR0004520,PO-2024-005917,2024-03-13,17314.01,E0146
GR0004521,PO-2025-005918,2025-01-13,21167.05,E0143
GR0004522,PO-2024-005919,2024-10-05,3270.75,E0143
GR0004523,PO-2024-005920,2024-11-18,27528.72,E0151
GR0004524,PO-2024-005921,2024-08-15,13485.78,E0159
GR0004525,PO-2024-005921,2024-08-30,6402.0,E0157
GR0004526,PO-2024-005922,2024-03-13,5562.99,E0160
GR0004527,PO-2025-005923,2025-02-08,3678.86,E0142
GR0004528,PO-2025-005924,2025-02-11,8253.43,E0146
GR0004529,PO-2025-005925,2025-03-17,28158.17,E0162
GR0004530,PO-2025-005926,2025-01-05,10236.65,E0152
GR0004531,PO-2024-005927,2024-06-27,8262.2,E0150
GR0004532,PO-2024-005928,2024-06-22,6829.08,E0160
GR0004533,PO-2024-005929,2024-04-01,2588.13,E0161
GR0004534,PO-2024-005929,2024-04-13,2976.94,E0161
GR0004535,PO-2025-005930,2025-03-18,1795.24,E0150
GR0004536,PO-2024-005931,2024-02-13,25702.4,E0144
GR0004537,PO-2024-005932,2024-02-06,9948.24,E0153
GR0004538,PO-2024-005933,2024-07-25,49325.92,E0158
GR0004539,PO-2024-005934,2024-12-27,31016.4,E0156
GR0004540,PO-2025-005935,2025-07-08,10239.59,E0143
GR0004541,PO-2025-005936,2025-02-18,15091.86,E0144
GR0004542,PO-2025-005937,2025-06-03,4449.84,E0148
GR0004543,PO-2024-005938,2024-07-06,3670.73,E0148
GR0004544,PO-2025-005939,2025-01-20,5872.36,E0149
GR0004545,PO-2024-005940,2024-07-29,1472.91,E0161
GR0004546,PO-2025-005941,2025-04-18,3351.36,E0144
GR0004547,PO-2024-005942,2024-07-11,2426.1,E0156
GR0004548,PO-2024-005942,2024-07-22,2156.97,E0154
GR0004549,PO-2024-005943,2024-04-16,3146.04,E0142
GR0004550,PO-2024-005943,2024-04-29,2777.67,E0150
GR0004551,PO-2024-005944,2024-09-10,3365.25,E0150
GR0004552,PO-2024-005945,2024-06-20,2619.17,E0151
GR0004553,PO-2024-005946,2025-01-06,2386.71,E0144
GR0004554,PO-2024-005947,2024-06-06,2111.09,E0155
GR0004555,PO-2024-005948,2024-01-25,2327.68,E0147
GR0004556,PO-2024-005949,2024-04-11,11325.46,E0160
GR0004557,PO-2024-005950,2024-06-29,11435.7,E0150
GR0004558,PO-2024-005951,2024-05-09,7559.68,E0159
GR0004559,PO-2025-005952,2025-06-15,14107.0,E0148
GR0004560,PO-2024-005953,2024-08-26,1384.76,E0149
GR0004561,PO-2024-005953,2024-09-06,1787.91,E0141
GR0004562,PO-2025-005954,2025-02-13,5761.99,E0149
GR0004563,PO-2025-005955,2025-04-02,10052.84,E0146
GR0004564,PO-2024-005956,2024-01-09,3317.41,E0159
GR0004565,PO-2024-005957,2024-07-28,41335.72,E0147
GR0004566,PO-2024-005958,2024-04-23,2551.79,E0153
GR0004567,PO-2025-005959,2025-06-30,21525.88,E0152
GR0004568,PO-2024-005960,2024-05-07,7441.74,E0161
GR0004569,PO-2025-005961,2025-06-22,6630.08,E0154
GR0004570,PO-2024-005962,2024-04-18,9119.54,E0141
GR0004571,PO-2024-005963,2024-07-30,10958.5,E0145
GR0004572,PO-2025-005964,2025-05-25,21343.69,E0156
GR0004573,PO-2024-005965,2024-12-15,9216.73,E0145
GR0004574,PO-2024-005966,2024-04-19,1987.22,E0140
GR0004575,PO-2025-005967,2025-02-07,11762.52,E0151
GR0004576,PO-2024-005968,2024-08-02,3962.05,E0142
GR0004577,PO-2024-005969,2024-03-26,15012.47,E0144
GR0004578,PO-2025-005970,2025-04-08,3185.95,E0141
GR0004579,PO-2024-005971,2024-07-10,6456.75,E0153
GR0004580,PO-2024-005972,2024-10-02,3289.55,E0147
GR0004581,PO-2024-005973,2024-02-05,7344.88,E0141
GR0004582,PO-2024-005974,2024-05-10,2284.8,E0143
GR0004583,PO-2024-005974,2024-05-21,1685.49,E0154
GR0004584,PO-2025-005975,2025-02-02,2297.6,E0163
GR0004585,PO-2024-005976,2024-01-15,6583.26,E0144
GR0004586,PO-2025-005977,2025-06-06,60806.53,E0145
GR0004587,PO-2025-005978,2025-05-05,9081.76,E0159
GR0004588,PO-2025-005979,2025-03-03,6563.57,E0149
GR0004589,PO-2024-005980,2024-04-09,15403.11,E0153
GR0004590,PO-2024-005981,2024-08-13,7821.78,E0156
GR0004591,PO-2024-005982,2024-06-23,23795.26,E0143
GR0004592,PO-2024-005983,2024-07-23,7405.04,E0158
GR0004593,PO-2024-005983,2024-08-08,3513.65,E0145
GR0004594,PO-2025-005984,2025-06-02,32497.51,E0140
GR0004595,PO-2024-005985,2024-06-22,6760.7,E0144
GR0004596,PO-2024-005986,2024-05-20,5226.94,E0141
GR0004597,PO-2024-005987,2024-08-11,1715.65,E0142
GR0004598,PO-2024-005988,2024-07-20,13415.28,E0141
GR0004599,PO-2024-005989,2024-07-17,23178.46,E0153
GR0004600,PO-2024-005990,2024-09-05,2288.18,E0154
GR0004601,PO-2025-005991,2025-01-19,5416.45,E0163
GR0004602,PO-2024-005992,2024-06-17,3403.05,E0146
GR0004603,PO-2025-005993,2025-03-31,13005.76,E0145
GR0004604,PO-2024-005994,2024-05-12,4055.98,E0160
GR0004605,PO-2025-005995,2025-03-22,4094.81,E0149
GR0004606,PO-2024-005996,2024-10-23,13986.12,E0156
GR0004607,PO-2025-005997,2025-06-25,8687.25,E0145
GR0004608,PO-2025-005998,2025-05-14,4308.81,E0146
GR0004609,PO-2024-005999,2024-04-08,13305.18,E0156
GR0004610,PO-2025-006000,2025-03-23,47317.49,E0158
GR0004611,PO-2024-006001,2024-12-09,16686.21,E0143
GR0004612,PO-2025-006002,2025-04-18,1337.16,E0149
GR0004613,PO-2024-006003,2024-09-25,117.63,E0148
GR0004614,PO-2025-006004,2025-03-09,139.66,E0160
GR0004615,PO-2024-006005,2025-01-09,1933.14,E0144
GR0004616,PO-2025-006006,2025-05-05,186.89,E0154
GR0004617,PO-2024-006007,2024-02-12,168.61,E0140
GR0004618,PO-2024-006008,2024-05-09,2249.11,E0141
GR0004619,PO-2024-006009,2024-08-21,9172.35,E0151
GR0004620,PO-2024-006010,2025-01-12,4570.53,E0141
GR0004621,PO-2024-006011,2024-11-05,2989.47,E0145
GR0004622,PO-2024-006012,2024-10-25,3879.93,E0141
GR0004623,PO-2024-006013,2024-06-01,1252.8,E0158
GR0004624,PO-2025-006014,2025-06-17,554.58,E0144
GR0004625,PO-2025-006014,2025-06-27,391.03,E0158
GR0004626,PO-2025-006015,2025-01-29,487.51,E0159
GR0004627,PO-2025-006016,2025-03-09,767.49,E0141
GR0004628,PO-2024-006017,2024-04-16,478.93,E0157
GR0004629,PO-2024-006018,2024-09-18,3082.73,E0158
GR0004630,PO-2024-006019,2024-08-31,469.31,E0156
GR0004631,PO-2024-006020,2024-04-12,543.43,E0150
GR0004632,PO-2025-006021,2025-02-02,2636.42,E0150
GR0004633,PO-2024-006022,2024-04-26,2982.71,E0147
GR0004634,PO-2024-006023,2024-07-25,1403.04,E0150
GR0004635,PO-2024-006024,2024-06-08,1444.31,E0154
GR0004636,PO-2024-006025,2024-09-05,3704.42,E0161
GR0004637,PO-2024-006026,2024-03-08,2906.66,E0153
GR0004638,PO-2024-006026,2024-03-22,2683.73,E0161
GR0004639,PO-2025-006027,2025-05-07,7070.4,E0145
GR0004640,PO-2024-006028,2024-12-23,772.08,E0140
GR0004641,PO-2025-006029,2025-07-13,3263.14,E0151
GR0004642,PO-2025-006030,2025-05-11,2685.55,E0147
GR0004643,PO-2024-006031,2024-06-14,2038.08,E0142
GR0004644,PO-2024-006032,2024-12-14,2973.21,E0153
GR0004645,PO-2024-006033,2024-05-14,1729.93,E0144
GR0004646,PO-2025-006034,2025-04-10,1053.78,E0156
GR0004647,PO-2024-006035,2024-06-23,15345.19,E0146
GR0004648,PO-2025-006036,2025-05-07,157.25,E0154
GR0004649,PO-2025-006037,2025-01-21,4860.11,E0141
GR0004650,PO-2024-006038,2024-07-28,8674.22,E0155
GR0004651,PO-2025-006039,2025-04-19,39878.69,E0146
GR0004652,PO-2025-006040,2025-01-24,8590.71,E0143
GR0004653,PO-2024-006041,2024-07-06,18551.19,E0156
GR0004654,PO-2024-006042,2024-12-25,11066.76,E0145
GR0004655,PO-2024-006043,2024-01-28,2058.42,E0158
GR0004656,PO-2024-006044,2024-06-30,1387.89,E0159
GR0004657,PO-2025-006045,2025-02-04,1705.77,E0141
GR0004658,PO-2025-006046,2025-01-05,1975.65,E0154
GR0004659,PO-2025-006047,2025-02-10,2676.89,E0143
GR0004660,PO-2025-006048,2025-02-05,33804.62,E0151
GR0004661,PO-2025-006049,2025-02-04,5989.64,E0147
GR0004662,PO-2024-006050,2024-04-21,1364.12,E0156
GR0004663,PO-2024-006050,2024-04-27,1191.18,E0153
GR0004664,PO-2025-006051,2025-04-01,4742.74,E0158
GR0004665,PO-2024-006052,2024-05-02,920.62,E0161
GR0004666,PO-2024-006053,2024-05-25,1790.61,E0150
GR0004667,PO-2025-006054,2025-02-03,1405.13,E0162
GR0004668,PO-2025-006054,2025-02-13,1562.35,E0152
GR0004669,PO-2025-006055,2025-03-01,905.82,E0144
GR0004670,PO-2024-006056,2024-07-17,5969.26,E0144
GR0004671,PO-2024-006057,2024-06-13,641.96,E0148
GR0004672,PO-2024-006057,2024-07-01,471.72,E0144
GR0004673,PO-2025-006058,2025-03-01,378.2,E0156
GR0004674,PO-2025-006058,2025-03-08,238.41,E0159
GR0004675,PO-2025-006059,2025-02-17,4155.44,E0151
GR0004676,PO-2024-006060,2024-12-23,342.98,E0149
GR0004677,PO-2024-006060,2025-01-04,379.6,E0145
GR0004678,PO-2024-006061,2024-10-30,5109.73,E0157
GR0004679,PO-2024-006062,2024-10-20,21700.84,E0163
GR0004680,PO-2024-006063,2024-05-08,441.71,E0152
GR0004681,PO-2025-006064,2025-04-08,1052.53,E0156
GR0004682,PO-2024-006065,2024-03-20,3337.56,E0146
GR0004683,PO-2025-006066,2025-03-19,983.07,E0162
GR0004684,PO-2025-006067,2025-04-20,2063.92,E0161
GR0004685,PO-2024-006068,2024-08-19,1325.2,E0143
GR0004686,PO-2024-006069,2024-12-17,1162.75,E0159
GR0004687,PO-2024-006069,2025-01-05,771.15,E0163
GR0004688,PO-2025-006070,2025-07-13,740.45,E0154
GR0004689,PO-2024-006071,2024-06-08,5531.27,E0148
GR0004690,PO-2024-006072,2024-08-28,1425.04,E0142
GR0004691,PO-2025-006073,2025-04-12,2059.18,E0159
GR0004692,PO-2024-006074,2024-03-02,1097.48,E0147
GR0004693,PO-2025-006075,2025-01-19,1044.69,E0149
GR0004694,PO-2024-006076,2024-06-18,4004.44,E0149
GR0004695,PO-2025-006077,2025-02-07,4320.55,E0141
GR0004696,PO-2025-006078,2025-03-06,1541.61,E0148
GR0004697,PO-2025-006079,2025-07-12,17135.29,E0142
GR0004698,PO-2024-006080,2024-08-31,1297.45,E0150
GR0004699,PO-2025-006081,2025-05-09,2081.55,E0141
GR0004700,PO-2024-006082,2024-12-10,6737.54,E0146
GR0004701,PO-2024-006083,2024-03-26,1629.5,E0147
GR0004702,PO-2025-006084,2025-01-18,1200.39,E0144
GR0004703,PO-2024-006085,2024-04-15,216.74,E0145
GR0004704,PO-2024-006085,2024-04-21,126.97,E0141
GR0004705,PO-2024-006086,2024-08-02,759.97,E0153
GR0004706,PO-2025-006087,2025-01-20,5964.35,E0152
GR0004707,PO-2025-006088,2025-03-30,1319.0,E0151
GR0004708,PO-2024-006089,2024-10-01,1013.55,E0159
GR0004709,PO-2024-006090,2024-03-20,693.51,E0157
GR0004710,PO-2024-006091,2024-07-19,8805.81,E0150
GR0004711,PO-2024-006092,2024-01-24,7371.89,E0162
GR0004712,PO-2024-006093,2024-12-10,1038.14,E0141
GR0004713,PO-2024-006094,2024-12-22,1443.41,E0151
GR0004714,PO-2024-006095,2024-09-24,5112.62,E0142
GR0004715,PO-2025-006096,2025-05-08,2171.38,E0144
GR0004716,PO-2024-006097,2024-05-26,3454.43,E0161
GR0004717,PO-2024-006097,2024-06-06,3844.27,E0163
GR0004718,PO-2024-006098,2024-05-12,15629.15,E0163
GR0004719,PO-2025-006099,2025-01-21,11623.46,E0153
GR0004720,PO-2025-006100,2025-01-14,4277.57,E0162
GR0004721,PO-2024-006101,2024-02-12,2705.1,E0157
GR0004722,PO-2024-006102,2024-05-06,679.91,E0155
GR0004723,PO-2025-006103,2025-06-29,1604.35,E0144
GR0004724,PO-2024-006104,2024-10-06,5369.3,E0150
GR0004725,PO-2024-006105,2024-09-23,3332.3,E0151
GR0004726,PO-2024-006106,2024-10-30,826.06,E0148
GR0004727,PO-2025-006107,2025-05-22,2038.74,E0152
GR0004728,PO-2024-006108,2024-05-13,7193.86,E0160
GR0004729,PO-2024-006109,2024-04-03,3362.22,E0160
GR0004730,PO-2024-006110,2024-08-15,8575.04,E0157
GR0004731,PO-2024-006111,2024-06-12,10097.62,E0147
GR0004732,PO-2024-006112,2024-08-31,15864.21,E0145
GR0004733,PO-2025-006113,2025-06-24,13131.42,E0154
GR0004734,PO-2025-006114,2025-05-11,4398.22,E0147
GR0004735,PO-2025-006115,2025-05-06,35953.4,E0143
GR0004736,PO-2024-006116,2024-04-27,2330.84,E0143
GR0004737,PO-2024-006117,2024-02-07,3103.02,E0157
GR0004738,PO-2024-006118,2024-04-04,204.69,E0160
GR0004739,PO-2025-006119,2025-07-09,6810.39,E0144
GR0004740,PO-2024-006120,2024-03-21,1198.89,E0155
GR0004741,PO-2024-006120,2024-04-06,742.94,E0163
GR0004742,PO-2024-006121,2024-10-14,4226.08,E0159
GR0004743,PO-2024-006122,2024-02-02,2810.83,E0156
GR0004744,PO-2024-006123,2024-10-01,13395.67,E0144
GR0004745,PO-2024-006124,2024-11-05,14581.53,E0142
GR0004746,PO-2024-006125,2024-03-10,4770.48,E0151
GR0004747,PO-2025-006126,2025-06-30,5463.51,E0156
GR0004748,PO-2024-006127,2024-05-27,3654.81,E0142
GR0004749,PO-2025-006128,2025-01-12,4034.17,E0162
GR0004750,PO-2024-006129,2024-05-12,8632.0,E0163
GR0004751,PO-2025-006130,2025-05-08,2149.23,E0145
GR0004752,PO-2025-006130,2025-05-22,2404.37,E0150
GR0004753,PO-2024-006163,2025-01-10,944.5,E0157
GR0004754,PO-2024-006164,2024-04-23,1266.04,E0150
GR0004755,PO-2025-006165,2025-06-16,1790.41,E0161
GR0004756,PO-2025-006166,2025-01-20,1166.65,E0154
GR0004757,PO-2024-006167,2024-03-11,8314.2,E0157
GR0004758,PO-2024-006168,2024-02-09,1296.53,E0146
GR0004759,PO-2024-006169,2024-10-19,486.25,E0140
GR0004760,PO-2025-006170,2025-05-17,1276.1,E0142
GR0004761,PO-2025-006171,2025-01-14,759.89,E0144
GR0004762,PO-2025-006172,2025-04-30,1330.1,E0156
GR0004763,PO-2024-006173,2024-01-11,6955.91,E0147
GR0004764,PO-2024-006174,2024-04-26,1758.18,E0157
GR0004765,PO-2024-006175,2024-07-18,737.95,E0140
GR0004766,PO-2025-006176,2025-06-25,5797.82,E0146
GR0004767,PO-2025-006177,2025-05-22,1321.5,E0140
GR0004768,PO-2025-006178,2025-02-04,1870.58,E0151
GR0004769,PO-2024-006179,2024-06-14,655.25,E0160
GR0004770,PO-2024-006180,2024-11-20,732.53,E0142
GR0004771,PO-2024-006181,2024-04-21,9393.94,E0161
GR0004772,PO-2025-006182,2025-03-15,3579.05,E0153
GR0004773,PO-2024-006183,2024-05-11,470.55,E0147
GR0004774,PO-2024-006184,2024-10-30,607.3,E0147
GR0004775,PO-2024-006185,2024-10-27,1257.33,E0148
GR0004776,PO-2024-006186,2024-03-12,492.82,E0150
GR0004777,PO-2025-006187,2025-01-22,814.92,E0150
GR0004778,PO-2024-006188,2024-05-11,1595.77,E0146
GR0004779,PO-2024-006189,2024-05-04,3145.46,E0162
GR0004780,PO-2024-006190,2024-02-20,250.55,E0143
GR0004781,PO-2024-006191,2024-09-16,7858.73,E0157
GR0004782,PO-2024-006192,2024-09-17,1263.49,E0154
GR0004783,PO-2025-006193,2025-03-16,1603.41,E0156
GR0004784,PO-2024-006194,2024-02-09,119.62,E0162
GR0004785,PO-2025-006195,2025-05-14,5830.51,E0148
GR0004786,PO-2025-006196,2025-01-21,6507.72,E0140
GR0004787,PO-2025-006197,2025-03-12,355.17,E0158
GR0004788,PO-2024-006198,2024-02-19,1575.72,E0141
GR0004789,PO-2024-006199,2024-09-02,538.34,E0158
GR0004790,PO-2025-006200,2025-05-01,5506.95,E0149
GR0004791,PO-2024-006201,2024-05-16,1099.95,E0150
GR0004792,PO-2024-006202,2024-05-19,1766.5,E0148
GR0004793,PO-2024-006203,2024-01-29,340.55,E0143
GR0004794,PO-2025-006204,2025-02-18,321.64,E0145
GR0004795,PO-2024-006205,2024-02-20,3141.54,E0146
GR0004796,PO-2025-006206,2025-07-13,1031.85,E0155
GR0004797,PO-2024-006207,2024-10-09,3682.71,E0153
GR0004798,PO-2025-006208,2025-06-15,4929.42,E0150
GR0004799,PO-2024-006209,2024-01-31,910.04,E0159
GR0004800,PO-2025-006210,2025-02-22,573.13,E0161
GR0004801,PO-2024-006211,2024-04-24,85.95,E0148
GR0004802,PO-2024-006211,2024-04-27,55.51,E0145
GR0004803,PO-2024-006212,2024-07-07,2458.18,E0160
GR0004804,PO-2025-006213,2025-01-20,4036.86,E0157
GR0004805,PO-2025-006214,2025-04-11,2564.5,E0141
GR0004806,PO-2024-006215,2024-03-02,772.61,E0161
GR0004807,PO-2025-006216,2025-05-31,963.78,E0142
GR0004808,PO-2024-006217,2024-07-25,377.96,E0158
GR0004809,PO-2024-006218,2024-02-22,10618.33,E0158
GR0004810,PO-2024-006219,2024-05-03,887.13,E0141
GR0004811,PO-2025-006220,2025-01-19,226.98,E0162
GR0004812,PO-2025-006221,2025-06-01,427.15,E0155
GR0004813,PO-2024-006222,2024-06-30,449.46,E0155
GR0004814,PO-2024-006222,2024-07-15,630.49,E0144
GR0004815,PO-2024-006223,2024-11-03,2372.08,E0155
GR0004816,PO-2024-006224,2024-06-11,309.6,E0161
GR0004817,PO-2024-006224,2024-06-26,210.2,E0153
GR0004818,PO-2024-006225,2024-12-15,632.81,E0142
GR0004819,PO-2024-006226,2024-05-01,911.08,E0149
GR0004820,PO-2024-006227,2024-05-31,375.44,E0149
GR0004821,PO-2024-006227,2024-06-14,273.3,E0147
GR0004822,PO-2024-006228,2024-03-06,999.16,E0158
GR0004823,PO-2024-006229,2024-02-20,455.03,E0155
GR0004824,PO-2024-006230,2024-12-21,278.12,E0162
GR0004825,PO-2025-006231,2025-03-04,684.45,E0154
GR0004826,PO-2024-006232,2024-08-29,5937.88,E0156
GR0004827,PO-2025-006233,2025-05-01,1234.9,E0160
GR0004828,PO-2024-006234,2025-01-06,575.47,E0158
GR0004829,PO-2024-006234,2025-01-14,351.88,E0141
GR0004830,PO-2024-006235,2024-08-14,25608.57,E0154
GR0004831,PO-2024-006236,2024-09-17,255.61,E0163
GR0004832,PO-2024-006269,2024-03-11,4585.48,E0155
GR0004833,PO-2024-006269,2024-03-18,5930.1,E0148
GR0004834,PO-2025-006270,2025-06-23,1063.15,E0157
GR0004835,PO-2025-006271,2025-04-12,2321.46,E0150
GR0004836,PO-2024-006272,2024-03-26,1214.35,E0154
GR0004837,PO-2024-006273,2024-10-16,6312.18,E0142
GR0004838,PO-2024-006274,2024-02-12,146.96,E0152
GR0004839,PO-2024-006274,2024-02-22,75.64,E0154
GR0004840,PO-2025-006275,2025-01-29,1305.68,E0158
GR0004841,PO-2024-006276,2024-11-25,4597.95,E0146
GR0004842,PO-2024-006277,2024-06-23,410.25,E0158
GR0004843,PO-2024-006278,2024-04-12,416.11,E0152
GR0004844,PO-2024-006279,2024-06-25,1521.47,E0158
GR0004845,PO-2024-006280,2024-04-19,130.8,E0148
GR0004846,PO-2024-006280,2024-05-05,81.38,E0161
GR0004847,PO-2024-006281,2024-09-12,4552.18,E0156
GR0004848,PO-2025-006282,2025-03-30,282.38,E0157
GR0004849,PO-2024-006283,2024-07-17,583.93,E0147
GR0004850,PO-2024-006284,2024-04-03,1261.77,E0154
GR0004851,PO-2024-006284,2024-04-07,1273.34,E0151
GR0004852,PO-2024-006285,2024-08-24,269.62,E0155
GR0004853,PO-2025-006286,2025-02-14,689.79,E0140
GR0004854,PO-2024-006287,2024-11-12,9208.97,E0141
GR0004855,PO-2024-006288,2024-09-03,294.71,E0147
GR0004856,PO-2024-006288,2024-09-16,156.93,E0151
GR0004857,PO-2025-006289,2025-06-29,727.86,E0162
GR0004858,PO-2025-006290,2025-02-03,334.36,E0144
GR0004859,PO-2025-006291,2025-01-29,3317.34,E0155
GR0004860,PO-2024-006292,2024-09-28,1383.43,E0155
GR0004861,PO-2025-006293,2025-04-16,1113.17,E0140
GR0004862,PO-2024-006294,2024-11-11,2018.54,E0147
GR0004863,PO-2024-006295,2024-07-13,6076.91,E0154
GR0004864,PO-2024-006296,2024-05-10,453.9,E0146
GR0004865,PO-2025-006297,2025-04-12,4240.59,E0155
GR0004866,PO-2024-006298,2024-05-28,680.65,E0153
GR0004867,PO-2024-006299,2024-08-20,8394.27,E0156
GR0004868,PO-2024-006300,2024-05-19,714.95,E0161
GR0004869,PO-2024-006301,2024-05-20,3566.64,E0141
GR0004870,PO-2024-006302,2024-11-01,1645.87,E0148
GR0004871,PO-2024-006303,2024-04-16,2474.52,E0159
GR0004872,PO-2024-006304,2024-10-18,2195.02,E0160
GR0004873,PO-2025-006305,2025-05-03,1363.59,E0144
GR0004874,PO-2025-006306,2025-07-12,4164.63,E0150
GR0004875,PO-2025-006307,2025-04-13,941.0,E0152
GR0004876,PO-2024-006308,2024-03-13,697.21,E0162
GR0004877,PO-2024-006308,2024-03-21,309.61,E0161
GR0004878,PO-2025-006309,2025-02-22,2683.03,E0143
GR0004879,PO-2025-006309,2025-03-03,1855.13,E0152
GR0004880,PO-2024-006310,2024-04-28,1512.08,E0155
GR0004881,PO-2024-006311,2024-11-23,1158.05,E0156
GR0004882,PO-2024-006312,2024-06-03,482.15,E0145
GR0004883,PO-2024-006313,2024-06-16,1486.62,E0153
GR0004884,PO-2024-006314,2024-05-05,1359.82,E0144
GR0004885,PO-2024-006315,2024-03-22,2299.73,E0142
GR0004886,PO-2024-006316,2024-10-18,1963.64,E0154
GR0004887,PO-2024-006317,2024-10-20,607.94,E0156
GR0004888,PO-2024-006318,2024-06-23,228.83,E0146
GR0004889,PO-2024-006319,2024-07-13,1861.84,E0144
GR0004890,PO-2024-006320,2024-12-18,3762.33,E0148
GR0004891,PO-2024-006321,2025-01-03,593.59,E0142
GR0004892,PO-2024-006322,2024-11-27,3801.75,E0157
GR0004893,PO-2025-006323,2025-03-26,703.54,E0153
GR0004894,PO-2024-006324,2024-10-18,854.98,E0150
GR0004895,PO-2025-006325,2025-05-19,441.87,E0155
GR0004896,PO-2024-006326,2024-05-04,263.38,E0155
GR0004897,PO-2024-006327,2024-01-17,479.55,E0155
GR0004898,PO-2024-006327,2024-02-01,573.77,E0156
GR0004899,PO-2024-006328,2024-05-20,1493.36,E0154
GR0004900,PO-2025-006329,2025-07-01,1814.03,E0140
GR0004901,PO-2024-006330,2024-05-16,1119.37,E0162
GR0004902,PO-2024-006331,2024-07-07,1790.84,E0146
GR0004903,PO-2024-006332,2024-12-02,467.31,E0163
GR0004904,PO-2025-006333,2025-05-15,561.43,E0151
GR0004905,PO-2024-006334,2024-01-18,785.14,E0157
GR0004906,PO-2024-006335,2024-02-15,1167.5,E0145
GR0004907,PO-2025-006336,2025-03-31,2841.72,E0145
GR0004908,PO-2024-006337,2024-04-26,878.03,E0153
GR0004909,PO-2024-006338,2024-07-17,1815.43,E0161
GR0004910,PO-2024-006339,2024-07-25,1309.05,E0159
GR0004911,PO-2025-006340,2025-04-18,157.28,E0151
GR0004912,PO-2024-006341,2024-05-11,2434.75,E0163
GR0004913,PO-2024-006342,2024-05-18,725.05,E0148
GR0004914,PO-2025-006343,2025-04-10,483.26,E0158
GR0004915,PO-2024-006344,2024-02-09,432.41,E0149
GR0004916,PO-2024-006345,2024-10-12,1500.14,E0163
GR0004917,PO-2024-006346,2024-12-24,634.22,E0143
GR0004918,PO-2025-006347,2025-05-28,641.69,E0161
GR0004919,PO-2025-006348,2025-03-09,3301.41,E0157
GR0004920,PO-2025-006348,2025-03-18,4903.55,E0140
GR0004921,PO-2024-006349,2024-02-11,737.92,E0156
GR0004922,PO-2024-006350,2024-02-14,676.54,E0142
GR0004923,PO-2024-006351,2024-11-10,1371.29,E0146
GR0004924,PO-2024-006352,2024-06-29,2687.63,E0148
GR0004925,PO-2024-006353,2024-05-25,1142.27,E0140
GR0004926,PO-2024-006353,2024-06-13,728.67,E0163
GR0004927,PO-2024-006354,2024-04-01,2433.35,E0146
GR0004928,PO-2024-006355,2024-01-28,1119.85,E0158
GR0004929,PO-2024-006356,2024-04-06,6223.97,E0144
GR0004930,PO-2025-006357,2025-02-28,2191.04,E0141
GR0004931,PO-2025-006357,2025-03-07,1423.97,E0163
GR0004932,PO-2024-006358,2024-12-21,2236.82,E0155
GR0004933,PO-2025-006359,2025-05-08,2538.21,E0147
GR0004934,PO-2024-006360,2024-09-08,1370.6,E0147
GR0004935,PO-2024-006361,2024-02-13,2321.43,E0150
GR0004936,PO-2025-006362,2025-03-21,4186.23,E0151
GR0004937,PO-2025-006362,2025-03-31,4147.9,E0146
GR0004938,PO-2025-006363,2025-05-06,11118.4,E0154
GR0004939,PO-2024-006364,2024-07-11,869.62,E0158
GR0004940,PO-2024-006364,2024-07-23,722.9,E0162
GR0004941,PO-2025-006365,2025-04-03,744.74,E0162
GR0004942,PO-2024-006366,2024-03-04,270.06,E0150
GR0004943,PO-2024-006367,2024-04-29,3138.09,E0148
GR0004944,PO-2024-006368,2024-02-21,12069.77,E0144
GR0004945,PO-2025-006369,2025-05-28,6346.59,E0159
GR0004946,PO-2024-006370,2024-07-16,369.05,E0145
GR0004947,PO-2024-006371,2024-12-22,870.15,E0151
GR0004948,PO-2024-006372,2024-06-16,766.19,E0155
GR0004949,PO-2024-006373,2025-01-03,413.08,E0143
GR0004950,PO-2025-006374,2025-04-28,7279.31,E0159
GR0004951,PO-2025-006375,2025-03-07,10207.73,E0159
GR0004952,PO-2025-006376,2025-03-24,1491.87,E0142
GR0004953,PO-2025-006377,2025-01-22,397.77,E0163
GR0004954,PO-2024-006378,2024-12-15,2425.09,E0157
GR0004955,PO-2024-006379,2024-06-10,830.7,E0143
GR0004956,PO-2025-006380,2025-07-05,1548.35,E0140
GR0004957,PO-2025-006381,2025-06-13,357.57,E0151
GR0004958,PO-2024-006382,2024-12-04,236.63,E0149
GR0004959,PO-2025-006383,2025-05-27,1900.01,E0147
GR0004960,PO-2024-006384,2024-03-27,6180.84,E0153
GR0004961,PO-2024-006385,2024-04-01,6307.82,E0151
GR0004962,PO-2024-006386,2024-05-02,1929.12,E0161
GR0004963,PO-2024-006387,2024-10-17,9862.55,E0156
GR0004964,PO-2024-006388,2024-04-05,25257.9,E0157
GR0004965,PO-2024-006389,2024-07-15,2248.34,E0163
GR0004966,PO-2024-006390,2024-08-06,7060.83,E0150
GR0004967,PO-2024-006391,2025-01-06,15971.38,E0156
GR0004968,PO-2024-006391,2025-01-22,7716.37,E0159
GR0004969,PO-2024-006392,2024-01-16,2076.1,E0140
GR0004970,PO-2025-006393,2025-04-25,9552.35,E0159
GR0004971,PO-2024-006394,2024-12-21,9801.25,E0147
GR0004972,PO-2024-006394,2025-01-08,6702.24,E0155
GR0004973,PO-2025-006395,2025-07-05,4061.17,E0155
GR0004974,PO-2024-006396,2024-02-09,10632.16,E0155
GR0004975,PO-2024-006397,2024-06-24,11512.11,E0147
GR0004976,PO-2025-006398,2025-01-27,7643.56,E0160
GR0004977,PO-2025-006399,2025-03-16,20993.55,E0150
GR0004978,PO-2025-006400,2025-01-25,600.25,E0153
GR0004979,PO-2025-006401,2025-01-25,4027.92,E0160
GR0004980,PO-2024-006402,2024-07-16,1710.84,E0159
GR0004981,PO-2024-006403,2024-11-06,1781.14,E0162
GR0004982,PO-2025-006404,2025-05-09,950.01,E0141
GR0004983,PO-2024-006405,2024-07-14,119.9,E0143
GR0004984,PO-2025-006406,2025-02-24,5543.1,E0149
GR0004985,PO-2024-006407,2024-06-24,20970.09,E0155
GR0004986,PO-2024-006408,2024-12-10,2339.12,E0163
GR0004987,PO-2024-006409,2024-11-26,1823.91,E0157
GR0004988,PO-2024-006410,2024-11-14,729.64,E0151
GR0004989,PO-2024-006410,2024-11-27,478.9,E0156
GR0004990,PO-2025-006411,2025-02-17,2223.25,E0141
GR0004991,PO-2025-006412,2025-05-03,1422.52,E0147
GR0004992,PO-2025-006413,2025-04-05,1816.49,E0142
GR0004993,PO-2024-006414,2024-01-18,2713.69,E0155
GR0004994,PO-2024-006414,2024-01-26,1996.17,E0160
GR0004995,PO-2025-006415,2025-06-03,3513.61,E0140
GR0004996,PO-2025-006415,2025-06-21,3769.33,E0141
GR0004997,PO-2024-006416,2024-11-28,4241.56,E0149
GR0004998,PO-2025-006417,2025-02-08,4704.6,E0157
GR0004999,PO-2024-006418,2024-11-29,5006.57,E0160
GR0005000,PO-2024-006419,2024-09-09,1825.86,E0153
GR0005001,PO-2024-006420,2024-12-01,355.48,E0153
GR0005002,PO-2024-006420,2024-12-07,150.18,E0144
GR0005003,PO-2024-006421,2024-09-07,46963.87,E0151
GR0005004,PO-2024-006422,2024-11-20,394.4,E0155
GR0005005,PO-2024-006423,2025-01-03,7396.5,E0152
GR0005006,PO-2024-006424,2024-01-22,9609.76,E0159
GR0005007,PO-2024-006425,2024-12-17,9554.67,E0147
GR0005008,PO-2025-006490,2025-03-17,2483.96,E0148
GR0005009,PO-2024-006491,2024-08-20,12255.93,E0149
GR0005010,PO-2024-006492,2024-11-22,12797.06,E0144
GR0005011,PO-2024-006493,2024-02-19,671.67,E0145
GR0005012,PO-2025-006494,2025-01-17,4102.35,E0155
GR0005013,PO-2024-006495,2024-04-27,12909.49,E0153
GR0005014,PO-2024-006496,2024-02-12,3098.73,E0152
GR0005015,PO-2024-006497,2024-08-06,4441.98,E0141
GR0005016,PO-2025-006498,2025-04-15,1360.08,E0161
GR0005017,PO-2025-006499,2025-01-16,1287.99,E0150
GR0005018,PO-2024-006500,2024-05-13,8573.79,E0159
GR0005019,PO-2024-006501,2024-02-28,854.98,E0155
GR0005020,PO-2025-006502,2025-05-19,938.07,E0148
GR0005021,PO-2025-006503,2025-03-10,1154.17,E0142
GR0005022,PO-2025-006503,2025-03-28,508.79,E0142
GR0005023,PO-2024-006504,2024-02-28,15994.81,E0154
GR0005024,PO-2024-006505,2024-04-14,1985.5,E0152
GR0005025,PO-2025-006506,2025-01-21,496.09,E0160
GR0005026,PO-2024-006507,2024-11-17,5288.73,E0141
GR0005027,PO-2024-006508,2025-01-13,6068.45,E0155
GR0005028,PO-2024-006509,2024-03-14,8455.17,E0144
GR0005029,PO-2024-006510,2024-06-13,2909.18,E0155
GR0005030,PO-2024-006511,2024-07-17,2436.91,E0146
GR0005031,PO-2025-006512,2025-06-06,1169.73,E0141
GR0005032,PO-2025-006513,2025-05-15,1473.8,E0153
GR0005033,PO-2024-006514,2024-11-21,472.52,E0156
GR0005034,PO-2024-006514,2024-12-01,523.83,E0148
GR0005035,PO-2024-006515,2024-10-13,1051.43,E0143
GR0005036,PO-2024-006515,2024-11-02,600.26,E0153
GR0005037,PO-2025-006516,2025-06-02,636.94,E0143
GR0005038,PO-2025-006517,2025-03-19,639.76,E0147
GR0005039,PO-2024-006518,2024-06-01,4577.69,E0152
GR0005040,PO-2025-006519,2025-03-31,5330.98,E0154
GR0005041,PO-2024-006520,2024-02-23,8251.16,E0153
GR0005042,PO-2024-006521,2024-11-22,1842.61,E0149
GR0005043,PO-2024-006521,2024-11-28,789.13,E0154
GR0005044,PO-2024-006522,2024-04-22,2058.12,E0160
GR0005045,PO-2025-006523,2025-03-08,2750.67,E0157
GR0005046,PO-2025-006523,2025-03-20,3769.15,E0154
GR0005047,PO-2024-006524,2024-03-27,9140.51,E0162
GR0005048,PO-2025-006525,2025-02-23,817.05,E0157
GR0005049,PO-2025-006526,2025-03-07,2995.04,E0142
GR0005050,PO-2025-006527,2025-06-28,2293.68,E0146
GR0005051,PO-2025-006528,2025-07-05,1169.28,E0162
GR0005052,PO-2024-006529,2025-01-11,741.33,E0142
GR0005053,PO-2024-006530,2024-06-14,578.06,E0159
GR0005054,PO-2025-006531,2025-04-12,4373.76,E0153
GR0005055,PO-2024-006532,2024-09-16,930.86,E0149
GR0005056,PO-2024-006533,2025-01-09,24885.23,E0154
GR0005057,PO-2025-006534,2025-07-02,5264.62,E0160
GR0005058,PO-2024-006535,2024-01-04,689.82,E0147
GR0005059,PO-2024-006535,2024-01-24,779.13,E0161
GR0005060,PO-2025-006536,2025-02-14,512.96,E0155
GR0005061,PO-2025-006536,2025-02-27,401.54,E0151
GR0005062,PO-2024-006537,2024-05-24,1421.34,E0156
GR0005063,PO-2025-006538,2025-04-13,117.15,E0154
GR0005064,PO-2024-006539,2024-12-30,2040.06,E0142
GR0005065,PO-2024-006540,2024-09-12,8362.56,E0151
GR0005066,PO-2024-006541,2024-12-04,304.85,E0145
GR0005067,PO-2024-006542,2024-03-02,2943.34,E0140
GR0005068,PO-2024-006543,2024-04-03,2995.04,E0155
GR0005069,PO-2025-006544,2025-06-16,641.79,E0146
GR0005070,PO-2024-006545,2024-05-25,1133.44,E0155
GR0005071,PO-2024-006546,2024-05-11,357.53,E0148
GR0005072,PO-2024-006547,2024-05-21,840.23,E0147
GR0005073,PO-2024-006548,2024-03-27,1272.64,E0151
GR0005074,PO-2024-006549,2024-06-17,2432.68,E0159
GR0005075,PO-2024-006550,2024-10-11,61.88,E0140
GR0005076,PO-2024-006550,2024-10-30,57.65,E0160
GR0005077,PO-2024-006551,2024-07-31,388.29,E0148
GR0005078,PO-2024-006552,2024-06-01,1376.02,E0140
GR0005079,PO-2024-006553,2024-12-15,1918.14,E0150
GR0005080,PO-2024-006554,2024-08-31,613.28,E0161
GR0005081,PO-2024-006555,2024-03-03,671.65,E0161
GR0005082,PO-2025-006556,2025-07-16,1663.27,E0160
GR0005083,PO-2025-006557,2025-06-11,1773.35,E0161
GR0005084,PO-2024-006558,2024-01-16,4187.14,E0157
GR0005085,PO-2024-006559,2024-04-20,4183.85,E0148
GR0005086,PO-2024-006560,2024-02-21,268.69,E0154
GR0005087,PO-2024-006561,2024-12-31,1054.9,E0144
GR0005088,PO-2025-006562,2025-06-24,2854.2,E0145
GR0005089,PO-2024-006563,2024-04-02,1443.68,E0142
GR0005090,PO-2024-006564,2024-12-19,861.5,E0159
GR0005091,PO-2025-006565,2025-04-15,762.93,E0142
GR0005092,PO-2024-006566,2024-05-15,603.24,E0146
GR0005093,PO-2024-006567,2024-11-08,3714.78,E0152
GR0005094,PO-2024-006568,2024-05-14,2633.07,E0142
GR0005095,PO-2024-006569,2024-01-13,4228.7,E0141
GR0005096,PO-2024-006570,2024-05-09,565.99,E0144
GR0005097,PO-2024-006571,2024-01-27,1075.87,E0148
GR0005098,PO-2025-006572,2025-06-20,6623.0,E0150
GR0005099,PO-2024-006573,2024-04-25,257.37,E0162
GR0005100,PO-2024-006573,2024-05-04,131.04,E0141
GR0005101,PO-2025-006574,2025-05-07,29926.21,E0148
GR0005102,PO-2024-006575,2024-10-19,483.16,E0149
GR0005103,PO-2024-006576,2024-02-23,1568.18,E0150
GR0005104,PO-2025-006577,2025-05-01,1625.8,E0147
GR0005105,PO-2024-006578,2024-05-28,763.31,E0145
GR0005106,PO-2024-006881,2024-05-18,8619.57,E0157
GR0005107,PO-2024-006882,2024-11-06,842.64,E0158
GR0005108,PO-2024-006883,2024-08-29,1238.96,E0158
GR0005109,PO-2024-006884,2024-01-22,609.14,E0148
GR0005110,PO-2024-006885,2024-12-29,15687.4,E0158
GR0005111,PO-2025-006886,2025-05-06,8229.12,E0159
GR0005112,PO-2024-006887,2024-05-31,622.74,E0156
GR0005113,PO-2025-006888,2025-06-04,5827.97,E0163
GR0005114,PO-2025-006888,2025-06-17,6157.49,E0152
GR0005115,PO-2024-006889,2024-06-23,2899.89,E0150
GR0005116,PO-2025-006890,2025-05-07,5408.76,E0141
GR0005117,PO-2024-006891,2024-05-05,8808.98,E0142
GR0005118,PO-2025-006892,2025-01-23,2303.11,E0160
GR0005119,PO-2025-006893,2025-01-17,7779.09,E0153
GR0005120,PO-2024-006894,2024-07-11,10258.78,E0148
GR0005121,PO-2024-006895,2024-04-05,4587.9,E0153
GR0005122,PO-2025-006896,2025-07-10,1628.36,E0146
GR0005123,PO-2024-006897,2024-04-26,1291.18,E0162
GR0005124,PO-2024-006898,2024-04-25,9410.04,E0161
GR0005125,PO-2025-006899,2025-04-30,357.86,E0150
GR0005126,PO-2025-006899,2025-05-19,459.73,E0157
GR0005127,PO-2025-006900,2025-01-10,2224.1,E0141
GR0005128,PO-2024-006901,2024-02-21,10068.7,E0159
GR0005129,PO-2024-006902,2024-03-06,14872.28,E0157
GR0005130,PO-2024-006903,2024-12-04,6501.81,E0161
GR0005131,PO-2024-006904,2024-10-28,2810.11,E0145
GR0005132,PO-2024-006905,2024-04-20,5277.59,E0149
GR0005133,PO-2024-006906,2024-08-23,5703.58,E0141
GR0005134,PO-2024-006907,2024-03-06,3880.43,E0140
GR0005135,PO-2024-006907,2024-03-24,2518.25,E0144
GR0005136,PO-2025-006908,2025-05-03,1667.17,E0154
GR0005137,PO-2024-006909,2024-11-04,3482.14,E0157
GR0005138,PO-2024-006910,2024-10-17,1785.55,E0153
GR0005139,PO-2025-006911,2025-01-23,5537.85,E0144
GR0005140,PO-2025-006912,2025-06-07,1975.23,E0154
GR0005141,PO-2024-006913,2024-11-21,1266.85,E0149
GR0005142,PO-2025-006914,2025-07-08,684.32,E0145
GR0005143,PO-2025-006915,2025-04-13,11935.26,E0140
GR0005144,PO-2025-006916,2025-06-08,1568.84,E0161
GR0005145,PO-2025-006917,2025-03-16,11133.3,E0148
GR0005146,PO-2024-006918,2024-02-18,3203.19,E0157
GR0005147,PO-2024-006919,2024-11-03,363.61,E0158
GR0005148,PO-2024-006920,2024-01-25,15025.88,E0161
GR0005149,PO-2024-006921,2024-05-06,2590.5,E0162
GR0005150,PO-2025-006922,2025-07-13,12178.05,E0148
GR0005151,PO-2025-006923,2025-04-15,652.12,E0140
GR0005152,PO-2024-006924,2024-12-15,11874.01,E0143
GR0005153,PO-2024-006925,2024-01-30,903.74,E0155
GR0005154,PO-2024-006926,2024-04-23,3925.57,E0152
GR0005155,PO-2025-006927,2025-03-03,1373.54,E0161
GR0005156,PO-2024-006928,2024-03-28,1821.51,E0141
GR0005157,PO-2024-006928,2024-04-02,1032.62,E0152
GR0005158,PO-2024-006929,2024-04-23,3033.9,E0151
GR0005159,PO-2024-006929,2024-05-01,3620.75,E0142
GR0005160,PO-2025-006930,2025-01-22,6154.93,E0142
GR0005161,PO-2025-006931,2025-05-01,23840.4,E0157
GR0005162,PO-2024-006932,2024-10-19,3626.52,E0163
GR0005163,PO-2024-006933,2024-03-18,5608.7,E0143
GR0005164,PO-2025-006934,2025-04-27,21547.58,E0151
GR0005165,PO-2025-006934,2025-05-11,12531.49,E0151
GR0005166,PO-2025-006935,2025-05-23,11801.51,E0145
GR0005167,PO-2025-006936,2025-03-14,2549.29,E0147
GR0005168,PO-2025-006936,2025-03-26,1212.76,E0143
GR0005169,PO-2024-006937,2024-06-19,603.54,E0163
GR0005170,PO-2024-006938,2024-11-03,4191.09,E0147
GR0005171,PO-2024-006939,2024-03-31,2151.76,E0159
GR0005172,PO-2024-006940,2024-11-26,32161.43,E0147
GR0005173,PO-2025-006941,2025-03-23,11635.79,E0142
GR0005174,PO-2025-006942,2025-06-05,818.71,E0148
GR0005175,PO-2024-006943,2024-10-17,4307.19,E0156
GR0005176,PO-2025-006944,2025-05-04,295.17,E0140
GR0005177,PO-2024-006945,2024-12-03,1601.21,E0147
GR0005178,PO-2024-006946,2024-08-12,10874.4,E0157
GR0005179,PO-2024-006947,2024-05-19,1553.58,E0155
GR0005180,PO-2024-006948,2024-08-08,14977.09,E0150
GR0005181,PO-2025-006949,2025-03-12,2280.1,E0149
GR0005182,PO-2025-006950,2025-05-11,5948.64,E0142
GR0005183,PO-2025-006951,2025-04-09,6254.6,E0148
GR0005184,PO-2024-006952,2024-11-02,9843.47,E0156
GR0005185,PO-2025-006953,2025-03-25,436.95,E0157
GR0005186,PO-2024-006954,2024-04-26,738.01,E0152
GR0005187,PO-2024-006954,2024-05-10,549.97,E0155
GR0005188,PO-2024-006955,2024-09-24,3010.39,E0157
GR0005189,PO-2024-006956,2024-12-31,21126.36,E0163
GR0005190,PO-2024-006957,2024-04-10,4499.4,E0142
GR0005191,PO-2024-006958,2024-12-02,9889.39,E0148
GR0005192,PO-2025-006959,2025-06-02,2791.56,E0160
GR0005193,PO-2024-006960,2024-06-18,4082.09,E0142
GR0005194,PO-2025-006961,2025-02-03,3436.16,E0141
GR0005195,PO-2024-006962,2024-07-18,1280.49,E0151
GR0005196,PO-2024-006963,2024-02-11,1409.09,E0158
GR0005197,PO-2024-006964,2024-10-22,996.31,E0142
GR0005198,PO-2025-006965,2025-01-26,41319.81,E0149
GR0005199,PO-2024-006966,2024-09-05,10840.25,E0140
GR0005200,PO-2024-006967,2024-02-01,1771.98,E0157
GR0005201,PO-2025-006968,2025-05-04,4912.08,E0157
GR0005202,PO-2025-006968,2025-05-10,3806.59,E0153
GR0005203,PO-2024-006969,2024-03-05,11042.23,E0159
GR0005204,PO-2024-006970,2024-12-07,1704.5,E0148
GR0005205,PO-2025-006971,2025-03-17,2146.22,E0150
GR0005206,PO-2024-006972,2024-07-10,1664.98,E0163
GR0005207,PO-2025-006973,2025-04-25,4678.26,E0159
GR0005208,PO-2025-006974,2025-05-28,760.86,E0149
GR0005209,PO-2024-006975,2024-12-02,4503.93,E0146
GR0005210,PO-2025-006976,2025-02-04,1509.75,E0158
GR0005211,PO-2024-006977,2024-02-16,1046.03,E0147
GR0005212,PO-2025-006978,2025-04-11,4515.93,E0155
GR0005213,PO-2024-006979,2024-02-22,3725.45,E0159
GR0005214,PO-2024-006979,2024-03-10,3474.42,E0144
GR0005215,PO-2024-006980,2024-03-29,5086.04,E0150
GR0005216,PO-2025-006981,2025-04-10,2142.84,E0151
GR0005217,PO-2024-006982,2024-11-16,1131.85,E0163
GR0005218,PO-2025-006983,2025-01-08,1909.86,E0152
GR0005219,PO-2024-006984,2024-07-24,5623.98,E0146
GR0005220,PO-2025-006985,2025-02-17,10968.73,E0152
GR0005221,PO-2024-006986,2024-06-26,3880.51,E0156
GR0005222,PO-2024-006987,2024-07-02,1775.23,E0160
GR0005223,PO-2024-006988,2024-01-22,2873.91,E0144
GR0005224,PO-2024-006988,2024-02-04,2208.97,E0157
GR0005225,PO-2024-006989,2024-10-11,2498.59,E0140
GR0005226,PO-2025-006990,2025-05-20,199.43,E0162
GR0005227,PO-2024-006991,2024-09-14,12323.54,E0149
GR0005228,PO-2024-006992,2024-12-07,2109.93,E0157
GR0005229,PO-2024-006993,2024-01-06,2042.28,E0163
GR0005230,PO-2024-006994,2024-07-23,1820.49,E0145
GR0005231,PO-2025-006995,2025-01-16,5305.05,E0148
GR0005232,PO-2024-006996,2024-10-10,4998.93,E0143
GR0005233,PO-2024-006997,2024-10-15,2679.98,E0140
GR0005234,PO-2025-006998,2025-02-12,405.79,E0157
GR0005235,PO-2024-006999,2024-12-22,5052.08,E0141
GR0005236,PO-2024-007000,2024-12-08,1148.36,E0162
GR0005237,PO-2025-007001,2025-01-15,1116.14,E0158
GR0005238,PO-2025-007001,2025-01-19,1073.55,E0158
GR0005239,PO-2025-007002,2025-04-02,3256.31,E0145
GR0005240,PO-2024-007003,2024-07-03,8995.01,E0144
GR0005241,PO-2024-007004,2024-08-21,5897.98,E0150
GR0005242,PO-2025-007005,2025-02-25,875.65,E0143
GR0005243,PO-2024-007006,2024-12-09,7903.45,E0156
GR0005244,PO-2024-007007,2024-04-14,1354.61,E0161
GR0005245,PO-2024-007008,2024-04-19,17546.01,E0155
GR0005246,PO-2025-007009,2025-02-01,3532.8,E0147
GR0005247,PO-2024-007010,2024-11-26,18728.65,E0163
GR0005248,PO-2025-007011,2025-05-23,6906.19,E0159
GR0005249,PO-2024-007012,2024-12-23,1919.41,E0145
GR0005250,PO-2024-007013,2024-11-10,5796.18,E0141
GR0005251,PO-2024-007014,2024-11-05,6389.24,E0140
GR0005252,PO-2024-007015,2024-02-29,1687.64,E0156
GR0005253,PO-2025-007016,2025-06-26,16747.11,E0151
GR0005254,PO-2024-007017,2024-04-18,3853.53,E0159
GR0005255,PO-2024-007017,2024-04-30,3462.09,E0147
GR0005256,PO-2025-007018,2025-04-29,1752.69,E0143
GR0005257,PO-2024-007019,2024-03-12,4368.34,E0147
GR0005258,PO-2024-007019,2024-03-27,4065.78,E0148
GR0005259,PO-2025-007020,2025-05-05,2515.77,E0153
GR0005260,PO-2025-007021,2025-05-07,3858.92,E0159
GR0005261,PO-2024-007022,2024-10-24,5390.56,E0155
GR0005262,PO-2024-007023,2024-06-18,1195.8,E0162
GR0005263,PO-2024-007024,2024-01-28,3316.58,E0162
GR0005264,PO-2024-007025,2024-11-12,1182.92,E0159
GR0005265,PO-2024-007026,2024-11-30,198.32,E0150
GR0005266,PO-2024-007027,2024-02-11,1457.69,E0156
GR0005267,PO-2024-007027,2024-02-23,1081.95,E0157
GR0005268,PO-2024-007028,2024-04-07,1401.25,E0143
GR0005269,PO-2024-007029,2024-12-07,185.15,E0149
GR0005270,PO-2024-007029,2024-12-21,80.67,E0161
GR0005271,PO-2024-007030,2024-08-14,1341.81,E0158
GR0005272,PO-2024-007031,2024-05-07,493.86,E0146
GR0005273,PO-2024-007031,2024-05-20,497.63,E0159
GR0005274,PO-2025-007032,2025-02-13,466.51,E0156
GR0005275,PO-2024-007033,2024-05-04,10956.15,E0140
GR0005276,PO-2024-007034,2024-01-17,668.29,E0162
GR0005277,PO-2025-007035,2025-02-20,6474.45,E0146
GR0005278,PO-2024-007036,2024-11-26,758.96,E0149
GR0005279,PO-2025-007037,2025-03-23,2308.16,E0153
GR0005280,PO-2024-007038,2024-07-20,1698.77,E0158
GR0005281,PO-2024-007039,2024-01-19,2024.15,E0146
GR0005282,PO-2025-007040,2025-03-31,702.79,E0144
GR0005283,PO-2024-007041,2024-08-19,3179.69,E0150
GR0005284,PO-2024-007042,2024-07-02,1900.72,E0142
GR0005285,PO-2025-007043,2025-03-01,119.68,E0159
GR0005286,PO-2025-007044,2025-02-12,1603.04,E0160
GR0005287,PO-2024-007045,2024-06-22,1088.34,E0156
GR0005288,PO-2025-007046,2025-04-20,2326.06,E0143
GR0005289,PO-2024-007047,2024-09-24,1078.17,E0151
GR0005290,PO-2025-007048,2025-04-15,7816.22,E0155
GR0005291,PO-2024-007049,2024-02-16,533.97,E0153
GR0005292,PO-2024-007050,2024-11-25,221.11,E0141
GR0005293,PO-2024-007051,2024-10-11,1103.97,E0163
GR0005294,PO-2024-007052,2024-05-05,1595.98,E0148
GR0005295,PO-2024-007053,2024-06-15,979.31,E0140
GR0005296,PO-2024-007054,2024-12-01,2183.7,E0158
GR0005297,PO-2024-007054,2024-12-09,2527.63,E0144
GR0005298,PO-2024-007055,2024-08-24,2137.84,E0148
GR0005299,PO-2025-007056,2025-02-17,545.57,E0159
GR0005300,PO-2025-007057,2025-01-28,12497.61,E0158
GR0005301,PO-2024-007058,2024-02-24,612.41,E0150
GR0005302,PO-2024-007059,2024-02-26,199.93,E0147
GR0005303,PO-2024-007060,2024-09-02,6015.5,E0154
GR0005304,PO-2024-007061,2024-03-20,730.58,E0162
GR0005305,PO-2025-007062,2025-05-04,172.65,E0160
GR0005306,PO-2025-007063,2025-01-20,3562.88,E0142
GR0005307,PO-2024-007064,2024-01-29,27313.12,E0153
GR0005308,PO-2024-007065,2024-10-07,1597.44,E0160
GR0005309,PO-2024-007066,2024-12-02,1055.1,E0163
GR0005310,PO-2024-007067,2024-09-01,249.64,E0162
GR0005311,PO-2024-007068,2024-11-07,2451.69,E0143
GR0005312,PO-2024-007069,2024-05-15,913.31,E0155
GR0005313,PO-2024-007070,2024-05-07,1346.41,E0143
GR0005314,PO-2025-007111,2025-05-11,3483.11,E0149
GR0005315,PO-2024-007112,2024-04-01,6433.99,E0147
GR0005316,PO-2024-007113,2024-10-06,4559.81,E0149
GR0005317,PO-2025-007114,2025-02-27,2481.83,E0142
GR0005318,PO-2025-007114,2025-03-19,3505.87,E0153
GR0005319,PO-2024-007115,2024-12-20,1724.59,E0146
GR0005320,PO-2024-007116,2024-07-16,6554.28,E0141
GR0005321,PO-2025-007117,2025-01-30,3466.92,E0140
GR0005322,PO-2025-007118,2025-04-14,1999.59,E0150
GR0005323,PO-2025-007119,2025-01-30,53481.54,E0150
GR0005324,PO-2024-007120,2024-09-03,9887.84,E0163
GR0005325,PO-2024-007121,2024-08-28,1468.78,E0161
GR0005326,PO-2025-007122,2025-05-29,765.59,E0161
GR0005327,PO-2024-007123,2024-05-15,2418.19,E0158
GR0005328,PO-2025-007124,2025-05-21,556.33,E0152
GR0005329,PO-2025-007124,2025-05-23,630.48,E0149
GR0005330,PO-2024-007125,2024-12-14,8271.91,E0150
GR0005331,PO-2025-007126,2025-03-25,625.04,E0144
GR0005332,PO-2024-007127,2024-09-14,988.45,E0162
GR0005333,PO-2024-007128,2024-06-01,3192.46,E0154
GR0005334,PO-2024-007129,2025-01-11,2412.67,E0158
GR0005335,PO-2024-007130,2024-10-23,6699.6,E0149
GR0005336,PO-2024-007131,2024-09-23,2141.98,E0154
GR0005337,PO-2024-007132,2024-11-06,4267.13,E0141
GR0005338,PO-2024-007133,2024-08-20,8539.01,E0162
GR0005339,PO-2024-007134,2024-01-22,11029.48,E0142
GR0005340,PO-2024-007135,2024-12-05,17903.84,E0159
GR0005341,PO-2024-007136,2024-08-05,341.87,E0141
GR0005342,PO-2024-007137,2024-02-15,1311.04,E0151
GR0005343,PO-2024-007138,2024-08-14,822.69,E0144
GR0005344,PO-2024-007138,2024-08-21,643.89,E0141
GR0005345,PO-2025-007139,2025-03-18,1656.58,E0155
GR0005346,PO-2024-007140,2024-04-03,5203.36,E0143
GR0005347,PO-2025-007141,2025-07-05,1483.9,E0163
GR0005348,PO-2025-007142,2025-03-14,3840.01,E0151
GR0005349,PO-2024-007143,2024-11-08,9561.62,E0140
GR0005350,PO-2024-007144,2024-08-05,134.69,E0150
GR0005351,PO-2025-007145,2025-02-28,10415.4,E0140
GR0005352,PO-2024-007146,2024-09-15,6274.21,E0142
GR0005353,PO-2024-007147,2024-12-19,2946.03,E0140
GR0005354,PO-2024-007148,2024-08-26,9401.65,E0148
GR0005355,PO-2024-007149,2024-05-03,1305.4,E0141
GR0005356,PO-2025-007150,2025-04-17,3176.14,E0144
GR0005357,PO-2025-007151,2025-02-22,21150.4,E0148
GR0005358,PO-2024-007152,2024-12-01,3765.8,E0142
GR0005359,PO-2024-007153,2024-01-15,3591.18,E0160
GR0005360,PO-2024-007154,2024-07-31,822.75,E0140
GR0005361,PO-2024-007155,2024-12-23,1239.69,E0143
GR0005362,PO-2024-007156,2024-07-11,2042.51,E0150
GR0005363,PO-2024-007157,2024-06-08,971.72,E0143
GR0005364,PO-2025-007158,2025-03-08,2869.74,E0143
GR0005365,PO-2025-007159,2025-01-08,3130.11,E0147
GR0005366,PO-2024-007222,2024-01-27,1446.12,E0157
GR0005367,PO-2024-007223,2024-12-17,2563.29,E0145
GR0005368,PO-2024-007224,2024-04-16,2039.56,E0159
GR0005369,PO-2024-007224,2024-04-25,2447.99,E0150
GR0005370,PO-2024-007225,2024-04-12,3947.11,E0156
GR0005371,PO-2025-007226,2025-03-24,7244.41,E0163
GR0005372,PO-2024-007227,2024-05-28,1681.53,E0153
GR0005373,PO-2025-007228,2025-01-29,3812.52,E0154
GR0005374,PO-2025-007239,2025-04-19,9392.96,E0154
GR0005375,PO-2024-007240,2024-11-22,5705.34,E0156
GR0005376,PO-2024-007241,2024-08-27,10940.45,E0148
GR0005377,PO-2025-007242,2025-03-04,774.13,E0153
GR0005378,PO-2024-007243,2024-09-16,1108.69,E0157
GR0005379,PO-2024-007243,2024-09-30,1146.27,E0153
GR0005380,PO-2024-007244,2024-04-16,1485.62,E0150
GR0005381,PO-2024-007245,2024-05-30,2600.91,E0154
GR0005382,PO-2024-007246,2024-02-13,3559.38,E0145
GR0005383,PO-2024-007247,2024-10-14,2688.72,E0157
GR0005384,PO-2024-007248,2024-01-30,6423.61,E0141
GR0005385,PO-2025-007249,2025-02-08,9302.09,E0153
GR0005386,PO-2024-007250,2024-05-27,1137.47,E0155
GR0005387,PO-2024-007251,2024-01-22,216.87,E0145
GR0005388,PO-2024-007252,2024-12-06,1360.15,E0156
GR0005389,PO-2025-007253,2025-06-14,761.19,E0143
GR0005390,PO-2024-007254,2024-06-19,270.44,E0146
GR0005391,PO-2024-007255,2024-10-06,3575.41,E0154
GR0005392,PO-2024-007256,2024-08-10,1795.3,E0146
GR0005393,PO-2025-007257,2025-05-12,759.24,E0141
GR0005394,PO-2025-007258,2025-06-26,292.76,E0145
GR0005395,PO-2025-007259,2025-02-21,2633.23,E0142
GR0005396,PO-2025-007260,2025-05-24,801.18,E0155
GR0005397,PO-2025-007261,2025-05-13,2997.04,E0156
GR0005398,PO-2024-007262,2024-11-04,474.11,E0160
GR0005399,PO-2024-007263,2024-02-18,945.92,E0147
GR0005400,PO-2025-007264,2025-07-12,2166.25,E0141
GR0005401,PO-2024-007265,2024-03-19,6164.49,E0155
GR0005402,PO-2025-007266,2025-01-13,1075.42,E0144
GR0005403,PO-2025-007266,2025-01-22,509.04,E0159
GR0005404,PO-2024-007267,2024-03-02,1017.66,E0160
GR0005405,PO-2024-007268,2024-03-17,189.75,E0151
GR0005406,PO-2025-007269,2025-06-28,1024.83,E0158
GR0005407,PO-2024-007270,2024-10-30,1629.0,E0152
GR0005408,PO-2024-007271,2024-03-28,1507.27,E0156
GR0005409,PO-2025-007272,2025-04-30,116.84,E0145
GR0005410,PO-2024-007273,2024-04-21,414.33,E0141
GR0005411,PO-2024-007274,2024-08-29,3511.6,E0155
GR0005412,PO-2024-007275,2024-12-28,11307.17,E0144
GR0005413,PO-2024-007276,2024-09-14,600.33,E0158
GR0005414,PO-2024-007277,2024-12-12,1977.95,E0145
GR0005415,PO-2025-007278,2025-03-01,6061.95,E0146
GR0005416,PO-2024-007279,2024-05-23,1114.12,E0152
GR0005417,PO-2024-007280,2024-10-29,1273.43,E0161
GR0005418,PO-2024-007281,2024-07-20,20877.03,E0158
GR0005419,PO-2024-007282,2024-08-15,3841.55,E0145
GR0005420,PO-2025-007283,2025-06-10,1273.8,E0145
GR0005421,PO-2024-007284,2024-12-06,6705.23,E0142
GR0005422,PO-2024-007285,2024-08-27,3584.43,E0146
GR0005423,PO-2024-007286,2024-08-09,3898.93,E0145
GR0005424,PO-2024-007287,2024-10-30,5268.18,E0143
GR0005425,PO-2025-007288,2025-05-02,1200.93,E0157
GR0005426,PO-2024-007289,2024-05-08,763.33,E0154
GR0005427,PO-2024-007290,2024-02-27,13179.18,E0144
GR0005428,PO-2024-007291,2024-06-19,2225.23,E0158
GR0005429,PO-2025-007292,2025-06-18,8337.98,E0147
GR0005430,PO-2025-007293,2025-05-14,590.45,E0150
GR0005431,PO-2024-007294,2024-11-18,2215.69,E0162
GR0005432,PO-2024-007295,2024-11-03,3742.35,E0152
GR0005433,PO-2025-007296,2025-06-12,9809.13,E0143
GR0005434,PO-2024-007297,2024-09-26,1198.22,E0143
GR0005435,PO-2024-007298,2025-01-13,4225.24,E0155
GR0005436,PO-2024-007299,2024-08-07,1818.46,E0145
GR0005437,PO-2025-007300,2025-01-25,2237.31,E0142
GR0005438,PO-2024-007301,2024-10-27,9951.84,E0158
GR0005439,PO-2025-007302,2025-06-05,349.45,E0140
GR0005440,PO-2025-007302,2025-06-21,491.77,E0162
GR0005441,PO-2024-007303,2024-12-13,89145.43,E0159
GR0005442,PO-2024-007304,2024-09-26,12692.02,E0141
GR0005443,PO-2025-007305,2025-01-13,1120.37,E0151
GR0005444,PO-2024-007306,2024-01-24,16966.54,E0147
GR0005445,PO-2024-007307,2024-10-27,2276.22,E0146
GR0005446,PO-2025-007308,2025-06-10,2564.44,E0158
GR0005447,PO-2025-007309,2025-05-12,1700.16,E0144
GR0005448,PO-2025-007310,2025-05-05,2077.39,E0163
GR0005449,PO-2024-007311,2024-08-26,10706.7,E0148
GR0005450,PO-2024-007312,2024-03-01,18066.81,E0150
GR0005451,PO-2024-007313,2024-05-04,7503.78,E0145
GR0005452,PO-2024-007314,2024-08-20,1694.04,E0147
GR0005453,PO-2024-007315,2024-11-19,527.11,E0148
GR0005454,PO-2025-007316,2025-03-30,6903.67,E0144
GR0005455,PO-2024-007317,2024-07-23,1807.81,E0160
GR0005456,PO-2025-007318,2025-07-02,9352.19,E0155
GR0005457,PO-2024-007319,2025-01-05,5647.99,E0151
GR0005458,PO-2024-007319,2025-01-14,3533.61,E0143
GR0005459,PO-2024-007320,2024-04-04,7508.27,E0163
GR0005460,PO-2025-007321,2025-05-05,1531.13,E0145
GR0005461,PO-2024-007322,2024-09-03,8267.78,E0161
GR0005462,PO-2024-007323,2024-08-11,26833.53,E0151
GR0005463,PO-2024-007324,2024-01-05,6177.78,E0140
GR0005464,PO-2025-007325,2025-02-24,13862.09,E0147
GR0005465,PO-2024-007326,2024-04-01,15645.66,E0146
GR0005466,PO-2024-007327,2024-12-01,3319.73,E0157
GR0005467,PO-2024-007328,2024-01-29,2143.74,E0150
GR0005468,PO-2025-007329,2025-01-25,2061.53,E0158
GR0005469,PO-2024-007330,2024-06-05,2986.58,E0152
GR0005470,PO-2024-007331,2024-07-23,4093.81,E0163
GR0005471,PO-2024-007332,2024-11-10,798.61,E0152
GR0005472,PO-2024-007333,2024-07-02,8756.08,E0145
GR0005473,PO-2025-007334,2025-07-15,7206.04,E0155
GR0005474,PO-2024-007335,2024-02-05,2602.44,E0147
GR0005475,PO-2024-007336,2024-09-05,73885.52,E0162
GR0005476,PO-2024-007337,2024-04-12,4128.98,E0163
GR0005477,PO-2025-007338,2025-02-01,8110.86,E0159
GR0005478,PO-2024-007339,2024-05-12,1496.03,E0147
GR0005479,PO-2025-007340,2025-02-09,3329.45,E0147
GR0005480,PO-2024-007341,2024-10-19,7352.9,E0163
GR0005481,PO-2024-007342,2024-05-28,4931.47,E0141
GR0005482,PO-2024-007343,2024-04-10,2738.44,E0144
GR0005483,PO-2025-007344,2025-03-22,98398.53,E0141
GR0005484,PO-2024-007345,2024-12-18,13130.28,E0158
GR0005485,PO-2024-007346,2024-08-13,4759.91,E0155
GR0005486,PO-2024-007347,2024-09-29,7626.21,E0156
GR0005487,PO-2025-007348,2025-05-26,7174.93,E0156
GR0005488,PO-2024-007349,2024-05-02,3067.26,E0145
GR0005489,PO-2024-007350,2024-12-25,227.64,E0163
GR0005490,PO-2024-007351,2024-09-24,5247.34,E0163
GR0005491,PO-2024-007351,2024-10-07,2349.75,E0147
GR0005492,PO-2024-007352,2024-08-04,2775.4,E0141
GR0005493,PO-2024-007353,2024-03-29,3081.89,E0147
GR0005494,PO-2024-007354,2024-08-26,3968.97,E0143
GR0005495,PO-2025-007355,2025-04-28,18961.46,E0145
GR0005496,PO-2024-007356,2024-01-19,4504.96,E0155
GR0005497,PO-2025-007357,2025-07-01,16315.1,E0151
GR0005498,PO-2024-007358,2024-05-06,49417.68,E0150
GR0005499,PO-2024-007359,2024-08-30,1351.43,E0158
GR0005500,PO-2025-007360,2025-07-17,932.93,E0149
GR0005501,PO-2025-007361,2025-04-05,977.52,E0159
GR0005502,PO-2024-007362,2024-02-23,2957.02,E0163
GR0005503,PO-2024-007363,2024-04-24,24741.11,E0147
GR0005504,PO-2024-007364,2024-03-04,8805.6,E0140
GR0005505,PO-2024-007365,2024-12-25,14380.66,E0159
GR0005506,PO-2024-007366,2024-06-01,5993.65,E0140
GR0005507,PO-2024-007366,2024-06-12,8314.82,E0163
GR0005508,PO-2024-007367,2024-02-06,3671.72,E0160
GR0005509,PO-2024-007368,2024-07-22,549.75,E0163
GR0005510,PO-2024-007369,2024-04-19,4240.09,E0158
GR0005511,PO-2025-007370,2025-01-07,950.5,E0155
GR0005512,PO-2024-007371,2024-12-03,18546.03,E0154
GR0005513,PO-2025-007372,2025-03-11,4207.11,E0154
GR0005514,PO-2025-007373,2025-03-17,819.47,E0161
GR0005515,PO-2025-007374,2025-04-11,5300.44,E0148
GR0005516,PO-2024-007375,2024-04-13,1607.3,E0158
GR0005517,PO-2024-007376,2024-04-23,31971.58,E0155
GR0005518,PO-2024-007377,2024-11-14,5508.93,E0151
GR0005519,PO-2024-007377,2024-11-24,3058.62,E0144
GR0005520,PO-2025-007378,2025-03-17,551.9,E0156
GR0005521,PO-2024-007379,2024-08-05,3822.42,E0162
GR0005522,PO-2024-007379,2024-08-16,5069.97,E0147
GR0005523,PO-2024-007380,2024-09-06,20480.93,E0153
GR0005524,PO-2024-007381,2024-11-12,2466.23,E0147
GR0005525,PO-2025-007382,2025-03-29,2999.94,E0143
GR0005526,PO-2025-007383,2025-03-27,1803.66,E0150
GR0005527,PO-2025-007384,2025-06-29,8888.71,E0152
GR0005528,PO-2024-007385,2024-10-02,4068.45,E0142
GR0005529,PO-2025-007386,2025-07-05,1222.16,E0154
GR0005530,PO-2024-007387,2024-11-26,6331.04,E0156
GR0005531,PO-2024-007388,2024-09-28,3460.4,E0147
GR0005532,PO-2024-007389,2024-04-28,1187.87,E0159
GR0005533,PO-2025-007390,2025-05-17,7258.24,E0160
GR0005534,PO-2024-007391,2024-10-30,4385.54,E0141
GR0005535,PO-2024-007392,2024-01-19,5937.26,E0147
GR0005536,PO-2024-007392,2024-02-02,6959.71,E0145
GR0005537,PO-2024-007393,2024-04-05,802.31,E0154
GR0005538,PO-2024-007394,2024-08-29,12812.11,E0141
GR0005539,PO-2024-007395,2024-02-04,5251.53,E0160
GR0005540,PO-2025-007396,2025-04-30,2992.73,E0156
GR0005541,PO-2025-007397,2025-04-22,6067.73,E0153
GR0005542,PO-2024-007398,2024-02-17,1773.9,E0152
GR0005543,PO-2024-007399,2024-04-06,8473.69,E0163
GR0005544,PO-2024-007400,2024-04-09,2318.18,E0155
GR0005545,PO-2024-007401,2024-01-08,16198.03,E0150
GR0005546,PO-2024-007402,2024-03-31,3747.67,E0144
GR0005547,PO-2025-007403,2025-07-01,5443.94,E0155
GR0005548,PO-2025-007404,2025-03-13,1335.19,E0141
GR0005549,PO-2024-007405,2024-04-08,725.32,E0143
GR0005550,PO-2024-007406,2024-09-16,8324.08,E0141
GR0005551,PO-2024-007407,2024-04-24,6774.69,E0141
GR0005552,PO-2024-007408,2024-11-02,6513.89,E0141
GR0005553,PO-2024-007409,2024-05-28,4650.36,E0141
GR0005554,PO-2024-007409,2024-06-11,3692.62,E0141
GR0005555,PO-2024-007410,2024-04-09,8721.25,E0145
GR0005556,PO-2024-007411,2024-12-05,36488.53,E0147
GR0005557,PO-2024-007412,2024-07-13,6597.83,E0158
GR0005558,PO-2024-007413,2024-08-02,2877.88,E0160
GR0005559,PO-2024-007414,2024-07-30,1019.01,E0155
GR0005560,PO-2024-007415,2024-05-06,2610.03,E0142
GR0005561,PO-2024-007416,2024-02-11,4256.23,E0144
GR0005562,PO-2024-007417,2024-12-27,520.59,E0147
GR0005563,PO-2024-007417,2025-01-09,251.78,E0160
GR0005564,PO-2024-007418,2024-05-22,3618.5,E0151
GR0005565,PO-2024-007419,2024-07-06,7288.39,E0155
GR0005566,PO-2024-007420,2024-06-04,543.48,E0153
GR0005567,PO-2024-007421,2024-08-29,2697.13,E0159
GR0005568,PO-2024-007421,2024-09-17,2444.71,E0145
GR0005569,PO-2024-007422,2024-05-14,272.27,E0156
GR0005570,PO-2024-007423,2024-02-18,1273.55,E0154
GR0005571,PO-2024-007424,2024-04-06,1690.93,E0152
GR0005572,PO-2025-007425,2025-06-06,872.85,E0145
GR0005573,PO-2025-007426,2025-06-02,4581.36,E0156
GR0005574,PO-2024-007427,2024-08-24,6798.51,E0141
GR0005575,PO-2024-007428,2024-03-28,3544.85,E0161
GR0005576,PO-2024-007429,2024-12-25,565.14,E0140
GR0005577,PO-2024-007429,2025-01-09,796.51,E0149
GR0005578,PO-2024-007430,2024-03-22,6902.04,E0141
GR0005579,PO-2025-007431,2025-06-20,3497.52,E0150
GR0005580,PO-2025-007432,2025-07-03,340.63,E0163
GR0005581,PO-2024-007433,2024-01-18,2892.73,E0142
GR0005582,PO-2024-007434,2024-12-28,464.85,E0141
GR0005583,PO-2025-007435,2025-06-04,998.35,E0141
GR0005584,PO-2025-007435,2025-06-15,997.46,E0161
GR0005585,PO-2024-007436,2024-03-07,5230.81,E0153
GR0005586,PO-2024-007437,2024-07-15,950.95,E0153
GR0005587,PO-2024-007438,2024-07-01,1212.87,E0147
GR0005588,PO-2024-007439,2024-11-21,1228.38,E0159
GR0005589,PO-2024-007440,2024-06-16,354.31,E0151
GR0005590,PO-2024-007441,2024-03-07,2204.03,E0152
GR0005591,PO-2024-007442,2024-07-10,1990.03,E0157
GR0005592,PO-2025-007443,2025-06-08,1765.62,E0162
GR0005593,PO-2024-007444,2024-06-12,1320.9,E0160
GR0005594,PO-2025-007445,2025-02-18,1810.79,E0158
GR0005595,PO-2025-007445,2025-03-01,803.72,E0141
GR0005596,PO-2025-007446,2025-02-01,5866.23,E0157
GR0005597,PO-2024-007447,2024-08-13,2930.83,E0147
GR0005598,PO-2024-007448,2024-04-15,1667.23,E0144
GR0005599,PO-2024-007449,2024-07-25,290.78,E0154
GR0005600,PO-2024-007449,2024-08-10,151.12,E0141
GR0005601,PO-2024-007450,2024-06-03,954.9,E0153
GR0005602,PO-2024-007450,2024-06-18,1354.87,E0162
GR0005603,PO-2025-007451,2025-04-12,951.68,E0146
GR0005604,PO-2024-007452,2024-12-10,1915.33,E0140
GR0005605,PO-2025-007453,2025-07-04,559.43,E0142
GR0005606,PO-2024-007454,2024-03-26,3634.88,E0153
GR0005607,PO-2025-007455,2025-02-05,1467.12,E0162
GR0005608,PO-2024-007456,2024-05-24,425.79,E0160
GR0005609,PO-2024-007457,2024-03-18,1811.31,E0145
GR0005610,PO-2025-007458,2025-03-05,2754.52,E0151
GR0005611,PO-2024-007459,2024-12-06,4311.69,E0149
GR0005612,PO-2024-007460,2024-02-05,4292.87,E0161
GR0005613,PO-2025-007461,2025-01-25,647.74,E0154
GR0005614,PO-2024-007462,2024-05-30,7567.08,E0154
GR0005615,PO-2024-007463,2024-04-08,1427.89,E0160
GR0005616,PO-2024-007464,2024-12-01,2094.14,E0143
GR0005617,PO-2024-007465,2024-05-09,931.05,E0163
GR0005618,PO-2025-007466,2025-07-04,1686.12,E0151
GR0005619,PO-2025-007467,2025-02-25,3061.09,E0153
GR0005620,PO-2025-007468,2025-05-02,2821.49,E0143
GR0005621,PO-2025-007468,2025-05-13,2522.43,E0156
GR0005622,PO-2025-007469,2025-01-27,22124.34,E0153
GR0005623,PO-2025-007470,2025-02-24,3340.86,E0154
GR0005624,PO-2024-007471,2024-02-21,1909.07,E0153
GR0005625,PO-2024-007472,2024-12-02,1178.36,E0149
GR0005626,PO-2024-007473,2024-10-09,2837.91,E0141
GR0005627,PO-2024-007474,2024-03-09,7426.76,E0163
GR0005628,PO-2024-007475,2024-03-11,1019.53,E0142
GR0005629,PO-2024-007475,2024-03-17,1321.78,E0147
GR0005630,PO-2025-007476,2025-05-31,3225.37,E0144
GR0005631,PO-2024-007477,2024-09-05,907.86,E0150
GR0005632,PO-2024-007478,2024-01-22,2827.44,E0145
GR0005633,PO-2024-007479,2024-01-24,2996.66,E0156
GR0005634,PO-2025-007480,2025-06-07,833.82,E0141
GR0005635,PO-2024-007781,2024-03-18,4964.63,E0146
GR0005636,PO-2024-007782,2024-05-20,7421.73,E0141
GR0005637,PO-2024-007782,2024-06-06,5954.11,E0148
GR0005638,PO-2025-007783,2025-06-21,487.67,E0145
GR0005639,PO-2024-007784,2024-04-24,3688.43,E0146
GR0005640,PO-2024-007785,2024-04-20,20177.22,E0155
GR0005641,PO-2025-007786,2025-06-04,3055.08,E0150
GR0005642,PO-2024-007787,2024-04-20,7668.24,E0142
GR0005643,PO-2024-007788,2024-10-09,4424.68,E0144
GR0005644,PO-2025-007789,2025-04-16,765.83,E0148
GR0005645,PO-2025-007789,2025-05-03,1096.65,E0152
GR0005646,PO-2025-007790,2025-06-27,25288.53,E0162
GR0005647,PO-2024-007791,2024-07-21,18726.74,E0140
GR0005648,PO-2025-007792,2025-01-17,9691.43,E0158
GR0005649,PO-2024-007793,2024-01-07,3701.61,E0158
GR0005650,PO-2024-007794,2024-04-23,4372.32,E0158
GR0005651,PO-2024-007795,2024-06-04,8255.14,E0147
GR0005652,PO-2024-007796,2024-09-20,45660.85,E0144
GR0005653,PO-2024-007796,2024-10-10,20916.37,E0162
GR0005654,PO-2024-007797,2024-01-22,7615.34,E0159
GR0005655,PO-2024-007798,2024-05-22,4048.04,E0159
GR0005656,PO-2024-007799,2024-02-26,2164.87,E0155
GR0005657,PO-2024-007800,2024-09-13,610.54,E0154
GR0005658,PO-2025-007801,2025-01-07,35330.25,E0148
GR0005659,PO-2025-007802,2025-06-13,669.56,E0146
GR0005660,PO-2025-007803,2025-04-16,15609.69,E0155
GR0005661,PO-2025-007804,2025-06-14,2708.24,E0155
GR0005662,PO-2024-007805,2024-07-03,1559.28,E0155
GR0005663,PO-2025-007806,2025-06-03,2636.76,E0149
GR0005664,PO-2025-007807,2025-03-02,1076.94,E0158
GR0005665,PO-2024-007808,2024-01-15,2090.13,E0150
GR0005666,PO-2025-007809,2025-04-05,3048.9,E0141
GR0005667,PO-2025-007810,2025-05-14,1438.55,E0155
GR0005668,PO-2025-007811,2025-02-19,13492.98,E0155
GR0005669,PO-2024-007812,2024-05-01,20336.54,E0153
GR0005670,PO-2024-007813,2024-06-12,5529.26,E0149
GR0005671,PO-2025-007814,2025-01-25,4874.11,E0154
GR0005672,PO-2024-007815,2024-12-08,12967.35,E0147
GR0005673,PO-2024-007816,2025-01-01,5701.46,E0150
GR0005674,PO-2024-007817,2024-01-28,923.78,E0151
GR0005675,PO-2025-007818,2025-07-09,7459.59,E0152
GR0005676,PO-2024-007819,2024-03-31,1657.42,E0160
GR0005677,PO-2025-007820,2025-06-29,27938.8,E0152
GR0005678,PO-2024-007821,2024-11-09,4271.63,E0144
GR0005679,PO-2024-007821,2024-11-25,4523.85,E0159
GR0005680,PO-2024-007822,2024-12-25,2386.23,E0161
GR0005681,PO-2024-007823,2024-11-19,1058.95,E0141
GR0005682,PO-2024-007824,2024-01-15,4584.84,E0163
GR0005683,PO-2024-007825,2024-05-23,4574.43,E0146
GR0005684,PO-2024-007826,2024-12-10,1244.81,E0156
GR0005685,PO-2024-007826,2024-12-25,582.83,E0153
GR0005686,PO-2025-007827,2025-05-17,1781.39,E0154
GR0005687,PO-2024-007828,2024-11-22,3160.16,E0141
GR0005688,PO-2024-007829,2024-03-09,4227.23,E0158
GR0005689,PO-2024-007830,2024-03-01,39973.58,E0162
GR0005690,PO-2025-007831,2025-03-20,8209.46,E0157
GR0005691,PO-2024-007832,2024-12-26,11423.14,E0148
GR0005692,PO-2024-007833,2024-12-27,2671.45,E0149
GR0005693,PO-2024-007834,2024-02-03,33911.56,E0151
GR0005694,PO-2025-007835,2025-02-08,9240.53,E0153
GR0005695,PO-2024-007836,2024-03-23,1553.51,E0140
GR0005696,PO-2025-007837,2025-02-28,9671.1,E0154
GR0005697,PO-2024-007838,2024-10-12,2562.24,E0149
GR0005698,PO-2024-007839,2024-03-04,10434.98,E0144
GR0005699,PO-2025-007840,2025-05-19,12790.59,E0152
GR0005700,PO-2025-007841,2025-02-21,2875.63,E0157
GR0005701,PO-2024-007842,2024-12-03,12579.75,E0144
GR0005702,PO-2025-007843,2025-04-19,26052.36,E0156
GR0005703,PO-2024-007844,2024-08-08,8011.67,E0161
GR0005704,PO-2025-007845,2025-04-18,17608.5,E0161
GR0005705,PO-2025-007846,2025-05-02,6399.76,E0143
GR0005706,PO-2025-007847,2025-03-05,3368.22,E0163
GR0005707,PO-2025-007848,2025-05-14,1829.32,E0158
GR0005708,PO-2024-007849,2024-09-04,2668.21,E0160
GR0005709,PO-2025-007850,2025-01-25,261.1,E0143
GR0005710,PO-2024-007851,2024-11-05,1187.13,E0142
GR0005711,PO-2025-007852,2025-04-23,622.67,E0145
GR0005712,PO-2024-007853,2024-11-09,9245.85,E0159
GR0005713,PO-2024-007854,2024-06-24,2573.41,E0154
GR0005714,PO-2025-007855,2025-01-30,22561.25,E0160
GR0005715,PO-2024-007856,2024-05-23,3762.09,E0144
GR0005716,PO-2024-007857,2024-05-04,381.06,E0152
GR0005717,PO-2024-007858,2024-06-01,4223.65,E0143
GR0005718,PO-2024-007859,2024-09-13,4108.36,E0157
GR0005719,PO-2024-007860,2024-07-12,2422.56,E0160
GR0005720,PO-2025-007861,2025-04-20,2523.15,E0163
GR0005721,PO-2024-007862,2024-04-30,4575.64,E0155
GR0005722,PO-2025-007863,2025-04-29,6607.62,E0160
GR0005723,PO-2024-007864,2024-05-17,707.1,E0142
GR0005724,PO-2025-007865,2025-05-07,5807.73,E0154
GR0005725,PO-2024-007866,2024-11-05,6100.92,E0141
GR0005726,PO-2025-007867,2025-03-15,5802.74,E0162
GR0005727,PO-2025-007868,2025-01-17,13127.21,E0147
GR0005728,PO-2024-007869,2024-03-16,10699.38,E0146
GR0005729,PO-2024-007869,2024-03-23,5686.44,E0154
GR0005730,PO-2024-007870,2024-02-04,1963.49,E0159
GR0005731,PO-2024-007870,2024-02-17,1949.52,E0140
GR0005732,PO-2024-007871,2024-09-07,5101.62,E0154
GR0005733,PO-2025-007872,2025-04-01,6771.78,E0147
GR0005734,PO-2024-007873,2024-10-04,4145.77,E0159
GR0005735,PO-2025-007874,2025-04-16,6307.05,E0141
GR0005736,PO-2024-007875,2024-04-27,16688.53,E0155
GR0005737,PO-2024-007876,2024-02-17,3016.24,E0158
GR0005738,PO-2024-007877,2024-08-07,9924.08,E0158
GR0005739,PO-2025-007878,2025-06-13,11790.66,E0160
GR0005740,PO-2024-007879,2024-09-16,7423.6,E0160
GR0005741,PO-2024-007880,2024-06-02,2300.49,E0159
GR0005742,PO-2024-007881,2024-11-29,13006.78,E0161
GR0005743,PO-2024-007882,2024-06-12,6455.13,E0152
GR0005744,PO-2024-007883,2024-04-27,2856.39,E0153
GR0005745,PO-2024-007884,2024-04-04,12359.45,E0162
GR0005746,PO-2024-007885,2024-09-01,2246.12,E0147
GR0005747,PO-2025-007886,2025-05-04,710.06,E0153
GR0005748,PO-2025-007886,2025-05-09,397.44,E0154
GR0005749,PO-2024-007887,2024-09-03,1468.59,E0151
GR0005750,PO-2024-007888,2024-09-05,1985.69,E0147
GR0005751,PO-2024-007889,2024-06-13,4091.72,E0155
GR0005752,PO-2025-007890,2025-06-04,1464.75,E0155
GR0005753,PO-2024-007891,2024-05-13,32239.59,E0144
GR0005754,PO-2024-007892,2024-07-28,5318.14,E0154
GR0005755,PO-2024-007893,2024-11-10,10163.94,E0151
GR0005756,PO-2024-007894,2024-11-15,1753.72,E0161
GR0005757,PO-2024-007895,2024-11-14,3635.88,E0156
GR0005758,PO-2024-007896,2024-09-14,5256.99,E0141
GR0005759,PO-2025-007897,2025-05-07,4786.49,E0160
GR0005760,PO-2024-007898,2024-04-11,3067.28,E0151
GR0005761,PO-2024-007899,2024-05-09,9798.39,E0151
GR0005762,PO-2024-007900,2024-01-20,5294.24,E0162
GR0005763,PO-2025-007901,2025-06-25,501.66,E0143
GR0005764,PO-2025-007902,2025-05-15,25893.46,E0150
GR0005765,PO-2024-007903,2024-01-22,71090.87,E0153
GR0005766,PO-2025-007904,2025-05-12,4754.45,E0141
GR0005767,PO-2025-007905,2025-07-11,2728.28,E0146
GR0005768,PO-2025-007905,2025-07-21,3043.28,E0159
GR0005769,PO-2024-007906,2024-12-16,22240.95,E0162
GR0005770,PO-2025-007907,2025-06-24,908.87,E0147
GR0005771,PO-2024-007908,2024-03-27,7415.12,E0159
GR0005772,PO-2024-007909,2024-06-10,3967.27,E0153
GR0005773,PO-2025-007910,2025-02-28,5407.56,E0155
GR0005774,PO-2024-007911,2024-07-05,3957.65,E0151
GR0005775,PO-2024-007912,2024-12-06,10520.42,E0146
GR0005776,PO-2024-007913,2024-08-29,2493.34,E0158
GR0005777,PO-2025-007914,2025-03-01,1037.23,E0158
GR0005778,PO-2025-007915,2025-04-28,8503.75,E0152
GR0005779,PO-2024-007916,2025-01-03,924.51,E0160
GR0005780,PO-2024-007916,2025-01-17,652.7,E0148
GR0005781,PO-2025-007917,2025-06-01,1675.71,E0153
GR0005782,PO-2025-007918,2025-04-17,11794.24,E0160
GR0005783,PO-2024-007919,2024-06-19,2022.1,E0161
GR0005784,PO-2024-007920,2024-02-11,3990.5,E0144
GR0005785,PO-2024-007921,2024-07-18,1560.34,E0163
GR0005786,PO-2024-007922,2024-01-15,2067.61,E0148
GR0005787,PO-2024-007923,2024-08-31,14712.25,E0149
GR0005788,PO-2025-007924,2025-03-13,3167.34,E0160
GR0005789,PO-2024-007925,2024-02-07,2019.01,E0161
GR0005790,PO-2025-007926,2025-02-20,1246.9,E0158
GR0005791,PO-2025-007926,2025-03-09,872.57,E0145
GR0005792,PO-2024-007927,2024-05-15,6816.46,E0160
GR0005793,PO-2025-007928,2025-04-23,5776.44,E0150
GR0005794,PO-2024-007929,2024-05-02,4786.4,E0162
GR0005795,PO-2025-007930,2025-03-18,5182.37,E0148
GR0005796,PO-2025-007931,2025-04-12,1939.43,E0146
GR0005797,PO-2025-007931,2025-04-25,1111.58,E0154
GR0005798,PO-2024-007932,2024-11-09,872.73,E0146
GR0005799,PO-2025-007933,2025-05-23,866.24,E0154
GR0005800,PO-2024-007934,2024-11-07,10657.23,E0145
GR0005801,PO-2024-007935,2024-10-16,5440.23,E0156
GR0005802,PO-2024-007936,2024-05-26,444.12,E0159
GR0005803,PO-2024-007937,2024-04-08,4108.19,E0162
GR0005804,PO-2025-007938,2025-04-26,3139.16,E0146
GR0005805,PO-2025-007939,2025-04-12,1089.47,E0160
GR0005806,PO-2024-007940,2024-05-12,12284.99,E0146
GR0005807,PO-2024-007941,2024-12-25,856.55,E0156
GR0005808,PO-2025-007942,2025-03-07,2712.22,E0146
GR0005809,PO-2024-007943,2024-10-15,1213.28,E0154
GR0005810,PO-2024-007943,2024-10-27,1761.74,E0153
GR0005811,PO-2024-007944,2024-05-24,8803.12,E0146
GR0005812,PO-2024-007945,2024-02-02,6790.1,E0146
GR0005813,PO-2024-007946,2024-08-18,2801.86,E0161
GR0005814,PO-2025-007947,2025-04-13,3268.5,E0146
GR0005815,PO-2025-007948,2025-04-03,2915.62,E0146
GR0005816,PO-2025-007949,2025-02-05,5118.0,E0155
GR0005817,PO-2024-007950,2024-02-14,1359.94,E0151
GR0005818,PO-2024-007951,2024-01-28,4592.15,E0148
GR0005819,PO-2024-007952,2024-11-11,1115.92,E0140
GR0005820,PO-2025-007953,2025-03-05,5147.27,E0151
GR0005821,PO-2024-007954,2024-09-16,7157.98,E0151
GR0005822,PO-2024-007955,2024-03-27,9864.89,E0140
GR0005823,PO-2024-007956,2024-10-12,23607.1,E0160
GR0005824,PO-2024-007957,2024-10-11,2313.27,E0149
GR0005825,PO-2024-007958,2024-09-30,651.32,E0144
GR0005826,PO-2024-007959,2024-05-02,9371.92,E0143
GR0005827,PO-2025-007960,2025-06-24,371.27,E0150
GR0005828,PO-2024-007961,2024-08-05,3713.25,E0140
GR0005829,PO-2025-007962,2025-06-26,10068.74,E0162
GR0005830,PO-2024-007963,2024-01-16,32940.66,E0146
GR0005831,PO-2024-007964,2024-12-28,3366.65,E0162
GR0005832,PO-2025-007965,2025-06-24,15089.25,E0157
GR0005833,PO-2024-007966,2024-12-07,5644.58,E0154
GR0005834,PO-2024-007966,2024-12-13,3198.86,E0151
GR0005835,PO-2024-007967,2024-10-28,6736.88,E0161
GR0005836,PO-2024-007968,2024-01-20,2197.52,E0148
GR0005837,PO-2024-007969,2024-03-02,7576.77,E0146
GR0005838,PO-2025-007970,2025-04-11,7074.09,E0152
GR0005839,PO-2024-007971,2024-09-21,4531.43,E0146
GR0005840,PO-2025-007972,2025-04-21,800.98,E0157
GR0005841,PO-2024-007973,2024-11-19,6483.29,E0155
GR0005842,PO-2025-007974,2025-07-17,15177.66,E0154
GR0005843,PO-2024-007975,2024-04-25,2496.8,E0145
GR0005844,PO-2024-007976,2024-05-14,1548.23,E0142
GR0005845,PO-2024-007976,2024-05-25,1277.18,E0162
GR0005846,PO-2025-007977,2025-06-09,683.91,E0144
GR0005847,PO-2024-007978,2024-07-06,2869.12,E0154
GR0005848,PO-2024-007979,2024-03-12,1598.63,E0149
GR0005849,PO-2024-007980,2024-10-16,311.88,E0152
GR0005850,PO-2024-007981,2024-05-21,1169.35,E0148
GR0005851,PO-2025-007982,2025-06-04,6394.47,E0150
GR0005852,PO-2024-007983,2024-06-30,10145.82,E0146
GR0005853,PO-2024-007983,2024-07-15,6749.05,E0145
GR0005854,PO-2024-007984,2024-04-16,4981.24,E0146
GR0005855,PO-2024-007985,2024-05-31,811.19,E0159
GR0005856,PO-2024-007985,2024-06-03,347.5,E0153
GR0005857,PO-2024-007986,2024-09-03,4989.23,E0161
GR0005858,PO-2025-007987,2025-06-22,3985.58,E0161
GR0005859,PO-2024-007988,2024-06-18,1142.48,E0140
GR0005860,PO-2025-007989,2025-06-20,1507.86,E0150
GR0005861,PO-2025-007989,2025-06-29,745.22,E0149
GR0005862,PO-2024-007990,2024-04-07,6436.32,E0145
GR0005863,PO-2024-007991,2024-07-01,6274.6,E0143
GR0005864,PO-2024-007992,2024-05-29,10064.38,E0142
GR0005865,PO-2024-007993,2024-03-08,9456.25,E0157
GR0005866,PO-2024-007994,2024-11-25,2278.07,E0140
GR0005867,PO-2024-007995,2024-08-01,2228.97,E0159
GR0005868,PO-2024-007996,2024-08-07,5402.64,E0155
GR0005869,PO-2024-007997,2024-10-12,62416.05,E0150
GR0005870,PO-2024-007997,2024-10-25,32464.39,E0147
GR0005871,PO-2024-007998,2024-12-05,1169.92,E0145
GR0005872,PO-2025-007999,2025-03-19,704.87,E0161
GR0005873,PO-2025-007999,2025-03-22,885.1,E0158
GR0005874,PO-2024-008000,2024-03-02,10157.58,E0161
GR0005875,PO-2024-008001,2024-07-25,5755.28,E0158
GR0005876,PO-2024-008001,2024-08-11,2961.83,E0154
GR0005877,PO-2024-008002,2024-08-20,2145.94,E0158
GR0005878,PO-2024-008003,2024-11-10,12606.38,E0156
GR0005879,PO-2024-008004,2024-10-23,2551.96,E0146
GR0005880,PO-2024-008005,2024-12-26,1277.52,E0145
GR0005881,PO-2025-008006,2025-06-29,2471.24,E0163
GR0005882,PO-2024-008007,2024-09-05,1323.17,E0155
GR0005883,PO-2024-008008,2024-10-01,4795.61,E0149
GR0005884,PO-2024-008009,2024-04-21,1580.34,E0148
GR0005885,PO-2024-008009,2024-04-26,1072.98,E0160
GR0005886,PO-2024-008010,2024-10-21,3847.61,E0160
GR0005887,PO-2025-008011,2025-06-14,2488.15,E0142
GR0005888,PO-2025-008012,2025-02-23,4430.1,E0155
GR0005889,PO-2025-008013,2025-04-27,8675.56,E0142
GR0005890,PO-2025-008014,2025-05-22,18876.41,E0157
GR0005891,PO-2025-008015,2025-05-10,9246.87,E0145
GR0005892,PO-2024-008016,2024-03-24,4407.13,E0144
GR0005893,PO-2024-008017,2024-11-18,3074.04,E0142
GR0005894,PO-2024-008017,2024-12-03,1429.11,E0149
GR0005895,PO-2024-008018,2024-04-20,728.73,E0144
GR0005896,PO-2025-008019,2025-06-24,1470.37,E0157
GR0005897,PO-2025-008019,2025-07-11,1059.56,E0144
GR0005898,PO-2024-008020,2024-10-26,2571.29,E0153
GR0005899,PO-2024-008021,2024-10-13,5943.17,E0143
GR0005900,PO-2024-008022,2024-07-15,21194.9,E0143
GR0005901,PO-2024-008023,2024-10-01,1227.07,E0149
GR0005902,PO-2025-008024,2025-03-21,1825.41,E0146
GR0005903,PO-2024-008025,2024-06-22,9395.43,E0153
GR0005904,PO-2024-008026,2024-05-26,2746.72,E0153
GR0005905,PO-2025-008027,2025-07-02,5560.11,E0142
GR0005906,PO-2025-008028,2025-04-29,2813.72,E0152
GR0005907,PO-2024-008029,2024-05-07,1540.13,E0145
GR0005908,PO-2024-008030,2024-09-19,2520.12,E0160
GR0005909,PO-2024-008031,2024-08-06,1527.37,E0145
GR0005910,PO-2024-008032,2024-01-27,1123.45,E0159
GR0005911,PO-2025-008033,2025-04-28,330.72,E0154
GR0005912,PO-2025-008033,2025-05-03,256.57,E0156
GR0005913,PO-2025-008034,2025-05-23,1237.93,E0157
GR0005914,PO-2024-008035,2024-06-13,800.58,E0149
GR0005915,PO-2025-008036,2025-02-18,5592.74,E0145
GR0005916,PO-2025-008037,2025-03-28,673.67,E0162
GR0005917,PO-2024-008038,2024-02-14,8063.77,E0146
GR0005918,PO-2024-008039,2025-01-03,3292.32,E0142
GR0005919,PO-2024-008040,2024-09-25,16372.76,E0162
GR0005920,PO-2025-008041,2025-06-21,439.87,E0148
GR0005921,PO-2024-008042,2024-03-31,7624.82,E0156
GR0005922,PO-2024-008043,2025-01-09,491.53,E0163
GR0005923,PO-2024-008044,2024-10-28,1791.96,E0148
GR0005924,PO-2024-008045,2024-09-01,3528.92,E0149
GR0005925,PO-2025-008046,2025-04-19,2377.85,E0140
GR0005926,PO-2024-008047,2024-03-21,17171.35,E0158
GR0005927,PO-2025-008048,2025-02-16,727.0,E0159
GR0005928,PO-2025-008048,2025-02-23,806.89,E0140
GR0005929,PO-2024-008049,2024-09-06,3483.95,E0162
GR0005930,PO-2024-008050,2024-08-03,875.02,E0143
GR0005931,PO-2024-008050,2024-08-10,918.71,E0150
GR0005932,PO-2024-008051,2024-12-02,3386.78,E0147
GR0005933,PO-2024-008052,2024-04-26,2741.66,E0163
GR0005934,PO-2024-008053,2024-10-30,859.45,E0160
GR0005935,PO-2024-008053,2024-11-09,1213.09,E0144
GR0005936,PO-2024-008054,2024-03-09,459.29,E0149
GR0005937,PO-2024-008091,2024-05-23,3010.09,E0154
GR0005938,PO-2024-008092,2024-08-07,2281.19,E0153
GR0005939,PO-2025-008093,2025-04-03,373.26,E0160
GR0005940,PO-2024-008094,2024-08-26,228.63,E0158
GR0005941,PO-2024-008095,2024-11-10,2352.07,E0158
GR0005942,PO-2024-008096,2024-09-21,900.99,E0157
GR0005943,PO-2025-008097,2025-01-06,224.86,E0147
GR0005944,PO-2025-008097,2025-01-25,97.54,E0150
GR0005945,PO-2024-008098,2025-01-07,982.78,E0152
GR0005946,PO-2024-008099,2024-11-05,772.62,E0151
GR0005947,PO-2024-008100,2024-11-04,1117.07,E0163
GR0005948,PO-2024-008101,2024-11-04,1893.47,E0158
GR0005949,PO-2024-008102,2024-11-11,1083.72,E0144
GR0005950,PO-2024-008103,2024-01-26,2411.94,E0145
GR0005951,PO-2024-008104,2024-01-15,440.41,E0144
GR0005952,PO-2024-008105,2024-03-28,1178.76,E0161
GR0005953,PO-2024-008106,2024-11-23,323.1,E0154
GR0005954,PO-2024-008107,2024-02-21,119.61,E0151
GR0005955,PO-2024-008108,2024-04-08,1768.54,E0160
GR0005956,PO-2025-008109,2025-03-28,519.21,E0149
GR0005957,PO-2024-008110,2024-11-29,1495.44,E0145
GR0005958,PO-2024-008111,2024-06-23,239.06,E0155
GR0005959,PO-2024-008111,2024-06-29,200.3,E0140
GR0005960,PO-2024-008112,2024-11-16,1185.17,E0143
GR0005961,PO-2024-008113,2024-11-19,1533.45,E0148
GR0005962,PO-2024-008114,2024-09-30,741.2,E0151
GR0005963,PO-2025-008115,2025-02-16,4735.88,E0152
GR0005964,PO-2024-008116,2024-05-21,1637.17,E0143
GR0005965,PO-2024-008117,2024-05-09,118.46,E0149
GR0005966,PO-2024-008118,2024-04-13,792.81,E0162
GR0005967,PO-2025-008119,2025-04-15,2695.73,E0140
GR0005968,PO-2025-008120,2025-05-30,558.02,E0153
GR0005969,PO-2024-008121,2024-05-03,588.7,E0144
GR0005970,PO-2024-008122,2024-11-04,1181.73,E0148
GR0005971,PO-2025-008123,2025-02-04,130.62,E0143
GR0005972,PO-2024-008124,2025-01-05,3629.82,E0149
GR0005973,PO-2024-008125,2024-05-21,15003.48,E0154
GR0005974,PO-2025-008126,2025-04-29,289.96,E0148
GR0005975,PO-2025-008127,2025-06-16,392.96,E0156
GR0005976,PO-2025-008127,2025-07-01,256.67,E0149
GR0005977,PO-2025-008128,2025-04-22,693.77,E0151
GR0005978,PO-2024-008129,2024-09-19,2931.87,E0160
GR0005979,PO-2024-008130,2024-12-17,1102.63,E0153
GR0005980,PO-2024-008130,2024-12-28,849.96,E0149
GR0005981,PO-2024-008131,2024-05-04,1265.42,E0159
GR0005982,PO-2024-008132,2024-02-27,1266.77,E0159
GR0005983,PO-2024-008133,2024-09-08,3280.56,E0157
GR0005984,PO-2024-008134,2024-01-21,1595.94,E0150
GR0005985,PO-2024-008135,2024-11-27,4234.68,E0158
GR0005986,PO-2024-008136,2024-10-24,270.59,E0150
GR0005987,PO-2024-008137,2024-05-02,1415.19,E0149
GR0005988,PO-2025-008138,2025-06-17,1033.27,E0147
GR0005989,PO-2024-008139,2024-11-27,1084.35,E0157
GR0005990,PO-2025-008140,2025-04-14,2355.04,E0161
GR0005991,PO-2025-008141,2025-01-20,4173.3,E0163
GR0005992,PO-2024-008142,2024-02-26,738.84,E0141
GR0005993,PO-2024-008143,2024-07-17,1343.7,E0150
GR0005994,PO-2025-008144,2025-07-07,4383.88,E0149
GR0005995,PO-2024-008145,2024-07-21,7630.87,E0155
GR0005996,PO-2025-008146,2025-05-28,5158.77,E0152
GR0005997,PO-2025-008147,2025-01-18,1648.97,E0146
GR0005998,PO-2024-008148,2024-04-02,3351.32,E0150
GR0005999,PO-2024-008149,2024-07-04,2788.43,E0149
GR0006000,PO-2024-008150,2024-10-10,839.45,E0159
GR0006001,PO-2024-008151,2024-02-15,3475.87,E0156
GR0006002,PO-2024-008152,2024-07-11,304.89,E0159
GR0006003,PO-2024-008152,2024-07-28,438.18,E0152
GR0006004,PO-2025-008153,2025-07-07,1166.66,E0149
GR0006005,PO-2024-008154,2024-10-17,2897.13,E0155
GR0006006,PO-2024-008155,2024-12-16,1922.61,E0143
GR0006007,PO-2024-008156,2024-11-21,498.09,E0151
GR0006008,PO-2024-008157,2024-11-16,9634.09,E0161
GR0006009,PO-2024-008158,2024-09-07,2392.57,E0153
GR0006010,PO-2025-008159,2025-03-13,7126.99,E0140
GR0006011,PO-2024-008160,2024-05-12,7967.8,E0140
GR0006012,PO-2024-008161,2024-12-10,7475.74,E0162
GR0006013,PO-2024-008162,2024-10-06,2324.46,E0162
GR0006014,PO-2024-008163,2024-07-23,2447.89,E0141
GR0006015,PO-2024-008164,2024-07-25,2661.74,E0154
GR0006016,PO-2025-008340,2025-01-31,3082.11,E0150
GR0006017,PO-2025-008340,2025-02-07,3648.06,E0161
GR0006018,PO-2025-008341,2025-07-05,5470.46,E0158
GR0006019,PO-2024-008342,2024-05-22,3984.11,E0143
GR0006020,PO-2025-008343,2025-02-27,38859.86,E0159
GR0006021,PO-2024-008344,2025-01-05,19727.34,E0141
GR0006022,PO-2024-008345,2024-02-11,1969.41,E0145
GR0006023,PO-2025-008346,2025-02-15,2789.97,E0142
GR0006024,PO-2025-008347,2025-06-28,2081.26,E0141
GR0006025,PO-2025-008348,2025-07-12,2228.79,E0151
GR0006026,PO-2024-008349,2024-04-22,9161.69,E0147
GR0006027,PO-2025-008350,2025-05-17,2071.85,E0159
GR0006028,PO-2025-008351,2025-05-20,1253.02,E0155
GR0006029,PO-2025-008352,2025-02-12,2268.67,E0153
GR0006030,PO-2024-008353,2024-09-06,1365.7,E0154
GR0006031,PO-2024-008354,2024-06-23,5463.89,E0149
GR0006032,PO-2024-008355,2024-04-15,3833.4,E0150
GR0006033,PO-2024-008356,2024-07-19,5205.23,E0145
GR0006034,PO-2024-008357,2024-09-28,2283.18,E0150
GR0006035,PO-2025-008358,2025-01-24,4449.78,E0151
GR0006036,PO-2024-008359,2024-05-03,1315.98,E0158
GR0006037,PO-2025-008360,2025-05-14,1904.12,E0161
GR0006038,PO-2024-008361,2024-03-06,2822.25,E0147
GR0006039,PO-2025-008362,2025-02-26,3443.17,E0153
GR0006040,PO-2024-008363,2024-04-21,12734.53,E0156
GR0006041,PO-2024-008364,2024-01-28,667.03,E0162
GR0006042,PO-2024-008364,2024-02-02,749.3,E0150
GR0006043,PO-2024-008365,2024-10-02,2453.65,E0156
GR0006044,PO-2025-008366,2025-02-23,4924.68,E0142
GR0006045,PO-2025-008367,2025-05-28,840.55,E0158
GR0006046,PO-2025-008368,2025-07-19,2695.83,E0159
GR0006047,PO-2025-008369,2025-02-17,7046.24,E0160
GR0006048,PO-2024-008370,2024-10-28,10119.77,E0149
GR0006049,PO-2024-008371,2024-10-13,3959.85,E0152
GR0006050,PO-2024-008372,2024-03-02,620.62,E0154
GR0006051,PO-2024-008372,2024-03-17,884.48,E0140
GR0006052,PO-2025-008373,2025-05-06,7683.96,E0153
GR0006053,PO-2024-008374,2024-10-07,1079.45,E0162
GR0006054,PO-2024-008375,2024-04-05,1677.79,E0146
GR0006055,PO-2024-008376,2024-07-17,3070.5,E0141
GR0006056,PO-2024-008377,2024-09-04,12244.63,E0163
GR0006057,PO-2025-008378,2025-04-18,1187.85,E0163
GR0006058,PO-2025-008379,2025-02-10,687.96,E0143
GR0006059,PO-2025-008379,2025-02-25,514.56,E0163
GR0006060,PO-2025-008380,2025-07-01,2372.18,E0154
GR0006061,PO-2024-008381,2024-01-26,4235.03,E0144
GR0006062,PO-2024-008381,2024-02-10,4060.81,E0159
GR0006063,PO-2024-008382,2024-10-13,7756.63,E0157
GR0006064,PO-2024-008383,2024-04-05,495.67,E0154
GR0006065,PO-2025-008384,2025-07-16,14937.3,E0149
GR0006066,PO-2024-008385,2024-02-08,1270.39,E0163
GR0006067,PO-2024-008386,2024-05-14,2184.61,E0153
GR0006068,PO-2025-008387,2025-01-17,1424.7,E0141
GR0006069,PO-2025-008388,2025-04-24,931.11,E0143
GR0006070,PO-2024-008389,2024-02-04,4005.49,E0141
GR0006071,PO-2025-008390,2025-06-20,460.06,E0151
GR0006072,PO-2024-008391,2024-10-13,4536.29,E0163
GR0006073,PO-2025-008392,2025-07-01,1463.88,E0157
GR0006074,PO-2024-008393,2024-07-29,2455.91,E0144
GR0006075,PO-2024-008394,2024-08-25,479.11,E0154
GR0006076,PO-2024-008394,2024-09-09,559.36,E0141
GR0006077,PO-2024-008395,2024-05-27,2908.59,E0163
GR0006078,PO-2024-008396,2024-06-04,1236.36,E0151
GR0006079,PO-2025-008397,2025-06-11,2840.24,E0159
GR0006080,PO-2025-008398,2025-01-14,3451.38,E0149
GR0006081,PO-2024-008399,2024-04-23,117.21,E0149
GR0006082,PO-2024-008400,2024-05-08,2573.74,E0157
GR0006083,PO-2024-008401,2024-12-04,1537.96,E0151
GR0006084,PO-2025-008402,2025-03-23,1273.48,E0146
GR0006085,PO-2024-008403,2024-03-17,590.6,E0163
GR0006086,PO-2024-008404,2024-11-22,300.22,E0162
GR0006087,PO-2024-008405,2024-03-10,1390.65,E0163
GR0006088,PO-2024-008406,2024-09-18,975.12,E0156
GR0006089,PO-2024-008407,2024-01-31,13610.6,E0150
GR0006090,PO-2025-008408,2025-05-14,2933.32,E0141
GR0006091,PO-2025-008409,2025-01-20,346.68,E0150
GR0006092,PO-2024-008410,2024-09-15,489.27,E0142
GR0006093,PO-2024-008411,2024-11-20,2750.32,E0147
GR0006094,PO-2024-008412,2024-09-17,1531.71,E0156
GR0006095,PO-2024-008413,2024-10-14,678.24,E0144
GR0006096,PO-2024-008414,2024-06-09,804.87,E0146
GR0006097,PO-2025-008415,2025-04-10,1130.36,E0146
GR0006098,PO-2024-008416,2024-01-25,1541.32,E0141
GR0006099,PO-2024-008417,2024-04-18,17171.96,E0148
GR0006100,PO-2024-008417,2024-05-03,10956.4,E0147
GR0006101,PO-2024-008418,2024-06-12,1297.35,E0145
GR0006102,PO-2025-008419,2025-04-02,1568.33,E0162
GR0006103,PO-2024-008420,2024-09-02,442.06,E0162
GR0006104,PO-2024-008421,2024-04-15,735.59,E0155
GR0006105,PO-2025-008422,2025-02-10,1280.41,E0150
GR0006106,PO-2024-008423,2024-09-05,5337.75,E0163
GR0006107,PO-2024-008424,2024-05-21,449.09,E0156
GR0006108,PO-2025-008425,2025-06-14,801.14,E0149
GR0006109,PO-2024-008426,2024-08-06,1442.41,E0146
GR0006110,PO-2024-008427,2024-03-08,336.03,E0158
GR0006111,PO-2024-008428,2024-11-16,1473.88,E0162
GR0006112,PO-2024-008429,2024-07-22,5002.27,E0161
GR0006113,PO-2024-008430,2024-11-27,4276.85,E0143
GR0006114,PO-2024-008431,2024-10-21,1197.19,E0146
GR0006115,PO-2024-008432,2024-02-06,750.81,E0144
GR0006116,PO-2025-008433,2025-05-27,3226.75,E0159
GR0006117,PO-2024-008434,2024-08-28,4250.85,E0144
GR0006118,PO-2024-008435,2024-05-25,790.41,E0142
GR0006119,PO-2025-008436,2025-02-06,422.86,E0162
GR0006120,PO-2024-008437,2025-01-09,124.16,E0158
GR0006121,PO-2024-008438,2024-08-22,7887.48,E0149
GR0006122,PO-2025-008439,2025-03-30,1328.9,E0146
GR0006123,PO-2024-008440,2024-07-24,1026.02,E0140
GR0006124,PO-2024-008441,2024-09-23,1027.41,E0156
GR0006125,PO-2024-008442,2024-03-05,3308.72,E0154
GR0006126,PO-2025-008443,2025-02-25,3463.64,E0143
GR0006127,PO-2024-008444,2024-02-14,297.94,E0142
GR0006128,PO-2024-008445,2024-02-16,4308.11,E0158
GR0006129,PO-2024-008446,2024-01-21,1624.81,E0156
GR0006130,PO-2025-008447,2025-06-12,667.73,E0155
GR0006131,PO-2024-008448,2024-06-26,2879.55,E0156
GR0006132,PO-2024-008449,2024-09-18,2410.03,E0147
GR0006133,PO-2025-008450,2025-03-18,2440.28,E0161
GR0006134,PO-2025-008451,2025-03-25,798.63,E0162
GR0006135,PO-2025-008452,2025-02-15,3174.23,E0157
GR0006136,PO-2024-008453,2024-08-28,2062.37,E0146
GR0006137,PO-2024-008454,2024-04-15,276.53,E0159
GR0006138,PO-2024-008455,2024-07-23,591.24,E0144
GR0006139,PO-2024-008456,2024-02-10,300.07,E0154
GR0006140,PO-2024-008457,2024-12-18,1006.78,E0142
GR0006141,PO-2025-008458,2025-01-23,173.71,E0153
GR0006142,PO-2024-008459,2024-06-07,539.16,E0142
GR0006143,PO-2024-008460,2024-04-17,1938.0,E0156
GR0006144,PO-2024-008461,2024-02-27,1127.72,E0147
GR0006145,PO-2024-008462,2024-04-16,1523.72,E0160
GR0006146,PO-2024-008463,2024-11-23,1140.15,E0153
GR0006147,PO-2024-008463,2024-12-03,1192.56,E0157
GR0006148,PO-2025-008464,2025-05-17,606.94,E0161
GR0006149,PO-2025-008465,2025-04-20,3928.69,E0147
GR0006150,PO-2024-008466,2024-02-29,1995.42,E0162
GR0006151,PO-2025-008467,2025-04-25,3301.66,E0160
GR0006152,PO-2024-008468,2024-03-04,1506.84,E0162
GR0006153,PO-2024-008469,2024-03-22,2640.17,E0149
GR0006154,PO-2025-008470,2025-04-27,818.35,E0144
GR0006155,PO-2025-008470,2025-05-17,978.64,E0157
GR0006156,PO-2024-008471,2024-11-22,556.13,E0143
GR0006157,PO-2024-008472,2024-12-03,2266.26,E0141
GR0006158,PO-2025-008473,2025-03-15,874.24,E0161
GR0006159,PO-2024-008474,2024-12-24,6844.08,E0156
GR0006160,PO-2024-008475,2024-10-24,226.79,E0144
GR0006161,PO-2024-008476,2024-04-26,3385.54,E0150
GR0006162,PO-2025-008477,2025-03-26,1035.85,E0144
GR0006163,PO-2025-008477,2025-04-04,922.1,E0145
GR0006164,PO-2025-008478,2025-01-08,640.17,E0155
GR0006165,PO-2025-008478,2025-01-20,350.71,E0147
GR0006166,PO-2024-008479,2024-09-27,3136.31,E0143
GR0006167,PO-2025-008480,2025-02-12,817.02,E0143
GR0006168,PO-2024-008481,2024-11-13,5020.3,E0145
GR0006169,PO-2025-008482,2025-06-10,7318.11,E0162
GR0006170,PO-2024-008483,2024-12-24,836.21,E0155
GR0006171,PO-2024-008484,2024-07-19,660.28,E0156
GR0006172,PO-2025-008485,2025-02-24,5470.57,E0141
GR0006173,PO-2025-008486,2025-01-08,1669.69,E0150
GR0006174,PO-2024-008487,2024-08-22,6578.68,E0152
GR0006175,PO-2024-008488,2024-04-16,1925.0,E0159
GR0006176,PO-2024-008489,2024-09-29,1225.5,E0156
GR0006177,PO-2024-008490,2024-12-23,1751.4,E0162
GR0006178,PO-2024-008491,2024-08-18,2498.78,E0146
GR0006179,PO-2025-008492,2025-03-02,4634.14,E0140
GR0006180,PO-2024-008493,2024-12-27,4596.9,E0148
GR0006181,PO-2024-008494,2024-04-07,917.27,E0156
GR0006182,PO-2024-008494,2024-04-12,918.25,E0149
GR0006183,PO-2024-008495,2024-09-21,7426.74,E0145
GR0006184,PO-2024-008496,2024-07-28,1273.9,E0160
GR0006185,PO-2024-008497,2024-10-19,8649.95,E0149
GR0006186,PO-2024-008498,2024-11-25,1367.44,E0143
GR0006187,PO-2024-008498,2024-12-03,1925.23,E0159
GR0006188,PO-2024-008499,2024-11-08,4465.22,E0141
GR0006189,PO-2024-008500,2025-01-02,6576.34,E0159
GR0006190,PO-2024-008501,2024-07-03,854.95,E0154
GR0006191,PO-2024-008502,2024-09-06,3338.79,E0161
GR0006192,PO-2025-008503,2025-02-15,43988.55,E0147
GR0006193,PO-2025-008504,2025-04-13,4924.29,E0142
GR0006194,PO-2024-008505,2024-08-28,4498.6,E0144
GR0006195,PO-2024-008506,2024-03-14,1491.84,E0152
GR0006196,PO-2024-008507,2024-12-08,8331.32,E0141
GR0006197,PO-2024-008508,2024-04-14,2942.31,E0145
GR0006198,PO-2024-008509,2024-09-16,923.23,E0145
GR0006199,PO-2024-008510,2024-07-01,29352.07,E0143
GR0006200,PO-2024-008511,2024-03-11,1526.54,E0160
GR0006201,PO-2024-008512,2024-11-02,891.17,E0144
GR0006202,PO-2024-008513,2024-09-21,4461.39,E0152
GR0006203,PO-2024-008514,2024-01-29,3090.68,E0162
GR0006206,PO-2024-008517,2024-06-09,19390.2,E0153
GR0006207,PO-2024-008518,2024-11-03,6973.05,E0153
GR0006209,PO-2024-008520,2024-04-03,7894.9,E0141
GR0006210,PO-2024-008521,2024-08-10,276.41,E0159
GR0006211,PO-2024-008522,2024-09-09,227.17,E0150
GR0006214,PO-2024-008525,2024-05-26,1896.86,E0150
GR0006216,PO-2024-008527,2024-03-05,4623.2,E0162
GR0006218,PO-2024-008529,2024-02-18,1129.1,E0140
GR0006219,PO-2024-008529,2024-03-04,752.28,E0162
GR0006220,PO-2024-008530,2024-02-26,9204.48,E0158
GR0006221,PO-2024-008531,2024-04-02,11763.5,E0162
GR0006222,PO-2024-008532,2024-02-21,493.73,E0142
GR0006225,PO-2024-008535,2024-06-11,3095.79,E0144
GR0006227,PO-2024-008537,2024-02-14,409.66,E0163
GR0006228,PO-2024-008538,2024-09-07,1156.88,E0143
GR0006230,PO-2024-008540,2024-06-15,7219.35,E0145
GR0006232,PO-2024-008542,2024-11-22,818.79,E0154
GR0006233,PO-2024-008542,2024-12-06,397.93,E0162
GR0006235,PO-2024-008544,2024-11-12,4176.24,E0145
GR0006237,PO-2024-008546,2024-05-25,17330.63,E0151
GR0006238,PO-2024-008547,2024-04-21,6146.23,E0157
GR0006239,PO-2024-008548,2024-07-05,11691.72,E0153
GR0006240,PO-2024-008549,2024-02-13,323.05,E0160
GR0006242,PO-2024-008551,2024-09-06,219.19,E0158
GR0006243,PO-2024-008551,2024-09-11,277.22,E0155
GR0006245,PO-2024-008553,2024-05-24,2209.32,E0140
GR0006246,PO-2024-008554,2024-02-09,5615.58,E0149
GR0006248,PO-2024-008556,2024-04-20,10450.65,E0152
GR0006249,PO-2024-008557,2024-06-05,18492.59,E0144
GR0006250,PO-2024-008558,2024-08-26,2462.47,E0151
GR0006251,PO-2024-008559,2024-09-10,1040.53,E0161
GR0006252,PO-2024-008560,2024-08-11,488.1,E0160
GR0006253,PO-2024-008561,2024-05-17,1077.05,E0152
GR0006254,PO-2024-008561,2024-05-31,741.11,E0161
GR0006255,PO-2025-008562,2025-05-11,649.9,E0159
GR0006256,PO-2025-008563,2025-06-24,1748.55,E0157
GR0006257,PO-2024-008564,2024-02-06,398.89,E0148
GR0006258,PO-2025-008565,2025-05-19,195.21,E0159
GR0006259,PO-2024-008566,2024-06-13,1209.83,E0141
GR0006260,PO-2024-008567,2024-07-05,1808.4,E0148
GR0006261,PO-2024-008568,2024-11-19,795.39,E0148
GR0006262,PO-2024-008569,2024-04-25,678.21,E0160
GR0006263,PO-2025-008570,2025-04-29,314.87,E0158
GR0006264,PO-2025-008571,2025-06-28,2190.64,E0144
GR0006265,PO-2025-008572,2025-06-17,42283.82,E0162
GR0006266,PO-2024-008573,2024-01-07,521.68,E0141
GR0006267,PO-2024-008574,2024-08-14,160.79,E0149
GR0006268,PO-2024-008575,2024-02-12,1237.65,E0149
GR0006269,PO-2024-008576,2024-02-23,609.61,E0159
GR0006270,PO-2024-008577,2024-10-10,477.72,E0148
GR0006271,PO-2024-008577,2024-10-18,612.88,E0161
GR0006272,PO-2024-008578,2024-12-25,1080.26,E0152
GR0006273,PO-2025-008579,2025-03-21,2175.55,E0160
GR0006274,PO-2024-008580,2024-02-02,1256.04,E0146
GR0006275,PO-2024-008581,2024-07-19,1762.09,E0145
GR0006276,PO-2024-008582,2024-12-27,744.01,E0156
GR0006277,PO-2024-008583,2024-05-02,2172.95,E0146
GR0006278,PO-2024-008584,2024-01-19,4045.12,E0140
GR0006279,PO-2025-008585,2025-01-21,486.07,E0148
GR0006280,PO-2024-008586,2024-02-26,447.52,E0146
GR0006281,PO-2024-008587,2024-04-18,877.78,E0148
GR0006282,PO-2024-008588,2024-04-08,1605.89,E0159
GR0006283,PO-2024-008588,2024-04-24,1693.01,E0141
GR0006284,PO-2024-008589,2024-12-31,1398.83,E0153
GR0006285,PO-2024-008590,2024-12-23,1226.99,E0154
GR0006286,PO-2024-008591,2024-05-09,967.35,E0140
GR0006287,PO-2024-008591,2024-05-25,546.96,E0156
GR0006288,PO-2025-008592,2025-02-12,3501.82,E0158
GR0006289,PO-2025-008593,2025-05-01,11669.31,E0149
GR0006290,PO-2024-008594,2024-05-03,109.12,E0155
GR0006291,PO-2024-008594,2024-05-19,65.69,E0146
GR0006292,PO-2024-008595,2024-03-02,599.83,E0144
GR0006293,PO-2024-008596,2024-06-24,902.92,E0153
GR0006294,PO-2024-008597,2024-08-26,1572.69,E0152
GR0006295,PO-2024-008598,2024-02-18,2272.73,E0147
GR0006296,PO-2025-008599,2025-02-04,1877.41,E0146
GR0006297,PO-2025-008600,2025-01-20,836.79,E0146
GR0006298,PO-2024-008601,2024-08-18,2964.34,E0148
GR0006299,PO-2025-008602,2025-03-22,2015.56,E0162
GR0006300,PO-2024-008603,2024-08-30,674.99,E0147
GR0006301,PO-2024-008604,2024-04-20,2348.48,E0159
GR0006302,PO-2024-008605,2024-03-16,1814.75,E0154
GR0006303,PO-2024-008606,2024-03-31,1981.3,E0151
GR0006304,PO-2024-008607,2024-05-11,3135.03,E0153
GR0006305,PO-2025-008608,2025-02-14,206.44,E0143
GR0006306,PO-2024-008609,2024-11-28,2315.82,E0147
GR0006307,PO-2024-008635,2024-01-21,1159.21,E0162
GR0006308,PO-2024-008636,2024-10-22,541.15,E0155
GR0006309,PO-2024-008637,2024-02-04,931.24,E0147
GR0006310,PO-2024-008637,2024-02-23,1127.12,E0158
GR0006313,PO-2024-008640,2024-11-01,2114.67,E0159
GR0006314,PO-2024-008641,2024-02-29,237.37,E0154
GR0006315,PO-2024-008641,2024-03-09,164.6,E0155
GR0006316,PO-2024-008642,2024-06-04,1823.68,E0144
GR0006318,PO-2024-008644,2024-01-14,875.54,E0158
GR0006319,PO-2024-008645,2024-06-26,409.05,E0147
GR0006326,PO-2024-008650,2024-07-30,242.78,E0148
GR0006327,PO-2024-008650,2024-08-09,265.41,E0151
GR0006328,PO-2024-008651,2024-02-25,167.56,E0163
GR0006330,PO-2024-008653,2024-04-09,14392.36,E0155
GR0006334,PO-2024-008656,2024-02-15,948.93,E0160
GR0006337,PO-2024-008659,2024-02-10,946.27,E0160
GR0006339,PO-2024-008661,2024-09-24,1989.75,E0150
GR0006340,PO-2024-008662,2024-07-31,410.77,E0150
GR0006342,PO-2024-008664,2024-07-11,5399.63,E0145
GR0006343,PO-2024-008665,2024-04-22,14153.97,E0146
GR0006344,PO-2024-008666,2024-08-11,4793.27,E0161
GR0006345,PO-2024-008667,2024-08-13,1123.19,E0159
GR0006346,PO-2024-008667,2024-08-25,621.0,E0151
GR0006347,PO-2024-008668,2024-08-19,693.76,E0145
GR0006348,PO-2025-008669,2025-01-13,3204.83,E0159
GR0006349,PO-2024-008670,2024-06-27,712.43,E0142
GR0006350,PO-2025-008671,2025-04-27,49577.39,E0152
GR0006351,PO-2024-008672,2024-04-14,2921.72,E0153
GR0006352,PO-2024-008673,2024-10-25,30159.77,E0140
GR0006353,PO-2024-008674,2024-01-29,2117.19,E0141
GR0006354,PO-2024-008675,2024-05-17,861.75,E0140
GR0006355,PO-2025-008676,2025-07-11,11147.68,E0160
GR0006356,PO-2024-008677,2024-09-10,1069.8,E0156
GR0006357,PO-2024-008678,2024-08-29,3131.97,E0145
GR0006358,PO-2025-008679,2025-04-23,535.53,E0140
GR0006359,PO-2024-008680,2024-10-20,1565.43,E0155
GR0006360,PO-2024-008681,2024-04-16,2608.59,E0145
GR0006361,PO-2024-008681,2024-04-30,1825.56,E0161
GR0006362,PO-2024-008682,2024-09-04,658.33,E0144
GR0006363,PO-2024-008683,2024-07-22,707.84,E0160
GR0006364,PO-2025-008684,2025-04-18,2396.58,E0157
GR0006365,PO-2025-008685,2025-06-25,956.03,E0153
GR0006366,PO-2024-008686,2024-03-03,3975.64,E0143
GR0006367,PO-2024-008687,2024-12-22,1727.52,E0155
GR0006368,PO-2024-008688,2024-03-27,1046.51,E0140
GR0006369,PO-2024-008689,2024-04-19,5882.64,E0154
GR0006370,PO-2024-008690,2024-10-25,5794.57,E0159
GR0006371,PO-2025-008691,2025-03-26,3323.44,E0144
GR0006372,PO-2024-008692,2024-05-17,2318.48,E0148
GR0006373,PO-2024-008693,2024-11-23,6253.56,E0153
GR0006374,PO-2024-008694,2024-04-28,1496.69,E0146
GR0006375,PO-2025-008695,2025-03-17,9112.1,E0146
GR0006376,PO-2025-008710,2025-02-12,3953.82,E0144
GR0006377,PO-2024-008711,2024-12-23,5537.84,E0156
GR0006378,PO-2024-008712,2024-07-08,2650.19,E0157
GR0006379,PO-2024-008713,2024-03-03,2196.47,E0152
GR0006380,PO-2024-008713,2024-03-18,1949.87,E0161
GR0006381,PO-2025-008714,2025-07-06,7610.24,E0142
GR0006382,PO-2024-008715,2024-06-07,11301.36,E0148
GR0006383,PO-2024-008716,2024-02-28,899.71,E0161
GR0006384,PO-2025-008717,2025-06-19,403.45,E0143
GR0006385,PO-2025-008718,2025-07-01,1362.79,E0143
GR0006386,PO-2024-008719,2024-11-30,1358.86,E0158
GR0006387,PO-2024-008720,2024-03-09,350.57,E0153
GR0006388,PO-2025-008721,2025-04-20,863.83,E0153
GR0006389,PO-2024-008722,2024-12-12,747.29,E0158
GR0006390,PO-2024-008723,2024-02-12,651.45,E0146
GR0006391,PO-2024-008723,2024-02-27,935.18,E0159
GR0006392,PO-2024-008724,2024-09-25,23309.31,E0160
GR0006393,PO-2024-008725,2024-07-05,1359.09,E0150
GR0006394,PO-2025-008726,2025-04-15,1850.89,E0144
GR0006395,PO-2024-008727,2024-05-31,3219.39,E0145
GR0006396,PO-2024-008728,2024-06-11,850.88,E0154
GR0006397,PO-2024-008728,2024-06-26,479.24,E0157
GR0006398,PO-2025-008729,2025-07-10,1084.97,E0149
GR0006399,PO-2024-008730,2025-01-03,651.08,E0143
GR0006400,PO-2025-008731,2025-02-16,2690.28,E0160
GR0006401,PO-2024-008732,2024-04-11,2504.31,E0159
GR0006402,PO-2024-008733,2024-05-14,1461.69,E0147
GR0006403,PO-2024-008734,2024-03-03,5301.82,E0158
GR0006404,PO-2024-008735,2024-09-09,3014.11,E0160
GR0006405,PO-2025-008736,2025-06-20,3080.89,E0154
GR0006406,PO-2024-008737,2024-11-10,2461.47,E0163
GR0006407,PO-2024-008738,2024-06-25,9957.78,E0140
GR0006408,PO-2024-008739,2024-12-01,1961.5,E0153
GR0006409,PO-2024-008740,2024-11-30,1230.4,E0159
GR0006410,PO-2025-008741,2025-05-12,1760.58,E0156
GR0006411,PO-2024-008969,2024-08-09,3180.2,E0146
GR0006412,PO-2024-008969,2024-08-20,1613.17,E0153
GR0006413,PO-2024-008970,2024-04-04,5988.71,E0161
GR0006414,PO-2024-008971,2024-09-19,1279.73,E0160
GR0006415,PO-2024-008971,2024-10-09,625.09,E0142
GR0006416,PO-2025-008972,2025-02-06,4956.2,E0162
GR0006417,PO-2025-008973,2025-02-10,8757.28,E0153
GR0006418,PO-2024-008974,2024-07-19,15543.24,E0150
GR0006419,PO-2024-008975,2024-09-23,1843.9,E0151
GR0006420,PO-2024-008976,2024-10-23,274.42,E0160
GR0006421,PO-2025-008977,2025-01-20,5308.76,E0147
GR0006422,PO-2024-008978,2024-04-26,5524.21,E0149
GR0006423,PO-2025-008979,2025-04-11,7110.08,E0155
GR0006424,PO-2025-008980,2025-06-25,790.92,E0145
GR0006425,PO-2024-008981,2024-03-21,11888.71,E0156
GR0006426,PO-2024-008982,2024-04-15,711.1,E0144
GR0006427,PO-2024-008983,2024-05-11,629.41,E0156
GR0006428,PO-2024-008984,2024-03-14,22840.2,E0156
GR0006429,PO-2025-008985,2025-07-09,1880.76,E0160
GR0006430,PO-2025-008986,2025-07-11,4869.47,E0145
GR0006431,PO-2024-008987,2024-04-18,737.86,E0154
GR0006432,PO-2024-008988,2024-04-25,6911.53,E0140
GR0006433,PO-2024-008989,2024-08-21,3347.65,E0151
GR0006434,PO-2025-008990,2025-04-25,2615.31,E0162
GR0006435,PO-2024-008991,2024-04-29,2444.88,E0148
GR0006436,PO-2024-008992,2024-11-14,1295.64,E0159
GR0006437,PO-2024-008993,2024-03-19,6575.28,E0140
GR0006438,PO-2024-008994,2024-08-28,1048.35,E0157
GR0006439,PO-2025-008995,2025-02-22,1135.36,E0142
GR0006440,PO-2024-008996,2024-10-20,703.88,E0149
GR0006441,PO-2024-008997,2024-01-20,8218.7,E0143
GR0006442,PO-2024-008998,2024-02-06,148.58,E0159
GR0006443,PO-2024-008999,2024-06-17,11427.21,E0157
GR0006444,PO-2025-009000,2025-02-27,26783.71,E0154
GR0006445,PO-2024-009001,2024-10-18,5081.01,E0159
GR0006446,PO-2025-009002,2025-04-21,2428.45,E0144
GR0006447,PO-2024-009003,2024-03-07,6630.32,E0153
GR0006448,PO-2024-009003,2024-03-25,3079.44,E0162
GR0006449,PO-2025-009004,2025-01-20,12324.95,E0152
GR0006450,PO-2024-009005,2024-05-22,1773.3,E0163
GR0006451,PO-2024-009006,2024-05-14,12975.17,E0147
GR0006452,PO-2025-009007,2025-01-31,2671.79,E0159
GR0006453,PO-2024-009008,2024-12-17,23782.99,E0163
GR0006454,PO-2024-009042,2024-04-18,1997.39,E0142
GR0006455,PO-2024-009043,2024-11-08,2227.03,E0157
GR0006456,PO-2025-009044,2025-03-29,2310.71,E0157
GR0006457,PO-2024-009045,2024-07-25,5606.81,E0146
GR0006458,PO-2025-009046,2025-01-12,1926.59,E0146
GR0006459,PO-2024-009047,2024-08-07,11799.66,E0142
GR0006460,PO-2025-009048,2025-02-05,1288.79,E0142
GR0006461,PO-2025-009049,2025-06-11,2644.75,E0141
GR0006462,PO-2024-009050,2024-03-24,1350.96,E0160
GR0006463,PO-2024-009051,2024-04-02,976.94,E0163
GR0006464,PO-2024-009052,2024-06-21,26848.22,E0145
GR0006465,PO-2024-009053,2024-10-30,3346.14,E0147
GR0006466,PO-2024-009054,2024-11-05,1245.36,E0143
GR0006467,PO-2024-009055,2024-06-06,1644.89,E0154
GR0006468,PO-2024-009056,2024-01-09,9363.33,E0152
GR0006469,PO-2025-009057,2025-03-09,1862.2,E0154
GR0006470,PO-2024-009058,2024-09-09,5697.12,E0153
GR0006471,PO-2024-009059,2024-09-24,48126.06,E0161
GR0006472,PO-2024-009060,2024-09-21,788.25,E0151
GR0006473,PO-2024-009060,2024-10-05,1004.0,E0150
GR0006474,PO-2024-009061,2024-08-12,252.92,E0145
GR0006475,PO-2024-009061,2024-08-24,145.08,E0148
GR0006476,PO-2025-009062,2025-03-09,3984.27,E0161
GR0006477,PO-2024-009063,2024-11-08,1610.23,E0163
GR0006478,PO-2025-009064,2025-01-24,2223.16,E0163
GR0006479,PO-2024-009065,2024-12-02,6508.42,E0162
GR0006480,PO-2024-009066,2024-12-18,1208.59,E0146
GR0006481,PO-2024-009067,2024-08-15,3614.07,E0163
GR0006482,PO-2025-009068,2025-02-22,1111.08,E0157
GR0006483,PO-2024-009069,2024-10-17,4655.81,E0140
GR0006484,PO-2025-009070,2025-05-22,4392.75,E0155
GR0006485,PO-2024-009071,2024-02-22,4881.24,E0152
GR0006486,PO-2025-009072,2025-05-31,7667.73,E0155
GR0006487,PO-2025-009073,2025-06-17,1681.51,E0141
GR0006488,PO-2025-009091,2025-05-06,1756.2,E0144
GR0006489,PO-2024-009092,2024-12-30,632.08,E0151
GR0006490,PO-2024-009093,2024-12-06,2982.38,E0153
GR0006491,PO-2024-009094,2024-08-27,5301.69,E0158
GR0006492,PO-2024-009095,2024-07-29,4094.22,E0156
GR0006493,PO-2025-009096,2025-04-04,5716.88,E0163
GR0006494,PO-2024-009097,2024-05-01,693.63,E0163
GR0006495,PO-2024-009098,2024-03-08,2730.72,E0158
GR0006496,PO-2025-009099,2025-01-05,1733.37,E0143
GR0006497,PO-2024-009100,2024-10-09,4323.71,E0146
GR0006498,PO-2024-009101,2024-01-23,2341.03,E0146
GR0006499,PO-2024-009102,2024-06-16,699.6,E0151
GR0006500,PO-2024-009103,2024-06-18,3908.98,E0160
GR0006501,PO-2024-009104,2024-01-12,818.95,E0160
GR0006502,PO-2024-009104,2024-01-26,901.45,E0144
GR0006503,PO-2024-009105,2024-06-09,943.81,E0157
GR0006504,PO-2024-009106,2025-01-07,216.84,E0158
GR0006505,PO-2025-009107,2025-05-15,9628.93,E0154
GR0006506,PO-2024-009108,2024-02-05,1417.67,E0142
GR0006507,PO-2025-009109,2025-02-27,2708.14,E0163
GR0006508,PO-2024-009110,2024-06-30,4434.08,E0152
GR0006509,PO-2024-009111,2024-02-07,2874.05,E0163
GR0006510,PO-2024-009112,2024-07-29,5607.19,E0148
GR0006511,PO-2025-009113,2025-02-12,682.63,E0152
GR0006512,PO-2025-009113,2025-02-24,310.47,E0154
GR0006513,PO-2024-009114,2024-07-20,3181.95,E0155
GR0006514,PO-2025-009115,2025-04-10,4532.81,E0158
GR0006515,PO-2025-009116,2025-03-08,5388.56,E0156
GR0006516,PO-2025-009117,2025-04-17,3781.67,E0149
GR0006517,PO-2024-009118,2024-08-18,3475.61,E0146
GR0006518,PO-2025-009119,2025-07-06,12513.53,E0152
GR0006519,PO-2024-009120,2024-08-02,1173.88,E0163
GR0006520,PO-2025-009121,2025-03-08,805.58,E0162
GR0006521,PO-2024-009122,2024-07-27,4085.52,E0147
GR0006522,PO-2024-009123,2024-05-16,1838.42,E0142
GR0006523,PO-2025-009124,2025-04-25,1180.61,E0161
GR0006524,PO-2025-009125,2025-04-13,13993.67,E0163
GR0006525,PO-2024-009126,2024-02-19,2977.77,E0143
GR0006526,PO-2025-009127,2025-07-16,9047.57,E0151
GR0006527,PO-2024-009128,2024-05-31,2311.73,E0156
GR0006528,PO-2025-009129,2025-05-28,7502.14,E0146
GR0006529,PO-2025-009130,2025-03-16,1920.31,E0141
GR0006530,PO-2025-009131,2025-06-06,13117.41,E0158
GR0006531,PO-2025-009132,2025-06-09,3159.1,E0157
GR0006532,PO-2025-009133,2025-02-11,767.54,E0142
GR0006533,PO-2024-009134,2024-11-10,1144.64,E0141
GR0006534,PO-2025-009135,2025-05-28,2304.26,E0145
GR0006535,PO-2024-009136,2024-12-06,118.44,E0142
GR0006536,PO-2024-009137,2024-09-04,1239.56,E0157
GR0006537,PO-2024-009138,2024-01-18,8182.36,E0148
GR0006538,PO-2024-009139,2024-03-28,14457.81,E0142
GR0006539,PO-2025-009140,2025-05-03,3288.06,E0160
GR0006540,PO-2024-009141,2024-04-24,1909.41,E0151
GR0006541,PO-2025-009142,2025-01-31,5774.08,E0140
GR0006542,PO-2024-009143,2024-09-24,1935.06,E0149
GR0006543,PO-2024-009144,2024-01-17,3272.4,E0147
GR0006544,PO-2025-009145,2025-03-14,1774.09,E0145
GR0006545,PO-2024-009146,2024-06-03,659.8,E0143
GR0006546,PO-2024-009147,2024-12-06,2208.08,E0142
GR0006547,PO-2024-009148,2024-04-30,491.84,E0156
GR0006548,PO-2024-009148,2024-05-12,222.95,E0152
GR0006549,PO-2024-009149,2024-07-26,9929.69,E0154
GR0006550,PO-2024-009150,2024-06-05,1639.85,E0159
GR0006551,PO-2024-009151,2024-11-19,307.64,E0154
GR0006552,PO-2024-009152,2024-07-26,3214.65,E0153
GR0006553,PO-2025-009153,2025-06-08,1688.58,E0150
GR0006554,PO-2024-009154,2024-10-24,5526.29,E0163
GR0006555,PO-2024-009155,2024-08-06,2191.38,E0151
GR0006556,PO-2024-009156,2024-10-21,3479.4,E0154
GR0006557,PO-2024-009157,2024-04-13,9119.11,E0159
GR0006558,PO-2025-009158,2025-05-21,8247.45,E0140
GR0006559,PO-2024-009159,2024-06-08,4561.48,E0149
GR0006560,PO-2024-009160,2024-08-26,8849.52,E0147
GR0006561,PO-2025-009161,2025-06-28,4576.6,E0156
GR0006562,PO-2024-009162,2024-01-19,1492.65,E0148
GR0006563,PO-2024-009163,2024-09-08,4099.26,E0146
GR0006564,PO-2024-009164,2024-11-28,2694.2,E0144
GR0006565,PO-2024-009165,2024-08-27,1529.85,E0160
GR0006566,PO-2025-009166,2025-04-21,29295.25,E0154
GR0006567,PO-2024-009167,2024-09-08,1504.9,E0163
GR0006568,PO-2024-009168,2024-07-01,430.42,E0158
GR0006569,PO-2024-009169,2024-03-10,12779.63,E0161
GR0006570,PO-2024-009170,2024-02-20,7830.62,E0145
GR0006571,PO-2024-009171,2024-09-09,1591.78,E0161
GR0006572,PO-2024-009172,2024-04-11,11113.97,E0162
GR0006573,PO-2025-009173,2025-03-27,3342.82,E0145
GR0006574,PO-2024-009174,2024-04-02,4407.03,E0155
GR0006575,PO-2024-009175,2024-05-24,1535.98,E0157
GR0006576,PO-2024-009176,2024-05-31,293.61,E0162
GR0006577,PO-2024-009176,2024-06-07,136.72,E0141
GR0006578,PO-2024-009177,2024-05-17,539.88,E0142
GR0006579,PO-2025-009178,2025-03-08,11339.84,E0161
GR0006580,PO-2024-009179,2024-12-09,4026.16,E0147
GR0006581,PO-2024-009180,2024-10-29,7255.08,E0163
GR0006582,PO-2024-009181,2024-06-29,3342.06,E0160
GR0006583,PO-2024-009182,2024-07-15,701.19,E0160
GR0006584,PO-2024-009183,2024-08-01,6655.87,E0140
GR0006585,PO-2024-009184,2024-11-09,1209.38,E0153
GR0006586,PO-2025-009185,2025-07-14,2612.82,E0150
GR0006587,PO-2025-009186,2025-01-15,416.5,E0159
GR0006588,PO-2025-009186,2025-01-30,562.78,E0158
GR0006589,PO-2024-009187,2024-02-12,573.13,E0148
GR0006590,PO-2024-009188,2024-04-16,8369.64,E0163
GR0006591,PO-2024-009189,2024-12-13,11960.52,E0152
GR0006592,PO-2025-009190,2025-05-18,4052.55,E0163
GR0006593,PO-2024-009191,2024-09-09,1350.65,E0152
GR0006594,PO-2025-009192,2025-03-26,1854.65,E0141
GR0006595,PO-2024-009193,2024-10-18,7926.14,E0142
GR0006596,PO-2025-009194,2025-04-04,1369.24,E0157
GR0006597,PO-2024-009195,2024-03-20,622.53,E0146
GR0006598,PO-2024-009196,2024-08-05,5334.58,E0147
GR0006599,PO-2024-009197,2024-08-14,1377.22,E0145
GR0006600,PO-2024-009197,2024-08-22,1259.22,E0151
GR0006601,PO-2024-009198,2024-06-07,1853.03,E0149
GR0006602,PO-2024-009199,2024-12-10,1232.56,E0141
GR0006603,PO-2024-009200,2024-04-29,2717.03,E0144
GR0006604,PO-2024-009201,2024-04-25,4282.0,E0153
GR0006605,PO-2024-009202,2024-08-01,4239.35,E0147
GR0006606,PO-2024-009203,2025-01-04,1204.47,E0142
GR0006607,PO-2024-009204,2024-06-08,302.5,E0150
GR0006608,PO-2024-009205,2024-11-24,645.7,E0157
GR0006609,PO-2024-009206,2024-04-22,4654.52,E0155
GR0006610,PO-2025-009207,2025-06-10,476.69,E0143
GR0006611,PO-2024-009208,2024-05-09,1748.58,E0152
GR0006612,PO-2025-009209,2025-07-05,1576.18,E0147
GR0006613,PO-2025-009210,2025-02-15,1558.36,E0140
GR0006614,PO-2025-009211,2025-05-08,2026.67,E0141
GR0006615,PO-2024-009212,2024-02-03,3562.13,E0141
GR0006616,PO-2024-009213,2024-02-10,460.38,E0153
GR0006617,PO-2025-009214,2025-04-14,7556.03,E0148
GR0006618,PO-2024-009215,2024-07-24,1074.67,E0145
GR0006619,PO-2024-009215,2024-07-28,625.34,E0150
GR0006620,PO-2025-009216,2025-05-03,1275.39,E0152
GR0006621,PO-2025-009217,2025-02-24,12888.06,E0148
GR0006622,PO-2025-009218,2025-07-04,4104.71,E0151
GR0006623,PO-2025-009219,2025-05-30,3317.15,E0152
GR0006624,PO-2025-009220,2025-06-29,2335.58,E0145
GR0006625,PO-2024-009221,2024-08-11,724.35,E0145
GR0006626,PO-2024-009222,2024-11-19,5730.24,E0150
GR0006627,PO-2024-009222,2024-12-04,4832.03,E0144
GR0006628,PO-2024-009223,2024-08-24,119.17,E0153
GR0006629,PO-2025-009224,2025-07-15,514.91,E0140
GR0006630,PO-2024-009225,2024-11-19,10456.57,E0147
GR0006631,PO-2024-009226,2024-02-15,9040.14,E0143
GR0006632,PO-2025-009227,2025-05-20,7668.72,E0157
GR0006633,PO-2024-009228,2024-06-01,1930.69,E0146
GR0006634,PO-2024-009228,2024-06-10,1521.78,E0148
GR0006635,PO-2025-009229,2025-05-23,3775.79,E0153
GR0006636,PO-2024-009230,2024-04-18,4202.43,E0145
GR0006637,PO-2024-009231,2025-01-12,1572.15,E0162
GR0006638,PO-2024-009232,2024-09-14,2378.19,E0142
GR0006639,PO-2025-009233,2025-02-14,814.89,E0161
GR0006640,PO-2024-009234,2024-07-01,2839.09,E0155
GR0006641,PO-2024-009235,2024-05-21,1527.7,E0155
GR0006642,PO-2025-009236,2025-03-12,690.82,E0144
GR0006643,PO-2024-009237,2024-01-29,700.85,E0143
GR0006644,PO-2024-009238,2024-02-09,2043.7,E0151
GR0006645,PO-2024-009239,2024-09-04,1131.28,E0143
GR0006646,PO-2025-009240,2025-05-28,1081.09,E0156
GR0006647,PO-2024-009241,2024-03-23,1900.56,E0163
GR0006648,PO-2024-009242,2024-10-02,553.84,E0161
GR0006649,PO-2024-009242,2024-10-15,541.34,E0148
GR0006650,PO-2024-009243,2024-03-19,856.43,E0153
GR0006651,PO-2024-009244,2024-07-24,1357.23,E0155
GR0006652,PO-2024-009244,2024-08-03,1709.96,E0163
GR0006653,PO-2025-009245,2025-07-03,9028.75,E0151
GR0006654,PO-2024-009246,2024-02-22,5248.52,E0147
GR0006655,PO-2024-009247,2024-03-04,1391.79,E0163
GR0006656,PO-2025-009248,2025-02-09,4705.86,E0161
GR0006657,PO-2025-009249,2025-04-11,6833.2,E0140
GR0006658,PO-2025-009250,2025-02-20,1210.07,E0141
GR0006659,PO-2024-009251,2024-09-01,1526.79,E0142
GR0006660,PO-2025-009252,2025-07-12,2832.44,E0160
GR0006661,PO-2024-009253,2024-02-03,917.96,E0153
GR0006662,PO-2024-009254,2024-03-14,2918.91,E0147
GR0006663,PO-2025-009255,2025-01-21,1431.17,E0146
GR0006664,PO-2025-009256,2025-03-11,2321.95,E0143
GR0006665,PO-2024-009257,2024-06-07,691.47,E0153
GR0006666,PO-2025-009258,2025-06-07,990.18,E0161
GR0006667,PO-2024-009259,2024-01-24,7498.9,E0143
GR0006668,PO-2024-009260,2024-09-05,1477.26,E0146
GR0006669,PO-2025-009261,2025-04-22,822.37,E0154
GR0006670,PO-2024-009262,2024-04-03,2192.63,E0143
GR0006671,PO-2025-009263,2025-02-26,904.35,E0158
GR0006672,PO-2024-009264,2024-11-30,3696.61,E0141
GR0006673,PO-2025-009265,2025-03-24,958.01,E0145
GR0006674,PO-2024-009266,2024-05-16,1185.0,E0143
GR0006675,PO-2024-009266,2024-06-04,653.89,E0145
GR0006676,PO-2024-009267,2024-02-04,1356.29,E0146
GR0006677,PO-2024-009268,2024-07-22,2622.58,E0163
GR0006678,PO-2025-009269,2025-05-06,1235.64,E0160
GR0006679,PO-2024-009270,2024-01-24,6078.37,E0143
GR0006680,PO-2024-009271,2024-09-18,13977.45,E0154
GR0006681,PO-2025-009272,2025-01-16,1028.12,E0144
GR0006682,PO-2025-009273,2025-05-17,1765.74,E0158
GR0006683,PO-2024-009274,2024-09-03,952.02,E0142
GR0006684,PO-2024-009275,2024-07-18,3260.55,E0160
GR0006685,PO-2025-009276,2025-04-17,4994.85,E0148
GR0006686,PO-2025-009277,2025-04-09,3434.73,E0161
GR0006687,PO-2024-009278,2024-02-21,319.92,E0141
GR0006688,PO-2025-009279,2025-05-13,2294.81,E0160
GR0006689,PO-2025-009280,2025-01-26,1162.31,E0153
GR0006690,PO-2024-009281,2024-07-29,1897.42,E0142
GR0006691,PO-2024-009282,2024-12-04,7565.84,E0143
GR0006692,PO-2024-009283,2024-10-16,4050.53,E0156
GR0006693,PO-2024-009284,2024-03-27,5869.83,E0147
GR0006694,PO-2024-009284,2024-04-06,7546.08,E0157
GR0006695,PO-2024-009285,2024-04-01,258.69,E0154
GR0006696,PO-2024-009286,2024-05-03,985.81,E0151
GR0006697,PO-2024-009287,2024-02-26,1022.6,E0159
GR0006698,PO-2024-009287,2024-03-08,1311.46,E0151
GR0006699,PO-2024-009288,2024-08-18,239.98,E0155
GR0006700,PO-2024-009289,2024-01-13,247.11,E0146
GR0006701,PO-2025-009290,2025-04-13,3976.42,E0161
GR0006702,PO-2024-009291,2024-10-19,1791.74,E0145
GR0006703,PO-2024-009292,2024-04-09,4405.61,E0159
GR0006704,PO-2024-009293,2024-01-27,117.16,E0150
GR0006705,PO-2024-009294,2024-10-18,2894.71,E0150
GR0006706,PO-2024-009295,2024-11-27,111.34,E0149
GR0006707,PO-2024-009296,2024-04-26,1456.98,E0163
GR0006708,PO-2024-009296,2024-05-13,1332.85,E0143
GR0006709,PO-2024-009297,2024-12-18,961.4,E0146
GR0006710,PO-2024-009298,2024-11-18,1738.7,E0145
GR0006711,PO-2024-009299,2024-10-02,858.77,E0141
GR0006712,PO-2024-009300,2024-06-23,499.38,E0157
GR0006713,PO-2024-009300,2024-06-29,404.83,E0159
GR0006714,PO-2024-009301,2025-01-05,757.22,E0160
GR0006715,PO-2025-009302,2025-02-13,118.24,E0152
GR0006716,PO-2024-009303,2024-01-09,241.87,E0163
GR0006717,PO-2025-009304,2025-02-16,116.54,E0153
GR0006718,PO-2025-009305,2025-02-15,786.23,E0159
GR0006719,PO-2024-009306,2024-03-31,2178.68,E0150
GR0006720,PO-2025-009307,2025-05-08,2835.94,E0149
GR0006721,PO-2024-009308,2024-02-06,4582.08,E0148
GR0006722,PO-2025-009309,2025-04-27,403.7,E0147
GR0006723,PO-2024-009310,2024-12-01,805.0,E0153
GR0006724,PO-2024-009311,2024-10-18,669.06,E0157
GR0006725,PO-2025-009312,2025-03-21,640.5,E0150
GR0006726,PO-2024-009313,2024-04-25,417.25,E0159
GR0006727,PO-2024-009314,2024-05-04,4804.74,E0143
GR0006728,PO-2024-009315,2024-06-07,692.31,E0157
GR0006729,PO-2024-009316,2024-05-19,1821.26,E0145
GR0006730,PO-2024-009317,2024-05-02,3655.39,E0160
GR0006731,PO-2024-009318,2024-05-17,1398.41,E0148
GR0006732,PO-2024-009318,2024-05-30,1817.07,E0150
GR0006733,PO-2024-009319,2024-10-08,918.27,E0161
GR0006734,PO-2024-009320,2024-02-10,7534.23,E0145
GR0006735,PO-2024-009321,2024-12-23,5620.61,E0149
GR0006736,PO-2024-009322,2024-08-31,4960.05,E0145
GR0006737,PO-2024-009323,2024-06-10,16046.57,E0140
GR0006738,PO-2025-009324,2025-06-14,860.43,E0158
GR0006739,PO-2025-009325,2025-02-12,6539.08,E0152
GR0006740,PO-2024-009326,2024-10-20,481.7,E0163
GR0006741,PO-2024-009327,2024-08-15,3375.39,E0144
GR0006742,PO-2024-009328,2024-02-17,6724.77,E0149
GR0006743,PO-2024-009329,2024-11-23,4852.96,E0156
GR0006744,PO-2024-009330,2024-07-29,2910.96,E0160
GR0006745,PO-2024-009331,2024-09-15,1722.89,E0148
GR0006746,PO-2025-009332,2025-05-04,2626.12,E0156
GR0006747,PO-2025-009333,2025-07-03,16812.59,E0142
GR0006748,PO-2025-009334,2025-04-20,19162.31,E0154
GR0006749,PO-2024-009335,2024-11-09,4793.18,E0141
GR0006750,PO-2025-009336,2025-06-20,2606.36,E0162
GR0006751,PO-2024-009337,2024-03-15,3877.53,E0160
GR0006752,PO-2025-009338,2025-03-15,1159.4,E0143
GR0006753,PO-2025-009339,2025-04-15,7898.3,E0141
GR0006754,PO-2025-009340,2025-04-27,4367.64,E0143
GR0006755,PO-2024-009341,2024-11-24,23347.05,E0151
GR0006756,PO-2024-009341,2024-12-07,10240.24,E0141
GR0006757,PO-2025-009342,2025-04-21,794.55,E0144
GR0006758,PO-2024-009343,2024-05-13,10178.97,E0142
GR0006759,PO-2024-009344,2024-02-03,4989.21,E0151
GR0006760,PO-2024-009345,2024-04-25,5856.31,E0141
GR0006761,PO-2025-009346,2025-01-14,4839.17,E0140
GR0006762,PO-2024-009347,2024-07-08,6864.21,E0150
GR0006763,PO-2024-009348,2024-07-03,2772.46,E0140
GR0006764,PO-2024-009349,2024-06-29,2122.78,E0145
GR0006765,PO-2025-009350,2025-05-23,13759.22,E0148
GR0006766,PO-2024-009351,2024-10-25,1180.15,E0140
GR0006767,PO-2025-009352,2025-03-16,2305.63,E0150
GR0006768,PO-2024-009353,2024-03-22,3947.21,E0148
GR0006769,PO-2024-009354,2025-01-10,20716.28,E0141
GR0006770,PO-2024-009355,2024-09-22,11691.68,E0143
GR0006771,PO-2024-009356,2024-07-06,4778.26,E0151
GR0006772,PO-2024-009357,2024-11-19,1285.48,E0150
GR0006773,PO-2024-009358,2024-11-27,5504.87,E0162
GR0006774,PO-2024-009359,2024-09-02,1249.57,E0154
GR0006775,PO-2024-009360,2024-03-21,4844.15,E0149
GR0006776,PO-2025-009361,2025-07-14,2548.66,E0163
GR0006777,PO-2025-009361,2025-07-26,1063.89,E0142
GR0006778,PO-2024-009362,2024-08-28,1188.62,E0159
GR0006779,PO-2024-009363,2024-01-20,1026.85,E0162
GR0006780,PO-2024-009364,2024-05-26,3315.76,E0163
GR0006781,PO-2024-009365,2024-02-13,1439.74,E0141
GR0006782,PO-2024-009366,2024-03-26,816.92,E0143
GR0006783,PO-2024-009366,2024-04-06,839.7,E0155
GR0006784,PO-2024-009367,2024-02-17,1060.33,E0152
GR0006785,PO-2024-009368,2024-02-01,21569.04,E0159
GR0006786,PO-2025-009369,2025-01-28,1178.17,E0161
GR0006787,PO-2024-009370,2024-03-15,2113.37,E0145
GR0006788,PO-2024-009371,2024-01-16,4705.89,E0162
GR0006789,PO-2025-009372,2025-07-01,1526.94,E0156
GR0006790,PO-2025-009373,2025-04-15,1578.38,E0157
GR0006791,PO-2025-009374,2025-04-20,499.78,E0149
GR0006792,PO-2024-009375,2024-04-21,3981.68,E0153
GR0006793,PO-2024-009376,2024-04-14,4316.89,E0161
GR0006794,PO-2025-009377,2025-02-07,28095.46,E0160
GR0006795,PO-2024-009378,2024-08-19,5391.37,E0144
GR0006796,PO-2024-009379,2024-08-20,465.89,E0145
GR0006797,PO-2024-009379,2024-09-10,351.61,E0152
GR0006798,PO-2024-009380,2024-03-22,10068.6,E0145
GR0006799,PO-2024-009381,2024-01-23,1095.77,E0160
GR0006800,PO-2024-009382,2024-02-26,4405.46,E0158
GR0006801,PO-2024-009383,2024-09-06,6643.9,E0144
GR0006802,PO-2024-009384,2024-07-16,37262.19,E0149
GR0006803,PO-2024-009385,2024-03-15,921.26,E0149
GR0006804,PO-2024-009385,2024-03-27,897.65,E0151
GR0006805,PO-2025-009386,2025-01-13,11610.96,E0161
GR0006806,PO-2025-009386,2025-01-25,9936.65,E0147
GR0006807,PO-2024-009387,2024-09-05,2854.83,E0160
GR0006808,PO-2024-009388,2024-03-22,19696.4,E0146
GR0006809,PO-2025-009389,2025-07-12,807.53,E0142
GR0006810,PO-2024-009390,2024-05-14,16575.35,E0145
GR0006811,PO-2024-009391,2024-01-14,2863.3,E0151
GR0006812,PO-2025-009392,2025-03-10,1910.16,E0161
GR0006813,PO-2025-009393,2025-03-30,1735.47,E0160
GR0006814,PO-2024-009394,2024-12-25,12933.56,E0154
GR0006815,PO-2024-009395,2024-08-24,1530.87,E0141
GR0006816,PO-2024-009395,2024-09-04,1190.44,E0154
GR0006817,PO-2024-009396,2024-10-28,33135.75,E0146
GR0006818,PO-2024-009397,2024-04-02,5131.17,E0158
GR0006819,PO-2025-009398,2025-06-26,2298.22,E0140
GR0006820,PO-2025-009399,2025-06-09,12837.94,E0162
GR0006821,PO-2024-009400,2024-07-27,2115.15,E0143
GR0006822,PO-2024-009401,2024-11-01,5625.97,E0163
GR0006823,PO-2024-009402,2024-06-23,3333.48,E0146
GR0006824,PO-2024-009403,2024-09-05,2804.9,E0147
GR0006825,PO-2024-009404,2024-07-06,4361.86,E0160
GR0006826,PO-2024-009405,2024-06-11,1062.55,E0148
GR0006827,PO-2025-009406,2025-02-19,5787.25,E0143
GR0006828,PO-2024-009407,2024-04-08,5982.67,E0148
GR0006829,PO-2025-009408,2025-02-05,991.86,E0153
GR0006830,PO-2025-009408,2025-02-18,1289.56,E0156
GR0006831,PO-2025-009409,2025-03-19,4938.87,E0154
GR0006832,PO-2024-009410,2024-02-10,14777.94,E0147
GR0006833,PO-2025-009411,2025-04-19,23972.27,E0141
GR0006834,PO-2024-009412,2024-03-02,4864.11,E0159
GR0006835,PO-2024-009413,2024-06-04,14810.54,E0149
GR0006836,PO-2024-009414,2025-01-08,3852.74,E0143
GR0006837,PO-2024-009415,2024-11-01,5962.68,E0154
GR0006838,PO-2024-009416,2024-05-31,18704.17,E0151
GR0006839,PO-2024-009417,2024-04-21,11554.53,E0148
GR0006840,PO-2024-009418,2024-09-17,3666.56,E0154
GR0006841,PO-2024-009418,2024-09-26,2413.95,E0158
GR0006842,PO-2024-009419,2024-01-24,2254.34,E0145
GR0006843,PO-2025-009420,2025-04-06,12273.8,E0140
GR0006844,PO-2024-009421,2024-03-17,1475.13,E0148
GR0006845,PO-2025-009422,2025-07-16,3042.38,E0153
GR0006846,PO-2025-009423,2025-05-15,16613.9,E0159
GR0006847,PO-2025-009424,2025-05-02,4412.18,E0144
GR0006848,PO-2024-009425,2024-08-17,6654.92,E0151
GR0006849,PO-2024-009425,2024-08-27,5128.19,E0145
GR0006850,PO-2025-009426,2025-01-20,7061.42,E0160
GR0006851,PO-2024-009427,2024-02-07,4147.95,E0163
GR0006852,PO-2024-009428,2024-10-04,1250.17,E0157
GR0006853,PO-2024-009429,2024-02-25,2487.89,E0161
GR0006854,PO-2024-009430,2024-08-22,4603.6,E0140
GR0006855,PO-2024-009430,2024-09-02,2564.79,E0146
GR0006856,PO-2024-009431,2024-08-19,5156.83,E0162
GR0006857,PO-2025-009432,2025-02-07,1261.28,E0148
GR0006858,PO-2025-009433,2025-01-23,4162.63,E0146
GR0006859,PO-2024-009434,2024-05-06,1431.57,E0158
GR0006860,PO-2024-009435,2024-03-06,3041.99,E0161
GR0006861,PO-2024-009436,2024-03-25,10068.68,E0145
GR0006862,PO-2024-009437,2024-09-06,1900.27,E0151
GR0006863,PO-2024-009438,2025-01-06,9732.21,E0151
GR0006864,PO-2024-009439,2024-01-31,4781.5,E0161
GR0006865,PO-2025-009440,2025-03-02,2854.3,E0146
GR0006866,PO-2025-009441,2025-06-04,10354.56,E0149
GR0006867,PO-2024-009442,2024-12-20,27548.95,E0148
GR0006868,PO-2024-009443,2024-12-18,8969.28,E0145
GR0006869,PO-2024-009444,2024-09-21,9031.78,E0152
GR0006870,PO-2025-009445,2025-02-17,8071.75,E0154
GR0006871,PO-2025-009446,2025-05-09,6509.05,E0153
GR0006872,PO-2025-009447,2025-03-21,3104.61,E0154
GR0006875,PO-2024-009449,2024-05-14,3321.82,E0147
GR0006877,PO-2024-009451,2024-05-26,967.43,E0147
GR0006878,PO-2024-009452,2024-01-23,405.15,E0152
GR0006880,PO-2024-009454,2024-03-27,879.64,E0152
GR0006881,PO-2024-009455,2024-06-01,4079.88,E0163
GR0006882,PO-2024-009456,2024-01-17,623.52,E0154
GR0006883,PO-2024-009467,2024-04-24,269.77,E0146
GR0006884,PO-2024-009468,2024-11-04,2144.67,E0162
GR0006885,PO-2024-009469,2024-02-24,4801.15,E0152
GR0006886,PO-2024-009470,2024-05-08,404.63,E0152
GR0006887,PO-2025-009471,2025-04-21,2283.2,E0160
GR0006888,PO-2024-009472,2024-07-25,686.77,E0149
GR0006889,PO-2024-009473,2024-05-09,1980.51,E0146
GR0006890,PO-2024-009474,2024-04-05,3499.01,E0142
GR0006891,PO-2025-009475,2025-03-17,12158.32,E0153
GR0006892,PO-2025-009476,2025-06-17,884.47,E0163
GR0006893,PO-2025-009477,2025-03-17,768.87,E0159
GR0006894,PO-2024-009478,2024-08-27,969.87,E0143
GR0006895,PO-2024-009479,2024-01-04,8056.31,E0147
GR0006896,PO-2025-009480,2025-01-18,534.69,E0154
GR0006897,PO-2025-009480,2025-02-01,360.01,E0147
GR0006898,PO-2024-009481,2024-05-23,3650.03,E0156
GR0006899,PO-2024-009482,2024-08-29,5367.51,E0146
GR0006900,PO-2025-009483,2025-03-19,782.43,E0149
GR0006901,PO-2024-009484,2024-02-01,2388.89,E0150
GR0006902,PO-2024-009485,2024-09-04,1409.37,E0141
GR0006903,PO-2025-009486,2025-04-20,364.93,E0151
GR0006904,PO-2025-009487,2025-03-10,1720.38,E0153
GR0006905,PO-2024-009488,2024-05-17,749.92,E0153
GR0006906,PO-2024-009489,2025-01-14,3344.06,E0141
GR0006907,PO-2025-009490,2025-05-12,229.3,E0150
GR0006908,PO-2025-009491,2025-01-20,2025.72,E0152
GR0006909,PO-2024-009492,2024-06-14,2252.28,E0160
GR0006910,PO-2025-009493,2025-05-30,1436.62,E0143
GR0006911,PO-2025-009494,2025-02-05,22518.37,E0151
GR0006912,PO-2025-009495,2025-04-26,1836.62,E0144
GR0006913,PO-2025-009496,2025-02-03,429.86,E0148
GR0006914,PO-2024-009497,2024-11-07,4641.3,E0152
GR0006915,PO-2024-009498,2024-10-06,686.96,E0163
GR0006916,PO-2024-009498,2024-10-12,646.82,E0148
GR0006917,PO-2024-009499,2024-08-16,4270.22,E0143
GR0006918,PO-2025-009500,2025-01-12,429.07,E0159
GR0006919,PO-2025-009501,2025-06-11,429.83,E0161
GR0006920,PO-2024-009502,2024-01-17,769.3,E0148
GR0006921,PO-2025-009503,2025-03-22,2076.17,E0159
GR0006922,PO-2025-009503,2025-04-05,1328.57,E0148
GR0006923,PO-2024-009504,2024-07-30,970.62,E0148
GR0006924,PO-2024-009505,2024-06-10,2355.96,E0156
GR0006925,PO-2024-009506,2024-08-08,3348.39,E0155
GR0006926,PO-2024-009507,2024-08-14,3149.21,E0145
GR0006927,PO-2024-009508,2024-10-19,610.6,E0163
GR0006928,PO-2024-009509,2024-06-07,593.04,E0160
GR0006929,PO-2025-009510,2025-03-12,1612.99,E0149
GR0006930,PO-2024-009511,2024-06-12,451.17,E0149
GR0006931,PO-2024-009511,2024-06-22,257.58,E0162
GR0006932,PO-2024-009512,2024-11-20,1301.52,E0155
GR0006933,PO-2024-009513,2024-02-19,1257.84,E0144
GR0006934,PO-2024-009514,2024-04-23,954.55,E0155
GR0006935,PO-2024-009515,2024-11-09,306.21,E0147
GR0006936,PO-2024-009516,2024-07-07,2722.91,E0146
GR0006937,PO-2024-009769,2024-08-14,10680.58,E0154
GR0006938,PO-2025-009770,2025-01-31,965.09,E0143
GR0006939,PO-2025-009770,2025-02-12,1000.62,E0144
GR0006940,PO-2024-009771,2024-10-01,10595.13,E0158
GR0006941,PO-2025-009772,2025-04-08,2605.26,E0152
GR0006942,PO-2025-009773,2025-07-09,1543.44,E0141
GR0006943,PO-2024-009774,2024-08-04,1098.04,E0155
GR0006944,PO-2024-009775,2024-07-23,5174.74,E0146
GR0006945,PO-2025-009776,2025-04-21,2033.93,E0151
GR0006946,PO-2024-009777,2024-02-22,1011.77,E0156
GR0006947,PO-2024-009778,2024-02-07,407.33,E0150
GR0006948,PO-2024-009778,2024-02-23,236.46,E0161
GR0006949,PO-2024-009779,2024-06-05,14155.68,E0153
GR0006950,PO-2025-009780,2025-02-06,4013.01,E0161
GR0006951,PO-2024-009781,2024-07-05,2322.17,E0158
GR0006952,PO-2024-009782,2024-08-21,429.8,E0161
GR0006953,PO-2024-009783,2024-07-09,2704.03,E0142
GR0006954,PO-2025-009784,2025-04-19,904.88,E0145
GR0006955,PO-2025-009785,2025-06-23,7758.68,E0148
GR0006956,PO-2025-009786,2025-05-27,26195.0,E0141
GR0006957,PO-2024-009787,2024-03-22,762.02,E0148
GR0006958,PO-2025-009788,2025-05-31,3032.81,E0158
GR0006959,PO-2024-009789,2024-12-26,297.54,E0146
GR0006960,PO-2024-009790,2024-09-27,428.23,E0143
GR0006961,PO-2024-009791,2024-07-20,929.21,E0162
GR0006962,PO-2025-009792,2025-03-09,795.21,E0153
GR0006963,PO-2024-009793,2024-09-20,1516.15,E0143
GR0006964,PO-2024-009794,2024-07-17,1737.27,E0153
GR0006965,PO-2024-009795,2024-06-18,755.64,E0159
GR0006966,PO-2024-009796,2024-05-11,4128.97,E0161
GR0006967,PO-2024-009796,2024-05-23,3116.56,E0162
GR0006968,PO-2025-009797,2025-02-03,1649.63,E0163
GR0006969,PO-2025-009798,2025-05-14,8623.84,E0163
GR0006970,PO-2024-009799,2024-06-11,4391.68,E0142
GR0006971,PO-2025-009800,2025-04-13,5224.83,E0153
GR0006972,PO-2024-009801,2024-09-06,3005.18,E0149
GR0006973,PO-2024-009802,2025-01-05,1464.41,E0141
GR0006974,PO-2024-009803,2024-08-20,2011.46,E0162
GR0006975,PO-2024-009804,2024-12-24,1190.5,E0158
GR0006976,PO-2025-009805,2025-05-28,2740.22,E0162
GR0006977,PO-2025-009806,2025-06-05,363.02,E0159
GR0006978,PO-2025-009806,2025-06-17,331.44,E0142
GR0006979,PO-2025-009807,2025-06-04,4195.2,E0151
GR0006980,PO-2025-009808,2025-03-31,849.11,E0147
GR0006981,PO-2025-009808,2025-04-15,704.57,E0157
GR0006982,PO-2024-009809,2024-12-20,3226.45,E0141
GR0006983,PO-2024-009809,2025-01-04,1550.37,E0154
GR0006984,PO-2025-009810,2025-02-12,11502.47,E0147
GR0006985,PO-2024-009811,2024-08-19,4057.9,E0162
GR0006986,PO-2024-009812,2024-09-08,1346.07,E0148
GR0006987,PO-2024-009813,2024-09-01,182.43,E0146
GR0006988,PO-2025-009814,2025-07-05,11175.29,E0156
GR0006989,PO-2024-009815,2024-08-23,233.17,E0143
GR0006990,PO-2024-009816,2024-11-06,46286.17,E0158
GR0006991,PO-2024-009817,2024-02-26,541.95,E0150
GR0006992,PO-2024-009817,2024-03-11,789.34,E0162
GR0006993,PO-2024-009818,2024-11-30,8190.49,E0145
GR0006994,PO-2024-009819,2024-03-07,3391.35,E0143
GR0006995,PO-2024-009820,2024-01-22,4808.52,E0160
GR0006996,PO-2024-009821,2025-01-05,930.48,E0157
GR0006997,PO-2025-009822,2025-02-10,7804.84,E0142
GR0006998,PO-2025-009823,2025-02-18,2371.94,E0160
GR0006999,PO-2025-009823,2025-03-02,2828.92,E0148
GR0007000,PO-2025-009824,2025-01-23,2352.44,E0152
GR0007001,PO-2024-009825,2024-09-29,1346.29,E0147
GR0007002,PO-2024-009826,2024-12-28,12225.76,E0142
GR0007003,PO-2024-009827,2024-07-12,2192.76,E0161
GR0007004,PO-2025-009828,2025-01-14,3983.79,E0147
GR0007005,PO-2024-009829,2024-10-04,1436.45,E0157
GR0007006,PO-2025-009830,2025-01-19,806.71,E0144
GR0007007,PO-2024-009831,2024-08-14,2123.62,E0152
GR0007008,PO-2024-009832,2024-07-07,2156.09,E0152
GR0007009,PO-2024-009833,2024-05-26,859.74,E0156
GR0007010,PO-2024-009834,2024-05-08,19889.41,E0158
GR0007011,PO-2025-009835,2025-03-11,10633.58,E0156
GR0007012,PO-2024-009836,2024-08-19,2921.02,E0156
GR0007013,PO-2024-009837,2024-05-12,2947.79,E0161
GR0007014,PO-2024-009837,2024-05-29,2759.44,E0152
GR0007015,PO-2025-009838,2025-03-11,49206.46,E0147
GR0007016,PO-2025-009839,2025-03-17,2776.19,E0143
GR0007017,PO-2024-009840,2024-03-14,2987.82,E0158
GR0007018,PO-2024-009841,2024-08-30,2479.73,E0154
GR0007019,PO-2025-009842,2025-04-03,3560.65,E0161
GR0007020,PO-2024-009843,2024-03-26,1744.29,E0152
GR0007021,PO-2025-009844,2025-04-27,5526.5,E0157
GR0007022,PO-2024-009845,2024-06-04,9569.22,E0157
GR0007023,PO-2024-009846,2024-07-10,2865.4,E0158
GR0007024,PO-2024-009847,2024-03-31,1220.01,E0145
GR0007025,PO-2024-009848,2024-03-30,1512.97,E0148
GR0007026,PO-2025-009849,2025-06-04,2788.33,E0151
GR0007027,PO-2024-009850,2024-02-05,12121.38,E0143
GR0007028,PO-2025-009851,2025-04-01,4472.93,E0153
GR0007029,PO-2024-009852,2024-07-28,58605.64,E0143
GR0007030,PO-2025-009853,2025-01-18,2542.07,E0144
GR0007031,PO-2024-009854,2024-03-09,1688.17,E0150
GR0007032,PO-2024-009855,2024-03-16,2930.71,E0140
GR0007033,PO-2024-009855,2024-03-27,2114.3,E0153
GR0007034,PO-2024-009856,2024-12-26,7229.76,E0140
GR0007035,PO-2025-009857,2025-05-09,9344.12,E0156
GR0007036,PO-2024-009858,2024-03-11,1285.97,E0154
GR0007037,PO-2024-009859,2024-08-15,3901.43,E0161
GR0007038,PO-2024-009859,2024-08-30,2765.29,E0153
GR0007039,PO-2025-009860,2025-05-05,12645.66,E0158
GR0007040,PO-2024-009861,2024-12-30,10059.73,E0140
GR0007041,PO-2024-009862,2024-02-11,2857.07,E0151
GR0007042,PO-2024-009863,2024-07-02,3278.86,E0162
GR0007043,PO-2025-009864,2025-05-17,1438.39,E0163
GR0007044,PO-2024-009865,2024-09-14,12395.5,E0147
GR0007045,PO-2024-009866,2024-05-18,429.93,E0163
GR0007046,PO-2025-009867,2025-05-03,3499.7,E0144
GR0007047,PO-2025-009868,2025-01-26,135.65,E0156
GR0007048,PO-2024-009869,2024-05-28,6142.32,E0157
GR0007049,PO-2024-009870,2024-12-22,2217.93,E0160
GR0007050,PO-2024-009870,2024-12-30,1939.31,E0153
GR0007051,PO-2025-009871,2025-03-05,11912.68,E0142
GR0007052,PO-2024-009872,2024-01-20,984.31,E0150
GR0007053,PO-2024-009873,2024-01-25,4574.75,E0161
GR0007054,PO-2024-009874,2024-10-08,4628.23,E0152
GR0007055,PO-2025-009875,2025-05-26,1866.49,E0149
GR0007056,PO-2025-009876,2025-03-30,1503.62,E0150
GR0007057,PO-2025-009876,2025-04-16,1132.05,E0145
GR0007058,PO-2024-009877,2024-11-11,9020.25,E0156
GR0007059,PO-2024-009877,2024-11-21,5964.76,E0158
GR0007060,PO-2024-009878,2024-02-26,5284.1,E0158
GR0007061,PO-2025-009879,2025-05-10,8977.31,E0150
GR0007062,PO-2025-009879,2025-05-18,7837.38,E0145
GR0007063,PO-2024-009880,2024-08-07,11408.58,E0161
GR0007064,PO-2024-009881,2024-12-03,3193.39,E0163
GR0007065,PO-2024-009882,2024-05-11,5149.05,E0145
GR0007066,PO-2025-009883,2025-05-14,2133.98,E0142
GR0007067,PO-2024-009884,2024-09-13,1149.57,E0148
GR0007068,PO-2024-009885,2024-10-29,2266.09,E0145
GR0007069,PO-2024-009885,2024-11-17,1356.13,E0148
GR0007070,PO-2025-009886,2025-03-26,1109.07,E0141
GR0007071,PO-2024-009887,2024-07-04,1469.13,E0158
GR0007072,PO-2024-009888,2024-12-04,6391.06,E0150
GR0007073,PO-2024-009889,2024-03-20,2361.67,E0160
GR0007074,PO-2024-009890,2024-09-12,6565.36,E0144
GR0007075,PO-2024-009891,2024-07-03,1159.63,E0154
GR0007076,PO-2024-009892,2024-04-04,1221.04,E0154
GR0007077,PO-2025-009893,2025-07-06,11351.29,E0155
GR0007078,PO-2025-009894,2025-02-19,18441.35,E0153
GR0007079,PO-2025-009895,2025-06-17,119.6,E0140
GR0007080,PO-2025-009896,2025-03-08,635.28,E0147
GR0007081,PO-2024-009897,2024-03-28,6918.72,E0151
GR0007082,PO-2024-009898,2024-08-16,10061.79,E0143
GR0007083,PO-2024-009899,2024-06-05,3341.26,E0146
GR0007084,PO-2024-009900,2024-02-03,2177.58,E0156
GR0007085,PO-2024-009900,2024-02-22,1484.02,E0146
GR0007086,PO-2024-009901,2024-07-10,980.55,E0153
GR0007087,PO-2024-009902,2024-09-12,4361.68,E0141
GR0007088,PO-2024-009902,2024-10-03,1865.95,E0157
GR0007089,PO-2024-009903,2024-10-24,2115.35,E0142
GR0007090,PO-2024-009904,2024-07-10,3505.01,E0162
GR0007091,PO-2024-009905,2024-01-26,931.21,E0142
GR0007092,PO-2024-009906,2024-03-04,1192.97,E0154
GR0007093,PO-2024-009907,2024-05-25,18148.28,E0145
GR0007094,PO-2024-009908,2024-10-03,5229.9,E0152
GR0007095,PO-2024-009909,2024-05-15,17664.07,E0156
GR0007096,PO-2024-009910,2024-03-11,24735.91,E0162
GR0007097,PO-2024-009911,2024-05-04,6448.91,E0144
GR0007098,PO-2024-009912,2024-12-27,2507.2,E0159
GR0007099,PO-2024-009913,2024-09-15,3954.73,E0151
GR0007100,PO-2025-009914,2025-02-02,1222.71,E0148
GR0007101,PO-2025-009915,2025-05-26,2322.19,E0156
GR0007102,PO-2025-009916,2025-07-10,7582.15,E0161
GR0007103,PO-2024-009917,2024-06-24,1662.26,E0155
GR0007104,PO-2025-009918,2025-01-28,2710.83,E0150
GR0007105,PO-2024-009919,2024-06-24,4457.09,E0162
GR0007106,PO-2024-009920,2024-06-18,16858.72,E0147
GR0007107,PO-2024-009921,2024-12-23,6364.64,E0148
GR0007108,PO-2024-009922,2024-08-03,2260.75,E0163
GR0007109,PO-2024-009923,2024-02-05,9222.58,E0156
GR0007110,PO-2024-009924,2024-02-09,19285.47,E0143
GR0007111,PO-2024-009925,2024-05-14,1113.84,E0163
GR0007112,PO-2024-009925,2024-05-28,574.68,E0151
GR0007113,PO-2025-009926,2025-03-07,3236.55,E0157
GR0007114,PO-2024-009927,2024-10-14,8907.51,E0154
GR0007115,PO-2024-009928,2024-10-17,7040.52,E0162
GR0007116,PO-2024-009929,2024-06-20,2223.11,E0142
GR0007117,PO-2024-009929,2024-07-04,1721.06,E0156
GR0007118,PO-2025-009930,2025-01-20,15926.75,E0148
GR0007119,PO-2024-009931,2024-02-23,2056.68,E0154
GR0007120,PO-2025-009932,2025-05-15,1503.27,E0159
GR0007121,PO-2024-009933,2024-11-26,2999.24,E0149
GR0007122,PO-2024-009934,2024-04-15,532.11,E0163
GR0007123,PO-2025-009935,2025-06-03,6027.75,E0161
GR0007124,PO-2024-009936,2024-06-25,4875.06,E0156
GR0007125,PO-2024-009937,2024-11-08,1876.61,E0149
GR0007126,PO-2024-009937,2024-11-22,1815.43,E0144
GR0007127,PO-2025-009938,2025-02-19,1456.16,E0140
GR0007128,PO-2025-009939,2025-06-06,1311.88,E0143
GR0007129,PO-2024-009940,2024-06-04,5522.23,E0154
GR0007130,PO-2025-009941,2025-05-24,1670.53,E0140
GR0007131,PO-2024-009942,2024-08-18,12856.49,E0154
GR0007132,PO-2025-009943,2025-07-06,1272.89,E0161
GR0007133,PO-2025-009943,2025-07-10,1228.02,E0153
GR0007134,PO-2025-009944,2025-07-09,2094.77,E0157
GR0007135,PO-2025-009945,2025-07-07,5255.31,E0147
GR0007136,PO-2024-009946,2024-10-01,5431.92,E0147
GR0007137,PO-2025-009947,2025-07-03,4998.91,E0160
GR0007138,PO-2025-009948,2025-03-01,3789.8,E0158
GR0007139,PO-2024-009949,2024-08-17,1576.41,E0141
GR0007140,PO-2025-009950,2025-03-30,3626.34,E0151
GR0007141,PO-2025-009951,2025-02-21,6093.42,E0148
GR0007142,PO-2024-009952,2024-03-01,11728.4,E0144
GR0007143,PO-2024-009953,2024-04-15,2485.04,E0156
GR0007144,PO-2024-009954,2024-08-17,7131.38,E0145
GR0007145,PO-2024-009955,2024-11-11,941.95,E0151
GR0007146,PO-2024-009956,2024-08-02,1566.46,E0157
GR0007147,PO-2024-009957,2024-12-15,3872.15,E0142
GR0007148,PO-2024-009958,2024-12-17,609.52,E0145
GR0007149,PO-2024-009958,2024-12-31,372.24,E0160
GR0007150,PO-2025-009959,2025-05-26,4607.17,E0150
GR0007151,PO-2024-009960,2024-11-18,5169.5,E0160
GR0007152,PO-2024-009961,2024-01-14,1482.44,E0147
GR0007153,PO-2024-009962,2024-06-18,47564.43,E0163
GR0007154,PO-2024-009963,2024-07-26,7321.29,E0144
GR0007155,PO-2025-009964,2025-02-14,10480.61,E0159
GR0007156,PO-2025-009964,2025-02-23,6568.72,E0160
GR0007157,PO-2025-009965,2025-04-28,3497.34,E0146
GR0007158,PO-2024-009966,2024-01-29,794.94,E0160
GR0007159,PO-2024-009966,2024-02-07,918.72,E0150
GR0007160,PO-2025-009967,2025-03-11,567.17,E0141
GR0007161,PO-2024-009968,2025-01-02,6386.7,E0157
GR0007162,PO-2024-009969,2024-07-15,4960.95,E0163
GR0007163,PO-2024-009970,2024-07-31,1702.65,E0143
GR0007164,PO-2024-009971,2024-07-24,4651.83,E0151
GR0007165,PO-2025-009972,2025-05-11,7103.46,E0155
GR0007166,PO-2025-009973,2025-03-18,7546.82,E0155
GR0007167,PO-2024-009974,2024-04-05,583.43,E0153
GR0007168,PO-2024-009975,2024-08-16,4817.81,E0155
GR0007169,PO-2025-009976,2025-01-28,3215.7,E0150
GR0007170,PO-2024-009977,2024-06-14,1679.13,E0143
GR0007171,PO-2024-009977,2024-06-19,2428.46,E0145
GR0007172,PO-2024-009978,2024-05-10,6668.34,E0158
GR0007173,PO-2024-009979,2024-09-12,3934.88,E0160
GR0007174,PO-2024-009980,2024-10-08,4928.75,E0157
GR0007175,PO-2024-009981,2024-11-11,3094.94,E0144
GR0007176,PO-2024-009982,2024-01-15,1679.04,E0152
GR0007177,PO-2024-009983,2024-10-22,6282.94,E0149
GR0007178,PO-2024-009984,2024-07-22,5434.83,E0147
GR0007179,PO-2024-009984,2024-08-09,3060.02,E0140
GR0007180,PO-2024-009985,2024-02-12,1520.26,E0152
GR0007181,PO-2024-009986,2024-08-01,3798.98,E0155
GR0007182,PO-2024-009986,2024-08-13,3880.62,E0158
GR0007183,PO-2024-009987,2024-02-16,6156.74,E0162
GR0007184,PO-2024-009987,2024-03-05,4332.86,E0146
GR0007185,PO-2025-009988,2025-07-14,3198.52,E0142
GR0007186,PO-2024-009989,2024-04-30,2678.54,E0163
GR0007187,PO-2024-009990,2024-02-17,1957.65,E0146
GR0007188,PO-2025-009991,2025-06-26,4240.37,E0162
GR0007189,PO-2025-009992,2025-03-03,24883.52,E0145
GR0007190,PO-2025-009993,2025-01-11,10293.47,E0142
GR0007191,PO-2024-009994,2024-07-28,787.6,E0159
GR0007192,PO-2024-009994,2024-07-31,1036.83,E0148
GR0007193,PO-2025-009995,2025-03-08,7414.84,E0161
GR0007194,PO-2024-009996,2024-12-30,1120.87,E0149
GR0007195,PO-2024-009997,2024-03-06,2873.55,E0154
GR0007196,PO-2024-009998,2024-09-22,4937.82,E0143
GR0007197,PO-2024-009999,2024-03-08,384.76,E0155
GR0007198,PO-2024-009999,2024-03-15,533.26,E0150
GR0007199,PO-2024-010000,2024-10-28,2872.35,E0151
GR0007200,PO-2024-010001,2024-10-27,927.29,E0145
GR0007201,PO-2024-010001,2024-11-15,1317.41,E0140
GR0007202,PO-2025-010002,2025-02-10,10344.64,E0144
GR0007203,PO-2024-010003,2024-11-06,15414.51,E0160
GR0007204,PO-2024-010004,2024-11-20,5112.4,E0150
GR0007205,PO-2024-010005,2024-07-13,20729.86,E0160
GR0007206,PO-2025-010006,2025-05-04,791.34,E0145
GR0007207,PO-2024-010007,2024-12-26,3271.05,E0147
GR0007208,PO-2024-010008,2024-04-09,4489.47,E0146
GR0007209,PO-2024-010009,2024-09-02,5418.79,E0140
GR0007210,PO-2024-010010,2024-06-03,11890.03,E0161
GR0007211,PO-2024-010010,2024-06-13,16074.85,E0162
GR0007212,PO-2024-010011,2024-08-28,6075.18,E0157
GR0007213,PO-2024-010012,2024-06-03,8375.15,E0148
GR0007214,PO-2025-010013,2025-02-01,3264.13,E0144
GR0007215,PO-2025-010013,2025-02-09,4465.8,E0147
GR0007216,PO-2025-010014,2025-02-09,6107.71,E0155
GR0007217,PO-2024-010015,2024-05-07,10945.5,E0143
GR0007218,PO-2025-010016,2025-06-07,2889.07,E0158
GR0007219,PO-2025-010017,2025-06-24,1820.2,E0154
GR0007220,PO-2024-010018,2024-12-05,7029.44,E0154
GR0007221,PO-2025-010019,2025-04-05,2256.32,E0145
GR0007222,PO-2024-010020,2024-09-25,68997.32,E0148
GR0007223,PO-2024-010021,2024-11-04,3114.07,E0147
GR0007224,PO-2024-010022,2025-01-03,7309.24,E0163
GR0007225,PO-2025-010023,2025-02-21,10242.35,E0147
GR0007226,PO-2024-010024,2024-06-27,20108.16,E0161
GR0007227,PO-2024-010025,2024-05-25,1461.53,E0141
GR0007228,PO-2024-010026,2024-05-19,6504.99,E0143
GR0007229,PO-2024-010027,2024-03-13,1555.81,E0155
GR0007230,PO-2025-010028,2025-01-31,1285.31,E0155
GR0007231,PO-2024-010029,2024-01-31,1622.52,E0154
GR0007232,PO-2024-010030,2024-02-13,6605.15,E0156
GR0007233,PO-2025-010031,2025-04-03,2637.34,E0157
GR0007234,PO-2024-010032,2024-11-04,9318.53,E0146
GR0007235,PO-2024-010033,2024-11-07,18558.65,E0140
GR0007236,PO-2025-010034,2025-06-18,1566.0,E0140
GR0007237,PO-2024-010035,2024-12-28,27647.62,E0144
GR0007238,PO-2025-010036,2025-04-16,9438.53,E0160
GR0007239,PO-2025-010037,2025-03-10,27087.28,E0159
GR0007240,PO-2024-010038,2024-12-26,6064.97,E0153
GR0007241,PO-2024-010039,2024-10-02,3542.96,E0153
GR0007242,PO-2025-010040,2025-03-25,3849.91,E0148
GR0007243,PO-2024-010041,2024-01-24,6763.05,E0157
GR0007244,PO-2025-010042,2025-04-05,62591.6,E0143
GR0007245,PO-2025-010043,2025-02-11,17949.75,E0149
GR0007246,PO-2024-010044,2024-05-06,4048.52,E0144
GR0007247,PO-2024-010045,2024-05-14,2996.61,E0154
GR0007248,PO-2024-010046,2024-01-08,8015.68,E0151
GR0007249,PO-2024-010047,2024-06-14,4333.12,E0159
GR0007250,PO-2024-010048,2024-04-29,5357.55,E0156
GR0007251,PO-2025-010049,2025-02-17,727.32,E0158
GR0007252,PO-2024-010050,2024-04-01,4502.16,E0149
GR0007253,PO-2024-010051,2024-06-20,1517.86,E0155
GR0007254,PO-2024-010051,2024-07-06,702.1,E0144
GR0007255,PO-2024-010052,2024-11-17,2842.77,E0147
GR0007256,PO-2024-010053,2024-07-07,1388.4,E0144
GR0007257,PO-2024-010054,2024-02-02,13475.18,E0159
GR0007258,PO-2024-010055,2024-02-20,5604.85,E0148
GR0007259,PO-2024-010056,2024-06-12,4717.79,E0147
GR0007260,PO-2024-010057,2024-07-02,24924.86,E0145
GR0007261,PO-2024-010058,2024-02-03,35848.98,E0144
GR0007262,PO-2024-010059,2024-05-14,52553.46,E0151
GR0007263,PO-2024-010060,2024-07-17,9629.71,E0159
GR0007264,PO-2024-010061,2024-02-03,12930.57,E0143
GR0007265,PO-2024-010062,2024-05-28,1778.32,E0153
GR0007266,PO-2024-010063,2024-08-22,9123.34,E0144
GR0007267,PO-2024-010064,2024-08-09,10445.17,E0158
GR0007268,PO-2024-010065,2024-11-29,5245.56,E0159
GR0007269,PO-2024-010066,2024-02-05,4232.86,E0157
GR0007270,PO-2024-010066,2024-02-07,3260.29,E0140
GR0007271,PO-2024-010067,2024-02-26,4037.86,E0146
GR0007272,PO-2024-010068,2024-03-17,6594.27,E0144
GR0007273,PO-2025-010069,2025-03-19,724.39,E0162
GR0007274,PO-2024-010070,2024-11-21,4838.96,E0153
GR0007275,PO-2024-010071,2024-06-18,18974.65,E0141
GR0007276,PO-2024-010072,2024-05-13,3004.68,E0154
GR0007277,PO-2025-010073,2025-07-07,2230.46,E0149
GR0007278,PO-2025-010074,2025-02-02,3090.8,E0142
GR0007279,PO-2024-010075,2024-09-15,14003.59,E0146
GR0007280,PO-2024-010076,2024-03-06,851.55,E0161
GR0007281,PO-2024-010076,2024-03-17,722.34,E0160
GR0007282,PO-2024-010077,2024-07-05,17907.95,E0148
GR0007283,PO-2024-010078,2024-12-11,28304.38,E0160
GR0007284,PO-2024-010078,2024-12-25,25354.63,E0146
GR0007285,PO-2025-010109,2025-05-27,1139.23,E0144
GR0007286,PO-2024-010110,2024-04-16,449.18,E0159
GR0007287,PO-2024-010110,2024-04-22,491.57,E0148
GR0007288,PO-2024-010111,2024-07-21,298.2,E0152
GR0007289,PO-2025-010112,2025-01-30,470.93,E0155
GR0007290,PO-2024-010113,2024-02-01,117.07,E0149
GR0007291,PO-2024-010114,2024-09-07,1651.32,E0153
GR0007292,PO-2025-010115,2025-03-12,1768.84,E0163
GR0007293,PO-2025-010115,2025-03-17,1856.27,E0152
GR0007294,PO-2024-010116,2024-07-21,1099.41,E0143
GR0007295,PO-2024-010117,2024-08-23,587.77,E0163
GR0007296,PO-2024-010118,2024-01-19,278.4,E0160
GR0007297,PO-2024-010119,2024-04-30,496.14,E0161
GR0007298,PO-2025-010120,2025-03-27,188.63,E0154
GR0007299,PO-2024-010121,2024-09-21,147.71,E0158
GR0007300,PO-2024-010122,2024-03-09,2502.32,E0148
GR0007301,PO-2025-010123,2025-01-18,148.02,E0158
GR0007302,PO-2025-010124,2025-06-06,569.82,E0152
GR0007303,PO-2025-010125,2025-02-27,409.04,E0157
GR0007304,PO-2025-010125,2025-03-06,255.43,E0153
GR0007305,PO-2024-010126,2024-08-04,1500.13,E0144
GR0007306,PO-2025-010127,2025-04-10,2979.08,E0153
GR0007307,PO-2024-010128,2024-10-20,117.71,E0163
GR0007308,PO-2024-010129,2024-02-08,1070.55,E0143
GR0007309,PO-2024-010130,2024-07-13,187.13,E0153
GR0007310,PO-2024-010131,2024-10-16,1240.63,E0147
GR0007311,PO-2025-010132,2025-04-12,4356.59,E0150
GR0007312,PO-2024-010133,2024-05-09,426.94,E0163
GR0007313,PO-2024-010134,2024-09-27,413.38,E0144
GR0007314,PO-2025-010135,2025-05-27,433.6,E0142
GR0007315,PO-2025-010136,2025-02-10,2072.25,E0140
GR0007316,PO-2024-010137,2024-06-10,117.53,E0155
GR0007317,PO-2025-010138,2025-03-10,419.86,E0149
GR0007318,PO-2025-010139,2025-01-30,625.0,E0146
GR0007319,PO-2024-010140,2024-11-13,1583.26,E0158
GR0007320,PO-2024-010141,2024-09-25,2327.33,E0162
GR0007321,PO-2024-010142,2024-02-01,218.81,E0140
GR0007322,PO-2024-010143,2024-09-06,5411.36,E0149
GR0007323,PO-2024-010144,2024-10-04,449.67,E0151
GR0007324,PO-2024-010145,2024-07-29,572.07,E0158
GR0007325,PO-2024-010146,2024-04-15,3343.24,E0140
GR0007326,PO-2024-010224,2024-11-24,16974.84,E0154
GR0007327,PO-2024-010225,2024-11-26,388.37,E0153
GR0007328,PO-2024-010226,2024-03-14,955.6,E0160
GR0007329,PO-2024-010227,2024-03-29,2602.04,E0155
GR0007330,PO-2025-010228,2025-02-01,1029.87,E0142
GR0007331,PO-2025-010228,2025-02-18,987.64,E0145
GR0007332,PO-2024-010229,2024-04-29,1997.68,E0148
GR0007333,PO-2024-010230,2024-02-29,1834.32,E0153
GR0007334,PO-2024-010231,2024-12-13,73.0,E0160
GR0007335,PO-2024-010231,2024-12-15,50.33,E0163
GR0007336,PO-2025-010232,2025-05-04,265.58,E0160
GR0007337,PO-2024-010233,2024-10-10,910.39,E0146
GR0007338,PO-2024-010234,2024-11-26,226.98,E0146
GR0007339,PO-2024-010235,2024-03-11,1065.47,E0159
GR0007340,PO-2024-010236,2024-03-12,716.12,E0163
GR0007341,PO-2025-010237,2025-06-01,245.17,E0142
GR0007342,PO-2024-010238,2024-11-27,259.93,E0156
GR0007343,PO-2024-010239,2024-07-23,2759.93,E0146
GR0007344,PO-2025-010240,2025-03-02,3331.21,E0157
GR0007345,PO-2025-010241,2025-07-08,3187.41,E0156
GR0007346,PO-2024-010242,2024-04-08,811.23,E0158
GR0007347,PO-2024-010243,2024-04-06,517.23,E0142
GR0007348,PO-2024-010244,2024-08-13,132.67,E0154
GR0007349,PO-2025-010245,2025-02-24,30418.73,E0159
GR0007350,PO-2025-010246,2025-03-28,1034.4,E0143
GR0007351,PO-2024-010247,2024-01-17,468.48,E0144
GR0007352,PO-2024-010248,2024-09-18,13775.04,E0160
GR0007353,PO-2025-010249,2025-04-14,117.13,E0151
GR0007354,PO-2024-010250,2024-09-20,327.08,E0148
GR0007355,PO-2024-010251,2024-01-29,12153.06,E0142
GR0007356,PO-2024-010252,2024-08-08,1000.82,E0142
GR0007357,PO-2025-010253,2025-01-30,457.15,E0162
GR0007358,PO-2025-010253,2025-02-08,212.69,E0154
GR0007359,PO-2025-010254,2025-01-27,5170.51,E0154
GR0007360,PO-2024-010255,2024-09-22,4447.27,E0140
GR0007361,PO-2024-010256,2024-03-17,1457.54,E0156
GR0007362,PO-2025-010257,2025-02-03,1878.57,E0147
GR0007363,PO-2024-010258,2024-10-19,344.42,E0146
GR0007364,PO-2024-010258,2024-11-04,205.64,E0162
GR0007365,PO-2024-010259,2024-09-23,1726.18,E0140
GR0007366,PO-2024-010259,2024-10-03,1572.09,E0153
GR0007367,PO-2024-010260,2024-08-04,644.11,E0141
GR0007368,PO-2024-010261,2024-12-18,185.62,E0150
GR0007369,PO-2024-010262,2024-10-24,418.5,E0161
GR0007370,PO-2024-010263,2024-06-05,1332.05,E0152
GR0007371,PO-2025-010264,2025-06-02,1567.67,E0145
GR0007372,PO-2024-010265,2024-02-02,1037.74,E0155
GR0007373,PO-2024-010266,2024-09-27,1722.95,E0159
GR0007374,PO-2024-010267,2024-04-26,1374.15,E0144
GR0007375,PO-2024-010267,2024-05-03,1377.21,E0149
GR0007376,PO-2024-010268,2024-10-15,144.59,E0147
GR0007377,PO-2025-010269,2025-03-31,3598.63,E0150
GR0007378,PO-2024-010270,2024-11-21,1191.56,E0147
GR0007379,PO-2025-010271,2025-03-12,1266.22,E0143
GR0007380,PO-2025-010272,2025-03-12,1276.18,E0162
GR0007381,PO-2024-010273,2024-08-06,586.04,E0157
GR0007382,PO-2024-010274,2024-11-24,482.08,E0147
GR0007383,PO-2025-010275,2025-04-17,2308.72,E0155
GR0007384,PO-2025-010276,2025-04-08,6101.31,E0153
GR0007385,PO-2025-010277,2025-03-14,764.19,E0152
GR0007386,PO-2024-010278,2024-02-18,1643.94,E0154
GR0007387,PO-2024-010278,2024-03-03,1031.32,E0155
GR0007388,PO-2025-010279,2025-02-19,2152.33,E0161
GR0007389,PO-2024-010280,2024-05-29,1105.96,E0160
GR0007390,PO-2024-010281,2024-09-24,196.01,E0160
GR0007391,PO-2024-010282,2024-08-05,1653.66,E0147
GR0007392,PO-2025-010283,2025-05-05,11128.65,E0163
GR0007393,PO-2024-010284,2024-09-29,1910.76,E0154
GR0007394,PO-2024-010284,2024-10-10,2073.93,E0155
GR0007395,PO-2024-010285,2024-05-23,6925.9,E0145
GR0007396,PO-2025-010286,2025-05-14,1302.66,E0158
GR0007397,PO-2024-010287,2024-04-21,1207.26,E0147
GR0007398,PO-2025-010288,2025-03-07,2276.89,E0143
GR0007399,PO-2024-010289,2024-12-22,654.22,E0161
GR0007400,PO-2024-010289,2024-12-31,595.36,E0142
GR0007401,PO-2025-010290,2025-05-12,8684.86,E0156
GR0007402,PO-2024-010291,2024-09-16,995.64,E0160
GR0007403,PO-2024-010292,2024-11-07,768.12,E0148
GR0007404,PO-2024-010293,2024-06-02,516.04,E0149
GR0007405,PO-2024-010294,2024-04-28,294.49,E0156
GR0007406,PO-2024-010295,2024-11-05,268.81,E0145
GR0007407,PO-2024-010295,2024-11-22,127.09,E0145
GR0007408,PO-2025-010296,2025-05-31,7972.01,E0156
GR0007409,PO-2025-010297,2025-02-18,353.85,E0157
GR0007410,PO-2025-010298,2025-04-23,597.34,E0144
GR0007411,PO-2024-010299,2024-12-21,1000.29,E0158
GR0007412,PO-2024-010300,2024-07-19,849.18,E0163
GR0007413,PO-2024-010301,2024-08-05,2057.14,E0155
GR0007414,PO-2024-010302,2024-09-02,4443.45,E0150
GR0007415,PO-2024-010303,2024-09-15,4386.06,E0145
GR0007416,PO-2024-010304,2024-11-15,2204.75,E0141
GR0007417,PO-2024-010305,2024-03-31,297.67,E0144
GR0007418,PO-2024-010306,2024-03-06,1790.65,E0157
GR0007419,PO-2024-010307,2024-08-09,61.0,E0152
GR0007420,PO-2024-010307,2024-08-14,79.26,E0143
GR0007421,PO-2024-010308,2024-06-17,1435.16,E0157
GR0007422,PO-2024-010309,2024-01-27,465.92,E0145
GR0007423,PO-2025-010310,2025-03-04,3764.72,E0163
GR0007424,PO-2025-010311,2025-03-05,2064.22,E0147
GR0007425,PO-2024-010312,2024-06-26,904.71,E0158
GR0007426,PO-2025-010313,2025-07-03,303.79,E0160
GR0007427,PO-2024-010314,2024-01-23,228.98,E0141
GR0007428,PO-2024-010315,2024-07-30,4659.09,E0163
GR0007429,PO-2025-010316,2025-01-26,1336.99,E0147
GR0007430,PO-2024-010317,2024-01-23,554.17,E0156
GR0007431,PO-2025-010318,2025-01-31,1208.05,E0162
GR0007432,PO-2024-010319,2024-08-30,1324.75,E0144
GR0007433,PO-2024-010320,2024-07-01,550.95,E0147
GR0007434,PO-2024-010320,2024-07-19,296.13,E0154
GR0007435,PO-2024-010321,2024-10-29,252.1,E0159
GR0007436,PO-2025-010322,2025-06-15,966.91,E0154
GR0007437,PO-2025-010323,2025-04-08,1772.38,E0141
GR0007438,PO-2025-010324,2025-03-22,398.41,E0160
GR0007439,PO-2024-010325,2024-02-24,326.26,E0143
GR0007440,PO-2025-010326,2025-05-03,251.27,E0143
GR0007441,PO-2024-010327,2024-04-20,362.03,E0156
GR0007442,PO-2024-010328,2024-08-01,839.32,E0140
GR0007443,PO-2024-010329,2024-09-09,1144.99,E0154
GR0007444,PO-2024-010330,2024-03-25,688.67,E0143
GR0007445,PO-2024-010331,2024-09-25,687.34,E0141
GR0007446,PO-2024-010332,2024-12-19,1993.55,E0151
GR0007447,PO-2024-010333,2024-12-28,1013.92,E0149
GR0007448,PO-2025-010334,2025-07-08,4814.33,E0142
GR0007449,PO-2024-010335,2024-11-01,1761.92,E0154
GR0007450,PO-2024-010336,2024-09-11,4480.57,E0152
GR0007451,PO-2024-010337,2024-03-19,394.22,E0150
GR0007452,PO-2024-010337,2024-03-28,389.13,E0161
GR0007453,PO-2024-010338,2024-10-23,613.0,E0162
GR0007454,PO-2024-010339,2024-02-01,765.26,E0147
GR0007455,PO-2024-010339,2024-02-13,917.69,E0143
GR0007456,PO-2024-010340,2024-12-10,1091.09,E0147
GR0007457,PO-2024-010341,2024-05-21,1545.35,E0151
GR0007458,PO-2024-010342,2024-06-30,2352.65,E0150
GR0007459,PO-2025-010343,2025-03-21,1836.9,E0146
GR0007460,PO-2024-010344,2024-08-30,1868.57,E0160
GR0007461,PO-2025-010345,2025-06-03,683.8,E0151
GR0007462,PO-2025-010346,2025-03-25,487.86,E0145
GR0007463,PO-2024-010347,2024-07-07,2053.59,E0151
GR0007464,PO-2024-010348,2024-08-15,1102.86,E0163
GR0007465,PO-2024-010349,2024-07-09,237.76,E0149
GR0007466,PO-2024-010350,2024-01-07,1352.08,E0163
GR0007467,PO-2024-010350,2024-01-25,970.33,E0142
GR0007468,PO-2024-010351,2024-12-12,117.65,E0156
GR0007469,PO-2024-010352,2024-07-14,2595.0,E0158
GR0007470,PO-2024-010353,2024-01-15,2470.75,E0154
GR0007471,PO-2024-010354,2025-01-04,635.9,E0156
GR0007472,PO-2024-010355,2024-11-22,729.75,E0154
GR0007473,PO-2025-010356,2025-06-15,524.5,E0148
GR0007474,PO-2024-010357,2024-07-30,470.04,E0155
GR0007475,PO-2024-010358,2024-10-06,11987.21,E0151
GR0007476,PO-2024-010359,2024-08-24,566.9,E0150
GR0007477,PO-2025-010360,2025-01-09,6154.53,E0158
GR0007478,PO-2024-010361,2024-07-14,1202.9,E0162
GR0007479,PO-2025-010362,2025-02-03,700.85,E0157
GR0007480,PO-2024-010363,2024-09-20,554.07,E0140
GR0007481,PO-2025-010364,2025-03-06,4310.25,E0146
GR0007482,PO-2025-010365,2025-04-18,2555.17,E0158
GR0007483,PO-2024-010366,2024-06-15,2135.66,E0148
GR0007484,PO-2024-010367,2024-09-04,9262.0,E0147
GR0007485,PO-2025-010368,2025-05-26,4400.21,E0149
GR0007486,PO-2025-010368,2025-06-14,5081.43,E0147
GR0007487,PO-2024-010369,2024-06-14,10726.26,E0150
GR0007488,PO-2024-010370,2024-09-23,1722.9,E0151
GR0007489,PO-2025-010371,2025-05-02,3476.14,E0158
GR0007490,PO-2024-010372,2024-04-26,6038.91,E0140
GR0007491,PO-2024-010373,2024-07-20,2283.8,E0141
GR0007492,PO-2024-010374,2024-08-20,6066.51,E0148
GR0007493,PO-2024-010375,2024-10-25,385.46,E0143
GR0007494,PO-2024-010375,2024-10-30,266.75,E0159
GR0007495,PO-2025-010376,2025-06-28,4730.44,E0152
GR0007496,PO-2025-010377,2025-07-02,9367.0,E0146
GR0007497,PO-2025-010378,2025-04-29,843.67,E0150
GR0007498,PO-2025-010378,2025-05-16,970.87,E0157
GR0007499,PO-2024-010379,2024-04-12,3300.63,E0160
GR0007500,PO-2024-010380,2024-11-06,779.78,E0159
GR0007501,PO-2025-010381,2025-06-09,6901.17,E0151
GR0007502,PO-2025-010381,2025-06-23,3684.87,E0156
GR0007503,PO-2024-010382,2024-08-29,1760.35,E0153
GR0007504,PO-2024-010383,2024-12-23,1075.06,E0152
GR0007505,PO-2024-010383,2025-01-03,689.68,E0162
GR0007506,PO-2024-010384,2024-02-09,808.33,E0149
GR0007507,PO-2025-010385,2025-03-20,3655.36,E0155
GR0007508,PO-2024-010386,2024-11-13,12494.63,E0158
GR0007509,PO-2025-010387,2025-06-18,1208.2,E0144
GR0007510,PO-2024-010388,2024-09-11,6047.32,E0152
GR0007511,PO-2024-010389,2024-12-10,5352.01,E0142
GR0007512,PO-2025-010390,2025-04-11,6650.91,E0153
GR0007513,PO-2025-010391,2025-01-31,7913.81,E0157
GR0007514,PO-2025-010404,2025-05-17,1815.57,E0159
GR0007515,PO-2025-010405,2025-06-29,4607.72,E0145
GR0007516,PO-2025-010406,2025-02-17,684.6,E0159
GR0007517,PO-2024-010407,2024-07-03,2072.9,E0145
GR0007518,PO-2024-010408,2024-12-02,157.26,E0143
GR0007519,PO-2024-010408,2024-12-16,199.43,E0157
GR0007520,PO-2024-010409,2024-04-06,533.12,E0147
GR0007521,PO-2024-010409,2024-04-24,256.66,E0146
GR0007522,PO-2024-010410,2024-07-28,5561.82,E0145
GR0007523,PO-2025-010411,2025-01-23,136.28,E0150
GR0007524,PO-2024-010412,2024-11-06,906.71,E0141
GR0007525,PO-2024-010413,2024-02-07,1372.17,E0146
GR0007526,PO-2024-010414,2024-11-18,974.17,E0157
GR0007527,PO-2024-010415,2024-06-30,908.22,E0158
GR0007528,PO-2025-010416,2025-06-10,165.54,E0159
GR0007529,PO-2024-010417,2024-06-16,6828.09,E0162
GR0007530,PO-2024-010418,2024-08-18,1719.24,E0153
GR0007531,PO-2024-010419,2024-07-15,2089.83,E0151
GR0007532,PO-2024-010420,2024-01-15,5138.84,E0155
GR0007533,PO-2025-010421,2025-04-28,474.18,E0161
GR0007534,PO-2024-010422,2024-09-22,6132.31,E0143
GR0007535,PO-2024-010423,2024-12-21,761.95,E0160
GR0007536,PO-2024-010424,2024-03-22,721.74,E0156
GR0007537,PO-2024-010424,2024-03-25,901.89,E0148
GR0007538,PO-2024-010425,2024-11-04,433.31,E0153
GR0007539,PO-2024-010426,2024-05-13,679.98,E0147
GR0007540,PO-2024-010426,2024-05-15,343.7,E0155
GR0007541,PO-2024-010427,2024-08-23,333.82,E0140
GR0007542,PO-2024-010428,2024-07-02,14629.46,E0161
GR0007543,PO-2025-010429,2025-03-14,2622.43,E0149
GR0007544,PO-2024-010430,2024-07-31,1183.26,E0157
GR0007545,PO-2025-010431,2025-06-11,1468.29,E0149
GR0007546,PO-2025-010431,2025-06-24,775.08,E0142
GR0007547,PO-2025-010432,2025-04-23,5697.55,E0161
GR0007548,PO-2025-010433,2025-04-26,1400.64,E0150
GR0007549,PO-2025-010434,2025-03-28,3183.93,E0159
GR0007550,PO-2024-010435,2024-01-30,1057.31,E0146
GR0007551,PO-2025-010436,2025-05-29,943.76,E0143
GR0007552,PO-2024-010437,2024-11-30,3356.05,E0163
GR0007553,PO-2024-010438,2024-04-24,273.02,E0142
GR0007554,PO-2025-010439,2025-06-26,1118.56,E0160
GR0007555,PO-2024-010440,2024-02-17,1107.81,E0151
GR0007556,PO-2024-010441,2024-02-24,793.45,E0147
GR0007557,PO-2025-010442,2025-04-08,2407.92,E0148
GR0007558,PO-2024-010443,2024-04-30,118.04,E0144
GR0007559,PO-2024-010444,2024-09-03,1118.22,E0145
GR0007560,PO-2024-010445,2024-11-10,610.05,E0140
GR0007561,PO-2024-010446,2024-03-24,140.33,E0162
GR0007562,PO-2024-010446,2024-03-30,71.97,E0159
GR0007563,PO-2025-010447,2025-05-27,117.67,E0158
GR0007564,PO-2024-010448,2024-04-23,5405.59,E0160
GR0007565,PO-2024-010449,2024-03-20,4244.04,E0156
GR0007566,PO-2024-010449,2024-04-09,4737.85,E0145
GR0007567,PO-2024-010450,2024-10-20,4047.81,E0150
GR0007568,PO-2024-010450,2024-10-31,3981.4,E0142
GR0007569,PO-2024-010451,2024-11-11,963.59,E0154
GR0007570,PO-2025-010452,2025-02-28,7041.33,E0151
GR0007571,PO-2024-010453,2024-06-28,444.22,E0141
GR0007572,PO-2024-010454,2024-07-22,1119.77,E0141
GR0007573,PO-2024-010455,2024-06-18,2011.0,E0140
GR0007574,PO-2024-010456,2024-12-01,1625.96,E0141
GR0007575,PO-2024-010456,2024-12-09,1323.93,E0146
GR0007576,PO-2024-010457,2024-10-20,530.8,E0156
GR0007577,PO-2025-010458,2025-04-18,170.91,E0145
GR0007578,PO-2024-010459,2024-11-12,673.91,E0153
GR0007579,PO-2024-010460,2024-01-06,5756.15,E0144
GR0007580,PO-2024-010461,2024-04-07,3607.22,E0156
GR0007581,PO-2024-010462,2024-04-13,5584.55,E0148
GR0007582,PO-2024-010463,2024-10-16,387.62,E0149
GR0007583,PO-2024-010464,2024-05-17,613.51,E0160
GR0007584,PO-2024-010464,2024-05-27,652.46,E0150
GR0007585,PO-2025-010465,2025-06-03,1368.47,E0144
GR0007586,PO-2024-010466,2024-05-29,1915.24,E0146
GR0007587,PO-2024-010466,2024-06-05,1061.11,E0154
GR0007588,PO-2024-010467,2024-10-03,1310.32,E0160
GR0007589,PO-2024-010468,2024-10-10,1647.02,E0146
GR0007590,PO-2024-010469,2024-12-01,1817.68,E0157
GR0007591,PO-2025-010470,2025-03-25,346.79,E0150
GR0007592,PO-2024-010471,2024-10-27,240.01,E0151
GR0007593,PO-2025-010472,2025-03-04,485.32,E0144
GR0007594,PO-2024-010473,2024-10-24,1096.44,E0161
GR0007595,PO-2024-010473,2024-11-06,1081.55,E0141
GR0007596,PO-2024-010474,2024-01-17,3883.05,E0146
GR0007597,PO-2025-010475,2025-06-10,1525.4,E0158
GR0007598,PO-2024-010476,2024-05-08,1985.62,E0162
GR0007599,PO-2025-010477,2025-02-21,689.34,E0145
GR0007600,PO-2024-010478,2024-11-07,1217.83,E0163
GR0007601,PO-2025-010479,2025-04-26,2451.9,E0142
GR0007602,PO-2025-010480,2025-06-03,3609.54,E0144
GR0007603,PO-2024-010481,2024-08-28,11950.69,E0146
GR0007604,PO-2024-010482,2024-01-13,4770.12,E0142
GR0007605,PO-2024-010483,2024-10-04,502.8,E0147
GR0007606,PO-2024-010483,2024-10-11,333.36,E0149
GR0007607,PO-2024-010484,2024-12-22,674.56,E0142
GR0007608,PO-2024-010485,2024-08-14,203.27,E0142
GR0007609,PO-2025-010486,2025-03-25,957.64,E0146
GR0007610,PO-2025-010487,2025-06-11,313.82,E0141
GR0007611,PO-2024-010488,2024-03-22,2125.3,E0144
GR0007612,PO-2024-010489,2024-04-18,353.68,E0152
GR0007613,PO-2024-010490,2024-05-22,490.0,E0163
GR0007614,PO-2024-010491,2024-12-22,1111.65,E0157
GR0007615,PO-2024-010492,2024-04-09,134.04,E0161
GR0007616,PO-2025-010493,2025-04-17,6468.65,E0154
GR0007617,PO-2025-010493,2025-04-26,4418.78,E0160
GR0007618,PO-2024-010706,2024-05-06,2333.56,E0161
GR0007619,PO-2024-010707,2024-05-10,6716.55,E0146
GR0007620,PO-2024-010708,2024-12-07,1575.51,E0145
GR0007621,PO-2024-010709,2024-06-20,2525.51,E0159
GR0007622,PO-2024-010710,2024-12-24,1510.37,E0140
GR0007623,PO-2024-010711,2024-06-26,1142.84,E0145
GR0007624,PO-2024-010712,2024-01-11,5947.38,E0145
GR0007625,PO-2024-010712,2024-01-18,4547.74,E0141
GR0007626,PO-2024-010713,2024-09-29,3482.6,E0151
GR0007627,PO-2025-010714,2025-04-02,4657.47,E0150
GR0007628,PO-2025-010714,2025-04-14,2769.81,E0151
GR0007629,PO-2024-010715,2024-03-03,15365.72,E0162
GR0007630,PO-2024-010716,2024-12-13,3823.45,E0142
GR0007631,PO-2024-010717,2024-09-04,6012.45,E0150
GR0007632,PO-2024-010718,2024-04-16,1483.06,E0148
GR0007633,PO-2024-010719,2024-05-01,1533.92,E0152
GR0007634,PO-2024-010720,2024-12-23,3250.86,E0142
GR0007635,PO-2024-010721,2024-01-15,6043.63,E0155
GR0007636,PO-2024-010722,2025-01-08,765.38,E0163
GR0007637,PO-2024-010722,2025-01-19,356.03,E0148
GR0007638,PO-2024-010723,2024-03-27,1087.16,E0158
GR0007639,PO-2025-010724,2025-01-28,965.17,E0152
GR0007640,PO-2024-010725,2024-12-21,1617.56,E0148
GR0007641,PO-2025-010726,2025-01-26,803.81,E0159
GR0007642,PO-2025-010727,2025-05-30,5316.88,E0160
GR0007643,PO-2024-010728,2024-09-28,3020.53,E0154
GR0007644,PO-2024-010729,2024-09-29,324.74,E0144
GR0007645,PO-2024-010730,2024-08-09,812.34,E0154
GR0007646,PO-2024-010731,2024-03-08,1740.84,E0156
GR0007647,PO-2025-010732,2025-05-24,4115.46,E0142
GR0007648,PO-2024-010733,2024-02-03,11316.47,E0156
GR0007649,PO-2025-010734,2025-03-13,657.49,E0146
GR0007650,PO-2024-010735,2024-07-10,1630.54,E0150
GR0007651,PO-2024-010736,2024-11-30,489.29,E0144
GR0007652,PO-2025-010737,2025-06-12,2934.79,E0150
GR0007653,PO-2025-010738,2025-05-03,5437.17,E0161
GR0007654,PO-2024-010739,2024-10-07,5239.52,E0141
GR0007655,PO-2024-010740,2024-02-10,10924.45,E0160
GR0007656,PO-2024-010741,2024-11-11,960.28,E0140
GR0007657,PO-2024-010742,2024-10-14,16553.42,E0162
GR0007658,PO-2024-010743,2024-09-25,22874.02,E0151
GR0007659,PO-2025-010744,2025-05-31,639.1,E0160
GR0007660,PO-2025-010745,2025-05-17,458.0,E0151
GR0007661,PO-2024-010746,2024-01-14,436.95,E0158
GR0007662,PO-2024-010747,2024-07-26,4368.75,E0158
GR0007663,PO-2025-010748,2025-06-22,7040.14,E0147
GR0007664,PO-2024-010749,2024-11-26,1205.89,E0151
GR0007665,PO-2024-010750,2024-11-26,1551.03,E0152
GR0007666,PO-2024-010750,2024-12-13,1538.4,E0150
GR0007667,PO-2024-010751,2024-10-15,5443.63,E0161
GR0007668,PO-2024-010752,2024-11-10,1299.24,E0154
GR0007669,PO-2025-010753,2025-06-03,4124.68,E0157
GR0007670,PO-2025-010754,2025-02-16,4465.43,E0157
GR0007671,PO-2024-010755,2024-12-13,236.0,E0155
GR0007672,PO-2024-010755,2024-12-28,278.1,E0154
GR0007673,PO-2024-010756,2024-12-14,3374.21,E0144
GR0007674,PO-2025-010757,2025-04-22,5066.48,E0158
GR0007675,PO-2024-010758,2024-12-11,8009.91,E0145
GR0007676,PO-2024-010759,2024-10-13,459.21,E0156
GR0007677,PO-2024-010759,2024-10-26,339.47,E0160
GR0007678,PO-2025-010760,2025-04-10,2866.52,E0140
GR0007679,PO-2024-010761,2024-05-26,7087.7,E0157
GR0007680,PO-2024-010761,2024-06-03,6968.22,E0147
GR0007681,PO-2024-010762,2024-10-13,205.19,E0157
GR0007682,PO-2025-010763,2025-03-08,427.74,E0142
GR0007683,PO-2024-010764,2024-06-05,3594.77,E0155
GR0007684,PO-2025-010765,2025-04-30,1449.74,E0145
GR0007685,PO-2024-010766,2024-11-18,3808.92,E0156
GR0007686,PO-2024-010767,2024-12-27,8183.09,E0162
GR0007687,PO-2024-010768,2024-10-16,210.15,E0153
GR0007688,PO-2024-010768,2024-10-25,226.34,E0163
GR0007689,PO-2024-010769,2024-11-28,15145.42,E0140
GR0007690,PO-2024-010770,2024-10-02,2397.16,E0142
GR0007691,PO-2025-010771,2025-05-02,676.85,E0162
GR0007692,PO-2025-010771,2025-05-14,457.17,E0150
GR0007693,PO-2025-010772,2025-04-03,1978.74,E0144
GR0007694,PO-2024-010773,2024-05-11,3755.69,E0151
GR0007695,PO-2024-010774,2024-12-15,3133.25,E0156
GR0007696,PO-2024-010775,2024-03-24,1307.46,E0157
GR0007697,PO-2024-010776,2024-11-08,861.67,E0142
GR0007698,PO-2024-010777,2024-09-25,1967.83,E0147
GR0007699,PO-2025-010778,2025-01-25,1411.52,E0145
GR0007700,PO-2025-010778,2025-02-07,1961.77,E0144
GR0007701,PO-2024-010779,2024-10-08,4657.86,E0160
GR0007702,PO-2025-010780,2025-06-11,856.26,E0150
GR0007703,PO-2025-010781,2025-02-14,3118.22,E0140
GR0007704,PO-2025-010782,2025-07-16,1815.42,E0162
GR0007705,PO-2025-010783,2025-07-01,16498.94,E0148
GR0007706,PO-2025-010784,2025-02-11,2764.25,E0147
GR0007707,PO-2024-010785,2024-06-30,801.73,E0145
GR0007708,PO-2024-010785,2024-07-10,447.96,E0154
GR0007709,PO-2024-010786,2024-08-11,7209.51,E0140
GR0007710,PO-2024-010787,2024-06-25,805.76,E0156
GR0007711,PO-2024-010788,2024-08-25,1597.74,E0160
GR0007712,PO-2024-010789,2024-11-16,781.28,E0161
GR0007713,PO-2025-010790,2025-05-09,610.81,E0162
GR0007714,PO-2024-010791,2024-08-02,1518.26,E0159
GR0007715,PO-2025-010792,2025-05-08,3268.94,E0151
GR0007716,PO-2025-010793,2025-04-27,382.92,E0146
GR0007717,PO-2025-010793,2025-05-08,492.58,E0158
GR0007718,PO-2025-010794,2025-03-30,2182.92,E0145
GR0007719,PO-2024-010795,2024-04-25,277.25,E0151
GR0007720,PO-2024-010795,2024-04-29,136.0,E0159
GR0007721,PO-2025-010796,2025-01-27,837.02,E0147
GR0007722,PO-2024-010797,2024-05-04,18584.44,E0159
GR0007723,PO-2024-010798,2024-05-21,3831.79,E0152
GR0007724,PO-2024-010799,2024-02-06,1720.26,E0147
GR0007725,PO-2024-010800,2024-05-14,6172.82,E0152
GR0007726,PO-2024-010801,2024-05-18,2556.22,E0151
GR0007727,PO-2025-010802,2025-06-08,1165.01,E0158
GR0007728,PO-2024-010803,2024-11-20,2606.73,E0150
GR0007729,PO-2025-010804,2025-02-21,13257.34,E0141
GR0007730,PO-2024-010805,2024-12-16,916.8,E0140
GR0007731,PO-2024-010806,2024-07-13,5415.89,E0160
GR0007732,PO-2024-010807,2024-02-22,3191.54,E0143
GR0007733,PO-2024-010808,2025-01-04,4421.93,E0151
GR0007734,PO-2024-010809,2024-04-04,1020.82,E0161
GR0007735,PO-2024-010810,2024-03-31,2832.39,E0155
GR0007736,PO-2024-010811,2024-05-01,2688.72,E0151
GR0007737,PO-2024-010812,2024-01-12,1388.81,E0156
GR0007738,PO-2025-010813,2025-06-30,12443.74,E0163
GR0007739,PO-2024-010814,2024-12-24,4946.22,E0142
GR0007740,PO-2024-010815,2024-04-14,6881.02,E0158
GR0007741,PO-2024-010816,2024-10-27,3292.11,E0142
GR0007742,PO-2025-010817,2025-03-22,2763.84,E0157
GR0007743,PO-2024-010818,2024-02-12,7929.2,E0162
GR0007744,PO-2024-010819,2024-10-14,1471.96,E0150
GR0007745,PO-2024-010820,2024-09-11,18249.02,E0148
GR0007746,PO-2025-010821,2025-03-06,4731.71,E0154
GR0007747,PO-2024-010822,2024-05-25,3877.74,E0155
GR0007748,PO-2024-010823,2024-02-05,822.29,E0161
GR0007749,PO-2025-010824,2025-01-18,23129.04,E0159
GR0007750,PO-2024-010825,2025-01-04,1436.2,E0157
GR0007751,PO-2025-010826,2025-05-11,3016.56,E0145
GR0007752,PO-2024-010827,2024-08-08,1097.35,E0141
GR0007753,PO-2025-010828,2025-07-16,5655.61,E0147
GR0007754,PO-2025-010829,2025-02-23,13215.23,E0155
GR0007755,PO-2024-010830,2024-04-29,2381.96,E0146
GR0007756,PO-2025-010831,2025-05-23,7769.63,E0156
GR0007757,PO-2024-010832,2024-07-29,1296.25,E0144
GR0007758,PO-2025-010833,2025-05-13,5071.87,E0151
GR0007759,PO-2024-010834,2024-07-06,2607.33,E0140
GR0007760,PO-2024-010834,2024-07-22,1220.35,E0154
GR0007761,PO-2024-010835,2024-06-02,1061.54,E0141
GR0007762,PO-2024-010836,2024-04-15,1384.34,E0141
GR0007763,PO-2024-010837,2024-11-07,2567.39,E0146
GR0007764,PO-2025-010838,2025-05-21,2252.49,E0150
GR0007765,PO-2024-010839,2024-12-06,2916.02,E0142
GR0007766,PO-2025-010840,2025-01-26,1590.83,E0153
GR0007767,PO-2025-010841,2025-05-18,73185.73,E0156
GR0007768,PO-2024-010842,2024-08-08,1331.25,E0161
GR0007769,PO-2024-010843,2025-01-03,4667.14,E0160
GR0007770,PO-2024-010844,2024-09-03,3485.93,E0147
GR0007771,PO-2024-010845,2024-07-30,2556.67,E0159
GR0007772,PO-2024-010846,2024-04-11,2550.42,E0156
GR0007773,PO-2024-010846,2024-04-18,1475.29,E0150
GR0007774,PO-2024-010847,2024-07-26,5561.49,E0160
GR0007775,PO-2024-010848,2024-07-26,1387.02,E0150
GR0007776,PO-2024-010849,2024-10-16,633.24,E0142
GR0007777,PO-2024-010849,2024-10-26,771.05,E0149
GR0007778,PO-2024-010850,2024-09-13,6941.95,E0154
GR0007779,PO-2025-010851,2025-03-31,145.76,E0154
GR0007780,PO-2024-010852,2024-07-11,2451.39,E0158
GR0007781,PO-2024-010853,2024-03-20,4930.95,E0152
GR0007782,PO-2025-010854,2025-06-23,7781.41,E0147
GR0007783,PO-2024-010855,2024-10-04,1945.82,E0163
GR0007784,PO-2024-010856,2024-12-15,3477.89,E0158
GR0007785,PO-2024-010857,2024-12-11,671.43,E0154
GR0007786,PO-2024-010857,2024-12-25,890.43,E0149
GR0007787,PO-2024-010858,2024-08-11,6792.37,E0148
GR0007788,PO-2024-010859,2024-03-30,1583.25,E0156
GR0007789,PO-2024-010860,2024-03-25,900.94,E0150
GR0007790,PO-2025-010861,2025-05-13,382.17,E0155
GR0007791,PO-2024-010862,2024-08-17,679.05,E0142
GR0007792,PO-2024-010863,2024-10-18,369.27,E0149
GR0007793,PO-2024-010864,2024-07-11,1034.66,E0147
GR0007794,PO-2024-010865,2024-01-09,9571.02,E0142
GR0007795,PO-2025-010866,2025-05-16,4165.64,E0149
GR0007796,PO-2024-010867,2024-08-28,3037.19,E0162
GR0007797,PO-2024-010867,2024-08-30,3933.7,E0141
GR0007798,PO-2024-010868,2024-02-07,2451.94,E0157
GR0007799,PO-2024-010869,2024-02-17,4414.95,E0156
GR0007800,PO-2024-010870,2024-08-11,3243.37,E0143
GR0007801,PO-2025-010871,2025-01-24,3017.41,E0151
GR0007802,PO-2024-010872,2024-12-08,14811.79,E0156
GR0007803,PO-2025-010873,2025-03-10,1343.47,E0140
GR0007804,PO-2024-010874,2024-02-28,2089.61,E0162
GR0007805,PO-2025-010875,2025-03-28,238.85,E0152
GR0007806,PO-2025-010875,2025-04-03,261.59,E0156
GR0007807,PO-2025-010876,2025-01-13,12049.28,E0151
GR0007808,PO-2024-010877,2024-09-19,12408.59,E0163
GR0007809,PO-2024-010878,2024-09-16,2179.28,E0145
GR0007810,PO-2024-010879,2024-01-21,2967.21,E0146
GR0007811,PO-2024-010879,2024-01-28,1915.08,E0141
GR0007812,PO-2024-010880,2024-07-13,774.74,E0163
GR0007813,PO-2025-010881,2025-06-06,5559.27,E0153
GR0007814,PO-2024-010882,2024-02-23,3782.83,E0163
GR0007815,PO-2024-010883,2024-08-09,2626.4,E0145
GR0007816,PO-2024-010883,2024-08-19,1572.65,E0142
GR0007817,PO-2024-010884,2024-04-01,1685.64,E0142
GR0007818,PO-2025-010885,2025-01-22,2349.05,E0149
GR0007819,PO-2024-010886,2024-11-01,2527.08,E0152
GR0007820,PO-2025-010887,2025-02-07,898.43,E0159
GR0007821,PO-2025-010888,2025-06-05,2512.61,E0151
GR0007822,PO-2024-010889,2024-06-22,2177.02,E0147
GR0007823,PO-2024-010890,2024-04-25,10051.2,E0141
GR0007824,PO-2025-010891,2025-01-29,9706.76,E0141
GR0007825,PO-2024-010892,2024-12-06,3995.55,E0152
GR0007826,PO-2024-010893,2024-11-23,1361.7,E0158
GR0007827,PO-2024-010894,2024-12-30,6962.1,E0145
GR0007828,PO-2024-010894,2025-01-14,4005.72,E0157
GR0007829,PO-2024-010895,2024-07-24,4624.76,E0158
GR0007830,PO-2024-010896,2024-02-19,2543.46,E0143
GR0007831,PO-2025-010897,2025-05-08,215.57,E0163
GR0007832,PO-2024-010898,2024-10-09,2645.99,E0157
GR0007833,PO-2024-010899,2024-12-04,12912.6,E0146
GR0007834,PO-2024-010900,2024-04-19,814.05,E0145
GR0007835,PO-2024-010901,2024-10-24,1320.67,E0156
GR0007836,PO-2024-010902,2024-06-19,1683.73,E0152
GR0007837,PO-2025-010903,2025-05-06,7599.76,E0157
GR0007838,PO-2024-010904,2024-04-13,8576.16,E0153
GR0007839,PO-2025-010905,2025-06-25,2176.65,E0145
GR0007840,PO-2024-010906,2024-06-23,12736.05,E0148
GR0007841,PO-2024-010907,2025-01-06,3434.09,E0162
GR0007842,PO-2024-010907,2025-01-08,3635.73,E0161
GR0007843,PO-2024-010908,2024-02-02,642.67,E0159
GR0007844,PO-2024-010909,2024-01-07,4933.73,E0159
GR0007845,PO-2024-010910,2024-11-15,3466.81,E0154
GR0007846,PO-2024-010911,2024-04-30,1873.96,E0149
GR0007847,PO-2024-010912,2024-04-13,5567.89,E0158
GR0007848,PO-2024-010913,2024-02-28,896.15,E0161
GR0007849,PO-2024-010913,2024-03-11,878.73,E0151
GR0007850,PO-2024-010914,2024-03-03,499.0,E0157
GR0007851,PO-2024-010914,2024-03-13,249.69,E0146
GR0007852,PO-2024-010915,2024-09-29,5512.48,E0152
GR0007853,PO-2024-010916,2024-06-25,1581.77,E0160
GR0007854,PO-2025-010917,2025-02-15,5484.79,E0153
GR0007855,PO-2024-010918,2024-11-11,1102.27,E0157
GR0007856,PO-2024-010919,2024-10-25,4235.06,E0159
GR0007857,PO-2025-010920,2025-07-11,1236.89,E0159
GR0007858,PO-2025-010921,2025-06-18,1700.31,E0148
GR0007859,PO-2024-010922,2025-01-09,5490.32,E0160
GR0007860,PO-2024-010923,2024-02-18,3687.08,E0155
GR0007861,PO-2024-010924,2024-06-03,3891.57,E0157
GR0007862,PO-2024-010925,2024-03-14,4179.74,E0153
GR0007863,PO-2025-010926,2025-01-21,288.48,E0151
GR0007864,PO-2024-010927,2024-06-15,1175.27,E0156
GR0007865,PO-2024-010928,2024-10-25,1394.41,E0143
GR0007866,PO-2024-010929,2024-10-26,13084.29,E0142
GR0007867,PO-2024-010930,2024-04-24,2061.08,E0163
GR0007868,PO-2024-010931,2024-12-28,2921.25,E0151
GR0007869,PO-2024-010932,2024-04-06,2594.4,E0147
GR0007870,PO-2024-010933,2024-11-14,634.73,E0158
GR0007871,PO-2024-010934,2024-09-11,4066.68,E0162
GR0007872,PO-2025-010935,2025-06-06,326.64,E0151
GR0007873,PO-2024-010936,2024-08-08,959.67,E0153
GR0007874,PO-2024-010937,2024-02-08,2710.62,E0154
GR0007875,PO-2024-010938,2024-02-24,2042.07,E0163
GR0007876,PO-2024-010939,2024-02-01,707.5,E0145
GR0007877,PO-2024-010940,2024-07-13,4541.83,E0155
GR0007878,PO-2024-010940,2024-07-15,6012.83,E0150
GR0007879,PO-2025-010941,2025-05-19,1169.33,E0140
GR0007880,PO-2024-010942,2025-01-06,494.7,E0156
GR0007881,PO-2025-010943,2025-06-29,18582.18,E0162
GR0007882,PO-2024-010944,2024-05-09,843.47,E0145
GR0007883,PO-2024-010945,2024-10-12,1394.69,E0155
GR0007884,PO-2024-010946,2024-05-17,1562.8,E0156
GR0007885,PO-2024-010947,2024-09-09,4265.37,E0158
GR0007886,PO-2024-010948,2024-03-06,2678.02,E0144
GR0007887,PO-2025-010949,2025-04-12,1756.22,E0153
GR0007888,PO-2025-010949,2025-04-20,1254.62,E0160
GR0007889,PO-2024-010950,2024-04-28,1197.86,E0157
GR0007890,PO-2024-010951,2024-03-15,2476.98,E0146
GR0007891,PO-2024-010952,2024-09-27,2264.41,E0150
GR0007892,PO-2024-010953,2024-04-05,786.65,E0160
GR0007893,PO-2024-010954,2024-08-20,1168.53,E0159
GR0007894,PO-2024-010955,2024-04-27,822.61,E0154
GR0007895,PO-2025-010956,2025-06-03,431.46,E0159
GR0007896,PO-2024-010957,2024-03-16,675.8,E0143
GR0007897,PO-2024-010958,2024-04-15,324.73,E0163
GR0007898,PO-2024-010959,2024-01-30,406.98,E0143
GR0007899,PO-2024-010959,2024-02-07,563.84,E0155
GR0007900,PO-2024-010960,2024-07-19,780.76,E0144
GR0007901,PO-2024-010961,2024-10-10,19541.03,E0151
GR0007902,PO-2025-010962,2025-06-01,1796.06,E0144
GR0007903,PO-2024-010963,2024-07-16,3553.17,E0147
GR0007904,PO-2025-010964,2025-04-21,6153.45,E0143
GR0007905,PO-2024-010965,2024-03-19,1883.11,E0142
GR0007906,PO-2024-010966,2024-06-13,609.3,E0148
GR0007907,PO-2024-010966,2024-06-24,899.35,E0148
GR0007908,PO-2024-010967,2024-06-29,7209.3,E0140
GR0007909,PO-2024-010967,2024-07-06,3426.29,E0159
GR0007910,PO-2024-010968,2024-06-26,4801.91,E0152
GR0007911,PO-2025-010969,2025-02-26,826.34,E0146
GR0007912,PO-2024-010970,2024-06-24,1964.45,E0151
GR0007913,PO-2024-010970,2024-06-29,1223.45,E0140
GR0007914,PO-2024-010971,2024-02-01,1070.04,E0148
GR0007915,PO-2024-010971,2024-02-08,1491.98,E0140
GR0007916,PO-2025-010972,2025-06-16,16274.49,E0161
GR0007917,PO-2024-010973,2024-04-15,1222.2,E0155
GR0007918,PO-2024-010974,2024-10-07,217.58,E0161
GR0007919,PO-2025-010975,2025-02-18,815.5,E0157
GR0007920,PO-2024-010976,2024-05-23,1268.14,E0157
GR0007921,PO-2024-010977,2024-04-25,1957.97,E0155
GR0007922,PO-2024-010978,2024-01-22,597.89,E0152
GR0007923,PO-2024-010979,2024-07-18,3768.16,E0159
GR0007924,PO-2024-010980,2024-10-17,3047.8,E0148
GR0007925,PO-2025-010981,2025-06-05,124.79,E0142
GR0007926,PO-2024-010982,2024-10-30,20785.74,E0147
GR0007927,PO-2024-010983,2025-01-06,1617.38,E0153
GR0007928,PO-2025-010984,2025-02-23,3325.45,E0154
GR0007929,PO-2024-010985,2024-10-03,866.69,E0162
GR0007930,PO-2025-010986,2025-04-05,2933.41,E0148
GR0007931,PO-2024-010987,2024-08-05,5266.64,E0148
GR0007932,PO-2024-010988,2024-01-07,3549.07,E0144
GR0007933,PO-2024-010989,2024-12-12,2235.12,E0141
GR0007934,PO-2024-010990,2024-01-16,826.85,E0158
GR0007935,PO-2024-010991,2024-05-03,2572.48,E0149
GR0007936,PO-2025-010992,2025-06-29,1416.99,E0157
GR0007937,PO-2024-010993,2024-04-26,1283.32,E0147
GR0007938,PO-2025-010994,2025-03-12,345.85,E0158
GR0007939,PO-2024-010995,2024-12-06,893.26,E0149
GR0007940,PO-2025-010996,2025-05-24,3343.03,E0158
GR0007941,PO-2024-010997,2024-09-02,744.02,E0149
GR0007942,PO-2024-010998,2024-03-22,698.45,E0140
GR0007943,PO-2024-010999,2024-11-29,2372.43,E0146
GR0007944,PO-2024-011000,2024-04-30,2147.7,E0158
GR0007945,PO-2024-011001,2024-11-28,5968.33,E0145
GR0007946,PO-2025-011002,2025-04-30,2687.37,E0147
GR0007947,PO-2025-011003,2025-05-14,3344.28,E0148
GR0007948,PO-2024-011004,2024-08-28,7766.71,E0140
GR0007949,PO-2024-011005,2024-07-18,834.96,E0149
GR0007950,PO-2024-011006,2024-04-25,2284.68,E0144
GR0007951,PO-2024-011007,2024-09-26,873.5,E0151
GR0007952,PO-2024-011008,2024-01-28,5419.41,E0142
GR0007953,PO-2024-011009,2024-06-19,5922.05,E0145
GR0007954,PO-2024-011010,2024-09-17,1094.03,E0142
GR0007955,PO-2024-011011,2024-10-04,599.48,E0144
GR0007956,PO-2024-011011,2024-10-14,319.0,E0157
GR0007957,PO-2025-011012,2025-04-03,321.13,E0143
GR0007958,PO-2024-011013,2024-05-02,3027.58,E0154
GR0007959,PO-2024-011014,2024-01-16,7775.8,E0149
GR0007960,PO-2024-011015,2024-06-10,6631.62,E0152
GR0007961,PO-2024-011015,2024-06-26,5910.52,E0163
GR0007962,PO-2025-011016,2025-02-04,13541.5,E0148
GR0007963,PO-2024-011017,2024-10-08,7138.84,E0140
GR0007964,PO-2024-011018,2024-08-24,6676.5,E0154
GR0007965,PO-2025-011019,2025-05-09,6692.93,E0140
GR0007966,PO-2024-011020,2024-08-11,13568.3,E0162
GR0007967,PO-2024-011021,2024-06-16,6168.62,E0158
GR0007968,PO-2024-011022,2024-09-03,5848.53,E0148
GR0007969,PO-2024-011023,2024-03-08,5246.68,E0143
GR0007970,PO-2024-011024,2024-07-29,2691.96,E0163
GR0007971,PO-2024-011025,2024-12-18,960.11,E0146
GR0007972,PO-2025-011026,2025-03-18,4178.14,E0145
GR0007973,PO-2024-011027,2024-12-05,3818.24,E0158
GR0007974,PO-2025-011028,2025-06-29,5799.56,E0147
GR0007975,PO-2025-011029,2025-05-07,10278.16,E0163
GR0007976,PO-2024-011030,2024-10-10,6270.19,E0160
GR0007977,PO-2025-011031,2025-05-16,3798.27,E0157
GR0007978,PO-2024-011032,2024-09-08,2597.94,E0162
GR0007979,PO-2025-011033,2025-05-13,4394.09,E0151
GR0007980,PO-2024-011034,2024-12-16,3661.28,E0141
GR0007981,PO-2024-011035,2024-02-22,9774.61,E0150
GR0007982,PO-2025-011036,2025-03-31,16504.72,E0146
GR0007983,PO-2025-011037,2025-01-24,13409.19,E0150
GR0007984,PO-2025-011038,2025-03-05,8272.99,E0161
GR0007985,PO-2024-011039,2024-03-29,9326.49,E0148
GR0007986,PO-2024-011040,2025-01-04,7891.84,E0143
GR0007987,PO-2025-011041,2025-04-07,2465.02,E0160
GR0007988,PO-2024-011042,2024-08-16,27288.79,E0152
GR0007989,PO-2025-011043,2025-03-18,4076.88,E0150
GR0007990,PO-2024-011044,2024-03-12,5033.83,E0144
GR0007991,PO-2024-011045,2024-11-22,4469.6,E0143
GR0007992,PO-2024-011046,2024-06-07,1515.08,E0155
GR0007993,PO-2025-011047,2025-04-17,5582.69,E0157
GR0007994,PO-2025-011048,2025-05-28,4518.4,E0142
GR0007995,PO-2025-011049,2025-03-17,3842.17,E0152
GR0007996,PO-2024-011050,2024-12-09,5748.21,E0157
GR0007997,PO-2025-011051,2025-07-10,5919.22,E0149
GR0007998,PO-2024-011052,2024-04-07,14172.6,E0158
GR0007999,PO-2024-011053,2024-02-14,9867.76,E0153
GR0008000,PO-2024-011054,2024-07-16,2968.54,E0158
GR0008001,PO-2024-011054,2024-08-01,1862.85,E0148
GR0008002,PO-2025-011055,2025-01-12,1616.02,E0162
GR0008003,PO-2024-011056,2024-11-04,23122.21,E0156
GR0008004,PO-2025-011057,2025-05-20,1170.46,E0140
GR0008005,PO-2025-011058,2025-06-13,20996.06,E0159
GR0008006,PO-2024-011059,2024-04-06,4143.52,E0146
GR0008007,PO-2024-011059,2024-04-18,3221.05,E0142
GR0008008,PO-2025-011060,2025-06-20,10597.49,E0141
GR0008009,PO-2025-011061,2025-02-02,3294.55,E0156
GR0008010,PO-2025-011062,2025-02-18,5563.27,E0156
GR0008011,PO-2024-011063,2024-07-18,5259.27,E0158
GR0008012,PO-2024-011064,2025-01-06,15082.15,E0156
GR0008013,PO-2024-011065,2024-02-03,792.41,E0156
GR0008014,PO-2024-011066,2024-02-23,3952.92,E0154
GR0008015,PO-2024-011066,2024-02-28,3952.89,E0163
GR0008016,PO-2025-011067,2025-06-29,68302.6,E0145
GR0008017,PO-2024-011068,2024-05-08,1742.4,E0142
GR0008018,PO-2024-011068,2024-05-14,2384.86,E0156
GR0008019,PO-2024-011069,2024-11-26,3070.14,E0142
GR0008020,PO-2025-011070,2025-03-25,682.64,E0150
GR0008021,PO-2024-011071,2024-04-18,18656.12,E0159
GR0008022,PO-2024-011072,2024-11-19,12340.76,E0146
GR0008023,PO-2024-011073,2024-01-20,4527.42,E0156
GR0008024,PO-2025-011074,2025-06-05,2774.12,E0159
GR0008025,PO-2025-011075,2025-03-16,7540.26,E0163
GR0008026,PO-2024-011076,2024-08-24,4777.2,E0142
GR0008027,PO-2024-011077,2024-04-07,6872.37,E0143
GR0008028,PO-2024-011078,2024-08-11,2637.34,E0147
GR0008029,PO-2024-011079,2024-04-03,6489.42,E0144
GR0008030,PO-2024-011080,2024-09-22,1137.39,E0154
GR0008031,PO-2024-011081,2024-07-07,4803.67,E0141
GR0008032,PO-2024-011082,2024-11-02,5265.39,E0146
GR0008033,PO-2024-011082,2024-11-12,3285.16,E0158
GR0008034,PO-2024-011083,2024-08-16,25034.7,E0143
GR0008035,PO-2024-011084,2024-08-28,831.31,E0144
GR0008036,PO-2024-011084,2024-09-01,1044.99,E0153
GR0008037,PO-2024-011085,2024-03-28,965.3,E0143
GR0008038,PO-2024-011086,2024-12-18,1594.44,E0140
GR0008039,PO-2024-011086,2024-12-26,2258.62,E0154
GR0008040,PO-2025-011087,2025-07-06,14461.59,E0150
GR0008041,PO-2024-011088,2024-03-15,22048.36,E0157
GR0008042,PO-2024-011089,2024-07-12,12545.21,E0154
GR0008043,PO-2025-011090,2025-02-15,12285.12,E0158
GR0008044,PO-2024-011091,2024-06-13,3418.75,E0154
GR0008045,PO-2024-011092,2024-02-03,8025.98,E0152
GR0008046,PO-2025-011093,2025-04-25,8034.0,E0157
GR0008047,PO-2025-011094,2025-03-15,9532.15,E0161
GR0008048,PO-2024-011095,2024-10-10,14023.67,E0162
GR0008049,PO-2024-011096,2024-10-10,2864.83,E0154
GR0008050,PO-2025-011097,2025-03-05,10120.83,E0143
GR0008051,PO-2025-011098,2025-02-09,8635.47,E0150
GR0008052,PO-2025-011099,2025-02-01,3689.26,E0152
GR0008053,PO-2024-011100,2024-02-04,3447.43,E0155
GR0008054,PO-2024-011101,2024-07-31,1808.65,E0145
GR0008055,PO-2025-011102,2025-04-09,4138.08,E0158
GR0008056,PO-2024-011103,2024-04-20,11659.75,E0149
GR0008057,PO-2024-011104,2024-12-26,208.82,E0159
GR0008058,PO-2024-011104,2025-01-10,121.75,E0156
GR0008059,PO-2024-011105,2024-07-10,365.78,E0159
GR0008060,PO-2025-011106,2025-06-24,707.29,E0145
GR0008061,PO-2025-011107,2025-04-05,968.1,E0142
GR0008062,PO-2025-011107,2025-04-16,1238.41,E0145
GR0008063,PO-2024-011108,2024-02-06,2339.58,E0154
GR0008064,PO-2025-011109,2025-04-03,3178.98,E0158
GR0008065,PO-2025-011110,2025-05-14,3246.92,E0148
GR0008066,PO-2024-011111,2024-06-17,3074.38,E0148
GR0008067,PO-2024-011112,2024-10-13,2724.51,E0146
GR0008068,PO-2025-011113,2025-05-01,5783.38,E0147
GR0008069,PO-2024-011114,2024-11-14,3294.74,E0145
GR0008070,PO-2024-011114,2024-12-02,2573.96,E0141
GR0008071,PO-2024-011115,2024-02-16,6234.01,E0144
GR0008072,PO-2024-011116,2024-03-30,2290.35,E0149
GR0008073,PO-2024-011117,2024-03-31,1225.15,E0152
GR0008074,PO-2024-011118,2024-12-07,8212.14,E0159
GR0008075,PO-2024-011119,2024-01-21,1836.4,E0145
GR0008076,PO-2025-011120,2025-01-19,2737.07,E0145
GR0008077,PO-2024-011121,2024-05-16,6423.94,E0153
GR0008078,PO-2024-011122,2024-04-08,2961.65,E0146
GR0008079,PO-2024-011123,2024-11-09,886.25,E0156
GR0008080,PO-2024-011124,2024-02-09,2488.57,E0151
GR0008081,PO-2025-011125,2025-03-02,2175.96,E0160
GR0008082,PO-2025-011126,2025-04-18,7535.97,E0150
GR0008083,PO-2024-011127,2024-12-26,554.13,E0163
GR0008084,PO-2024-011128,2024-10-05,2251.31,E0160
GR0008085,PO-2025-011129,2025-03-03,2013.32,E0145
GR0008086,PO-2024-011130,2024-09-17,4505.68,E0161
GR0008087,PO-2025-011131,2025-04-21,4244.14,E0152
GR0008088,PO-2024-011132,2024-06-27,4939.68,E0142
GR0008089,PO-2024-011133,2024-04-11,526.01,E0145
GR0008090,PO-2024-011134,2025-01-05,2282.3,E0149
GR0008091,PO-2024-011135,2024-11-27,186.26,E0151
GR0008092,PO-2025-011136,2025-01-25,15972.31,E0159
GR0008093,PO-2024-011137,2024-08-30,750.02,E0153
GR0008094,PO-2024-011138,2024-05-24,3789.37,E0141
GR0008095,PO-2024-011139,2025-01-03,26574.84,E0158
GR0008096,PO-2024-011140,2024-12-10,3138.2,E0159
GR0008097,PO-2024-011141,2024-12-15,3174.5,E0155
GR0008098,PO-2025-011142,2025-03-07,2330.74,E0143
GR0008099,PO-2024-011143,2024-07-23,909.32,E0147
GR0008100,PO-2024-011144,2024-09-03,110.21,E0154
GR0008101,PO-2024-011144,2024-09-23,138.15,E0156
GR0008102,PO-2024-011145,2024-12-10,647.04,E0157
GR0008103,PO-2024-011146,2024-07-03,7923.49,E0157
GR0008104,PO-2025-011147,2025-06-08,1229.07,E0152
GR0008105,PO-2025-011148,2025-05-22,3852.04,E0156
GR0008106,PO-2025-011148,2025-06-01,3418.42,E0145
GR0008107,PO-2024-011149,2024-03-15,9732.47,E0159
GR0008108,PO-2024-011150,2024-10-28,2939.15,E0151
GR0008109,PO-2024-011150,2024-11-12,2681.86,E0142
GR0008110,PO-2025-011151,2025-05-04,20091.21,E0150
GR0008111,PO-2024-011152,2025-01-04,15503.26,E0150
GR0008112,PO-2025-011153,2025-02-07,18291.59,E0146
GR0008113,PO-2025-011154,2025-06-17,4275.01,E0148
GR0008114,PO-2025-011154,2025-06-29,1803.04,E0144
GR0008115,PO-2024-011155,2024-09-30,4063.97,E0141
GR0008116,PO-2025-011156,2025-01-16,4948.13,E0144
GR0008117,PO-2024-011157,2024-08-31,530.12,E0155
GR0008118,PO-2024-011157,2024-09-12,345.15,E0156
GR0008119,PO-2025-011158,2025-06-28,22480.44,E0159
GR0008120,PO-2025-011159,2025-03-08,570.6,E0146
GR0008121,PO-2025-011159,2025-03-23,324.83,E0141
GR0008122,PO-2024-011199,2024-03-27,2242.42,E0141
GR0008123,PO-2024-011200,2024-07-15,2350.09,E0153
GR0008124,PO-2025-011201,2025-02-10,6788.87,E0143
GR0008125,PO-2024-011202,2024-02-17,2175.29,E0143
GR0008126,PO-2024-011203,2024-03-20,3475.69,E0145
GR0008127,PO-2024-011204,2024-12-02,4912.05,E0149
GR0008128,PO-2024-011204,2024-12-05,2671.74,E0157
GR0008129,PO-2025-011205,2025-06-11,1437.55,E0142
GR0008130,PO-2025-011206,2025-01-25,2018.14,E0161
GR0008131,PO-2024-011207,2024-07-30,992.5,E0146
GR0008132,PO-2025-011208,2025-01-17,2031.63,E0158
GR0008133,PO-2024-011209,2024-02-10,2301.55,E0143
GR0008134,PO-2024-011209,2024-02-23,2181.77,E0155
GR0008135,PO-2025-011210,2025-06-29,5783.07,E0150
GR0008136,PO-2024-011211,2024-03-23,317.79,E0153
GR0008137,PO-2024-011212,2024-07-29,1017.09,E0153
GR0008138,PO-2025-011213,2025-03-20,15042.22,E0161
GR0008139,PO-2024-011214,2024-07-26,354.51,E0160
GR0008140,PO-2025-011215,2025-07-06,2602.03,E0150
GR0008141,PO-2025-011215,2025-07-12,2999.73,E0159
GR0008142,PO-2025-011216,2025-04-14,12430.81,E0147
GR0008143,PO-2024-011217,2024-09-18,19764.88,E0152
GR0008144,PO-2024-011218,2024-02-23,4517.66,E0147
GR0008145,PO-2025-011219,2025-03-26,786.83,E0161
GR0008146,PO-2025-011219,2025-04-08,962.85,E0155
GR0008147,PO-2025-011220,2025-06-06,20519.63,E0163
GR0008148,PO-2024-011221,2024-08-09,1155.53,E0153
GR0008149,PO-2024-011222,2024-09-18,8903.69,E0150
GR0008150,PO-2024-011223,2024-08-11,2511.12,E0149
GR0008151,PO-2024-011224,2024-11-06,4099.63,E0140
GR0008152,PO-2024-011224,2024-11-16,1781.12,E0144
GR0008153,PO-2024-011225,2024-11-27,902.28,E0151
GR0008154,PO-2024-011225,2024-12-02,469.36,E0141
GR0008155,PO-2024-011226,2024-09-17,1390.31,E0158
GR0008156,PO-2024-011227,2024-08-11,16061.71,E0149
GR0008157,PO-2024-011228,2024-12-07,3735.52,E0152
GR0008158,PO-2025-011229,2025-03-07,12079.37,E0143
GR0008159,PO-2024-011230,2024-08-11,6633.86,E0161
GR0008160,PO-2024-011231,2024-04-10,1886.09,E0159
GR0008161,PO-2024-011232,2024-03-10,10254.88,E0144
GR0008162,PO-2024-011233,2024-05-02,5159.42,E0145
GR0008163,PO-2024-011233,2024-05-07,2829.96,E0160
GR0008164,PO-2025-011234,2025-05-10,7353.99,E0155
GR0008165,PO-2025-011235,2025-03-27,6163.62,E0162
GR0008166,PO-2025-011235,2025-04-06,2702.64,E0163
GR0008167,PO-2024-011236,2024-07-27,14130.69,E0147
GR0008168,PO-2025-011237,2025-03-24,723.33,E0151
GR0008169,PO-2025-011238,2025-05-10,10439.17,E0141
GR0008170,PO-2024-011239,2024-02-24,2642.52,E0151
GR0008171,PO-2024-011240,2024-05-14,1109.21,E0143
GR0008172,PO-2025-011241,2025-03-04,3457.91,E0161
GR0008173,PO-2024-011242,2024-02-15,20460.97,E0141
GR0008174,PO-2024-011242,2024-02-23,21916.21,E0150
GR0008175,PO-2025-011243,2025-06-23,23674.73,E0146
GR0008176,PO-2025-011243,2025-07-03,23732.43,E0158
GR0008177,PO-2024-011244,2024-02-04,979.67,E0156
GR0008178,PO-2024-011245,2024-09-29,1876.13,E0151
GR0008179,PO-2024-011245,2024-10-11,2268.33,E0156
GR0008180,PO-2025-011246,2025-05-11,3376.6,E0161
GR0008181,PO-2025-011247,2025-04-19,6827.76,E0141
GR0008182,PO-2025-011248,2025-06-29,25992.87,E0152
GR0008183,PO-2025-011249,2025-06-23,3514.57,E0156
GR0008184,PO-2025-011250,2025-01-31,3952.28,E0161
GR0008185,PO-2024-011251,2024-09-13,13549.23,E0140
GR0008186,PO-2024-011252,2024-09-26,6405.28,E0150
GR0008187,PO-2025-011253,2025-03-16,10557.98,E0145
GR0008188,PO-2024-011254,2024-06-25,10396.03,E0156
GR0008189,PO-2024-011255,2024-05-14,59307.04,E0162
GR0008190,PO-2025-011256,2025-05-26,1804.94,E0144
GR0008191,PO-2024-011257,2024-09-19,9698.26,E0156
GR0008192,PO-2024-011258,2024-09-04,4555.64,E0155
GR0008193,PO-2025-011259,2025-07-05,3299.68,E0155
GR0008194,PO-2024-011260,2024-04-09,7631.17,E0150
GR0008195,PO-2024-011261,2024-08-18,8943.58,E0142
GR0008196,PO-2024-011262,2024-03-20,1670.77,E0163
GR0008197,PO-2024-011263,2024-02-01,2007.03,E0141
GR0008198,PO-2024-011263,2024-02-09,2801.1,E0149
GR0008199,PO-2025-011264,2025-05-27,9034.48,E0154
GR0008200,PO-2024-011265,2025-01-06,10639.57,E0143
GR0008201,PO-2024-011266,2024-02-05,4590.04,E0156
GR0008202,PO-2025-011267,2025-01-18,3230.96,E0160
GR0008203,PO-2024-011268,2024-04-16,7033.72,E0142
GR0008204,PO-2024-011269,2024-10-02,2769.47,E0154
GR0008205,PO-2024-011270,2024-02-28,8054.75,E0163
GR0008206,PO-2024-011271,2024-12-09,1086.04,E0152
GR0008207,PO-2024-011271,2024-12-20,887.17,E0141
GR0008208,PO-2025-011272,2025-04-16,1114.93,E0155
GR0008209,PO-2024-011273,2024-03-19,13746.39,E0150
GR0008210,PO-2024-011274,2024-07-21,39385.14,E0154
GR0008211,PO-2024-011275,2024-08-02,3481.83,E0149
GR0008212,PO-2024-011276,2024-05-17,2102.84,E0142
GR0008213,PO-2024-011277,2024-03-12,14950.61,E0152
GR0008214,PO-2025-011278,2025-02-15,38180.07,E0154
GR0008215,PO-2024-011279,2024-02-01,2746.15,E0145
GR0008216,PO-2024-011280,2024-08-05,7105.77,E0145
GR0008217,PO-2024-011281,2024-07-07,6679.07,E0155
GR0008218,PO-2025-011282,2025-05-08,15389.37,E0151
GR0008219,PO-2025-011283,2025-05-02,4579.53,E0155
GR0008220,PO-2024-011391,2024-07-18,1887.01,E0142
GR0008221,PO-2025-011392,2025-05-27,3088.27,E0153
GR0008222,PO-2025-011393,2025-07-02,12052.26,E0154
GR0008223,PO-2024-011394,2024-01-15,867.43,E0159
GR0008224,PO-2025-011395,2025-05-03,1054.34,E0160
GR0008225,PO-2024-011396,2024-11-29,4008.42,E0144
GR0008226,PO-2024-011397,2024-10-04,701.56,E0153
GR0008227,PO-2024-011398,2024-11-17,2220.15,E0148
GR0008228,PO-2025-011399,2025-02-13,5640.22,E0142
GR0008229,PO-2024-011400,2024-11-05,22388.84,E0140
GR0008230,PO-2025-011401,2025-05-24,1782.19,E0153
GR0008231,PO-2024-011402,2024-03-13,4393.46,E0143
GR0008232,PO-2025-011403,2025-06-28,1503.49,E0161
GR0008233,PO-2024-011404,2024-05-29,1243.02,E0143
GR0008234,PO-2024-011405,2024-09-20,322.73,E0155
GR0008235,PO-2024-011406,2024-03-20,2084.37,E0143
GR0008236,PO-2025-011407,2025-01-23,3287.03,E0155
GR0008237,PO-2024-011408,2024-05-19,1830.5,E0151
GR0008238,PO-2025-011409,2025-05-14,2562.47,E0156
GR0008239,PO-2024-011410,2024-12-16,536.84,E0145
GR0008240,PO-2024-011411,2024-06-09,415.87,E0141
GR0008241,PO-2025-011412,2025-04-08,886.0,E0148
GR0008242,PO-2025-011413,2025-06-20,1036.14,E0159
GR0008243,PO-2024-011414,2024-01-20,5995.6,E0150
GR0008244,PO-2024-011415,2024-11-10,577.48,E0158
GR0008245,PO-2024-011416,2024-02-08,6225.4,E0158
GR0008246,PO-2024-011417,2024-10-24,2590.29,E0157
GR0008247,PO-2024-011418,2024-08-23,382.76,E0149
GR0008248,PO-2024-011418,2024-08-29,436.33,E0159
GR0008249,PO-2024-011419,2024-09-03,1721.64,E0143
GR0008250,PO-2024-011420,2024-01-31,3792.44,E0145
GR0008251,PO-2024-011421,2024-09-23,7352.67,E0142
GR0008252,PO-2025-011422,2025-05-27,1713.37,E0161
GR0008253,PO-2025-011423,2025-03-09,2297.94,E0144
GR0008254,PO-2024-011424,2024-02-11,3152.66,E0146
GR0008255,PO-2024-011425,2024-03-21,1099.75,E0154
GR0008256,PO-2025-011426,2025-01-28,15105.97,E0140
GR0008257,PO-2024-011427,2024-09-18,770.78,E0163
GR0008258,PO-2025-011428,2025-05-18,12302.93,E0152
GR0008259,PO-2025-011429,2025-06-29,792.04,E0145
GR0008260,PO-2024-011430,2024-12-16,3719.19,E0140
GR0008261,PO-2024-011431,2024-04-12,3111.19,E0154
GR0008262,PO-2024-011432,2024-04-12,1348.69,E0159
GR0008263,PO-2025-011433,2025-07-02,349.82,E0151
GR0008264,PO-2024-011434,2024-06-20,1518.67,E0160
GR0008265,PO-2024-011435,2024-08-20,536.9,E0157
GR0008266,PO-2025-011436,2025-06-21,1194.97,E0162
GR0008267,PO-2025-011437,2025-02-21,1446.0,E0148
GR0008268,PO-2025-011437,2025-03-06,874.58,E0145
GR0008269,PO-2024-011438,2024-03-11,5049.22,E0150
GR0008270,PO-2024-011439,2024-01-23,3675.52,E0160
GR0008271,PO-2024-011440,2024-12-02,311.87,E0147
GR0008272,PO-2024-011441,2024-05-10,1662.37,E0153
GR0008273,PO-2024-011442,2024-05-14,3524.32,E0150
GR0008274,PO-2024-011442,2024-05-29,1661.49,E0163
GR0008275,PO-2024-011443,2024-07-01,1013.57,E0141
GR0008276,PO-2024-011443,2024-07-14,1031.48,E0155
GR0008277,PO-2024-011444,2024-11-10,1383.98,E0144
GR0008278,PO-2025-011574,2025-04-14,444.92,E0142
GR0008279,PO-2025-011575,2025-03-30,724.5,E0144
GR0008280,PO-2024-011576,2024-09-03,1318.24,E0153
GR0008281,PO-2024-011577,2024-10-04,2537.78,E0145
GR0008282,PO-2024-011578,2024-06-28,7716.45,E0155
GR0008283,PO-2024-011579,2024-10-03,1633.61,E0146
GR0008284,PO-2024-011580,2024-08-12,284.53,E0160
GR0008285,PO-2024-011581,2024-07-26,2513.6,E0140
GR0008286,PO-2025-011582,2025-01-21,5983.22,E0155
GR0008287,PO-2024-011583,2024-07-09,4876.36,E0154
GR0008288,PO-2024-011584,2024-05-21,1263.41,E0154
GR0008289,PO-2025-011585,2025-06-08,5969.21,E0162
GR0008290,PO-2024-011586,2024-03-01,480.77,E0142
GR0008291,PO-2024-011587,2024-06-17,3226.5,E0145
GR0008292,PO-2024-011588,2024-02-10,2145.62,E0160
GR0008293,PO-2024-011589,2024-05-03,1768.12,E0150
GR0008294,PO-2024-011590,2024-12-01,7619.58,E0162
GR0008295,PO-2024-011591,2024-12-18,1795.98,E0151
GR0008296,PO-2024-011592,2024-08-16,2844.62,E0156
GR0008297,PO-2024-011593,2024-12-29,378.48,E0150
GR0008298,PO-2024-011594,2024-03-10,1021.6,E0149
GR0008299,PO-2025-011595,2025-02-17,10882.71,E0155
GR0008300,PO-2024-011596,2024-04-26,2838.96,E0162
GR0008301,PO-2024-011597,2024-01-08,1065.11,E0158
GR0008302,PO-2024-011598,2024-04-23,20963.37,E0148
GR0008303,PO-2025-011599,2025-05-18,1647.61,E0146
GR0008304,PO-2025-011599,2025-05-30,1655.11,E0146
GR0008305,PO-2024-011600,2024-10-19,1428.22,E0159
GR0008306,PO-2024-011600,2024-11-05,1434.33,E0163
GR0008307,PO-2024-011601,2024-08-31,8240.73,E0155
GR0008308,PO-2024-011602,2024-08-05,968.67,E0151
GR0008309,PO-2024-011603,2024-01-16,1924.34,E0147
GR0008310,PO-2024-011604,2024-06-19,2958.86,E0154
GR0008311,PO-2025-011605,2025-05-12,565.08,E0161
GR0008312,PO-2024-011606,2024-09-12,385.32,E0150
GR0008313,PO-2024-011607,2024-08-17,16838.84,E0144
GR0008314,PO-2024-011608,2024-02-24,1901.56,E0143
GR0008315,PO-2024-011609,2024-04-04,19067.35,E0157
GR0008316,PO-2024-011610,2024-07-29,541.81,E0152
GR0008317,PO-2024-011611,2024-02-11,4548.26,E0140
GR0008318,PO-2024-011612,2024-03-05,5593.76,E0158
GR0008319,PO-2024-011613,2024-01-25,5128.13,E0142
GR0008320,PO-2024-011614,2024-05-09,415.13,E0143
GR0008321,PO-2025-011615,2025-05-19,1953.43,E0163
GR0008322,PO-2024-011616,2024-01-27,1099.73,E0157
GR0008323,PO-2024-011617,2024-08-06,1932.95,E0146
GR0008324,PO-2024-011618,2024-03-08,7589.88,E0150
GR0008325,PO-2024-011619,2024-02-24,4407.93,E0155
GR0008326,PO-2024-011670,2024-03-27,300.3,E0143
GR0008327,PO-2025-011671,2025-02-14,119.28,E0141
GR0008328,PO-2025-011672,2025-03-13,2599.57,E0152
GR0008329,PO-2024-011673,2024-01-29,915.87,E0144
GR0008330,PO-2025-011674,2025-01-19,3199.37,E0149
GR0008331,PO-2024-011675,2024-10-01,475.21,E0146
GR0008332,PO-2024-011676,2024-07-20,1188.45,E0162
GR0008333,PO-2024-011676,2024-08-06,1592.98,E0162
GR0008334,PO-2024-011677,2024-03-01,421.78,E0155
GR0008335,PO-2024-011678,2024-04-27,425.16,E0155
GR0008336,PO-2024-011679,2024-11-30,627.23,E0140
GR0008337,PO-2025-011680,2025-03-13,3064.81,E0143
GR0008338,PO-2025-011681,2025-06-04,425.51,E0156
GR0008339,PO-2025-011682,2025-07-04,646.88,E0144
GR0008340,PO-2024-011683,2024-11-11,119.13,E0145
GR0008341,PO-2024-011684,2024-05-16,1595.19,E0141
GR0008342,PO-2025-011685,2025-01-25,130.46,E0152
GR0008343,PO-2025-011686,2025-03-25,82.48,E0147
GR0008344,PO-2025-011686,2025-04-12,90.84,E0152
GR0008345,PO-2024-011687,2024-09-15,1485.89,E0156
GR0008346,PO-2025-011688,2025-06-20,517.69,E0144
GR0008347,PO-2024-011689,2024-01-24,377.48,E0144
GR0008348,PO-2024-011690,2024-02-23,278.64,E0149
GR0008349,PO-2024-011691,2024-03-07,6071.96,E0159
GR0008350,PO-2024-011692,2024-01-11,239.66,E0161
GR0008351,PO-2024-011693,2024-10-03,198.86,E0161
GR0008352,PO-2024-011694,2024-12-21,992.76,E0140
GR0008353,PO-2025-011695,2025-03-28,897.97,E0160
GR0008354,PO-2024-011696,2024-04-17,1684.37,E0148
GR0008355,PO-2024-011697,2024-03-04,200.26,E0148
GR0008356,PO-2025-011698,2025-03-16,180.42,E0146
GR0008357,PO-2025-011698,2025-03-21,182.01,E0154
GR0008358,PO-2024-011699,2024-10-05,150.56,E0146
GR0008359,PO-2024-011700,2024-12-30,1053.86,E0159
GR0008360,PO-2024-011701,2024-07-11,2829.97,E0160
GR0008361,PO-2024-011702,2024-03-16,279.73,E0159
GR0008362,PO-2025-011703,2025-03-24,19291.75,E0160
GR0008363,PO-2025-011704,2025-04-07,14888.11,E0141
GR0008364,PO-2024-011705,2024-10-10,383.07,E0146
GR0008365,PO-2024-011706,2024-07-01,2048.09,E0161
GR0008366,PO-2024-011707,2024-10-17,1640.28,E0161
GR0008367,PO-2024-011708,2024-07-01,3270.17,E0149
GR0008368,PO-2024-011709,2024-06-27,1400.6,E0151
GR0008369,PO-2024-011710,2024-02-24,1947.14,E0154
GR0008370,PO-2024-011711,2024-04-19,522.15,E0147
GR0008371,PO-2024-011712,2024-07-14,15402.94,E0163
GR0008372,PO-2024-011713,2024-02-21,11495.93,E0159
GR0008373,PO-2024-011714,2024-01-19,14996.21,E0146
GR0008374,PO-2024-011715,2024-04-18,7125.24,E0155
GR0008375,PO-2024-011716,2025-01-08,16249.52,E0151
GR0008376,PO-2025-011717,2025-02-04,1790.71,E0142
GR0008377,PO-2024-011718,2024-07-19,234.25,E0154
GR0008378,PO-2024-011718,2024-07-31,148.62,E0159
GR0008379,PO-2024-011719,2024-04-26,1947.05,E0153
GR0008380,PO-2024-011720,2024-02-16,3353.88,E0157
GR0008381,PO-2024-011721,2024-09-26,1876.65,E0150
GR0008382,PO-2025-011722,2025-03-26,341.45,E0141
GR0008383,PO-2025-011723,2025-03-13,923.85,E0143
GR0008384,PO-2025-011724,2025-05-08,337.01,E0156
GR0008385,PO-2024-011725,2024-12-22,853.84,E0142
GR0008386,PO-2024-011726,2024-05-26,193.58,E0145
GR0008387,PO-2024-011727,2024-01-19,1743.73,E0141
GR0008388,PO-2024-011728,2024-07-28,2921.29,E0156
GR0008389,PO-2024-011729,2024-02-15,2247.27,E0161
GR0008390,PO-2024-011730,2024-08-04,2142.51,E0140
GR0008391,PO-2025-011731,2025-01-28,26592.85,E0142
GR0008392,PO-2024-011732,2024-03-29,501.99,E0159
GR0008393,PO-2024-011733,2024-01-24,2137.55,E0148
GR0008394,PO-2025-011734,2025-07-03,4752.09,E0144
GR0008395,PO-2024-011735,2024-04-01,3199.79,E0153
GR0008396,PO-2024-011736,2024-02-08,444.87,E0148
GR0008397,PO-2025-011737,2025-05-03,2519.37,E0156
GR0008398,PO-2024-011738,2024-04-25,12239.82,E0162
GR0008399,PO-2024-011739,2024-08-21,3130.18,E0161
GR0008400,PO-2025-011740,2025-07-02,1624.01,E0159
GR0008401,PO-2024-011741,2024-11-22,8450.07,E0148
GR0008402,PO-2024-011742,2024-07-02,1652.62,E0160
GR0008403,PO-2024-011743,2024-03-04,2242.2,E0150
GR0008404,PO-2024-011744,2024-10-27,8908.66,E0150
GR0008405,PO-2025-011745,2025-02-26,1481.49,E0146
GR0008406,PO-2024-011746,2024-10-14,2855.34,E0149
GR0008407,PO-2025-011747,2025-06-26,12834.9,E0153
GR0008408,PO-2024-011748,2025-01-07,26445.83,E0140
GR0008409,PO-2024-011749,2024-07-15,7078.42,E0155
GR0008410,PO-2024-011750,2024-09-29,4669.99,E0154
GR0008411,PO-2025-011751,2025-05-09,18780.4,E0157
GR0008412,PO-2024-011752,2024-08-05,22188.93,E0148
GR0008413,PO-2025-011753,2025-02-07,9606.85,E0152
GR0008414,PO-2024-011754,2024-12-30,19156.15,E0141
GR0008415,PO-2025-011755,2025-06-06,3865.64,E0147
GR0008416,PO-2024-011756,2024-03-31,9481.57,E0145
GR0008417,PO-2024-011757,2024-11-28,1513.31,E0143
GR0008418,PO-2024-011757,2024-12-02,2034.14,E0154
GR0008419,PO-2025-011758,2025-06-10,668.04,E0160
GR0008420,PO-2025-011758,2025-06-25,294.91,E0148
GR0008421,PO-2024-011759,2024-11-04,2474.54,E0162
GR0008422,PO-2024-011759,2024-11-16,3423.14,E0142
GR0008423,PO-2024-011760,2024-10-26,3178.88,E0140
GR0008424,PO-2024-011761,2024-08-27,11533.49,E0163
GR0008425,PO-2024-011762,2025-01-02,7566.76,E0140
GR0008426,PO-2025-011763,2025-02-01,3077.33,E0156
GR0008427,PO-2024-011764,2024-07-05,3487.88,E0148
GR0008428,PO-2024-011765,2024-01-23,6549.24,E0160
GR0008429,PO-2024-011766,2024-05-25,9349.68,E0151
GR0008430,PO-2024-011767,2024-05-02,809.32,E0160
GR0008431,PO-2024-011768,2024-08-22,2703.31,E0145
GR0008432,PO-2024-011768,2024-08-29,3314.07,E0140
GR0008433,PO-2024-011769,2024-03-10,898.9,E0147
GR0008434,PO-2024-011770,2024-04-27,3223.74,E0147
GR0008435,PO-2024-011771,2024-11-28,6376.42,E0156
GR0008436,PO-2024-011772,2024-12-14,402.35,E0141
GR0008437,PO-2025-011773,2025-03-04,4107.43,E0153
GR0008438,PO-2024-011774,2024-04-05,1464.86,E0156
GR0008439,PO-2024-011774,2024-04-11,971.33,E0157
GR0008440,PO-2025-011775,2025-05-25,4477.32,E0162
GR0008441,PO-2024-011776,2024-05-13,3773.96,E0152
GR0008442,PO-2025-011777,2025-02-12,4768.73,E0155
GR0008443,PO-2024-011778,2024-07-25,2925.02,E0155
GR0008444,PO-2025-011779,2025-03-30,932.14,E0143
GR0008445,PO-2024-011780,2024-07-06,4361.42,E0149
GR0008446,PO-2024-011781,2024-06-10,2745.56,E0161
GR0008447,PO-2024-011782,2024-07-04,370.71,E0141
GR0008448,PO-2024-011782,2024-07-16,231.02,E0143
GR0008449,PO-2024-011783,2024-08-09,5701.27,E0150
GR0008450,PO-2024-011784,2024-11-22,1360.35,E0158
GR0008451,PO-2024-011785,2024-02-03,3145.49,E0150
GR0008452,PO-2024-011786,2024-01-19,6262.95,E0144
GR0008453,PO-2024-011787,2024-08-05,2302.78,E0142
GR0008454,PO-2024-011788,2024-05-13,8595.98,E0152
GR0008455,PO-2024-011788,2024-05-30,4038.74,E0155
GR0008456,PO-2025-011789,2025-04-26,8123.68,E0140
GR0008457,PO-2024-011790,2024-03-14,14612.24,E0156
GR0008458,PO-2024-011791,2024-06-14,8495.66,E0150
GR0008459,PO-2024-011792,2024-08-21,39707.04,E0161
GR0008460,PO-2025-011793,2025-06-25,6301.87,E0147
GR0008461,PO-2024-011794,2024-12-02,22805.28,E0142
GR0008462,PO-2024-011795,2024-03-14,3439.46,E0143
GR0008463,PO-2024-011796,2024-08-09,34903.01,E0142
GR0008464,PO-2024-011797,2024-03-30,19281.37,E0154
GR0008465,PO-2025-011798,2025-04-30,4999.24,E0161
GR0008466,PO-2024-011799,2024-12-03,21324.96,E0160
GR0008467,PO-2025-011800,2025-01-24,1851.79,E0155
GR0008468,PO-2025-011801,2025-06-28,8870.34,E0148
GR0008469,PO-2024-011802,2024-08-14,3414.54,E0156
GR0008470,PO-2024-011803,2024-08-01,8320.74,E0153
GR0008471,PO-2025-011804,2025-02-17,3080.97,E0148
GR0008472,PO-2024-011805,2024-10-22,2983.21,E0145
GR0008473,PO-2024-011806,2024-05-08,77311.29,E0152
GR0008474,PO-2024-011807,2024-03-03,1977.11,E0147
GR0008475,PO-2024-011808,2024-07-22,5966.47,E0146
GR0008476,PO-2024-011808,2024-08-02,8401.65,E0142
GR0008477,PO-2025-011809,2025-06-04,13147.56,E0160
GR0008478,PO-2025-011809,2025-06-20,13923.41,E0141
GR0008479,PO-2024-011810,2024-04-05,3796.64,E0162
GR0008480,PO-2024-011811,2024-07-26,9521.09,E0161
GR0008481,PO-2024-011812,2024-10-12,10244.71,E0142
GR0008482,PO-2024-011813,2024-03-03,9301.69,E0160
GR0008483,PO-2024-011814,2024-04-16,15971.06,E0160
GR0008484,PO-2025-011815,2025-04-16,4684.84,E0158
GR0008485,PO-2024-011816,2024-08-17,1627.75,E0161
GR0008486,PO-2024-011817,2024-10-14,13813.77,E0146
GR0008487,PO-2025-011818,2025-05-28,3491.16,E0146
GR0008488,PO-2024-011819,2024-11-01,4444.28,E0160
GR0008489,PO-2024-011820,2024-12-20,10853.24,E0141
GR0008490,PO-2024-011821,2024-10-24,27044.59,E0141
GR0008491,PO-2024-011821,2024-10-31,14757.67,E0163
GR0008492,PO-2024-011822,2024-12-10,8678.74,E0160
GR0008493,PO-2024-011823,2024-05-01,8389.63,E0160
GR0008494,PO-2024-011824,2024-07-08,6192.79,E0158
GR0008495,PO-2024-011825,2024-12-25,2455.68,E0149
GR0008496,PO-2024-011826,2024-05-13,1633.03,E0163
GR0008497,PO-2024-011827,2024-12-13,9376.74,E0153
GR0008498,PO-2024-011828,2024-08-16,4895.61,E0148
GR0008499,PO-2024-011829,2024-05-26,41381.47,E0146
GR0008500,PO-2024-011830,2024-10-23,11990.8,E0158
GR0008501,PO-2024-011831,2024-03-14,18251.18,E0149
GR0008502,PO-2024-011861,2024-05-30,6578.82,E0158
GR0008503,PO-2024-011862,2024-12-02,844.95,E0161
GR0008504,PO-2024-011863,2024-11-26,2874.59,E0161
GR0008505,PO-2025-011864,2025-06-29,1374.75,E0162
GR0008506,PO-2024-011865,2024-02-02,21987.42,E0140
GR0008507,PO-2024-011866,2024-02-02,3175.33,E0151
GR0008508,PO-2024-011867,2024-12-03,13004.83,E0146
GR0008509,PO-2024-011868,2024-04-21,6581.1,E0152
GR0008510,PO-2024-011869,2024-03-18,1124.56,E0160
GR0008511,PO-2024-011870,2024-08-07,1845.79,E0141
GR0008512,PO-2025-011871,2025-02-08,1568.03,E0149
GR0008513,PO-2025-011871,2025-02-18,698.57,E0144
GR0008514,PO-2025-011872,2025-02-20,1166.88,E0150
GR0008515,PO-2024-011873,2024-12-09,3837.16,E0158
GR0008516,PO-2024-011874,2024-12-03,3224.56,E0142
GR0008517,PO-2024-011875,2024-04-20,14161.16,E0149
GR0008518,PO-2024-011876,2024-04-24,5444.97,E0140
GR0008519,PO-2024-011877,2024-10-20,916.97,E0142
GR0008520,PO-2024-011878,2024-02-22,2433.83,E0157
GR0008521,PO-2025-011879,2025-07-07,6963.95,E0146
GR0008522,PO-2024-011880,2024-08-02,7879.65,E0141
GR0008523,PO-2024-011881,2024-06-24,15578.39,E0153
GR0008524,PO-2024-011882,2024-06-15,4125.03,E0145
GR0008525,PO-2024-011883,2024-05-18,7798.86,E0163
GR0008526,PO-2024-011884,2024-07-07,3909.8,E0156
GR0008527,PO-2024-011885,2024-07-06,10864.09,E0151
GR0008528,PO-2024-011886,2024-09-05,3622.85,E0157
GR0008529,PO-2024-011886,2024-09-15,2813.09,E0162
GR0008530,PO-2025-011887,2025-01-16,4176.99,E0147
GR0008531,PO-2024-011888,2024-11-22,4898.36,E0144
GR0008532,PO-2025-011889,2025-02-12,952.29,E0145
GR0008533,PO-2024-011890,2024-07-31,4926.93,E0144
GR0008534,PO-2024-011891,2024-07-08,898.73,E0144
GR0008535,PO-2024-011892,2024-02-15,16013.59,E0140
GR0008536,PO-2025-011893,2025-04-17,1457.0,E0144
GR0008537,PO-2024-011894,2024-07-31,1011.21,E0151
GR0008538,PO-2024-011895,2024-12-18,3767.12,E0156
GR0008539,PO-2024-011896,2024-01-22,760.9,E0158
GR0008540,PO-2024-011896,2024-01-31,461.13,E0160
GR0008541,PO-2025-011897,2025-06-07,1774.64,E0151
GR0008542,PO-2024-011898,2024-09-15,1372.93,E0140
GR0008543,PO-2025-011899,2025-02-18,10890.34,E0150
GR0008544,PO-2025-011900,2025-06-27,1542.98,E0149
GR0008545,PO-2024-011901,2024-09-09,3938.4,E0148
GR0008546,PO-2024-011902,2024-02-23,6236.97,E0142
GR0008547,PO-2024-011902,2024-03-06,2642.98,E0142
GR0008548,PO-2024-011903,2024-12-18,3152.55,E0154
GR0008549,PO-2024-011904,2024-08-04,560.6,E0149
GR0008550,PO-2024-011905,2025-01-02,42993.2,E0150
GR0008551,PO-2025-011906,2025-06-05,2370.69,E0154
GR0008552,PO-2024-011907,2024-07-14,9327.13,E0146
GR0008553,PO-2025-011908,2025-04-14,1234.85,E0141
GR0008554,PO-2024-011909,2024-11-06,556.1,E0147
GR0008555,PO-2025-011910,2025-04-03,5362.78,E0152
GR0008556,PO-2024-011911,2024-11-12,2735.99,E0145
GR0008557,PO-2024-011912,2024-11-09,1745.64,E0141
GR0008558,PO-2025-011913,2025-04-09,3476.28,E0143
GR0008559,PO-2024-011914,2024-09-11,6081.69,E0162
GR0008560,PO-2025-011915,2025-06-01,2468.37,E0143
GR0008561,PO-2025-011916,2025-04-02,750.72,E0156
GR0008562,PO-2024-011917,2024-07-21,3373.63,E0150
GR0008563,PO-2024-011918,2024-09-02,1319.11,E0161
GR0008564,PO-2024-011919,2024-09-29,1623.77,E0149
GR0008565,PO-2024-011919,2024-10-13,861.4,E0150
GR0008566,PO-2024-011920,2024-11-14,1530.76,E0142
GR0008567,PO-2024-011921,2024-02-15,798.89,E0147
GR0008568,PO-2024-011922,2024-10-19,9346.19,E0144
GR0008569,PO-2024-011923,2024-04-16,1566.99,E0159
GR0008570,PO-2024-011924,2024-11-01,984.14,E0157
GR0008571,PO-2024-011925,2024-02-11,1100.58,E0162
GR0008572,PO-2024-011926,2024-10-27,3560.47,E0153
GR0008573,PO-2024-011927,2024-10-07,1752.74,E0157
GR0008574,PO-2024-011928,2024-05-03,4709.48,E0150
GR0008575,PO-2024-011929,2024-11-27,307.84,E0153
GR0008576,PO-2024-011929,2024-12-03,350.01,E0160
GR0008577,PO-2024-011930,2024-02-12,4267.85,E0152
GR0008578,PO-2024-011931,2024-12-13,5055.48,E0149
GR0008579,PO-2024-011932,2024-06-30,4102.33,E0152
GR0008580,PO-2025-011933,2025-03-20,3587.27,E0152
GR0008581,PO-2024-011934,2024-04-04,7756.46,E0147
GR0008582,PO-2024-011935,2024-11-08,1045.76,E0157
GR0008583,PO-2024-011936,2024-09-09,2613.49,E0141
GR0008584,PO-2024-011937,2024-08-04,1425.7,E0153
GR0008585,PO-2024-011938,2024-07-28,3530.46,E0150
GR0008586,PO-2024-011939,2024-11-07,99815.53,E0146
GR0008587,PO-2024-011940,2024-07-18,801.13,E0158
GR0008588,PO-2025-011941,2025-06-06,3150.39,E0157
GR0008589,PO-2025-011942,2025-02-13,5731.05,E0147
GR0008590,PO-2025-011943,2025-06-17,5426.57,E0144
GR0008591,PO-2024-011944,2024-01-10,484.85,E0152
GR0008592,PO-2025-011945,2025-03-10,7673.29,E0162
GR0008593,PO-2024-011946,2024-04-28,930.32,E0146
GR0008594,PO-2025-011947,2025-03-11,442.84,E0146
GR0008595,PO-2025-011947,2025-03-23,563.19,E0146
GR0008596,PO-2024-011948,2024-09-21,3080.94,E0145
GR0008597,PO-2024-011948,2024-10-08,1788.19,E0155
GR0008598,PO-2024-011949,2024-10-19,2817.67,E0160
GR0008599,PO-2024-011950,2024-03-15,402.18,E0153
GR0008600,PO-2025-011951,2025-05-17,641.49,E0155
GR0008601,PO-2025-011951,2025-05-30,282.7,E0163
GR0008602,PO-2025-011952,2025-02-10,5220.58,E0160
GR0008603,PO-2025-011953,2025-04-01,8239.85,E0152
GR0008604,PO-2025-011954,2025-06-27,1604.07,E0154
GR0008605,PO-2024-011955,2024-05-28,2450.57,E0151
GR0008606,PO-2024-011956,2024-04-01,28002.17,E0160
GR0008607,PO-2024-011957,2024-05-30,7026.96,E0152
GR0008608,PO-2024-011958,2024-01-11,3053.05,E0157
GR0008609,PO-2024-011958,2024-01-18,1341.45,E0154
GR0008610,PO-2024-011959,2024-09-14,1847.66,E0153
GR0008611,PO-2025-011960,2025-03-17,4742.52,E0149
GR0008612,PO-2024-011961,2024-01-21,6875.43,E0154
GR0008613,PO-2024-011962,2024-09-25,317.08,E0153
GR0008614,PO-2025-011963,2025-03-17,3685.44,E0155
GR0008615,PO-2025-011964,2025-05-11,406.32,E0149
GR0008616,PO-2024-011965,2024-11-17,697.15,E0157
GR0008617,PO-2024-011966,2024-03-27,1361.74,E0151
GR0008618,PO-2025-011967,2025-04-24,414.28,E0150
GR0008619,PO-2024-011968,2024-04-01,1573.98,E0153
GR0008620,PO-2024-011968,2024-04-20,765.99,E0154
GR0008621,PO-2025-011969,2025-01-29,878.3,E0142
GR0008622,PO-2025-011970,2025-02-19,487.5,E0158
GR0008623,PO-2025-011971,2025-03-11,5042.23,E0141
GR0008624,PO-2024-011972,2024-08-07,3270.36,E0153
GR0008625,PO-2025-011973,2025-03-28,8668.72,E0145
GR0008626,PO-2024-011974,2024-07-05,628.05,E0152
GR0008627,PO-2025-011975,2025-04-20,832.94,E0141
GR0008628,PO-2025-011976,2025-02-24,1113.01,E0150
GR0008629,PO-2025-011977,2025-04-12,790.42,E0153
GR0008630,PO-2025-011977,2025-04-20,1099.65,E0141
GR0008631,PO-2024-011978,2024-07-18,421.04,E0154
GR0008632,PO-2024-011979,2024-08-16,3704.77,E0156
GR0008633,PO-2024-011979,2024-08-18,1947.48,E0149
GR0008634,PO-2025-011980,2025-03-30,1267.48,E0159
GR0008635,PO-2024-011981,2024-01-16,1421.33,E0155
GR0008636,PO-2025-011982,2025-05-19,1192.28,E0160
GR0008637,PO-2024-011983,2024-04-17,7531.05,E0146
GR0008638,PO-2024-011984,2024-11-22,4704.58,E0161
GR0008639,PO-2024-011985,2024-01-29,2504.36,E0143
GR0008640,PO-2025-011986,2025-02-22,387.58,E0140
GR0008641,PO-2024-011987,2024-12-22,4293.86,E0150
GR0008642,PO-2024-011988,2024-06-13,6428.85,E0154
GR0008643,PO-2024-011989,2024-10-06,28997.48,E0163
GR0008644,PO-2024-011990,2024-04-08,3362.06,E0162
GR0008645,PO-2024-011991,2024-10-16,2966.1,E0152
GR0008646,PO-2024-011992,2024-02-15,1264.31,E0152
GR0008647,PO-2024-011993,2024-10-31,3786.78,E0157
GR0008648,PO-2025-012020,2025-04-12,27637.91,E0154
GR0008649,PO-2025-012021,2025-01-26,73118.45,E0147
GR0008650,PO-2024-012022,2024-08-10,5178.44,E0147
GR0008651,PO-2024-012023,2024-12-24,4919.56,E0155
GR0008652,PO-2024-012024,2024-06-15,45227.92,E0153
GR0008653,PO-2024-012025,2024-12-04,6236.18,E0141
GR0008654,PO-2025-012026,2025-03-31,9645.93,E0159
GR0008655,PO-2024-012027,2024-05-15,7163.04,E0143
GR0008656,PO-2024-012028,2024-03-13,112216.22,E0158
GR0008657,PO-2024-012029,2024-05-05,2718.47,E0157
GR0008658,PO-2024-012030,2024-09-28,985.87,E0156
GR0008659,PO-2024-012031,2024-08-04,8351.56,E0140
GR0008660,PO-2024-012032,2024-10-31,3670.59,E0144
GR0008661,PO-2025-012033,2025-07-04,2043.63,E0159
GR0008662,PO-2025-012033,2025-07-07,1066.56,E0146
GR0008663,PO-2024-012034,2024-06-10,7954.02,E0152
GR0008664,PO-2025-012035,2025-06-24,1573.86,E0153
GR0008665,PO-2024-012036,2024-07-16,9497.83,E0146
GR0008666,PO-2025-012037,2025-06-15,47352.08,E0157
GR0008667,PO-2025-012038,2025-07-05,6179.79,E0154
GR0008668,PO-2025-012039,2025-04-07,3314.55,E0140
GR0008669,PO-2024-012040,2024-08-04,3148.21,E0159
GR0008670,PO-2024-012041,2024-06-04,16050.55,E0147
GR0008671,PO-2025-012042,2025-06-01,7734.76,E0154
GR0008672,PO-2024-012043,2024-08-11,14739.05,E0140
GR0008673,PO-2025-012044,2025-01-20,11113.89,E0161
GR0008674,PO-2024-012045,2024-06-14,17759.09,E0148
GR0008675,PO-2024-012046,2024-09-14,73638.31,E0159
GR0008676,PO-2025-012047,2025-03-23,26904.53,E0157
GR0008677,PO-2024-012048,2024-10-03,18518.91,E0150
GR0008678,PO-2024-012049,2024-07-04,11127.68,E0142
GR0008679,PO-2024-012050,2024-04-15,7487.82,E0141
GR0008680,PO-2025-012051,2025-05-03,1425.29,E0158
GR0008681,PO-2024-012052,2024-11-30,367.19,E0151
GR0008682,PO-2025-012053,2025-03-13,4157.57,E0146
GR0008683,PO-2025-012054,2025-02-12,940.82,E0155
GR0008684,PO-2025-012054,2025-02-15,1196.96,E0140
GR0008685,PO-2024-012055,2024-02-02,3888.37,E0145
GR0008686,PO-2025-012056,2025-03-13,16218.38,E0141
GR0008687,PO-2024-012057,2024-05-27,29585.88,E0157
GR0008688,PO-2025-012058,2025-05-18,4191.63,E0158
GR0008689,PO-2025-012059,2025-04-09,1823.6,E0140
GR0008690,PO-2025-012060,2025-04-22,4959.32,E0154
GR0008691,PO-2025-012060,2025-05-09,3266.48,E0162
GR0008692,PO-2024-012061,2024-11-02,8665.58,E0156
GR0008693,PO-2024-012061,2024-11-21,3987.41,E0154
GR0008694,PO-2025-012062,2025-05-16,687.79,E0157
GR0008695,PO-2024-012063,2024-06-02,1110.83,E0149
GR0008696,PO-2024-012064,2024-12-17,1371.77,E0152
GR0008697,PO-2025-012065,2025-01-23,24762.53,E0142
GR0008698,PO-2024-012066,2024-10-16,1543.05,E0147
GR0008699,PO-2024-012067,2024-04-04,2581.01,E0156
GR0008700,PO-2025-012068,2025-04-20,2916.35,E0148
GR0008701,PO-2024-012069,2024-01-21,2909.26,E0154
GR0008702,PO-2024-012069,2024-01-27,2470.14,E0147
GR0008703,PO-2025-012070,2025-05-10,2371.92,E0149
GR0008704,PO-2024-012071,2024-08-18,3838.37,E0156
GR0008705,PO-2024-012072,2024-01-29,2132.38,E0148
GR0008706,PO-2024-012073,2024-11-28,7504.74,E0148
GR0008707,PO-2025-012074,2025-01-20,1033.45,E0149
GR0008708,PO-2025-012075,2025-02-18,4510.85,E0152
GR0008709,PO-2025-012076,2025-04-22,8596.87,E0141
GR0008710,PO-2024-012077,2024-01-10,1831.67,E0141
GR0008711,PO-2024-012078,2024-10-01,13049.2,E0160
GR0008712,PO-2024-012079,2024-08-16,47439.25,E0146
GR0008713,PO-2024-012080,2024-06-08,10636.18,E0147
GR0008714,PO-2024-012081,2024-08-22,4871.19,E0140
GR0008715,PO-2024-012082,2024-08-23,6665.91,E0149
GR0008716,PO-2024-012083,2024-08-13,3081.6,E0159
GR0008717,PO-2024-012084,2024-04-04,42555.53,E0158
GR0008718,PO-2024-012085,2024-11-07,24138.66,E0153
GR0008719,PO-2024-012086,2024-09-29,2952.99,E0148
GR0008720,PO-2025-012087,2025-02-12,53341.01,E0161
GR0008721,PO-2025-012088,2025-05-10,653.77,E0161
GR0008722,PO-2024-012089,2024-04-17,963.72,E0159
GR0008723,PO-2024-012089,2024-05-05,520.72,E0154
GR0008724,PO-2024-012090,2024-12-30,1224.61,E0161
GR0008725,PO-2024-012090,2025-01-05,568.19,E0148
GR0008726,PO-2024-012091,2024-08-29,1874.56,E0163
GR0008727,PO-2024-012092,2024-12-11,2622.37,E0153
GR0008728,PO-2024-012093,2024-03-29,2078.56,E0151
GR0008729,PO-2024-012094,2024-02-05,5003.41,E0145
GR0008730,PO-2024-012095,2024-06-23,4043.19,E0161
GR0008731,PO-2024-012096,2024-02-24,371.89,E0155
GR0008732,PO-2024-012097,2024-05-12,1804.15,E0152
GR0008733,PO-2024-012098,2024-02-25,1298.05,E0159
GR0008734,PO-2024-012099,2024-09-13,706.56,E0162
GR0008735,PO-2024-012100,2024-03-27,1623.17,E0147
GR0008736,PO-2024-012101,2024-08-26,9782.83,E0141
GR0008737,PO-2024-012102,2024-03-05,4236.52,E0163
GR0008738,PO-2024-012103,2024-05-29,1681.12,E0155
GR0008739,PO-2024-012104,2024-07-27,6001.87,E0153
GR0008740,PO-2024-012105,2024-11-29,1800.27,E0149
GR0008741,PO-2024-012106,2024-11-13,469.71,E0154
GR0008742,PO-2024-012107,2024-02-09,4073.19,E0141
GR0008743,PO-2025-012108,2025-02-15,8323.86,E0163
GR0008744,PO-2025-012109,2025-05-16,796.17,E0157
GR0008745,PO-2024-012110,2024-03-13,5785.7,E0157
GR0008746,PO-2024-012111,2024-03-14,1092.44,E0160
GR0008747,PO-2024-012112,2024-01-26,835.15,E0142
GR0008748,PO-2025-012113,2025-05-04,1031.54,E0140
GR0008749,PO-2024-012114,2024-05-19,862.45,E0142
GR0008750,PO-2025-012115,2025-06-23,561.8,E0144
GR0008751,PO-2025-012115,2025-06-29,603.0,E0160
GR0008752,PO-2025-012116,2025-05-08,2983.06,E0140
GR0008753,PO-2024-012117,2024-04-06,6307.55,E0142
GR0008754,PO-2025-012118,2025-04-14,1317.91,E0143
GR0008755,PO-2025-012119,2025-07-02,3081.22,E0159
GR0008756,PO-2024-012120,2024-11-17,5048.69,E0160
GR0008757,PO-2024-012121,2024-10-10,1705.52,E0146
GR0008758,PO-2024-012122,2024-07-12,3194.81,E0145
GR0008759,PO-2024-012123,2024-03-04,2731.4,E0163
GR0008760,PO-2025-012124,2025-05-02,2788.28,E0146
GR0008761,PO-2025-012125,2025-01-30,1608.34,E0161
GR0008762,PO-2024-012126,2024-05-06,5740.78,E0141
GR0008763,PO-2024-012127,2024-11-26,277.85,E0153
GR0008764,PO-2024-012128,2024-12-16,3741.59,E0142
GR0008765,PO-2024-012129,2024-09-06,3800.63,E0161
GR0008766,PO-2025-012130,2025-05-30,18215.42,E0148
GR0008767,PO-2025-012131,2025-02-14,8670.38,E0140
GR0008768,PO-2024-012132,2024-05-05,13803.17,E0160
GR0008769,PO-2025-012133,2025-07-12,12315.54,E0154
GR0008770,PO-2024-012134,2024-12-06,4316.46,E0154
GR0008771,PO-2024-012135,2024-10-28,3684.63,E0140
GR0008772,PO-2024-012136,2024-10-18,10150.79,E0157
GR0008773,PO-2024-012137,2024-11-06,28437.41,E0163
GR0008774,PO-2024-012138,2024-07-18,3925.21,E0145
GR0008775,PO-2024-012139,2024-06-19,3645.8,E0160
GR0008776,PO-2024-012139,2024-06-24,1567.92,E0148
GR0008777,PO-2024-012140,2024-09-25,2613.84,E0143
GR0008778,PO-2024-012141,2024-06-12,3992.93,E0142
GR0008779,PO-2025-012142,2025-06-16,4731.42,E0145
GR0008780,PO-2025-012142,2025-06-22,3798.27,E0146
GR0008781,PO-2025-012143,2025-04-18,633.46,E0159
GR0008785,PO-2024-012223,2024-05-31,10737.31,E0147
GR0008786,PO-2024-012224,2024-02-29,1545.16,E0150
GR0008787,PO-2024-012225,2024-01-11,7972.53,E0154
GR0008793,PO-2024-012230,2024-05-24,5087.63,E0150
GR0008796,PO-2024-012233,2024-05-31,473.11,E0156
GR0008797,PO-2025-012447,2025-01-14,10516.45,E0156
GR0008798,PO-2024-012448,2024-03-19,721.55,E0140
GR0008799,PO-2024-012449,2024-03-05,545.54,E0156
GR0008800,PO-2024-012450,2024-06-19,998.7,E0149
GR0008801,PO-2025-012451,2025-02-05,1169.67,E0143
GR0008802,PO-2024-012452,2024-10-23,3107.2,E0146
GR0008803,PO-2025-012453,2025-05-03,10495.48,E0162
GR0008804,PO-2025-012454,2025-05-16,1530.74,E0147
GR0008805,PO-2025-012455,2025-02-06,2803.15,E0140
GR0008806,PO-2024-012456,2024-12-31,8338.92,E0152
GR0008807,PO-2025-012457,2025-04-04,1232.08,E0161
GR0008808,PO-2024-012458,2024-12-18,2526.05,E0153
GR0008809,PO-2025-012459,2025-06-23,2566.69,E0145
GR0008810,PO-2024-012460,2024-03-17,2262.82,E0150
GR0008811,PO-2024-012460,2024-03-30,2688.87,E0149
GR0008812,PO-2024-012461,2024-02-08,1673.69,E0152
GR0008813,PO-2024-012462,2024-07-13,25379.26,E0154
GR0008814,PO-2025-012463,2025-03-19,4280.0,E0149
GR0008815,PO-2024-012464,2024-12-05,3175.1,E0157
GR0008816,PO-2024-012465,2024-09-29,6901.28,E0140
GR0008817,PO-2024-012466,2024-05-03,5939.37,E0146
GR0008818,PO-2025-012467,2025-06-11,2245.25,E0145
GR0008819,PO-2024-012468,2024-11-19,7885.9,E0155
GR0008820,PO-2024-012469,2024-04-11,1956.84,E0161
GR0008821,PO-2025-012470,2025-07-01,398.11,E0143
GR0008822,PO-2024-012471,2024-08-20,7084.31,E0144
GR0008823,PO-2025-012472,2025-07-01,5336.9,E0156
GR0008824,PO-2024-012473,2024-04-12,1077.39,E0151
GR0008825,PO-2024-012474,2024-08-15,1886.64,E0162
GR0008826,PO-2024-012474,2024-08-24,819.08,E0162
GR0008827,PO-2024-012475,2024-01-27,3050.72,E0158
GR0008828,PO-2024-012476,2024-02-23,8467.78,E0162
GR0008829,PO-2024-012477,2024-10-13,7813.11,E0143
GR0008830,PO-2024-012478,2024-10-20,5368.13,E0140
GR0008831,PO-2025-012479,2025-03-27,4993.69,E0151
GR0008832,PO-2025-012479,2025-04-09,2149.53,E0157
GR0008833,PO-2024-012480,2024-12-02,3190.5,E0158
GR0008834,PO-2025-012481,2025-07-08,7188.32,E0151
GR0008835,PO-2024-012482,2024-06-10,267.69,E0160
GR0008836,PO-2025-012483,2025-02-21,1155.05,E0149
GR0008837,PO-2024-012484,2024-10-17,1954.34,E0161
GR0008838,PO-2024-012485,2024-04-27,849.64,E0154
GR0008839,PO-2024-012485,2024-05-12,871.38,E0157
GR0008840,PO-2025-012486,2025-01-12,713.85,E0140
GR0008841,PO-2025-012487,2025-02-06,15855.06,E0150
GR0008842,PO-2024-012488,2024-05-27,233.56,E0143
GR0008843,PO-2024-012489,2024-02-15,1123.66,E0154
GR0008844,PO-2024-012490,2024-12-22,3318.27,E0155
GR0008845,PO-2024-012491,2024-02-14,1490.49,E0146
GR0008846,PO-2024-012492,2024-04-30,3498.18,E0148
GR0008847,PO-2025-012493,2025-03-07,857.02,E0151
GR0008848,PO-2025-012493,2025-03-18,522.53,E0140
GR0008849,PO-2024-012494,2024-01-27,126.27,E0149
GR0008850,PO-2024-012495,2024-05-11,2091.39,E0147
GR0008851,PO-2024-012496,2024-09-05,1114.63,E0158
GR0008852,PO-2024-012497,2024-06-15,1167.34,E0157
GR0008853,PO-2025-012498,2025-04-09,3014.74,E0152
GR0008854,PO-2025-012499,2025-04-01,1175.04,E0159
GR0008855,PO-2024-012500,2024-08-22,3209.22,E0147
GR0008856,PO-2025-012501,2025-01-11,2397.43,E0143
GR0008857,PO-2024-012502,2024-08-08,809.9,E0144
GR0008858,PO-2024-012503,2024-09-30,118.42,E0147
GR0008859,PO-2025-012504,2025-02-18,210.02,E0145
GR0008860,PO-2024-012505,2024-05-04,5553.04,E0159
GR0008861,PO-2025-012506,2025-01-18,13040.35,E0143
GR0008862,PO-2025-012507,2025-03-05,668.26,E0151
GR0008863,PO-2025-012507,2025-03-11,340.75,E0145
GR0008864,PO-2024-012508,2024-11-26,2166.14,E0143
GR0008865,PO-2025-012509,2025-07-13,1157.37,E0148
GR0008866,PO-2024-012510,2024-05-07,304.69,E0146
GR0008867,PO-2024-012511,2024-03-17,363.96,E0154
GR0008868,PO-2024-012512,2024-06-23,1485.26,E0163
GR0008869,PO-2024-012513,2024-12-20,583.44,E0156
GR0008870,PO-2025-012514,2025-06-26,268.27,E0144
GR0008871,PO-2024-012515,2024-02-08,378.38,E0159
GR0008872,PO-2024-012516,2024-03-10,825.43,E0153
GR0008873,PO-2024-012516,2024-03-25,435.88,E0148
GR0008874,PO-2025-012517,2025-01-24,10471.29,E0155
GR0008875,PO-2024-012518,2024-03-18,2240.49,E0146
GR0008876,PO-2025-012519,2025-05-07,10145.5,E0156
GR0008877,PO-2024-012520,2024-07-02,2181.33,E0156
GR0008878,PO-2024-012521,2024-03-10,348.42,E0161
GR0008879,PO-2024-012522,2024-07-03,190.43,E0145
GR0008880,PO-2024-012522,2024-07-17,197.67,E0159
GR0008881,PO-2024-012523,2024-03-01,2365.67,E0148
GR0008882,PO-2024-012524,2024-09-25,2347.34,E0160
GR0008883,PO-2025-012525,2025-04-08,877.48,E0153
GR0008884,PO-2025-012526,2025-05-11,516.64,E0160
GR0008885,PO-2025-012527,2025-02-01,1388.5,E0150
GR0008886,PO-2025-012528,2025-02-24,1123.42,E0149
GR0008887,PO-2025-012528,2025-03-06,1080.1,E0141
GR0008888,PO-2024-012529,2024-03-17,788.95,E0144
GR0008889,PO-2025-012530,2025-05-29,1456.85,E0162
GR0008890,PO-2025-012531,2025-06-28,3591.76,E0147
GR0008891,PO-2024-012532,2024-08-04,1186.99,E0143
GR0008892,PO-2024-012533,2024-06-02,3732.78,E0160
GR0008893,PO-2024-012534,2024-02-15,1010.5,E0148
GR0008894,PO-2024-012545,2024-07-17,709.83,E0151
GR0008895,PO-2024-012545,2024-08-03,650.21,E0154
GR0008896,PO-2024-012546,2024-02-15,9999.04,E0154
GR0008897,PO-2025-012547,2025-03-08,3029.77,E0152
GR0008898,PO-2025-012548,2025-05-18,3635.23,E0160
GR0008899,PO-2024-012549,2024-07-13,514.52,E0141
GR0008900,PO-2024-012549,2024-07-28,634.16,E0148
GR0008901,PO-2025-012550,2025-05-01,1495.22,E0155
GR0008902,PO-2024-012551,2024-04-30,933.54,E0158
GR0008903,PO-2025-012552,2025-03-29,2635.49,E0160
GR0008904,PO-2024-012553,2024-08-08,7938.26,E0150
GR0008905,PO-2024-012554,2024-01-23,8742.05,E0145
GR0008906,PO-2024-012555,2024-04-03,6836.98,E0149
GR0008907,PO-2024-012556,2024-02-25,447.21,E0140
GR0008908,PO-2024-012557,2024-05-12,2713.58,E0162
GR0008909,PO-2024-012558,2024-04-18,1959.28,E0162
GR0008910,PO-2024-012559,2024-09-13,960.53,E0156
GR0008911,PO-2024-012560,2024-03-06,2004.89,E0156
GR0008912,PO-2024-012560,2024-03-23,1303.72,E0163
GR0008913,PO-2025-012561,2025-06-20,2649.01,E0146
GR0008914,PO-2024-012562,2024-11-29,276.62,E0159
GR0008915,PO-2025-012563,2025-05-21,3270.89,E0161
GR0008916,PO-2025-012564,2025-02-23,1142.41,E0143
GR0008917,PO-2024-012565,2024-04-09,33870.98,E0161
GR0008918,PO-2025-012566,2025-07-07,5692.91,E0150
GR0008919,PO-2025-012567,2025-05-31,119.27,E0140
GR0008920,PO-2024-012568,2024-06-02,5663.3,E0145
GR0008921,PO-2024-012568,2024-06-11,3243.94,E0152
GR0008922,PO-2024-012569,2024-07-10,29548.71,E0144
GR0008923,PO-2024-012570,2024-10-30,911.7,E0162
GR0008924,PO-2025-012571,2025-05-18,5991.09,E0156
GR0008925,PO-2025-012572,2025-03-25,3122.58,E0148
GR0008926,PO-2024-012573,2024-06-05,2691.18,E0157
GR0008927,PO-2024-012574,2024-08-18,6006.92,E0140
GR0008928,PO-2025-012575,2025-07-16,692.12,E0150
GR0008929,PO-2025-012575,2025-07-20,517.71,E0149
GR0008930,PO-2024-012576,2024-09-03,9537.09,E0153
GR0008931,PO-2025-012577,2025-02-22,2235.01,E0161
GR0008932,PO-2024-012578,2024-02-27,2699.44,E0142
GR0008933,PO-2025-012579,2025-06-13,1793.64,E0153
GR0008934,PO-2025-012580,2025-04-02,27388.56,E0154
GR0008935,PO-2025-012581,2025-03-30,1942.09,E0151
GR0008936,PO-2024-012582,2024-11-08,13586.3,E0142
GR0008937,PO-2024-012583,2024-08-22,2072.43,E0146
GR0008938,PO-2024-012584,2024-04-17,789.83,E0141
GR0008939,PO-2024-012585,2024-09-15,1105.19,E0140
GR0008940,PO-2024-012586,2024-01-18,8644.2,E0153
GR0008941,PO-2024-012587,2024-10-14,2480.49,E0146
GR0008942,PO-2024-012588,2024-10-18,3522.99,E0150
GR0008943,PO-2024-012589,2024-02-29,9558.09,E0150
GR0008944,PO-2024-012590,2024-04-04,2274.92,E0159
GR0008945,PO-2025-012591,2025-01-13,1485.49,E0159
GR0008946,PO-2025-012591,2025-01-19,2058.12,E0148
GR0008947,PO-2024-012592,2024-05-04,1793.21,E0142
GR0008948,PO-2024-012593,2024-08-19,3092.5,E0149
GR0008949,PO-2024-012594,2024-06-09,1007.48,E0156
GR0008950,PO-2024-012595,2024-10-20,4073.99,E0150
GR0008951,PO-2024-012595,2024-10-29,4048.49,E0162
GR0008952,PO-2024-012596,2025-01-02,2154.33,E0146
GR0008953,PO-2024-012597,2024-05-26,2646.02,E0157
GR0008954,PO-2025-012598,2025-03-27,2577.23,E0140
GR0008955,PO-2025-012599,2025-04-02,1193.16,E0145
GR0008956,PO-2024-012600,2024-02-29,769.15,E0161
GR0008957,PO-2025-012601,2025-03-06,2631.57,E0162
GR0008958,PO-2024-012602,2024-07-19,528.14,E0146
GR0008959,PO-2024-012603,2025-01-07,2555.58,E0160
GR0008960,PO-2024-012604,2024-08-30,948.53,E0150
GR0008961,PO-2024-012605,2024-06-24,271.37,E0159
GR0008962,PO-2024-012606,2024-11-26,116.87,E0144
GR0008963,PO-2024-012607,2024-11-28,1367.76,E0140
GR0008964,PO-2024-012608,2025-01-02,8654.4,E0154
GR0008965,PO-2025-012609,2025-02-03,738.01,E0140
GR0008966,PO-2025-012610,2025-03-18,3801.67,E0147
GR0008967,PO-2024-012611,2024-12-30,1115.94,E0161
GR0008968,PO-2024-012612,2024-05-02,1473.85,E0162
GR0008969,PO-2024-012613,2024-07-12,4460.37,E0156
GR0008970,PO-2025-012614,2025-04-15,16854.55,E0142
GR0008971,PO-2024-012615,2024-12-24,721.0,E0147
GR0008972,PO-2024-012616,2024-11-26,1124.84,E0158
GR0008973,PO-2024-012617,2024-12-20,35015.9,E0159
GR0008974,PO-2024-012618,2024-12-03,634.2,E0145
GR0008975,PO-2024-012619,2024-08-26,2950.98,E0152
GR0008976,PO-2024-012620,2024-11-23,231.88,E0156
GR0008977,PO-2024-012621,2024-08-28,682.77,E0146
GR0008978,PO-2024-012621,2024-09-03,823.49,E0151
GR0008979,PO-2024-012622,2024-03-01,3964.1,E0148
GR0008980,PO-2024-012623,2024-08-05,602.55,E0157
GR0008981,PO-2024-012624,2024-01-22,1392.24,E0148
GR0008982,PO-2024-012625,2024-10-19,473.87,E0145
GR0008983,PO-2024-012626,2024-06-11,2559.41,E0150
GR0008984,PO-2024-012627,2024-03-30,37023.88,E0154
GR0008985,PO-2024-012628,2024-11-19,3100.38,E0143
GR0008986,PO-2024-012629,2024-10-01,7486.28,E0140
GR0008987,PO-2024-012630,2024-09-19,797.17,E0152
GR0008988,PO-2025-012631,2025-04-23,1490.64,E0151
GR0008989,PO-2025-012632,2025-03-26,8503.66,E0141
GR0008990,PO-2025-012633,2025-05-24,6298.72,E0141
GR0008991,PO-2025-012634,2025-02-26,11193.52,E0162
GR0008992,PO-2025-012635,2025-06-02,3629.98,E0159
GR0008993,PO-2024-012636,2024-07-22,10344.78,E0142
GR0008994,PO-2025-012637,2025-07-07,2269.19,E0153
GR0008995,PO-2025-012638,2025-05-10,1584.85,E0148
GR0008996,PO-2025-012639,2025-04-23,5043.62,E0142
GR0008997,PO-2025-012639,2025-05-09,3694.11,E0153
GR0008998,PO-2024-012640,2024-08-20,4065.58,E0154
GR0008999,PO-2024-012641,2024-02-02,5939.18,E0144
GR0009000,PO-2024-012642,2024-05-08,1751.06,E0162
GR0009001,PO-2025-012643,2025-02-17,1017.44,E0153
GR0009002,PO-2024-012644,2024-05-03,5973.95,E0149
GR0009003,PO-2024-012645,2024-07-05,3417.5,E0162
GR0009004,PO-2024-012645,2024-07-12,2680.67,E0145
GR0009005,PO-2025-012646,2025-04-26,8176.57,E0141
GR0009006,PO-2024-012647,2024-09-02,746.75,E0154
GR0009007,PO-2025-012648,2025-02-06,1572.97,E0143
GR0009008,PO-2024-012649,2024-12-03,25148.64,E0160
GR0009009,PO-2024-012650,2024-10-08,1886.73,E0145
GR0009010,PO-2024-012651,2024-03-20,8321.34,E0146
GR0009011,PO-2024-012652,2024-11-21,2818.72,E0145
GR0009012,PO-2025-012653,2025-03-16,24270.65,E0149
GR0009013,PO-2024-012654,2024-05-15,8103.18,E0160
GR0009014,PO-2025-012655,2025-05-01,4660.54,E0146
GR0009015,PO-2024-012656,2024-07-11,7026.7,E0156
GR0009016,PO-2025-012657,2025-07-14,23444.55,E0149
GR0009017,PO-2025-012658,2025-01-21,2558.72,E0149
GR0009018,PO-2024-012659,2024-07-27,6507.48,E0150
GR0009019,PO-2025-012660,2025-06-05,1266.9,E0146
GR0009020,PO-2025-012660,2025-06-13,1164.69,E0145
GR0009021,PO-2024-012661,2024-12-05,9656.31,E0143
GR0009022,PO-2024-012662,2024-03-05,2176.04,E0151
GR0009023,PO-2025-012663,2025-06-16,7830.87,E0149
GR0009024,PO-2024-012664,2024-12-07,6285.68,E0150
GR0009025,PO-2024-012665,2024-05-18,3822.01,E0147
GR0009026,PO-2024-012666,2024-12-30,4604.0,E0142
GR0009027,PO-2024-012667,2024-06-14,2018.83,E0149
GR0009028,PO-2024-012668,2024-08-11,2996.81,E0154
GR0009029,PO-2024-012669,2024-04-06,1637.38,E0144
GR0009030,PO-2025-012670,2025-06-17,37722.01,E0151
GR0009031,PO-2024-012671,2024-10-14,8970.85,E0157
GR0009032,PO-2025-012672,2025-01-27,2818.13,E0161
GR0009033,PO-2024-012673,2024-07-02,4048.62,E0141
GR0009034,PO-2025-012674,2025-01-27,13084.43,E0160
GR0009035,PO-2025-012675,2025-05-12,6744.08,E0161
GR0009036,PO-2024-012676,2024-07-12,3465.29,E0147
GR0009037,PO-2024-012677,2024-08-24,861.12,E0158
GR0009038,PO-2024-012677,2024-09-05,490.4,E0140
GR0009039,PO-2025-012678,2025-05-09,2357.42,E0159
GR0009040,PO-2024-012679,2024-05-10,12875.67,E0155
GR0009041,PO-2025-012680,2025-01-26,4259.81,E0159
GR0009042,PO-2025-012681,2025-05-15,392.3,E0152
GR0009043,PO-2025-012681,2025-05-17,189.3,E0163
GR0009044,PO-2024-012682,2024-12-22,7878.25,E0163
GR0009045,PO-2024-012683,2024-06-10,33304.27,E0148
GR0009046,PO-2024-012684,2024-09-12,4597.41,E0150
GR0009047,PO-2024-012685,2024-11-29,3935.89,E0142
GR0009048,PO-2024-012685,2024-12-09,1804.27,E0156
GR0009049,PO-2025-012686,2025-01-28,2257.5,E0151
GR0009050,PO-2024-012687,2024-09-05,22340.65,E0142
GR0009051,PO-2024-012687,2024-09-13,14310.52,E0145
GR0009052,PO-2024-012688,2024-03-25,14383.05,E0151
GR0009053,PO-2025-012689,2025-03-10,25106.17,E0160
GR0009054,PO-2024-012690,2024-08-14,12015.68,E0161
GR0009055,PO-2025-012691,2025-01-11,32304.82,E0162
GR0009056,PO-2024-012692,2024-09-13,12157.83,E0160
GR0009057,PO-2024-012693,2024-08-31,2465.16,E0143
GR0009058,PO-2024-012693,2024-09-11,1954.8,E0148
GR0009059,PO-2024-012694,2024-08-18,13367.35,E0144
GR0009060,PO-2025-012695,2025-03-16,23554.2,E0143
GR0009061,PO-2024-012696,2024-04-21,10957.75,E0150
GR0009062,PO-2024-012697,2024-09-17,12416.41,E0161
GR0009063,PO-2024-012698,2024-04-07,6877.31,E0161
GR0009064,PO-2024-012699,2024-08-10,3760.94,E0146
GR0009065,PO-2024-012700,2024-08-25,1612.11,E0158
GR0009066,PO-2024-012701,2024-12-02,17615.22,E0151
GR0009067,PO-2025-012702,2025-04-24,28649.63,E0154
GR0009068,PO-2024-012703,2024-11-23,2385.68,E0153
GR0009069,PO-2025-012704,2025-05-08,6452.57,E0144
GR0009070,PO-2024-012705,2024-03-17,25668.28,E0155
GR0009071,PO-2024-012706,2024-03-20,2122.92,E0150
GR0009072,PO-2024-012707,2024-09-12,5279.02,E0155
GR0009073,PO-2024-012708,2024-03-22,866.8,E0160
GR0009074,PO-2024-012708,2024-04-01,498.14,E0149
GR0009075,PO-2024-012709,2024-03-05,669.88,E0142
GR0009076,PO-2024-012709,2024-03-10,684.06,E0152
GR0009077,PO-2025-012710,2025-03-20,1751.4,E0161
GR0009078,PO-2024-012711,2024-03-14,4201.51,E0142
GR0009079,PO-2024-012711,2024-03-18,3425.1,E0147
GR0009080,PO-2025-012712,2025-02-27,12644.27,E0142
GR0009081,PO-2024-012713,2024-12-20,7464.5,E0163
GR0009082,PO-2025-012714,2025-04-09,6470.5,E0154
GR0009083,PO-2024-012715,2024-06-10,3112.69,E0157
GR0009084,PO-2024-012716,2024-10-08,7211.65,E0142
GR0009085,PO-2024-012717,2025-01-14,5770.65,E0158
GR0009086,PO-2025-012718,2025-05-19,32756.51,E0140
GR0009087,PO-2024-012719,2024-03-13,7540.57,E0143
GR0009088,PO-2024-012720,2024-08-28,1116.33,E0149
GR0009089,PO-2024-012721,2024-01-26,6319.19,E0141
GR0009090,PO-2024-012722,2024-05-11,7925.26,E0150
GR0009091,PO-2024-012723,2024-08-14,42153.26,E0157
GR0009092,PO-2024-012724,2024-05-03,23368.43,E0155
GR0009093,PO-2024-012725,2024-11-19,7489.53,E0140
GR0009094,PO-2024-012726,2024-05-11,5540.17,E0154
GR0009095,PO-2024-012727,2024-05-13,3705.03,E0141
GR0009096,PO-2024-012728,2024-10-31,18544.9,E0149
GR0009097,PO-2024-012729,2024-05-24,1411.73,E0140
GR0009098,PO-2024-012730,2024-04-26,14374.94,E0151
GR0009099,PO-2024-012730,2024-05-04,8120.36,E0158
GR0009100,PO-2024-012731,2024-10-02,1536.38,E0159
GR0009101,PO-2024-012732,2024-07-19,2382.4,E0162
GR0009102,PO-2024-012733,2024-02-29,1385.69,E0149
GR0009103,PO-2024-012733,2024-03-07,1315.9,E0145
GR0009104,PO-2025-012734,2025-01-16,21014.76,E0150
GR0009105,PO-2024-012735,2024-03-18,25759.08,E0144
GR0009106,PO-2024-012736,2024-06-28,3148.55,E0159
GR0009107,PO-2024-012737,2024-09-07,5746.85,E0151
GR0009108,PO-2024-012738,2024-10-09,1433.37,E0141
GR0009109,PO-2024-012739,2024-03-11,1872.19,E0157
GR0009110,PO-2024-012739,2024-03-28,2414.68,E0151
GR0009111,PO-2024-012740,2024-07-23,2373.26,E0144
GR0009112,PO-2024-012741,2024-09-24,6503.76,E0153
GR0009113,PO-2024-012742,2024-09-01,13650.3,E0145
GR0009114,PO-2024-012743,2024-05-11,7620.26,E0158
GR0009115,PO-2024-012744,2024-06-25,17202.11,E0161
GR0009116,PO-2024-012745,2024-06-04,7342.99,E0140
GR0009117,PO-2024-012746,2024-02-01,2444.77,E0158
GR0009118,PO-2024-012747,2025-01-11,7001.25,E0151
GR0009119,PO-2024-012748,2024-01-08,12859.62,E0148
GR0009120,PO-2025-012749,2025-07-08,7322.19,E0144
GR0009121,PO-2024-012750,2024-01-24,4868.45,E0162
GR0009122,PO-2024-012751,2025-01-04,13487.79,E0148
GR0009123,PO-2024-012752,2024-05-12,5979.26,E0158
GR0009124,PO-2024-012753,2024-04-17,11556.27,E0149
GR0009125,PO-2025-012754,2025-06-07,40862.12,E0163
GR0009126,PO-2024-012755,2024-04-05,14464.87,E0153
GR0009127,PO-2024-012756,2024-11-25,641.82,E0160
GR0009128,PO-2025-012757,2025-06-29,7117.48,E0144
GR0009129,PO-2024-012758,2024-09-25,5940.81,E0146
GR0009130,PO-2024-012759,2024-12-20,1584.14,E0157
GR0009131,PO-2025-012760,2025-05-02,10687.72,E0155
GR0009132,PO-2024-012761,2024-12-07,17799.38,E0146
GR0009133,PO-2024-012762,2024-01-12,17661.29,E0158
GR0009134,PO-2024-012763,2024-08-31,5292.12,E0143
GR0009135,PO-2025-012764,2025-02-01,3847.82,E0160
GR0009136,PO-2024-012765,2024-01-26,816.63,E0145
GR0009137,PO-2024-012765,2024-02-06,719.52,E0157
GR0009138,PO-2024-012766,2024-01-18,2688.03,E0147
GR0009139,PO-2024-012766,2024-02-03,1986.18,E0150
GR0009140,PO-2024-012767,2024-10-06,24146.04,E0141
GR0009141,PO-2024-012768,2024-05-21,1372.78,E0150
GR0009142,PO-2024-012769,2024-04-07,15679.44,E0153
GR0009143,PO-2024-012769,2024-04-23,10060.89,E0147
GR0009144,PO-2025-012770,2025-04-30,26535.42,E0149
GR0009145,PO-2025-012770,2025-05-14,23134.42,E0162
GR0009146,PO-2024-012771,2024-08-01,17896.28,E0144
GR0009147,PO-2024-012772,2024-06-04,19662.06,E0153
GR0009148,PO-2025-012773,2025-01-29,11323.6,E0159
GR0009149,PO-2024-012774,2024-10-23,1703.18,E0148
GR0009150,PO-2024-012775,2024-02-06,1685.64,E0157
GR0009151,PO-2024-012776,2024-06-18,521.55,E0145
GR0009152,PO-2024-012777,2024-11-27,4790.76,E0140
GR0009153,PO-2024-012777,2024-12-05,4279.92,E0145
GR0009154,PO-2024-012778,2024-07-18,531.08,E0152
GR0009155,PO-2024-012779,2024-12-10,19763.84,E0159
GR0009156,PO-2024-012780,2024-01-23,3244.44,E0155
GR0009157,PO-2024-012780,2024-02-04,2025.49,E0144
GR0009158,PO-2025-012781,2025-07-03,39841.78,E0162
GR0009159,PO-2024-012782,2025-01-04,9836.73,E0162
GR0009160,PO-2024-012783,2024-12-31,26847.93,E0145
GR0009161,PO-2024-012784,2024-05-26,4995.69,E0160
GR0009162,PO-2025-012785,2025-03-14,11207.11,E0147
GR0009163,PO-2024-012786,2024-12-28,12204.81,E0147
GR0009164,PO-2024-012787,2025-01-03,74207.08,E0160
GR0009165,PO-2024-012788,2024-07-01,5673.48,E0162
GR0009166,PO-2025-012789,2025-01-25,12251.2,E0149
GR0009167,PO-2024-012790,2024-04-12,1099.38,E0159
GR0009168,PO-2024-012791,2024-08-26,1359.32,E0147
GR0009169,PO-2024-012791,2024-09-06,1497.33,E0146
GR0009170,PO-2025-012792,2025-06-13,4020.55,E0147
GR0009171,PO-2025-012793,2025-03-14,939.15,E0161
GR0009172,PO-2025-012793,2025-03-29,881.53,E0163
GR0009173,PO-2024-012794,2024-02-24,5949.96,E0145
GR0009174,PO-2024-012795,2024-07-25,5981.97,E0147
GR0009175,PO-2024-012796,2024-08-10,7827.99,E0157
GR0009176,PO-2024-012797,2024-03-07,3191.22,E0156
GR0009177,PO-2024-012798,2024-09-19,11230.0,E0151
GR0009178,PO-2025-012799,2025-02-13,449.67,E0152
GR0009179,PO-2024-012800,2024-02-13,1063.47,E0155
GR0009180,PO-2025-012801,2025-01-14,12725.12,E0150
GR0009181,PO-2025-012802,2025-03-20,2200.77,E0149
GR0009182,PO-2024-012803,2024-08-30,1042.75,E0152
GR0009183,PO-2024-012803,2024-09-04,1064.69,E0149
GR0009184,PO-2024-012804,2024-11-27,11003.37,E0150
GR0009185,PO-2024-012805,2024-03-16,2310.64,E0153
GR0009186,PO-2024-012806,2024-04-15,966.49,E0142
GR0009187,PO-2025-012807,2025-03-11,11358.36,E0144
GR0009188,PO-2025-012808,2025-02-08,5174.82,E0159
GR0009189,PO-2024-012809,2024-08-12,1945.66,E0156
GR0009190,PO-2024-012810,2024-12-06,3745.0,E0149
GR0009191,PO-2024-012810,2024-12-15,1808.3,E0160
GR0009192,PO-2024-012811,2024-05-30,1591.02,E0145
GR0009193,PO-2025-012812,2025-07-07,634.11,E0163
GR0009194,PO-2025-012812,2025-07-25,425.7,E0158
GR0009195,PO-2024-012813,2024-04-10,10395.62,E0163
GR0009196,PO-2024-012813,2024-04-24,4906.92,E0160
GR0009197,PO-2025-012814,2025-02-01,537.82,E0141
GR0009198,PO-2024-012815,2024-10-17,1390.7,E0141
GR0009199,PO-2025-012816,2025-05-05,726.34,E0148
GR0009200,PO-2024-012817,2024-04-26,13756.15,E0144
GR0009201,PO-2024-012817,2024-05-04,7582.02,E0150
GR0009202,PO-2024-012818,2024-07-17,5324.94,E0160
GR0009203,PO-2024-012819,2024-02-17,356.74,E0162
GR0009204,PO-2025-012820,2025-07-01,15214.06,E0145
GR0009205,PO-2025-012820,2025-07-18,7390.48,E0143
GR0009206,PO-2024-012821,2024-09-24,1082.07,E0150
GR0009207,PO-2025-012822,2025-06-04,1330.34,E0154
GR0009208,PO-2024-012823,2024-06-07,8848.63,E0160
GR0009209,PO-2025-012824,2025-02-04,2536.59,E0148
GR0009210,PO-2025-012825,2025-02-16,1792.53,E0150
GR0009211,PO-2025-012825,2025-02-25,2570.76,E0159
GR0009212,PO-2025-012826,2025-05-28,4511.37,E0146
GR0009213,PO-2025-012827,2025-03-09,1374.36,E0163
GR0009214,PO-2025-012827,2025-03-25,1254.05,E0159
GR0009215,PO-2025-012828,2025-06-10,1529.01,E0150
GR0009216,PO-2024-012829,2024-02-06,16622.48,E0157
GR0009217,PO-2024-012830,2024-12-14,1712.61,E0152
GR0009218,PO-2024-012831,2024-03-09,7897.48,E0140
GR0009219,PO-2025-012832,2025-06-06,194.78,E0142
GR0009220,PO-2024-012833,2024-08-22,266.45,E0163
GR0009221,PO-2024-012833,2024-09-03,331.84,E0149
GR0009222,PO-2024-012834,2024-12-11,2077.59,E0162
GR0009223,PO-2024-012834,2024-12-21,2492.51,E0156
GR0009224,PO-2024-012835,2024-07-15,3089.08,E0147
GR0009225,PO-2025-012836,2025-05-04,2686.34,E0162
GR0009226,PO-2024-012837,2024-10-12,1404.92,E0155
GR0009227,PO-2025-012838,2025-06-20,6956.02,E0155
GR0009228,PO-2024-012839,2024-10-05,898.13,E0162
GR0009229,PO-2024-012840,2024-09-17,3367.45,E0149
GR0009230,PO-2025-012841,2025-07-12,5730.31,E0158
GR0009231,PO-2024-012842,2024-12-17,1939.76,E0141
GR0009232,PO-2025-012843,2025-01-30,7268.5,E0146
GR0009233,PO-2024-012844,2024-08-14,1528.94,E0141
GR0009234,PO-2024-012845,2024-09-12,735.0,E0154
GR0009235,PO-2025-012846,2025-01-13,4150.49,E0148
GR0009236,PO-2025-012846,2025-01-22,2618.69,E0154
GR0009237,PO-2025-012847,2025-03-01,8245.45,E0155
GR0009238,PO-2024-012848,2024-11-03,1533.56,E0145
GR0009239,PO-2024-012849,2024-06-10,7900.17,E0156
GR0009240,PO-2025-012850,2025-04-14,290.4,E0160
GR0009241,PO-2025-012851,2025-06-23,993.67,E0143
GR0009242,PO-2025-012851,2025-07-07,594.94,E0163
GR0009243,PO-2025-012852,2025-06-12,3792.44,E0147
GR0009244,PO-2024-012853,2024-05-24,1623.78,E0149
GR0009245,PO-2025-012854,2025-05-07,12452.24,E0141
GR0009246,PO-2025-012855,2025-07-08,9151.78,E0157
GR0009247,PO-2024-012856,2024-11-14,2013.71,E0149
GR0009248,PO-2024-012857,2024-05-17,3735.86,E0140
GR0009249,PO-2024-012858,2024-02-08,6575.1,E0147
GR0009250,PO-2024-012859,2024-08-05,27920.17,E0153
GR0009251,PO-2025-012860,2025-05-28,1056.52,E0154
GR0009252,PO-2024-012861,2024-12-21,1900.61,E0153
GR0009253,PO-2024-012862,2024-02-14,7192.77,E0161
GR0009254,PO-2024-012863,2024-10-13,10353.66,E0149
GR0009255,PO-2025-012864,2025-01-14,1699.76,E0154
GR0009256,PO-2024-012865,2024-01-21,2657.09,E0144
GR0009257,PO-2024-012866,2024-05-06,1803.89,E0149
GR0009258,PO-2024-012867,2024-05-12,3313.33,E0157
GR0009259,PO-2025-012868,2025-06-07,2274.24,E0151
GR0009260,PO-2025-012869,2025-04-25,9935.44,E0163
GR0009261,PO-2024-012870,2024-11-19,375.62,E0152
GR0009262,PO-2025-012871,2025-02-13,5445.16,E0155
GR0009263,PO-2025-012872,2025-07-03,3677.0,E0140
GR0009264,PO-2025-012873,2025-03-07,4920.84,E0162
GR0009265,PO-2024-012874,2025-01-06,1634.26,E0160
GR0009266,PO-2024-012875,2024-05-27,5559.38,E0161
GR0009267,PO-2024-012876,2024-10-03,588.95,E0156
GR0009268,PO-2024-012877,2024-05-18,2164.2,E0145
GR0009269,PO-2024-012877,2024-05-25,1176.96,E0159
GR0009270,PO-2024-012878,2024-04-05,634.32,E0142
GR0009271,PO-2024-012878,2024-04-23,564.72,E0156
GR0009272,PO-2025-012879,2025-05-31,6091.94,E0147
GR0009273,PO-2024-012880,2024-05-17,509.55,E0156
GR0009274,PO-2024-012880,2024-05-30,559.56,E0153
GR0009275,PO-2025-012881,2025-04-23,29292.59,E0146
GR0009276,PO-2024-012882,2024-04-20,640.18,E0146
GR0009277,PO-2024-012883,2024-11-29,4705.33,E0146
GR0009278,PO-2025-012884,2025-04-29,19620.9,E0162
GR0009279,PO-2024-012885,2024-03-15,936.77,E0156
GR0009280,PO-2024-012886,2024-11-13,920.69,E0145
GR0009281,PO-2024-012887,2024-08-25,3762.88,E0141
GR0009282,PO-2025-012888,2025-04-25,3240.98,E0157
GR0009283,PO-2025-012889,2025-02-10,2625.59,E0161
GR0009284,PO-2024-012890,2024-06-09,1963.78,E0157
GR0009285,PO-2024-012891,2024-07-23,15513.76,E0141
GR0009286,PO-2024-012892,2024-03-19,165.61,E0163
GR0009287,PO-2024-012893,2024-08-21,3986.06,E0140
GR0009288,PO-2024-012894,2024-12-31,4851.66,E0161
GR0009289,PO-2024-012895,2024-10-15,1004.25,E0160
GR0009290,PO-2024-012896,2024-03-17,404.41,E0161
GR0009291,PO-2024-012896,2024-03-22,581.72,E0144
GR0009292,PO-2025-012897,2025-03-23,745.17,E0146
GR0009293,PO-2024-012898,2024-07-28,3531.64,E0147
GR0009294,PO-2024-012899,2024-06-19,35595.68,E0153
GR0009295,PO-2025-012900,2025-06-06,11457.44,E0147
GR0009296,PO-2024-012901,2024-03-08,944.63,E0144
GR0009297,PO-2024-012902,2024-07-02,4092.41,E0141
GR0009298,PO-2024-012903,2024-02-09,3539.4,E0144
GR0009299,PO-2024-012904,2024-12-15,375.24,E0140
GR0009300,PO-2024-012905,2024-07-30,4726.73,E0146
GR0009301,PO-2024-012906,2024-07-19,428.06,E0155
GR0009302,PO-2024-012907,2024-05-15,284.94,E0153
GR0009303,PO-2024-012907,2024-05-29,243.06,E0158
GR0009304,PO-2024-012908,2024-04-07,1782.15,E0142
GR0009305,PO-2025-012909,2025-05-07,156.37,E0157
GR0009306,PO-2025-012910,2025-03-25,886.0,E0152
GR0009307,PO-2025-012911,2025-01-16,1260.06,E0154
GR0009308,PO-2025-012912,2025-03-04,2936.0,E0140
GR0009309,PO-2024-012913,2025-01-08,1018.56,E0160
GR0009310,PO-2024-012914,2024-07-06,1887.04,E0146
GR0009311,PO-2024-012915,2024-12-11,3066.43,E0156
GR0009312,PO-2025-012916,2025-06-08,1465.16,E0152
GR0009313,PO-2024-012917,2024-07-07,8392.69,E0144
GR0009314,PO-2025-012918,2025-02-15,389.25,E0152
GR0009315,PO-2024-012919,2024-11-06,3496.43,E0157
GR0009316,PO-2025-012920,2025-06-06,1333.67,E0155
GR0009317,PO-2024-012921,2024-08-25,2193.27,E0146
GR0009318,PO-2024-012922,2024-03-04,516.96,E0141
GR0009319,PO-2024-012923,2024-05-13,1309.96,E0147
GR0009325,PO-2024-012937,2024-09-09,2638.64,E0160
GR0009329,PO-2024-012940,2024-06-18,267.69,E0150
GR0009330,PO-2024-012941,2024-01-24,3302.58,E0153
GR0009331,PO-2024-012942,2024-10-18,10350.58,E0156
GR0009332,PO-2024-012943,2024-06-12,4495.04,E0147
GR0009333,PO-2024-012944,2024-09-13,290.1,E0140
GR0009334,PO-2024-012945,2024-06-13,1292.25,E0146
GR0009336,PO-2024-012947,2024-05-10,395.07,E0146
GR0009337,PO-2024-012947,2024-05-27,208.05,E0153
GR0009340,PO-2024-012949,2024-04-18,3901.38,E0160
GR0009344,PO-2024-012953,2024-09-01,4986.01,E0154
GR0009345,PO-2024-012954,2024-02-10,689.05,E0142
GR0009347,PO-2024-012956,2024-08-26,308.42,E0162
GR0009348,PO-2024-012957,2024-03-03,2085.1,E0150
GR0009349,PO-2024-012958,2024-09-23,509.87,E0144
GR0009350,PO-2024-012959,2024-02-10,1597.32,E0145
GR0009351,PO-2024-012960,2024-01-18,5723.59,E0143
GR0009354,PO-2024-012963,2024-02-18,2816.17,E0154
GR0009355,PO-2024-012964,2024-06-01,6571.56,E0152
GR0009356,PO-2024-012965,2024-08-20,393.9,E0154
GR0009358,PO-2024-012967,2024-09-05,1272.84,E0149
GR0009359,PO-2024-012968,2024-09-09,1947.82,E0146
GR0009360,PO-2024-012969,2024-04-17,1441.83,E0151
GR0009361,PO-2024-012970,2024-06-13,3760.65,E0149
GR0009362,PO-2024-012971,2024-05-20,1116.22,E0160
GR0009363,PO-2024-012972,2024-01-18,566.39,E0157
GR0009365,PO-2024-012974,2024-08-31,1501.71,E0159
GR0009368,PO-2024-012977,2024-07-30,262.25,E0143
GR0009370,PO-2024-012979,2024-02-07,7769.86,E0162
GR0009375,PO-2024-012984,2024-05-24,500.79,E0160
GR0009377,PO-2024-012986,2024-09-10,918.76,E0163
GR0009379,PO-2024-012988,2024-05-09,3433.74,E0161
GR0009380,PO-2024-012988,2024-05-22,1823.33,E0160
GR0009381,PO-2024-012989,2024-08-16,1201.81,E0154
GR0009383,PO-2024-012991,2024-09-27,953.23,E0153
GR0009384,PO-2024-012992,2024-01-13,657.72,E0157
GR0009385,PO-2024-012993,2024-08-04,271.42,E0154
GR0009389,PO-2024-012996,2024-05-19,1420.42,E0154
GR0009390,PO-2024-012996,2024-05-23,2027.02,E0147
GR0009391,PO-2024-012997,2024-08-30,1064.26,E0146
GR0009392,PO-2024-012998,2024-08-15,1009.0,E0157
GR0009393,PO-2024-012999,2024-03-20,908.0,E0148
GR0009394,PO-2024-012999,2024-04-03,1060.34,E0158
GR0009397,PO-2024-013002,2024-10-11,1658.35,E0150
GR0009398,PO-2024-013003,2024-06-08,4616.03,E0147
GR0009400,PO-2024-013005,2024-08-01,1915.97,E0159
GR0009401,PO-2024-013006,2024-08-15,1388.58,E0158
GR0009402,PO-2024-013007,2024-07-21,391.44,E0163
GR0009403,PO-2024-013008,2024-05-29,2037.8,E0149
GR0009404,PO-2024-013009,2024-10-23,357.91,E0160
GR0009405,PO-2024-013010,2024-03-13,6791.11,E0151
GR0009406,PO-2024-013011,2024-07-08,5419.28,E0152
GR0009407,PO-2024-013012,2024-08-01,1937.61,E0146
GR0009411,PO-2024-013016,2024-08-22,12018.57,E0157
GR0009413,PO-2024-013018,2024-06-01,1182.39,E0150
GR0009416,PO-2024-013021,2024-01-31,1145.74,E0157
GR0009417,PO-2024-013022,2024-05-27,10174.21,E0149
GR0009419,PO-2024-013024,2024-08-08,979.8,E0149
GR0009420,PO-2024-013025,2024-03-28,2646.0,E0147
GR0009423,PO-2024-013028,2024-04-01,913.28,E0163
GR0009426,PO-2024-013030,2024-10-18,247.2,E0155
GR0009429,PO-2024-013033,2024-10-10,193.57,E0162
GR0009430,PO-2024-013034,2024-05-17,245.4,E0158
GR0009434,PO-2024-013038,2024-04-29,864.42,E0150
GR0009435,PO-2024-013038,2024-05-08,849.15,E0144
GR0009438,PO-2024-013041,2024-07-19,5855.92,E0144
GR0009439,PO-2024-013042,2024-07-25,13983.57,E0147
GR0009442,PO-2024-013044,2024-04-02,4251.03,E0159
GR0009444,PO-2024-013046,2024-05-07,3645.52,E0140
GR0009445,PO-2024-013047,2024-06-14,4104.13,E0155
GR0009446,PO-2025-013048,2025-06-02,3338.99,E0145
GR0009447,PO-2025-013049,2025-05-22,14045.92,E0150
GR0009448,PO-2025-013050,2025-01-28,3569.46,E0154
GR0009449,PO-2024-013051,2024-03-10,3736.81,E0152
GR0009450,PO-2025-013052,2025-05-22,305.4,E0158
GR0009451,PO-2024-013053,2024-08-07,4394.29,E0163
GR0009452,PO-2024-013054,2024-07-14,19818.89,E0163
GR0009453,PO-2024-013055,2024-07-15,11537.29,E0150
GR0009454,PO-2025-013056,2025-06-23,3586.41,E0161
GR0009455,PO-2024-013057,2024-06-17,24316.15,E0141
GR0009456,PO-2024-013058,2024-05-19,1729.76,E0142
GR0009457,PO-2024-013059,2024-06-12,13741.12,E0158
GR0009458,PO-2025-013060,2025-06-11,2871.58,E0141
GR0009459,PO-2025-013061,2025-04-02,6224.98,E0144
GR0009460,PO-2024-013062,2024-12-19,12363.11,E0159
GR0009461,PO-2024-013063,2024-05-07,4150.22,E0159
GR0009462,PO-2025-013064,2025-02-18,23719.53,E0156
GR0009463,PO-2025-013065,2025-02-23,16910.26,E0159
GR0009464,PO-2024-013066,2024-01-28,2508.15,E0152
GR0009465,PO-2025-013067,2025-01-11,4824.95,E0154
GR0009466,PO-2024-013068,2024-07-29,32518.43,E0163
GR0009467,PO-2025-013069,2025-06-29,33759.82,E0159
GR0009468,PO-2024-013070,2024-06-08,18710.7,E0143
GR0009469,PO-2024-013071,2024-06-24,2182.1,E0163
GR0009470,PO-2024-013072,2024-05-16,66162.43,E0158
GR0009471,PO-2024-013073,2024-01-29,8857.73,E0155
GR0009472,PO-2025-013074,2025-05-01,9975.47,E0163
GR0009473,PO-2024-013075,2024-05-08,12562.44,E0152
GR0009474,PO-2025-013076,2025-05-12,3028.92,E0143
GR0009475,PO-2025-013077,2025-07-10,5771.97,E0154
GR0009476,PO-2024-013078,2024-12-19,4655.33,E0153
GR0009477,PO-2024-013079,2024-09-07,11486.11,E0163
GR0009478,PO-2025-013080,2025-02-17,4904.09,E0146
GR0009479,PO-2024-013081,2024-04-19,6796.25,E0147
GR0009480,PO-2025-013082,2025-06-20,5906.86,E0159
GR0009481,PO-2024-013083,2024-10-25,6198.2,E0144
GR0009482,PO-2024-013084,2024-03-21,4221.37,E0156
GR0009483,PO-2024-013085,2024-04-15,3716.89,E0146
GR0009484,PO-2025-013086,2025-01-26,9200.88,E0141
GR0009485,PO-2025-013087,2025-01-30,13127.96,E0160
GR0009486,PO-2024-013088,2024-02-23,8249.46,E0153
GR0009487,PO-2024-013089,2024-06-03,13285.54,E0152
GR0009488,PO-2024-013090,2024-02-25,1424.92,E0145
GR0009489,PO-2025-013091,2025-05-19,1778.97,E0140
GR0009490,PO-2025-013092,2025-01-30,2778.33,E0161
GR0009491,PO-2024-013093,2024-01-27,8187.62,E0143
GR0009492,PO-2025-013094,2025-05-16,686.91,E0145
GR0009493,PO-2024-013095,2025-01-12,1057.57,E0153
GR0009494,PO-2024-013096,2024-10-29,780.32,E0161
GR0009495,PO-2024-013097,2024-09-12,4403.53,E0140
GR0009496,PO-2025-013098,2025-04-07,2650.63,E0153
GR0009497,PO-2024-013099,2024-02-09,487.71,E0142
GR0009498,PO-2024-013100,2024-08-15,1586.56,E0140
GR0009499,PO-2025-013101,2025-06-20,532.13,E0159
GR0009500,PO-2025-013102,2025-02-02,860.35,E0150
GR0009501,PO-2025-013103,2025-06-07,2113.06,E0144
GR0009502,PO-2024-013104,2024-07-29,142.77,E0146
GR0009503,PO-2024-013104,2024-08-02,194.68,E0162
GR0009504,PO-2024-013105,2024-06-13,866.81,E0154
GR0009505,PO-2024-013106,2024-12-27,736.47,E0154
GR0009506,PO-2024-013107,2024-08-09,4533.66,E0161
GR0009507,PO-2025-013108,2025-04-27,1269.97,E0140
GR0009508,PO-2025-013109,2025-05-14,1207.38,E0160
GR0009509,PO-2024-013110,2024-05-07,842.82,E0161
GR0009510,PO-2024-013111,2024-02-13,4354.61,E0159
GR0009511,PO-2025-013112,2025-01-24,4363.79,E0146
GR0009512,PO-2025-013112,2025-02-07,2352.22,E0148
GR0009513,PO-2024-013113,2024-08-27,681.07,E0146
GR0009514,PO-2024-013114,2024-09-10,1634.3,E0157
GR0009515,PO-2025-013115,2025-02-13,415.02,E0146
GR0009516,PO-2025-013115,2025-03-03,607.15,E0144
GR0009517,PO-2025-013116,2025-05-26,1377.51,E0154
GR0009518,PO-2024-013117,2024-12-27,644.65,E0140
GR0009519,PO-2025-013118,2025-04-26,1013.61,E0155
GR0009520,PO-2024-013119,2025-01-05,3107.5,E0154
GR0009521,PO-2025-013120,2025-04-08,4711.67,E0159
GR0009522,PO-2024-013121,2024-03-11,15183.77,E0158
GR0009523,PO-2025-013122,2025-03-15,1786.71,E0150
GR0009524,PO-2024-013123,2024-07-02,2126.29,E0149
GR0009525,PO-2024-013124,2024-04-27,788.82,E0159
GR0009526,PO-2024-013125,2024-02-28,7554.35,E0146
GR0009527,PO-2024-013126,2024-07-16,4936.33,E0151
GR0009528,PO-2024-013127,2024-09-30,2278.73,E0146
GR0009529,PO-2025-013128,2025-07-15,3637.82,E0154
GR0009530,PO-2024-013129,2024-07-24,688.66,E0154
GR0009531,PO-2024-013129,2024-08-13,832.73,E0159
GR0009532,PO-2024-013130,2024-07-16,631.71,E0147
GR0009533,PO-2025-013131,2025-06-11,5949.25,E0143
GR0009534,PO-2025-013132,2025-03-14,649.03,E0159
GR0009535,PO-2025-013132,2025-03-26,321.93,E0142
GR0009536,PO-2025-013133,2025-02-25,377.87,E0162
GR0009537,PO-2024-013134,2024-05-24,1135.87,E0163
GR0009538,PO-2024-013135,2024-10-08,5175.08,E0161
GR0009539,PO-2024-013135,2024-10-23,5539.38,E0152
GR0009540,PO-2025-013136,2025-02-20,483.23,E0152
GR0009541,PO-2024-013137,2024-05-04,2712.75,E0163
GR0009542,PO-2024-013138,2024-12-31,1834.49,E0146
GR0009543,PO-2024-013139,2025-01-10,2192.21,E0156
GR0009544,PO-2024-013140,2024-06-09,1741.42,E0140
GR0009545,PO-2025-013141,2025-02-02,2111.53,E0144
GR0009546,PO-2024-013142,2024-06-02,362.65,E0150
GR0009547,PO-2025-013143,2025-06-13,126.95,E0156
GR0009548,PO-2025-013143,2025-06-20,53.47,E0152
GR0009549,PO-2025-013144,2025-06-03,5583.05,E0143
GR0009550,PO-2025-013145,2025-03-17,1951.21,E0141
GR0009551,PO-2024-013146,2024-07-09,1364.7,E0163
GR0009552,PO-2025-013147,2025-03-16,1474.51,E0141
GR0009553,PO-2024-013148,2024-07-31,4871.96,E0142
GR0009554,PO-2024-013149,2024-03-27,1141.73,E0146
GR0009555,PO-2025-013150,2025-02-23,605.24,E0159
GR0009556,PO-2025-013151,2025-05-12,351.54,E0162
GR0009557,PO-2024-013152,2024-09-26,1417.48,E0156
GR0009558,PO-2024-013153,2024-02-09,369.48,E0153
GR0009559,PO-2024-013154,2024-05-27,1422.99,E0154
GR0009560,PO-2025-013155,2025-04-01,751.64,E0156
GR0009561,PO-2025-013156,2025-06-12,582.33,E0161
GR0009562,PO-2024-013157,2024-09-01,898.7,E0154
GR0009563,PO-2024-013158,2024-05-08,239.99,E0160
GR0009564,PO-2024-013158,2024-05-15,288.16,E0155
GR0009565,PO-2024-013159,2024-06-02,4104.3,E0144
GR0009566,PO-2025-013160,2025-07-10,726.01,E0142
GR0009567,PO-2024-013161,2024-11-26,117.79,E0146
GR0009568,PO-2024-013162,2024-06-27,2785.34,E0146
GR0009569,PO-2025-013163,2025-02-10,3891.09,E0143
GR0009570,PO-2024-013164,2024-12-05,1000.92,E0161
GR0009571,PO-2025-013165,2025-01-31,1095.99,E0155
GR0009572,PO-2024-013166,2024-07-04,708.44,E0145
GR0009573,PO-2024-013166,2024-07-20,462.2,E0161
GR0009574,PO-2024-013167,2024-12-21,1714.59,E0145
GR0009575,PO-2025-013168,2025-05-01,2352.98,E0145
GR0009576,PO-2025-013169,2025-01-30,4318.32,E0153
GR0009577,PO-2025-013170,2025-03-27,1302.42,E0148
GR0009578,PO-2025-013171,2025-05-15,871.52,E0156
GR0009579,PO-2024-013172,2024-03-02,1836.75,E0148
GR0009580,PO-2024-013173,2024-08-08,1943.0,E0145
GR0009581,PO-2024-013174,2024-10-18,2240.33,E0152
GR0009582,PO-2024-013175,2024-08-14,3448.95,E0160
GR0009583,PO-2024-013176,2024-01-16,5302.29,E0141
GR0009584,PO-2024-013177,2024-10-08,514.59,E0152
GR0009585,PO-2024-013178,2024-06-04,2933.95,E0143
GR0009586,PO-2024-013179,2024-01-13,5644.23,E0140
GR0009587,PO-2024-013180,2024-10-27,720.3,E0160
GR0009588,PO-2024-013181,2024-02-26,1364.5,E0162
GR0009589,PO-2025-013182,2025-02-23,704.11,E0149
GR0009590,PO-2025-013183,2025-06-19,315.28,E0140
GR0009591,PO-2024-013184,2024-02-13,358.89,E0157
GR0009592,PO-2024-013185,2024-10-24,1035.71,E0151
GR0009593,PO-2024-013186,2024-09-11,1232.6,E0157
GR0009594,PO-2024-013186,2024-09-16,1572.78,E0155
GR0009595,PO-2024-013187,2024-05-11,776.25,E0141
GR0009596,PO-2024-013188,2024-02-04,1622.76,E0153
GR0009597,PO-2024-013189,2024-05-07,1513.51,E0146
GR0009598,PO-2024-013190,2024-06-30,2041.4,E0145
GR0009599,PO-2024-013191,2024-06-24,2345.61,E0141
GR0009600,PO-2024-013192,2024-12-09,1326.09,E0152
GR0009601,PO-2024-013192,2024-12-29,607.17,E0142
GR0009602,PO-2024-013193,2024-06-05,770.49,E0159
GR0009603,PO-2024-013194,2024-10-29,1762.84,E0159
GR0009604,PO-2024-013195,2024-06-12,375.0,E0159
GR0009605,PO-2024-013196,2024-05-13,3425.74,E0140
GR0009606,PO-2025-013197,2025-06-25,1814.3,E0141
GR0009607,PO-2025-013198,2025-03-13,1491.59,E0147
GR0009608,PO-2024-013199,2024-09-30,595.14,E0161
GR0009609,PO-2024-013199,2024-10-09,688.66,E0157
GR0009610,PO-2025-013200,2025-03-14,624.99,E0151
GR0009611,PO-2025-013201,2025-05-15,3547.84,E0161
GR0009612,PO-2025-013202,2025-04-20,1914.79,E0143
GR0009613,PO-2024-013203,2024-09-28,853.89,E0153
GR0009614,PO-2024-013204,2024-11-07,564.05,E0155
GR0009615,PO-2024-013205,2024-03-11,1756.98,E0162
GR0009616,PO-2024-013206,2025-01-05,838.6,E0155
GR0009617,PO-2025-013207,2025-03-08,20599.82,E0158
GR0009618,PO-2025-013208,2025-03-01,1490.58,E0142
GR0009619,PO-2024-013209,2024-01-21,2905.38,E0150
GR0009620,PO-2025-013210,2025-03-19,1648.24,E0163
GR0009621,PO-2024-013211,2024-08-20,720.67,E0154
GR0009622,PO-2024-013211,2024-09-05,376.69,E0160
GR0009623,PO-2024-013212,2024-12-20,598.94,E0150
GR0009624,PO-2025-013213,2025-06-11,1231.8,E0157
GR0009625,PO-2025-013214,2025-01-08,435.25,E0160
GR0009626,PO-2025-013214,2025-01-18,309.15,E0153
GR0009627,PO-2024-013215,2024-03-07,388.39,E0148
GR0009628,PO-2025-013216,2025-01-30,190.34,E0151
GR0009629,PO-2024-013217,2024-01-24,935.04,E0153
GR0009630,PO-2024-013218,2024-07-17,660.97,E0154
GR0009631,PO-2024-013218,2024-07-28,669.32,E0144
GR0009632,PO-2024-013219,2024-10-05,356.3,E0161
GR0009633,PO-2025-013220,2025-04-05,211.88,E0163
GR0009634,PO-2025-013221,2025-02-15,527.16,E0162
GR0009635,PO-2025-013222,2025-03-12,1366.38,E0156
GR0009636,PO-2025-013222,2025-03-17,812.55,E0148
GR0009637,PO-2024-013223,2024-06-05,1172.53,E0152
GR0009638,PO-2024-013224,2024-09-28,701.92,E0156
GR0009639,PO-2025-013225,2025-05-02,987.96,E0153
GR0009640,PO-2025-013226,2025-05-24,486.91,E0157
GR0009641,PO-2024-013227,2024-05-17,4593.65,E0143
GR0009642,PO-2024-013228,2024-06-09,236.49,E0156
GR0009643,PO-2024-013229,2024-05-17,6096.49,E0158
GR0009644,PO-2024-013230,2024-06-05,921.64,E0153
GR0009645,PO-2024-013230,2024-06-19,1137.36,E0162
GR0009646,PO-2025-013231,2025-06-04,293.68,E0155
GR0009647,PO-2025-013232,2025-04-25,1493.56,E0154
GR0009648,PO-2025-013233,2025-05-01,255.12,E0145
GR0009649,PO-2024-013234,2024-12-01,4093.13,E0141
GR0009650,PO-2025-013235,2025-03-11,448.52,E0153
GR0009651,PO-2024-013236,2024-07-11,651.83,E0158
GR0009652,PO-2024-013237,2024-06-21,1527.01,E0150
GR0009653,PO-2024-013238,2024-05-10,2111.48,E0145
GR0009654,PO-2024-013239,2024-03-07,2705.5,E0141
GR0009655,PO-2024-013240,2024-03-21,197.76,E0157
GR0009656,PO-2025-013241,2025-05-19,1556.84,E0156
GR0009657,PO-2024-013242,2024-06-01,1417.3,E0141
GR0009658,PO-2024-013243,2024-12-04,179.41,E0156
GR0009659,PO-2024-013244,2024-04-27,450.63,E0142
GR0009660,PO-2025-013245,2025-02-26,1511.96,E0152
GR0009661,PO-2024-013246,2024-03-29,733.69,E0147
GR0009662,PO-2025-013247,2025-04-12,3510.21,E0148
GR0009663,PO-2024-013248,2024-09-15,2153.15,E0161
GR0009664,PO-2024-013249,2024-01-23,801.82,E0143
GR0009665,PO-2024-013250,2024-08-27,823.26,E0140
GR0009666,PO-2025-013251,2025-04-27,525.49,E0143
GR0009667,PO-2024-013252,2024-08-29,1303.7,E0141
GR0009668,PO-2024-013253,2024-07-01,3077.39,E0146
GR0009669,PO-2024-013254,2024-08-29,763.61,E0153
GR0009670,PO-2024-013255,2024-03-13,160.13,E0152
GR0009671,PO-2025-013256,2025-02-02,1103.51,E0163
GR0009672,PO-2025-013256,2025-02-16,517.72,E0150
GR0009673,PO-2024-013257,2024-04-20,4640.76,E0161
GR0009674,PO-2024-013258,2024-02-29,2256.31,E0161
GR0009675,PO-2025-013259,2025-02-16,503.62,E0142
GR0009676,PO-2024-013260,2024-08-28,402.15,E0160
GR0009677,PO-2025-013261,2025-03-29,5848.42,E0153
GR0009678,PO-2025-013262,2025-03-08,2746.46,E0157
GR0009679,PO-2024-013263,2024-09-14,3618.01,E0154
GR0009680,PO-2025-013264,2025-07-05,855.63,E0152
GR0009681,PO-2024-013265,2024-10-06,2365.83,E0158
GR0009682,PO-2024-013266,2024-05-03,54.1,E0161
GR0009683,PO-2024-013266,2024-05-17,64.29,E0161
GR0009684,PO-2024-013267,2024-12-02,3797.71,E0142
GR0009685,PO-2025-013268,2025-04-16,2408.99,E0162
GR0009686,PO-2025-013269,2025-01-22,4181.04,E0157
GR0009687,PO-2024-013270,2024-04-21,328.03,E0156
GR0009688,PO-2024-013271,2025-01-11,637.61,E0144
GR0009689,PO-2024-013272,2024-02-04,953.77,E0156
GR0009690,PO-2024-013273,2024-03-08,1497.16,E0159
GR0009691,PO-2024-013274,2024-01-17,1033.63,E0153
GR0009692,PO-2024-013275,2024-09-29,7299.12,E0146
GR0009693,PO-2024-013276,2024-05-15,863.65,E0147
GR0009694,PO-2024-013277,2024-03-28,177.25,E0158
GR0009695,PO-2025-013278,2025-03-14,489.18,E0142
GR0009696,PO-2024-013279,2024-12-27,1994.79,E0142
GR0009697,PO-2024-013280,2024-05-09,557.61,E0148
GR0009698,PO-2024-013280,2024-05-17,320.14,E0146
GR0009699,PO-2024-013281,2024-09-16,1921.95,E0154
GR0009700,PO-2025-013282,2025-04-11,4464.05,E0161
GR0009701,PO-2025-013283,2025-03-16,1262.6,E0150
GR0009702,PO-2025-013283,2025-03-29,925.75,E0143
GR0009703,PO-2024-013284,2024-11-24,2790.85,E0161
GR0009704,PO-2024-013285,2024-12-12,11951.83,E0148
GR0009705,PO-2025-013286,2025-02-28,711.08,E0142
GR0009706,PO-2024-013287,2024-02-07,1915.58,E0153
GR0009707,PO-2024-013288,2024-07-03,6173.5,E0146
GR0009708,PO-2024-013289,2024-04-13,280.24,E0144
GR0009709,PO-2025-013290,2025-03-31,1303.8,E0153
GR0009710,PO-2024-013291,2024-05-21,1162.13,E0148
GR0009711,PO-2024-013292,2024-06-30,1086.87,E0149
GR0009712,PO-2024-013293,2024-02-17,2827.27,E0148
GR0009713,PO-2024-013294,2024-04-12,5199.36,E0155
GR0009714,PO-2024-013295,2024-06-15,639.69,E0148
GR0009715,PO-2025-013296,2025-05-05,2908.51,E0162
GR0009716,PO-2024-013297,2024-03-02,1061.91,E0145
GR0009717,PO-2024-013298,2024-10-27,1418.89,E0145
GR0009718,PO-2025-013299,2025-01-09,1893.97,E0159
GR0009719,PO-2024-013300,2024-01-13,545.16,E0140
GR0009720,PO-2025-013301,2025-05-31,1579.66,E0146
GR0009721,PO-2024-013302,2024-02-18,219.76,E0150
GR0009722,PO-2024-013303,2024-12-07,3533.44,E0150
GR0009723,PO-2024-013304,2024-07-30,387.87,E0151
GR0009724,PO-2025-013375,2025-02-20,493.24,E0141
GR0009725,PO-2024-013376,2024-11-20,4172.26,E0146
GR0009726,PO-2024-013377,2024-11-20,1521.97,E0157
GR0009727,PO-2025-013378,2025-04-06,2242.27,E0147
GR0009728,PO-2024-013379,2024-04-11,4825.18,E0160
GR0009729,PO-2024-013380,2024-07-17,18364.63,E0144
GR0009730,PO-2024-013381,2024-04-09,3263.27,E0162
GR0009731,PO-2024-013382,2024-03-06,1409.17,E0159
GR0009732,PO-2024-013383,2024-11-24,2822.89,E0155
GR0009733,PO-2025-013384,2025-01-30,594.99,E0144
GR0009734,PO-2024-013385,2024-05-04,36180.18,E0150
GR0009735,PO-2025-013386,2025-01-18,1262.76,E0160
GR0009736,PO-2024-013387,2024-01-24,3812.74,E0141
GR0009737,PO-2024-013387,2024-02-02,1923.65,E0149
GR0009738,PO-2024-013388,2024-04-27,2960.58,E0155
GR0009739,PO-2025-013389,2025-03-02,4505.25,E0150
GR0009740,PO-2024-013390,2024-03-14,3345.63,E0147
GR0009741,PO-2025-013391,2025-05-18,14843.4,E0157
GR0009742,PO-2024-013392,2024-11-24,545.35,E0150
GR0009743,PO-2024-013393,2024-06-07,4776.48,E0162
GR0009744,PO-2024-013394,2024-09-01,1857.2,E0159
GR0009745,PO-2025-013395,2025-03-19,4871.3,E0156
GR0009746,PO-2024-013396,2024-01-23,1252.33,E0151
GR0009747,PO-2024-013397,2024-07-23,1272.26,E0141
GR0009748,PO-2024-013398,2024-10-15,2371.48,E0153
GR0009749,PO-2025-013399,2025-05-23,1760.63,E0157
GR0009750,PO-2025-013400,2025-03-06,8468.84,E0148
GR0009751,PO-2025-013400,2025-03-16,3783.76,E0152
GR0009752,PO-2024-013401,2024-11-06,3773.83,E0140
GR0009753,PO-2024-013402,2024-10-29,2892.61,E0153
GR0009754,PO-2025-013403,2025-06-17,2390.24,E0156
GR0009755,PO-2025-013403,2025-07-04,2800.94,E0157
GR0009756,PO-2024-013404,2024-06-02,1704.54,E0163
GR0009757,PO-2024-013405,2024-08-12,2547.9,E0140
GR0009758,PO-2025-013406,2025-03-18,6782.43,E0140
GR0009759,PO-2024-013407,2024-04-13,7112.51,E0158
GR0009760,PO-2024-013408,2025-01-09,6846.47,E0154
GR0009761,PO-2025-013409,2025-02-03,5082.93,E0146
GR0009762,PO-2025-013410,2025-03-02,6455.88,E0160
GR0009763,PO-2024-013411,2024-09-29,3984.1,E0140
GR0009764,PO-2024-013412,2024-05-02,19112.79,E0140
GR0009765,PO-2025-013413,2025-04-27,4494.55,E0147
GR0009766,PO-2024-013414,2024-05-15,5430.44,E0156
GR0009767,PO-2024-013415,2024-09-18,2082.5,E0141
GR0009768,PO-2025-013416,2025-02-05,6310.18,E0144
GR0009769,PO-2024-013417,2025-01-05,2385.87,E0157
GR0009770,PO-2024-013418,2024-06-09,26429.56,E0163
GR0009771,PO-2025-013419,2025-07-05,1703.78,E0161
GR0009772,PO-2024-013420,2024-07-22,1969.83,E0142
GR0009773,PO-2024-013421,2024-01-22,2658.99,E0143
GR0009774,PO-2025-013422,2025-03-20,957.43,E0148
GR0009775,PO-2024-013423,2024-10-31,6471.32,E0151
GR0009776,PO-2024-013423,2024-11-12,8582.32,E0146
GR0009777,PO-2024-013424,2024-09-02,3872.72,E0148
GR0009778,PO-2024-013425,2024-11-22,7875.54,E0140
GR0009779,PO-2025-013426,2025-06-25,1625.56,E0147
GR0009780,PO-2024-013427,2024-08-04,2850.63,E0163
GR0009781,PO-2024-013428,2024-05-04,3685.33,E0160
GR0009782,PO-2024-013429,2024-04-26,8095.17,E0151
GR0009783,PO-2024-013430,2024-06-03,3152.03,E0148
GR0009784,PO-2025-013431,2025-03-01,5408.54,E0161
GR0009785,PO-2024-013432,2024-05-22,6706.31,E0155
GR0009786,PO-2025-013433,2025-02-04,5056.72,E0163
GR0009787,PO-2024-013434,2024-01-23,7842.26,E0158
GR0009788,PO-2025-013435,2025-06-06,6745.12,E0144
GR0009789,PO-2025-013436,2025-05-05,2576.19,E0149
GR0009790,PO-2024-013437,2024-02-16,46315.96,E0161
GR0009791,PO-2024-013438,2024-03-23,2526.27,E0143
GR0009792,PO-2025-013439,2025-03-29,543.63,E0155
GR0009793,PO-2024-013440,2024-09-28,1774.49,E0162
GR0009794,PO-2024-013441,2024-12-04,1374.94,E0160
GR0009795,PO-2024-013442,2024-11-15,9988.66,E0160
GR0009796,PO-2025-013443,2025-04-28,563.18,E0140
GR0009797,PO-2025-013443,2025-05-06,833.17,E0146
GR0009798,PO-2025-013444,2025-05-24,1556.16,E0163
GR0009799,PO-2024-013445,2024-10-05,2175.88,E0160
GR0009800,PO-2024-013446,2024-02-10,428.52,E0144
GR0009801,PO-2024-013447,2024-04-29,1877.8,E0160
GR0009802,PO-2024-013448,2024-12-30,4416.21,E0158
GR0009803,PO-2024-013448,2025-01-18,2132.51,E0155
GR0009804,PO-2024-013449,2024-06-30,9818.81,E0157
GR0009805,PO-2025-013450,2025-01-16,4802.58,E0147
GR0009806,PO-2025-013451,2025-05-05,3098.94,E0154
GR0009807,PO-2024-013452,2024-11-20,2362.78,E0148
GR0009808,PO-2024-013453,2024-02-22,544.71,E0163
GR0009809,PO-2024-013454,2024-09-03,1641.86,E0141
GR0009810,PO-2024-013455,2024-05-03,22748.62,E0157
GR0009811,PO-2024-013456,2024-10-17,11143.18,E0150
GR0009812,PO-2025-013457,2025-05-24,1371.53,E0159
GR0009813,PO-2025-013457,2025-06-06,586.63,E0163
GR0009814,PO-2025-013458,2025-04-12,9744.19,E0150
GR0009815,PO-2025-013459,2025-06-17,2061.86,E0150
GR0009816,PO-2024-013460,2024-04-14,2148.21,E0154
GR0009817,PO-2024-013461,2024-06-22,3403.62,E0152
GR0009818,PO-2024-013462,2024-05-11,6072.54,E0141
GR0009819,PO-2024-013463,2024-06-09,8517.56,E0163
GR0009820,PO-2024-013464,2024-06-18,1066.87,E0145
GR0009821,PO-2024-013464,2024-07-02,1060.28,E0146
GR0009822,PO-2024-013465,2024-08-23,1568.07,E0154
GR0009823,PO-2025-013466,2025-06-21,2270.9,E0153
GR0009824,PO-2024-013467,2024-03-28,3911.44,E0149
GR0009825,PO-2024-013467,2024-04-09,4022.65,E0162
GR0009826,PO-2025-013468,2025-06-27,1612.69,E0146
GR0009827,PO-2025-013469,2025-02-25,1017.0,E0147
GR0009828,PO-2024-013470,2024-10-03,8742.4,E0152
GR0009829,PO-2024-013471,2024-01-30,29989.39,E0163
GR0009830,PO-2024-013472,2024-01-23,1838.95,E0142
GR0009831,PO-2024-013472,2024-02-01,1829.8,E0162
GR0009832,PO-2024-013473,2024-07-12,16114.55,E0140
GR0009833,PO-2024-013474,2024-08-06,3785.51,E0156
GR0009834,PO-2024-013475,2024-05-31,7787.74,E0154
GR0009835,PO-2024-013475,2024-06-06,5518.6,E0151
GR0009836,PO-2025-013476,2025-01-23,9402.12,E0145
GR0009837,PO-2024-013477,2024-06-05,35934.57,E0149
GR0009838,PO-2025-013478,2025-06-04,1795.76,E0149
GR0009839,PO-2024-013479,2024-01-10,1567.93,E0142
GR0009840,PO-2024-013480,2024-08-17,5491.86,E0162
GR0009841,PO-2024-013481,2024-12-13,6278.46,E0159
GR0009842,PO-2024-013481,2024-12-24,8176.98,E0156
GR0009843,PO-2024-013482,2024-09-15,35832.78,E0143
GR0009844,PO-2024-013483,2024-05-29,38475.62,E0144
GR0009845,PO-2024-013484,2024-01-21,2119.56,E0148
GR0009846,PO-2025-013485,2025-02-04,1398.59,E0152
GR0009847,PO-2024-013486,2024-04-14,3962.66,E0153
GR0009848,PO-2024-013487,2024-07-20,1058.37,E0153
GR0009849,PO-2025-013488,2025-01-25,1137.22,E0160
GR0009850,PO-2025-013489,2025-05-08,8324.62,E0159
GR0009851,PO-2024-013490,2024-10-28,47409.16,E0154
GR0009852,PO-2024-013491,2024-02-14,25346.01,E0161
GR0009853,PO-2024-013492,2024-07-11,4420.87,E0148
GR0009854,PO-2025-013493,2025-01-20,4191.7,E0142
GR0009855,PO-2024-013494,2024-05-01,7194.97,E0160
GR0009856,PO-2024-013495,2024-03-29,905.18,E0159
GR0009857,PO-2024-013496,2024-06-03,951.87,E0142
GR0009858,PO-2024-013497,2024-05-01,4868.02,E0146
GR0009859,PO-2025-013498,2025-04-26,19626.06,E0151
GR0009860,PO-2024-013499,2024-10-20,2562.91,E0157
GR0009861,PO-2025-013500,2025-04-12,3638.33,E0145
GR0009862,PO-2024-013501,2024-05-31,15440.38,E0162
GR0009863,PO-2024-013502,2024-06-28,1093.92,E0156
GR0009864,PO-2024-013503,2024-12-15,3238.32,E0156
GR0009865,PO-2025-013504,2025-02-08,2822.21,E0142
GR0009866,PO-2024-013505,2024-08-13,25049.02,E0158
GR0009867,PO-2024-013505,2024-08-23,25738.63,E0140
GR0009868,PO-2024-013506,2024-11-23,5774.24,E0141
GR0009869,PO-2024-013507,2024-09-06,2309.96,E0143
GR0009870,PO-2025-013508,2025-05-25,7904.3,E0151
GR0009871,PO-2025-013509,2025-04-17,2015.58,E0160
GR0009872,PO-2025-013510,2025-05-16,2869.73,E0159
GR0009873,PO-2024-013511,2024-01-27,1368.59,E0152
GR0009874,PO-2024-013512,2024-11-12,5197.13,E0150
GR0009875,PO-2024-013513,2024-05-12,3357.73,E0144
GR0009876,PO-2024-013514,2024-12-14,3226.97,E0146
GR0009877,PO-2025-013515,2025-03-28,7789.83,E0146
GR0009878,PO-2024-013516,2024-07-16,426.04,E0148
GR0009879,PO-2024-013516,2024-07-27,324.69,E0151
GR0009880,PO-2025-013517,2025-04-15,9999.2,E0163
GR0009881,PO-2024-013518,2024-06-08,7188.56,E0151
GR0009882,PO-2024-013519,2024-12-10,39890.52,E0147
GR0009883,PO-2024-013520,2024-02-21,3907.53,E0163
GR0009884,PO-2024-013521,2024-08-17,5308.21,E0156
GR0009885,PO-2024-013522,2024-03-06,2779.83,E0154
GR0009886,PO-2025-013523,2025-01-14,3893.13,E0158
GR0009887,PO-2025-013523,2025-01-21,4262.97,E0141
GR0009888,PO-2024-013524,2024-10-17,6715.19,E0146
GR0009889,PO-2025-013525,2025-01-15,1759.06,E0151
GR0009890,PO-2024-013526,2024-06-26,9368.22,E0147
GR0009891,PO-2025-013527,2025-02-08,6829.02,E0146
GR0009892,PO-2025-013528,2025-01-30,5742.25,E0148
GR0009893,PO-2024-013529,2024-12-02,2665.54,E0154
GR0009894,PO-2024-013530,2024-08-22,3840.49,E0159
GR0009895,PO-2025-013531,2025-06-19,2682.28,E0149
GR0009896,PO-2024-013532,2024-09-18,1854.71,E0151
GR0009897,PO-2024-013532,2024-10-02,1901.11,E0142
GR0009898,PO-2025-013533,2025-01-30,1363.78,E0153
GR0009899,PO-2024-013534,2024-06-12,1057.37,E0159
GR0009900,PO-2024-013534,2024-06-24,656.19,E0155
GR0009901,PO-2025-013535,2025-06-21,29810.3,E0146
GR0009902,PO-2024-013536,2024-01-16,2091.78,E0163
GR0009903,PO-2025-013537,2025-01-06,3931.02,E0149
GR0009904,PO-2024-013538,2024-10-10,1472.96,E0143
GR0009905,PO-2024-013539,2024-01-07,629.52,E0161
GR0009906,PO-2024-013540,2024-01-31,7618.26,E0160
GR0009907,PO-2024-013541,2024-09-21,7045.73,E0143
GR0009908,PO-2024-013542,2024-11-09,20992.38,E0151
GR0009909,PO-2024-013543,2024-10-20,1286.25,E0142
GR0009910,PO-2025-013544,2025-01-18,7301.92,E0163
GR0009911,PO-2024-013545,2024-08-22,6228.13,E0153
GR0009912,PO-2024-013546,2024-09-14,25327.49,E0149
GR0009913,PO-2024-013546,2024-10-01,13688.8,E0156
GR0009914,PO-2025-013547,2025-05-05,1034.75,E0162
GR0009915,PO-2024-013548,2024-07-08,3958.18,E0162
GR0009916,PO-2024-013549,2024-05-12,3569.35,E0149
GR0009917,PO-2024-013550,2024-01-26,15926.15,E0161
GR0009918,PO-2025-013551,2025-05-11,9975.85,E0152
GR0009919,PO-2025-013552,2025-02-21,3673.12,E0161
GR0009920,PO-2025-013553,2025-04-10,4266.53,E0145
GR0009921,PO-2024-013554,2025-01-11,687.44,E0143
GR0009922,PO-2024-013555,2024-07-01,64349.1,E0140
GR0009923,PO-2024-013556,2024-11-02,16778.16,E0158
GR0009924,PO-2025-013557,2025-03-16,2417.29,E0140
GR0009925,PO-2025-013558,2025-04-17,1809.35,E0142
GR0009926,PO-2025-013559,2025-03-21,15446.46,E0141
GR0009927,PO-2024-013560,2024-04-03,952.13,E0145
GR0009928,PO-2024-013561,2024-12-29,350.74,E0145
GR0009929,PO-2024-013561,2025-01-12,254.69,E0149
GR0009930,PO-2025-013562,2025-01-22,2239.32,E0145
GR0009931,PO-2025-013563,2025-02-16,6294.1,E0163
GR0009932,PO-2024-013564,2024-06-20,11604.97,E0155
GR0009933,PO-2024-013564,2024-07-05,8020.17,E0145
GR0009934,PO-2024-013565,2024-12-23,5518.02,E0159
GR0009935,PO-2024-013566,2024-07-02,19886.08,E0163
GR0009936,PO-2025-013567,2025-04-12,2609.82,E0155
GR0009937,PO-2024-013568,2024-09-07,768.62,E0152
GR0009938,PO-2025-013569,2025-06-29,432.04,E0157
GR0009939,PO-2025-013570,2025-03-05,1784.87,E0149
GR0009940,PO-2024-013571,2024-05-03,13547.19,E0140
GR0009941,PO-2024-013572,2024-12-27,695.3,E0151
GR0009942,PO-2024-013573,2024-01-27,16863.14,E0155
GR0009943,PO-2024-013574,2024-06-03,598.37,E0162
GR0009944,PO-2024-013575,2024-01-18,26314.98,E0157
GR0009945,PO-2024-013576,2024-04-27,5029.12,E0155
GR0009946,PO-2025-013577,2025-03-03,19275.53,E0141
GR0009947,PO-2024-013578,2024-08-17,2907.09,E0142
GR0009948,PO-2024-013579,2024-01-27,12435.65,E0147
GR0009949,PO-2024-013579,2024-02-03,9083.74,E0159
GR0009950,PO-2025-013580,2025-07-12,4099.63,E0161
GR0009951,PO-2024-013581,2025-01-03,502.82,E0154
GR0009952,PO-2024-013582,2024-04-22,6391.56,E0152
GR0009953,PO-2024-013583,2024-01-12,7759.9,E0157
GR0009954,PO-2024-013584,2024-11-24,4444.6,E0142
GR0009955,PO-2025-013585,2025-01-30,3348.65,E0147
GR0009956,PO-2024-013586,2024-11-28,15850.06,E0159
GR0009957,PO-2025-013587,2025-06-22,14885.52,E0144
GR0009958,PO-2025-013691,2025-05-09,889.69,E0148
GR0009959,PO-2024-013692,2024-08-25,1166.28,E0148
GR0009960,PO-2025-013693,2025-07-01,4864.73,E0149
GR0009961,PO-2024-013694,2024-09-26,3128.03,E0157
GR0009962,PO-2024-013695,2024-05-01,2462.0,E0163
GR0009963,PO-2024-013696,2024-11-15,8844.25,E0160
GR0009964,PO-2024-013697,2024-08-22,6830.02,E0162
GR0009965,PO-2024-013698,2024-05-19,863.58,E0143
GR0009966,PO-2024-013699,2024-08-11,1174.5,E0148
GR0009967,PO-2025-013700,2025-02-15,2372.07,E0145
GR0009968,PO-2024-013701,2024-10-29,82285.11,E0158
GR0009969,PO-2024-013702,2024-04-28,1696.37,E0150
GR0009970,PO-2024-013703,2024-05-09,10268.84,E0141
GR0009971,PO-2024-013704,2024-09-14,1629.34,E0147
GR0009972,PO-2024-013705,2024-09-11,845.06,E0151
GR0009973,PO-2025-013706,2025-05-20,574.29,E0154
GR0009974,PO-2024-013707,2024-12-20,2261.04,E0159
GR0009975,PO-2024-013708,2024-11-02,13626.27,E0149
GR0009976,PO-2024-013709,2024-11-28,590.57,E0158
GR0009977,PO-2025-013710,2025-03-30,8700.7,E0150
GR0009978,PO-2024-013711,2024-06-24,1128.16,E0151
GR0009979,PO-2024-013712,2024-08-28,2783.72,E0150
GR0009980,PO-2024-013713,2024-05-02,5990.02,E0149
GR0009981,PO-2024-013714,2024-06-28,776.69,E0156
GR0009982,PO-2024-013715,2024-06-18,1517.08,E0144
GR0009983,PO-2025-013716,2025-03-13,2388.93,E0143
GR0009984,PO-2024-013717,2024-07-18,2035.8,E0147
GR0009985,PO-2024-013718,2024-07-15,650.8,E0143
GR0009986,PO-2024-013719,2024-09-15,6755.85,E0145
GR0009987,PO-2025-013720,2025-03-07,3969.17,E0158
GR0009988,PO-2025-013721,2025-03-16,903.12,E0152
GR0009989,PO-2024-013722,2024-12-31,9132.94,E0145
GR0009990,PO-2024-013723,2024-05-24,682.53,E0148
GR0009991,PO-2024-013723,2024-05-28,489.98,E0157
GR0009992,PO-2024-013724,2024-07-15,4472.3,E0149
GR0009993,PO-2024-013725,2024-07-12,4333.92,E0157
GR0009994,PO-2024-013726,2024-09-25,9795.14,E0156
GR0009995,PO-2025-013727,2025-04-23,9523.7,E0141
GR0009996,PO-2025-013728,2025-06-08,9893.06,E0149
GR0009997,PO-2024-013729,2024-06-20,1088.37,E0156
GR0009998,PO-2024-013729,2024-07-03,1364.88,E0143
GR0009999,PO-2024-013730,2024-09-27,5030.89,E0143
GR0010000,PO-2025-013731,2025-01-04,5903.99,E0156
GR0010001,PO-2024-013732,2024-06-11,364.8,E0149
GR0010002,PO-2024-013732,2024-06-24,412.67,E0146
GR0010003,PO-2025-013733,2025-07-10,10523.17,E0163
GR0010004,PO-2024-013734,2024-10-12,627.67,E0155
GR0010005,PO-2024-013734,2024-10-20,694.58,E0142
GR0010006,PO-2024-013735,2024-07-04,1169.73,E0144
GR0010007,PO-2024-013736,2024-02-13,751.74,E0159
GR0010008,PO-2025-013737,2025-04-14,5249.59,E0155
GR0010009,PO-2024-013738,2024-01-15,169.89,E0141
GR0010010,PO-2025-013739,2025-04-19,5214.3,E0156
GR0010011,PO-2024-013740,2024-05-26,7249.25,E0151
GR0010012,PO-2025-013741,2025-05-25,727.1,E0158
GR0010013,PO-2024-013742,2024-03-22,2500.37,E0162
GR0010014,PO-2025-013743,2025-02-06,969.02,E0159
GR0010015,PO-2024-013744,2024-03-18,4029.93,E0148
GR0010016,PO-2024-013745,2024-03-24,1251.58,E0152
GR0010017,PO-2025-013746,2025-02-14,4876.47,E0162
GR0010018,PO-2024-013747,2024-06-10,3860.56,E0159
GR0010019,PO-2025-013748,2025-05-06,3302.52,E0146
GR0010020,PO-2025-013749,2025-07-05,4099.3,E0152
GR0010021,PO-2024-013750,2024-07-13,273.57,E0163
GR0010022,PO-2024-013751,2024-10-30,1631.06,E0158
GR0010023,PO-2024-013752,2024-12-11,5044.21,E0154
GR0010024,PO-2024-013753,2024-10-03,342.57,E0148
GR0010025,PO-2025-013754,2025-04-22,1875.95,E0144
GR0010026,PO-2025-013755,2025-01-23,12099.04,E0162
GR0010027,PO-2024-013756,2024-03-31,941.32,E0162
GR0010028,PO-2025-013757,2025-02-08,4021.77,E0150
GR0010029,PO-2024-013758,2024-08-08,1211.33,E0155
GR0010030,PO-2025-013759,2025-05-05,14185.5,E0159
GR0010031,PO-2025-013760,2025-05-17,3615.84,E0157
GR0010032,PO-2024-013761,2024-07-31,2564.81,E0152
GR0010033,PO-2024-013762,2024-07-06,3188.56,E0159
GR0010034,PO-2025-013763,2025-03-03,2542.03,E0141
GR0010035,PO-2024-013764,2024-09-29,12185.51,E0143
GR0010036,PO-2024-013765,2024-09-22,4296.55,E0148
GR0010037,PO-2024-013766,2024-11-20,1760.86,E0156
GR0010038,PO-2024-013767,2024-09-01,2078.43,E0163
GR0010039,PO-2025-013768,2025-01-20,1428.89,E0158
GR0010040,PO-2025-013768,2025-01-29,991.04,E0144
GR0010041,PO-2024-013769,2024-03-10,1205.56,E0157
GR0010042,PO-2024-013770,2024-09-26,3936.48,E0147
GR0010043,PO-2024-013770,2024-10-07,1755.03,E0158
GR0010044,PO-2025-013771,2025-04-29,748.86,E0159
GR0010045,PO-2025-013772,2025-06-07,5913.3,E0149
GR0010046,PO-2024-013773,2024-06-30,1284.45,E0160
GR0010047,PO-2025-013774,2025-05-09,416.04,E0142
GR0010048,PO-2024-013775,2024-01-27,3118.59,E0160
GR0010049,PO-2025-013776,2025-03-11,7164.12,E0157
GR0010050,PO-2024-013777,2024-09-19,369.4,E0159
GR0010051,PO-2024-013777,2024-10-01,515.07,E0157
GR0010052,PO-2024-013778,2024-07-23,3973.59,E0157
GR0010053,PO-2025-013779,2025-03-13,506.8,E0144
GR0010054,PO-2025-013780,2025-07-01,3705.03,E0158
GR0010055,PO-2024-013781,2024-07-31,9696.72,E0143
GR0010056,PO-2024-013782,2024-01-11,249.9,E0160
GR0010057,PO-2024-013782,2024-01-20,122.11,E0147
GR0010058,PO-2024-013783,2024-12-20,1372.63,E0163
GR0010059,PO-2024-013783,2025-01-02,1774.53,E0140
GR0010060,PO-2024-013784,2024-05-13,5403.01,E0143
GR0010061,PO-2025-013785,2025-06-14,603.9,E0140
GR0010062,PO-2024-013786,2024-06-14,80514.91,E0154
GR0010063,PO-2024-013786,2024-06-29,68594.75,E0143
GR0010064,PO-2024-013787,2024-04-23,1749.11,E0153
GR0010065,PO-2024-013788,2024-09-22,13206.55,E0160
GR0010066,PO-2024-013789,2024-06-20,1378.52,E0151
GR0010067,PO-2025-013790,2025-03-03,825.98,E0146
GR0010068,PO-2024-013791,2024-09-09,1205.94,E0158
GR0010069,PO-2025-013792,2025-04-08,2608.24,E0144
GR0010070,PO-2024-013793,2024-12-13,899.2,E0156
GR0010071,PO-2024-013794,2024-07-13,414.61,E0155
GR0010072,PO-2025-013795,2025-04-05,2545.3,E0152
GR0010073,PO-2025-013796,2025-04-25,1251.59,E0146
GR0010074,PO-2025-013797,2025-05-12,1008.4,E0144
GR0010075,PO-2025-013798,2025-06-08,1682.54,E0154
GR0010076,PO-2025-013799,2025-06-12,5029.28,E0153
GR0010077,PO-2024-013800,2024-10-16,2373.75,E0140
GR0010078,PO-2025-013801,2025-04-09,178.87,E0162
GR0010079,PO-2024-013802,2024-04-08,233.84,E0163
GR0010080,PO-2024-013803,2024-04-30,6594.86,E0148
GR0010081,PO-2024-013804,2024-05-18,599.23,E0150
GR0010082,PO-2024-013804,2024-05-27,284.49,E0146
GR0010083,PO-2024-013805,2024-09-30,487.1,E0141
GR0010084,PO-2025-013806,2025-02-15,404.62,E0148
GR0010085,PO-2024-013807,2024-04-10,518.38,E0146
GR0010086,PO-2025-013808,2025-02-21,2434.83,E0144
GR0010087,PO-2025-013809,2025-01-22,402.89,E0140
GR0010088,PO-2024-013810,2024-09-13,2221.88,E0159
GR0010089,PO-2024-013811,2024-03-20,697.65,E0154
GR0010090,PO-2025-013812,2025-01-31,1457.73,E0163
GR0010091,PO-2024-013813,2024-05-02,350.63,E0159
GR0010092,PO-2024-013814,2024-01-26,504.94,E0163
GR0010093,PO-2024-013815,2024-03-30,555.91,E0151
GR0010094,PO-2024-013816,2024-10-03,1074.23,E0160
GR0010095,PO-2025-013817,2025-05-24,463.74,E0142
GR0010096,PO-2025-013818,2025-07-01,4609.49,E0159
GR0010097,PO-2024-013819,2024-10-11,666.5,E0157
GR0010098,PO-2024-013820,2024-05-15,10843.96,E0161
GR0010099,PO-2024-013821,2024-12-20,3495.44,E0153
GR0010100,PO-2024-013822,2024-10-24,436.52,E0151
GR0010101,PO-2025-013823,2025-02-13,2226.75,E0140
GR0010102,PO-2024-013824,2024-03-02,607.87,E0158
GR0010103,PO-2024-013825,2024-03-05,4646.53,E0146
GR0010104,PO-2025-013826,2025-03-01,1293.14,E0160
GR0010105,PO-2024-013827,2024-08-23,1378.08,E0160
GR0010106,PO-2024-013828,2024-10-04,5257.56,E0159
GR0010107,PO-2025-013829,2025-05-30,21524.17,E0147
GR0010108,PO-2024-013830,2024-11-11,2112.88,E0142
GR0010109,PO-2025-013831,2025-05-05,1275.65,E0157
GR0010110,PO-2025-013832,2025-05-31,570.48,E0160
GR0010111,PO-2025-013832,2025-06-14,412.89,E0144
GR0010112,PO-2025-013833,2025-03-13,1074.96,E0153
GR0010113,PO-2024-013834,2024-02-07,868.25,E0160
GR0010114,PO-2024-013834,2024-02-16,442.49,E0141
GR0010115,PO-2025-013835,2025-05-03,386.88,E0151
GR0010116,PO-2025-013836,2025-02-06,236.59,E0158
GR0010117,PO-2025-013837,2025-04-27,1352.32,E0161
GR0010118,PO-2024-013838,2024-05-06,683.48,E0158
GR0010119,PO-2024-013839,2024-04-14,4599.59,E0145
GR0010120,PO-2025-013840,2025-06-03,707.6,E0163
GR0010121,PO-2025-013841,2025-07-11,566.46,E0143
GR0010122,PO-2024-013842,2024-01-31,2286.69,E0149
GR0010123,PO-2025-013843,2025-01-17,1828.19,E0158
GR0010124,PO-2024-013844,2024-03-08,2044.84,E0155
GR0010125,PO-2024-013845,2024-05-16,488.95,E0146
GR0010126,PO-2025-013846,2025-07-17,903.35,E0150
GR0010127,PO-2025-013847,2025-01-06,3249.13,E0146
GR0010128,PO-2024-013848,2024-01-26,1423.35,E0148
GR0010129,PO-2024-013849,2024-05-17,993.15,E0157
GR0010130,PO-2024-013849,2024-05-24,815.09,E0149
GR0010131,PO-2025-013850,2025-06-08,923.01,E0163
GR0010132,PO-2025-013850,2025-06-19,494.49,E0149
GR0010133,PO-2024-013851,2024-12-09,2566.25,E0156
GR0010134,PO-2024-013852,2024-08-04,5876.42,E0149
GR0010135,PO-2025-013853,2025-05-09,1203.99,E0149
GR0010136,PO-2025-013853,2025-05-26,1533.24,E0160
GR0010137,PO-2024-013854,2024-08-30,2559.49,E0148
GR0010138,PO-2024-013855,2024-07-18,8163.22,E0153
GR0010139,PO-2024-013855,2024-07-26,11071.02,E0151
GR0010140,PO-2025-013856,2025-05-18,66.58,E0146
GR0010141,PO-2025-013856,2025-06-06,77.46,E0140
GR0010142,PO-2024-013857,2024-12-19,341.82,E0149
GR0010143,PO-2024-013858,2024-11-26,5756.93,E0153
GR0010144,PO-2024-013859,2024-07-01,5247.55,E0141
GR0010145,PO-2024-013860,2024-03-18,2542.83,E0152
GR0010146,PO-2024-013861,2024-05-22,2055.06,E0140
GR0010147,PO-2024-013862,2024-10-14,786.77,E0145
GR0010148,PO-2024-013862,2024-11-02,436.76,E0162
GR0010149,PO-2024-013863,2024-05-15,1378.33,E0148
GR0010150,PO-2024-013864,2024-02-12,778.77,E0148
GR0010151,PO-2024-013865,2024-11-18,2864.87,E0143
GR0010152,PO-2024-013866,2024-03-20,1944.17,E0141
GR0010153,PO-2025-013867,2025-02-17,968.42,E0140
GR0010154,PO-2024-013868,2024-05-22,231.22,E0141
GR0010155,PO-2025-013869,2025-02-14,432.98,E0162
GR0010156,PO-2024-013870,2024-05-09,3197.0,E0140
GR0010157,PO-2024-013871,2024-06-10,2061.71,E0160
GR0010158,PO-2024-013872,2024-12-08,6526.04,E0144
GR0010159,PO-2025-013873,2025-02-19,1152.48,E0156
GR0010160,PO-2025-013874,2025-05-22,1858.46,E0144
GR0010161,PO-2024-013875,2024-06-29,2643.23,E0146
GR0010162,PO-2024-013876,2024-11-09,281.27,E0147
GR0010163,PO-2024-013876,2024-11-15,267.15,E0152
GR0010164,PO-2025-013877,2025-04-21,4824.11,E0156
GR0010165,PO-2024-013878,2024-12-29,1080.46,E0155
GR0010166,PO-2024-013879,2024-10-11,1031.58,E0143
GR0010167,PO-2025-013880,2025-06-26,1768.1,E0158
GR0010168,PO-2024-013881,2024-07-12,345.12,E0140
GR0010169,PO-2024-013882,2024-04-22,22916.59,E0143
GR0010170,PO-2024-013883,2024-06-26,21833.5,E0151
GR0010171,PO-2024-013884,2024-04-22,1242.08,E0163
GR0010172,PO-2024-013885,2024-04-04,9302.08,E0162
GR0010173,PO-2025-013886,2025-02-13,1974.28,E0151
GR0010174,PO-2024-013887,2024-02-03,14783.22,E0141
GR0010175,PO-2025-013888,2025-05-16,12657.8,E0157
GR0010176,PO-2024-013889,2024-07-07,2326.73,E0160
GR0010177,PO-2024-013890,2024-12-01,872.16,E0161
GR0010178,PO-2025-013891,2025-03-31,1746.63,E0141
GR0010179,PO-2025-013892,2025-01-22,2189.32,E0155
GR0010180,PO-2025-013893,2025-04-06,15202.29,E0143
GR0010181,PO-2024-013894,2024-03-10,6931.32,E0152
GR0010182,PO-2025-013895,2025-02-20,1022.08,E0160
GR0010183,PO-2025-013896,2025-05-11,896.04,E0149
GR0010184,PO-2025-013897,2025-03-12,1916.83,E0143
GR0010185,PO-2025-013898,2025-05-05,658.07,E0150
GR0010186,PO-2024-013899,2024-02-24,246.97,E0146
GR0010187,PO-2024-013900,2024-04-11,4082.05,E0158
GR0010188,PO-2024-013901,2024-01-26,1454.86,E0143
GR0010189,PO-2025-013902,2025-01-20,2582.98,E0149
GR0010190,PO-2025-013903,2025-06-07,3944.43,E0151
GR0010191,PO-2024-013904,2024-11-19,7426.81,E0144
GR0010192,PO-2025-013905,2025-02-22,2807.31,E0141
GR0010193,PO-2024-013906,2024-11-10,5028.65,E0145
GR0010194,PO-2024-013907,2024-02-21,1521.37,E0151
GR0010195,PO-2024-013908,2024-07-27,1096.11,E0155
GR0010196,PO-2025-013909,2025-04-03,1693.26,E0150
GR0010197,PO-2024-013910,2024-11-25,1303.93,E0150
GR0010198,PO-2025-013911,2025-03-25,8937.28,E0153
GR0010199,PO-2025-013912,2025-06-18,637.04,E0148
GR0010200,PO-2024-013913,2024-10-15,1193.52,E0161
GR0010201,PO-2024-013914,2024-05-30,5425.62,E0140
GR0010202,PO-2025-013915,2025-04-27,793.74,E0148
GR0010203,PO-2025-013915,2025-05-07,570.68,E0144
GR0010204,PO-2024-013916,2024-08-01,63.24,E0159
GR0010205,PO-2024-013916,2024-08-06,55.54,E0155
GR0010206,PO-2025-013917,2025-02-22,3482.44,E0151
GR0010207,PO-2024-013918,2024-06-30,8559.43,E0140
GR0010208,PO-2025-013919,2025-04-27,51.6,E0147
GR0010209,PO-2025-013919,2025-05-15,67.15,E0151
GR0010210,PO-2024-013920,2024-09-05,5466.8,E0151
GR0010211,PO-2024-013921,2024-02-11,545.07,E0158
GR0010212,PO-2024-013922,2024-07-15,250.41,E0158
GR0010213,PO-2024-013922,2024-07-19,272.3,E0163
GR0010214,PO-2024-013923,2024-11-07,641.56,E0148
GR0010215,PO-2024-013924,2024-04-23,292.74,E0158
GR0010216,PO-2024-013925,2024-06-21,6490.56,E0163
GR0010217,PO-2024-013925,2024-06-24,4255.43,E0156
GR0010218,PO-2024-013926,2024-02-10,1431.6,E0156
GR0010219,PO-2024-013927,2024-07-09,2849.03,E0148
GR0010220,PO-2024-013928,2024-02-16,5503.87,E0157
GR0010221,PO-2025-013929,2025-03-21,5309.97,E0147
GR0010222,PO-2024-013930,2024-02-09,1206.56,E0159
GR0010223,PO-2025-013931,2025-02-06,3997.31,E0161
GR0010224,PO-2024-013932,2025-01-09,702.68,E0141
GR0010225,PO-2024-013933,2024-02-10,1129.46,E0143
GR0010226,PO-2024-013934,2024-03-31,2996.64,E0150
GR0010227,PO-2024-013935,2024-10-16,2276.61,E0158
GR0010228,PO-2024-013936,2024-02-21,8309.01,E0162
GR0010229,PO-2024-013937,2024-09-06,16230.59,E0152
GR0010230,PO-2025-013938,2025-05-16,2629.77,E0151
GR0010231,PO-2025-013938,2025-05-29,2013.43,E0145
GR0010232,PO-2025-013939,2025-03-15,2365.58,E0140
GR0010233,PO-2024-013940,2024-12-29,1331.39,E0159
GR0010234,PO-2025-013941,2025-03-19,1189.02,E0141
GR0010235,PO-2024-013942,2024-07-13,1328.67,E0148
GR0010236,PO-2025-013943,2025-04-25,1064.67,E0150
GR0010237,PO-2025-013944,2025-05-27,373.74,E0147
GR0010238,PO-2025-013945,2025-06-11,1972.31,E0163
GR0010239,PO-2024-013946,2024-12-11,3636.91,E0154
GR0010240,PO-2024-013947,2024-07-08,5357.34,E0151
GR0010241,PO-2024-013948,2024-10-24,1029.59,E0149
GR0010242,PO-2024-013948,2024-11-14,539.96,E0163
GR0010243,PO-2024-013949,2024-12-11,3697.7,E0144
GR0010244,PO-2024-013950,2024-10-18,121.93,E0160
GR0010245,PO-2024-013950,2024-10-25,63.53,E0151
GR0010246,PO-2024-013951,2024-11-21,415.08,E0161
GR0010247,PO-2025-013952,2025-06-02,862.19,E0142
GR0010248,PO-2025-013953,2025-02-19,5287.68,E0162
GR0010249,PO-2024-013954,2024-02-06,1615.33,E0159
GR0010250,PO-2025-013955,2025-04-07,3038.14,E0142
GR0010251,PO-2024-013956,2025-01-14,1020.89,E0142
GR0010252,PO-2024-013957,2024-09-19,1668.94,E0145
GR0010253,PO-2025-013958,2025-03-09,3001.08,E0151
GR0010254,PO-2024-013959,2024-09-16,6210.23,E0163
GR0010255,PO-2025-013960,2025-04-08,953.48,E0156
GR0010256,PO-2025-013961,2025-01-18,4112.4,E0154
GR0010257,PO-2024-013962,2024-01-14,5785.48,E0157
GR0010258,PO-2024-013963,2024-11-12,5511.96,E0152
GR0010259,PO-2024-013964,2024-07-08,2610.0,E0162
GR0010260,PO-2024-013965,2024-03-12,3346.59,E0142
GR0010261,PO-2024-013966,2024-01-11,698.56,E0144
GR0010262,PO-2025-013967,2025-02-25,11194.45,E0147
GR0010263,PO-2024-013968,2024-11-23,3341.62,E0154
GR0010264,PO-2024-013969,2024-11-27,987.12,E0153
GR0010265,PO-2024-013970,2024-04-19,12835.19,E0158
GR0010266,PO-2025-013971,2025-04-22,3930.5,E0155
GR0010267,PO-2024-013972,2024-11-24,1060.98,E0153
GR0010268,PO-2024-013973,2024-05-05,1040.08,E0156
GR0010269,PO-2024-013973,2024-05-20,1165.81,E0152
GR0010270,PO-2024-013974,2024-09-06,1616.49,E0146
GR0010271,PO-2024-013975,2025-01-02,639.78,E0163
GR0010272,PO-2024-013975,2025-01-07,569.41,E0160
GR0010273,PO-2024-013976,2024-05-14,57099.75,E0157
GR0010274,PO-2024-013977,2024-11-28,2108.02,E0161
GR0010275,PO-2025-013978,2025-06-03,7120.35,E0156
GR0010276,PO-2024-013979,2024-11-13,4620.98,E0142
GR0010277,PO-2024-013980,2024-07-10,3419.49,E0157
GR0010278,PO-2024-013981,2024-11-23,1358.64,E0142
GR0010279,PO-2024-013982,2024-03-26,1191.08,E0156
GR0010280,PO-2024-013983,2025-01-07,10640.84,E0150
GR0010281,PO-2024-013984,2024-02-09,367.19,E0150
GR0010282,PO-2024-013985,2024-06-29,5378.9,E0154
GR0010283,PO-2024-013986,2024-01-16,102639.91,E0160
GR0010284,PO-2025-013987,2025-05-06,6887.91,E0162
GR0010285,PO-2024-013988,2024-08-06,10556.56,E0145
GR0010286,PO-2025-013989,2025-03-20,5031.12,E0156
GR0010287,PO-2025-013989,2025-03-28,5081.58,E0151
GR0010288,PO-2024-013990,2024-05-25,3596.37,E0141
GR0010289,PO-2025-013991,2025-02-16,1088.56,E0155
GR0010290,PO-2024-013992,2024-01-19,3726.71,E0145
GR0010291,PO-2025-013993,2025-04-20,171.51,E0156
GR0010292,PO-2024-013994,2024-02-08,526.36,E0150
GR0010293,PO-2025-013995,2025-05-10,3637.77,E0160
GR0010294,PO-2024-013996,2024-04-06,2907.85,E0148
GR0010295,PO-2025-013997,2025-05-10,2829.83,E0158
GR0010296,PO-2024-013998,2024-11-20,6244.72,E0142
GR0010297,PO-2025-013999,2025-05-13,1356.34,E0156
GR0010298,PO-2024-014000,2024-10-04,1645.35,E0155
GR0010299,PO-2025-014001,2025-05-05,5138.3,E0151
GR0010300,PO-2024-014002,2024-05-06,2748.27,E0158
GR0010301,PO-2024-014003,2024-11-23,2684.06,E0157
GR0010302,PO-2025-014004,2025-07-04,494.2,E0146
GR0010303,PO-2024-014005,2024-08-20,7827.08,E0162
GR0010304,PO-2024-014006,2024-11-24,23993.71,E0146
GR0010305,PO-2024-014007,2024-12-18,1026.63,E0141
GR0010306,PO-2025-014008,2025-04-09,877.5,E0161
GR0010307,PO-2024-014009,2024-04-19,10173.05,E0151
GR0010308,PO-2025-014010,2025-06-25,584.28,E0159
GR0010309,PO-2025-014010,2025-06-30,847.28,E0161
GR0010310,PO-2025-014011,2025-07-04,2955.13,E0155
GR0010311,PO-2025-014012,2025-03-09,149.11,E0155
GR0010312,PO-2024-014013,2024-10-20,235.44,E0152
GR0010313,PO-2024-014014,2024-03-07,8093.73,E0162
GR0010314,PO-2025-014015,2025-02-06,772.69,E0149
GR0010315,PO-2025-014016,2025-02-20,4381.46,E0153
GR0010316,PO-2025-014016,2025-03-08,6265.32,E0144
GR0010317,PO-2024-014017,2024-06-26,2336.81,E0161
GR0010318,PO-2024-014018,2024-11-23,4774.07,E0154
GR0010319,PO-2024-014019,2024-08-05,596.63,E0156
GR0010320,PO-2025-014020,2025-04-11,1119.4,E0148
GR0010321,PO-2025-014021,2025-01-29,539.1,E0156
GR0010322,PO-2024-014022,2024-08-17,3302.1,E0162
GR0010323,PO-2024-014023,2024-11-14,393.94,E0154
GR0010324,PO-2024-014023,2024-12-01,312.88,E0159
GR0010325,PO-2025-014024,2025-03-13,2584.24,E0141
GR0010326,PO-2025-014024,2025-03-25,1472.03,E0156
GR0010327,PO-2025-014025,2025-04-25,10374.35,E0158
GR0010328,PO-2024-014026,2024-04-03,351.29,E0147
GR0010329,PO-2025-014027,2025-02-19,3959.73,E0159
GR0010330,PO-2024-014028,2024-05-22,788.53,E0153
GR0010331,PO-2024-014029,2025-01-08,48829.31,E0157
GR0010332,PO-2025-014030,2025-03-07,4816.11,E0140
GR0010333,PO-2024-014031,2024-09-21,8956.64,E0143
GR0010334,PO-2025-014032,2025-02-07,1684.87,E0149
GR0010335,PO-2025-014033,2025-03-09,3526.97,E0147
GR0010336,PO-2025-014033,2025-03-22,4621.56,E0154
GR0010337,PO-2025-014034,2025-05-31,1879.03,E0145
GR0010338,PO-2024-014035,2024-08-02,1813.07,E0163
GR0010339,PO-2025-014036,2025-05-15,749.38,E0156
GR0010340,PO-2024-014037,2024-04-02,5416.62,E0161
GR0010341,PO-2024-014038,2024-12-23,2683.53,E0148
GR0010342,PO-2025-014039,2025-02-01,4756.45,E0146
GR0010343,PO-2024-014040,2024-08-14,1081.45,E0161
GR0010344,PO-2024-014041,2024-04-01,3342.51,E0141
GR0010345,PO-2025-014042,2025-06-25,15791.09,E0144
GR0010346,PO-2024-014043,2024-05-13,7382.11,E0148
GR0010347,PO-2024-014044,2024-09-10,6963.49,E0152
GR0010348,PO-2024-014045,2024-05-26,1949.14,E0162
GR0010349,PO-2025-014046,2025-06-30,4302.48,E0154
GR0010350,PO-2024-014047,2024-02-02,4274.23,E0163
GR0010351,PO-2024-014048,2024-05-10,828.49,E0141
GR0010352,PO-2025-014049,2025-05-09,3467.62,E0162
GR0010353,PO-2025-014050,2025-01-15,2720.56,E0141
GR0010354,PO-2025-014050,2025-01-20,2432.31,E0159
GR0010355,PO-2024-014051,2024-10-15,4870.11,E0161
GR0010356,PO-2024-014051,2024-10-25,3539.19,E0145
GR0010357,PO-2024-014052,2024-12-13,37046.79,E0157
GR0010358,PO-2024-014053,2024-03-05,1953.59,E0155
GR0010359,PO-2024-014054,2024-05-12,1276.9,E0142
GR0010360,PO-2024-014055,2024-11-20,18130.13,E0161
GR0010361,PO-2024-014055,2024-11-28,12829.71,E0142
GR0010362,PO-2024-014056,2024-05-31,990.42,E0150
GR0010363,PO-2024-014057,2024-02-11,2382.81,E0144
GR0010364,PO-2024-014058,2024-11-26,523.46,E0148
GR0010365,PO-2024-014059,2024-01-19,414.13,E0160
GR0010366,PO-2024-014059,2024-02-03,284.15,E0145
GR0010367,PO-2024-014060,2024-05-29,341.77,E0142
GR0010368,PO-2025-014061,2025-02-17,12014.0,E0143
GR0010369,PO-2024-014062,2024-02-11,52391.59,E0140
GR0010370,PO-2024-014063,2024-08-22,1852.49,E0158
GR0010371,PO-2024-014064,2024-04-18,7852.36,E0161
GR0010372,PO-2024-014065,2024-07-03,2116.31,E0145
GR0010373,PO-2024-014066,2024-10-30,2659.34,E0141
GR0010374,PO-2024-014067,2024-05-23,3957.67,E0155
GR0010375,PO-2024-014068,2024-06-11,7329.04,E0140
GR0010376,PO-2025-014069,2025-02-14,977.2,E0161
GR0010377,PO-2025-014070,2025-03-11,559.6,E0156
GR0010378,PO-2025-014070,2025-03-20,658.12,E0158
GR0010379,PO-2024-014071,2024-04-15,3598.31,E0154
GR0010380,PO-2024-014072,2024-10-26,252.27,E0150
GR0010381,PO-2024-014073,2024-07-26,3558.33,E0150
GR0010382,PO-2025-014074,2025-07-16,3356.44,E0158
GR0010383,PO-2024-014075,2024-12-05,584.72,E0156
GR0010384,PO-2024-014076,2024-07-21,5102.89,E0142
GR0010385,PO-2025-014077,2025-06-24,2456.85,E0156
GR0010386,PO-2024-014078,2024-12-27,3205.48,E0140
GR0010387,PO-2025-014079,2025-03-30,9037.41,E0141
GR0010388,PO-2024-014080,2024-01-29,5547.06,E0151
GR0010389,PO-2024-014081,2024-02-04,837.62,E0141
GR0010390,PO-2024-014082,2024-05-23,4876.98,E0143
GR0010391,PO-2024-014083,2024-09-08,1651.87,E0160
GR0010392,PO-2024-014083,2024-09-19,951.3,E0160
GR0010393,PO-2025-014084,2025-05-29,3980.79,E0149
GR0010394,PO-2025-014085,2025-04-15,1416.27,E0150
GR0010395,PO-2024-014086,2024-11-14,3094.74,E0154
GR0010396,PO-2025-014087,2025-06-01,1848.42,E0153
GR0010397,PO-2024-014088,2024-07-02,3862.98,E0142
GR0010398,PO-2025-014089,2025-02-02,478.26,E0149
GR0010399,PO-2025-014090,2025-04-08,431.84,E0140
GR0010400,PO-2025-014091,2025-05-24,3306.25,E0153
GR0010401,PO-2024-014092,2024-03-13,3424.19,E0157
GR0010402,PO-2025-014093,2025-01-06,2115.49,E0152
GR0010403,PO-2025-014093,2025-01-20,951.0,E0147
GR0010404,PO-2024-014094,2024-11-06,8211.51,E0146
GR0010405,PO-2024-014095,2024-07-14,780.34,E0155
GR0010406,PO-2024-014095,2024-07-21,698.78,E0162
GR0010407,PO-2025-014096,2025-03-07,1916.73,E0163
GR0010408,PO-2024-014097,2024-04-07,331.43,E0156
GR0010409,PO-2024-014097,2024-04-15,349.39,E0149
GR0010410,PO-2024-014098,2024-03-11,2278.22,E0147
GR0010411,PO-2024-014099,2024-03-08,4095.75,E0161
GR0010412,PO-2024-014100,2024-08-03,5263.65,E0143
GR0010413,PO-2025-014101,2025-03-22,1838.16,E0158
GR0010414,PO-2024-014102,2024-12-19,1522.84,E0162
GR0010415,PO-2024-014103,2024-10-21,24998.38,E0150
GR0010416,PO-2024-014104,2024-05-05,1941.74,E0154
GR0010417,PO-2024-014105,2025-01-12,2038.2,E0159
GR0010418,PO-2024-014106,2024-10-26,41779.6,E0154
GR0010419,PO-2024-014140,2024-07-01,1270.8,E0153
GR0010420,PO-2024-014141,2024-11-05,573.74,E0150
GR0010421,PO-2024-014141,2024-11-14,670.32,E0162
GR0010422,PO-2025-014142,2025-04-10,1286.15,E0158
GR0010423,PO-2025-014142,2025-04-16,1838.56,E0163
GR0010424,PO-2024-014143,2024-10-28,814.81,E0146
GR0010425,PO-2024-014144,2024-09-09,1323.93,E0144
GR0010426,PO-2025-014145,2025-05-17,660.36,E0148
GR0010427,PO-2025-014145,2025-05-29,659.64,E0158
GR0010428,PO-2024-014146,2024-05-08,11827.22,E0157
GR0010429,PO-2024-014147,2024-11-07,1439.02,E0151
GR0010430,PO-2024-014148,2024-10-29,1239.9,E0149
GR0010431,PO-2024-014149,2024-04-18,2983.41,E0145
GR0010432,PO-2024-014150,2024-11-29,4711.18,E0151
GR0010433,PO-2024-014151,2024-03-23,8259.65,E0142
GR0010434,PO-2024-014152,2024-05-10,2067.11,E0150
GR0010435,PO-2025-014153,2025-04-09,1607.96,E0153
GR0010436,PO-2025-014153,2025-04-15,1572.64,E0143
GR0010437,PO-2025-014154,2025-02-27,4071.85,E0141
GR0010438,PO-2024-014155,2024-12-13,27000.13,E0151
GR0010439,PO-2025-014156,2025-04-22,8191.26,E0142
GR0010440,PO-2024-014157,2024-08-25,3640.02,E0159
GR0010441,PO-2025-014158,2025-02-05,743.99,E0152
GR0010442,PO-2025-014158,2025-02-12,700.45,E0142
GR0010443,PO-2025-014159,2025-05-28,8945.41,E0150
GR0010444,PO-2024-014160,2025-01-07,7417.09,E0145
GR0010445,PO-2024-014161,2024-09-11,4694.86,E0154
GR0010446,PO-2025-014162,2025-05-02,11052.47,E0153
GR0010447,PO-2025-014163,2025-06-12,1241.0,E0163
GR0010448,PO-2025-014163,2025-06-17,1000.22,E0143
GR0010449,PO-2024-014164,2024-09-05,1714.69,E0161
GR0010450,PO-2024-014165,2024-03-14,7060.99,E0159
GR0010451,PO-2024-014166,2024-02-08,1327.17,E0143
GR0010452,PO-2024-014167,2024-01-17,5483.02,E0145
GR0010453,PO-2024-014168,2024-02-14,3398.45,E0147
GR0010454,PO-2025-014169,2025-06-26,3204.2,E0159
GR0010455,PO-2024-014170,2024-12-28,4921.37,E0149
GR0010456,PO-2024-014171,2024-12-07,4126.25,E0144
GR0010457,PO-2025-014172,2025-02-21,2132.21,E0148
GR0010458,PO-2025-014173,2025-07-08,1766.0,E0145
GR0010459,PO-2025-014174,2025-02-19,2917.36,E0163
GR0010460,PO-2025-014174,2025-03-01,2482.52,E0160
GR0010461,PO-2025-014175,2025-06-30,8139.2,E0145
GR0010462,PO-2024-014176,2024-02-26,1191.95,E0158
GR0010463,PO-2025-014177,2025-01-25,3182.81,E0142
GR0010464,PO-2025-014178,2025-02-27,3539.77,E0146
GR0010465,PO-2024-014179,2024-06-20,2169.74,E0151
GR0010466,PO-2024-014180,2024-11-11,1228.41,E0163
GR0010467,PO-2024-014181,2024-06-08,12663.53,E0161
GR0010468,PO-2024-014182,2024-04-02,7266.36,E0146
GR0010469,PO-2024-014183,2024-10-17,858.27,E0151
GR0010470,PO-2025-014184,2025-01-23,1334.67,E0160
GR0010471,PO-2025-014185,2025-04-11,3474.2,E0143
GR0010472,PO-2024-014186,2024-12-07,2808.22,E0150
GR0010473,PO-2024-014187,2024-10-17,15164.88,E0143
GR0010474,PO-2024-014188,2024-10-31,13328.21,E0141
GR0010475,PO-2024-014189,2024-01-29,32154.79,E0151
GR0010476,PO-2025-014190,2025-04-27,2465.3,E0161
GR0010477,PO-2025-014191,2025-04-28,12581.69,E0143
GR0010478,PO-2025-014192,2025-02-19,222.71,E0148
GR0010479,PO-2025-014192,2025-02-28,105.56,E0142
GR0010480,PO-2024-014193,2024-07-10,22751.84,E0148
GR0010481,PO-2025-014194,2025-03-19,2773.15,E0152
GR0010482,PO-2025-014195,2025-02-28,1132.88,E0147
GR0010483,PO-2025-014195,2025-03-08,854.29,E0142
GR0010484,PO-2024-014196,2024-12-20,767.62,E0159
GR0010485,PO-2024-014197,2024-11-16,948.83,E0148
GR0010486,PO-2024-014197,2024-11-20,1325.9,E0140
GR0010487,PO-2025-014198,2025-01-30,5958.62,E0159
GR0010488,PO-2024-014199,2024-03-19,1909.25,E0140
GR0010489,PO-2024-014200,2024-12-17,7229.84,E0145
GR0010490,PO-2024-014201,2024-11-24,9251.89,E0150
GR0010491,PO-2024-014202,2024-08-04,3033.71,E0154
GR0010492,PO-2024-014202,2024-08-24,3078.84,E0152
GR0010493,PO-2024-014203,2024-07-12,2231.98,E0162
GR0010494,PO-2024-014204,2024-11-26,17169.54,E0146
GR0010495,PO-2024-014205,2024-10-14,3918.63,E0153
GR0010496,PO-2024-014206,2024-05-30,8372.13,E0142
GR0010497,PO-2024-014207,2024-04-28,952.57,E0153
GR0010498,PO-2025-014208,2025-05-30,500.29,E0155
GR0010499,PO-2025-014208,2025-06-11,550.0,E0155
GR0010500,PO-2024-014209,2024-12-24,6061.65,E0162
GR0010501,PO-2024-014210,2024-01-07,4096.26,E0148
GR0010502,PO-2024-014211,2024-04-13,8539.03,E0142
GR0010503,PO-2024-014212,2024-06-17,1311.41,E0142
GR0010504,PO-2024-014213,2024-10-17,5862.21,E0142
GR0010505,PO-2024-014213,2024-10-31,2698.1,E0148
GR0010506,PO-2025-014214,2025-06-17,6572.17,E0158
GR0010507,PO-2024-014215,2024-08-16,17317.58,E0145
GR0010508,PO-2025-014216,2025-06-03,3287.94,E0153
GR0010509,PO-2025-014217,2025-07-15,28755.22,E0158
GR0010510,PO-2025-014218,2025-06-18,8848.05,E0160
GR0010511,PO-2025-014218,2025-06-26,8714.16,E0162
GR0010512,PO-2025-014219,2025-03-08,964.64,E0141
GR0010513,PO-2025-014219,2025-03-18,1224.3,E0162
GR0010514,PO-2024-014220,2024-09-14,2673.83,E0140
GR0010515,PO-2024-014221,2024-05-12,1353.84,E0160
GR0010516,PO-2024-014222,2024-09-05,1773.59,E0158
GR0010517,PO-2024-014223,2024-01-16,497.22,E0149
GR0010518,PO-2024-014224,2024-10-11,4293.56,E0145
GR0010519,PO-2024-014225,2024-05-11,3869.16,E0157
GR0010520,PO-2025-014226,2025-07-06,2975.13,E0151
GR0010521,PO-2024-014227,2024-04-01,1619.85,E0155
GR0010522,PO-2024-014228,2024-05-04,1191.74,E0161
GR0010523,PO-2025-014229,2025-03-10,3345.25,E0160
GR0010524,PO-2025-014230,2025-01-20,2500.05,E0157
GR0010525,PO-2025-014231,2025-01-25,2812.1,E0155
GR0010526,PO-2025-014232,2025-01-30,791.4,E0145
GR0010527,PO-2025-014232,2025-02-14,738.33,E0158
GR0010528,PO-2024-014233,2024-05-08,1512.6,E0146
GR0010529,PO-2025-014234,2025-06-28,3149.77,E0160
GR0010530,PO-2025-014235,2025-05-17,240.25,E0154
GR0010531,PO-2025-014236,2025-05-29,5241.41,E0148
GR0010532,PO-2024-014237,2025-01-03,840.64,E0162
GR0010533,PO-2024-014238,2024-09-16,2750.87,E0158
GR0010534,PO-2025-014239,2025-05-20,960.64,E0155
GR0010535,PO-2025-014240,2025-04-05,3340.64,E0146
GR0010536,PO-2024-014241,2024-08-03,4165.66,E0161
GR0010537,PO-2025-014242,2025-05-12,613.57,E0157
GR0010538,PO-2024-014243,2024-07-17,5784.18,E0157
GR0010539,PO-2024-014244,2024-07-12,2685.01,E0140
GR0010540,PO-2024-014245,2024-02-08,838.71,E0162
GR0010541,PO-2024-014246,2024-03-19,8266.4,E0149
GR0010542,PO-2024-014247,2024-05-04,1077.19,E0155
GR0010543,PO-2024-014248,2024-02-09,6438.02,E0145
GR0010544,PO-2025-014249,2025-06-24,1495.83,E0143
GR0010545,PO-2024-014250,2024-07-05,630.94,E0161
GR0010546,PO-2024-014250,2024-07-17,661.2,E0160
GR0010547,PO-2025-014251,2025-04-15,9827.35,E0160
GR0010548,PO-2025-014252,2025-04-21,6666.22,E0152
GR0010549,PO-2024-014253,2024-02-03,3665.87,E0156
GR0010550,PO-2024-014254,2024-04-14,2712.41,E0150
GR0010551,PO-2024-014255,2024-11-18,1001.93,E0145
GR0010552,PO-2025-014256,2025-01-26,2598.38,E0151
GR0010553,PO-2024-014257,2024-03-19,2414.95,E0161
GR0010554,PO-2025-014258,2025-01-19,1639.38,E0157
GR0010555,PO-2024-014259,2024-01-19,2035.31,E0160
GR0010556,PO-2024-014260,2024-11-27,3941.76,E0143
GR0010557,PO-2024-014261,2024-10-23,4311.52,E0155
GR0010558,PO-2025-014262,2025-06-23,6338.96,E0153
GR0010559,PO-2024-014263,2024-12-20,2315.02,E0143
GR0010560,PO-2024-014263,2024-12-31,2889.33,E0147
GR0010561,PO-2024-014264,2024-06-10,16424.04,E0151
GR0010562,PO-2024-014265,2024-12-25,20472.83,E0150
GR0010563,PO-2025-014266,2025-02-24,6235.92,E0147
GR0010564,PO-2024-014267,2024-01-21,1419.2,E0160
GR0010565,PO-2024-014268,2024-08-23,2279.6,E0154
GR0010566,PO-2024-014269,2024-02-08,4948.4,E0161
GR0010567,PO-2024-014270,2024-02-12,21844.0,E0143
GR0010568,PO-2024-014271,2024-11-10,625.17,E0143
GR0010569,PO-2025-014272,2025-06-11,2088.16,E0142
GR0010570,PO-2025-014273,2025-04-23,12003.01,E0151
GR0010571,PO-2024-014274,2024-10-22,7420.45,E0155
GR0010572,PO-2024-014275,2024-12-15,1388.97,E0148
GR0010573,PO-2024-014276,2025-01-03,1685.46,E0159
GR0010574,PO-2025-014277,2025-04-14,8846.69,E0148
GR0010575,PO-2024-014278,2024-08-26,3167.17,E0147
GR0010576,PO-2024-014279,2024-12-06,1783.63,E0142
GR0010577,PO-2024-014279,2024-12-24,2194.32,E0148
GR0010578,PO-2024-014280,2024-04-22,10941.64,E0151
GR0010579,PO-2024-014281,2024-11-01,3373.45,E0143
GR0010580,PO-2024-014282,2024-06-23,2538.26,E0147
GR0010581,PO-2024-014283,2024-08-06,7859.81,E0154
GR0010582,PO-2024-014284,2024-03-02,390.18,E0143
GR0010583,PO-2024-014285,2024-10-06,16572.99,E0144
GR0010584,PO-2025-014286,2025-05-15,8783.53,E0142
GR0010585,PO-2025-014287,2025-06-12,4588.82,E0147
GR0010586,PO-2025-014288,2025-07-05,1003.55,E0163
GR0010587,PO-2024-014289,2024-05-16,3262.24,E0150
GR0010588,PO-2025-014290,2025-03-06,498.09,E0147
GR0010589,PO-2024-014291,2024-12-11,13129.22,E0144
GR0010590,PO-2025-014292,2025-02-08,1699.54,E0144
GR0010591,PO-2025-014292,2025-02-20,927.48,E0161
GR0010592,PO-2024-014293,2024-05-16,2242.35,E0154
GR0010593,PO-2025-014294,2025-04-20,1105.46,E0140
GR0010594,PO-2025-014295,2025-03-05,1061.11,E0159
GR0010595,PO-2025-014296,2025-06-03,13521.01,E0140
GR0010596,PO-2025-014297,2025-07-15,2430.27,E0147
GR0010597,PO-2024-014298,2024-09-04,1357.06,E0154
GR0010598,PO-2024-014299,2024-02-01,9621.66,E0149
GR0010599,PO-2025-014300,2025-06-18,1233.53,E0151
GR0010600,PO-2025-014301,2025-02-03,5347.9,E0142
GR0010601,PO-2024-014302,2024-03-01,1356.19,E0162
GR0010602,PO-2024-014303,2024-08-04,8424.03,E0160
GR0010603,PO-2024-014304,2024-02-07,9403.44,E0146
GR0010604,PO-2024-014304,2024-02-19,5986.8,E0144
GR0010605,PO-2025-014305,2025-04-09,2446.29,E0149
GR0010606,PO-2025-014305,2025-04-18,1413.91,E0141
GR0010607,PO-2024-014306,2024-12-13,10207.26,E0141
GR0010608,PO-2024-014307,2024-02-06,855.22,E0158
GR0010609,PO-2024-014308,2024-12-03,1086.13,E0148
GR0010610,PO-2025-014309,2025-02-05,2521.74,E0160
GR0010611,PO-2025-014310,2025-02-10,3768.66,E0156
GR0010612,PO-2024-014311,2024-08-08,9272.15,E0163
GR0010613,PO-2025-014312,2025-01-31,1222.44,E0149
GR0010614,PO-2025-014313,2025-06-10,2976.93,E0153
GR0010615,PO-2024-014314,2024-12-03,16470.43,E0154
GR0010616,PO-2024-014315,2024-12-09,123862.06,E0144
GR0010617,PO-2025-014316,2025-01-23,16012.94,E0148
GR0010618,PO-2025-014317,2025-01-18,90366.02,E0158
GR0010619,PO-2024-014318,2024-03-13,22325.95,E0140
GR0010620,PO-2024-014318,2024-03-26,24636.91,E0148
GR0010621,PO-2024-014319,2024-02-08,16896.98,E0142
GR0010622,PO-2024-014320,2024-07-26,6947.24,E0160
GR0010623,PO-2024-014321,2024-06-30,24463.8,E0152
GR0010624,PO-2024-014322,2024-07-09,1887.81,E0163
GR0010625,PO-2024-014322,2024-07-18,1111.06,E0160
GR0010626,PO-2025-014323,2025-03-26,39353.17,E0140
GR0010627,PO-2024-014324,2024-02-05,3878.64,E0160
GR0010628,PO-2024-014325,2024-03-10,38144.93,E0141
GR0010629,PO-2024-014326,2024-04-28,2721.62,E0162
GR0010630,PO-2024-014326,2024-05-04,1365.94,E0161
GR0010631,PO-2024-014327,2024-11-02,62015.26,E0144
GR0010632,PO-2025-014328,2025-04-12,55545.58,E0158
GR0010633,PO-2025-014329,2025-02-01,44953.92,E0145
GR0010634,PO-2025-014330,2025-04-20,17364.99,E0158
GR0010635,PO-2024-014331,2024-05-04,23065.67,E0146
GR0010636,PO-2025-014332,2025-06-29,7136.53,E0140
GR0010637,PO-2024-014333,2024-04-03,10954.05,E0145
GR0010638,PO-2024-014334,2024-12-20,6491.57,E0144
GR0010639,PO-2024-014335,2024-06-29,87596.15,E0159
GR0010640,PO-2024-014336,2024-06-11,30582.55,E0156
GR0010641,PO-2024-014337,2024-06-12,24973.43,E0150
GR0010642,PO-2024-014338,2024-02-07,11931.01,E0153
GR0010643,PO-2024-014339,2024-09-24,8695.77,E0150
GR0010644,PO-2025-014340,2025-04-21,8141.99,E0160
GR0010645,PO-2024-014341,2024-06-19,11814.73,E0161
GR0010646,PO-2024-014342,2024-12-28,5105.11,E0153
GR0010647,PO-2024-014343,2024-06-08,4943.54,E0153
GR0010648,PO-2025-014344,2025-03-15,29935.49,E0151
GR0010649,PO-2024-014345,2024-01-31,3202.59,E0162
GR0010650,PO-2024-014345,2024-02-14,2347.17,E0160
GR0010651,PO-2025-014346,2025-02-22,8994.61,E0155
GR0010652,PO-2025-014347,2025-03-27,9968.41,E0146
GR0010653,PO-2025-014348,2025-05-29,2792.83,E0152
GR0010654,PO-2024-014349,2024-05-03,1975.59,E0142
GR0010655,PO-2024-014350,2024-07-18,341.08,E0147
GR0010656,PO-2024-014351,2024-10-22,970.47,E0161
GR0010657,PO-2024-014352,2024-09-03,4694.8,E0162
GR0010658,PO-2024-014353,2024-04-05,8687.37,E0140
GR0010659,PO-2024-014354,2024-11-12,1842.92,E0160
GR0010660,PO-2025-014355,2025-02-13,3220.97,E0146
GR0010661,PO-2025-014356,2025-07-08,16277.82,E0146
GR0010662,PO-2024-014357,2024-01-12,3345.64,E0157
GR0010663,PO-2024-014358,2024-09-13,3710.57,E0147
GR0010664,PO-2024-014359,2024-08-30,16012.93,E0156
GR0010665,PO-2024-014360,2024-06-26,2517.79,E0140
GR0010666,PO-2024-014361,2024-06-13,11317.83,E0148
GR0010667,PO-2025-014362,2025-04-18,6515.97,E0155
GR0010668,PO-2025-014363,2025-05-17,15313.25,E0154
GR0010669,PO-2024-014364,2024-10-02,449.77,E0144
GR0010670,PO-2025-014365,2025-06-12,1957.39,E0153
GR0010671,PO-2024-014366,2024-05-23,1679.85,E0144
GR0010672,PO-2024-014367,2024-02-11,1212.07,E0146
GR0010673,PO-2025-014368,2025-05-19,5253.67,E0141
GR0010674,PO-2024-014369,2024-05-02,4670.16,E0153
GR0010675,PO-2024-014370,2024-05-13,5138.24,E0150
GR0010676,PO-2024-014371,2024-08-24,2190.17,E0146
GR0010677,PO-2024-014372,2024-08-27,2294.72,E0161
GR0010678,PO-2025-014373,2025-01-18,10764.8,E0157
GR0010679,PO-2025-014374,2025-01-20,3555.04,E0158
GR0010680,PO-2024-014375,2024-01-04,1444.62,E0140
GR0010681,PO-2024-014376,2024-01-21,2427.03,E0149
GR0010682,PO-2024-014377,2024-07-20,3128.09,E0162
GR0010683,PO-2025-014378,2025-02-20,596.81,E0141
GR0010684,PO-2024-014379,2025-01-04,2641.85,E0142
GR0010685,PO-2025-014380,2025-06-03,1112.75,E0161
GR0010686,PO-2024-014381,2024-10-29,2847.18,E0163
GR0010687,PO-2024-014382,2024-08-16,789.44,E0148
GR0010688,PO-2024-014383,2024-03-09,4399.98,E0144
GR0010689,PO-2024-014383,2024-03-23,2753.51,E0156
GR0010690,PO-2025-014384,2025-03-27,559.29,E0148
GR0010691,PO-2025-014384,2025-04-09,623.54,E0141
GR0010692,PO-2025-014385,2025-03-04,581.19,E0145
GR0010693,PO-2025-014386,2025-01-15,5024.38,E0141
GR0010694,PO-2024-014387,2024-11-30,3678.87,E0142
GR0010695,PO-2025-014388,2025-03-30,11037.6,E0144
GR0010696,PO-2025-014389,2025-03-28,6552.7,E0150
GR0010697,PO-2024-014390,2024-03-04,15647.56,E0145
GR0010698,PO-2025-014391,2025-05-02,3201.14,E0163
GR0010699,PO-2024-014392,2024-04-23,11737.48,E0161
GR0010700,PO-2024-014393,2024-05-08,1090.26,E0162
GR0010701,PO-2024-014394,2024-09-30,2851.12,E0160
GR0010702,PO-2024-014395,2024-08-10,2456.37,E0152
GR0010703,PO-2024-014396,2024-04-01,3269.91,E0152
GR0010704,PO-2024-014397,2024-07-03,1842.55,E0154
GR0010705,PO-2024-014398,2024-07-24,10431.09,E0162
GR0010706,PO-2025-014399,2025-02-18,11088.51,E0158
GR0010707,PO-2024-014400,2024-09-13,16807.57,E0150
GR0010708,PO-2024-014401,2024-01-13,3183.4,E0144
GR0010709,PO-2025-014402,2025-02-03,15804.75,E0153
GR0010710,PO-2024-014403,2024-04-11,2960.71,E0142
GR0010711,PO-2024-014404,2024-06-27,5589.85,E0140
GR0010712,PO-2024-014405,2024-09-10,3676.1,E0151
GR0010713,PO-2025-014406,2025-07-10,5671.93,E0159
GR0010714,PO-2024-014407,2024-07-16,1182.6,E0162
GR0010715,PO-2025-014408,2025-05-03,2703.76,E0149
GR0010716,PO-2024-014409,2024-08-19,191.41,E0147
GR0010717,PO-2025-014410,2025-06-29,478.81,E0149
GR0010718,PO-2024-014411,2024-10-08,3914.49,E0142
GR0010719,PO-2024-014412,2024-01-21,894.13,E0157
GR0010720,PO-2025-014413,2025-03-25,135.76,E0148
GR0010721,PO-2025-014413,2025-04-08,101.7,E0154
GR0010722,PO-2024-014414,2024-10-04,77.21,E0161
GR0010723,PO-2024-014414,2024-10-17,48.59,E0149
GR0010724,PO-2025-014415,2025-04-13,872.72,E0161
GR0010725,PO-2024-014444,2024-10-02,8018.52,E0144
GR0010726,PO-2025-014445,2025-02-02,47990.99,E0153
GR0010727,PO-2024-014446,2024-06-04,2898.83,E0158
GR0010728,PO-2025-014447,2025-07-08,551.38,E0163
GR0010729,PO-2024-014448,2024-07-22,531.92,E0153
GR0010730,PO-2024-014448,2024-08-07,713.25,E0151
GR0010731,PO-2025-014449,2025-05-03,9700.82,E0147
GR0010732,PO-2024-014450,2024-12-27,3427.06,E0156
GR0010733,PO-2025-014451,2025-06-19,3712.96,E0148
GR0010734,PO-2024-014452,2024-06-05,2238.45,E0153
GR0010735,PO-2024-014453,2025-01-04,1497.53,E0156
GR0010736,PO-2025-014454,2025-05-18,1356.59,E0149
GR0010737,PO-2024-014541,2024-12-17,4486.35,E0142
GR0010738,PO-2024-014542,2024-06-27,573.43,E0159
GR0010739,PO-2024-014543,2024-05-09,394.04,E0154
GR0010740,PO-2024-014543,2024-05-17,474.26,E0153
GR0010741,PO-2025-014544,2025-06-08,8118.36,E0142
GR0010742,PO-2024-014545,2024-08-15,299.36,E0150
GR0010743,PO-2024-014546,2024-12-31,2441.79,E0151
GR0010744,PO-2024-014547,2024-04-15,2494.35,E0161
GR0010745,PO-2025-014548,2025-07-08,660.37,E0146
GR0010746,PO-2025-014548,2025-07-24,341.02,E0162
GR0010747,PO-2024-014549,2024-05-29,1470.79,E0162
GR0010748,PO-2025-014550,2025-03-22,1133.82,E0144
GR0010749,PO-2024-014551,2024-09-17,1846.36,E0158
GR0010750,PO-2024-014552,2024-08-14,1116.04,E0161
GR0010751,PO-2024-014553,2024-03-09,234.12,E0144
GR0010752,PO-2024-014554,2024-06-12,1441.85,E0154
GR0010753,PO-2024-014555,2024-10-03,6414.54,E0141
GR0010754,PO-2024-014556,2024-08-20,8928.96,E0163
GR0010755,PO-2024-014557,2024-12-21,5794.91,E0155
GR0010756,PO-2024-014558,2024-09-11,1232.34,E0149
GR0010757,PO-2024-014559,2024-03-30,550.22,E0147
GR0010758,PO-2025-014560,2025-04-24,2160.04,E0146
GR0010759,PO-2025-014560,2025-05-10,1079.97,E0160
GR0010760,PO-2024-014561,2024-05-23,7425.18,E0156
GR0010761,PO-2025-014562,2025-04-18,7213.84,E0160
GR0010762,PO-2024-014563,2024-04-15,580.88,E0141
GR0010763,PO-2024-014564,2025-01-03,8700.94,E0155
GR0010764,PO-2025-014565,2025-06-09,591.28,E0150
GR0010765,PO-2025-014566,2025-01-27,5203.38,E0163
GR0010766,PO-2025-014567,2025-06-23,6194.31,E0148
GR0010767,PO-2025-014568,2025-04-08,7964.93,E0140
GR0010768,PO-2024-014569,2024-09-14,8363.17,E0153
GR0010769,PO-2024-014570,2024-11-03,606.54,E0161
GR0010770,PO-2024-014571,2024-05-05,3780.83,E0146
GR0010771,PO-2024-014572,2024-07-27,1124.72,E0154
GR0010772,PO-2025-014573,2025-01-23,3263.26,E0150
GR0010773,PO-2024-014574,2024-06-30,776.37,E0161
GR0010774,PO-2024-014574,2024-07-16,1098.42,E0163
GR0010775,PO-2025-014575,2025-01-22,1263.18,E0145
GR0010776,PO-2024-014576,2024-10-26,4229.24,E0160
GR0010777,PO-2024-014577,2024-01-13,4582.57,E0146
GR0010778,PO-2025-014578,2025-04-29,32365.94,E0162
GR0010779,PO-2024-014579,2024-06-03,2216.15,E0163
GR0010780,PO-2025-014580,2025-01-05,1474.55,E0149
GR0010781,PO-2024-014581,2024-06-10,8616.43,E0154
GR0010782,PO-2024-014582,2024-06-01,11063.21,E0151
GR0010783,PO-2024-014583,2024-10-30,4512.34,E0147
GR0010784,PO-2024-014584,2024-07-08,10640.6,E0153
GR0010785,PO-2024-014585,2024-09-05,4008.77,E0143
GR0010786,PO-2024-014586,2024-08-27,3665.46,E0154
GR0010787,PO-2025-014587,2025-03-17,569.41,E0157
GR0010788,PO-2025-014587,2025-03-30,503.6,E0145
GR0010789,PO-2024-014588,2024-11-04,2663.67,E0152
GR0010790,PO-2024-014589,2024-09-24,8333.03,E0150
GR0010791,PO-2024-014589,2024-09-30,11837.1,E0156
GR0010792,PO-2024-014590,2024-04-14,8712.74,E0141
GR0010793,PO-2024-014591,2024-11-27,3368.35,E0146
GR0010794,PO-2025-014592,2025-06-22,9467.82,E0144
GR0010795,PO-2024-014593,2024-10-07,651.93,E0158
GR0010796,PO-2024-014594,2024-02-11,11837.14,E0151
GR0010797,PO-2024-014595,2024-01-18,18702.19,E0162
GR0010798,PO-2024-014596,2024-05-25,467.79,E0141
GR0010799,PO-2024-014597,2024-06-22,5857.48,E0155
GR0010800,PO-2025-014598,2025-03-02,25301.01,E0157
GR0010801,PO-2024-014599,2024-08-24,926.13,E0153
GR0010802,PO-2024-014600,2024-07-02,8175.83,E0145
GR0010803,PO-2024-014600,2024-07-09,7954.07,E0152
GR0010804,PO-2024-014601,2024-04-26,3480.85,E0155
GR0010805,PO-2024-014602,2024-02-12,3191.68,E0155
GR0010806,PO-2025-014603,2025-06-01,1302.4,E0144
GR0010807,PO-2024-014604,2024-02-15,3724.49,E0145
GR0010808,PO-2024-014605,2024-10-10,2349.41,E0145
GR0010809,PO-2024-014606,2024-12-13,5427.62,E0158
GR0010810,PO-2024-014607,2024-08-12,7958.07,E0157
GR0010811,PO-2024-014608,2024-11-01,1034.01,E0157
GR0010812,PO-2025-014609,2025-06-14,3174.63,E0155
GR0010813,PO-2025-014610,2025-05-07,3514.8,E0152
GR0010814,PO-2024-014611,2024-08-28,3784.37,E0158
GR0010815,PO-2024-014612,2024-12-19,15334.71,E0160
GR0010816,PO-2025-014613,2025-07-11,2873.36,E0151
GR0010817,PO-2025-014614,2025-03-10,569.47,E0160
GR0010818,PO-2024-014615,2024-09-12,6374.45,E0163
GR0010819,PO-2025-014616,2025-03-01,26562.67,E0140
GR0010820,PO-2024-014617,2024-01-17,2244.08,E0152
GR0010821,PO-2024-014617,2024-02-02,2674.88,E0158
GR0010822,PO-2024-014618,2024-02-04,2006.48,E0140
GR0010823,PO-2024-014619,2024-07-13,4946.31,E0163
GR0010824,PO-2024-014620,2024-06-28,3911.95,E0150
GR0010825,PO-2024-014621,2024-08-05,8769.03,E0152
GR0010826,PO-2025-014622,2025-01-09,2585.85,E0144
GR0010827,PO-2024-014623,2024-02-18,743.09,E0162
GR0010828,PO-2024-014624,2024-03-31,2388.65,E0156
GR0010829,PO-2025-014625,2025-07-02,3763.92,E0142
GR0010830,PO-2024-014626,2024-04-21,43110.68,E0155
GR0010831,PO-2024-014627,2024-08-21,7854.84,E0147
GR0010832,PO-2024-014628,2024-02-05,3695.76,E0151
GR0010833,PO-2024-014629,2024-10-09,1786.87,E0148
GR0010834,PO-2025-014630,2025-04-04,1566.79,E0142
GR0010835,PO-2024-014631,2024-03-01,3234.37,E0159
GR0010836,PO-2024-014632,2024-10-02,1180.72,E0155
GR0010837,PO-2024-014632,2024-10-13,1564.53,E0163
GR0010838,PO-2024-014633,2024-09-25,11229.74,E0141
GR0010839,PO-2024-014634,2024-10-03,7690.77,E0142
GR0010840,PO-2024-014634,2024-10-15,4919.72,E0146
GR0010841,PO-2025-014635,2025-07-02,1742.39,E0141
GR0010842,PO-2024-014636,2024-05-28,2542.88,E0146
GR0010843,PO-2024-014637,2024-03-19,401.79,E0157
GR0010844,PO-2024-014638,2024-10-20,1211.11,E0152
GR0010845,PO-2024-014638,2024-10-29,576.91,E0150
GR0010846,PO-2024-014639,2024-07-03,781.0,E0158
GR0010847,PO-2025-014640,2025-02-27,4083.36,E0140
GR0010848,PO-2025-014641,2025-05-25,6802.63,E0152
GR0010849,PO-2025-014641,2025-06-12,5927.9,E0162
GR0010850,PO-2024-014642,2024-08-05,2950.61,E0153
GR0010851,PO-2025-014643,2025-04-13,9772.55,E0153
GR0010852,PO-2024-014644,2024-10-08,1859.55,E0154
GR0010853,PO-2024-014644,2024-10-23,2350.36,E0154
GR0010854,PO-2024-014645,2024-01-25,5519.24,E0158
GR0010855,PO-2024-014646,2024-03-07,1191.84,E0142
GR0010856,PO-2025-014647,2025-03-14,10877.15,E0145
GR0010857,PO-2024-014648,2025-01-07,1261.46,E0162
GR0010858,PO-2024-014649,2024-09-22,4325.57,E0144
GR0010859,PO-2024-014650,2024-10-03,3364.18,E0145
GR0010860,PO-2024-014651,2024-01-14,1869.39,E0150
GR0010861,PO-2025-014652,2025-03-02,7506.97,E0146
GR0010862,PO-2024-014653,2024-02-02,2104.51,E0152
GR0010863,PO-2024-014654,2024-07-21,2869.98,E0155
GR0010864,PO-2024-014655,2024-05-01,3991.83,E0141
GR0010865,PO-2024-014656,2024-05-22,1443.27,E0150
GR0010866,PO-2024-014656,2024-06-08,1116.11,E0154
GR0010867,PO-2025-014657,2025-04-27,2378.1,E0151
GR0010868,PO-2025-014658,2025-07-14,7721.04,E0145
GR0010869,PO-2024-014659,2024-10-24,7719.62,E0148
GR0010870,PO-2025-014660,2025-01-11,7131.23,E0146
GR0010871,PO-2024-014661,2024-04-02,7102.89,E0158
GR0010872,PO-2025-014662,2025-03-19,4837.19,E0149
GR0010873,PO-2024-014663,2024-03-17,4532.58,E0150
GR0010874,PO-2024-014664,2024-08-09,7114.72,E0151
GR0010875,PO-2024-014665,2024-12-26,3279.24,E0142
GR0010876,PO-2025-014666,2025-05-10,2353.12,E0140
GR0010877,PO-2025-014667,2025-03-31,624.32,E0145
GR0010878,PO-2025-014667,2025-04-05,479.41,E0143
GR0010879,PO-2025-014668,2025-01-28,3924.05,E0151
GR0010880,PO-2025-014668,2025-02-07,3742.06,E0147
GR0010881,PO-2024-014669,2024-03-02,34314.28,E0162
GR0010882,PO-2025-014670,2025-06-12,1118.45,E0149
GR0010883,PO-2024-014671,2024-05-11,5555.85,E0142
GR0010884,PO-2024-014672,2024-07-07,1580.55,E0140
GR0010885,PO-2024-014673,2024-03-13,1243.15,E0144
GR0010886,PO-2025-014674,2025-06-01,8679.61,E0159
GR0010887,PO-2024-014675,2025-01-04,13243.74,E0148
GR0010888,PO-2025-014676,2025-05-27,1091.23,E0150
GR0010889,PO-2025-014677,2025-04-17,16177.7,E0143
GR0010890,PO-2024-014678,2024-04-14,1986.27,E0161
GR0010891,PO-2024-014679,2024-01-10,2317.38,E0161
GR0010892,PO-2025-014680,2025-07-02,1525.72,E0140
GR0010893,PO-2024-014681,2024-03-29,1504.08,E0151
GR0010894,PO-2025-014682,2025-05-01,11775.42,E0152
GR0010895,PO-2024-014683,2024-08-10,7387.74,E0154
GR0010896,PO-2024-014684,2024-05-21,5902.99,E0158
GR0010897,PO-2025-014685,2025-03-16,13136.19,E0158
GR0010898,PO-2025-014686,2025-06-23,17373.57,E0159
GR0010899,PO-2024-014687,2024-08-16,8581.76,E0144
GR0010900,PO-2024-014688,2024-05-08,1060.46,E0161
GR0010901,PO-2024-014689,2024-09-08,3180.55,E0142
GR0010902,PO-2024-014690,2024-08-17,37722.28,E0145
GR0010903,PO-2024-014691,2024-02-10,2117.93,E0159
GR0010904,PO-2024-014691,2024-02-19,2991.86,E0140
GR0010905,PO-2024-014692,2024-04-05,10928.03,E0141
GR0010906,PO-2024-014693,2024-07-30,1384.12,E0160
GR0010907,PO-2025-014694,2025-05-10,3030.89,E0144
GR0010908,PO-2024-014695,2024-05-18,10617.51,E0154
GR0010909,PO-2024-014696,2024-12-27,4011.74,E0148
GR0010910,PO-2025-014697,2025-03-24,5431.2,E0140
GR0010911,PO-2024-014698,2024-11-01,9739.46,E0143
GR0010912,PO-2025-014699,2025-02-08,3550.97,E0161
GR0010913,PO-2025-014699,2025-02-25,3362.68,E0152
GR0010914,PO-2024-014700,2024-06-23,4484.6,E0156
GR0010915,PO-2025-014701,2025-07-12,23012.81,E0141
GR0010916,PO-2024-014702,2024-01-16,6657.21,E0157
GR0010917,PO-2024-014703,2024-02-25,504.22,E0152
GR0010918,PO-2024-014704,2024-03-26,6154.22,E0156
GR0010919,PO-2024-014705,2025-01-04,857.66,E0156
GR0010920,PO-2024-014706,2024-03-30,2199.78,E0145
GR0010921,PO-2024-014707,2024-12-19,8345.74,E0159
GR0010922,PO-2025-014708,2025-01-24,5906.7,E0156
GR0010923,PO-2025-014708,2025-02-04,5380.69,E0161
GR0010924,PO-2024-014709,2024-01-15,862.63,E0148
GR0010925,PO-2024-014710,2024-06-28,10491.24,E0142
GR0010926,PO-2025-014711,2025-03-06,691.31,E0140
GR0010927,PO-2025-014712,2025-02-04,21777.07,E0140
GR0010928,PO-2024-014713,2024-02-11,1324.54,E0149
GR0010929,PO-2024-014714,2024-05-14,14329.49,E0147
GR0010930,PO-2025-014715,2025-05-06,6281.1,E0150
GR0010931,PO-2024-014716,2024-03-28,905.18,E0155
GR0010932,PO-2025-014717,2025-01-28,980.29,E0162
GR0010933,PO-2024-014718,2024-02-04,1190.89,E0163
GR0010934,PO-2024-014718,2024-02-14,1055.64,E0146
GR0010935,PO-2024-014719,2024-08-12,333.29,E0150
GR0010936,PO-2024-014720,2024-06-14,2185.04,E0153
GR0010937,PO-2025-014721,2025-03-22,385.53,E0157
GR0010938,PO-2025-014721,2025-04-08,306.78,E0151
GR0010939,PO-2024-014722,2024-07-10,1072.01,E0149
GR0010940,PO-2024-014723,2024-06-26,3688.03,E0163
GR0010941,PO-2024-014724,2024-12-29,12605.5,E0141
GR0010942,PO-2024-014724,2025-01-09,7693.93,E0152
GR0010943,PO-2024-014725,2024-02-12,1687.58,E0162
GR0010944,PO-2025-014726,2025-05-16,6120.81,E0159
GR0010945,PO-2025-014727,2025-07-03,1067.47,E0157
GR0010946,PO-2024-014728,2024-03-06,10824.83,E0157
GR0010947,PO-2024-014729,2024-02-23,12903.25,E0142
GR0010948,PO-2024-014759,2024-07-07,8942.87,E0147
GR0010949,PO-2025-014760,2025-02-14,54372.37,E0155
GR0010950,PO-2025-014760,2025-02-20,27004.34,E0150
GR0010951,PO-2024-014761,2024-09-22,4060.46,E0147
GR0010952,PO-2025-014762,2025-02-16,14507.26,E0147
GR0010953,PO-2025-014763,2025-06-30,16738.92,E0148
GR0010954,PO-2025-014764,2025-04-15,3535.93,E0145
GR0010955,PO-2025-014765,2025-03-30,4856.59,E0163
GR0010956,PO-2024-014766,2024-12-07,9399.96,E0142
GR0010957,PO-2024-014767,2024-02-26,10431.38,E0146
GR0010958,PO-2024-014768,2024-04-30,1742.35,E0163
GR0010959,PO-2024-014769,2024-12-15,5058.99,E0142
GR0010960,PO-2024-014770,2024-03-20,12784.17,E0144
GR0010961,PO-2024-014771,2024-08-18,8176.94,E0155
GR0010962,PO-2024-014772,2024-09-07,1747.54,E0149
GR0010963,PO-2025-014773,2025-02-15,4441.1,E0163
GR0010964,PO-2024-014774,2024-10-23,5893.5,E0161
GR0010965,PO-2024-014775,2024-05-20,19719.53,E0149
GR0010966,PO-2025-014776,2025-05-01,645.73,E0156
GR0010967,PO-2025-014776,2025-05-11,334.25,E0148
GR0010968,PO-2024-014777,2024-02-18,4008.82,E0145
GR0010969,PO-2024-014778,2024-10-20,2330.83,E0159
GR0010970,PO-2025-014779,2025-05-22,8764.33,E0146
GR0010971,PO-2024-014780,2024-10-06,3301.7,E0146
GR0010972,PO-2024-014781,2024-09-16,6342.28,E0155
GR0010973,PO-2024-014782,2024-06-29,430.94,E0142
GR0010974,PO-2024-014783,2024-06-12,2362.19,E0161
GR0010975,PO-2024-014784,2024-08-24,1479.33,E0147
GR0010976,PO-2024-014784,2024-08-30,1855.34,E0141
GR0010977,PO-2024-014785,2024-11-23,4744.98,E0148
GR0010978,PO-2024-014786,2024-02-05,2300.85,E0163
GR0010979,PO-2024-014786,2024-02-16,3220.52,E0141
GR0010980,PO-2024-014787,2025-01-02,864.7,E0159
GR0010981,PO-2024-014788,2024-01-31,31931.73,E0158
GR0010982,PO-2024-014789,2024-11-17,10868.43,E0162
GR0010983,PO-2025-014790,2025-06-16,1025.24,E0155
GR0010984,PO-2024-014791,2024-11-01,1482.64,E0150
GR0010985,PO-2025-014792,2025-02-22,13605.8,E0142
GR0010986,PO-2024-014793,2024-04-25,7576.28,E0158
GR0010987,PO-2025-014794,2025-05-28,4659.35,E0161
GR0010988,PO-2024-014795,2024-09-09,4208.03,E0147
GR0010989,PO-2024-014796,2024-06-19,9024.8,E0141
GR0010990,PO-2024-014797,2024-11-03,3455.51,E0161
GR0010991,PO-2024-014798,2024-06-07,9102.39,E0161
GR0010992,PO-2024-014799,2024-03-14,14485.32,E0146
GR0010993,PO-2025-014800,2025-03-17,3545.85,E0154
GR0010994,PO-2024-014801,2024-04-25,618.05,E0154
GR0010995,PO-2024-014802,2024-10-10,550.15,E0161
GR0010996,PO-2024-014803,2024-06-26,7019.1,E0148
GR0010997,PO-2024-014804,2024-05-11,5719.69,E0146
GR0010998,PO-2025-014805,2025-03-07,3716.96,E0152
GR0010999,PO-2024-014806,2024-04-19,7563.97,E0163
GR0011000,PO-2024-014807,2024-03-07,46649.72,E0160
GR0011001,PO-2025-014808,2025-06-02,9802.34,E0145
GR0011002,PO-2025-014809,2025-05-23,4536.99,E0156
GR0011003,PO-2024-014810,2024-07-13,1314.2,E0140
GR0011004,PO-2024-014811,2024-09-12,80.46,E0144
GR0011005,PO-2024-014811,2024-09-26,77.04,E0140
GR0011006,PO-2024-014812,2024-09-07,524.7,E0145
GR0011007,PO-2024-014813,2024-03-10,361.65,E0154
GR0011008,PO-2024-014813,2024-03-18,255.19,E0148
GR0011009,PO-2024-014814,2024-01-14,206.3,E0159
GR0011010,PO-2024-014815,2024-05-21,561.17,E0156
GR0011011,PO-2025-014816,2025-06-08,2031.06,E0143
GR0011012,PO-2024-014817,2024-06-09,589.59,E0162
GR0011013,PO-2024-014818,2024-07-26,3485.41,E0155
GR0011014,PO-2024-014819,2024-07-10,897.23,E0140
GR0011015,PO-2025-014820,2025-05-05,2376.51,E0156
GR0011016,PO-2025-014821,2025-03-19,1750.22,E0148
GR0011017,PO-2024-014822,2024-07-09,6676.42,E0148
GR0011018,PO-2025-014823,2025-02-01,9720.01,E0140
GR0011019,PO-2025-014824,2025-06-19,17911.33,E0163
GR0011020,PO-2024-014825,2024-07-30,655.1,E0150
GR0011021,PO-2024-014826,2024-11-29,4532.64,E0147
GR0011022,PO-2025-014827,2025-05-10,740.38,E0148
GR0011023,PO-2024-014828,2024-10-03,8078.12,E0152
GR0011024,PO-2024-014829,2024-04-14,603.57,E0149
GR0011025,PO-2024-014830,2024-04-30,1306.02,E0146
GR0011026,PO-2024-014830,2024-05-15,562.97,E0151
GR0011027,PO-2025-014831,2025-06-25,898.09,E0159
GR0011028,PO-2025-014832,2025-07-21,3988.14,E0147
GR0011029,PO-2025-014833,2025-04-04,35438.88,E0147
GR0011030,PO-2025-014834,2025-04-06,12921.14,E0159
GR0011031,PO-2024-014835,2024-05-26,3775.14,E0161
GR0011032,PO-2025-014836,2025-03-07,464.13,E0140
GR0011033,PO-2024-014837,2024-11-20,3095.6,E0150
GR0011034,PO-2024-014838,2024-03-24,3770.18,E0154
GR0011035,PO-2024-014839,2024-10-06,5605.14,E0142
GR0011036,PO-2025-014840,2025-02-11,20927.04,E0148
GR0011037,PO-2024-014841,2024-02-26,2006.88,E0162
GR0011038,PO-2024-014842,2024-05-10,6735.92,E0153
GR0011039,PO-2025-014843,2025-01-31,1674.88,E0160
GR0011040,PO-2025-014844,2025-05-19,700.85,E0161
GR0011041,PO-2024-014845,2024-07-04,5136.74,E0161
GR0011042,PO-2025-014846,2025-05-22,54149.05,E0153
GR0011043,PO-2024-014847,2024-08-20,2690.98,E0142
GR0011044,PO-2024-014847,2024-08-30,1300.16,E0145
GR0011045,PO-2025-014848,2025-03-11,1024.78,E0143
GR0011046,PO-2024-014849,2024-05-16,2052.18,E0142
GR0011047,PO-2024-014850,2024-11-19,13039.48,E0159
GR0011048,PO-2024-014851,2024-02-12,13356.79,E0147
GR0011049,PO-2024-014852,2024-05-19,2410.12,E0162
GR0011050,PO-2024-014853,2024-08-18,1166.57,E0146
GR0011051,PO-2025-014854,2025-05-15,1723.1,E0143
GR0011052,PO-2025-014855,2025-07-09,3432.16,E0147
GR0011053,PO-2024-014856,2024-06-05,2046.71,E0162
GR0011054,PO-2024-014857,2024-10-18,12152.43,E0162
GR0011055,PO-2024-014858,2024-11-17,3310.96,E0161
GR0011056,PO-2024-014858,2024-11-29,3983.94,E0156
GR0011057,PO-2024-014859,2024-04-01,17081.87,E0163
GR0011058,PO-2024-014860,2024-07-16,2550.62,E0149
GR0011059,PO-2024-014861,2024-06-23,8487.95,E0142
GR0011060,PO-2024-014862,2024-03-27,1345.78,E0145
GR0011061,PO-2024-014863,2024-11-06,48411.29,E0153
GR0011062,PO-2025-014864,2025-02-04,2620.09,E0149
GR0011063,PO-2024-014865,2024-05-31,7100.64,E0151
GR0011064,PO-2024-014866,2024-08-21,20047.13,E0153
GR0011065,PO-2024-014867,2024-05-06,449.81,E0157
GR0011066,PO-2024-014868,2024-12-22,9885.34,E0154
GR0011067,PO-2024-014868,2025-01-01,4842.35,E0145
GR0011068,PO-2025-014869,2025-01-28,1612.17,E0154
GR0011069,PO-2025-014869,2025-02-06,1186.75,E0155
GR0011070,PO-2025-014870,2025-03-07,10426.04,E0146
GR0011071,PO-2024-014871,2025-01-10,1098.21,E0155
GR0011072,PO-2024-014872,2024-04-02,3072.71,E0161
GR0011073,PO-2024-014873,2024-04-20,17667.29,E0141
GR0011074,PO-2024-014874,2024-03-10,1683.9,E0154
GR0011075,PO-2024-014875,2024-08-28,9478.41,E0144
GR0011076,PO-2024-014876,2024-11-09,19568.96,E0162
GR0011077,PO-2025-014877,2025-02-12,4266.03,E0142
GR0011078,PO-2024-014878,2025-01-09,1733.53,E0144
GR0011079,PO-2024-014879,2024-02-01,7816.9,E0163
GR0011080,PO-2025-014880,2025-05-10,5841.16,E0152
GR0011081,PO-2024-014881,2024-09-23,2516.59,E0147
GR0011082,PO-2024-014881,2024-10-09,2356.32,E0143
GR0011083,PO-2024-014882,2024-03-08,2456.88,E0159
GR0011084,PO-2024-014882,2024-03-18,2836.54,E0152
GR0011085,PO-2025-014883,2025-04-26,28766.14,E0149
GR0011086,PO-2024-014884,2024-06-18,780.81,E0157
GR0011087,PO-2025-014885,2025-06-10,315.91,E0147
GR0011088,PO-2025-014886,2025-04-25,5843.24,E0154
GR0011089,PO-2025-014887,2025-06-26,4870.51,E0145
GR0011090,PO-2024-014888,2024-03-18,3456.71,E0156
GR0011091,PO-2025-014889,2025-06-03,1556.21,E0143
GR0011092,PO-2024-014890,2024-06-19,33054.4,E0140
GR0011093,PO-2025-014891,2025-03-17,1758.58,E0158
GR0011094,PO-2024-014892,2024-10-13,3792.3,E0140
GR0011095,PO-2024-014893,2024-01-05,5341.62,E0158
GR0011096,PO-2024-014894,2024-04-05,1566.11,E0141
GR0011097,PO-2024-014894,2024-04-13,1258.54,E0150
GR0011098,PO-2024-014895,2024-01-20,754.69,E0140
GR0011099,PO-2024-014896,2024-08-31,3700.64,E0149
GR0011100,PO-2025-014897,2025-03-28,1610.64,E0150
GR0011101,PO-2024-014898,2024-03-02,22434.07,E0158
GR0011102,PO-2024-014898,2024-03-15,10489.54,E0158
GR0011103,PO-2024-014899,2024-05-11,5875.41,E0158
GR0011104,PO-2025-014900,2025-01-14,1903.69,E0154
GR0011105,PO-2024-014901,2024-11-15,6816.19,E0147
GR0011106,PO-2024-014902,2024-11-02,27688.83,E0163
GR0011107,PO-2024-014903,2024-05-15,8888.35,E0144
GR0011108,PO-2024-014903,2024-05-24,8670.52,E0150
GR0011109,PO-2024-014904,2024-12-19,2457.96,E0161
GR0011110,PO-2024-014905,2025-01-07,3796.89,E0145
GR0011111,PO-2024-014905,2025-01-20,2604.29,E0162
GR0011112,PO-2024-014906,2024-12-28,5677.91,E0158
GR0011113,PO-2025-014907,2025-03-31,2351.55,E0143
GR0011114,PO-2025-014907,2025-04-08,1194.43,E0161
GR0011115,PO-2024-014908,2024-11-11,2867.69,E0157
GR0011116,PO-2025-014909,2025-01-30,7218.37,E0161
GR0011117,PO-2025-014910,2025-02-21,21964.1,E0163
GR0011118,PO-2024-014911,2024-05-10,8077.89,E0144
GR0011119,PO-2024-014912,2024-03-15,15621.18,E0141
GR0011120,PO-2024-014913,2024-07-07,3984.77,E0159
GR0011121,PO-2024-014914,2024-09-20,3921.07,E0148
GR0011122,PO-2025-014915,2025-03-16,4408.07,E0149
GR0011123,PO-2024-014916,2024-02-23,1533.7,E0161
GR0011124,PO-2024-014916,2024-03-07,1142.2,E0158
GR0011125,PO-2025-014917,2025-03-26,7745.53,E0162
GR0011126,PO-2025-014918,2025-06-22,10550.09,E0157
GR0011127,PO-2024-014919,2024-08-22,16898.35,E0140
GR0011128,PO-2024-014920,2024-02-09,8356.6,E0147
GR0011129,PO-2024-014921,2024-08-20,6876.14,E0152
GR0011130,PO-2024-014922,2024-01-31,14549.53,E0154
GR0011131,PO-2024-014923,2024-05-03,4269.92,E0142
GR0011132,PO-2024-014924,2024-06-12,12145.97,E0161
GR0011133,PO-2025-014925,2025-04-19,37102.63,E0161
GR0011134,PO-2025-014926,2025-06-27,9942.25,E0151
GR0011135,PO-2025-014927,2025-03-06,3409.44,E0162
GR0011136,PO-2024-014928,2024-03-08,9855.66,E0156
GR0011137,PO-2024-014929,2024-12-29,15882.38,E0162
GR0011138,PO-2024-014930,2024-06-18,4416.88,E0145
GR0011139,PO-2024-014931,2024-02-27,1881.88,E0151
GR0011140,PO-2024-014932,2024-02-23,8100.7,E0162
GR0011141,PO-2025-014933,2025-03-19,2329.04,E0144
GR0011142,PO-2024-014934,2024-08-20,2513.94,E0152
GR0011143,PO-2025-014935,2025-06-04,4764.37,E0146
GR0011144,PO-2024-014936,2024-10-23,262.42,E0150
GR0011145,PO-2024-014937,2024-12-03,3261.59,E0162
GR0011146,PO-2025-014938,2025-06-29,616.99,E0162
GR0011147,PO-2024-014939,2024-07-24,650.99,E0145
GR0011148,PO-2025-014940,2025-06-25,5677.78,E0162
GR0011149,PO-2025-014940,2025-07-08,4521.89,E0143
GR0011150,PO-2024-014941,2024-10-02,5256.65,E0153
GR0011151,PO-2025-014942,2025-02-05,4753.5,E0162
GR0011152,PO-2024-014943,2024-06-12,1549.32,E0158
GR0011153,PO-2024-014943,2024-06-19,1722.33,E0146
GR0011154,PO-2024-014944,2024-03-24,2404.99,E0151
GR0011155,PO-2024-014945,2024-03-26,10939.73,E0149
GR0011156,PO-2024-014946,2024-07-15,5589.92,E0142
GR0011157,PO-2025-014947,2025-03-28,32239.12,E0161
GR0011158,PO-2024-014948,2024-09-20,2765.03,E0163
GR0011159,PO-2024-014949,2024-11-18,3776.57,E0146
GR0011160,PO-2024-014950,2024-09-05,48633.28,E0151
GR0011161,PO-2024-014951,2024-05-11,3036.84,E0145
GR0011162,PO-2024-014952,2024-11-05,1326.52,E0142
GR0011163,PO-2025-014953,2025-04-04,5210.62,E0141
GR0011164,PO-2024-014954,2024-09-22,674.8,E0163
GR0011165,PO-2024-014954,2024-09-27,812.61,E0155
GR0011166,PO-2024-014955,2024-07-06,9099.36,E0151
GR0011167,PO-2024-014956,2024-03-31,2130.44,E0146
GR0011168,PO-2025-014957,2025-01-28,6826.19,E0157
GR0011169,PO-2024-014958,2024-02-29,13492.62,E0151
GR0011170,PO-2025-014959,2025-01-28,2298.98,E0160
GR0011171,PO-2024-014960,2024-06-18,21159.66,E0155
GR0011172,PO-2024-014961,2024-04-05,5114.03,E0145
GR0011173,PO-2025-014962,2025-02-06,4082.22,E0162
GR0011174,PO-2024-014963,2024-05-26,27873.14,E0151
GR0011175,PO-2024-014963,2024-06-05,13337.09,E0141
GR0011176,PO-2024-014964,2024-04-02,3337.05,E0153
GR0011177,PO-2024-014965,2024-01-16,9073.12,E0152
GR0011178,PO-2024-014966,2024-08-09,3080.66,E0155
GR0011179,PO-2024-014967,2024-05-11,6161.21,E0157
GR0011180,PO-2024-014968,2024-07-12,209.88,E0145
GR0011181,PO-2025-014969,2025-02-20,5058.75,E0157
GR0011182,PO-2024-014970,2024-02-04,41784.04,E0163
GR0011183,PO-2025-014971,2025-04-08,9775.26,E0159
GR0011184,PO-2024-014972,2024-10-20,6354.36,E0148
GR0011185,PO-2024-014972,2024-11-03,3786.16,E0141
GR0011186,PO-2025-014973,2025-04-14,644.99,E0156
GR0011187,PO-2025-014974,2025-05-13,1736.5,E0145
GR0011188,PO-2024-014975,2025-01-08,5676.38,E0142
GR0011189,PO-2024-014976,2024-01-13,4586.68,E0143
GR0011190,PO-2025-014977,2025-05-14,2177.93,E0162
GR0011191,PO-2025-014978,2025-06-29,2223.41,E0162
GR0011192,PO-2024-014979,2024-12-27,19540.89,E0147
GR0011193,PO-2025-014980,2025-01-28,29558.72,E0152
GR0011194,PO-2025-014981,2025-02-05,11477.47,E0161
GR0011195,PO-2024-014982,2024-05-25,7256.19,E0163
GR0011196,PO-2024-014983,2024-03-12,6780.74,E0151
GR0011197,PO-2024-014984,2024-05-01,244.17,E0161
GR0011198,PO-2024-014984,2024-05-10,334.3,E0141
GR0011199,PO-2024-014985,2024-11-28,4606.71,E0152
GR0011200,PO-2024-014986,2024-10-30,1670.62,E0140
GR0011201,PO-2025-014987,2025-04-26,5125.12,E0145
GR0011202,PO-2024-014988,2024-08-28,4978.17,E0148
GR0011203,PO-2024-014989,2024-04-22,3167.19,E0154
GR0011204,PO-2024-014990,2024-04-23,823.59,E0150
GR0011205,PO-2024-014991,2024-10-02,7689.71,E0146
GR0011206,PO-2025-014992,2025-05-09,14447.41,E0156
GR0011207,PO-2024-014993,2024-07-18,1988.89,E0153
GR0011208,PO-2024-014994,2024-01-18,896.93,E0151
GR0011209,PO-2024-014995,2024-12-28,7848.88,E0157
GR0011210,PO-2024-014996,2024-02-24,1782.22,E0146
GR0011211,PO-2025-014997,2025-02-14,766.15,E0151
GR0011212,PO-2024-014998,2024-04-22,8269.93,E0152
GR0011213,PO-2024-014999,2024-11-28,5032.33,E0145
GR0011214,PO-2024-015000,2024-11-12,17466.66,E0148
GR0011215,PO-2025-015001,2025-07-20,20803.06,E0141
GR0011216,PO-2025-015002,2025-01-27,537.13,E0159
GR0011217,PO-2024-015003,2024-03-26,6269.06,E0163
GR0011218,PO-2024-015004,2024-05-23,7683.54,E0163
GR0011219,PO-2024-015005,2024-12-24,7094.07,E0144
GR0011220,PO-2024-015006,2024-10-27,6923.83,E0162
GR0011221,PO-2024-015007,2024-08-19,8970.08,E0152
GR0011222,PO-2025-015008,2025-06-20,5756.84,E0154
GR0011223,PO-2025-015009,2025-05-31,3264.73,E0145
GR0011224,PO-2024-015010,2024-11-10,5697.29,E0142
GR0011225,PO-2024-015011,2024-04-20,5345.15,E0143
GR0011226,PO-2025-015012,2025-02-25,1692.65,E0140
GR0011227,PO-2024-015013,2024-08-02,2474.05,E0152
GR0011228,PO-2024-015014,2024-03-02,7460.27,E0143
GR0011229,PO-2025-015015,2025-05-11,12213.15,E0150
GR0011230,PO-2024-015016,2024-07-13,5449.32,E0159
GR0011231,PO-2024-015017,2024-02-21,558.93,E0141
GR0011232,PO-2024-015018,2024-06-29,2870.5,E0161
GR0011233,PO-2024-015019,2024-07-14,4555.13,E0145
GR0011234,PO-2025-015020,2025-04-30,2597.06,E0143
GR0011235,PO-2024-015021,2024-03-11,2619.6,E0144
GR0011236,PO-2025-015022,2025-06-14,893.29,E0154
GR0011237,PO-2024-015023,2024-11-28,6217.89,E0143
GR0011238,PO-2025-015024,2025-06-03,2316.98,E0148
GR0011239,PO-2024-015025,2024-12-23,6582.75,E0158
GR0011240,PO-2024-015026,2024-11-13,6101.71,E0163
GR0011241,PO-2024-015027,2024-06-19,2208.2,E0150
GR0011242,PO-2024-015028,2024-09-30,2373.05,E0149
GR0011243,PO-2024-015029,2024-11-25,4931.47,E0158
GR0011244,PO-2024-015030,2024-07-26,1858.83,E0144
GR0011245,PO-2025-015031,2025-05-03,17800.72,E0155
GR0011246,PO-2024-015032,2024-10-03,1740.04,E0150
GR0011247,PO-2024-015032,2024-10-16,779.27,E0146
GR0011248,PO-2024-015033,2024-03-01,15236.08,E0144
GR0011249,PO-2024-015034,2024-01-19,3443.74,E0150
GR0011250,PO-2024-015035,2024-06-26,255.42,E0154
GR0011251,PO-2024-015036,2024-12-01,3940.54,E0151
GR0011252,PO-2024-015037,2024-02-14,23055.59,E0152
GR0011253,PO-2024-015038,2025-01-01,674.35,E0145
GR0011254,PO-2024-015038,2025-01-10,755.28,E0143
GR0011255,PO-2024-015039,2024-05-25,17138.52,E0143
GR0011256,PO-2024-015040,2024-09-25,2978.56,E0157
GR0011257,PO-2024-015041,2024-02-15,14159.94,E0146
GR0011258,PO-2025-015042,2025-02-03,5805.54,E0157
GR0011259,PO-2025-015043,2025-06-30,3520.04,E0144
GR0011260,PO-2025-015043,2025-07-15,2307.38,E0157
GR0011261,PO-2024-015044,2024-11-13,11905.29,E0156
GR0011262,PO-2025-015045,2025-06-14,6819.38,E0146
GR0011263,PO-2024-015046,2024-11-27,3645.41,E0143
GR0011264,PO-2024-015047,2024-07-20,2555.73,E0161
GR0011265,PO-2025-015048,2025-03-24,1251.24,E0148
GR0011266,PO-2025-015048,2025-03-30,668.5,E0157
GR0011267,PO-2024-015049,2024-04-23,6292.86,E0161
GR0011268,PO-2025-015050,2025-06-02,2235.99,E0140
GR0011269,PO-2025-015050,2025-06-14,978.4,E0163
GR0011270,PO-2024-015051,2024-04-14,1146.64,E0151
GR0011271,PO-2024-015051,2024-04-27,818.04,E0141
GR0011272,PO-2024-015052,2024-04-18,24050.17,E0158
GR0011273,PO-2025-015053,2025-03-03,2622.24,E0158
GR0011274,PO-2024-015054,2024-08-03,421.04,E0140
GR0011275,PO-2024-015055,2024-09-16,8880.4,E0145
GR0011276,PO-2025-015056,2025-04-09,24909.51,E0152
GR0011277,PO-2024-015057,2024-10-28,16994.62,E0147
GR0011278,PO-2024-015058,2024-06-18,3474.47,E0162
GR0011279,PO-2024-015059,2024-03-22,3091.87,E0152
GR0011280,PO-2024-015059,2024-04-05,4305.61,E0149
GR0011281,PO-2024-015060,2024-09-13,22571.43,E0159
GR0011282,PO-2024-015061,2024-04-13,18195.3,E0155
GR0011283,PO-2025-015062,2025-05-19,8226.39,E0142
GR0011284,PO-2025-015063,2025-02-16,1652.84,E0155
GR0011285,PO-2024-015064,2024-07-21,13889.33,E0143
GR0011286,PO-2024-015065,2024-02-02,24825.62,E0157
GR0011287,PO-2024-015066,2024-12-27,24097.9,E0163
GR0011288,PO-2024-015067,2024-10-06,11986.91,E0156
GR0011289,PO-2024-015068,2024-09-08,14937.65,E0161
GR0011290,PO-2024-015069,2024-10-29,12441.84,E0153
GR0011291,PO-2025-015070,2025-04-09,12191.82,E0146
GR0011292,PO-2024-015071,2024-01-14,2122.87,E0161
GR0011293,PO-2024-015072,2024-11-21,20424.07,E0150
GR0011294,PO-2025-015073,2025-02-17,4238.88,E0153
GR0011295,PO-2025-015074,2025-04-13,12994.95,E0146
GR0011296,PO-2024-015075,2024-03-01,4439.9,E0150
GR0011297,PO-2024-015076,2024-03-22,2621.57,E0163
GR0011298,PO-2024-015076,2024-04-02,2905.44,E0146
GR0011299,PO-2024-015077,2024-05-30,1753.42,E0148
GR0011300,PO-2024-015078,2024-07-25,5471.27,E0156
GR0011301,PO-2024-015079,2025-01-05,2709.28,E0160
GR0011302,PO-2025-015080,2025-03-21,6931.07,E0151
GR0011303,PO-2024-015081,2024-01-25,2060.32,E0158
GR0011304,PO-2024-015082,2024-03-08,7308.39,E0152
GR0011305,PO-2025-015083,2025-05-15,1183.69,E0163
GR0011306,PO-2024-015084,2024-08-25,2913.37,E0146
GR0011307,PO-2024-015085,2024-02-26,13296.33,E0141
GR0011308,PO-2024-015086,2024-06-17,957.17,E0160
GR0011309,PO-2024-015087,2024-10-28,8348.84,E0152
GR0011310,PO-2025-015088,2025-05-28,3110.13,E0163
GR0011311,PO-2024-015089,2024-12-31,3186.59,E0151
GR0011312,PO-2024-015089,2025-01-05,2139.22,E0157
GR0011313,PO-2025-015090,2025-03-30,15444.29,E0140
GR0011314,PO-2024-015091,2024-08-30,5330.44,E0156
GR0011315,PO-2024-015092,2024-06-23,5683.57,E0161
GR0011316,PO-2025-015093,2025-06-07,189.11,E0160
GR0011317,PO-2025-015094,2025-02-13,5226.92,E0161
GR0011318,PO-2024-015095,2024-11-09,4445.79,E0144
GR0011319,PO-2024-015096,2024-04-16,9396.11,E0152
GR0011320,PO-2024-015097,2024-09-30,14309.56,E0161
GR0011321,PO-2024-015098,2024-10-12,5851.45,E0159
GR0011322,PO-2024-015099,2024-11-09,464.03,E0160
GR0011323,PO-2024-015099,2024-11-23,511.14,E0156
GR0011324,PO-2024-015100,2024-04-29,5782.55,E0162
GR0011325,PO-2024-015101,2024-06-20,26997.71,E0162
GR0011326,PO-2025-015102,2025-05-19,21517.03,E0163
GR0011327,PO-2024-015103,2024-08-24,2690.22,E0141
GR0011328,PO-2025-015104,2025-01-28,12254.85,E0159
GR0011329,PO-2024-015105,2024-02-20,8672.17,E0149
GR0011330,PO-2024-015105,2024-03-04,3804.0,E0162
GR0011331,PO-2025-015106,2025-02-24,1791.02,E0146
GR0011332,PO-2024-015107,2024-02-15,3152.23,E0141
GR0011333,PO-2024-015107,2024-03-06,4258.11,E0140
GR0011334,PO-2025-015108,2025-06-01,5370.18,E0161
GR0011335,PO-2024-015109,2024-10-31,844.24,E0145
GR0011336,PO-2024-015110,2024-05-10,3481.89,E0144
GR0011337,PO-2025-015111,2025-02-22,1772.12,E0140
GR0011338,PO-2024-015112,2024-04-20,6698.67,E0142
GR0011339,PO-2025-015113,2025-05-04,989.4,E0145
GR0011340,PO-2025-015114,2025-02-22,4892.52,E0157
GR0011341,PO-2024-015115,2024-07-28,1939.1,E0145
GR0011342,PO-2025-015116,2025-01-27,5097.52,E0143
GR0011343,PO-2025-015117,2025-03-23,1662.24,E0156
GR0011344,PO-2024-015118,2024-10-02,4420.56,E0154
GR0011345,PO-2024-015119,2024-05-09,1419.72,E0150
GR0011346,PO-2024-015120,2024-03-18,1231.18,E0160
GR0011347,PO-2024-015121,2024-06-21,9066.05,E0162
GR0011348,PO-2024-015122,2024-02-12,19934.32,E0161
GR0011349,PO-2024-015123,2024-03-20,923.63,E0146
GR0011350,PO-2024-015124,2024-10-18,2334.01,E0147
GR0011351,PO-2025-015125,2025-06-02,2338.73,E0162
GR0011352,PO-2024-015126,2024-06-10,9426.27,E0148
GR0011353,PO-2025-015127,2025-05-12,2337.99,E0140
GR0011354,PO-2024-015128,2024-08-12,888.35,E0148
GR0011355,PO-2025-015129,2025-01-24,3853.49,E0151
GR0011356,PO-2025-015130,2025-03-26,21718.91,E0149
GR0011357,PO-2024-015131,2024-01-09,8695.82,E0150
GR0011358,PO-2024-015132,2025-01-14,3828.07,E0146
GR0011359,PO-2024-015133,2024-09-07,10604.84,E0162
GR0011360,PO-2024-015134,2024-11-30,2744.43,E0140
GR0011361,PO-2024-015135,2024-03-23,2347.66,E0160
GR0011362,PO-2024-015136,2024-01-11,3003.66,E0149
GR0011363,PO-2025-015137,2025-02-26,4326.61,E0160
GR0011364,PO-2025-015138,2025-01-13,9132.94,E0146
GR0011365,PO-2024-015139,2024-05-01,4505.65,E0163
GR0011366,PO-2024-015140,2024-08-25,1781.92,E0148
GR0011367,PO-2024-015141,2024-10-04,3945.93,E0159
GR0011368,PO-2025-015142,2025-06-23,12380.03,E0144
GR0011369,PO-2024-015143,2024-01-17,1898.5,E0160
GR0011370,PO-2025-015144,2025-03-02,2837.37,E0154
GR0011371,PO-2024-015145,2024-03-28,4558.3,E0159
GR0011372,PO-2025-015146,2025-02-11,2614.7,E0154
GR0011373,PO-2025-015147,2025-05-28,1263.98,E0143
GR0011374,PO-2024-015148,2024-03-29,3794.92,E0148
GR0011375,PO-2024-015148,2024-04-10,3045.12,E0163
GR0011376,PO-2024-015149,2025-01-08,6740.79,E0148
GR0011377,PO-2024-015149,2025-01-18,5317.65,E0156
GR0011378,PO-2025-015150,2025-06-23,6731.63,E0155
GR0011379,PO-2025-015151,2025-04-20,4779.35,E0141
GR0011380,PO-2024-015152,2024-02-07,26842.54,E0158
GR0011381,PO-2024-015153,2024-08-31,4792.28,E0154
GR0011382,PO-2024-015154,2024-12-07,14749.88,E0150
GR0011383,PO-2024-015155,2024-04-17,4105.3,E0148
GR0011384,PO-2024-015156,2024-02-08,5712.58,E0157
GR0011385,PO-2025-015157,2025-06-23,14908.62,E0145
GR0011386,PO-2025-015158,2025-03-30,6916.77,E0145
GR0011387,PO-2025-015159,2025-04-13,5126.87,E0158
GR0011388,PO-2024-015160,2024-02-11,4834.74,E0149
GR0011389,PO-2024-015161,2024-03-21,24959.78,E0144
GR0011390,PO-2024-015162,2024-12-18,10777.59,E0148
GR0011391,PO-2024-015162,2024-12-23,9020.1,E0147
GR0011392,PO-2024-015163,2024-10-21,245.0,E0163
GR0011393,PO-2024-015164,2024-02-15,40896.83,E0158
GR0011394,PO-2024-015165,2024-12-09,2253.32,E0147
GR0011395,PO-2024-015166,2024-04-26,5839.2,E0163
GR0011396,PO-2025-015167,2025-01-13,13610.89,E0153
GR0011397,PO-2025-015168,2025-05-28,2961.87,E0147
GR0011398,PO-2025-015168,2025-06-07,1313.0,E0151
GR0011399,PO-2024-015169,2024-12-01,16344.1,E0156
GR0011400,PO-2024-015169,2024-12-10,20045.76,E0141
GR0011401,PO-2024-015170,2024-05-23,3008.47,E0155
GR0011402,PO-2024-015170,2024-06-01,2985.64,E0161
GR0011403,PO-2024-015171,2024-12-20,3934.16,E0151
GR0011404,PO-2024-015171,2025-01-02,5320.64,E0158
GR0011405,PO-2024-015172,2024-01-17,6109.53,E0162
GR0011406,PO-2024-015173,2025-01-05,1800.26,E0163
GR0011407,PO-2024-015174,2024-03-15,2236.5,E0153
GR0011408,PO-2024-015175,2024-04-08,6424.71,E0163
GR0011409,PO-2025-015176,2025-05-31,4583.2,E0163
GR0011410,PO-2024-015177,2024-10-01,4636.38,E0157
GR0011411,PO-2024-015178,2024-09-17,2481.84,E0141
GR0011412,PO-2024-015179,2024-05-10,5136.44,E0162
GR0011413,PO-2024-015179,2024-05-24,3065.63,E0144
GR0011414,PO-2024-015180,2024-10-13,9358.2,E0141
GR0011415,PO-2024-015181,2024-08-18,2274.19,E0154
GR0011416,PO-2024-015182,2024-11-10,28238.47,E0140
GR0011417,PO-2024-015183,2024-01-26,19048.07,E0155
GR0011418,PO-2025-015184,2025-04-09,1890.93,E0148
GR0011419,PO-2024-015185,2024-09-26,4528.44,E0140
GR0011420,PO-2024-015186,2024-01-14,5043.49,E0153
GR0011421,PO-2025-015187,2025-04-24,6774.05,E0153
GR0011422,PO-2024-015188,2024-01-16,6894.62,E0140
GR0011423,PO-2024-015189,2024-07-31,2117.68,E0140
GR0011424,PO-2025-015190,2025-05-22,2441.89,E0161
GR0011425,PO-2024-015191,2024-11-12,2570.26,E0144
GR0011426,PO-2024-015192,2024-12-29,3506.59,E0162
GR0011427,PO-2025-015193,2025-01-24,17101.71,E0156
GR0011428,PO-2024-015194,2024-04-16,10477.24,E0140
GR0011429,PO-2025-015195,2025-06-07,15246.75,E0151
GR0011430,PO-2024-015196,2024-10-29,2672.98,E0151
GR0011431,PO-2025-015197,2025-04-24,18759.84,E0161
GR0011432,PO-2025-015198,2025-04-13,1047.2,E0144
GR0011433,PO-2025-015198,2025-04-23,1353.07,E0141
GR0011434,PO-2024-015199,2024-07-16,6421.43,E0145
GR0011435,PO-2024-015200,2024-02-04,3950.09,E0158
GR0011436,PO-2025-015201,2025-05-28,8438.78,E0163
GR0011437,PO-2025-015202,2025-02-17,2349.1,E0158
GR0011438,PO-2024-015203,2024-07-15,15746.52,E0147
GR0011439,PO-2024-015204,2024-09-19,1184.0,E0163
GR0011440,PO-2024-015205,2024-07-01,3637.5,E0149
GR0011441,PO-2025-015206,2025-04-10,1071.07,E0142
GR0011442,PO-2025-015207,2025-04-11,3764.85,E0146
GR0011443,PO-2025-015208,2025-02-26,2817.56,E0159
GR0011444,PO-2025-015209,2025-06-12,6620.58,E0154
GR0011445,PO-2024-015210,2024-03-08,10893.51,E0157
GR0011446,PO-2025-015211,2025-03-18,2972.02,E0144
GR0011447,PO-2024-015212,2024-10-20,5750.58,E0145
GR0011448,PO-2024-015212,2024-11-03,2919.72,E0143
GR0011449,PO-2024-015213,2024-08-05,2905.76,E0152
GR0011450,PO-2025-015214,2025-06-11,5195.43,E0152
GR0011451,PO-2025-015215,2025-06-24,4843.45,E0148
GR0011452,PO-2025-015215,2025-07-08,3304.61,E0148
GR0011453,PO-2024-015216,2024-08-26,1778.07,E0148
GR0011454,PO-2024-015217,2024-10-22,1180.1,E0147
GR0011455,PO-2025-015218,2025-03-29,2530.81,E0148
GR0011456,PO-2025-015219,2025-06-02,3530.12,E0154
GR0011457,PO-2025-015220,2025-01-25,982.69,E0158
GR0011458,PO-2025-015221,2025-02-17,3206.08,E0151
GR0011459,PO-2024-015222,2024-09-17,9347.15,E0140
GR0011460,PO-2024-015223,2024-03-06,1703.85,E0161
GR0011461,PO-2025-015224,2025-06-12,3002.39,E0152
GR0011462,PO-2025-015225,2025-01-16,2627.13,E0163
GR0011463,PO-2025-015225,2025-01-30,3400.07,E0160
GR0011464,PO-2024-015226,2024-10-20,23368.02,E0142
GR0011465,PO-2024-015227,2024-05-17,1408.48,E0156
GR0011466,PO-2024-015227,2024-05-31,1089.71,E0142
GR0011467,PO-2024-015228,2024-09-22,3608.38,E0152
GR0011468,PO-2024-015228,2024-10-05,4409.84,E0157
GR0011469,PO-2024-015229,2024-08-23,2815.86,E0153
GR0011470,PO-2025-015230,2025-05-11,752.22,E0151
GR0011471,PO-2025-015231,2025-05-05,558.03,E0142
GR0011472,PO-2025-015232,2025-06-29,8210.31,E0155
GR0011473,PO-2024-015233,2024-02-01,5871.17,E0147
GR0011474,PO-2024-015234,2024-04-10,40142.74,E0142
GR0011475,PO-2024-015235,2024-08-09,16006.68,E0140
GR0011476,PO-2024-015236,2024-06-01,25629.7,E0162
GR0011477,PO-2024-015236,2024-06-18,12827.28,E0140
GR0011478,PO-2025-015237,2025-03-04,3230.95,E0160
GR0011479,PO-2024-015238,2024-04-19,43719.43,E0160
GR0011480,PO-2025-015239,2025-03-16,3756.26,E0152
GR0011481,PO-2025-015240,2025-03-01,80957.04,E0142
GR0011482,PO-2024-015241,2024-05-05,9662.54,E0144
GR0011483,PO-2024-015242,2024-04-23,32548.46,E0153
GR0011484,PO-2024-015243,2024-05-25,28830.9,E0159
GR0011485,PO-2024-015244,2024-12-07,7503.87,E0143
GR0011486,PO-2024-015245,2024-09-19,21918.89,E0151
GR0011487,PO-2025-015246,2025-02-13,18902.9,E0145
GR0011488,PO-2024-015247,2024-09-01,15012.24,E0156
GR0011489,PO-2024-015248,2024-06-27,8632.22,E0148
GR0011490,PO-2024-015249,2024-01-21,3287.64,E0154
GR0011491,PO-2025-015250,2025-06-13,3927.84,E0146
GR0011492,PO-2025-015251,2025-06-12,716.17,E0144
GR0011493,PO-2024-015252,2024-07-03,1937.9,E0163
GR0011494,PO-2024-015253,2024-10-08,2283.75,E0140
GR0011495,PO-2024-015254,2024-02-29,4144.49,E0148
GR0011496,PO-2024-015255,2024-03-02,592.01,E0147
GR0011497,PO-2025-015256,2025-03-31,297.92,E0157
GR0011498,PO-2024-015257,2024-12-25,6247.27,E0161
GR0011499,PO-2024-015258,2024-10-20,280.91,E0147
GR0011500,PO-2024-015259,2024-08-09,1953.21,E0144
GR0011501,PO-2025-015260,2025-05-24,24096.3,E0155
GR0011502,PO-2025-015261,2025-06-27,5282.88,E0160
GR0011503,PO-2025-015262,2025-01-12,3755.42,E0163
GR0011504,PO-2024-015263,2024-12-11,13426.15,E0147
GR0011505,PO-2024-015264,2024-10-13,268.56,E0143
GR0011506,PO-2024-015264,2024-10-29,311.12,E0163
GR0011507,PO-2024-015265,2024-09-01,4909.26,E0158
GR0011508,PO-2024-015266,2024-08-24,540.5,E0144
GR0011509,PO-2024-015267,2024-07-06,1153.32,E0156
GR0011510,PO-2025-015268,2025-03-22,1412.25,E0143
GR0011511,PO-2024-015269,2024-11-02,1424.3,E0162
GR0011512,PO-2024-015270,2024-12-08,925.51,E0163
GR0011513,PO-2024-015271,2024-01-29,437.83,E0160
GR0011514,PO-2024-015272,2024-05-30,377.87,E0157
GR0011515,PO-2025-015273,2025-03-11,612.3,E0143
GR0011516,PO-2025-015274,2025-05-13,428.41,E0160
GR0011517,PO-2025-015274,2025-05-25,225.77,E0148
GR0011518,PO-2025-015275,2025-01-23,1435.3,E0152
GR0011519,PO-2024-015276,2024-08-09,4589.11,E0155
GR0011520,PO-2024-015277,2024-07-10,437.52,E0145
GR0011521,PO-2025-015278,2025-04-08,546.71,E0158
GR0011522,PO-2024-015295,2025-01-03,1501.33,E0148
GR0011523,PO-2025-015296,2025-03-09,280.26,E0154
GR0011524,PO-2024-015297,2024-09-27,751.7,E0141
GR0011525,PO-2024-015298,2024-03-20,228.88,E0153
GR0011526,PO-2025-015299,2025-03-07,592.84,E0149
GR0011527,PO-2024-015300,2024-10-02,1126.25,E0151
GR0011528,PO-2025-015301,2025-03-13,3855.09,E0155
GR0011529,PO-2025-015302,2025-06-01,15218.4,E0151
GR0011530,PO-2024-015303,2024-10-03,671.96,E0153
GR0011531,PO-2024-015304,2024-10-10,781.62,E0144
GR0011532,PO-2024-015305,2024-10-07,758.46,E0158
GR0011533,PO-2024-015306,2024-12-10,1603.46,E0154
GR0011534,PO-2025-015307,2025-05-16,949.15,E0140
GR0011535,PO-2025-015307,2025-05-24,584.53,E0147
GR0011536,PO-2024-015308,2024-01-28,1189.47,E0141
GR0011537,PO-2024-015309,2024-03-25,716.99,E0151
GR0011538,PO-2024-015310,2024-11-08,305.91,E0140
GR0011539,PO-2024-015343,2024-10-03,1403.93,E0162
GR0011540,PO-2024-015344,2024-04-25,2058.06,E0148
GR0011541,PO-2025-015345,2025-03-26,1553.4,E0141
GR0011542,PO-2024-015346,2024-06-23,4094.95,E0144
GR0011543,PO-2024-015347,2024-05-08,436.35,E0140
GR0011544,PO-2024-015348,2024-09-30,291.46,E0144
GR0011545,PO-2024-015349,2024-12-29,5732.59,E0151
GR0011546,PO-2025-015350,2025-03-21,1278.51,E0161
GR0011547,PO-2024-015351,2024-06-21,118.79,E0141
GR0011548,PO-2024-015352,2024-10-21,2243.71,E0154
GR0011549,PO-2024-015353,2024-11-16,248.51,E0146
GR0011550,PO-2024-015354,2024-03-27,2281.81,E0146
GR0011551,PO-2024-015355,2024-05-11,386.94,E0162
GR0011552,PO-2024-015356,2024-03-23,7078.32,E0143
GR0011553,PO-2024-015357,2024-10-22,726.19,E0150
GR0011554,PO-2024-015358,2024-06-12,897.65,E0151
GR0011555,PO-2024-015358,2024-06-21,488.07,E0160
GR0011556,PO-2025-015359,2025-02-05,812.12,E0148
GR0011557,PO-2025-015360,2025-06-20,2478.01,E0160
GR0011558,PO-2025-015361,2025-05-04,2607.86,E0156
GR0011559,PO-2024-015362,2024-03-18,913.75,E0159
GR0011560,PO-2025-015363,2025-02-14,3409.08,E0155
GR0011561,PO-2024-015364,2024-05-15,1848.09,E0150
GR0011562,PO-2025-015365,2025-04-11,293.35,E0143
GR0011563,PO-2025-015366,2025-02-03,1088.93,E0142
GR0011564,PO-2024-015367,2024-08-29,2359.99,E0156
GR0011565,PO-2024-015368,2024-01-29,895.68,E0152
GR0011566,PO-2024-015368,2024-02-09,876.66,E0146
GR0011567,PO-2024-015369,2024-09-01,5367.76,E0144
GR0011568,PO-2025-015370,2025-03-14,212.41,E0154
GR0011569,PO-2024-015371,2024-07-05,4853.92,E0152
GR0011570,PO-2024-015372,2024-06-03,331.49,E0148
GR0011571,PO-2024-015372,2024-06-15,360.57,E0149
GR0011572,PO-2025-015373,2025-06-07,1300.67,E0149
GR0011573,PO-2025-015374,2025-04-02,293.59,E0156
GR0011574,PO-2024-015375,2024-06-04,733.41,E0141
GR0011575,PO-2024-015375,2024-06-16,321.23,E0144
GR0011576,PO-2025-015376,2025-03-06,335.47,E0142
GR0011577,PO-2024-015377,2024-03-20,1053.41,E0161
GR0011578,PO-2024-015378,2024-09-03,3174.81,E0158
GR0011579,PO-2024-015379,2024-02-23,3287.22,E0148
GR0011580,PO-2024-015380,2024-07-05,152.62,E0140
GR0011581,PO-2024-015380,2024-07-07,126.56,E0153
GR0011582,PO-2024-015381,2024-10-06,173.22,E0140
GR0011583,PO-2024-015382,2024-11-28,800.63,E0158
GR0011584,PO-2025-015383,2025-04-16,233.79,E0159
GR0011585,PO-2025-015383,2025-04-27,234.92,E0150
GR0011586,PO-2025-015384,2025-05-30,1778.62,E0157
GR0011587,PO-2025-015398,2025-03-20,1402.83,E0142
GR0011588,PO-2024-015399,2024-01-15,5967.22,E0145
GR0011589,PO-2024-015400,2024-10-25,830.4,E0157
GR0011590,PO-2024-015401,2024-07-14,9159.94,E0161
GR0011591,PO-2024-015402,2024-03-05,8358.04,E0163
GR0011592,PO-2024-015403,2024-08-30,6491.54,E0155
GR0011593,PO-2024-015404,2024-11-22,3765.33,E0160
GR0011594,PO-2024-015405,2024-05-25,1781.51,E0140
GR0011595,PO-2024-015406,2024-09-14,1183.45,E0144
GR0011596,PO-2024-015407,2024-06-22,3711.01,E0157
GR0011597,PO-2024-015408,2024-05-23,1149.3,E0145
GR0011598,PO-2024-015409,2024-12-19,1606.96,E0148
GR0011599,PO-2024-015410,2024-03-23,472.98,E0160
GR0011600,PO-2025-015411,2025-02-17,255.37,E0149
GR0011601,PO-2025-015411,2025-02-27,128.13,E0140
GR0011602,PO-2025-015412,2025-04-02,3198.18,E0140
GR0011603,PO-2024-015413,2024-01-19,1343.09,E0140
GR0011604,PO-2024-015414,2024-02-15,8036.06,E0153
GR0011605,PO-2025-015415,2025-07-15,1573.23,E0145
GR0011606,PO-2024-015416,2025-01-03,3045.34,E0159
GR0011607,PO-2024-015417,2024-01-08,2039.18,E0147
GR0011608,PO-2024-015418,2024-06-10,749.74,E0144
GR0011609,PO-2024-015418,2024-06-12,688.99,E0141
GR0011610,PO-2025-015419,2025-05-05,10719.96,E0160
GR0011611,PO-2025-015420,2025-06-05,5615.81,E0140
GR0011612,PO-2024-015421,2024-04-12,7843.89,E0150
GR0011613,PO-2024-015422,2024-04-06,4590.06,E0153
GR0011614,PO-2024-015423,2024-01-09,4063.16,E0158
GR0011615,PO-2024-015423,2024-01-20,5916.6,E0150
GR0011616,PO-2024-015424,2024-06-17,6920.79,E0153
GR0011617,PO-2025-015461,2025-05-28,3876.51,E0149
GR0011618,PO-2024-015462,2024-09-05,116.48,E0145
GR0011619,PO-2024-015463,2024-02-19,3360.68,E0155
GR0011620,PO-2024-015464,2024-10-22,8529.86,E0149
GR0011621,PO-2024-015465,2024-05-03,21293.15,E0154
GR0011622,PO-2024-015466,2024-08-05,8843.0,E0150
GR0011623,PO-2024-015467,2024-10-26,1089.09,E0148
GR0011624,PO-2024-015468,2024-02-17,1705.2,E0157
GR0011625,PO-2024-015469,2024-02-23,2958.39,E0150
GR0011626,PO-2024-015470,2024-04-28,197.22,E0144
GR0011627,PO-2025-015471,2025-05-17,220.96,E0146
GR0011628,PO-2024-015472,2024-04-03,619.72,E0150
GR0011629,PO-2024-015473,2024-05-26,2182.38,E0146
GR0011630,PO-2025-015474,2025-02-15,12623.68,E0142
GR0011631,PO-2024-015475,2024-12-19,742.37,E0155
GR0011632,PO-2024-015476,2024-02-24,6003.81,E0146
GR0011633,PO-2025-015477,2025-05-06,953.26,E0144
GR0011634,PO-2025-015478,2025-06-22,2245.59,E0153
GR0011635,PO-2024-015479,2024-01-31,198.07,E0146
GR0011636,PO-2024-015480,2024-03-23,1377.11,E0155
GR0011637,PO-2024-015481,2024-06-04,277.23,E0147
GR0011638,PO-2024-015481,2024-06-19,381.61,E0141
GR0011639,PO-2024-015482,2024-07-29,830.72,E0150
GR0011640,PO-2024-015482,2024-08-13,1047.56,E0161
GR0011641,PO-2024-015483,2024-05-15,2381.1,E0152
GR0011642,PO-2025-015484,2025-02-15,1117.92,E0149
GR0011643,PO-2024-015485,2024-08-31,865.72,E0156
GR0011644,PO-2024-015485,2024-09-21,537.86,E0150
GR0011645,PO-2024-015486,2024-11-27,4677.92,E0147
GR0011646,PO-2024-015487,2024-04-14,863.23,E0156
GR0011647,PO-2025-015488,2025-02-27,2568.93,E0150
GR0011648,PO-2025-015489,2025-05-13,2301.07,E0154
GR0011649,PO-2024-015490,2024-01-15,3458.42,E0153
GR0011650,PO-2024-015491,2024-09-06,5246.41,E0161
GR0011651,PO-2024-015492,2024-02-07,2832.68,E0161
GR0011652,PO-2024-015492,2024-02-17,3780.73,E0141
GR0011653,PO-2025-015493,2025-04-29,2660.01,E0163
GR0011654,PO-2025-015493,2025-05-14,2007.23,E0141
GR0011655,PO-2024-015494,2024-11-08,603.97,E0160
GR0011656,PO-2024-015495,2024-09-27,1115.31,E0152
GR0011657,PO-2025-015496,2025-02-04,933.82,E0140
GR0011658,PO-2024-015497,2024-06-28,420.45,E0160
GR0011659,PO-2024-015498,2024-08-06,2560.23,E0147
GR0011660,PO-2025-015499,2025-06-19,1505.13,E0161
GR0011661,PO-2024-015500,2024-01-30,2981.94,E0149
GR0011662,PO-2025-015501,2025-05-10,260.53,E0154
GR0011663,PO-2024-015502,2024-04-27,4278.69,E0145
GR0011664,PO-2025-015503,2025-06-12,517.3,E0141
GR0011665,PO-2025-015504,2025-05-11,148.75,E0154
GR0011666,PO-2025-015504,2025-05-26,151.1,E0142
GR0011667,PO-2024-015505,2024-04-28,483.53,E0153
GR0011668,PO-2025-015506,2025-03-27,806.66,E0153
GR0011669,PO-2024-015507,2024-04-29,1073.98,E0159
GR0011670,PO-2025-015508,2025-01-27,2511.45,E0150
GR0011671,PO-2024-015509,2024-12-03,6269.73,E0146
GR0011672,PO-2024-015510,2024-11-02,3115.76,E0144
GR0011673,PO-2025-015511,2025-07-06,5195.96,E0141
GR0011674,PO-2025-015512,2025-05-09,1685.03,E0161
GR0011675,PO-2024-015513,2024-09-04,5387.83,E0154
GR0011676,PO-2024-015514,2024-02-24,81.08,E0143
GR0011677,PO-2024-015514,2024-03-01,38.32,E0162
GR0011678,PO-2024-015515,2024-07-01,4030.64,E0148
GR0011679,PO-2024-015515,2024-07-16,3229.35,E0157
GR0011680,PO-2024-015516,2024-06-06,805.8,E0142
GR0011681,PO-2024-015517,2024-02-23,2198.41,E0146
GR0011682,PO-2024-015517,2024-03-06,1048.27,E0140
GR0011683,PO-2024-015518,2024-12-02,24781.62,E0161
GR0011684,PO-2025-015519,2025-04-17,4319.38,E0144
GR0011685,PO-2025-015520,2025-03-03,960.18,E0140
GR0011686,PO-2025-015521,2025-05-11,604.7,E0149
GR0011687,PO-2025-015521,2025-05-25,398.21,E0147
GR0011688,PO-2024-015522,2024-08-02,1819.66,E0149
GR0011689,PO-2024-015522,2024-08-11,925.48,E0140
GR0011690,PO-2024-015523,2024-06-11,2504.32,E0140
GR0011691,PO-2024-015524,2024-12-18,1427.45,E0146
GR0011692,PO-2025-015525,2025-02-06,2762.06,E0151
GR0011693,PO-2024-015526,2024-07-21,359.99,E0156
GR0011694,PO-2024-015527,2024-07-20,868.4,E0158
GR0011695,PO-2024-015528,2024-03-02,3964.95,E0143
GR0011696,PO-2024-015529,2024-03-17,9811.33,E0161
GR0011697,PO-2025-015530,2025-05-20,2070.24,E0150
GR0011698,PO-2024-015531,2024-07-27,2414.86,E0161
GR0011699,PO-2024-015532,2024-07-04,3529.3,E0144
GR0011700,PO-2024-015533,2024-04-25,1144.79,E0163
GR0011701,PO-2024-015534,2024-10-28,658.79,E0144
GR0011702,PO-2025-015535,2025-04-11,985.19,E0161
GR0011703,PO-2024-015536,2024-06-12,1890.1,E0149
GR0011704,PO-2025-015537,2025-01-19,913.9,E0157
GR0011705,PO-2024-015538,2024-11-04,2075.58,E0160
GR0011706,PO-2025-015539,2025-05-01,298.95,E0161
GR0011707,PO-2024-015540,2024-02-27,924.53,E0144
GR0011708,PO-2025-015541,2025-06-21,5047.27,E0147
GR0011709,PO-2024-015542,2024-08-25,580.12,E0152
GR0011710,PO-2024-015543,2024-06-26,4932.64,E0147
GR0011711,PO-2024-015544,2024-09-16,575.61,E0147
GR0011712,PO-2024-015544,2024-10-05,748.92,E0153
GR0011713,PO-2024-015545,2024-08-17,1470.39,E0152
GR0011714,PO-2025-015546,2025-06-15,8381.87,E0141
GR0011715,PO-2024-015569,2024-11-29,11866.98,E0140
GR0011716,PO-2025-015570,2025-05-15,305.67,E0144
GR0011717,PO-2024-015571,2024-08-12,5108.69,E0162
GR0011718,PO-2024-015572,2024-02-05,5530.68,E0140
GR0011719,PO-2024-015572,2024-02-12,5408.04,E0143
GR0011720,PO-2025-015573,2025-06-16,933.36,E0147
GR0011721,PO-2024-015574,2024-09-03,3018.39,E0159
GR0011722,PO-2024-015575,2024-12-08,997.4,E0160
GR0011723,PO-2025-015576,2025-02-26,3345.43,E0147
GR0011724,PO-2025-015577,2025-05-12,4176.1,E0159
GR0011725,PO-2024-015578,2025-01-02,204.51,E0152
GR0011726,PO-2024-015579,2024-11-30,949.18,E0155
GR0011727,PO-2024-015580,2024-02-03,3251.78,E0145
GR0011728,PO-2025-015581,2025-05-15,333.77,E0162
GR0011729,PO-2024-015582,2024-10-31,926.11,E0141
GR0011730,PO-2025-015583,2025-05-04,323.07,E0145
GR0011731,PO-2025-015584,2025-04-06,407.48,E0158
GR0011732,PO-2025-015584,2025-04-15,480.95,E0148
GR0011733,PO-2024-015585,2024-04-24,15890.83,E0144
GR0011734,PO-2025-015586,2025-05-26,2359.02,E0153
GR0011735,PO-2024-015587,2024-03-07,118.05,E0161
GR0011736,PO-2024-015588,2024-08-10,1147.37,E0160
GR0011737,PO-2025-015589,2025-06-23,998.5,E0157
GR0011738,PO-2025-015589,2025-07-01,910.61,E0143
GR0011739,PO-2024-015590,2024-06-02,1916.89,E0148
GR0011740,PO-2025-015591,2025-05-10,1778.24,E0154
GR0011741,PO-2025-015592,2025-07-11,6094.53,E0161
GR0011742,PO-2025-015593,2025-06-24,894.7,E0140
GR0011743,PO-2024-015594,2024-08-25,4806.99,E0152
GR0011744,PO-2024-015595,2024-05-10,2407.24,E0158
GR0011745,PO-2025-015596,2025-03-10,3692.5,E0163
GR0011746,PO-2025-015597,2025-03-19,2535.78,E0148
GR0011747,PO-2024-015598,2024-12-27,2848.45,E0150
GR0011748,PO-2024-015599,2024-09-30,5276.36,E0154
GR0011749,PO-2025-015600,2025-07-03,3857.28,E0162
GR0011750,PO-2024-015601,2024-09-27,3299.53,E0148
GR0011751,PO-2024-015602,2024-05-27,3802.41,E0156
GR0011752,PO-2024-015603,2024-01-24,6858.88,E0152
GR0011753,PO-2025-015604,2025-04-12,766.87,E0155
GR0011754,PO-2025-015605,2025-04-14,3841.24,E0150
GR0011755,PO-2025-015606,2025-06-06,8458.22,E0161
GR0011756,PO-2024-015607,2024-07-28,9126.95,E0150
GR0011757,PO-2024-015608,2024-04-13,2381.01,E0140
GR0011758,PO-2024-015609,2024-12-08,1702.23,E0161
GR0011759,PO-2025-015610,2025-04-09,25293.5,E0141
GR0011760,PO-2024-015611,2024-07-27,1308.83,E0155
GR0011761,PO-2024-015612,2024-07-23,3904.42,E0160
GR0011762,PO-2024-015613,2024-12-03,10523.48,E0143
GR0011763,PO-2025-015614,2025-02-11,40996.65,E0150
GR0011764,PO-2024-015615,2024-09-01,8457.43,E0151
GR0011765,PO-2024-015616,2024-12-31,3935.62,E0140
GR0011766,PO-2024-015617,2024-12-10,22139.51,E0161
GR0011767,PO-2024-015618,2024-04-07,1260.48,E0157
GR0011768,PO-2024-015619,2024-09-18,2441.14,E0153
GR0011769,PO-2025-015620,2025-02-09,6025.45,E0152
GR0011770,PO-2024-015621,2024-05-01,10319.8,E0155
GR0011771,PO-2024-015622,2024-06-23,857.48,E0150
GR0011772,PO-2025-015623,2025-06-21,6579.17,E0162
GR0011773,PO-2025-015624,2025-01-25,2197.66,E0161
GR0011774,PO-2025-015625,2025-03-09,3002.87,E0156
GR0011775,PO-2025-015626,2025-04-10,757.18,E0153
GR0011776,PO-2025-015627,2025-01-29,521.81,E0159
GR0011777,PO-2024-015628,2024-04-22,1836.86,E0148
GR0011778,PO-2025-015629,2025-06-07,5139.99,E0153
GR0011779,PO-2024-015630,2024-08-07,32016.71,E0147
GR0011780,PO-2024-015631,2024-12-01,10096.39,E0152
GR0011781,PO-2024-015632,2024-02-21,534.19,E0163
GR0011782,PO-2024-015633,2024-10-15,15175.9,E0154
GR0011783,PO-2025-015634,2025-04-09,1399.74,E0144
GR0011784,PO-2025-015635,2025-04-26,413.81,E0154
GR0011785,PO-2025-015636,2025-06-27,3098.31,E0155
GR0011786,PO-2025-015659,2025-04-10,150.61,E0158
GR0011787,PO-2024-015660,2024-02-29,8297.07,E0155
GR0011788,PO-2024-015661,2024-03-15,1586.21,E0162
GR0011789,PO-2024-015662,2024-07-08,515.67,E0159
GR0011790,PO-2024-015663,2024-08-06,3304.79,E0154
GR0011791,PO-2024-015664,2024-11-01,3647.81,E0153
GR0011792,PO-2025-015665,2025-01-17,14270.93,E0143
GR0011793,PO-2025-015666,2025-02-20,7889.99,E0151
GR0011794,PO-2025-015667,2025-04-27,4169.64,E0147
GR0011795,PO-2024-015668,2024-01-24,10811.61,E0163
GR0011796,PO-2025-015669,2025-01-24,13528.84,E0155
GR0011797,PO-2024-015670,2024-07-09,867.53,E0153
GR0011798,PO-2025-015671,2025-02-19,1967.99,E0147
GR0011799,PO-2024-015672,2024-01-06,478.74,E0163
GR0011800,PO-2024-015672,2024-01-24,366.8,E0148
GR0011801,PO-2024-015673,2024-08-23,9034.33,E0147
GR0011802,PO-2024-015674,2024-09-24,3476.97,E0143
GR0011803,PO-2025-015675,2025-04-10,1461.73,E0163
GR0011804,PO-2024-015676,2024-12-08,442.16,E0150
GR0011805,PO-2024-015677,2024-06-07,2224.71,E0150
GR0011806,PO-2025-015678,2025-05-28,5978.57,E0158
GR0011807,PO-2024-015679,2024-12-28,2865.81,E0142
GR0011808,PO-2024-015680,2024-09-05,1990.37,E0156
GR0011809,PO-2025-015681,2025-07-01,1203.3,E0153
GR0011810,PO-2024-015682,2024-03-13,1467.41,E0161
GR0011811,PO-2025-015683,2025-03-12,4802.37,E0143
GR0011812,PO-2025-015683,2025-03-18,2312.23,E0148
GR0011813,PO-2025-015684,2025-04-06,50638.4,E0149
GR0011814,PO-2024-015685,2024-03-28,15368.78,E0149
GR0011815,PO-2024-015686,2024-04-07,1972.86,E0157
GR0011816,PO-2024-015687,2024-01-18,1178.53,E0140
GR0011817,PO-2024-015687,2024-01-31,1514.68,E0153
GR0011818,PO-2025-015688,2025-03-14,4083.71,E0147
GR0011819,PO-2024-015689,2024-08-24,3157.91,E0154
GR0011820,PO-2025-015690,2025-01-27,25931.68,E0162
GR0011821,PO-2024-015691,2024-04-08,5551.19,E0148
GR0011822,PO-2024-015692,2024-11-20,5418.95,E0154
GR0011823,PO-2024-015693,2024-06-26,5384.46,E0159
GR0011824,PO-2025-015694,2025-07-03,847.48,E0142
GR0011825,PO-2024-015695,2024-10-21,8780.26,E0163
GR0011826,PO-2024-015696,2024-03-01,411.02,E0150
GR0011827,PO-2024-015697,2024-06-06,4051.94,E0140
GR0011828,PO-2024-015698,2024-06-25,988.25,E0156
GR0011829,PO-2025-015699,2025-05-09,14497.2,E0147
GR0011830,PO-2024-015700,2024-11-02,2355.66,E0153
GR0011831,PO-2025-015701,2025-01-12,5850.7,E0161
GR0011832,PO-2025-015702,2025-05-15,5396.17,E0147
GR0011833,PO-2025-015703,2025-01-16,3745.29,E0144
GR0011834,PO-2025-015703,2025-01-28,2899.8,E0154
GR0011835,PO-2024-015704,2024-01-09,2883.75,E0153
GR0011836,PO-2024-015705,2024-11-25,39203.69,E0148
GR0011837,PO-2025-015706,2025-01-16,1813.23,E0160
GR0011838,PO-2025-015706,2025-01-29,2358.34,E0146
GR0011839,PO-2024-015707,2024-08-02,3954.6,E0153
GR0011840,PO-2024-015708,2024-06-20,2946.35,E0141
GR0011841,PO-2025-015709,2025-06-01,6306.27,E0155
GR0011842,PO-2025-015710,2025-02-07,7210.95,E0145
GR0011843,PO-2025-015710,2025-02-21,7511.81,E0142
GR0011844,PO-2025-015711,2025-06-09,2108.73,E0145
GR0011845,PO-2024-015712,2024-12-04,3170.89,E0141
GR0011846,PO-2024-015713,2024-07-13,4336.23,E0162
GR0011847,PO-2024-015714,2024-04-25,581.93,E0149
GR0011848,PO-2025-015715,2025-04-20,403.72,E0144
GR0011849,PO-2024-015716,2024-11-23,3292.56,E0144
GR0011850,PO-2024-015717,2024-04-13,4178.12,E0155
GR0011851,PO-2024-015718,2024-11-30,565.52,E0154
GR0011852,PO-2024-015719,2025-01-08,286.93,E0160
GR0011853,PO-2025-015720,2025-04-10,6435.73,E0153
GR0011854,PO-2025-015721,2025-03-14,1620.44,E0145
GR0011855,PO-2025-015721,2025-03-19,1018.64,E0153
GR0011856,PO-2024-015722,2024-04-14,8537.38,E0156
GR0011857,PO-2024-015723,2024-03-23,4210.69,E0155
GR0011858,PO-2024-015724,2024-09-15,1990.95,E0141
GR0011859,PO-2025-015725,2025-03-21,10878.68,E0140
GR0011860,PO-2025-015726,2025-07-05,8783.21,E0158
GR0011861,PO-2024-015727,2024-10-10,1716.57,E0156
GR0011862,PO-2024-015727,2024-10-29,1646.33,E0152
GR0011863,PO-2024-015728,2024-12-24,2776.61,E0147
GR0011864,PO-2024-015729,2024-02-16,7585.67,E0144
GR0011865,PO-2024-015730,2024-09-10,6528.2,E0146
GR0011866,PO-2024-015730,2024-09-20,3547.61,E0162
GR0011867,PO-2024-015731,2024-06-18,2261.57,E0145
GR0011868,PO-2025-015732,2025-07-06,3599.89,E0154
GR0011869,PO-2025-015733,2025-02-06,6216.87,E0142
GR0011870,PO-2025-015734,2025-05-07,4873.7,E0142
GR0011871,PO-2025-015735,2025-01-30,1022.99,E0149
GR0011872,PO-2024-015736,2024-02-18,6010.54,E0160
GR0011873,PO-2025-015737,2025-06-26,7688.4,E0152
GR0011874,PO-2025-015738,2025-05-04,11281.44,E0157
GR0011875,PO-2024-015773,2024-12-25,1122.82,E0150
GR0011876,PO-2024-015774,2024-02-02,2974.28,E0160
GR0011877,PO-2024-015775,2024-03-19,1489.4,E0162
GR0011878,PO-2024-015776,2024-01-29,899.62,E0147
GR0011879,PO-2024-015777,2024-04-22,1423.57,E0157
GR0011880,PO-2024-015778,2024-04-09,1571.91,E0142
GR0011881,PO-2024-015779,2024-06-19,479.96,E0160
GR0011882,PO-2025-015780,2025-01-28,4173.25,E0157
GR0011883,PO-2025-015780,2025-02-04,4038.58,E0161
GR0011884,PO-2025-015781,2025-05-10,1024.43,E0154
GR0011885,PO-2024-015782,2024-11-07,1522.28,E0161
GR0011886,PO-2024-015783,2024-11-16,6482.99,E0158
GR0011887,PO-2024-015784,2024-05-12,774.18,E0149
GR0011888,PO-2024-015785,2024-12-14,9942.78,E0141
GR0011889,PO-2024-015786,2024-12-14,261.92,E0157
GR0011890,PO-2024-015787,2024-11-21,452.66,E0155
GR0011891,PO-2024-015787,2024-11-30,507.79,E0149
GR0011892,PO-2024-015788,2024-12-30,4564.4,E0152
GR0011893,PO-2024-015789,2024-04-29,2128.84,E0146
GR0011894,PO-2025-015790,2025-01-29,5326.59,E0158
GR0011895,PO-2025-015791,2025-05-06,618.45,E0141
GR0011896,PO-2025-015791,2025-05-16,365.74,E0140
GR0011897,PO-2024-015792,2024-05-18,3708.06,E0154
GR0011898,PO-2025-015793,2025-06-05,6411.7,E0144
GR0011899,PO-2024-015794,2024-03-07,6045.25,E0159
GR0011900,PO-2024-015795,2024-06-11,1863.21,E0159
GR0011901,PO-2024-015796,2024-06-02,798.66,E0142
GR0011902,PO-2025-015797,2025-01-16,1313.39,E0143
GR0011903,PO-2024-015798,2024-02-19,1673.76,E0162
GR0011904,PO-2025-015799,2025-03-16,5334.94,E0163
GR0011905,PO-2024-015800,2024-11-17,780.98,E0162
GR0011906,PO-2025-015801,2025-07-17,2040.49,E0146
GR0011907,PO-2024-015802,2024-08-16,5259.04,E0158
GR0011908,PO-2024-015803,2024-06-17,123.42,E0154
GR0011909,PO-2024-015804,2024-12-30,2052.29,E0151
GR0011910,PO-2025-015805,2025-07-01,155.76,E0147
GR0011911,PO-2025-015806,2025-04-21,1715.97,E0144
GR0011912,PO-2025-015807,2025-03-26,3463.18,E0159
GR0011913,PO-2025-015808,2025-01-26,988.82,E0147
GR0011914,PO-2024-015809,2024-05-05,6039.64,E0158
GR0011915,PO-2024-015810,2024-03-12,2008.81,E0145
GR0011916,PO-2024-015810,2024-03-19,1385.55,E0157
GR0011917,PO-2025-015811,2025-04-21,2841.45,E0163
GR0011918,PO-2025-015812,2025-07-10,237.99,E0144
GR0011919,PO-2024-015813,2024-03-01,1621.73,E0159
GR0011920,PO-2024-015814,2024-09-21,1068.88,E0155
GR0011921,PO-2024-015815,2024-01-28,4673.89,E0153
GR0011922,PO-2025-015816,2025-01-14,2543.8,E0157
GR0011923,PO-2024-015817,2024-04-13,4482.59,E0143
GR0011924,PO-2024-015817,2024-04-21,2758.47,E0142
GR0011925,PO-2024-015818,2024-02-03,9173.86,E0145
GR0011926,PO-2024-015819,2024-10-09,7657.63,E0143
GR0011927,PO-2025-015820,2025-07-03,1996.01,E0156
GR0011928,PO-2025-015821,2025-03-18,14965.72,E0162
GR0011929,PO-2024-015822,2024-08-26,6845.79,E0147
GR0011930,PO-2025-015823,2025-03-04,2140.48,E0145
GR0011931,PO-2025-015824,2025-06-07,8736.37,E0162
GR0011932,PO-2024-015825,2024-01-15,6529.85,E0152
GR0011933,PO-2024-015826,2024-10-19,2477.36,E0144
GR0011934,PO-2025-015827,2025-03-27,3102.47,E0161
GR0011935,PO-2024-015828,2024-10-03,4156.17,E0140
GR0011936,PO-2024-015829,2024-05-04,1022.84,E0156
GR0011937,PO-2024-015830,2024-10-11,404.19,E0153
GR0011938,PO-2024-015831,2024-02-23,807.86,E0141
GR0011939,PO-2024-015832,2024-10-18,314.31,E0151
GR0011940,PO-2024-015833,2024-07-03,635.54,E0140
GR0011941,PO-2024-015834,2024-01-16,1472.33,E0146
GR0011942,PO-2025-015835,2025-06-12,145.31,E0145
GR0011943,PO-2024-015836,2024-09-26,1291.81,E0163
GR0011944,PO-2024-015836,2024-10-02,1314.7,E0146
GR0011945,PO-2025-015837,2025-04-23,1568.33,E0151
GR0011946,PO-2024-015838,2024-03-15,6566.85,E0163
GR0011947,PO-2025-015839,2025-05-24,116.97,E0163
GR0011948,PO-2025-015840,2025-05-05,2013.41,E0147
GR0011949,PO-2025-015840,2025-05-10,2139.72,E0155
GR0011950,PO-2025-015841,2025-04-27,596.18,E0141
GR0011951,PO-2024-015842,2024-07-10,1146.5,E0157
GR0011952,PO-2025-015843,2025-05-18,188.1,E0161
GR0011953,PO-2024-015844,2024-06-19,1073.52,E0150
GR0011954,PO-2025-015845,2025-03-12,1959.34,E0151
GR0011955,PO-2025-015846,2025-01-29,4223.46,E0146
GR0011956,PO-2024-015847,2024-10-21,837.69,E0162
GR0011957,PO-2025-015848,2025-04-24,3030.09,E0159
GR0011958,PO-2024-015849,2024-07-05,473.78,E0162
GR0011959,PO-2025-015850,2025-03-11,1219.5,E0144
GR0011960,PO-2025-015851,2025-05-25,620.49,E0157
GR0011961,PO-2024-015852,2024-05-02,566.51,E0148
GR0011962,PO-2025-015853,2025-07-12,536.91,E0147
GR0011963,PO-2025-015854,2025-02-07,672.33,E0145
GR0011964,PO-2025-015855,2025-05-18,1843.42,E0158
GR0011965,PO-2025-015856,2025-03-08,277.6,E0146
GR0011966,PO-2025-015856,2025-03-19,233.64,E0160
GR0011967,PO-2024-015857,2024-06-17,269.44,E0146
GR0011968,PO-2024-015858,2025-01-03,221.19,E0142
GR0011969,PO-2024-015858,2025-01-17,115.36,E0142
GR0011970,PO-2025-015859,2025-04-24,755.98,E0148
GR0011971,PO-2024-015860,2024-12-26,261.68,E0140
GR0011972,PO-2024-015861,2024-11-16,715.26,E0156
GR0011973,PO-2025-015862,2025-04-28,575.1,E0148
GR0011974,PO-2024-015863,2024-07-13,639.88,E0163
GR0011975,PO-2024-015864,2024-07-17,126.44,E0159
GR0011976,PO-2024-015864,2024-07-23,179.94,E0153
GR0011977,PO-2024-015865,2024-03-03,3887.36,E0161
GR0011978,PO-2024-015866,2024-09-27,622.29,E0147
GR0011979,PO-2024-015867,2024-12-25,940.56,E0147
GR0011980,PO-2024-015868,2024-03-26,4955.74,E0159
GR0011981,PO-2025-015869,2025-01-25,484.96,E0149
GR0011982,PO-2024-015870,2024-09-13,230.37,E0156
GR0011983,PO-2025-015871,2025-05-22,738.34,E0151
GR0011984,PO-2025-015872,2025-01-31,1775.58,E0152
GR0011985,PO-2024-015873,2024-11-23,227.73,E0143
GR0011986,PO-2024-015874,2024-10-07,466.18,E0163
GR0011987,PO-2025-015875,2025-07-09,447.01,E0152
GR0011988,PO-2025-015876,2025-02-05,1709.69,E0146
GR0011989,PO-2024-015877,2024-03-05,377.78,E0150
GR0011990,PO-2025-015878,2025-03-26,2017.94,E0161
GR0011991,PO-2024-015879,2024-07-04,1718.89,E0162
GR0011992,PO-2025-015880,2025-06-08,311.14,E0148
GR0011993,PO-2024-015881,2024-04-09,362.9,E0152
GR0011994,PO-2024-015882,2024-04-02,3234.14,E0147
GR0011995,PO-2024-015883,2024-12-23,1384.91,E0144
GR0011996,PO-2024-015884,2024-12-27,2192.17,E0150
GR0011997,PO-2024-015885,2024-03-06,3879.0,E0151
GR0011998,PO-2025-015886,2025-04-16,6088.96,E0157
GR0011999,PO-2024-015887,2024-09-12,1585.47,E0156
GR0012000,PO-2024-015888,2024-02-17,376.33,E0163
GR0012001,PO-2024-015889,2024-08-18,1347.23,E0141
GR0012002,PO-2025-015890,2025-04-19,1543.01,E0152
GR0012003,PO-2024-015891,2024-04-08,231.53,E0155
GR0012004,PO-2024-015892,2024-02-08,2715.93,E0151
GR0012005,PO-2025-015893,2025-03-17,2608.95,E0153
GR0012006,PO-2025-015894,2025-04-06,2989.1,E0144
GR0012007,PO-2025-015895,2025-05-20,509.97,E0162
GR0012008,PO-2025-015896,2025-04-19,1188.01,E0144
GR0012009,PO-2025-015897,2025-06-05,2341.86,E0160
GR0012010,PO-2024-015898,2024-08-30,1856.09,E0161
GR0012011,PO-2024-015899,2024-03-02,10210.45,E0143
GR0012012,PO-2024-015900,2024-07-13,6330.17,E0162
GR0012013,PO-2024-015901,2024-05-14,2831.66,E0149
GR0012014,PO-2024-015902,2024-03-04,1044.2,E0153
GR0012015,PO-2024-015902,2024-03-12,916.05,E0163
GR0012016,PO-2025-015903,2025-03-30,4693.99,E0140
GR0012017,PO-2024-015904,2024-02-25,230.13,E0140
GR0012018,PO-2024-015905,2024-11-09,4259.69,E0155
GR0012019,PO-2025-015906,2025-05-15,495.45,E0154
GR0012020,PO-2025-015906,2025-05-28,567.92,E0148
GR0012021,PO-2025-015907,2025-01-15,3135.87,E0150
GR0012022,PO-2025-015908,2025-05-09,7518.29,E0159
GR0012023,PO-2024-015909,2024-05-22,280.52,E0163
GR0012024,PO-2024-015909,2024-06-04,156.28,E0145
GR0012025,PO-2024-015910,2024-07-24,796.94,E0159
GR0012026,PO-2024-015911,2024-02-15,3201.06,E0141
GR0012027,PO-2024-015912,2024-11-27,1583.47,E0159
GR0012028,PO-2024-015913,2024-10-15,2325.61,E0148
GR0012029,PO-2025-015914,2025-03-28,2823.25,E0160
GR0012030,PO-2025-015915,2025-01-17,2435.42,E0154
GR0012031,PO-2025-015916,2025-07-02,477.95,E0141
GR0012032,PO-2024-015917,2024-06-02,290.98,E0157
GR0012033,PO-2025-015918,2025-06-03,4250.28,E0162
GR0012034,PO-2024-015919,2024-07-04,1972.43,E0162
GR0012035,PO-2024-015919,2024-07-16,1281.33,E0160
GR0012036,PO-2025-015920,2025-05-20,2996.04,E0157
GR0012037,PO-2024-015921,2024-09-23,894.03,E0152
GR0012038,PO-2024-015922,2024-07-13,1616.15,E0148
GR0012039,PO-2024-015922,2024-07-25,2089.71,E0141
GR0012040,PO-2024-015923,2024-04-03,1911.25,E0145
GR0012041,PO-2024-015924,2024-11-04,2295.32,E0160
GR0012042,PO-2024-015925,2024-11-03,2681.82,E0161
GR0012043,PO-2024-015926,2024-08-26,784.38,E0155
GR0012044,PO-2024-015927,2024-06-21,1431.18,E0154
GR0012045,PO-2024-015928,2025-01-13,1068.35,E0142
GR0012046,PO-2025-015929,2025-05-27,1001.47,E0146
GR0012047,PO-2024-015930,2024-09-29,395.82,E0160
GR0012048,PO-2024-015931,2024-03-24,443.18,E0154
GR0012049,PO-2024-015932,2024-05-19,2637.61,E0150
GR0012050,PO-2024-015933,2025-01-10,1255.89,E0150
GR0012051,PO-2024-015934,2024-04-16,990.71,E0158
GR0012052,PO-2025-015935,2025-05-13,289.4,E0148
GR0012053,PO-2024-015936,2024-03-29,1999.07,E0158
GR0012054,PO-2025-015937,2025-02-10,5894.5,E0147
GR0012055,PO-2025-015938,2025-06-15,15719.1,E0159
GR0012056,PO-2025-015939,2025-07-05,2321.99,E0151
GR0012057,PO-2024-015940,2024-10-31,18643.99,E0160
GR0012058,PO-2025-015941,2025-06-24,2614.97,E0146
GR0012059,PO-2024-015942,2024-02-25,809.06,E0143
GR0012060,PO-2025-015943,2025-02-12,1138.52,E0157
GR0012061,PO-2024-015944,2024-05-30,2097.61,E0152
GR0012062,PO-2024-015945,2024-05-28,584.21,E0145
GR0012063,PO-2025-015946,2025-02-05,1170.86,E0151
GR0012064,PO-2024-015947,2024-07-22,586.65,E0159
GR0012065,PO-2024-015948,2024-08-13,934.59,E0145
GR0012066,PO-2024-015949,2024-04-29,2358.22,E0147
GR0012067,PO-2024-015950,2024-03-26,2001.2,E0155
GR0012068,PO-2024-015951,2024-08-31,2215.3,E0156
GR0012069,PO-2025-015952,2025-03-01,1334.76,E0162
GR0012070,PO-2024-015953,2024-03-31,589.77,E0144
GR0012071,PO-2024-015954,2024-05-01,412.18,E0161
GR0012072,PO-2025-015955,2025-01-27,2878.61,E0157
GR0012073,PO-2024-015956,2024-12-09,610.63,E0144
GR0012074,PO-2024-015957,2024-05-18,5793.74,E0150
GR0012075,PO-2024-015958,2024-03-30,176.83,E0155
GR0012076,PO-2024-015958,2024-04-04,253.45,E0148
GR0012077,PO-2024-015959,2024-06-27,358.15,E0152
GR0012078,PO-2025-015960,2025-05-11,2299.03,E0142
GR0012079,PO-2025-015961,2025-06-04,1773.86,E0147
GR0012080,PO-2025-015961,2025-06-14,1681.94,E0161
GR0012081,PO-2025-015962,2025-03-19,1257.35,E0147
GR0012082,PO-2024-015963,2024-08-06,754.28,E0153
GR0012083,PO-2024-015963,2024-08-09,403.71,E0141
GR0012084,PO-2024-015964,2024-03-23,1294.66,E0154
GR0012085,PO-2025-015965,2025-07-15,784.82,E0162
GR0012086,PO-2025-015966,2025-01-21,132.48,E0150
GR0012087,PO-2024-015967,2024-04-04,2487.72,E0157
GR0012088,PO-2024-015968,2024-02-02,2075.65,E0144
GR0012089,PO-2024-015969,2024-07-10,761.8,E0151
GR0012090,PO-2025-015970,2025-03-24,3847.65,E0153
GR0012091,PO-2024-015971,2024-09-16,1355.5,E0153
GR0012092,PO-2024-015972,2024-07-22,3021.39,E0158
GR0012093,PO-2025-015973,2025-05-29,275.82,E0149
GR0012094,PO-2024-015974,2025-01-01,696.63,E0149
GR0012095,PO-2025-015975,2025-05-30,1145.07,E0147
GR0012096,PO-2025-015975,2025-06-10,573.71,E0162
GR0012097,PO-2024-015976,2024-08-20,8621.09,E0163
GR0012098,PO-2024-015977,2024-11-14,1127.71,E0158
GR0012099,PO-2024-015977,2024-11-25,673.87,E0140
GR0012100,PO-2025-015978,2025-04-12,161.59,E0161
GR0012101,PO-2024-015979,2024-06-21,1782.08,E0146
GR0012102,PO-2025-015980,2025-06-15,800.09,E0163
GR0012103,PO-2024-015981,2025-01-08,529.46,E0157
GR0012104,PO-2024-015982,2024-02-14,298.23,E0140
GR0012105,PO-2024-015983,2024-04-01,623.5,E0155
GR0012106,PO-2024-015984,2024-04-05,454.36,E0143
GR0012107,PO-2024-015985,2024-04-23,1451.4,E0149
GR0012108,PO-2024-015986,2025-01-04,137.89,E0143
GR0012109,PO-2024-015986,2025-01-15,106.63,E0145
GR0012110,PO-2024-015987,2024-03-30,366.21,E0161
GR0012111,PO-2024-015987,2024-04-14,283.75,E0149
GR0012112,PO-2024-015988,2024-07-20,294.03,E0149
GR0012113,PO-2024-015989,2024-08-16,542.01,E0154
GR0012114,PO-2024-015990,2024-10-04,3065.75,E0162
GR0012115,PO-2024-015991,2024-11-14,856.52,E0150
GR0012116,PO-2025-015992,2025-01-16,651.45,E0156
GR0012117,PO-2024-015993,2024-03-23,4342.47,E0155
GR0012118,PO-2024-015994,2024-06-28,566.12,E0146
GR0012119,PO-2024-015995,2024-12-28,3202.1,E0149
GR0012120,PO-2025-015996,2025-04-22,332.06,E0145
GR0012121,PO-2025-015997,2025-06-27,803.5,E0145
GR0012122,PO-2025-015998,2025-07-04,438.21,E0160
GR0012123,PO-2025-015999,2025-07-06,299.91,E0145
GR0012124,PO-2024-016000,2024-12-14,773.02,E0145
GR0012125,PO-2024-016001,2024-10-27,116.62,E0159
GR0012126,PO-2025-016002,2025-04-01,1324.24,E0158
GR0012127,PO-2024-016003,2024-06-13,874.35,E0141
GR0012128,PO-2024-016004,2024-05-31,260.5,E0151
GR0012129,PO-2024-016005,2024-10-15,622.04,E0141
GR0012130,PO-2025-016006,2025-01-20,4729.94,E0157
GR0012131,PO-2024-016007,2024-04-17,576.95,E0146
GR0012132,PO-2024-016007,2024-05-06,670.65,E0152
GR0012133,PO-2024-016008,2024-09-27,4040.5,E0145
GR0012134,PO-2024-016009,2024-09-06,1976.04,E0150
GR0012135,PO-2025-016010,2025-07-13,1339.72,E0140
GR0012136,PO-2025-016011,2025-02-27,605.59,E0140
GR0012137,PO-2024-016012,2024-12-20,233.15,E0152
GR0012138,PO-2025-016013,2025-05-06,240.75,E0157
GR0012139,PO-2025-016014,2025-03-22,248.27,E0146
GR0012140,PO-2025-016015,2025-05-10,1606.31,E0151
GR0012141,PO-2024-016016,2024-06-29,1127.32,E0143
GR0012142,PO-2024-016017,2024-03-24,135.82,E0160
GR0012143,PO-2024-016017,2024-04-09,171.85,E0149
GR0012144,PO-2025-016018,2025-03-14,1089.48,E0155
GR0012145,PO-2024-016019,2024-12-07,4219.88,E0152
GR0012146,PO-2024-016020,2024-10-27,148.22,E0144
GR0012147,PO-2024-016021,2024-07-14,118.31,E0153
GR0012148,PO-2024-016022,2024-05-10,778.79,E0147
GR0012149,PO-2025-016023,2025-02-24,1948.24,E0145
GR0012150,PO-2024-016024,2024-01-12,672.5,E0142
GR0012151,PO-2024-016025,2024-07-16,150.29,E0153
GR0012152,PO-2024-016026,2024-07-08,1303.95,E0160
GR0012153,PO-2025-016027,2025-06-12,116.92,E0160
GR0012154,PO-2024-016028,2024-11-09,343.86,E0146
GR0012155,PO-2024-016029,2024-09-15,1578.97,E0141
GR0012156,PO-2025-016030,2025-04-26,1317.74,E0145
GR0012157,PO-2025-016031,2025-05-23,923.65,E0155
GR0012158,PO-2025-016032,2025-01-22,2128.78,E0159
GR0012159,PO-2025-016033,2025-05-10,176.65,E0145
GR0012160,PO-2025-016033,2025-05-21,234.8,E0158
GR0012161,PO-2024-016034,2024-03-22,2153.03,E0151
GR0012162,PO-2025-016035,2025-02-26,363.34,E0154
GR0012163,PO-2025-016035,2025-03-18,192.74,E0140
GR0012164,PO-2024-016036,2024-07-30,3708.21,E0155
GR0012165,PO-2024-016037,2024-12-05,1519.87,E0160
GR0012166,PO-2024-016038,2024-12-30,1200.56,E0142
GR0012167,PO-2024-016039,2024-12-23,2714.2,E0162
GR0012168,PO-2024-016040,2025-01-05,1647.1,E0143
GR0012169,PO-2024-016041,2024-02-24,400.08,E0142
GR0012170,PO-2024-016042,2024-04-02,547.47,E0163
GR0012171,PO-2024-016042,2024-04-14,277.92,E0163
GR0012172,PO-2024-016043,2024-05-25,867.54,E0154
GR0012173,PO-2024-016044,2024-09-05,885.94,E0163
GR0012174,PO-2024-016045,2024-02-18,1756.24,E0151
GR0012175,PO-2024-016046,2024-09-25,3419.66,E0149
GR0012176,PO-2024-016047,2024-10-27,1546.77,E0144
GR0012177,PO-2024-016048,2024-03-11,347.29,E0161
GR0012178,PO-2025-016049,2025-03-17,947.52,E0157
GR0012179,PO-2025-016050,2025-01-18,398.61,E0143
GR0012180,PO-2025-016050,2025-01-22,171.26,E0140
GR0012181,PO-2025-016051,2025-06-26,1085.91,E0142
GR0012182,PO-2025-016052,2025-01-05,3298.28,E0141
GR0012183,PO-2024-016053,2024-12-16,4073.83,E0153
GR0012184,PO-2024-016054,2024-08-02,1781.48,E0162
GR0012185,PO-2024-016055,2024-11-26,1880.43,E0157
GR0012186,PO-2025-016056,2025-06-28,404.43,E0155
GR0012187,PO-2024-016057,2024-09-14,131.93,E0147
GR0012188,PO-2024-016058,2024-03-21,119.77,E0141
GR0012189,PO-2025-016059,2025-06-12,843.68,E0153
GR0012190,PO-2025-016060,2025-03-09,262.59,E0157
GR0012191,PO-2024-016061,2024-11-02,3703.95,E0163
GR0012192,PO-2025-016062,2025-03-21,1108.61,E0161
GR0012193,PO-2025-016063,2025-06-13,1060.5,E0144
GR0012194,PO-2025-016064,2025-06-05,2771.02,E0156
GR0012195,PO-2024-016065,2024-06-06,308.91,E0156
GR0012196,PO-2024-016066,2024-07-16,1807.54,E0144
GR0012197,PO-2024-016067,2024-05-27,1413.29,E0147
GR0012198,PO-2024-016068,2024-05-25,793.15,E0140
GR0012199,PO-2025-016069,2025-06-14,191.92,E0142
GR0012200,PO-2025-016070,2025-01-17,837.54,E0154
GR0012201,PO-2024-016071,2025-01-11,1641.98,E0161
GR0012202,PO-2024-016072,2025-01-08,755.37,E0146
GR0012203,PO-2025-016073,2025-05-15,310.31,E0142
GR0012204,PO-2025-016074,2025-05-06,5912.38,E0140
GR0012205,PO-2025-016075,2025-01-26,476.63,E0157
GR0012206,PO-2024-016076,2024-03-25,447.8,E0142
GR0012207,PO-2024-016077,2024-12-06,1567.25,E0144
GR0012208,PO-2024-016078,2024-04-27,3083.44,E0145
GR0012209,PO-2024-016079,2024-11-07,551.28,E0160
GR0012210,PO-2024-016080,2024-03-01,329.36,E0142
GR0012211,PO-2024-016081,2024-02-19,1003.27,E0160
GR0012212,PO-2025-016082,2025-03-12,1567.13,E0155
GR0012213,PO-2024-016083,2024-09-15,759.97,E0152
GR0012214,PO-2024-016084,2024-06-24,203.37,E0160
GR0012215,PO-2025-016085,2025-05-10,2735.16,E0159
GR0012216,PO-2024-016086,2024-12-28,267.54,E0149
GR0012217,PO-2025-016087,2025-06-13,723.56,E0163
GR0012218,PO-2025-016088,2025-04-07,396.26,E0154
GR0012219,PO-2025-016089,2025-06-09,783.83,E0151
GR0012220,PO-2024-016090,2024-10-28,243.64,E0142
GR0012221,PO-2024-016091,2024-06-29,74.51,E0142
GR0012222,PO-2024-016091,2024-07-13,44.78,E0143
GR0012223,PO-2024-016092,2024-08-18,3307.9,E0142
GR0012224,PO-2024-016093,2024-09-05,397.95,E0150
GR0012225,PO-2024-016094,2024-04-02,1149.17,E0162
GR0012226,PO-2025-016095,2025-06-04,892.18,E0163
GR0012227,PO-2024-016096,2024-11-26,253.69,E0155
GR0012228,PO-2024-016097,2024-01-18,4756.36,E0148
GR0012229,PO-2024-016098,2024-07-28,2715.67,E0148
GR0012230,PO-2024-016099,2024-01-25,5905.24,E0158
GR0012231,PO-2024-016100,2024-04-25,2488.74,E0152
GR0012232,PO-2024-016101,2024-09-20,811.55,E0159
GR0012233,PO-2025-016102,2025-03-07,1549.46,E0141
GR0012234,PO-2025-016102,2025-03-16,714.65,E0158
GR0012235,PO-2025-016103,2025-03-04,1644.56,E0141
GR0012236,PO-2025-016104,2025-07-12,1092.86,E0149
GR0012237,PO-2024-016105,2024-01-27,271.17,E0140
GR0012238,PO-2024-016106,2024-03-17,1108.96,E0163
GR0012239,PO-2024-016107,2024-04-27,337.17,E0162
GR0012240,PO-2024-016108,2024-01-23,774.32,E0151
GR0012241,PO-2024-016109,2024-12-05,5842.53,E0157
GR0012242,PO-2025-016110,2025-03-04,1338.35,E0156
GR0012243,PO-2024-016111,2024-08-20,5365.29,E0158
GR0012244,PO-2024-016111,2024-08-26,6900.66,E0146
GR0012245,PO-2024-016112,2024-07-26,3882.42,E0148
GR0012246,PO-2024-016113,2024-10-08,888.64,E0162
GR0012247,PO-2024-016113,2024-10-15,1301.0,E0153
GR0012248,PO-2024-016114,2024-11-13,357.87,E0157
GR0012249,PO-2025-016115,2025-03-29,981.74,E0143
GR0012250,PO-2025-016116,2025-03-31,1480.59,E0160
GR0012251,PO-2025-016117,2025-03-29,270.03,E0152
GR0012252,PO-2024-016118,2024-04-21,14384.9,E0160
GR0012253,PO-2024-016119,2024-05-24,2369.61,E0150
GR0012254,PO-2025-016120,2025-01-15,597.52,E0154
GR0012255,PO-2024-016121,2024-09-08,19296.44,E0148
GR0012256,PO-2025-016122,2025-06-20,5842.45,E0141
GR0012257,PO-2024-016123,2024-07-23,2688.12,E0153
GR0012258,PO-2024-016124,2024-06-09,4885.37,E0160
GR0012259,PO-2025-016125,2025-02-18,504.96,E0157
GR0012260,PO-2024-016126,2024-10-12,567.85,E0143
GR0012261,PO-2024-016126,2024-10-21,606.86,E0149
GR0012262,PO-2025-016127,2025-02-13,3479.64,E0145
GR0012263,PO-2024-016128,2024-07-05,6555.62,E0142
GR0012264,PO-2024-016128,2024-07-21,5135.7,E0147
GR0012265,PO-2025-016129,2025-04-30,700.21,E0152
GR0012266,PO-2025-016130,2025-03-29,1928.94,E0153
GR0012267,PO-2024-016131,2024-11-13,2217.77,E0150
GR0012268,PO-2024-016131,2024-11-22,952.41,E0155
GR0012269,PO-2024-016132,2024-05-02,664.96,E0149
GR0012270,PO-2024-016133,2024-03-20,875.98,E0144
GR0012271,PO-2024-016133,2024-04-05,793.83,E0160
GR0012272,PO-2024-016134,2024-01-14,944.69,E0163
GR0012273,PO-2025-016135,2025-06-22,3968.5,E0162
GR0012274,PO-2024-016136,2024-02-05,8224.65,E0146
GR0012275,PO-2024-016137,2024-02-21,14909.42,E0148
GR0012276,PO-2025-016138,2025-06-25,3052.17,E0157
GR0012277,PO-2024-016139,2024-02-02,2770.29,E0149
GR0012278,PO-2025-016140,2025-06-12,1832.19,E0141
GR0012279,PO-2024-016141,2024-11-04,77257.72,E0161
GR0012280,PO-2024-016142,2024-01-22,5642.87,E0157
GR0012281,PO-2025-016143,2025-04-03,738.45,E0163
GR0012282,PO-2025-016143,2025-04-12,532.38,E0147
GR0012283,PO-2025-016144,2025-02-02,1653.18,E0141
GR0012284,PO-2025-016144,2025-02-19,2403.01,E0154
GR0012285,PO-2024-016145,2024-03-08,2539.07,E0152
GR0012286,PO-2025-016146,2025-05-14,33606.13,E0145
GR0012287,PO-2025-016147,2025-07-10,12296.45,E0140
GR0012288,PO-2024-016148,2024-12-25,6340.3,E0151
GR0012289,PO-2024-016149,2024-02-19,5682.95,E0162
GR0012290,PO-2025-016150,2025-05-11,20378.45,E0146
GR0012291,PO-2024-016151,2024-11-03,3403.74,E0154
GR0012292,PO-2025-016152,2025-02-26,11474.46,E0147
GR0012293,PO-2025-016153,2025-06-09,7560.36,E0144
GR0012294,PO-2024-016154,2024-09-24,889.74,E0141
GR0012295,PO-2025-016155,2025-03-30,20359.17,E0143
GR0012296,PO-2024-016156,2024-01-20,2423.53,E0154
GR0012297,PO-2025-016157,2025-03-17,4430.27,E0160
GR0012298,PO-2025-016158,2025-04-18,3524.18,E0144
GR0012299,PO-2024-016159,2024-10-15,2522.47,E0163
GR0012300,PO-2024-016159,2024-10-26,2288.56,E0152
GR0012301,PO-2024-016160,2024-05-26,2993.91,E0140
GR0012302,PO-2024-016161,2024-12-15,1300.34,E0145
GR0012303,PO-2024-016162,2024-04-23,4376.83,E0159
GR0012304,PO-2024-016162,2024-05-06,5354.8,E0152
GR0012305,PO-2025-016163,2025-06-21,4639.07,E0158
GR0012306,PO-2025-016164,2025-02-13,9235.63,E0157
GR0012307,PO-2025-016165,2025-02-28,1934.3,E0161
GR0012308,PO-2025-016166,2025-03-11,4147.65,E0150
GR0012309,PO-2024-016167,2024-05-09,6074.36,E0162
GR0012310,PO-2024-016168,2024-09-06,8460.45,E0148
GR0012311,PO-2024-016169,2024-09-06,13588.26,E0155
GR0012312,PO-2024-016170,2024-11-05,6964.87,E0143
GR0012313,PO-2025-016171,2025-06-02,24232.5,E0163
GR0012314,PO-2024-016172,2024-07-31,4345.11,E0161
GR0012315,PO-2024-016173,2024-08-08,8332.95,E0153
GR0012316,PO-2025-016174,2025-07-13,8999.75,E0157
GR0012317,PO-2025-016174,2025-07-17,7846.1,E0140
GR0012318,PO-2024-016175,2024-03-06,11115.69,E0158
GR0012319,PO-2024-016176,2024-09-24,8381.79,E0157
GR0012320,PO-2024-016177,2024-10-21,27638.65,E0146
GR0012321,PO-2025-016178,2025-01-31,1678.23,E0157
GR0012322,PO-2024-016179,2024-03-06,12636.34,E0150
GR0012323,PO-2024-016180,2024-08-07,12229.76,E0162
GR0012324,PO-2024-016181,2024-07-05,701.73,E0162
GR0012325,PO-2024-016182,2024-12-17,1039.68,E0148
GR0012326,PO-2024-016182,2025-01-03,525.3,E0149
GR0012327,PO-2024-016183,2024-05-01,1035.92,E0144
GR0012328,PO-2024-016184,2024-09-29,1397.22,E0162
GR0012329,PO-2024-016185,2024-04-05,3457.32,E0148
GR0012330,PO-2025-016186,2025-06-18,8590.77,E0160
GR0012331,PO-2024-016187,2024-02-01,7937.54,E0146
GR0012332,PO-2024-016188,2024-06-28,6103.16,E0163
GR0012333,PO-2024-016189,2024-11-27,2398.38,E0158
GR0012334,PO-2024-016190,2024-01-22,3081.5,E0142
GR0012335,PO-2024-016191,2024-10-15,5880.59,E0151
GR0012336,PO-2025-016192,2025-04-20,2747.99,E0163
GR0012337,PO-2024-016193,2024-10-09,11393.12,E0155
GR0012338,PO-2024-016194,2024-08-28,16335.36,E0157
GR0012339,PO-2024-016195,2024-10-03,313.18,E0152
GR0012340,PO-2025-016196,2025-05-03,40946.17,E0152
GR0012341,PO-2024-016197,2024-09-19,584.14,E0159
GR0012342,PO-2024-016198,2024-09-10,3084.63,E0158
GR0012343,PO-2024-016199,2024-02-28,2476.35,E0141
GR0012344,PO-2024-016200,2024-03-05,4460.78,E0149
GR0012345,PO-2024-016200,2024-03-20,4050.22,E0155
GR0012346,PO-2024-016201,2024-01-21,2715.42,E0163
GR0012347,PO-2025-016202,2025-03-23,2352.25,E0161
GR0012348,PO-2024-016203,2024-03-10,288.54,E0160
GR0012349,PO-2025-016204,2025-01-20,46813.9,E0140
GR0012350,PO-2025-016205,2025-06-15,5612.37,E0155
GR0012351,PO-2025-016206,2025-02-11,360.76,E0152
GR0012352,PO-2025-016207,2025-07-08,8010.15,E0142
GR0012353,PO-2025-016207,2025-07-18,6054.3,E0153
GR0012354,PO-2024-016208,2024-05-20,5381.76,E0140
GR0012355,PO-2024-016209,2024-06-04,2921.42,E0146
GR0012356,PO-2024-016210,2024-08-01,6582.21,E0154
GR0012357,PO-2024-016211,2024-11-08,2459.39,E0140
GR0012358,PO-2024-016212,2024-08-13,4566.37,E0162
GR0012359,PO-2024-016213,2024-01-16,5562.25,E0140
GR0012360,PO-2025-016214,2025-03-08,2543.88,E0152
GR0012361,PO-2025-016215,2025-07-10,2634.34,E0152
GR0012362,PO-2025-016216,2025-04-23,2583.07,E0157
GR0012363,PO-2025-016217,2025-05-17,3244.6,E0156
GR0012364,PO-2025-016218,2025-06-12,2324.31,E0155
GR0012365,PO-2025-016219,2025-04-22,24017.2,E0142
GR0012366,PO-2024-016220,2024-11-02,4891.81,E0156
GR0012367,PO-2025-016221,2025-06-04,14062.13,E0153
GR0012368,PO-2025-016222,2025-02-06,243.1,E0141
GR0012369,PO-2024-016223,2024-10-02,4647.59,E0148
GR0012370,PO-2024-016224,2024-07-02,1195.51,E0163
GR0012371,PO-2024-016225,2024-06-11,1047.33,E0155
GR0012372,PO-2024-016225,2024-06-22,450.84,E0156
GR0012373,PO-2024-016226,2024-12-01,273.68,E0163
GR0012374,PO-2024-016226,2024-12-06,324.0,E0163
GR0012375,PO-2025-016227,2025-06-10,5389.93,E0149
GR0012376,PO-2024-016228,2024-07-29,2275.21,E0142
GR0012377,PO-2024-016229,2024-12-02,1904.68,E0155
GR0012378,PO-2025-016230,2025-07-03,1043.18,E0150
GR0012379,PO-2024-016231,2024-07-04,462.36,E0145
GR0012380,PO-2025-016232,2025-05-21,3551.57,E0153
GR0012381,PO-2025-016232,2025-06-03,4574.65,E0151
GR0012382,PO-2024-016233,2024-11-26,10876.74,E0152
GR0012383,PO-2024-016234,2024-05-22,2681.62,E0150
GR0012384,PO-2024-016235,2024-05-12,814.58,E0157
GR0012385,PO-2024-016236,2024-02-12,578.53,E0156
GR0012386,PO-2025-016237,2025-03-02,2543.28,E0155
GR0012387,PO-2025-016237,2025-03-14,3201.04,E0148
GR0012388,PO-2025-016238,2025-03-31,763.65,E0142
GR0012389,PO-2024-016239,2024-11-03,183.13,E0140
GR0012390,PO-2025-016240,2025-05-23,7637.72,E0157
GR0012391,PO-2024-016241,2024-12-15,2119.1,E0152
GR0012392,PO-2024-016242,2024-02-18,5216.88,E0151
GR0012393,PO-2024-016243,2024-05-30,9530.64,E0163
GR0012394,PO-2025-016244,2025-04-20,4777.08,E0161
GR0012395,PO-2025-016245,2025-01-15,675.37,E0155
GR0012396,PO-2024-016246,2024-08-29,9015.26,E0143
GR0012397,PO-2024-016247,2024-04-12,897.13,E0152
GR0012398,PO-2024-016248,2024-05-24,163.48,E0151
GR0012399,PO-2024-016249,2024-09-12,569.45,E0162
GR0012400,PO-2025-016250,2025-02-04,3628.64,E0148
GR0012401,PO-2024-016251,2024-06-18,1325.54,E0149
GR0012402,PO-2025-016252,2025-05-09,1562.3,E0141
GR0012403,PO-2024-016253,2024-12-31,546.23,E0141
GR0012404,PO-2024-016254,2024-02-18,174.66,E0162
GR0012405,PO-2024-016255,2024-07-01,6693.45,E0143
GR0012406,PO-2024-016256,2024-10-24,7473.54,E0159
GR0012407,PO-2024-016257,2024-04-23,2196.35,E0147
GR0012408,PO-2025-016258,2025-06-20,596.34,E0152
GR0012409,PO-2024-016259,2024-04-23,8044.8,E0153
GR0012410,PO-2024-016260,2024-07-16,714.67,E0140
GR0012411,PO-2024-016261,2024-10-15,3975.58,E0145
GR0012412,PO-2024-016262,2024-04-29,2440.78,E0154
GR0012413,PO-2024-016263,2024-08-03,860.62,E0155
GR0012414,PO-2024-016264,2024-04-09,10328.45,E0140
GR0012415,PO-2024-016265,2024-06-24,1297.93,E0149
GR0012416,PO-2025-016266,2025-04-17,2349.97,E0147
GR0012417,PO-2024-016267,2024-05-15,9161.98,E0147
GR0012418,PO-2025-016268,2025-06-23,9473.89,E0160
GR0012419,PO-2024-016269,2024-05-05,2870.08,E0152
GR0012420,PO-2024-016270,2024-05-08,3075.38,E0147
GR0012421,PO-2025-016271,2025-06-28,3724.3,E0147
GR0012422,PO-2024-016272,2024-07-02,7406.81,E0158
GR0012423,PO-2024-016273,2024-06-18,2510.64,E0161
GR0012424,PO-2024-016274,2024-06-30,2811.28,E0154
GR0012425,PO-2024-016275,2024-06-14,1359.72,E0146
GR0012426,PO-2025-016276,2025-02-20,2925.2,E0159
GR0012427,PO-2025-016277,2025-06-02,4408.77,E0154
GR0012428,PO-2025-016278,2025-07-08,292.66,E0155
GR0012429,PO-2024-016279,2024-07-18,696.1,E0140
GR0012430,PO-2024-016280,2024-03-11,3102.49,E0162
GR0012431,PO-2024-016281,2024-02-11,5607.93,E0152
GR0012432,PO-2024-016282,2024-02-10,1626.48,E0157
GR0012433,PO-2024-016282,2024-02-18,1237.22,E0161
GR0012434,PO-2024-016283,2024-04-19,25561.3,E0158
GR0012435,PO-2024-016284,2024-01-20,13741.26,E0163
GR0012436,PO-2024-016285,2024-06-05,3799.16,E0142
GR0012437,PO-2024-016286,2024-05-20,1277.5,E0160
GR0012438,PO-2025-016287,2025-07-10,3438.35,E0156
GR0012439,PO-2024-016288,2024-04-10,2539.38,E0151
GR0012440,PO-2024-016289,2024-09-08,911.53,E0147
GR0012441,PO-2024-016290,2024-07-03,515.6,E0145
GR0012442,PO-2024-016291,2024-09-23,5095.04,E0144
GR0012443,PO-2024-016291,2024-10-06,2417.39,E0163
GR0012444,PO-2024-016292,2024-07-17,9095.18,E0149
GR0012445,PO-2024-016293,2024-05-02,6383.51,E0141
GR0012446,PO-2024-016294,2024-02-22,24391.01,E0149
GR0012447,PO-2024-016295,2024-02-21,3660.79,E0154
GR0012448,PO-2025-016296,2025-06-26,3945.91,E0146
GR0012449,PO-2025-016296,2025-07-04,4936.78,E0140
GR0012450,PO-2024-016297,2024-07-29,447.68,E0151
GR0012451,PO-2024-016298,2024-08-27,1534.93,E0141
GR0012452,PO-2024-016299,2024-01-09,1061.32,E0142
GR0012453,PO-2025-016300,2025-03-13,490.0,E0160
GR0012454,PO-2024-016301,2024-05-20,3438.76,E0160
GR0012455,PO-2025-016302,2025-07-09,27392.35,E0140
GR0012456,PO-2024-016303,2024-06-09,5062.25,E0143
GR0012457,PO-2025-016304,2025-02-04,8440.63,E0158
GR0012458,PO-2025-016305,2025-01-25,5655.17,E0140
GR0012459,PO-2025-016306,2025-04-27,5378.04,E0141
GR0012460,PO-2024-016307,2024-11-27,2231.53,E0143
GR0012461,PO-2024-016308,2024-05-15,2193.83,E0145
GR0012462,PO-2025-016387,2025-04-09,1827.22,E0161
GR0012463,PO-2024-016388,2024-05-06,11697.01,E0156
GR0012464,PO-2024-016389,2024-12-02,2010.43,E0149
GR0012465,PO-2025-016390,2025-02-21,23058.47,E0143
GR0012466,PO-2024-016391,2024-12-31,571.43,E0147
GR0012467,PO-2024-016392,2024-11-11,1007.73,E0146
GR0012468,PO-2024-016393,2024-10-02,4398.26,E0159
GR0012469,PO-2024-016394,2024-10-21,2166.63,E0150
GR0012470,PO-2024-016395,2024-08-23,624.37,E0163
GR0012471,PO-2025-016396,2025-05-29,691.72,E0156
GR0012472,PO-2024-016397,2024-06-18,4389.01,E0151
GR0012473,PO-2025-016398,2025-06-02,5030.42,E0142
GR0012474,PO-2025-016398,2025-06-22,3058.56,E0144
GR0012475,PO-2024-016399,2024-06-12,888.15,E0150
GR0012476,PO-2025-016400,2025-02-28,485.62,E0158
GR0012477,PO-2024-016401,2024-07-16,585.23,E0143
GR0012478,PO-2024-016402,2024-04-21,4871.51,E0146
GR0012479,PO-2025-016403,2025-07-12,2228.5,E0153
GR0012480,PO-2024-016404,2024-06-23,1027.11,E0145
GR0012481,PO-2024-016404,2024-07-07,1136.74,E0153
GR0012482,PO-2025-016405,2025-07-03,2224.05,E0152
GR0012483,PO-2025-016406,2025-02-19,395.59,E0159
GR0012484,PO-2024-016407,2024-12-25,2050.04,E0162
GR0012485,PO-2024-016408,2024-08-17,1824.07,E0140
GR0012486,PO-2024-016409,2024-03-08,9639.44,E0144
GR0012487,PO-2024-016410,2024-03-11,153.46,E0141
GR0012488,PO-2024-016411,2024-08-13,4095.0,E0162
GR0012489,PO-2024-016412,2024-11-25,1448.34,E0157
GR0012490,PO-2024-016413,2024-12-20,1122.29,E0160
GR0012491,PO-2024-016414,2024-05-27,187.86,E0142
GR0012492,PO-2024-016415,2024-06-06,487.47,E0148
GR0012493,PO-2024-016415,2024-06-19,419.16,E0157
GR0012494,PO-2025-016416,2025-05-29,9755.17,E0161
GR0012495,PO-2025-016417,2025-06-02,2140.17,E0143
GR0012496,PO-2024-016418,2024-03-06,683.45,E0160
GR0012497,PO-2024-016419,2024-04-09,2920.71,E0158
GR0012498,PO-2024-016420,2024-04-07,7842.21,E0161
GR0012499,PO-2025-016421,2025-06-27,1688.11,E0159
GR0012500,PO-2024-016422,2024-07-18,630.67,E0158
GR0012501,PO-2024-016423,2024-04-29,1966.0,E0151
GR0012502,PO-2024-016424,2024-11-22,825.89,E0141
GR0012503,PO-2024-016424,2024-12-06,461.9,E0153
GR0012504,PO-2024-016425,2024-09-16,493.54,E0157
GR0012505,PO-2025-016426,2025-06-06,493.14,E0148
GR0012506,PO-2025-016427,2025-06-16,415.71,E0154
GR0012507,PO-2024-016428,2024-07-29,8824.68,E0162
GR0012508,PO-2024-016428,2024-08-12,7631.87,E0163
GR0012509,PO-2024-016429,2024-01-27,978.02,E0152
GR0012510,PO-2024-016430,2024-10-16,2413.68,E0162
GR0012511,PO-2024-016431,2024-10-02,7352.17,E0163
GR0012512,PO-2024-016432,2024-09-14,2552.29,E0145
GR0012513,PO-2024-016433,2024-11-28,2943.27,E0159
GR0012514,PO-2024-016434,2024-10-24,1764.84,E0161
GR0012515,PO-2025-016435,2025-06-04,13975.81,E0156
GR0012516,PO-2024-016436,2024-09-04,341.69,E0157
GR0012517,PO-2024-016436,2024-09-13,225.83,E0159
GR0012518,PO-2024-016437,2024-07-25,219.7,E0162
GR0012519,PO-2025-016438,2025-01-20,2914.47,E0153
GR0012520,PO-2024-016439,2024-02-04,5155.86,E0149
GR0012521,PO-2024-016440,2024-04-12,1962.18,E0141
GR0012522,PO-2024-016441,2024-08-27,810.88,E0163
GR0012523,PO-2024-016442,2024-01-22,3100.08,E0148
GR0012524,PO-2024-016443,2024-04-09,7061.61,E0143
GR0012525,PO-2025-016444,2025-06-17,2982.72,E0153
GR0012526,PO-2025-016445,2025-03-26,3720.73,E0144
GR0012527,PO-2025-016445,2025-04-06,1913.72,E0160
GR0012528,PO-2024-016446,2024-07-26,5016.14,E0141
GR0012529,PO-2025-016447,2025-02-14,23757.67,E0158
GR0012530,PO-2025-016447,2025-02-21,11086.68,E0144
GR0012531,PO-2024-016448,2024-02-19,1337.97,E0160
GR0012532,PO-2024-016449,2024-04-17,3842.88,E0154
GR0012533,PO-2024-016450,2024-04-17,23824.02,E0145
GR0012534,PO-2024-016450,2024-04-21,11960.81,E0161
GR0012535,PO-2024-016451,2024-10-11,678.44,E0143
GR0012536,PO-2025-016452,2025-06-15,14247.38,E0160
GR0012537,PO-2025-016453,2025-06-16,1290.67,E0158
GR0012538,PO-2025-016454,2025-05-21,8028.21,E0147
GR0012539,PO-2025-016455,2025-06-16,3731.12,E0159
GR0012540,PO-2024-016456,2024-02-27,11500.62,E0146
GR0012541,PO-2025-016457,2025-06-18,19441.29,E0154
GR0012542,PO-2024-016458,2024-11-19,2112.7,E0140
GR0012543,PO-2025-016459,2025-02-09,10027.26,E0161
GR0012544,PO-2024-016460,2024-07-06,4246.11,E0145
GR0012545,PO-2025-016461,2025-03-08,1381.15,E0163
GR0012546,PO-2024-016462,2024-06-18,467.48,E0163
GR0012547,PO-2025-016463,2025-03-22,12347.98,E0144
GR0012548,PO-2024-016464,2024-07-09,28071.31,E0141
GR0012549,PO-2025-016465,2025-07-01,15986.46,E0157
GR0012550,PO-2024-016466,2024-05-01,25141.04,E0157
GR0012551,PO-2024-016467,2024-05-10,4478.61,E0154
GR0012552,PO-2025-016468,2025-03-11,2241.05,E0156
GR0012553,PO-2024-016469,2024-03-17,10993.34,E0149
GR0012554,PO-2025-016470,2025-03-09,2510.3,E0155
GR0012555,PO-2024-016471,2024-04-25,8576.88,E0163
GR0012556,PO-2025-016472,2025-03-08,10887.17,E0147
GR0012557,PO-2025-016473,2025-05-24,3745.14,E0146
GR0012558,PO-2024-016474,2025-01-01,49555.29,E0148
GR0012559,PO-2025-016475,2025-03-12,4704.61,E0163
GR0012560,PO-2024-016476,2024-10-31,3684.95,E0149
GR0012561,PO-2024-016477,2024-03-06,5986.97,E0152
GR0012562,PO-2024-016478,2024-05-25,1420.85,E0149
GR0012563,PO-2024-016479,2024-02-09,6499.01,E0142
GR0012564,PO-2024-016479,2024-02-19,2806.47,E0151
GR0012565,PO-2024-016480,2024-05-22,2168.89,E0142
GR0012566,PO-2024-016481,2024-05-14,15316.8,E0154
GR0012567,PO-2024-016482,2024-11-14,6197.61,E0147
GR0012568,PO-2025-016483,2025-04-02,24176.3,E0142
GR0012569,PO-2025-016484,2025-03-19,2861.54,E0155
GR0012570,PO-2024-016485,2024-05-04,2772.62,E0159
GR0012571,PO-2024-016486,2024-02-26,7374.28,E0155
GR0012572,PO-2024-016487,2024-12-30,2783.19,E0146
GR0012573,PO-2024-016488,2024-12-23,7753.03,E0146
GR0012574,PO-2024-016489,2024-07-21,1653.59,E0140
GR0012575,PO-2024-016490,2024-10-13,6067.51,E0157
GR0012576,PO-2024-016491,2025-01-03,2806.28,E0143
GR0012577,PO-2025-016492,2025-06-17,765.89,E0140
GR0012578,PO-2024-016493,2024-04-05,868.65,E0141
GR0012579,PO-2024-016494,2024-01-15,249.62,E0158
GR0012580,PO-2025-016495,2025-06-30,2078.81,E0151
GR0012581,PO-2024-016496,2024-05-05,6063.32,E0153
GR0012582,PO-2024-016497,2024-06-26,449.55,E0141
GR0012583,PO-2024-016498,2024-09-15,1569.15,E0158
GR0012584,PO-2025-016499,2025-04-15,1537.1,E0148
GR0012585,PO-2025-016499,2025-05-01,1222.61,E0149
GR0012586,PO-2024-016500,2024-09-27,1070.6,E0153
GR0012587,PO-2024-016501,2024-09-01,6546.29,E0145
GR0012588,PO-2024-016502,2024-03-20,4470.04,E0155
GR0012589,PO-2024-016503,2024-08-29,689.01,E0154
GR0012590,PO-2025-016504,2025-01-26,1101.46,E0158
GR0012591,PO-2024-016505,2024-10-08,1378.07,E0140
GR0012592,PO-2024-016505,2024-10-24,847.75,E0144
GR0012593,PO-2024-016506,2024-11-24,81.51,E0142
GR0012594,PO-2024-016506,2024-12-07,60.66,E0163
GR0012595,PO-2024-016507,2024-11-05,1094.05,E0161
GR0012596,PO-2025-016508,2025-05-17,673.52,E0162
GR0012597,PO-2024-016509,2024-02-20,477.07,E0160
GR0012598,PO-2024-016510,2024-08-10,413.79,E0158
GR0012599,PO-2024-016511,2024-02-16,641.38,E0147
GR0012600,PO-2025-016512,2025-03-07,453.14,E0158
GR0012601,PO-2024-016513,2024-05-21,1322.98,E0150
GR0012602,PO-2024-016514,2024-10-15,2930.96,E0160
GR0012603,PO-2024-016514,2024-10-27,1490.31,E0146
GR0012604,PO-2025-016515,2025-02-17,2676.1,E0147
GR0012605,PO-2025-016516,2025-06-12,2187.75,E0146
GR0012606,PO-2025-016516,2025-06-21,1289.84,E0162
GR0012607,PO-2024-016517,2024-07-29,2065.63,E0152
GR0012608,PO-2024-016518,2024-09-25,120.69,E0149
GR0012609,PO-2025-016519,2025-01-19,6248.29,E0161
GR0012610,PO-2024-016520,2024-03-05,191.71,E0152
GR0012611,PO-2024-016521,2024-03-17,420.98,E0160
GR0012612,PO-2024-016522,2024-09-06,934.43,E0146
GR0012613,PO-2024-016523,2024-12-06,1447.53,E0142
GR0012614,PO-2024-016524,2024-01-14,5447.55,E0148
GR0012615,PO-2025-016525,2025-02-08,951.66,E0149
GR0012616,PO-2024-016526,2025-01-02,527.48,E0150
GR0012617,PO-2025-016527,2025-05-26,873.24,E0163
GR0012618,PO-2025-016528,2025-05-25,985.81,E0145
GR0012619,PO-2025-016528,2025-06-05,501.2,E0160
GR0012620,PO-2025-016529,2025-06-05,140.36,E0150
GR0012621,PO-2025-016530,2025-01-18,591.55,E0154
GR0012622,PO-2024-016531,2024-11-28,2358.74,E0141
GR0012623,PO-2024-016532,2024-09-29,282.66,E0141
GR0012624,PO-2024-016533,2024-05-25,5592.26,E0141
GR0012625,PO-2024-016534,2024-07-11,1693.65,E0145
GR0012626,PO-2024-016535,2024-02-21,654.23,E0146
GR0012627,PO-2024-016536,2024-03-10,743.29,E0151
GR0012628,PO-2024-016537,2024-03-12,2018.7,E0158
GR0012629,PO-2024-016538,2024-11-10,2750.12,E0160
GR0012630,PO-2024-016539,2024-12-09,1153.01,E0149
GR0012631,PO-2024-016540,2024-10-20,166.67,E0143
GR0012632,PO-2025-016541,2025-04-07,1057.58,E0149
GR0012633,PO-2024-016542,2024-04-28,262.89,E0146
GR0012634,PO-2024-016543,2024-02-27,960.56,E0161
GR0012635,PO-2025-016544,2025-04-20,1440.55,E0153
GR0012636,PO-2025-016545,2025-04-05,366.02,E0156
GR0012637,PO-2025-016546,2025-03-23,3405.13,E0145
GR0012638,PO-2025-016547,2025-05-08,1071.86,E0152
GR0012639,PO-2025-016548,2025-05-13,3970.95,E0148
GR0012640,PO-2024-016549,2024-03-01,213.8,E0160
GR0012641,PO-2024-016549,2024-03-11,272.46,E0154
GR0012642,PO-2025-016550,2025-02-28,1687.03,E0149
GR0012643,PO-2024-016551,2024-08-14,1881.71,E0159
GR0012644,PO-2024-016552,2024-02-09,6547.42,E0161
GR0012645,PO-2025-016553,2025-07-06,375.35,E0157
GR0012646,PO-2024-016554,2024-07-19,461.65,E0142
GR0012647,PO-2025-016555,2025-03-24,897.83,E0155
GR0012648,PO-2024-016556,2024-04-09,322.78,E0162
GR0012649,PO-2024-016557,2024-06-30,2071.41,E0148
GR0012650,PO-2024-016558,2024-07-18,841.21,E0160
GR0012651,PO-2024-016559,2024-03-04,482.13,E0140
GR0012652,PO-2024-016560,2024-08-31,328.79,E0157
GR0012653,PO-2025-016561,2025-05-10,454.09,E0140
GR0012654,PO-2024-016562,2024-06-04,297.3,E0152
GR0012655,PO-2024-016563,2024-04-23,1559.66,E0153
GR0012656,PO-2024-016564,2024-10-25,492.29,E0160
GR0012657,PO-2024-016565,2024-04-17,771.17,E0146
GR0012658,PO-2024-016566,2024-06-01,1682.77,E0145
GR0012659,PO-2024-016567,2024-11-05,3440.54,E0152
GR0012660,PO-2024-016568,2024-08-28,223.06,E0162
GR0012661,PO-2025-016569,2025-06-22,2755.14,E0143
GR0012662,PO-2024-016570,2024-10-17,1620.67,E0153
GR0012663,PO-2025-016571,2025-05-12,1273.38,E0158
GR0012664,PO-2024-016572,2024-08-01,895.67,E0143
GR0012665,PO-2024-016573,2024-05-18,1667.1,E0162
GR0012666,PO-2025-016574,2025-02-12,14902.13,E0156
GR0012667,PO-2024-016575,2024-06-09,664.94,E0161
GR0012668,PO-2024-016576,2024-07-30,11713.96,E0140
GR0012669,PO-2024-016577,2024-10-11,1528.46,E0143
GR0012670,PO-2024-016578,2024-08-05,401.23,E0155
GR0012671,PO-2024-016578,2024-08-11,222.11,E0149
GR0012672,PO-2024-016579,2024-06-13,35160.13,E0145
GR0012673,PO-2024-016580,2024-11-11,288.99,E0145
GR0012674,PO-2024-016581,2024-02-29,727.86,E0145
GR0012675,PO-2024-016582,2024-03-23,3578.48,E0141
GR0012676,PO-2024-016583,2024-07-09,1112.88,E0147
GR0012677,PO-2025-016584,2025-06-23,1753.56,E0150
GR0012678,PO-2024-016585,2024-05-11,770.07,E0155
GR0012679,PO-2025-016586,2025-04-27,3031.3,E0148
GR0012680,PO-2024-016587,2024-10-16,836.87,E0154
GR0012681,PO-2024-016588,2024-08-20,319.89,E0155
GR0012682,PO-2024-016589,2024-04-05,171.2,E0159
GR0012683,PO-2024-016590,2024-11-03,951.69,E0160
GR0012684,PO-2024-016591,2024-01-29,1889.5,E0145
GR0012685,PO-2024-016592,2024-09-04,6879.83,E0151
GR0012686,PO-2025-016593,2025-03-10,2848.42,E0147
GR0012687,PO-2024-016594,2024-10-16,6173.65,E0160
GR0012688,PO-2024-016595,2024-05-28,633.03,E0142
GR0012689,PO-2025-016596,2025-03-15,301.6,E0162
GR0012690,PO-2024-016597,2024-11-15,939.11,E0162
GR0012691,PO-2025-016598,2025-04-17,9115.3,E0158
GR0012692,PO-2025-016599,2025-02-09,945.97,E0147
GR0012693,PO-2024-016600,2024-12-19,431.16,E0157
GR0012694,PO-2024-016601,2024-02-07,1860.8,E0156
GR0012695,PO-2024-016602,2024-02-21,665.53,E0152
GR0012696,PO-2025-016603,2025-04-09,3073.82,E0148
GR0012697,PO-2025-016604,2025-04-04,1403.82,E0143
GR0012698,PO-2024-016605,2024-12-07,1277.27,E0155
GR0012699,PO-2024-016606,2025-01-11,811.83,E0156
GR0012700,PO-2025-016607,2025-03-30,658.59,E0154
GR0012701,PO-2025-016608,2025-03-05,112.16,E0155
GR0012702,PO-2025-016608,2025-03-18,98.05,E0161
GR0012703,PO-2024-016609,2024-08-11,116.73,E0143
GR0012704,PO-2024-016610,2024-02-23,1334.14,E0151
GR0012705,PO-2024-016611,2024-10-27,1929.13,E0162
GR0012706,PO-2024-016612,2024-04-22,970.9,E0140
GR0012707,PO-2024-016613,2024-02-03,3291.06,E0162
GR0012708,PO-2024-016614,2024-08-05,1995.81,E0144
GR0012709,PO-2024-016615,2024-03-04,762.07,E0155
GR0012710,PO-2025-016616,2025-04-17,348.24,E0153
GR0012711,PO-2024-016617,2024-08-06,677.1,E0160
GR0012712,PO-2025-016618,2025-07-16,3303.66,E0140
GR0012713,PO-2024-016619,2024-10-25,4248.48,E0151
GR0012714,PO-2024-016620,2024-07-15,3468.9,E0144
GR0012715,PO-2024-016621,2024-11-11,953.23,E0145
GR0012716,PO-2024-016622,2024-06-29,380.32,E0140
GR0012717,PO-2024-016622,2024-07-11,207.91,E0153
GR0012718,PO-2024-016623,2024-12-04,526.41,E0145
GR0012719,PO-2024-016624,2024-02-01,1548.42,E0148
GR0012720,PO-2025-016625,2025-02-12,22955.22,E0162
GR0012721,PO-2024-016626,2024-03-04,407.53,E0154
GR0012722,PO-2024-016627,2024-08-27,663.42,E0142
GR0012723,PO-2024-016628,2024-07-17,4938.3,E0153
GR0012724,PO-2025-016629,2025-06-21,1595.68,E0155
GR0012725,PO-2024-016630,2024-09-08,951.87,E0153
GR0012726,PO-2024-016631,2024-08-31,4092.05,E0146
GR0012727,PO-2024-016631,2024-09-06,3419.8,E0143
GR0012728,PO-2024-016632,2024-12-03,231.1,E0159
GR0012729,PO-2024-016632,2024-12-19,143.28,E0158
GR0012730,PO-2025-016633,2025-01-27,241.27,E0140
GR0012731,PO-2024-016634,2024-10-30,2538.84,E0159
GR0012732,PO-2024-016635,2024-12-29,1370.85,E0143
GR0012733,PO-2025-016636,2025-03-05,4169.11,E0161
GR0012734,PO-2025-016637,2025-02-20,279.92,E0160
GR0012735,PO-2025-016638,2025-06-14,336.7,E0147
GR0012736,PO-2025-016639,2025-06-05,430.79,E0163
GR0012737,PO-2025-016640,2025-01-11,331.5,E0152
GR0012738,PO-2024-016641,2024-06-05,2933.77,E0146
GR0012739,PO-2025-016642,2025-06-06,1230.86,E0149
GR0012740,PO-2024-016643,2024-03-01,284.01,E0145
GR0012741,PO-2024-016644,2024-08-06,771.93,E0150
GR0012742,PO-2025-016645,2025-04-01,694.38,E0158
GR0012743,PO-2025-016646,2025-03-10,1139.03,E0153
GR0012744,PO-2024-016647,2024-04-14,5090.64,E0158
GR0012745,PO-2024-016648,2024-08-11,2604.88,E0145
GR0012746,PO-2024-016649,2024-07-22,1174.17,E0143
GR0012747,PO-2025-016650,2025-06-14,655.4,E0152
GR0012748,PO-2025-016651,2025-02-12,225.07,E0146
GR0012749,PO-2025-016651,2025-03-02,116.96,E0155
GR0012750,PO-2025-016652,2025-01-31,1035.52,E0152
GR0012751,PO-2024-016653,2024-10-21,2005.01,E0162
GR0012752,PO-2024-016654,2024-11-01,690.89,E0140
GR0012753,PO-2025-016655,2025-03-26,1812.19,E0161
GR0012754,PO-2024-016656,2024-08-18,2176.66,E0142
GR0012755,PO-2025-016657,2025-05-08,410.21,E0150
GR0012756,PO-2025-016658,2025-06-15,557.76,E0151
GR0012757,PO-2024-016659,2024-01-14,270.29,E0149
GR0012758,PO-2024-016660,2024-04-30,289.86,E0145
GR0012759,PO-2025-016661,2025-07-04,2173.92,E0149
GR0012760,PO-2024-016662,2024-02-17,666.1,E0148
GR0012761,PO-2024-016663,2024-02-08,2138.5,E0143
GR0012762,PO-2025-016664,2025-04-04,952.92,E0140
GR0012763,PO-2025-016665,2025-06-28,578.76,E0152
GR0012764,PO-2024-016666,2024-06-19,1266.24,E0142
GR0012765,PO-2024-016667,2024-02-19,372.24,E0153
GR0012766,PO-2024-016668,2024-12-17,1423.21,E0158
GR0012767,PO-2024-016668,2025-01-03,1544.9,E0142
GR0012768,PO-2024-016669,2024-04-11,2460.89,E0145
GR0012769,PO-2024-016670,2024-09-13,1098.97,E0156
GR0012770,PO-2024-016671,2024-06-16,560.65,E0147
GR0012771,PO-2025-016672,2025-04-19,1377.06,E0146
GR0012772,PO-2024-016673,2024-05-21,270.37,E0155
GR0012773,PO-2024-016674,2024-11-11,1360.96,E0155
GR0012774,PO-2024-016675,2024-06-29,478.58,E0144
GR0012775,PO-2024-016676,2024-06-03,600.83,E0147
GR0012776,PO-2025-016677,2025-07-09,5799.36,E0146
GR0012777,PO-2025-016678,2025-01-22,1597.9,E0156
GR0012778,PO-2025-016678,2025-01-28,814.71,E0155
GR0012779,PO-2025-016679,2025-02-19,814.98,E0144
GR0012780,PO-2024-016680,2024-03-10,1192.01,E0160
GR0012781,PO-2024-016681,2024-12-13,286.42,E0145
GR0012782,PO-2024-016682,2024-10-10,258.43,E0142
GR0012783,PO-2024-016682,2024-10-16,170.66,E0156
GR0012784,PO-2025-016683,2025-01-14,812.86,E0153
GR0012785,PO-2025-016684,2025-05-06,1258.8,E0154
GR0012786,PO-2025-016685,2025-04-18,1862.15,E0149
GR0012787,PO-2024-016686,2024-05-09,909.55,E0158
GR0012788,PO-2024-016687,2024-06-01,3052.68,E0142
GR0012789,PO-2025-016688,2025-07-12,2701.8,E0152
GR0012790,PO-2024-016689,2024-01-11,402.49,E0143
GR0012791,PO-2024-016690,2024-09-26,587.53,E0146
GR0012792,PO-2024-016691,2024-05-20,5516.39,E0142
GR0012793,PO-2024-016692,2024-03-22,1111.76,E0163
GR0012794,PO-2025-016693,2025-01-23,369.82,E0142
GR0012795,PO-2025-016694,2025-04-03,1533.51,E0147
GR0012796,PO-2025-016695,2025-07-12,4832.77,E0163
GR0012797,PO-2024-016696,2024-10-12,2839.7,E0160
GR0012798,PO-2024-016697,2024-08-04,535.04,E0148
GR0012799,PO-2024-016698,2024-07-22,6725.95,E0149
GR0012800,PO-2025-016699,2025-01-10,119.32,E0156
GR0012801,PO-2024-016700,2024-03-29,117.35,E0163
GR0012802,PO-2025-016701,2025-04-21,947.68,E0162
GR0012803,PO-2024-016702,2024-07-22,5540.98,E0145
GR0012804,PO-2024-016703,2024-12-13,2527.76,E0163
GR0012805,PO-2024-016704,2024-08-18,2198.98,E0146
GR0012806,PO-2024-016705,2024-12-05,21160.21,E0141
GR0012807,PO-2024-016706,2024-03-28,626.73,E0149
GR0012808,PO-2024-016706,2024-04-18,330.56,E0141
GR0012809,PO-2025-016707,2025-02-27,516.45,E0153
GR0012810,PO-2025-016708,2025-05-14,495.97,E0148
GR0012811,PO-2025-016709,2025-01-30,363.0,E0161
GR0012812,PO-2024-016710,2024-11-10,1088.34,E0140
GR0012813,PO-2024-016711,2024-04-14,854.2,E0162
GR0012814,PO-2024-016712,2025-01-01,1646.94,E0162
GR0012815,PO-2024-016713,2024-09-01,203.32,E0158
GR0012816,PO-2024-016714,2024-07-24,442.37,E0143
GR0012817,PO-2024-016715,2024-08-16,287.09,E0154
GR0012818,PO-2024-016716,2024-12-28,382.8,E0154
GR0012819,PO-2025-016717,2025-06-05,1752.24,E0146
GR0012820,PO-2025-016717,2025-06-23,1027.43,E0158
GR0012821,PO-2024-016718,2024-09-06,2017.6,E0155
GR0012822,PO-2024-016719,2024-05-23,674.67,E0160
GR0012823,PO-2024-016720,2024-05-07,1655.92,E0156
GR0012824,PO-2024-016721,2024-09-15,250.04,E0141
GR0012825,PO-2025-016722,2025-03-02,1965.99,E0154
GR0012826,PO-2025-016722,2025-03-13,1657.66,E0155
GR0012827,PO-2024-016723,2024-05-19,208.17,E0145
GR0012828,PO-2024-016724,2024-12-30,823.63,E0157
GR0012829,PO-2024-016725,2024-01-20,6237.05,E0161
GR0012830,PO-2024-016726,2024-06-19,1113.3,E0147
GR0012831,PO-2025-016727,2025-03-14,774.32,E0158
GR0012832,PO-2024-016728,2024-09-16,8864.25,E0162
GR0012833,PO-2024-016729,2024-06-26,865.42,E0143
GR0012834,PO-2024-016730,2024-02-16,1661.13,E0147
GR0012835,PO-2024-016731,2024-08-27,277.33,E0152
GR0012836,PO-2024-016732,2024-01-20,142.51,E0160
GR0012837,PO-2025-016733,2025-07-21,776.59,E0150
GR0012838,PO-2024-016734,2024-09-15,1801.84,E0158
GR0012839,PO-2025-016735,2025-05-09,1203.05,E0143
GR0012840,PO-2024-016736,2024-02-21,2405.22,E0145
GR0012841,PO-2024-016737,2024-02-06,693.2,E0152
GR0012842,PO-2025-016738,2025-04-18,3772.98,E0151
GR0012843,PO-2024-016739,2024-10-18,527.78,E0163
GR0012844,PO-2024-016740,2024-02-23,317.25,E0152
GR0012845,PO-2024-016741,2025-01-10,2466.4,E0155
GR0012846,PO-2025-016742,2025-04-27,1456.62,E0158
GR0012847,PO-2024-016743,2024-11-02,928.42,E0159
GR0012848,PO-2024-016744,2024-05-15,297.43,E0157
GR0012849,PO-2024-016744,2024-05-29,128.06,E0148
GR0012850,PO-2025-016745,2025-04-30,15749.37,E0155
GR0012851,PO-2025-016746,2025-06-24,1775.83,E0140
GR0012852,PO-2024-016747,2024-09-07,1275.21,E0152
GR0012853,PO-2024-016748,2024-03-06,294.33,E0157
GR0012854,PO-2024-016749,2024-07-02,1857.79,E0156
GR0012855,PO-2024-016750,2024-08-06,2733.12,E0152
GR0012856,PO-2024-016751,2024-09-21,356.0,E0159
GR0012857,PO-2024-016752,2025-01-01,445.72,E0160
GR0012858,PO-2025-016753,2025-01-25,642.34,E0141
GR0012859,PO-2025-016754,2025-03-28,904.53,E0146
GR0012860,PO-2024-016755,2024-11-04,450.93,E0144
GR0012861,PO-2025-016756,2025-02-25,373.85,E0149
GR0012862,PO-2025-016756,2025-03-13,414.13,E0157
GR0012863,PO-2024-016757,2024-08-29,1014.27,E0147
GR0012864,PO-2024-016758,2024-03-14,221.51,E0154
GR0012865,PO-2025-016759,2025-04-18,2337.73,E0158
GR0012866,PO-2024-016760,2024-04-01,514.27,E0153
GR0012867,PO-2024-016761,2024-09-23,583.78,E0162
GR0012868,PO-2024-016762,2024-06-04,1560.42,E0148
GR0012869,PO-2024-016763,2024-01-27,205.3,E0142
GR0012870,PO-2024-016764,2024-04-23,723.2,E0150
GR0012871,PO-2025-016765,2025-03-03,1606.16,E0150
GR0012872,PO-2025-016766,2025-06-04,1637.28,E0162
GR0012873,PO-2024-016767,2024-08-06,1554.16,E0148
GR0012874,PO-2024-016768,2024-08-09,999.92,E0149
GR0012875,PO-2024-016769,2024-03-08,629.93,E0155
GR0012876,PO-2024-016769,2024-03-16,884.44,E0152
GR0012877,PO-2024-016770,2024-09-18,959.57,E0163
GR0012878,PO-2024-016771,2024-05-10,2007.45,E0152
GR0012879,PO-2025-016772,2025-05-30,229.38,E0157
GR0012880,PO-2025-016773,2025-05-24,1428.53,E0158
GR0012881,PO-2024-016774,2025-01-06,413.35,E0153
GR0012882,PO-2024-016775,2024-08-24,975.82,E0163
GR0012883,PO-2024-016776,2024-03-24,5739.01,E0163
GR0012884,PO-2024-016777,2024-04-11,117.51,E0157
GR0012885,PO-2024-016778,2024-10-30,2090.39,E0141
GR0012886,PO-2025-016779,2025-07-04,345.74,E0140
GR0012887,PO-2025-016779,2025-07-12,288.68,E0146
GR0012888,PO-2024-016780,2024-06-29,1168.29,E0145
GR0012889,PO-2024-016780,2024-07-19,1187.02,E0162
GR0012890,PO-2024-016781,2024-04-20,1092.62,E0158
GR0012891,PO-2024-016781,2024-05-03,542.56,E0149
GR0012892,PO-2025-016782,2025-06-20,1105.31,E0162
GR0012893,PO-2025-016782,2025-06-23,648.45,E0153
GR0012894,PO-2024-016783,2024-04-17,3328.44,E0153
GR0012895,PO-2025-016784,2025-06-23,2970.35,E0141
GR0012896,PO-2025-016784,2025-07-04,2242.21,E0157
GR0012897,PO-2025-016785,2025-02-09,5078.83,E0156
GR0012898,PO-2024-016786,2024-05-05,324.35,E0140
GR0012899,PO-2024-016787,2024-04-22,587.26,E0161
GR0012900,PO-2024-016788,2024-11-12,983.12,E0160
GR0012901,PO-2024-016789,2024-02-14,1206.21,E0140
GR0012902,PO-2025-016790,2025-05-30,1698.4,E0150
GR0012903,PO-2024-016791,2024-04-16,2068.75,E0150
GR0012904,PO-2024-016792,2024-10-18,719.71,E0157
GR0012905,PO-2024-016793,2024-11-21,685.82,E0142
GR0012906,PO-2024-016793,2024-12-04,879.14,E0144
GR0012907,PO-2025-016794,2025-03-18,381.88,E0161
GR0012908,PO-2025-016916,2025-04-23,2428.78,E0159
GR0012909,PO-2024-016917,2024-10-26,3621.36,E0144
GR0012910,PO-2024-016918,2024-09-12,2962.04,E0155
GR0012911,PO-2024-016919,2024-09-01,1730.58,E0146
GR0012912,PO-2025-016920,2025-03-26,7249.01,E0140
GR0012913,PO-2025-016921,2025-07-10,4844.74,E0146
GR0012914,PO-2025-016922,2025-05-27,2694.66,E0145
GR0012915,PO-2025-016923,2025-04-25,12500.9,E0153
GR0012916,PO-2024-016924,2024-10-28,2306.51,E0156
GR0012917,PO-2025-016925,2025-05-26,4869.71,E0143
GR0012918,PO-2024-016926,2024-08-24,6445.76,E0160
GR0012919,PO-2024-016927,2024-11-17,2996.27,E0141
GR0012920,PO-2024-016928,2024-07-21,4875.26,E0143
GR0012921,PO-2024-016929,2024-02-13,828.03,E0154
GR0012922,PO-2024-016930,2024-08-14,19823.77,E0153
GR0012923,PO-2024-016931,2024-02-17,1805.27,E0157
GR0012924,PO-2025-016932,2025-02-26,2365.39,E0150
GR0012925,PO-2025-016933,2025-02-11,1337.57,E0148
GR0012926,PO-2025-016934,2025-06-05,5700.88,E0150
GR0012927,PO-2024-016935,2024-08-27,5365.96,E0163
GR0012928,PO-2024-016935,2024-09-12,2680.27,E0160
GR0012929,PO-2025-016936,2025-07-15,2236.57,E0152
GR0012930,PO-2025-016937,2025-04-26,4101.13,E0143
GR0012931,PO-2025-016937,2025-05-04,3541.95,E0151
GR0012932,PO-2024-016938,2024-03-10,1867.12,E0152
GR0012933,PO-2025-016939,2025-06-14,4744.41,E0153
GR0012934,PO-2025-016940,2025-03-12,6793.44,E0154
GR0012935,PO-2024-016941,2024-09-19,6347.13,E0147
GR0012936,PO-2024-016942,2024-12-29,2129.49,E0144
GR0012937,PO-2024-016943,2024-04-05,3789.64,E0158
GR0012938,PO-2024-016944,2024-10-19,1731.47,E0141
GR0012939,PO-2024-016945,2024-10-12,4524.38,E0142
GR0012940,PO-2024-016946,2024-07-28,4222.62,E0148
GR0012941,PO-2025-016947,2025-02-13,28065.01,E0145
GR0012942,PO-2024-016948,2024-12-19,1408.99,E0163
GR0012943,PO-2025-016949,2025-05-23,1451.97,E0145
GR0012944,PO-2025-016950,2025-06-17,500.79,E0145
GR0012945,PO-2024-016951,2024-07-18,3403.44,E0162
GR0012946,PO-2025-016952,2025-05-10,3130.27,E0152
GR0012947,PO-2025-016953,2025-06-04,2365.99,E0150
GR0012948,PO-2024-016954,2024-02-13,475.8,E0162
GR0012949,PO-2024-016954,2024-03-04,551.51,E0148
GR0012950,PO-2024-016955,2024-09-26,10822.17,E0144
GR0012951,PO-2025-016956,2025-03-10,461.72,E0162
GR0012952,PO-2025-016956,2025-03-18,284.2,E0152
GR0012953,PO-2025-016957,2025-01-18,1582.68,E0140
GR0012954,PO-2024-016958,2024-11-10,19100.09,E0153
GR0012955,PO-2024-016959,2024-03-29,2560.19,E0160
GR0012956,PO-2024-016960,2024-02-12,372.3,E0161
GR0012957,PO-2025-016961,2025-06-02,2004.62,E0145
GR0012958,PO-2024-016962,2024-03-12,5016.98,E0153
GR0012959,PO-2024-016963,2024-04-12,30527.0,E0149
GR0012960,PO-2025-016964,2025-04-18,4462.38,E0152
GR0012961,PO-2024-016965,2024-04-09,2930.88,E0140
GR0012962,PO-2025-016966,2025-04-30,2566.63,E0162
GR0012963,PO-2024-016967,2024-02-14,2039.05,E0145
GR0012964,PO-2024-016968,2024-09-06,1945.68,E0154
GR0012965,PO-2024-016969,2024-07-04,6014.22,E0160
GR0012966,PO-2024-016970,2025-01-04,1092.5,E0154
GR0012967,PO-2024-016971,2024-09-26,1064.78,E0141
GR0012968,PO-2024-016972,2024-03-27,2426.24,E0142
GR0012969,PO-2024-016972,2024-04-10,1480.21,E0155
GR0012970,PO-2024-016973,2024-05-05,969.72,E0147
GR0012971,PO-2024-016974,2024-11-20,2214.64,E0147
GR0012972,PO-2024-016974,2024-11-30,1019.37,E0152
GR0012973,PO-2025-016975,2025-02-25,1622.07,E0162
GR0012974,PO-2025-016975,2025-03-16,1251.42,E0157
GR0012975,PO-2025-016976,2025-04-26,1654.54,E0153
GR0012976,PO-2024-016977,2024-12-29,1564.44,E0157
GR0012977,PO-2024-016978,2024-11-08,1251.8,E0148
GR0012978,PO-2024-016979,2024-12-31,3145.31,E0152
GR0012979,PO-2025-016980,2025-04-09,3109.67,E0162
GR0012980,PO-2024-016981,2024-06-11,93741.1,E0149
GR0012981,PO-2025-016982,2025-01-23,3706.31,E0162
GR0012982,PO-2024-016983,2024-04-11,3657.28,E0141
GR0012983,PO-2024-016984,2024-03-05,3382.45,E0156
GR0012984,PO-2025-016985,2025-01-06,1585.67,E0149
GR0012985,PO-2024-016986,2024-03-06,1902.36,E0158
GR0012986,PO-2024-016987,2024-07-07,2742.74,E0144
GR0012987,PO-2025-016988,2025-05-03,2517.4,E0160
GR0012988,PO-2024-016989,2024-07-04,5351.88,E0142
GR0012989,PO-2024-016990,2024-07-24,4479.18,E0159
GR0012990,PO-2025-016991,2025-05-13,4207.03,E0151
GR0012991,PO-2024-016992,2024-07-31,1707.69,E0160
GR0012992,PO-2025-016993,2025-04-17,10927.51,E0156
GR0012993,PO-2025-016993,2025-04-20,4843.78,E0159
GR0012994,PO-2025-016994,2025-07-03,2610.17,E0150
GR0012995,PO-2025-016995,2025-01-27,3608.62,E0159
GR0012996,PO-2024-016996,2024-05-28,3158.88,E0148
GR0012997,PO-2025-016997,2025-05-30,1090.88,E0163
GR0012998,PO-2024-016998,2024-03-09,618.51,E0162
GR0012999,PO-2024-016998,2024-03-17,276.85,E0156
GR0013000,PO-2024-016999,2024-06-15,3660.65,E0154
GR0013001,PO-2025-017000,2025-05-19,1804.86,E0148
GR0013002,PO-2024-017001,2024-03-24,3910.44,E0143
GR0013003,PO-2025-017002,2025-03-21,1677.32,E0143
GR0013004,PO-2025-017003,2025-03-10,661.47,E0149
GR0013005,PO-2025-017003,2025-03-21,632.02,E0140
GR0013006,PO-2024-017004,2024-12-14,11302.04,E0160
GR0013007,PO-2025-017005,2025-04-02,687.22,E0154
GR0013008,PO-2024-017006,2024-08-17,563.62,E0147
GR0013009,PO-2024-017006,2024-08-22,451.26,E0156
GR0013010,PO-2025-017007,2025-03-07,2599.67,E0142
GR0013011,PO-2025-017007,2025-03-17,2240.59,E0152
GR0013012,PO-2024-017008,2024-11-25,3791.23,E0155
GR0013013,PO-2025-017009,2025-03-14,918.68,E0156
GR0013014,PO-2024-017010,2024-09-14,5262.19,E0159
GR0013015,PO-2025-017011,2025-04-17,11456.8,E0142
GR0013016,PO-2024-017012,2024-09-23,659.55,E0151
GR0013017,PO-2024-017013,2024-12-31,1331.09,E0145
GR0013018,PO-2024-017014,2024-03-26,4865.89,E0148
GR0013019,PO-2024-017014,2024-04-06,6580.83,E0162
GR0013020,PO-2025-017015,2025-03-10,1273.49,E0154
GR0013021,PO-2024-017016,2024-03-03,8447.19,E0144
GR0013022,PO-2024-017017,2024-04-23,1147.8,E0160
GR0013023,PO-2025-017018,2025-01-19,2780.53,E0153
GR0013024,PO-2024-017019,2024-07-15,9538.21,E0145
GR0013025,PO-2024-017020,2024-08-07,2494.94,E0145
GR0013026,PO-2024-017020,2024-08-20,1086.7,E0157
GR0013027,PO-2025-017021,2025-04-29,758.66,E0161
GR0013028,PO-2024-017022,2024-12-05,391.79,E0150
GR0013029,PO-2024-017022,2024-12-07,329.9,E0149
GR0013030,PO-2024-017023,2024-10-07,2387.98,E0143
GR0013031,PO-2024-017024,2024-12-12,2690.86,E0163
GR0013032,PO-2025-017025,2025-04-19,1963.46,E0144
GR0013033,PO-2025-017026,2025-04-05,3761.76,E0163
GR0013034,PO-2025-017027,2025-05-05,614.72,E0153
GR0013035,PO-2025-017027,2025-05-21,509.66,E0146
GR0013036,PO-2025-017028,2025-03-15,11731.67,E0162
GR0013037,PO-2025-017029,2025-05-13,528.95,E0150
GR0013038,PO-2024-017030,2024-06-05,1233.52,E0157
GR0013039,PO-2024-017031,2024-11-29,12220.89,E0158
GR0013040,PO-2024-017032,2024-06-11,1856.17,E0143
GR0013041,PO-2025-017033,2025-05-05,5148.94,E0142
GR0013042,PO-2024-017034,2024-03-24,694.47,E0146
GR0013043,PO-2024-017034,2024-04-02,817.18,E0159
GR0013044,PO-2024-017035,2024-12-03,14580.32,E0145
GR0013045,PO-2025-017036,2025-03-27,3071.05,E0159
GR0013046,PO-2024-017037,2024-07-01,2553.56,E0153
GR0013047,PO-2024-017037,2024-07-11,2190.46,E0154
GR0013048,PO-2025-017038,2025-01-26,803.79,E0158
GR0013049,PO-2024-017039,2024-11-14,3749.61,E0143
GR0013050,PO-2024-017040,2024-06-30,2802.2,E0143
GR0013051,PO-2024-017041,2024-12-14,16199.89,E0144
GR0013052,PO-2025-017042,2025-03-13,10619.11,E0161
GR0013053,PO-2024-017043,2024-03-06,1561.86,E0142
GR0013054,PO-2024-017044,2024-08-31,2161.38,E0160
GR0013055,PO-2025-017045,2025-01-28,1046.75,E0157
GR0013056,PO-2025-017046,2025-06-02,5442.45,E0152
GR0013057,PO-2024-017047,2024-09-01,3688.52,E0145
GR0013058,PO-2024-017047,2024-09-12,1943.99,E0145
GR0013059,PO-2024-017048,2024-03-28,16392.03,E0159
GR0013060,PO-2024-017049,2024-07-27,2444.21,E0158
GR0013061,PO-2024-017050,2024-05-09,4701.21,E0143
GR0013062,PO-2024-017051,2024-09-02,3876.03,E0152
GR0013063,PO-2024-017052,2024-03-12,2184.7,E0144
GR0013064,PO-2024-017053,2024-09-28,1052.87,E0144
GR0013065,PO-2024-017054,2025-01-08,5594.03,E0145
GR0013066,PO-2025-017055,2025-06-30,3043.47,E0158
GR0013067,PO-2025-017056,2025-03-11,4107.52,E0162
GR0013068,PO-2024-017057,2024-08-03,9911.58,E0156
GR0013069,PO-2025-017058,2025-05-18,2032.31,E0152
GR0013070,PO-2024-017059,2024-10-15,2651.68,E0157
GR0013071,PO-2024-017060,2024-11-05,512.09,E0163
GR0013072,PO-2024-017061,2024-07-02,2728.49,E0145
GR0013073,PO-2025-017062,2025-04-17,117.82,E0149
GR0013074,PO-2024-017063,2024-12-05,4002.56,E0140
GR0013075,PO-2024-017063,2024-12-20,2701.74,E0144
GR0013076,PO-2025-017064,2025-02-02,1784.79,E0160
GR0013077,PO-2025-017065,2025-06-12,2507.11,E0142
GR0013078,PO-2024-017066,2024-06-25,1349.97,E0141
GR0013079,PO-2024-017067,2024-06-29,1383.95,E0147
GR0013080,PO-2025-017068,2025-01-12,943.07,E0153
GR0013081,PO-2024-017069,2024-10-22,2697.28,E0159
GR0013082,PO-2025-017070,2025-02-21,2431.5,E0143
GR0013083,PO-2024-017071,2024-02-25,768.65,E0144
GR0013084,PO-2024-017072,2024-07-16,11513.59,E0141
GR0013085,PO-2024-017073,2024-03-11,6998.76,E0157
GR0013086,PO-2024-017074,2024-08-27,2442.18,E0158
GR0013087,PO-2025-017075,2025-04-22,26074.69,E0163
GR0013088,PO-2024-017076,2025-01-04,15660.15,E0145
GR0013089,PO-2024-017077,2024-09-13,2710.65,E0142
GR0013090,PO-2024-017078,2024-09-21,5110.35,E0144
GR0013091,PO-2024-017078,2024-10-07,4743.91,E0141
GR0013092,PO-2024-017079,2024-03-11,557.46,E0145
GR0013093,PO-2025-017080,2025-06-29,2733.89,E0156
GR0013094,PO-2024-017081,2024-05-21,2365.3,E0152
GR0013095,PO-2025-017082,2025-06-14,1056.94,E0160
GR0013096,PO-2024-017083,2024-04-25,1790.63,E0146
GR0013097,PO-2025-017084,2025-03-06,3883.11,E0159
GR0013098,PO-2024-017085,2024-02-24,6051.57,E0156
GR0013099,PO-2025-017086,2025-03-18,2157.6,E0143
GR0013100,PO-2024-017087,2024-11-16,599.22,E0151
GR0013101,PO-2024-017088,2024-02-23,993.1,E0151
GR0013102,PO-2024-017088,2024-03-10,451.66,E0153
GR0013103,PO-2024-017089,2024-02-20,2047.42,E0158
GR0013104,PO-2024-017090,2024-11-08,7040.22,E0156
GR0013105,PO-2025-017091,2025-01-28,556.01,E0142
GR0013106,PO-2024-017092,2024-07-24,773.12,E0158
GR0013107,PO-2025-017093,2025-02-17,41981.01,E0146
GR0013108,PO-2024-017094,2024-11-27,2128.51,E0160
GR0013109,PO-2024-017095,2024-06-29,130.07,E0155
GR0013110,PO-2024-017095,2024-07-11,174.25,E0146
GR0013111,PO-2025-017132,2025-03-07,8519.48,E0150
GR0013112,PO-2025-017133,2025-05-30,14839.69,E0142
GR0013113,PO-2024-017134,2024-08-10,119.25,E0143
GR0013114,PO-2024-017135,2024-03-10,2534.2,E0143
GR0013115,PO-2024-017136,2024-12-22,3656.01,E0153
GR0013116,PO-2025-017137,2025-04-18,9417.57,E0148
GR0013117,PO-2025-017138,2025-06-16,1857.5,E0140
GR0013118,PO-2024-017139,2024-02-08,8458.44,E0153
GR0013119,PO-2025-017140,2025-02-23,16465.21,E0158
GR0013120,PO-2024-017141,2024-01-18,16534.29,E0145
GR0013121,PO-2024-017142,2024-04-18,1096.17,E0150
GR0013122,PO-2025-017143,2025-06-05,3649.27,E0162
GR0013123,PO-2024-017144,2024-10-04,4705.3,E0143
GR0013124,PO-2024-017145,2024-11-04,2231.4,E0140
GR0013125,PO-2024-017146,2024-04-23,10394.92,E0155
GR0013126,PO-2024-017147,2024-01-21,4337.34,E0163
GR0013127,PO-2025-017148,2025-04-11,6457.57,E0151
GR0013128,PO-2024-017149,2024-06-13,1013.25,E0162
GR0013129,PO-2024-017150,2024-04-24,14268.65,E0155
GR0013130,PO-2024-017151,2024-06-11,9542.47,E0153
GR0013131,PO-2025-017152,2025-07-18,7986.33,E0142
GR0013132,PO-2024-017153,2024-08-25,2573.32,E0151
GR0013133,PO-2024-017154,2024-03-17,4357.56,E0145
GR0013134,PO-2025-017155,2025-01-30,28605.42,E0153
GR0013135,PO-2024-017156,2024-01-19,17465.89,E0162
GR0013136,PO-2025-017157,2025-02-10,19102.13,E0158
GR0013137,PO-2024-017158,2024-03-16,25533.01,E0146
GR0013138,PO-2025-017159,2025-06-23,4295.05,E0160
GR0013139,PO-2024-017160,2024-05-14,3801.3,E0163
GR0013140,PO-2025-017161,2025-05-12,4143.56,E0162
GR0013141,PO-2025-017162,2025-01-11,7113.86,E0155
GR0013142,PO-2024-017163,2024-10-01,17701.43,E0145
GR0013143,PO-2024-017164,2024-05-21,2220.01,E0151
GR0013144,PO-2024-017165,2024-10-12,3064.92,E0158
GR0013145,PO-2025-017166,2025-05-31,5783.3,E0154
GR0013146,PO-2024-017167,2024-11-12,17840.39,E0161
GR0013147,PO-2024-017168,2024-08-18,2475.93,E0151
GR0013148,PO-2024-017168,2024-08-23,1463.64,E0156
GR0013149,PO-2024-017169,2024-04-16,89887.0,E0142
GR0013150,PO-2024-017170,2024-01-10,4572.09,E0145
GR0013151,PO-2025-017171,2025-03-10,12009.8,E0162
GR0013152,PO-2025-017172,2025-03-29,1947.89,E0141
GR0013153,PO-2024-017173,2024-10-17,2605.91,E0159
GR0013154,PO-2024-017174,2024-02-27,1898.02,E0159
GR0013155,PO-2024-017175,2024-05-25,4680.24,E0161
GR0013156,PO-2024-017176,2024-03-23,3780.41,E0145
GR0013157,PO-2024-017177,2024-09-04,6025.32,E0162
GR0013158,PO-2024-017178,2024-04-26,2661.04,E0147
GR0013159,PO-2024-017179,2024-07-24,9938.91,E0144
GR0013160,PO-2024-017180,2024-10-19,1402.46,E0152
GR0013161,PO-2024-017180,2024-11-01,618.23,E0152
GR0013162,PO-2024-017181,2024-06-24,11378.56,E0147
GR0013163,PO-2025-017182,2025-02-15,5842.1,E0140
GR0013164,PO-2025-017182,2025-02-27,3828.78,E0140
GR0013165,PO-2024-017183,2024-10-08,4814.75,E0148
GR0013166,PO-2025-017184,2025-04-09,458.51,E0150
GR0013167,PO-2025-017185,2025-07-13,7498.85,E0148
GR0013168,PO-2024-017186,2025-01-05,13682.61,E0146
GR0013169,PO-2024-017187,2024-08-07,2199.05,E0160
GR0013170,PO-2024-017188,2024-06-13,17353.26,E0155
GR0013171,PO-2024-017189,2024-07-13,2005.66,E0143
GR0013172,PO-2024-017190,2024-12-15,908.91,E0156
GR0013173,PO-2025-017191,2025-05-30,2756.25,E0157
GR0013174,PO-2024-017192,2024-01-26,2879.56,E0158
GR0013175,PO-2024-017193,2024-05-14,1882.81,E0145
GR0013176,PO-2024-017194,2024-08-24,4589.88,E0155
GR0013177,PO-2025-017195,2025-06-27,1113.72,E0144
GR0013178,PO-2024-017196,2024-01-27,1599.58,E0161
GR0013179,PO-2024-017196,2024-02-14,825.28,E0153
GR0013180,PO-2025-017197,2025-03-09,2416.53,E0161
GR0013181,PO-2025-017198,2025-01-22,4137.22,E0145
GR0013182,PO-2024-017199,2024-06-23,234.47,E0155
GR0013183,PO-2024-017200,2024-09-11,2296.01,E0163
GR0013184,PO-2024-017201,2024-10-04,627.52,E0149
GR0013185,PO-2025-017202,2025-04-20,790.77,E0158
GR0013186,PO-2025-017203,2025-06-18,4916.5,E0157
GR0013187,PO-2024-017204,2024-10-24,1932.24,E0150
GR0013188,PO-2025-017205,2025-02-25,245.56,E0159
GR0013189,PO-2025-017206,2025-04-10,1674.7,E0141
GR0013190,PO-2024-017216,2024-04-13,9550.14,E0143
GR0013191,PO-2024-017216,2024-04-18,4344.76,E0141
GR0013192,PO-2024-017217,2024-11-17,2058.45,E0155
GR0013193,PO-2024-017218,2024-05-24,499.67,E0149
GR0013194,PO-2024-017219,2024-09-17,19967.93,E0146
GR0013195,PO-2024-017219,2024-10-06,22628.29,E0149
GR0013196,PO-2025-017220,2025-02-15,6236.2,E0160
GR0013197,PO-2025-017220,2025-02-27,3190.62,E0154
GR0013198,PO-2024-017221,2024-02-24,21027.93,E0144
GR0013199,PO-2024-017222,2024-11-13,10090.28,E0143
GR0013200,PO-2024-017223,2024-02-05,5563.86,E0144
GR0013201,PO-2024-017224,2024-09-28,3819.35,E0154
GR0013202,PO-2024-017225,2024-03-04,22246.44,E0159
GR0013203,PO-2024-017226,2024-07-20,13685.0,E0145
GR0013204,PO-2025-017227,2025-01-26,10213.22,E0153
GR0013205,PO-2025-017227,2025-02-08,5106.59,E0162
GR0013206,PO-2024-017228,2024-04-24,7161.56,E0154
GR0013207,PO-2024-017229,2024-08-11,1001.43,E0157
GR0013208,PO-2025-017230,2025-02-09,3809.24,E0147
GR0013209,PO-2024-017231,2024-01-28,1375.91,E0149
GR0013210,PO-2024-017232,2024-02-20,30059.0,E0154
GR0013211,PO-2025-017233,2025-06-27,1044.34,E0158
GR0013212,PO-2024-017234,2024-04-19,3080.41,E0148
GR0013213,PO-2025-017235,2025-02-11,7614.99,E0147
GR0013214,PO-2024-017236,2024-03-04,2741.88,E0154
GR0013215,PO-2024-017237,2024-10-11,7605.9,E0160
GR0013216,PO-2024-017238,2024-10-13,6089.2,E0148
GR0013217,PO-2024-017238,2024-10-21,6501.17,E0156
GR0013218,PO-2025-017239,2025-06-29,10425.28,E0151
GR0013219,PO-2024-017240,2024-04-27,41974.18,E0142
GR0013220,PO-2024-017241,2024-08-04,2766.49,E0160
GR0013221,PO-2024-017241,2024-08-17,2535.39,E0150
GR0013222,PO-2025-017242,2025-05-16,6078.97,E0142
GR0013223,PO-2024-017243,2024-08-28,4847.59,E0144
GR0013224,PO-2024-017244,2024-12-09,11176.19,E0158
GR0013225,PO-2024-017245,2024-09-19,6241.77,E0157
GR0013226,PO-2024-017246,2024-10-22,3367.89,E0161
GR0013227,PO-2025-017247,2025-06-17,9682.69,E0141
GR0013228,PO-2024-017248,2024-02-07,2879.09,E0147
GR0013229,PO-2024-017249,2024-10-06,1479.58,E0160
GR0013230,PO-2025-017250,2025-04-06,1975.32,E0146
GR0013231,PO-2024-017251,2024-03-30,5430.27,E0149
GR0013232,PO-2025-017252,2025-01-23,38805.1,E0154
GR0013233,PO-2024-017253,2024-08-19,13623.33,E0149
GR0013234,PO-2025-017254,2025-01-18,3239.34,E0156
GR0013235,PO-2024-017255,2024-02-05,16963.93,E0163
GR0013236,PO-2024-017256,2024-05-05,19546.71,E0150
GR0013237,PO-2024-017257,2024-03-06,33446.77,E0147
GR0013238,PO-2024-017258,2024-03-06,11170.65,E0153
GR0013239,PO-2024-017259,2024-10-21,4248.18,E0160
GR0013240,PO-2025-017260,2025-05-15,2493.32,E0156
GR0013241,PO-2024-017261,2024-10-01,17754.45,E0140
GR0013242,PO-2024-017262,2024-07-27,3569.32,E0163
GR0013243,PO-2024-017263,2024-07-14,4401.79,E0145
GR0013244,PO-2024-017264,2024-12-18,12744.38,E0158
GR0013245,PO-2024-017265,2024-07-28,7893.84,E0145
GR0013246,PO-2024-017266,2024-11-16,27016.28,E0141
GR0013247,PO-2024-017267,2024-09-13,1474.9,E0149
GR0013248,PO-2024-017268,2024-10-07,10072.27,E0151
GR0013249,PO-2025-017269,2025-06-04,2009.21,E0145
GR0013250,PO-2025-017270,2025-02-20,16854.27,E0162
GR0013251,PO-2025-017270,2025-02-28,14376.08,E0144
GR0013252,PO-2024-017271,2024-02-06,53677.77,E0144
GR0013253,PO-2025-017272,2025-03-13,13570.26,E0147
GR0013254,PO-2024-017273,2024-05-08,27559.53,E0152
GR0013255,PO-2025-017274,2025-04-23,1783.75,E0151
GR0013256,PO-2025-017275,2025-03-20,3669.91,E0160
GR0013257,PO-2024-017276,2024-03-25,5345.33,E0150
GR0013258,PO-2024-017277,2024-11-21,3117.9,E0153
GR0013259,PO-2024-017278,2024-05-22,21999.5,E0152
GR0013260,PO-2024-017279,2024-07-19,6078.32,E0141
GR0013261,PO-2025-017280,2025-05-21,1200.62,E0157
GR0013262,PO-2025-017280,2025-05-31,1528.66,E0155
GR0013263,PO-2024-017281,2025-01-02,4658.77,E0152
GR0013264,PO-2025-017282,2025-03-02,1815.43,E0149
GR0013265,PO-2025-017283,2025-05-21,4816.37,E0150
GR0013266,PO-2024-017284,2024-01-26,34267.42,E0150
GR0013267,PO-2025-017285,2025-03-11,3885.7,E0142
GR0013268,PO-2025-017286,2025-04-30,4088.76,E0143
GR0013269,PO-2024-017287,2024-05-05,1758.56,E0140
GR0013270,PO-2024-017288,2024-08-09,977.3,E0150
GR0013271,PO-2025-017289,2025-05-29,895.18,E0146
GR0013272,PO-2025-017289,2025-06-08,1015.68,E0163
GR0013273,PO-2024-017290,2024-10-22,19504.8,E0143
GR0013274,PO-2024-017291,2024-04-01,5830.04,E0150
GR0013275,PO-2025-017292,2025-05-08,6869.18,E0160
GR0013276,PO-2025-017293,2025-06-09,2357.73,E0143
GR0013277,PO-2024-017294,2024-05-05,12149.67,E0145
GR0013278,PO-2025-017295,2025-03-27,9181.71,E0142
GR0013279,PO-2024-017296,2024-03-13,2595.94,E0140
GR0013280,PO-2025-017297,2025-05-28,10495.89,E0146
GR0013281,PO-2024-017298,2024-09-02,14612.06,E0159
GR0013282,PO-2024-017298,2024-09-12,7794.54,E0142
GR0013283,PO-2024-017299,2024-04-22,606.25,E0147
GR0013284,PO-2024-017299,2024-05-05,551.11,E0150
GR0013285,PO-2025-017300,2025-01-11,10748.47,E0149
GR0013286,PO-2024-017301,2024-04-09,3934.25,E0150
GR0013287,PO-2024-017302,2024-04-25,12120.18,E0145
GR0013288,PO-2024-017303,2024-10-02,3232.06,E0149
GR0013289,PO-2024-017304,2024-03-13,6841.55,E0147
GR0013290,PO-2025-017373,2025-05-01,4047.78,E0150
GR0013291,PO-2024-017374,2024-05-29,1594.21,E0150
GR0013292,PO-2024-017375,2024-07-15,2135.88,E0145
GR0013293,PO-2025-017376,2025-06-06,1443.75,E0163
GR0013294,PO-2024-017377,2024-04-15,470.97,E0144
GR0013295,PO-2024-017378,2024-12-08,920.14,E0155
GR0013296,PO-2025-017379,2025-04-02,192.39,E0142
GR0013297,PO-2024-017380,2024-12-24,497.92,E0148
GR0013298,PO-2024-017380,2025-01-13,213.43,E0160
GR0013299,PO-2025-017381,2025-05-27,914.94,E0163
GR0013300,PO-2024-017382,2024-11-10,405.27,E0146
GR0013301,PO-2025-017383,2025-03-06,1536.42,E0156
GR0013302,PO-2024-017384,2024-08-27,188.74,E0161
GR0013303,PO-2024-017385,2024-08-24,266.25,E0141
GR0013304,PO-2024-017386,2024-10-07,730.34,E0150
GR0013305,PO-2025-017387,2025-06-14,1079.15,E0146
GR0013306,PO-2024-017388,2024-07-05,1072.2,E0140
GR0013307,PO-2024-017389,2024-06-10,438.76,E0154
GR0013308,PO-2025-017390,2025-05-09,905.26,E0153
GR0013309,PO-2025-017391,2025-06-30,3615.31,E0160
GR0013310,PO-2024-017392,2024-12-19,1474.04,E0157
GR0013311,PO-2024-017392,2025-01-01,1823.67,E0150
GR0013312,PO-2025-017393,2025-05-07,530.49,E0148
GR0013313,PO-2025-017394,2025-04-29,4000.04,E0163
GR0013314,PO-2024-017395,2024-02-21,272.43,E0159
GR0013315,PO-2024-017396,2024-12-04,5070.56,E0156
GR0013316,PO-2024-017397,2024-09-16,2490.31,E0141
GR0013317,PO-2025-017398,2025-07-09,1267.41,E0161
GR0013318,PO-2024-017399,2024-01-23,279.83,E0143
GR0013319,PO-2024-017400,2024-01-27,649.62,E0161
GR0013320,PO-2025-017401,2025-02-12,245.01,E0153
GR0013321,PO-2024-017402,2024-05-04,859.37,E0162
GR0013322,PO-2024-017487,2024-09-09,2421.86,E0159
GR0013323,PO-2024-017488,2024-12-04,1026.32,E0153
GR0013324,PO-2024-017489,2024-09-20,2560.94,E0156
GR0013325,PO-2024-017490,2024-02-28,1786.87,E0145
GR0013326,PO-2024-017491,2024-05-26,1659.08,E0151
GR0013327,PO-2024-017492,2024-03-12,4297.05,E0154
GR0013328,PO-2024-017493,2024-02-10,3773.14,E0140
GR0013329,PO-2024-017493,2024-02-23,1990.82,E0144
GR0013330,PO-2025-017494,2025-02-20,20725.14,E0144
GR0013331,PO-2025-017495,2025-03-13,2602.71,E0161
GR0013332,PO-2024-017496,2024-12-31,622.71,E0140
GR0013333,PO-2024-017497,2024-09-22,2288.45,E0163
GR0013334,PO-2024-017498,2024-05-20,303.36,E0141
GR0013335,PO-2024-017499,2024-05-02,5599.24,E0158
GR0013336,PO-2025-017500,2025-03-21,641.13,E0152
GR0013337,PO-2025-017501,2025-05-31,1970.51,E0153
GR0013338,PO-2025-017501,2025-06-09,2663.25,E0142
GR0013339,PO-2024-017502,2024-11-05,246.3,E0161
GR0013340,PO-2024-017502,2024-11-11,200.8,E0160
GR0013341,PO-2025-017503,2025-05-07,810.9,E0159
GR0013342,PO-2024-017504,2024-03-07,1041.15,E0145
GR0013343,PO-2025-017505,2025-07-01,3397.53,E0144
GR0013344,PO-2025-017506,2025-02-25,3475.01,E0145
GR0013345,PO-2024-017507,2024-11-04,1458.3,E0154
GR0013346,PO-2024-017508,2024-04-08,643.31,E0156
GR0013347,PO-2024-017509,2024-08-23,1670.97,E0142
GR0013348,PO-2024-017510,2025-01-07,249.47,E0159
GR0013349,PO-2025-017511,2025-06-11,833.4,E0146
GR0013350,PO-2024-017512,2024-04-06,5607.43,E0162
GR0013351,PO-2024-017513,2024-11-28,676.05,E0145
GR0013352,PO-2025-017514,2025-02-19,3688.33,E0145
GR0013353,PO-2025-017515,2025-01-25,609.65,E0148
GR0013354,PO-2024-017516,2024-09-25,808.07,E0153
GR0013355,PO-2024-017517,2024-04-08,1879.7,E0143
GR0013356,PO-2025-017518,2025-04-09,2474.27,E0156
GR0013357,PO-2025-017518,2025-04-14,2632.14,E0152
GR0013358,PO-2025-017519,2025-03-28,842.89,E0154
GR0013359,PO-2024-017613,2024-08-23,4753.35,E0149
GR0013360,PO-2024-017614,2024-11-27,2184.86,E0161
GR0013361,PO-2024-017615,2024-04-04,3919.74,E0157
GR0013362,PO-2024-017616,2024-08-20,1305.51,E0145
GR0013363,PO-2024-017617,2024-11-12,587.48,E0157
GR0013364,PO-2025-017618,2025-07-06,11624.7,E0151
GR0013365,PO-2024-017619,2024-07-29,1335.44,E0142
GR0013366,PO-2025-017620,2025-01-27,729.53,E0151
GR0013367,PO-2024-017621,2024-05-26,5826.62,E0150
GR0013368,PO-2024-017622,2024-09-06,4930.87,E0149
GR0013369,PO-2024-017623,2024-06-23,28547.68,E0141
GR0013370,PO-2025-017624,2025-04-14,2229.72,E0160
GR0013371,PO-2024-017625,2024-11-09,1870.64,E0143
GR0013372,PO-2024-017626,2024-10-11,1568.84,E0159
GR0013373,PO-2024-017626,2024-10-27,727.8,E0146
GR0013374,PO-2024-017627,2024-06-12,1059.06,E0146
GR0013375,PO-2024-017628,2024-03-03,4886.08,E0146
GR0013376,PO-2024-017629,2024-11-14,1086.13,E0143
GR0013377,PO-2024-017630,2024-03-14,6279.01,E0160
GR0013378,PO-2024-017630,2024-03-31,4762.13,E0155
GR0013379,PO-2024-017631,2024-07-03,6108.14,E0150
GR0013380,PO-2024-017632,2024-09-02,18069.51,E0142
GR0013381,PO-2024-017633,2024-02-14,831.77,E0145
GR0013382,PO-2024-017634,2024-02-01,1100.83,E0152
GR0013383,PO-2025-017635,2025-07-03,1463.3,E0153
GR0013384,PO-2024-017636,2024-02-17,12393.27,E0143
GR0013385,PO-2025-017637,2025-05-23,3667.4,E0160
GR0013386,PO-2025-017638,2025-02-04,1480.94,E0159
GR0013387,PO-2025-017639,2025-05-15,9779.36,E0151
GR0013388,PO-2024-017640,2024-06-10,4582.18,E0148
GR0013389,PO-2024-017641,2024-01-13,265.87,E0146
GR0013390,PO-2025-017642,2025-06-17,3406.57,E0148
GR0013391,PO-2025-017642,2025-06-23,3798.75,E0147
GR0013392,PO-2024-017643,2024-06-07,248.4,E0162
GR0013393,PO-2024-017644,2024-05-01,358.01,E0157
GR0013394,PO-2024-017644,2024-05-04,521.79,E0145
GR0013395,PO-2024-017645,2024-11-01,3069.54,E0162
GR0013396,PO-2024-017646,2024-07-11,290.75,E0155
GR0013397,PO-2025-017647,2025-06-21,2770.44,E0150
GR0013398,PO-2025-017647,2025-07-01,1532.23,E0150
GR0013399,PO-2024-017648,2024-04-08,1310.93,E0161
GR0013400,PO-2024-017649,2024-05-21,7473.55,E0161
GR0013401,PO-2024-017650,2024-11-11,2577.48,E0153
GR0013402,PO-2024-017650,2024-11-18,3116.37,E0162
GR0013403,PO-2025-017651,2025-02-16,1460.63,E0148
GR0013404,PO-2025-017652,2025-05-01,7119.63,E0152
GR0013405,PO-2024-017653,2024-06-25,8819.39,E0149
GR0013406,PO-2024-017654,2024-01-25,356.29,E0146
GR0013407,PO-2024-017654,2024-02-05,305.69,E0145
GR0013408,PO-2024-017655,2024-07-09,1787.23,E0154
GR0013409,PO-2024-017656,2024-10-30,425.29,E0157
GR0013410,PO-2024-017657,2024-03-05,1646.88,E0144
GR0013411,PO-2024-017658,2024-09-29,5499.32,E0154
GR0013412,PO-2025-017659,2025-01-17,2964.83,E0161
GR0013413,PO-2024-017660,2024-07-16,7502.02,E0150
GR0013414,PO-2025-017661,2025-03-19,129.08,E0142
GR0013415,PO-2024-017662,2024-08-19,1009.91,E0153
GR0013416,PO-2025-017663,2025-04-29,1193.15,E0153
GR0013417,PO-2024-017664,2024-02-11,430.86,E0159
GR0013418,PO-2024-017665,2024-09-15,6218.09,E0152
GR0013419,PO-2025-017666,2025-05-29,711.56,E0154
GR0013420,PO-2025-017667,2025-04-06,1479.35,E0140
GR0013421,PO-2024-017668,2024-04-24,2326.03,E0146
GR0013422,PO-2024-017669,2024-05-29,2718.26,E0159
GR0013423,PO-2025-017670,2025-05-20,459.52,E0152
GR0013424,PO-2025-017671,2025-04-25,353.82,E0153
GR0013425,PO-2025-017672,2025-05-14,677.76,E0159
GR0013426,PO-2025-017673,2025-03-31,343.5,E0154
GR0013427,PO-2025-017673,2025-04-14,297.36,E0156
GR0013428,PO-2024-017674,2024-12-12,823.14,E0155
GR0013429,PO-2024-017674,2025-01-01,695.14,E0147
GR0013430,PO-2025-017675,2025-03-15,927.37,E0147
GR0013431,PO-2025-017676,2025-04-11,8740.99,E0148
GR0013432,PO-2024-017677,2024-01-21,1271.34,E0151
GR0013433,PO-2024-017677,2024-02-07,1502.09,E0147
GR0013434,PO-2025-017678,2025-01-14,10365.54,E0160
GR0013435,PO-2024-017679,2024-04-08,3973.43,E0150
GR0013436,PO-2025-017680,2025-06-26,276.96,E0154
GR0013437,PO-2025-017681,2025-02-15,3565.2,E0153
GR0013438,PO-2025-017682,2025-02-01,533.08,E0155
GR0013439,PO-2024-017683,2024-08-09,6373.34,E0157
GR0013440,PO-2025-017684,2025-02-08,3868.31,E0149
GR0013441,PO-2024-017685,2024-12-12,2469.99,E0162
GR0013442,PO-2024-017686,2024-12-03,404.14,E0141
GR0013443,PO-2025-017687,2025-01-19,572.2,E0150
GR0013444,PO-2025-017688,2025-04-17,6548.74,E0157
GR0013445,PO-2025-017688,2025-04-23,3784.95,E0157
GR0013446,PO-2025-017689,2025-01-23,1467.11,E0153
GR0013447,PO-2025-017690,2025-02-13,1017.03,E0158
GR0013448,PO-2025-017690,2025-02-21,439.6,E0144
GR0013449,PO-2025-017691,2025-04-24,917.09,E0149
GR0013450,PO-2024-017692,2024-07-28,1570.49,E0145
GR0013451,PO-2024-017692,2024-08-15,910.99,E0141
GR0013452,PO-2024-017693,2024-12-07,2031.0,E0146
GR0013453,PO-2024-017694,2024-06-13,3740.22,E0161
GR0013454,PO-2025-017695,2025-01-13,8174.33,E0148
GR0013455,PO-2025-017696,2025-05-04,1156.18,E0148
GR0013456,PO-2025-017697,2025-06-17,369.55,E0154
GR0013457,PO-2025-017698,2025-04-13,616.97,E0141
GR0013458,PO-2025-017699,2025-06-13,531.95,E0144
GR0013459,PO-2025-017700,2025-04-15,2121.36,E0149
GR0013460,PO-2024-017701,2024-01-08,1696.56,E0159
GR0013461,PO-2024-017702,2024-10-16,2251.15,E0143
GR0013462,PO-2024-017703,2024-05-03,707.37,E0156
GR0013463,PO-2024-017704,2024-08-21,7717.89,E0144
GR0013464,PO-2024-017705,2024-10-11,1262.6,E0150
GR0013465,PO-2024-017705,2024-10-24,1571.93,E0155
GR0013466,PO-2024-017706,2024-01-10,6581.52,E0141
GR0013467,PO-2024-017707,2024-10-10,1806.78,E0147
GR0013468,PO-2024-017708,2024-05-19,419.43,E0158
GR0013469,PO-2024-017709,2024-10-09,1273.15,E0148
GR0013470,PO-2025-017710,2025-02-14,636.05,E0155
GR0013471,PO-2024-017711,2024-10-03,740.82,E0163
GR0013472,PO-2025-017712,2025-02-20,13621.92,E0150
GR0013473,PO-2024-017713,2024-07-21,2666.01,E0147
GR0013474,PO-2024-017714,2024-10-14,10533.26,E0140
GR0013475,PO-2025-017715,2025-02-26,684.71,E0152
GR0013476,PO-2025-017716,2025-06-30,6428.96,E0157
GR0013477,PO-2025-017717,2025-02-15,26325.79,E0143
GR0013478,PO-2025-017718,2025-05-21,3771.32,E0144
GR0013479,PO-2025-017718,2025-05-31,1798.87,E0156
GR0013480,PO-2024-017719,2024-04-05,2541.34,E0144
GR0013481,PO-2024-017720,2024-05-24,789.51,E0141
GR0013482,PO-2024-017721,2024-11-18,11001.67,E0154
GR0013483,PO-2024-017722,2024-07-05,2704.29,E0143
GR0013484,PO-2024-017723,2024-05-11,3720.58,E0155
GR0013485,PO-2025-017724,2025-05-27,2823.97,E0158
GR0013486,PO-2025-017725,2025-04-23,8369.54,E0154
GR0013487,PO-2025-017725,2025-05-05,3994.99,E0162
GR0013488,PO-2024-017726,2024-06-25,2569.26,E0163
GR0013489,PO-2024-017727,2024-05-10,4241.73,E0142
GR0013490,PO-2024-017728,2024-12-19,5191.3,E0144
GR0013491,PO-2024-017729,2024-12-29,14201.75,E0145
GR0013492,PO-2024-017730,2024-04-22,3393.58,E0149
GR0013493,PO-2024-017731,2024-09-23,3835.41,E0163
GR0013494,PO-2024-017732,2024-02-21,8683.73,E0153
GR0013495,PO-2024-017733,2024-12-05,1114.96,E0151
GR0013496,PO-2024-017734,2024-10-07,2816.17,E0147
GR0013497,PO-2024-017735,2024-04-21,16693.59,E0153
GR0013498,PO-2024-017736,2024-01-22,2412.49,E0151
GR0013499,PO-2024-017737,2024-05-30,7132.26,E0148
GR0013500,PO-2024-017738,2024-10-25,6625.02,E0154
GR0013501,PO-2025-017739,2025-03-14,6408.27,E0161
GR0013502,PO-2024-017740,2025-01-01,1221.58,E0154
GR0013503,PO-2024-017741,2024-11-22,559.99,E0143
GR0013504,PO-2024-017742,2024-04-17,458.08,E0150
GR0013505,PO-2024-017743,2024-09-07,1500.95,E0141
GR0013506,PO-2024-017744,2024-02-21,594.65,E0145
GR0013507,PO-2024-017744,2024-03-05,402.12,E0155
GR0013508,PO-2025-017745,2025-02-11,4933.57,E0161
GR0013509,PO-2024-017746,2024-01-17,1469.56,E0154
GR0013510,PO-2025-017747,2025-05-03,373.22,E0156
GR0013511,PO-2024-017748,2024-03-17,3939.42,E0147
GR0013512,PO-2025-017749,2025-01-23,1016.68,E0157
GR0013513,PO-2025-017749,2025-02-05,1483.75,E0155
GR0013514,PO-2024-017750,2024-04-11,6724.11,E0150
GR0013515,PO-2024-017751,2024-01-30,17302.11,E0147
GR0013516,PO-2024-017752,2024-09-07,9935.76,E0143
GR0013517,PO-2024-017753,2024-02-06,18451.07,E0158
GR0013518,PO-2024-017754,2024-11-11,879.14,E0159
GR0013519,PO-2024-017754,2024-11-17,741.04,E0153
GR0013520,PO-2025-017755,2025-06-01,14437.68,E0141
GR0013521,PO-2025-017755,2025-06-12,6284.97,E0146
GR0013522,PO-2025-017756,2025-05-26,1007.07,E0159
GR0013523,PO-2025-017757,2025-06-06,6561.96,E0152
GR0013524,PO-2024-017758,2024-11-25,127.54,E0163
GR0013525,PO-2024-017759,2024-10-16,7934.76,E0144
GR0013526,PO-2024-017760,2024-11-25,1522.76,E0162
GR0013527,PO-2024-017761,2024-09-09,5227.22,E0143
GR0013528,PO-2024-017762,2024-02-04,684.77,E0151
GR0013529,PO-2024-017763,2024-06-13,6654.37,E0159
GR0013530,PO-2024-017764,2024-09-27,2438.61,E0143
GR0013531,PO-2025-017765,2025-01-20,18710.37,E0140
GR0013532,PO-2025-017765,2025-02-03,11726.57,E0147
GR0013533,PO-2024-017766,2024-06-05,3690.99,E0151
GR0013534,PO-2024-017767,2024-06-07,7394.88,E0149
GR0013535,PO-2024-017768,2024-03-18,6015.15,E0146
GR0013536,PO-2024-017769,2024-09-01,4840.29,E0162
GR0013537,PO-2024-017770,2024-11-04,3117.82,E0159
GR0013538,PO-2025-017771,2025-04-29,4291.99,E0140
GR0013539,PO-2024-017772,2024-12-02,7709.2,E0153
GR0013540,PO-2024-017773,2024-03-22,1101.04,E0163
GR0013541,PO-2024-017774,2024-05-10,5760.12,E0149
GR0013542,PO-2024-017775,2024-10-02,5813.84,E0157
GR0013543,PO-2024-017776,2024-03-12,4196.67,E0160
GR0013544,PO-2024-017777,2024-11-27,549.56,E0152
GR0013545,PO-2025-017778,2025-02-10,8661.17,E0157
GR0013546,PO-2024-017779,2024-06-13,1915.59,E0143
GR0013547,PO-2025-017780,2025-02-11,2860.65,E0143
GR0013548,PO-2024-017781,2024-01-12,4732.87,E0153
GR0013549,PO-2025-017782,2025-06-19,2447.75,E0144
GR0013550,PO-2024-017783,2024-12-12,2352.89,E0162
GR0013551,PO-2024-017783,2024-12-25,1234.9,E0163
GR0013552,PO-2024-017784,2024-11-06,3151.14,E0144
GR0013553,PO-2024-017785,2024-04-08,11214.11,E0149
GR0013554,PO-2025-017786,2025-03-13,2634.76,E0151
GR0013555,PO-2024-017787,2024-03-11,891.65,E0160
GR0013556,PO-2025-017788,2025-01-21,1888.06,E0144
GR0013557,PO-2024-017789,2024-10-13,1266.04,E0153
GR0013558,PO-2025-017790,2025-05-22,4460.18,E0151
GR0013559,PO-2025-017791,2025-05-23,1213.49,E0150
GR0013560,PO-2025-017792,2025-02-26,7958.73,E0141
GR0013561,PO-2024-017793,2024-11-25,4343.48,E0159
GR0013562,PO-2024-017794,2024-03-27,11188.01,E0145
GR0013563,PO-2025-017795,2025-04-01,972.58,E0158
GR0013564,PO-2024-017796,2024-06-12,2867.4,E0156
GR0013565,PO-2024-017797,2024-02-11,1795.15,E0140
GR0013566,PO-2025-017798,2025-03-06,3952.61,E0149
GR0013567,PO-2024-017799,2024-08-15,2050.58,E0156
GR0013568,PO-2024-017799,2024-09-02,2145.79,E0150
GR0013569,PO-2024-017800,2024-09-21,406.45,E0158
GR0013570,PO-2024-017800,2024-09-29,341.54,E0149
GR0013571,PO-2024-017801,2024-11-17,4610.22,E0143
GR0013572,PO-2024-017802,2024-04-17,2846.68,E0158
GR0013573,PO-2025-017803,2025-01-30,570.01,E0157
GR0013574,PO-2024-017804,2024-06-10,1179.79,E0152
GR0013575,PO-2024-017804,2024-06-15,554.11,E0148
GR0013576,PO-2025-017805,2025-04-23,5192.36,E0143
GR0013577,PO-2025-017805,2025-04-25,4362.78,E0144
GR0013578,PO-2024-017806,2024-06-14,992.26,E0143
GR0013579,PO-2024-017807,2024-03-08,2713.04,E0144
GR0013580,PO-2025-017808,2025-07-06,12644.19,E0162
GR0013581,PO-2025-017809,2025-01-09,904.93,E0160
GR0013582,PO-2025-017809,2025-01-26,648.69,E0147
GR0013583,PO-2024-017810,2024-08-30,5300.48,E0158
GR0013584,PO-2024-017811,2024-09-18,2014.33,E0156
GR0013585,PO-2024-017812,2024-05-31,2699.02,E0158
GR0013586,PO-2024-017813,2024-03-03,6077.4,E0157
GR0013587,PO-2024-017814,2024-06-19,2636.6,E0153
GR0013588,PO-2024-017815,2024-07-20,5567.77,E0147
GR0013589,PO-2025-017816,2025-06-08,9918.25,E0143
GR0013590,PO-2025-017817,2025-05-18,6593.77,E0146
GR0013591,PO-2024-017818,2024-05-06,2702.71,E0145
GR0013592,PO-2024-017819,2024-11-07,4207.32,E0140
GR0013593,PO-2025-017820,2025-06-13,1665.08,E0154
GR0013594,PO-2024-017821,2024-10-24,3120.4,E0157
GR0013595,PO-2024-017821,2024-10-31,3409.09,E0162
GR0013596,PO-2025-017822,2025-06-26,10575.27,E0162
GR0013597,PO-2024-017823,2024-07-12,3441.97,E0142
GR0013598,PO-2024-017824,2024-07-17,2605.38,E0146
GR0013599,PO-2024-017825,2024-05-09,462.02,E0143
GR0013600,PO-2024-017826,2024-05-10,419.64,E0144
GR0013601,PO-2024-017826,2024-05-24,278.39,E0151
GR0013602,PO-2024-017827,2024-07-22,3522.12,E0157
GR0013603,PO-2024-017827,2024-07-30,2561.83,E0144
GR0013604,PO-2025-017828,2025-04-09,2270.52,E0157
GR0013605,PO-2025-017829,2025-06-28,25834.37,E0155
GR0013606,PO-2024-017830,2024-11-24,581.34,E0140
GR0013607,PO-2024-017831,2024-10-23,13099.77,E0148
GR0013608,PO-2025-017832,2025-05-24,17364.8,E0163
GR0013609,PO-2024-017833,2024-03-19,23646.56,E0162
GR0013610,PO-2024-017833,2024-03-27,26982.98,E0162
GR0013611,PO-2025-017834,2025-02-17,4870.42,E0143
GR0013612,PO-2024-017835,2024-08-07,3087.76,E0158
GR0013613,PO-2024-017836,2024-12-21,3188.09,E0160
GR0013614,PO-2024-017837,2024-08-20,1683.42,E0159
GR0013615,PO-2024-017838,2024-08-13,9128.07,E0145
GR0013616,PO-2024-017839,2024-05-13,821.16,E0144
GR0013617,PO-2024-017840,2024-09-06,4329.35,E0153
GR0013618,PO-2024-017841,2024-11-07,2579.62,E0143
GR0013619,PO-2024-017842,2024-08-20,782.96,E0162
GR0013620,PO-2025-017843,2025-01-10,1683.17,E0151
GR0013621,PO-2024-017844,2024-05-08,1085.92,E0153
GR0013622,PO-2024-017845,2024-12-01,3875.5,E0141
GR0013623,PO-2024-017846,2024-10-29,1955.8,E0156
GR0013624,PO-2024-017847,2024-12-18,679.61,E0158
GR0013625,PO-2025-017848,2025-05-02,3883.55,E0155
GR0013626,PO-2024-017849,2024-12-15,2736.1,E0142
GR0013627,PO-2024-017850,2024-12-12,383.38,E0162
GR0013628,PO-2025-017851,2025-06-23,5735.2,E0146
GR0013629,PO-2024-017852,2025-01-09,1153.23,E0153
GR0013630,PO-2024-017853,2024-10-30,6631.04,E0143
GR0013631,PO-2025-017854,2025-02-08,4353.28,E0158
GR0013632,PO-2025-017855,2025-06-06,2034.56,E0158
GR0013633,PO-2025-017856,2025-05-22,1264.51,E0160
GR0013634,PO-2025-017857,2025-02-18,4385.78,E0141
GR0013635,PO-2025-017858,2025-05-28,243.96,E0147
GR0013636,PO-2025-017859,2025-03-29,19940.92,E0162
GR0013637,PO-2025-017859,2025-04-10,14584.11,E0156
GR0013638,PO-2024-017860,2024-08-14,97064.48,E0147
GR0013639,PO-2024-017861,2024-03-02,782.12,E0143
GR0013640,PO-2024-017861,2024-03-10,478.53,E0147
GR0013641,PO-2024-017862,2024-08-23,983.71,E0148
GR0013642,PO-2024-017863,2024-07-14,20278.3,E0143
GR0013643,PO-2024-017864,2024-12-20,1448.95,E0149
GR0013644,PO-2024-017865,2024-04-18,3495.6,E0156
GR0013645,PO-2024-017866,2024-04-02,7492.8,E0163
GR0013646,PO-2024-017867,2024-10-06,1273.14,E0147
GR0013647,PO-2025-017868,2025-07-01,3360.64,E0150
GR0013648,PO-2025-017868,2025-07-20,1866.31,E0142
GR0013649,PO-2025-017869,2025-05-14,1261.36,E0159
GR0013650,PO-2024-017870,2024-08-14,6908.31,E0155
GR0013651,PO-2024-017871,2024-07-08,95913.45,E0162
GR0013652,PO-2025-017872,2025-06-02,2866.45,E0140
GR0013653,PO-2024-017873,2024-01-14,579.81,E0152
GR0013654,PO-2024-017874,2024-02-15,1404.63,E0145
GR0013655,PO-2024-017875,2024-11-29,1011.08,E0163
GR0013656,PO-2024-017875,2024-12-12,1260.23,E0163
GR0013657,PO-2024-017876,2024-03-28,12545.68,E0161
GR0013658,PO-2024-017877,2025-01-13,1231.98,E0147
GR0013659,PO-2024-017878,2024-07-12,3531.76,E0155
GR0013660,PO-2024-017879,2024-10-02,3504.08,E0142
GR0013661,PO-2025-017880,2025-05-02,17040.01,E0148
GR0013662,PO-2024-017881,2024-07-16,343.88,E0152
GR0013663,PO-2025-017882,2025-04-10,617.44,E0150
GR0013664,PO-2025-017882,2025-04-22,718.66,E0151
GR0013665,PO-2025-017883,2025-05-06,576.53,E0148
GR0013666,PO-2024-017884,2024-04-27,10624.71,E0146
GR0013667,PO-2024-017884,2024-05-16,6832.32,E0161
GR0013668,PO-2024-017885,2024-06-13,10204.38,E0145
GR0013669,PO-2024-017886,2024-06-17,20017.39,E0142
GR0013670,PO-2025-017887,2025-06-13,28345.9,E0152
GR0013671,PO-2024-017888,2025-01-07,3363.91,E0161
GR0013672,PO-2024-017889,2024-10-15,6562.6,E0142
GR0013673,PO-2024-017890,2024-03-19,3011.05,E0152
GR0013674,PO-2024-017891,2024-06-09,3146.21,E0154
GR0013675,PO-2024-017892,2024-06-17,911.99,E0141
GR0013676,PO-2024-017893,2024-03-10,3144.81,E0162
GR0013677,PO-2024-017894,2024-10-30,6680.37,E0160
GR0013678,PO-2025-017895,2025-05-26,405.88,E0160
GR0013679,PO-2024-017896,2024-05-06,34842.2,E0155
GR0013680,PO-2024-017897,2024-06-21,4329.35,E0162
GR0013681,PO-2024-017897,2024-07-08,2991.2,E0158
GR0013682,PO-2024-017898,2024-07-10,5752.78,E0155
GR0013683,PO-2024-017898,2024-07-30,2447.52,E0148
GR0013684,PO-2025-017899,2025-07-08,1458.44,E0152
GR0013685,PO-2025-017900,2025-03-08,28340.59,E0153
GR0013686,PO-2024-017901,2024-06-17,1992.4,E0161
GR0013687,PO-2024-017902,2024-03-07,23306.59,E0157
GR0013688,PO-2024-017903,2024-10-25,4178.54,E0161
GR0013689,PO-2024-017904,2024-08-17,1732.4,E0141
GR0013690,PO-2025-017905,2025-04-03,8095.84,E0144
GR0013691,PO-2024-017906,2024-11-13,13464.94,E0144
GR0013692,PO-2025-017907,2025-07-05,8145.9,E0148
GR0013693,PO-2024-017908,2024-03-09,2122.97,E0141
GR0013694,PO-2025-017909,2025-02-23,3453.91,E0144
GR0013695,PO-2024-017910,2024-11-16,1514.93,E0161
GR0013696,PO-2024-017910,2024-12-04,1241.85,E0145
GR0013697,PO-2024-017911,2024-06-22,5998.05,E0152
GR0013698,PO-2025-017912,2025-01-18,91739.16,E0145
GR0013699,PO-2024-017913,2024-02-26,8503.85,E0155
GR0013700,PO-2025-017914,2025-05-02,1451.57,E0163
GR0013701,PO-2024-017915,2024-10-11,18946.1,E0159
GR0013702,PO-2024-017915,2024-10-19,9614.01,E0141
GR0013703,PO-2025-017916,2025-06-23,8447.77,E0140
GR0013704,PO-2024-017917,2024-10-21,5031.18,E0150
GR0013705,PO-2024-017918,2024-01-23,5134.97,E0157
GR0013706,PO-2024-017919,2024-08-06,16670.37,E0154
GR0013707,PO-2024-017920,2024-06-19,3026.42,E0160
GR0013708,PO-2025-017921,2025-06-26,5924.75,E0163
GR0013709,PO-2024-017922,2024-09-12,11948.54,E0146
GR0013710,PO-2025-017923,2025-01-21,26608.88,E0158
GR0013711,PO-2025-017924,2025-06-13,1391.21,E0156
GR0013712,PO-2024-017925,2024-02-27,2904.55,E0157
GR0013713,PO-2024-017926,2024-12-29,4307.34,E0147
GR0013714,PO-2024-017927,2024-02-18,1686.24,E0154
GR0013715,PO-2025-017928,2025-04-27,1787.68,E0142
GR0013716,PO-2024-017929,2024-05-27,1904.98,E0142
GR0013717,PO-2024-017930,2024-05-24,16325.77,E0145
GR0013718,PO-2024-017931,2024-01-18,4712.98,E0163
GR0013719,PO-2024-017931,2024-01-23,2438.26,E0156
GR0013720,PO-2024-017932,2024-05-06,32881.03,E0142
GR0013721,PO-2025-017933,2025-04-28,1841.09,E0144
GR0013722,PO-2024-017934,2024-03-22,2905.03,E0155
GR0013723,PO-2025-017935,2025-04-27,6241.0,E0156
GR0013724,PO-2024-017936,2024-05-10,6104.29,E0144
GR0013725,PO-2024-017937,2024-01-23,9693.84,E0153
GR0013726,PO-2024-017938,2024-05-23,11220.11,E0149
GR0013727,PO-2024-017939,2024-05-30,4451.92,E0148
GR0013728,PO-2024-017940,2024-03-28,7297.5,E0153
GR0013729,PO-2024-017941,2024-05-21,4115.82,E0156
GR0013730,PO-2025-017942,2025-04-27,498.16,E0158
GR0013731,PO-2025-017942,2025-05-09,604.34,E0163
GR0013732,PO-2024-017943,2024-04-05,1758.3,E0163
GR0013733,PO-2025-017944,2025-06-12,377.6,E0152
GR0013734,PO-2025-017945,2025-05-03,458.86,E0160
GR0013735,PO-2024-017946,2024-06-10,5628.04,E0143
GR0013736,PO-2024-017947,2024-06-11,2234.6,E0140
GR0013737,PO-2024-017948,2024-11-21,1766.01,E0158
GR0013738,PO-2024-017948,2024-12-01,1135.32,E0158
GR0013739,PO-2024-017949,2024-05-08,918.79,E0151
GR0013740,PO-2025-017950,2025-05-28,10827.17,E0154
GR0013741,PO-2025-017951,2025-02-04,651.28,E0150
GR0013742,PO-2024-017952,2024-01-13,3820.27,E0163
GR0013743,PO-2024-017953,2024-09-08,867.13,E0151
GR0013744,PO-2025-017954,2025-06-28,544.22,E0162
GR0013745,PO-2024-017955,2024-02-16,3018.23,E0151
GR0013746,PO-2024-017955,2024-02-28,2024.73,E0140
GR0013747,PO-2024-017956,2024-01-16,4966.47,E0144
GR0013748,PO-2025-017957,2025-05-04,1609.57,E0154
GR0013749,PO-2025-017958,2025-01-19,2873.44,E0158
GR0013750,PO-2024-017959,2024-10-18,1841.96,E0154
GR0013751,PO-2024-017960,2024-07-24,841.32,E0142
GR0013752,PO-2025-017961,2025-07-17,2614.54,E0141
GR0013753,PO-2025-017962,2025-04-04,203.85,E0155
GR0013754,PO-2024-017963,2024-08-18,3093.4,E0141
GR0013755,PO-2024-017964,2024-08-18,2606.84,E0157
GR0013756,PO-2024-017965,2024-09-23,6850.19,E0142
GR0013757,PO-2025-017966,2025-06-29,233.7,E0156
GR0013758,PO-2025-017966,2025-07-08,220.73,E0154
GR0013759,PO-2025-017967,2025-02-23,4176.17,E0152
GR0013760,PO-2024-017968,2024-03-28,871.45,E0154
GR0013761,PO-2025-017969,2025-05-17,416.14,E0140
GR0013762,PO-2024-017970,2024-03-06,1114.05,E0158
GR0013763,PO-2025-017971,2025-04-03,1286.68,E0148
GR0013764,PO-2024-017972,2024-03-15,1549.61,E0145
GR0013765,PO-2025-017973,2025-05-19,3681.03,E0140
GR0013766,PO-2025-017974,2025-02-23,156.96,E0153
GR0013767,PO-2024-017975,2024-04-21,3081.21,E0162
GR0013768,PO-2024-017976,2024-11-24,181.83,E0157
GR0013769,PO-2024-017977,2024-04-09,1115.84,E0146
GR0013770,PO-2024-017978,2024-02-27,247.01,E0150
GR0013771,PO-2024-017979,2024-11-11,1102.98,E0156
GR0013772,PO-2025-017980,2025-02-13,1143.58,E0144
GR0013773,PO-2024-017981,2024-03-03,546.14,E0161
GR0013774,PO-2024-017982,2025-01-06,798.49,E0156
GR0013775,PO-2024-017983,2024-11-28,8435.97,E0159
GR0013776,PO-2024-017984,2025-01-07,1362.15,E0154
GR0013777,PO-2024-017985,2024-10-03,5359.12,E0141
GR0013778,PO-2025-017986,2025-04-30,2124.66,E0140
GR0013779,PO-2025-017986,2025-05-15,904.07,E0148
GR0013780,PO-2025-017987,2025-04-01,1881.5,E0140
GR0013781,PO-2024-017988,2024-08-17,232.64,E0159
GR0013782,PO-2024-017988,2024-09-05,332.04,E0140
GR0013783,PO-2024-017989,2024-02-22,1366.82,E0143
GR0013784,PO-2024-017990,2024-03-16,333.0,E0140
GR0013785,PO-2024-017991,2024-07-15,2043.1,E0144
GR0013786,PO-2025-017992,2025-04-12,1953.97,E0157
GR0013787,PO-2024-017993,2024-01-25,595.84,E0149
GR0013788,PO-2024-017994,2024-07-30,1890.04,E0161
GR0013789,PO-2024-017995,2024-02-25,2406.79,E0152
GR0013790,PO-2024-017996,2024-11-16,1289.96,E0161
GR0013791,PO-2025-017997,2025-01-15,1301.63,E0154
GR0013792,PO-2025-017997,2025-01-25,560.53,E0149
GR0013793,PO-2025-017998,2025-02-20,7875.57,E0156
GR0013794,PO-2024-017999,2024-12-10,1043.99,E0143
GR0013795,PO-2025-018000,2025-01-24,4995.32,E0144
GR0013796,PO-2024-018001,2024-08-30,35682.7,E0160
GR0013797,PO-2025-018002,2025-05-22,14202.83,E0156
GR0013798,PO-2024-018003,2024-10-27,4235.35,E0144
GR0013800,PO-2024-018005,2025-01-06,11088.08,E0149
GR0013801,PO-2025-018006,2025-01-09,43726.74,E0163
GR0013802,PO-2024-018007,2024-12-18,22570.88,E0143
GR0013803,PO-2025-018008,2025-04-25,3883.4,E0160
GR0013804,PO-2025-018009,2025-07-07,6166.81,E0146
GR0013805,PO-2024-018010,2024-11-20,1965.84,E0143
GR0013806,PO-2024-018011,2024-03-14,22494.03,E0161
GR0013810,PO-2025-018015,2025-03-27,23936.71,E0156
GR0013811,PO-2024-018016,2024-07-29,1815.61,E0155
GR0013814,PO-2024-018018,2024-12-30,36985.26,E0150
GR0013815,PO-2024-018019,2024-10-24,6275.7,E0158
GR0013817,PO-2024-018021,2024-12-22,2348.92,E0140
GR0013818,PO-2025-018022,2025-06-27,34934.31,E0145
GR0013819,PO-2025-018023,2025-01-30,17683.96,E0158
GR0013820,PO-2024-018024,2024-08-17,661.97,E0145
GR0013821,PO-2024-018024,2024-09-02,410.65,E0151
GR0013823,PO-2024-018026,2024-10-18,2786.28,E0155
GR0013824,PO-2025-018027,2025-05-19,20153.45,E0142
GR0013825,PO-2024-018028,2024-01-17,3912.53,E0162
GR0013826,PO-2024-018029,2024-03-05,22055.04,E0146
GR0013827,PO-2024-018030,2024-01-30,31798.44,E0144
GR0013828,PO-2025-018031,2025-05-13,7053.07,E0161
GR0013829,PO-2024-018032,2025-01-09,29859.24,E0145
GR0013830,PO-2024-018033,2024-08-14,13214.94,E0141
GR0013831,PO-2024-018033,2024-08-26,15434.67,E0152
GR0013832,PO-2024-018034,2024-03-19,1905.73,E0155
GR0013833,PO-2025-018035,2025-07-10,8567.54,E0144
GR0013834,PO-2024-018036,2025-01-04,28722.77,E0156
GR0013835,PO-2024-018037,2024-04-08,11492.36,E0156
GR0013836,PO-2024-018038,2024-08-31,10257.54,E0144
GR0013837,PO-2025-018039,2025-03-25,8375.2,E0159
GR0013838,PO-2024-018040,2025-01-03,2347.99,E0148
GR0013839,PO-2024-018041,2024-07-23,2766.76,E0156
GR0013840,PO-2025-018042,2025-02-19,50128.26,E0144
GR0013841,PO-2024-018043,2024-10-28,7592.47,E0149
GR0013842,PO-2024-018044,2024-03-02,33962.82,E0140
GR0013843,PO-2024-018045,2024-10-12,9765.62,E0155
GR0013844,PO-2025-018046,2025-06-25,39050.37,E0161
GR0013847,PO-2024-018049,2024-01-23,4352.66,E0150
GR0013848,PO-2024-018050,2024-12-14,8778.89,E0161
GR0013849,PO-2024-018051,2024-10-09,4839.01,E0152
GR0013850,PO-2024-018051,2024-10-23,4499.45,E0147
GR0013851,PO-2024-018052,2024-11-11,31377.06,E0159
GR0013853,PO-2024-018054,2024-02-15,12592.68,E0153
GR0013854,PO-2024-018055,2024-02-06,15941.56,E0143
GR0013855,PO-2024-018056,2024-07-17,40724.59,E0160
GR0013856,PO-2025-018057,2025-05-29,49681.51,E0148
GR0013857,PO-2025-018058,2025-02-11,2645.32,E0149
GR0013858,PO-2024-018059,2024-03-07,14931.78,E0157
GR0013859,PO-2024-018060,2024-02-04,11604.43,E0146
GR0013860,PO-2024-018061,2024-12-29,15439.24,E0160
GR0013861,PO-2024-018062,2024-11-01,2973.68,E0158
GR0013862,PO-2024-018063,2024-08-26,8562.23,E0161
GR0013863,PO-2024-018064,2024-03-30,7296.37,E0153
GR0013864,PO-2025-018065,2025-05-20,12741.63,E0156
GR0013865,PO-2025-018066,2025-02-17,4053.43,E0150
GR0013866,PO-2025-018067,2025-06-07,2920.31,E0160
GR0013867,PO-2025-018067,2025-06-20,4210.96,E0156
GR0013868,PO-2024-018068,2024-03-19,14665.1,E0159
GR0013869,PO-2025-018069,2025-01-25,25366.91,E0154
GR0013870,PO-2024-018070,2024-09-13,2420.29,E0141
GR0013871,PO-2024-018071,2024-11-07,3355.92,E0163
GR0013872,PO-2024-018072,2024-02-24,32157.93,E0140
GR0013873,PO-2024-018073,2024-12-25,72029.87,E0141
GR0013874,PO-2025-018074,2025-05-19,16650.05,E0144
GR0013875,PO-2024-018075,2024-03-07,7176.24,E0149
GR0013876,PO-2025-018076,2025-05-20,1199.03,E0143
GR0013877,PO-2024-018077,2024-07-20,17008.89,E0160
GR0013878,PO-2025-018078,2025-06-29,16189.24,E0158
GR0013879,PO-2024-018079,2024-02-24,20740.45,E0147
GR0013880,PO-2025-018080,2025-07-02,4319.83,E0163
GR0013881,PO-2024-018081,2024-10-18,22861.34,E0144
GR0013882,PO-2025-018082,2025-01-19,8519.87,E0153
GR0013883,PO-2025-018083,2025-01-20,25961.14,E0156
GR0013884,PO-2024-018084,2024-10-23,7634.66,E0161
GR0013885,PO-2025-018085,2025-05-01,8028.87,E0144
GR0013886,PO-2025-018085,2025-05-05,4046.9,E0149
GR0013887,PO-2024-018086,2024-03-31,21142.17,E0152
GR0013888,PO-2025-018087,2025-04-22,11017.06,E0156
GR0013889,PO-2025-018088,2025-03-30,34532.41,E0140
GR0013890,PO-2025-018089,2025-06-18,55104.1,E0149
GR0013891,PO-2024-018090,2024-09-19,33201.84,E0145
GR0013892,PO-2025-018091,2025-06-06,12470.39,E0150
GR0013893,PO-2024-018092,2024-09-08,3473.35,E0152
GR0013894,PO-2025-018093,2025-03-16,8477.76,E0153
GR0013895,PO-2025-018094,2025-06-04,2737.97,E0144
GR0013896,PO-2025-018094,2025-06-14,2133.09,E0163
GR0013897,PO-2024-018095,2024-12-29,6200.84,E0143
GR0013899,PO-2025-018097,2025-05-06,11871.78,E0150
GR0013900,PO-2024-018098,2024-08-13,20559.01,E0151
GR0013901,PO-2024-018099,2024-08-02,9050.0,E0143
GR0013903,PO-2024-018101,2024-03-26,34684.19,E0147
GR0013904,PO-2025-018133,2025-05-16,972.55,E0144
GR0013905,PO-2024-018134,2024-03-15,11700.18,E0157
GR0013906,PO-2024-018135,2024-11-23,20885.5,E0142
GR0013907,PO-2024-018136,2024-03-01,1293.29,E0143
GR0013908,PO-2024-018137,2024-07-31,3358.68,E0141
GR0013909,PO-2024-018138,2024-11-08,540.35,E0155
GR0013910,PO-2024-018139,2024-04-07,784.33,E0143
GR0013911,PO-2025-018140,2025-01-18,3252.83,E0153
GR0013912,PO-2024-018141,2024-02-08,122.71,E0159
GR0013913,PO-2024-018141,2024-02-22,105.57,E0143
GR0013914,PO-2024-018142,2024-11-19,2256.52,E0153
GR0013915,PO-2024-018143,2024-09-21,3006.06,E0154
GR0013916,PO-2025-018144,2025-01-17,656.2,E0145
GR0013917,PO-2025-018144,2025-02-02,671.36,E0145
GR0013918,PO-2025-018145,2025-04-27,3083.18,E0160
GR0013919,PO-2025-018146,2025-02-17,502.86,E0159
GR0013920,PO-2024-018147,2024-06-27,5854.43,E0141
GR0013921,PO-2024-018148,2024-11-23,3100.58,E0162
GR0013922,PO-2024-018149,2024-10-13,6603.52,E0149
GR0013923,PO-2024-018150,2024-09-23,2088.68,E0155
GR0013924,PO-2024-018151,2024-10-04,6161.53,E0151
GR0013925,PO-2024-018152,2024-12-02,126.24,E0163
GR0013926,PO-2024-018152,2024-12-09,56.04,E0155
GR0013927,PO-2025-018153,2025-04-27,1607.71,E0162
GR0013928,PO-2024-018154,2024-06-14,1114.77,E0145
GR0013929,PO-2024-018155,2024-10-25,902.92,E0159
GR0013930,PO-2025-018156,2025-02-10,79.3,E0151
GR0013931,PO-2025-018156,2025-02-23,46.36,E0150
GR0013932,PO-2024-018157,2024-11-07,3854.12,E0159
GR0013933,PO-2024-018158,2024-06-05,2563.36,E0141
GR0013934,PO-2024-018159,2024-07-04,3414.2,E0143
GR0013935,PO-2024-018160,2024-09-21,10128.34,E0158
GR0013936,PO-2025-018161,2025-03-19,1468.87,E0143
GR0013937,PO-2024-018162,2024-04-04,2645.5,E0146
GR0013938,PO-2024-018162,2024-04-18,2617.43,E0156
GR0013939,PO-2024-018163,2024-03-17,18411.96,E0142
GR0013940,PO-2024-018164,2024-04-11,1579.26,E0141
GR0013941,PO-2025-018165,2025-01-24,961.95,E0152
GR0013942,PO-2024-018166,2024-06-15,469.93,E0144
GR0013943,PO-2025-018167,2025-05-22,202.52,E0149
GR0013944,PO-2025-018168,2025-05-02,2116.63,E0156
GR0013945,PO-2025-018169,2025-05-27,5793.78,E0158
GR0013946,PO-2024-018170,2024-08-24,6297.21,E0148
GR0013947,PO-2025-018171,2025-01-22,1299.66,E0161
GR0013948,PO-2024-018172,2024-10-22,3922.39,E0153
GR0013949,PO-2024-018172,2024-11-04,1721.92,E0148
GR0013950,PO-2024-018173,2024-03-29,2029.32,E0157
GR0013951,PO-2025-018174,2025-02-03,459.05,E0144
GR0013952,PO-2024-018175,2024-04-25,2218.48,E0163
GR0013953,PO-2024-018176,2024-05-11,1340.18,E0152
GR0013954,PO-2024-018177,2024-01-15,897.33,E0159
GR0013955,PO-2025-018178,2025-03-04,311.02,E0159
GR0013956,PO-2024-018179,2024-10-23,934.43,E0151
GR0013957,PO-2024-018179,2024-10-28,486.58,E0142
GR0013958,PO-2024-018180,2024-11-02,3011.14,E0146
GR0013959,PO-2024-018181,2024-07-09,917.96,E0144
GR0013960,PO-2025-018182,2025-02-19,1131.17,E0148
GR0013961,PO-2025-018183,2025-06-13,4222.97,E0147
GR0013962,PO-2024-018184,2024-04-14,3031.12,E0162
GR0013963,PO-2024-018185,2024-05-11,116.64,E0154
GR0013964,PO-2025-018186,2025-03-04,1104.17,E0156
GR0013965,PO-2024-018187,2024-05-10,19886.57,E0145
GR0013966,PO-2025-018188,2025-04-26,3126.3,E0151
GR0013967,PO-2024-018189,2024-06-03,373.95,E0148
GR0013968,PO-2024-018190,2024-03-26,1541.12,E0140
GR0013969,PO-2024-018191,2024-05-17,992.8,E0146
GR0013970,PO-2024-018192,2024-12-19,15662.12,E0160
GR0013971,PO-2024-018193,2024-05-20,1673.84,E0149
GR0013972,PO-2025-018194,2025-07-04,3403.07,E0145
GR0013973,PO-2024-018195,2024-09-24,1135.11,E0159
GR0013974,PO-2024-018196,2024-02-09,6112.9,E0145
GR0013975,PO-2025-018197,2025-02-08,7718.92,E0155
GR0013976,PO-2025-018198,2025-02-22,7037.74,E0146
GR0013977,PO-2024-018199,2024-07-26,2598.9,E0157
GR0013978,PO-2024-018200,2024-01-28,2272.41,E0148
GR0013979,PO-2024-018201,2024-09-02,4053.53,E0160
GR0013980,PO-2024-018202,2024-04-16,912.56,E0140
GR0013981,PO-2025-018203,2025-01-27,1459.44,E0163
GR0013982,PO-2024-018204,2024-01-13,3305.19,E0160
GR0013983,PO-2024-018205,2024-07-26,9612.59,E0144
GR0013984,PO-2024-018206,2024-03-13,315.64,E0145
GR0013985,PO-2024-018207,2024-01-13,6228.26,E0161
GR0013986,PO-2024-018208,2024-11-23,1715.08,E0144
GR0013987,PO-2024-018209,2024-01-27,262.45,E0149
GR0013988,PO-2024-018210,2024-07-08,1889.88,E0145
GR0013989,PO-2025-018211,2025-01-24,1410.39,E0159
GR0013990,PO-2025-018211,2025-02-05,1465.13,E0145
GR0013991,PO-2024-018212,2024-07-19,952.16,E0141
GR0013992,PO-2024-018213,2024-11-02,4381.41,E0151
GR0013993,PO-2024-018214,2024-03-28,438.94,E0142
GR0013994,PO-2025-018215,2025-03-03,2435.33,E0157
GR0013995,PO-2025-018215,2025-03-10,1792.9,E0146
GR0013996,PO-2024-018216,2024-01-13,2191.58,E0142
GR0013997,PO-2024-018217,2024-08-07,15614.74,E0140
GR0013998,PO-2024-018218,2024-10-27,5408.15,E0157
GR0013999,PO-2024-018219,2024-08-10,304.6,E0152
GR0014000,PO-2024-018220,2024-10-08,1041.72,E0159
GR0014001,PO-2025-018221,2025-01-05,2132.82,E0140
GR0014002,PO-2024-018222,2024-06-22,2301.69,E0152
GR0014003,PO-2024-018223,2024-05-13,2293.31,E0141
GR0014004,PO-2024-018224,2024-04-28,3051.28,E0155
GR0014005,PO-2024-018225,2024-09-23,465.02,E0153
GR0014006,PO-2024-018226,2024-11-19,3838.45,E0158
GR0014007,PO-2025-018227,2025-06-18,13160.31,E0159
GR0014008,PO-2024-018228,2024-11-05,1234.1,E0163
GR0014009,PO-2025-018229,2025-01-21,8374.9,E0140
GR0014010,PO-2025-018230,2025-02-02,3491.28,E0153
GR0014011,PO-2024-018231,2024-08-16,1037.39,E0153
GR0014012,PO-2025-018232,2025-03-30,468.54,E0160
GR0014013,PO-2025-018232,2025-04-17,530.82,E0153
GR0014014,PO-2025-018233,2025-02-13,1630.03,E0154
GR0014015,PO-2024-018234,2024-06-02,1649.74,E0143
GR0014016,PO-2024-018235,2024-06-10,716.67,E0153
GR0014017,PO-2024-018236,2024-09-28,7185.95,E0151
GR0014018,PO-2024-018236,2024-10-15,10044.14,E0150
GR0014019,PO-2025-018237,2025-04-08,16036.2,E0152
GR0014020,PO-2025-018238,2025-01-29,3990.5,E0161
GR0014021,PO-2025-018239,2025-06-15,14602.76,E0150
GR0014022,PO-2024-018240,2024-05-30,1093.79,E0147
GR0014023,PO-2025-018241,2025-01-26,1349.94,E0153
GR0014024,PO-2025-018242,2025-06-20,14027.37,E0145
GR0014025,PO-2024-018243,2024-01-14,3801.54,E0147
GR0014026,PO-2024-018244,2024-10-09,2907.33,E0153
GR0014027,PO-2025-018245,2025-01-10,156.66,E0147
GR0014028,PO-2024-018246,2024-06-18,627.62,E0152
GR0014029,PO-2024-018246,2024-07-06,477.8,E0157
GR0014030,PO-2024-018247,2024-06-07,117.68,E0163
GR0014031,PO-2024-018248,2024-09-05,604.99,E0159
GR0014032,PO-2024-018249,2024-07-07,720.76,E0146
GR0014033,PO-2024-018250,2024-01-12,1738.39,E0143
GR0014034,PO-2024-018251,2024-12-05,2665.09,E0155
GR0014035,PO-2024-018252,2024-03-24,1081.32,E0151
GR0014036,PO-2025-018253,2025-06-26,4147.43,E0154
GR0014037,PO-2025-018254,2025-07-04,3694.47,E0146
GR0014038,PO-2025-018255,2025-07-01,4431.58,E0158
GR0014039,PO-2024-018256,2024-06-29,4497.91,E0152
GR0014040,PO-2024-018257,2024-12-22,118.99,E0159
GR0014041,PO-2024-018257,2024-12-28,110.08,E0162
GR0014042,PO-2025-018258,2025-07-04,1354.86,E0160
GR0014043,PO-2025-018259,2025-06-22,3345.99,E0155
GR0014044,PO-2024-018260,2024-12-12,1399.08,E0150
GR0014045,PO-2024-018261,2024-09-23,904.05,E0161
GR0014046,PO-2024-018262,2024-06-17,1928.94,E0162
GR0014047,PO-2024-018263,2024-04-02,7781.86,E0140
GR0014048,PO-2025-018264,2025-03-15,872.43,E0141
GR0014049,PO-2025-018265,2025-01-20,2386.66,E0155
GR0014050,PO-2025-018266,2025-05-31,1292.54,E0156
GR0014051,PO-2024-018267,2024-03-31,2913.95,E0146
GR0014052,PO-2025-018268,2025-04-19,2142.08,E0142
GR0014053,PO-2024-018269,2024-08-12,1835.37,E0145
GR0014054,PO-2024-018270,2024-04-25,1784.98,E0149
GR0014055,PO-2024-018271,2024-09-10,10021.56,E0161
GR0014056,PO-2025-018272,2025-05-09,14295.25,E0153
GR0014057,PO-2025-018273,2025-06-24,6663.15,E0161
GR0014058,PO-2025-018274,2025-02-23,3469.96,E0155
GR0014059,PO-2024-018275,2024-10-18,2074.9,E0156
GR0014060,PO-2024-018276,2024-05-09,694.99,E0146
GR0014061,PO-2025-018277,2025-04-12,1963.86,E0142
GR0014062,PO-2025-018278,2025-05-12,4846.06,E0152
GR0014063,PO-2024-018315,2024-02-23,2424.9,E0157
GR0014064,PO-2024-018316,2024-02-24,6663.04,E0153
GR0014065,PO-2024-018317,2024-01-16,2232.25,E0152
GR0014066,PO-2024-018318,2024-11-23,392.87,E0151
GR0014067,PO-2024-018319,2024-07-03,3092.5,E0148
GR0014068,PO-2024-018320,2025-01-05,1375.47,E0146
GR0014069,PO-2024-018321,2024-11-08,3603.15,E0144
GR0014070,PO-2024-018321,2024-11-17,2512.28,E0152
GR0014071,PO-2025-018322,2025-04-16,2197.79,E0157
GR0014072,PO-2025-018323,2025-04-17,1606.08,E0158
GR0014073,PO-2024-018324,2024-07-18,3815.09,E0148
GR0014074,PO-2024-018325,2024-08-05,1419.09,E0162
GR0014075,PO-2024-018326,2024-03-13,810.57,E0151
GR0014076,PO-2024-018327,2024-05-23,336.49,E0151
GR0014077,PO-2025-018328,2025-01-26,4691.76,E0161
GR0014078,PO-2024-018329,2024-01-08,78293.92,E0155
GR0014079,PO-2024-018330,2024-11-09,7539.62,E0163
GR0014080,PO-2024-018331,2024-05-30,1783.52,E0153
GR0014081,PO-2025-018332,2025-03-19,2820.29,E0154
GR0014082,PO-2025-018333,2025-02-23,9315.08,E0146
GR0014083,PO-2024-018334,2024-01-15,2694.92,E0159
GR0014084,PO-2024-018335,2024-12-23,16182.51,E0159
GR0014085,PO-2024-018336,2024-10-05,3460.77,E0152
GR0014086,PO-2025-018337,2025-03-30,1386.15,E0162
GR0014087,PO-2024-018338,2024-09-21,987.26,E0154
GR0014088,PO-2024-018339,2024-09-29,12071.4,E0143
GR0014089,PO-2024-018356,2024-12-15,2811.29,E0156
GR0014090,PO-2024-018357,2024-06-08,5578.51,E0161
GR0014091,PO-2025-018358,2025-03-01,7194.71,E0160
GR0014092,PO-2024-018359,2024-09-18,1651.07,E0153
GR0014093,PO-2024-018360,2024-12-15,2268.5,E0142
GR0014094,PO-2024-018361,2024-10-06,734.1,E0159
GR0014095,PO-2024-018362,2024-07-04,184.02,E0160
GR0014096,PO-2024-018362,2024-07-11,214.29,E0143
GR0014097,PO-2025-018363,2025-05-25,7234.93,E0153
GR0014098,PO-2024-018364,2024-10-22,993.25,E0163
GR0014099,PO-2025-018365,2025-02-20,5648.41,E0142
GR0014100,PO-2025-018366,2025-07-07,6157.35,E0141
GR0014101,PO-2024-018367,2024-11-10,3767.93,E0144
GR0014102,PO-2024-018368,2024-12-06,2005.75,E0155
GR0014103,PO-2024-018369,2024-08-15,6847.51,E0156
GR0014104,PO-2025-018370,2025-04-19,1224.92,E0159
GR0014105,PO-2024-018371,2024-06-29,8670.91,E0149
GR0014106,PO-2025-018372,2025-07-04,6544.19,E0154
GR0014107,PO-2024-018373,2024-01-18,2459.96,E0141
GR0014108,PO-2024-018374,2024-07-28,316.17,E0143
GR0014109,PO-2024-018374,2024-08-13,320.12,E0147
GR0014110,PO-2024-018375,2024-01-28,2520.59,E0148
GR0014111,PO-2024-018376,2024-08-29,6743.73,E0156
GR0014112,PO-2025-018377,2025-01-20,3843.54,E0147
GR0014113,PO-2024-018378,2024-05-16,3827.21,E0145
GR0014114,PO-2024-018379,2025-01-07,5909.85,E0142
GR0014115,PO-2024-018380,2024-11-29,5998.59,E0147
GR0014116,PO-2024-018381,2024-01-15,3214.64,E0155
GR0014117,PO-2024-018381,2024-01-30,3260.88,E0159
GR0014118,PO-2024-018382,2024-04-22,713.94,E0150
GR0014119,PO-2025-018383,2025-01-29,1625.76,E0150
GR0014120,PO-2024-018384,2024-11-11,8254.89,E0156
GR0014121,PO-2024-018385,2024-02-22,2719.61,E0149
GR0014122,PO-2025-018386,2025-07-14,893.96,E0147
GR0014123,PO-2025-018386,2025-07-21,501.99,E0144
GR0014124,PO-2024-018387,2024-10-19,1131.23,E0146
GR0014125,PO-2024-018387,2024-10-29,874.27,E0146
GR0014126,PO-2024-018388,2024-05-31,860.65,E0149
GR0014127,PO-2024-018389,2024-11-06,3564.11,E0152
GR0014128,PO-2025-018390,2025-01-23,6063.45,E0152
GR0014129,PO-2024-018391,2024-12-18,1858.12,E0156
GR0014130,PO-2024-018392,2024-03-18,286.16,E0145
GR0014131,PO-2025-018393,2025-04-17,7389.46,E0154
GR0014132,PO-2025-018394,2025-06-22,1344.92,E0153
GR0014133,PO-2025-018395,2025-03-12,6736.11,E0163
GR0014134,PO-2025-018396,2025-02-24,1086.04,E0150
GR0014135,PO-2024-018397,2024-11-06,2397.5,E0153
GR0014136,PO-2024-018398,2024-05-04,1017.24,E0151
GR0014137,PO-2024-018399,2024-10-10,1171.02,E0157
GR0014138,PO-2024-018399,2024-10-19,1086.91,E0154
GR0014139,PO-2025-018400,2025-04-17,13109.4,E0159
GR0014140,PO-2024-018401,2024-05-28,1528.92,E0151
GR0014141,PO-2024-018402,2024-10-19,1063.77,E0141
GR0014142,PO-2025-018403,2025-04-20,17357.42,E0144
GR0014143,PO-2024-018404,2024-05-28,642.63,E0140
GR0014144,PO-2024-018405,2024-05-05,3082.04,E0158
GR0014145,PO-2024-018406,2024-01-12,663.52,E0149
GR0014146,PO-2024-018407,2024-09-02,6976.64,E0162
GR0014147,PO-2024-018408,2024-03-09,1910.27,E0153
GR0014148,PO-2024-018409,2024-12-03,1252.1,E0145
GR0014149,PO-2024-018409,2024-12-08,1262.8,E0146
GR0014150,PO-2024-018410,2024-07-21,4314.04,E0150
GR0014151,PO-2024-018411,2024-08-27,1054.51,E0155
GR0014152,PO-2024-018411,2024-09-06,739.51,E0154
GR0014153,PO-2025-018412,2025-01-27,13505.9,E0141
GR0014154,PO-2024-018413,2024-02-15,1048.99,E0161
GR0014155,PO-2025-018414,2025-03-22,2322.48,E0154
GR0014156,PO-2024-018415,2024-10-21,904.6,E0156
GR0014157,PO-2024-018416,2024-07-29,2714.12,E0162
GR0014158,PO-2024-018417,2025-01-07,630.91,E0144
GR0014159,PO-2024-018417,2025-01-22,388.18,E0150
GR0014160,PO-2024-018418,2024-06-25,834.88,E0149
GR0014161,PO-2025-018419,2025-04-22,1500.18,E0148
GR0014162,PO-2024-018420,2024-08-05,12649.94,E0159
GR0014163,PO-2024-018421,2024-09-21,4561.01,E0157
GR0014164,PO-2024-018422,2025-01-13,702.41,E0145
GR0014165,PO-2025-018423,2025-02-21,1476.9,E0151
GR0014166,PO-2024-018424,2024-09-23,1271.1,E0143
GR0014167,PO-2024-018425,2024-11-25,4714.69,E0146
GR0014168,PO-2025-018426,2025-05-24,7832.8,E0140
GR0014169,PO-2024-018427,2025-01-03,7554.5,E0153
GR0014170,PO-2024-018428,2024-08-13,6639.16,E0144
GR0014171,PO-2025-018429,2025-03-26,915.57,E0146
GR0014172,PO-2024-018430,2024-04-28,2618.07,E0147
GR0014173,PO-2025-018431,2025-07-09,12904.62,E0158
GR0014174,PO-2024-018432,2024-02-09,3644.98,E0159
GR0014175,PO-2025-018433,2025-03-23,3744.31,E0150
GR0014176,PO-2024-018434,2024-10-30,3653.28,E0161
GR0014177,PO-2025-018435,2025-02-05,1517.59,E0148
GR0014178,PO-2025-018436,2025-07-11,2243.71,E0144
GR0014179,PO-2024-018437,2024-04-06,1033.43,E0145
GR0014180,PO-2024-018438,2024-05-22,1320.63,E0159
GR0014181,PO-2024-018438,2024-06-06,875.58,E0156
GR0014182,PO-2025-018439,2025-03-09,493.51,E0159
GR0014183,PO-2025-018439,2025-03-23,245.58,E0152
GR0014184,PO-2025-018440,2025-05-31,763.69,E0141
GR0014185,PO-2024-018441,2024-06-17,675.39,E0150
GR0014186,PO-2024-018442,2024-11-24,883.86,E0153
GR0014187,PO-2025-018443,2025-02-25,5100.91,E0163
GR0014188,PO-2025-018444,2025-05-18,637.83,E0155
GR0014189,PO-2025-018445,2025-05-03,1904.09,E0163
GR0014190,PO-2025-018446,2025-02-15,18276.16,E0149
GR0014191,PO-2025-018447,2025-06-16,881.6,E0154
GR0014192,PO-2024-018448,2024-04-08,1324.32,E0152
GR0014193,PO-2024-018449,2024-07-03,1817.46,E0162
GR0014194,PO-2024-018450,2024-12-17,498.31,E0147
GR0014195,PO-2024-018450,2024-12-23,257.5,E0155
GR0014196,PO-2025-018451,2025-04-30,474.59,E0146
GR0014197,PO-2024-018452,2024-03-31,7637.07,E0144
GR0014198,PO-2024-018453,2024-10-25,1756.27,E0155
GR0014199,PO-2025-018454,2025-01-25,1010.05,E0152
GR0014200,PO-2024-018455,2024-06-18,3916.71,E0153
GR0014201,PO-2024-018456,2024-06-17,707.51,E0147
GR0014202,PO-2024-018457,2024-09-01,5740.12,E0143
GR0014203,PO-2024-018458,2024-08-04,302.97,E0142
GR0014204,PO-2025-018459,2025-03-12,730.6,E0143
GR0014205,PO-2025-018460,2025-01-23,1765.42,E0151
GR0014206,PO-2024-018461,2024-04-25,249.02,E0158
GR0014207,PO-2024-018462,2024-03-25,3269.45,E0151
GR0014208,PO-2024-018463,2025-01-02,1006.29,E0144
GR0014209,PO-2025-018464,2025-03-08,363.81,E0156
GR0014210,PO-2024-018465,2024-04-12,1153.55,E0163
GR0014211,PO-2024-018466,2024-05-20,1174.49,E0141
GR0014212,PO-2024-018467,2024-02-11,4931.98,E0163
GR0014213,PO-2024-018468,2024-11-05,4320.01,E0157
GR0014214,PO-2024-018469,2024-08-19,4670.76,E0151
GR0014215,PO-2024-018470,2024-10-07,1576.64,E0153
GR0014216,PO-2024-018471,2024-04-14,5184.44,E0145
GR0014217,PO-2024-018472,2024-09-21,553.85,E0149
GR0014218,PO-2024-018473,2024-04-02,8376.1,E0140
GR0014219,PO-2024-018474,2024-02-16,1414.77,E0161
GR0014220,PO-2024-018474,2024-02-27,1062.42,E0142
GR0014221,PO-2025-018475,2025-05-28,3317.12,E0163
GR0014222,PO-2024-018476,2024-01-14,7308.57,E0145
GR0014223,PO-2025-018477,2025-02-22,817.6,E0159
GR0014224,PO-2024-018478,2024-02-17,389.52,E0152
GR0014225,PO-2024-018478,2024-02-28,273.21,E0160
GR0014226,PO-2024-018479,2024-09-18,30196.92,E0144
GR0014227,PO-2025-018480,2025-04-27,337.42,E0156
GR0014228,PO-2024-018481,2024-03-25,2125.99,E0157
GR0014229,PO-2024-018482,2024-07-03,1786.31,E0148
GR0014230,PO-2024-018483,2024-12-11,495.0,E0156
GR0014231,PO-2024-018484,2024-02-11,1024.18,E0162
GR0014232,PO-2024-018485,2024-08-11,3996.36,E0143
GR0014233,PO-2024-018486,2024-06-24,3217.64,E0159
GR0014234,PO-2024-018487,2024-07-19,801.47,E0156
GR0014235,PO-2024-018488,2024-02-22,464.82,E0145
GR0014236,PO-2024-018489,2024-04-10,610.93,E0158
GR0014237,PO-2025-018490,2025-05-16,343.97,E0147
GR0014238,PO-2025-018491,2025-02-10,5634.45,E0140
GR0014239,PO-2024-018492,2024-04-29,674.75,E0144
GR0014240,PO-2024-018493,2024-11-03,1044.92,E0147
GR0014241,PO-2024-018493,2024-11-15,1100.51,E0163
GR0014242,PO-2025-018494,2025-03-21,275.85,E0153
GR0014243,PO-2025-018495,2025-03-25,1459.76,E0152
GR0014244,PO-2024-018496,2024-05-11,2579.39,E0147
GR0014245,PO-2024-018593,2024-02-23,264.16,E0154
GR0014246,PO-2024-018594,2024-10-26,1819.43,E0141
GR0014247,PO-2025-018595,2025-05-10,217.88,E0140
GR0014248,PO-2025-018596,2025-03-26,1264.84,E0159
GR0014249,PO-2025-018597,2025-03-20,480.2,E0160
GR0014250,PO-2024-018598,2024-11-01,3003.24,E0159
GR0014251,PO-2024-018598,2024-11-15,2601.14,E0156
GR0014252,PO-2024-018599,2024-04-01,420.22,E0150
GR0014253,PO-2024-018599,2024-04-15,585.4,E0148
GR0014254,PO-2024-018600,2024-01-17,1146.27,E0143
GR0014255,PO-2024-018600,2024-01-30,1314.3,E0144
GR0014256,PO-2024-018601,2024-08-12,9851.04,E0162
GR0014257,PO-2025-018602,2025-06-19,5702.03,E0153
GR0014258,PO-2025-018603,2025-07-20,917.39,E0140
GR0014259,PO-2025-018604,2025-01-17,674.04,E0158
GR0014260,PO-2024-018605,2024-06-30,365.33,E0146
GR0014261,PO-2025-018606,2025-05-21,7142.12,E0163
GR0014262,PO-2024-018607,2024-11-13,1907.26,E0159
GR0014263,PO-2024-018608,2024-04-18,1892.84,E0147
GR0014264,PO-2025-018609,2025-04-05,4209.92,E0140
GR0014265,PO-2024-018610,2024-07-24,1256.9,E0159
GR0014266,PO-2024-018611,2024-03-06,1512.6,E0156
GR0014267,PO-2024-018612,2024-03-03,2541.14,E0145
GR0014268,PO-2025-018613,2025-07-08,681.43,E0163
GR0014269,PO-2024-018614,2024-03-16,4064.96,E0158
GR0014270,PO-2024-018615,2024-03-16,3811.24,E0148
GR0014271,PO-2024-018616,2024-05-15,5508.62,E0163
GR0014272,PO-2024-018617,2024-08-08,772.28,E0157
GR0014273,PO-2024-018617,2024-08-26,889.49,E0158
GR0014274,PO-2025-018618,2025-04-16,1882.01,E0148
GR0014275,PO-2024-018619,2024-07-26,2042.98,E0160
GR0014276,PO-2024-018647,2024-09-22,2003.54,E0154
GR0014277,PO-2024-018648,2024-02-28,5737.21,E0141
GR0014278,PO-2024-018649,2025-01-06,2433.41,E0146
GR0014279,PO-2024-018650,2024-03-04,25488.02,E0157
GR0014280,PO-2024-018651,2024-01-28,14873.6,E0151
GR0014281,PO-2025-018652,2025-06-17,5131.97,E0148
GR0014282,PO-2024-018663,2024-09-20,4496.85,E0145
GR0014283,PO-2025-018664,2025-05-04,4919.81,E0142
GR0014284,PO-2024-018665,2024-09-14,10317.15,E0141
GR0014285,PO-2024-018666,2024-01-13,5896.14,E0150
GR0014286,PO-2025-018667,2025-03-09,1669.97,E0151
GR0014287,PO-2024-018668,2024-12-26,2152.5,E0161
GR0014288,PO-2024-018669,2024-06-02,1915.64,E0159
GR0014289,PO-2025-018670,2025-05-13,2352.09,E0146
GR0014290,PO-2024-018671,2024-12-11,5634.08,E0163
GR0014291,PO-2024-018672,2024-04-07,4158.27,E0147
GR0014292,PO-2024-018673,2024-04-06,1440.31,E0140
GR0014293,PO-2024-018674,2024-01-22,2005.14,E0150
GR0014294,PO-2024-018675,2024-06-12,1325.05,E0161
GR0014295,PO-2024-018676,2024-07-09,3197.84,E0158
GR0014296,PO-2024-018677,2024-08-30,609.91,E0148
GR0014297,PO-2025-018678,2025-06-27,8741.11,E0141
GR0014298,PO-2025-018678,2025-07-11,4289.48,E0141
GR0014299,PO-2025-018679,2025-04-05,3227.1,E0156
GR0014300,PO-2024-018680,2024-08-18,2303.91,E0155
GR0014301,PO-2024-018681,2024-11-01,3857.96,E0162
GR0014302,PO-2025-018682,2025-06-29,1964.85,E0142
GR0014303,PO-2025-018682,2025-07-13,2158.64,E0150
GR0014304,PO-2025-018683,2025-03-12,1842.35,E0159
GR0014305,PO-2025-018684,2025-03-05,1615.91,E0157
GR0014306,PO-2024-018685,2024-04-23,3110.26,E0144
GR0014307,PO-2024-018686,2024-04-11,2116.25,E0143
GR0014308,PO-2024-018687,2024-03-15,4384.11,E0154
GR0014309,PO-2024-018687,2024-03-18,2654.71,E0158
GR0014310,PO-2024-018688,2024-10-31,1527.41,E0149
GR0014311,PO-2025-018689,2025-01-27,174.1,E0158
GR0014312,PO-2024-018690,2025-01-07,721.18,E0147
GR0014313,PO-2025-018691,2025-06-27,1282.62,E0141
GR0014314,PO-2024-018692,2024-04-09,820.33,E0159
GR0014315,PO-2024-018693,2024-03-08,4502.96,E0157
GR0014316,PO-2024-018694,2024-02-28,9249.83,E0150
GR0014317,PO-2024-018695,2024-10-10,9358.88,E0156
GR0014318,PO-2024-018696,2024-09-15,2983.73,E0147
GR0014319,PO-2025-018697,2025-07-02,3877.29,E0144
GR0014320,PO-2025-018698,2025-02-06,2075.73,E0153
GR0014321,PO-2024-018699,2024-07-21,3019.83,E0149
GR0014322,PO-2024-018700,2025-01-05,19683.22,E0151
GR0014323,PO-2025-018701,2025-02-16,13956.74,E0161
GR0014324,PO-2025-018702,2025-02-01,4679.53,E0142
GR0014325,PO-2024-018703,2024-10-22,6645.34,E0157
GR0014326,PO-2025-018704,2025-05-13,3687.51,E0140
GR0014327,PO-2024-018705,2024-05-09,19458.95,E0161
GR0014328,PO-2024-018706,2024-10-13,23270.76,E0157
GR0014329,PO-2025-018707,2025-04-06,1154.41,E0146
GR0014330,PO-2025-018708,2025-01-24,57102.03,E0146
GR0014331,PO-2024-018709,2025-01-09,1254.52,E0162
GR0014332,PO-2024-018710,2024-05-19,5925.2,E0162
GR0014333,PO-2024-018711,2024-10-31,245.94,E0140
GR0014334,PO-2025-018712,2025-02-01,31803.58,E0157
GR0014335,PO-2024-018713,2024-05-06,1633.26,E0157
GR0014336,PO-2024-018714,2024-03-09,10630.47,E0158
GR0014337,PO-2024-018714,2024-03-18,8550.89,E0160
GR0014338,PO-2024-018715,2024-04-21,15309.39,E0148
GR0014339,PO-2025-018716,2025-02-11,1041.41,E0160
GR0014340,PO-2024-018717,2024-09-04,1112.95,E0152
GR0014341,PO-2024-018718,2024-03-05,4621.52,E0157
GR0014342,PO-2024-018719,2024-06-15,38474.15,E0145
GR0014343,PO-2024-018720,2024-09-25,918.92,E0140
GR0014344,PO-2025-018721,2025-05-06,4017.16,E0152
GR0014345,PO-2024-018722,2024-02-24,3446.84,E0144
GR0014346,PO-2024-018722,2024-03-10,2004.51,E0140
GR0014347,PO-2024-018723,2024-06-09,20163.89,E0152
GR0014348,PO-2024-018724,2024-08-31,3026.93,E0141
GR0014349,PO-2024-018725,2024-06-09,1753.91,E0145
GR0014350,PO-2024-018725,2024-06-16,1198.46,E0140
GR0014351,PO-2024-018726,2024-05-17,2306.55,E0155
GR0014352,PO-2025-018727,2025-03-06,4029.32,E0144
GR0014353,PO-2024-018728,2024-03-07,3557.51,E0150
GR0014354,PO-2024-018729,2024-10-23,2474.63,E0158
GR0014355,PO-2024-018730,2024-11-17,9017.2,E0157
GR0014356,PO-2024-018731,2024-11-23,1912.98,E0160
GR0014357,PO-2024-018732,2024-09-15,1879.79,E0147
GR0014358,PO-2025-018733,2025-01-26,5034.26,E0145
GR0014359,PO-2025-018733,2025-02-04,4799.26,E0162
GR0014360,PO-2024-018734,2024-02-11,6651.42,E0162
GR0014361,PO-2025-018735,2025-05-31,4243.09,E0144
GR0014362,PO-2025-018736,2025-03-14,3015.56,E0147
GR0014363,PO-2025-018737,2025-06-29,2799.59,E0153
GR0014364,PO-2025-018738,2025-01-29,11722.83,E0143
GR0014365,PO-2024-018739,2024-05-25,2012.04,E0162
GR0014366,PO-2025-018740,2025-05-13,475.35,E0144
GR0014367,PO-2024-018741,2024-06-23,6485.74,E0158
GR0014368,PO-2024-018742,2024-04-26,15596.43,E0157
GR0014369,PO-2025-018743,2025-02-23,597.02,E0149
GR0014370,PO-2024-018744,2024-10-14,6613.5,E0143
GR0014371,PO-2025-018745,2025-05-01,5184.84,E0158
GR0014372,PO-2025-018746,2025-03-10,27270.46,E0142
GR0014373,PO-2024-018747,2024-12-21,3792.59,E0149
GR0014374,PO-2024-018748,2024-09-10,9259.78,E0145
GR0014375,PO-2025-018749,2025-01-20,18151.23,E0149
GR0014376,PO-2024-018750,2024-04-10,5747.93,E0143
GR0014377,PO-2024-018751,2024-09-24,607.38,E0151
GR0014378,PO-2024-018752,2024-12-29,3318.66,E0156
GR0014379,PO-2024-018753,2024-10-23,10094.32,E0158
GR0014380,PO-2024-018753,2024-11-07,8999.93,E0152
GR0014381,PO-2024-018754,2024-09-06,1951.32,E0160
GR0014382,PO-2024-018755,2024-08-12,1951.37,E0155
GR0014383,PO-2024-018756,2024-02-14,2435.43,E0157
GR0014384,PO-2024-018756,2024-02-25,1965.78,E0155
GR0014385,PO-2024-018757,2024-06-29,452.53,E0163
GR0014386,PO-2025-018758,2025-06-25,1166.84,E0159
GR0014387,PO-2025-018759,2025-07-06,5739.34,E0155
GR0014388,PO-2024-018760,2024-07-09,1499.19,E0153
GR0014389,PO-2024-018761,2024-02-09,11638.54,E0155
GR0014390,PO-2024-018762,2024-04-22,1323.69,E0160
GR0014391,PO-2024-018763,2024-12-24,3548.33,E0144
GR0014392,PO-2024-018764,2024-01-31,7954.16,E0143
GR0014393,PO-2025-018765,2025-03-24,9366.25,E0162
GR0014394,PO-2025-018766,2025-07-04,7033.66,E0146
GR0014395,PO-2025-018767,2025-01-24,14969.62,E0159
GR0014396,PO-2024-018768,2024-10-27,4238.01,E0141
GR0014397,PO-2024-018769,2024-09-04,6597.36,E0159
GR0014398,PO-2025-018770,2025-03-14,12191.19,E0151
GR0014399,PO-2024-018771,2024-12-31,183.04,E0142
GR0014400,PO-2024-018771,2025-01-06,157.74,E0151
GR0014401,PO-2025-018772,2025-04-21,4714.64,E0158
GR0014402,PO-2024-018773,2024-10-11,3467.83,E0150
GR0014403,PO-2025-018774,2025-06-24,1119.21,E0140
GR0014404,PO-2024-018775,2024-05-19,106763.32,E0158
GR0014405,PO-2025-018776,2025-07-09,1107.03,E0142
GR0014406,PO-2025-018776,2025-07-17,1266.68,E0149
GR0014407,PO-2025-018777,2025-05-06,4348.07,E0151
GR0014408,PO-2024-018778,2024-11-03,3457.91,E0150
GR0014409,PO-2024-018779,2024-01-10,2976.19,E0143
GR0014410,PO-2024-018779,2024-01-20,3201.46,E0150
GR0014411,PO-2025-018780,2025-06-19,3191.4,E0157
GR0014412,PO-2025-018781,2025-05-14,547.61,E0153
GR0014413,PO-2024-018782,2024-10-31,7772.3,E0153
GR0014414,PO-2025-018783,2025-06-21,10667.49,E0147
GR0014415,PO-2025-018784,2025-04-20,6593.12,E0155
GR0014416,PO-2024-018785,2024-07-02,28308.3,E0144
GR0014417,PO-2024-018786,2024-08-14,7870.42,E0156
GR0014418,PO-2025-018787,2025-02-14,20516.38,E0146
GR0014419,PO-2024-018788,2024-03-17,28790.62,E0155
GR0014420,PO-2025-018789,2025-01-15,22185.38,E0143
GR0014421,PO-2025-018790,2025-01-13,7777.16,E0151
GR0014422,PO-2024-018791,2024-08-13,1938.17,E0148
GR0014423,PO-2024-018792,2024-05-02,12656.32,E0160
GR0014424,PO-2024-018792,2024-05-06,14692.13,E0163
GR0014425,PO-2024-018793,2024-07-29,9295.16,E0153
GR0014426,PO-2024-018794,2024-12-18,3722.78,E0156
GR0014427,PO-2024-018794,2024-12-26,1823.26,E0141
GR0014428,PO-2024-018795,2024-04-04,2870.95,E0151
GR0014429,PO-2025-018796,2025-02-07,49630.0,E0153
GR0014430,PO-2025-018797,2025-03-24,10089.27,E0162
GR0014431,PO-2025-018798,2025-01-21,6209.09,E0147
GR0014432,PO-2025-018799,2025-05-31,4205.31,E0149
GR0014433,PO-2025-018800,2025-01-21,3429.98,E0143
GR0014434,PO-2024-018801,2024-05-10,7627.8,E0140
GR0014435,PO-2025-018802,2025-06-19,17485.23,E0159
GR0014436,PO-2025-018803,2025-04-01,25042.81,E0162
GR0014437,PO-2024-018804,2024-06-30,966.58,E0162
GR0014438,PO-2025-018805,2025-03-19,16431.02,E0152
GR0014439,PO-2024-018806,2024-10-11,2163.14,E0160
GR0014440,PO-2024-018806,2024-10-22,2288.42,E0147
GR0014441,PO-2025-018807,2025-06-12,6794.09,E0157
GR0014442,PO-2024-018808,2024-06-05,10481.29,E0144
GR0014443,PO-2024-018809,2024-09-19,5002.13,E0158
GR0014444,PO-2024-018809,2024-09-24,3224.87,E0151
GR0014445,PO-2024-018810,2024-02-16,50743.49,E0159
GR0014446,PO-2024-018811,2024-03-22,7460.75,E0143
GR0014447,PO-2024-018811,2024-03-30,7313.45,E0147
GR0014448,PO-2024-018812,2024-05-18,3782.23,E0148
GR0014449,PO-2024-018813,2024-02-04,8450.32,E0151
GR0014450,PO-2024-018814,2024-05-11,2439.01,E0155
GR0014451,PO-2025-018815,2025-01-18,1955.39,E0160
GR0014452,PO-2024-018816,2024-06-19,3235.59,E0161
GR0014453,PO-2025-018817,2025-04-09,19789.81,E0145
GR0014454,PO-2025-018818,2025-04-21,2934.8,E0153
GR0014455,PO-2025-018819,2025-02-11,5212.6,E0161
GR0014456,PO-2025-018820,2025-01-25,8471.23,E0145
GR0014457,PO-2025-018821,2025-04-21,1389.46,E0150
GR0014458,PO-2025-018822,2025-06-26,4078.62,E0163
GR0014459,PO-2024-018823,2024-10-29,3474.35,E0143
GR0014460,PO-2025-018824,2025-04-22,3109.14,E0142
GR0014461,PO-2024-018825,2024-08-04,2133.32,E0147
GR0014462,PO-2025-018826,2025-01-19,27675.0,E0163
GR0014463,PO-2025-018827,2025-03-06,36167.69,E0145
GR0014464,PO-2024-018828,2024-10-07,3483.48,E0144
GR0014465,PO-2025-018829,2025-01-18,83922.73,E0160
GR0014466,PO-2024-018830,2024-03-21,2221.72,E0141
GR0014467,PO-2024-018830,2024-03-28,2424.75,E0151
GR0014468,PO-2024-018831,2024-12-28,1258.7,E0142
GR0014469,PO-2024-018832,2024-01-29,1925.7,E0162
GR0014470,PO-2024-018833,2024-12-28,2635.27,E0163
GR0014471,PO-2024-018833,2025-01-06,2597.68,E0153
GR0014472,PO-2025-018834,2025-02-27,37727.48,E0151
GR0014473,PO-2024-018835,2024-02-24,5915.65,E0162
GR0014474,PO-2025-018836,2025-06-09,4800.65,E0147
GR0014475,PO-2024-018837,2024-03-23,9611.31,E0147
GR0014476,PO-2024-018837,2024-04-03,8583.18,E0160
GR0014477,PO-2024-018838,2024-04-02,11395.69,E0151
GR0014478,PO-2024-018839,2024-07-03,5390.11,E0142
GR0014479,PO-2024-018840,2024-01-28,11292.23,E0163
GR0014480,PO-2024-018841,2024-10-06,1663.05,E0151
GR0014481,PO-2025-018842,2025-02-19,14610.54,E0157
GR0014482,PO-2024-018843,2024-08-08,3906.61,E0158
GR0014483,PO-2025-018844,2025-07-05,4623.94,E0143
GR0014484,PO-2024-018845,2024-02-02,4780.34,E0141
GR0014485,PO-2025-018846,2025-05-14,48303.48,E0158
GR0014486,PO-2024-018847,2024-11-09,8814.75,E0159
GR0014487,PO-2024-018848,2024-01-23,1409.76,E0141
GR0014488,PO-2025-018849,2025-04-20,6274.83,E0152
GR0014489,PO-2025-018849,2025-04-30,3620.33,E0160
GR0014490,PO-2024-018850,2024-10-04,2993.64,E0144
GR0014491,PO-2024-018851,2024-06-05,23737.6,E0148
GR0014492,PO-2024-018852,2024-05-30,2348.37,E0142
GR0014493,PO-2025-018853,2025-06-08,10319.64,E0144
GR0014494,PO-2024-018854,2024-12-31,2984.31,E0161
GR0014495,PO-2024-018855,2024-07-25,2221.1,E0155
GR0014496,PO-2025-018856,2025-04-18,7722.03,E0140
GR0014497,PO-2024-018857,2024-03-12,11078.45,E0148
GR0014498,PO-2024-018858,2024-10-27,14187.44,E0149
GR0014499,PO-2024-018859,2024-06-17,11551.82,E0152
GR0014500,PO-2024-018859,2024-06-30,6652.94,E0154
GR0014501,PO-2024-018860,2024-11-10,6079.24,E0142
GR0014502,PO-2024-018861,2024-12-05,22584.45,E0153
GR0014503,PO-2024-018862,2024-05-07,26962.71,E0151
GR0014504,PO-2024-018863,2024-09-13,9800.87,E0161
GR0014505,PO-2024-018864,2024-06-17,8187.12,E0142
GR0014506,PO-2024-018865,2024-06-09,7853.5,E0146
GR0014507,PO-2024-018866,2024-09-10,8302.54,E0158
GR0014508,PO-2024-018866,2024-09-18,4795.52,E0163
GR0014509,PO-2025-018867,2025-04-22,1338.32,E0141
GR0014510,PO-2025-018868,2025-01-26,1004.64,E0163
GR0014511,PO-2024-018869,2024-11-02,17766.07,E0151
GR0014512,PO-2025-018870,2025-01-30,5658.28,E0150
GR0014513,PO-2025-018870,2025-02-13,4249.65,E0140
GR0014514,PO-2024-018871,2024-02-29,2313.17,E0144
GR0014515,PO-2025-018872,2025-06-23,31155.32,E0153
GR0014516,PO-2024-018873,2024-10-10,4687.37,E0152
GR0014517,PO-2024-018874,2024-12-17,1019.77,E0152
GR0014518,PO-2024-018875,2024-10-23,3473.05,E0154
GR0014519,PO-2024-018875,2024-10-26,1466.93,E0152
GR0014520,PO-2025-018876,2025-05-04,6065.5,E0154
GR0014521,PO-2024-018877,2024-06-24,773.36,E0140
GR0014522,PO-2024-018878,2024-01-15,12844.36,E0151
GR0014523,PO-2024-018879,2024-06-04,14030.71,E0161
GR0014524,PO-2024-018880,2024-10-22,24426.42,E0162
GR0014525,PO-2024-018881,2024-12-02,959.34,E0159
GR0014526,PO-2024-018882,2024-04-17,2260.77,E0147
GR0014527,PO-2024-018883,2024-09-17,3989.74,E0158
GR0014528,PO-2024-018884,2024-10-01,21078.02,E0158
GR0014529,PO-2025-018885,2025-07-02,2300.86,E0162
GR0014530,PO-2024-018886,2024-06-13,1129.23,E0154
GR0014531,PO-2024-018887,2024-04-17,17856.36,E0140
GR0014532,PO-2024-018888,2024-09-04,25012.08,E0154
GR0014533,PO-2024-018889,2024-07-14,520.25,E0152
GR0014534,PO-2024-018889,2024-08-03,682.66,E0141
GR0014535,PO-2024-018890,2024-02-13,2828.31,E0162
GR0014536,PO-2024-018891,2024-02-01,6344.02,E0161
GR0014537,PO-2024-018892,2024-11-05,11819.67,E0147
GR0014538,PO-2025-018893,2025-02-18,3113.69,E0147
GR0014539,PO-2025-018893,2025-02-26,2091.13,E0151
GR0014540,PO-2025-018894,2025-04-23,1892.0,E0158
GR0014541,PO-2025-018895,2025-03-23,15723.08,E0163
GR0014542,PO-2024-018896,2024-02-12,18923.42,E0153
GR0014543,PO-2024-018897,2024-04-19,22627.99,E0140
GR0014544,PO-2024-018898,2024-02-16,2120.65,E0162
GR0014545,PO-2025-018899,2025-04-21,9295.42,E0144
GR0014546,PO-2025-018900,2025-04-30,10329.56,E0162
GR0014547,PO-2025-018901,2025-04-20,7833.0,E0161
GR0014548,PO-2024-018902,2024-05-04,9574.82,E0143
GR0014549,PO-2025-018903,2025-03-30,17870.08,E0146
GR0014550,PO-2024-018904,2024-11-06,16770.72,E0150
GR0014551,PO-2025-018905,2025-06-19,1582.66,E0147
GR0014552,PO-2024-018906,2024-04-21,6041.12,E0150
GR0014553,PO-2024-018906,2024-05-02,2730.26,E0162
GR0014554,PO-2025-018907,2025-01-29,1553.84,E0152
GR0014555,PO-2024-018908,2024-06-19,4551.94,E0142
GR0014556,PO-2025-019064,2025-05-16,1537.82,E0150
GR0014557,PO-2024-019065,2024-06-30,126.96,E0149
GR0014558,PO-2024-019065,2024-07-14,134.24,E0143
GR0014559,PO-2025-019066,2025-05-19,14951.22,E0148
GR0014560,PO-2024-019067,2024-05-01,2081.53,E0156
GR0014561,PO-2025-019068,2025-06-04,1201.73,E0156
GR0014562,PO-2024-019069,2024-07-04,7455.79,E0156
GR0014563,PO-2025-019070,2025-05-17,7344.9,E0147
GR0014564,PO-2024-019071,2024-12-15,1300.54,E0142
GR0014565,PO-2024-019072,2024-03-13,2702.62,E0157
GR0014566,PO-2024-019073,2024-05-05,948.51,E0140
GR0014567,PO-2024-019073,2024-05-20,857.41,E0144
GR0014568,PO-2024-019074,2024-04-14,827.94,E0155
GR0014569,PO-2024-019075,2024-07-07,1406.51,E0160
GR0014570,PO-2024-019076,2024-04-19,1975.79,E0140
GR0014571,PO-2024-019077,2024-05-03,526.07,E0153
GR0014572,PO-2025-019078,2025-03-31,383.08,E0153
GR0014573,PO-2024-019079,2024-04-09,5075.87,E0149
GR0014574,PO-2025-019080,2025-07-09,744.77,E0162
GR0014575,PO-2024-019081,2024-12-03,21040.71,E0160
GR0014576,PO-2025-019082,2025-01-26,251.73,E0153
GR0014577,PO-2024-019083,2024-01-29,1653.22,E0142
GR0014578,PO-2024-019084,2025-01-03,2368.8,E0159
GR0014579,PO-2025-019085,2025-05-29,5060.39,E0145
GR0014580,PO-2024-019086,2024-03-17,2475.28,E0161
GR0014581,PO-2024-019087,2024-07-31,657.52,E0159
GR0014582,PO-2025-019088,2025-05-31,2223.42,E0148
GR0014583,PO-2024-019089,2024-05-06,312.41,E0152
GR0014584,PO-2024-019090,2024-07-18,938.49,E0155
GR0014585,PO-2024-019091,2024-08-29,468.46,E0146
GR0014586,PO-2025-019092,2025-01-18,1050.95,E0160
GR0014587,PO-2024-019093,2024-08-21,1232.85,E0160
GR0014588,PO-2024-019094,2024-05-20,3739.61,E0155
GR0014589,PO-2024-019095,2024-08-15,1273.33,E0157
GR0014590,PO-2024-019096,2024-09-21,1237.85,E0162
GR0014591,PO-2025-019097,2025-04-05,1291.66,E0158
GR0014592,PO-2024-019098,2024-08-28,3195.43,E0160
GR0014593,PO-2024-019099,2024-08-03,821.88,E0160
GR0014594,PO-2025-019100,2025-03-16,1289.32,E0147
GR0014595,PO-2025-019101,2025-07-05,11375.3,E0143
GR0014596,PO-2024-019102,2024-08-16,2079.95,E0146
GR0014597,PO-2024-019103,2024-02-22,3252.22,E0145
GR0014598,PO-2024-019104,2024-09-26,2653.05,E0154
GR0014599,PO-2025-019105,2025-04-19,1850.74,E0158
GR0014600,PO-2025-019106,2025-01-13,864.76,E0159
GR0014601,PO-2024-019107,2024-02-02,3460.88,E0156
GR0014602,PO-2024-019108,2024-01-18,995.84,E0141
GR0014603,PO-2024-019108,2024-01-27,800.19,E0162
GR0014604,PO-2024-019109,2024-06-05,805.0,E0145
GR0014605,PO-2024-019110,2024-05-02,237.04,E0155
GR0014606,PO-2024-019111,2024-06-05,450.04,E0150
GR0014607,PO-2024-019112,2024-07-22,8774.1,E0145
GR0014608,PO-2024-019113,2024-03-04,1209.8,E0154
GR0014609,PO-2024-019113,2024-03-20,1740.29,E0153
GR0014610,PO-2024-019114,2024-09-30,4028.25,E0153
GR0014611,PO-2024-019115,2024-07-01,1291.73,E0141
GR0014612,PO-2024-019116,2024-12-24,2354.22,E0153
GR0014613,PO-2024-019117,2024-02-28,1228.07,E0161
GR0014614,PO-2024-019118,2025-01-12,694.31,E0140
GR0014615,PO-2024-019119,2024-08-30,4462.49,E0149
GR0014616,PO-2024-019120,2024-03-14,824.94,E0151
GR0014617,PO-2024-019121,2024-08-27,430.9,E0154
GR0014618,PO-2025-019122,2025-02-27,2696.95,E0161
GR0014619,PO-2025-019123,2025-06-11,695.69,E0150
GR0014620,PO-2025-019124,2025-01-09,3059.97,E0153
GR0014621,PO-2025-019125,2025-05-17,516.98,E0156
GR0014622,PO-2025-019126,2025-04-25,1029.0,E0148
GR0014623,PO-2025-019127,2025-06-11,3581.0,E0141
GR0014624,PO-2025-019127,2025-06-14,1508.21,E0140
GR0014625,PO-2024-019128,2024-10-19,497.81,E0145
GR0014626,PO-2025-019129,2025-06-07,721.51,E0153
GR0014627,PO-2025-019130,2025-04-09,616.06,E0163
GR0014628,PO-2024-019131,2024-04-07,514.05,E0159
GR0014629,PO-2024-019132,2024-04-09,3197.95,E0145
GR0014630,PO-2024-019132,2024-04-18,2171.49,E0158
GR0014631,PO-2025-019133,2025-04-30,7142.12,E0159
GR0014632,PO-2025-019134,2025-01-29,4878.54,E0160
GR0014633,PO-2024-019135,2024-01-20,3353.41,E0154
GR0014634,PO-2024-019135,2024-02-04,2765.29,E0155
GR0014635,PO-2024-019136,2024-10-16,1913.14,E0159
GR0014636,PO-2024-019137,2024-11-15,11858.62,E0153
GR0014637,PO-2024-019138,2024-01-31,20571.49,E0141
GR0014638,PO-2024-019139,2024-04-18,2872.23,E0160
GR0014639,PO-2024-019140,2025-01-03,17184.16,E0151
GR0014640,PO-2025-019141,2025-03-29,2808.16,E0146
GR0014641,PO-2025-019142,2025-04-09,1904.86,E0151
GR0014642,PO-2024-019143,2024-04-26,2570.16,E0146
GR0014643,PO-2024-019144,2024-10-17,3388.73,E0159
GR0014644,PO-2025-019145,2025-01-12,429.0,E0152
GR0014645,PO-2024-019146,2024-04-02,3121.99,E0145
GR0014646,PO-2024-019147,2024-03-12,915.26,E0149
GR0014647,PO-2025-019148,2025-01-18,1198.83,E0143
GR0014648,PO-2024-019149,2024-02-21,873.95,E0147
GR0014649,PO-2024-019150,2024-09-28,763.95,E0140
GR0014650,PO-2024-019150,2024-10-09,920.02,E0151
GR0014651,PO-2024-019151,2024-04-25,1459.49,E0141
GR0014652,PO-2025-019152,2025-03-02,5391.91,E0141
GR0014653,PO-2025-019153,2025-05-31,849.49,E0161
GR0014654,PO-2024-019154,2024-04-11,268.04,E0149
GR0014655,PO-2025-019155,2025-06-23,446.47,E0149
GR0014656,PO-2024-019156,2024-05-31,557.69,E0158
GR0014657,PO-2024-019157,2024-03-16,5789.47,E0143
GR0014658,PO-2025-019158,2025-03-31,2931.74,E0144
GR0014659,PO-2025-019159,2025-05-22,6314.45,E0159
GR0014660,PO-2024-019160,2024-06-04,2014.0,E0153
GR0014661,PO-2024-019161,2024-06-16,1684.18,E0148
GR0014662,PO-2025-019162,2025-01-29,3127.03,E0153
GR0014663,PO-2025-019163,2025-04-26,5109.43,E0161
GR0014664,PO-2024-019164,2024-03-25,22732.21,E0140
GR0014665,PO-2025-019165,2025-01-29,7619.68,E0143
GR0014666,PO-2024-019166,2024-08-17,1996.8,E0140
GR0014667,PO-2024-019167,2024-07-07,7144.17,E0163
GR0014668,PO-2024-019168,2024-10-25,1770.11,E0150
GR0014669,PO-2025-019169,2025-01-19,2034.97,E0142
GR0014670,PO-2025-019169,2025-02-06,2152.83,E0161
GR0014671,PO-2025-019170,2025-05-26,1030.57,E0159
GR0014672,PO-2024-019171,2024-05-16,6803.08,E0146
GR0014673,PO-2025-019172,2025-05-24,366.8,E0154
GR0014674,PO-2024-019173,2024-07-31,3463.19,E0151
GR0014675,PO-2025-019174,2025-06-14,3254.58,E0158
GR0014676,PO-2024-019175,2024-05-07,801.65,E0150
GR0014677,PO-2024-019176,2024-03-10,4574.42,E0160
GR0014678,PO-2025-019177,2025-05-03,2182.68,E0156
GR0014679,PO-2025-019177,2025-05-17,1342.09,E0145
GR0014680,PO-2024-019178,2024-07-14,1290.98,E0158
GR0014681,PO-2024-019179,2024-12-22,7116.72,E0149
GR0014682,PO-2024-019180,2024-08-13,1234.03,E0148
GR0014683,PO-2025-019181,2025-06-09,841.44,E0147
GR0014684,PO-2025-019182,2025-06-20,16997.07,E0161
GR0014685,PO-2025-019183,2025-02-05,2345.43,E0149
GR0014686,PO-2024-019184,2024-12-23,4901.3,E0157
GR0014687,PO-2024-019185,2024-04-11,1061.15,E0153
GR0014688,PO-2025-019186,2025-05-29,1097.94,E0159
GR0014689,PO-2024-019187,2024-04-02,3918.95,E0157
GR0014690,PO-2024-019188,2024-12-13,2314.37,E0158
GR0014691,PO-2025-019189,2025-04-21,457.17,E0160
GR0014692,PO-2025-019190,2025-02-18,419.13,E0153
GR0014693,PO-2024-019191,2025-01-03,583.74,E0157
GR0014694,PO-2025-019192,2025-07-15,1036.43,E0143
GR0014695,PO-2025-019193,2025-03-26,577.7,E0141
GR0014696,PO-2025-019194,2025-06-24,288.43,E0159
GR0014697,PO-2025-019195,2025-03-09,11084.2,E0143
GR0014698,PO-2024-019196,2024-02-09,1013.08,E0151
GR0014699,PO-2024-019197,2024-08-17,1530.53,E0158
GR0014700,PO-2024-019198,2024-12-19,2151.72,E0150
GR0014701,PO-2025-019199,2025-02-26,1014.82,E0151
GR0014702,PO-2024-019200,2024-02-28,2301.39,E0159
GR0014703,PO-2025-019201,2025-04-15,982.33,E0147
GR0014704,PO-2024-019202,2024-07-02,306.13,E0145
GR0014705,PO-2024-019202,2024-07-11,130.34,E0153
GR0014706,PO-2024-019203,2024-08-30,1316.99,E0160
GR0014707,PO-2025-019236,2025-04-01,2988.83,E0146
GR0014708,PO-2024-019237,2024-01-17,1061.14,E0154
GR0014709,PO-2025-019238,2025-05-01,1418.03,E0143
GR0014710,PO-2024-019239,2024-05-13,3712.46,E0158
GR0014711,PO-2024-019239,2024-05-30,1759.37,E0149
GR0014712,PO-2024-019240,2024-03-08,9040.8,E0153
GR0014713,PO-2025-019241,2025-04-21,426.83,E0145
GR0014714,PO-2024-019242,2024-02-03,6718.43,E0158
GR0014715,PO-2024-019243,2024-03-29,1699.8,E0159
GR0014716,PO-2024-019244,2024-04-19,813.47,E0146
GR0014717,PO-2024-019245,2024-08-24,813.71,E0155
GR0014718,PO-2024-019246,2024-03-28,2844.37,E0163
GR0014719,PO-2025-019247,2025-06-28,5709.89,E0157
GR0014720,PO-2024-019248,2024-05-11,1231.72,E0159
GR0014721,PO-2025-019249,2025-02-23,327.16,E0152
GR0014722,PO-2025-019249,2025-03-10,291.88,E0153
GR0014723,PO-2024-019250,2024-01-22,6531.11,E0159
GR0014724,PO-2024-019251,2024-02-11,2983.15,E0146
GR0014725,PO-2024-019252,2024-03-19,2323.62,E0156
GR0014726,PO-2024-019252,2024-03-24,2790.72,E0156
GR0014727,PO-2024-019253,2024-03-03,5206.68,E0153
GR0014728,PO-2024-019254,2024-05-19,4029.4,E0142
GR0014729,PO-2024-019255,2024-12-17,1521.95,E0153
GR0014730,PO-2025-019256,2025-02-09,19759.22,E0162
GR0014731,PO-2024-019257,2024-02-23,8207.69,E0153
GR0014732,PO-2024-019258,2024-09-15,2905.9,E0156
GR0014733,PO-2025-019259,2025-01-19,35624.97,E0162
GR0014734,PO-2024-019260,2024-08-27,899.35,E0140
GR0014735,PO-2025-019261,2025-03-05,1946.68,E0156
GR0014736,PO-2024-019262,2024-09-03,2831.56,E0145
GR0014737,PO-2024-019263,2024-12-26,5125.43,E0152
GR0014738,PO-2024-019264,2024-04-02,7999.39,E0151
GR0014739,PO-2024-019265,2024-09-06,4370.8,E0144
GR0014740,PO-2024-019266,2024-01-20,1192.32,E0152
GR0014741,PO-2025-019267,2025-03-15,787.83,E0143
GR0014742,PO-2024-019268,2024-11-30,1043.49,E0141
GR0014743,PO-2025-019269,2025-03-10,2390.88,E0160
GR0014744,PO-2025-019270,2025-05-29,584.91,E0149
GR0014745,PO-2025-019270,2025-06-16,805.1,E0161
GR0014746,PO-2025-019271,2025-05-10,1250.8,E0151
GR0014747,PO-2024-019272,2024-06-25,13095.61,E0140
GR0014748,PO-2024-019273,2024-03-12,1557.01,E0152
GR0014749,PO-2024-019273,2024-03-19,1348.5,E0156
GR0014750,PO-2024-019274,2024-07-01,8211.41,E0146
GR0014751,PO-2024-019275,2024-04-15,4528.05,E0154
GR0014752,PO-2025-019276,2025-03-02,1839.97,E0148
GR0014753,PO-2024-019277,2024-04-12,5083.4,E0163
GR0014754,PO-2024-019278,2024-09-21,3010.53,E0160
GR0014755,PO-2025-019279,2025-04-09,15394.41,E0149
GR0014756,PO-2024-019280,2024-09-26,2268.14,E0151
GR0014757,PO-2024-019281,2024-10-21,4433.0,E0156
GR0014758,PO-2024-019281,2024-11-02,2906.29,E0147
GR0014759,PO-2024-019282,2025-01-07,782.85,E0144
GR0014760,PO-2025-019283,2025-03-15,1360.54,E0163
GR0014761,PO-2025-019283,2025-03-29,856.78,E0149
GR0014762,PO-2024-019284,2024-01-29,984.89,E0143
GR0014763,PO-2024-019285,2024-04-03,5189.18,E0149
GR0014764,PO-2024-019286,2024-09-29,9037.99,E0142
GR0014765,PO-2024-019287,2024-12-28,3029.2,E0143
GR0014766,PO-2024-019288,2024-11-10,8075.52,E0154
GR0014767,PO-2025-019289,2025-03-25,3064.08,E0150
GR0014768,PO-2024-019290,2024-02-18,7782.01,E0153
GR0014769,PO-2024-019291,2024-10-04,606.78,E0162
GR0014770,PO-2025-019292,2025-05-11,1174.9,E0152
GR0014771,PO-2024-019293,2024-05-28,2940.21,E0150
GR0014772,PO-2025-019294,2025-06-27,3333.91,E0148
GR0014773,PO-2025-019295,2025-06-17,17496.14,E0156
GR0014774,PO-2024-019296,2024-03-16,15011.43,E0157
GR0014775,PO-2025-019297,2025-04-02,8148.61,E0157
GR0014776,PO-2024-019298,2024-01-23,2425.42,E0149
GR0014777,PO-2024-019299,2024-04-29,11985.24,E0156
GR0014778,PO-2024-019300,2024-08-09,21036.4,E0155
GR0014779,PO-2025-019301,2025-02-09,10510.48,E0153
GR0014780,PO-2025-019301,2025-02-26,11791.92,E0141
GR0014781,PO-2024-019302,2024-11-30,5472.16,E0148
GR0014782,PO-2024-019302,2024-12-14,2849.02,E0157
GR0014783,PO-2024-019303,2024-10-31,17456.05,E0142
GR0014784,PO-2024-019304,2024-02-29,9037.56,E0144
GR0014785,PO-2024-019304,2024-03-10,10127.35,E0158
GR0014786,PO-2024-019305,2024-11-30,10556.01,E0162
GR0014787,PO-2024-019306,2024-09-03,10226.97,E0158
GR0014788,PO-2024-019307,2024-01-25,22735.04,E0162
GR0014789,PO-2025-019308,2025-01-26,3972.09,E0153
GR0014790,PO-2025-019308,2025-02-07,4693.27,E0151
GR0014791,PO-2025-019309,2025-06-23,33478.3,E0140
GR0014792,PO-2025-019310,2025-03-01,13239.2,E0161
GR0014793,PO-2024-019311,2024-06-30,5700.5,E0156
GR0014794,PO-2024-019311,2024-07-11,3896.08,E0154
GR0014795,PO-2024-019312,2025-01-04,9730.01,E0143
GR0014796,PO-2025-019313,2025-03-22,17301.62,E0145
GR0014797,PO-2024-019314,2024-07-16,551.93,E0161
GR0014798,PO-2024-019315,2024-02-08,320.4,E0146
GR0014799,PO-2024-019316,2024-03-05,247.02,E0163
GR0014800,PO-2024-019317,2024-06-30,2358.26,E0159
GR0014801,PO-2024-019318,2024-10-25,1818.07,E0155
GR0014804,PO-2024-019321,2024-02-24,998.22,E0140
GR0014806,PO-2024-019323,2024-08-19,1840.63,E0140
GR0014809,PO-2024-019326,2024-08-08,381.46,E0155
GR0014810,PO-2024-019327,2024-10-07,815.55,E0150
GR0014811,PO-2024-019327,2024-10-23,372.97,E0161
GR0014812,PO-2024-019328,2024-03-31,312.44,E0151
GR0014813,PO-2024-019329,2024-03-16,1222.37,E0160
GR0014815,PO-2024-019331,2024-11-19,947.46,E0146
GR0014816,PO-2024-019332,2024-03-06,1000.43,E0157
GR0014818,PO-2024-019334,2024-05-02,2692.33,E0147
GR0014819,PO-2024-019335,2024-08-31,1045.23,E0163
GR0014821,PO-2024-019337,2024-06-03,1037.93,E0147
GR0014822,PO-2024-019338,2024-01-29,2614.84,E0155
GR0014823,PO-2024-019339,2024-11-13,1420.23,E0145
GR0014824,PO-2024-019340,2024-12-30,7678.4,E0158
GR0014825,PO-2024-019341,2024-08-02,1926.83,E0163
GR0014826,PO-2024-019342,2024-03-13,953.79,E0162
GR0014827,PO-2025-019343,2025-02-04,6910.05,E0152
GR0014828,PO-2024-019344,2024-12-13,1988.86,E0141
GR0014829,PO-2024-019344,2025-01-01,1604.39,E0156
GR0014830,PO-2024-019345,2024-06-30,16729.63,E0160
GR0014831,PO-2024-019346,2024-07-14,2557.37,E0163
GR0014832,PO-2024-019347,2024-12-11,926.88,E0143
GR0014833,PO-2024-019348,2024-10-04,2576.89,E0158
GR0014834,PO-2024-019349,2024-12-05,25241.99,E0150
GR0014835,PO-2025-019350,2025-07-11,29385.35,E0153
GR0014836,PO-2025-019351,2025-03-09,1008.18,E0158
GR0014837,PO-2024-019422,2024-12-17,776.69,E0159
GR0014838,PO-2025-019423,2025-02-14,795.98,E0160
GR0014839,PO-2024-019424,2024-07-20,5134.67,E0153
GR0014840,PO-2024-019425,2024-08-01,823.06,E0159
GR0014841,PO-2024-019426,2024-11-02,4418.4,E0156
GR0014842,PO-2025-019427,2025-04-02,1035.64,E0153
GR0014843,PO-2024-019428,2024-04-05,2819.73,E0142
GR0014844,PO-2024-019428,2024-04-12,2339.1,E0140
GR0014845,PO-2024-019429,2024-01-19,923.25,E0146
GR0014846,PO-2024-019430,2024-04-18,496.79,E0141
GR0014847,PO-2024-019430,2024-05-02,263.63,E0140
GR0014848,PO-2024-019431,2025-01-05,11073.13,E0161
GR0014849,PO-2025-019432,2025-06-06,950.47,E0149
GR0014850,PO-2025-019433,2025-04-09,1006.44,E0154
GR0014851,PO-2024-019434,2024-04-06,1354.49,E0155
GR0014852,PO-2024-019435,2024-08-11,823.6,E0159
GR0014853,PO-2024-019436,2024-04-23,1657.57,E0155
GR0014854,PO-2025-019437,2025-06-13,1887.21,E0151
GR0014855,PO-2024-019438,2024-10-20,1264.02,E0163
GR0014856,PO-2025-019439,2025-04-06,633.86,E0144
GR0014857,PO-2025-019439,2025-04-11,531.46,E0143
GR0014858,PO-2025-019440,2025-06-10,3427.66,E0143
GR0014859,PO-2024-019441,2024-12-10,7131.44,E0162
GR0014860,PO-2024-019442,2024-10-24,471.53,E0142
GR0014861,PO-2024-019443,2024-04-24,1014.74,E0156
GR0014862,PO-2024-019444,2024-02-22,680.7,E0143
GR0014863,PO-2024-019445,2024-01-22,970.43,E0151
GR0014864,PO-2025-019446,2025-02-12,2096.99,E0150
GR0014865,PO-2025-019447,2025-03-09,727.22,E0159
GR0014866,PO-2024-019448,2024-12-19,3309.96,E0151
GR0014867,PO-2024-019449,2024-09-28,1769.4,E0143
GR0014868,PO-2024-019450,2024-09-27,178.73,E0160
GR0014869,PO-2024-019450,2024-10-17,130.16,E0145
GR0014870,PO-2024-019451,2024-06-05,4089.52,E0158
GR0014871,PO-2025-019452,2025-01-29,2665.31,E0142
GR0014872,PO-2024-019453,2024-10-20,154.04,E0154
GR0014873,PO-2024-019453,2024-10-30,118.85,E0159
GR0014874,PO-2024-019454,2024-04-04,1919.66,E0159
GR0014875,PO-2025-019455,2025-06-20,1254.81,E0157
GR0014876,PO-2024-019456,2024-03-15,5519.0,E0155
GR0014877,PO-2024-019457,2024-04-20,2043.65,E0141
GR0014878,PO-2024-019458,2024-09-16,3162.03,E0163
GR0014879,PO-2024-019459,2024-07-22,607.04,E0159
GR0014880,PO-2025-019460,2025-02-11,1884.69,E0161
GR0014881,PO-2024-019461,2024-10-06,1133.21,E0157
GR0014882,PO-2024-019461,2024-10-11,1221.57,E0155
GR0014883,PO-2024-019462,2024-11-09,672.15,E0145
GR0014884,PO-2024-019463,2024-12-19,1425.1,E0146
GR0014885,PO-2024-019464,2024-01-23,11270.84,E0157
GR0014886,PO-2025-019465,2025-02-23,1203.87,E0143
GR0014887,PO-2025-019466,2025-05-10,173.93,E0157
GR0014888,PO-2025-019467,2025-04-03,1646.95,E0148
GR0014889,PO-2024-019468,2024-12-19,1653.12,E0143
GR0014890,PO-2025-019469,2025-03-29,2138.4,E0151
GR0014891,PO-2025-019470,2025-06-28,728.54,E0153
GR0014892,PO-2024-019471,2024-05-06,179.9,E0148
GR0014893,PO-2024-019472,2024-07-08,2368.9,E0142
GR0014894,PO-2024-019473,2024-02-12,1467.75,E0153
GR0014895,PO-2024-019473,2024-02-28,1770.76,E0150
GR0014896,PO-2025-019474,2025-07-19,674.97,E0157
GR0014897,PO-2024-019475,2024-06-12,2737.17,E0159
GR0014898,PO-2024-019476,2024-04-27,2369.52,E0152
GR0014899,PO-2024-019477,2024-02-17,1557.34,E0153
GR0014900,PO-2024-019478,2024-01-27,6095.67,E0152
GR0014901,PO-2024-019479,2024-06-22,720.03,E0141
GR0014902,PO-2025-019480,2025-05-17,331.96,E0151
GR0014903,PO-2024-019481,2024-11-08,333.6,E0147
GR0014904,PO-2024-019482,2025-01-06,1040.81,E0163
GR0014905,PO-2024-019483,2024-06-20,271.03,E0160
GR0014906,PO-2025-019484,2025-06-13,991.88,E0162
GR0014907,PO-2025-019485,2025-04-28,750.06,E0158
GR0014908,PO-2024-019486,2024-07-16,9567.1,E0155
GR0014909,PO-2025-019487,2025-07-05,239.35,E0146
GR0014910,PO-2025-019488,2025-07-07,307.47,E0146
GR0014911,PO-2024-019489,2024-03-14,435.66,E0151
GR0014912,PO-2025-019490,2025-06-22,1652.63,E0156
GR0014913,PO-2024-019491,2024-05-29,1392.28,E0151
GR0014914,PO-2024-019492,2024-04-28,273.23,E0156
GR0014915,PO-2025-019493,2025-02-26,2249.62,E0152
GR0014916,PO-2024-019494,2024-04-05,1170.51,E0158
GR0014917,PO-2025-019495,2025-01-14,6308.26,E0149
GR0014918,PO-2025-019496,2025-05-29,724.32,E0149
GR0014919,PO-2024-019497,2024-07-18,950.99,E0156
GR0014920,PO-2024-019498,2024-08-19,839.89,E0161
GR0014921,PO-2024-019499,2024-07-08,371.7,E0140
GR0014922,PO-2024-019500,2024-10-09,1872.51,E0147
GR0014923,PO-2024-019501,2024-09-12,11835.22,E0141
GR0014924,PO-2025-019502,2025-05-14,755.69,E0162
GR0014925,PO-2025-019502,2025-05-21,345.63,E0152
GR0014926,PO-2024-019503,2024-03-05,2554.21,E0154
GR0014927,PO-2024-019504,2024-02-07,4969.63,E0146
GR0014928,PO-2024-019505,2024-12-19,6881.16,E0141
GR0014929,PO-2024-019506,2024-07-22,10406.83,E0147
GR0014930,PO-2024-019507,2024-02-22,536.69,E0152
GR0014931,PO-2025-019508,2025-02-03,236.09,E0141
GR0014932,PO-2024-019509,2024-12-02,3180.61,E0160
GR0014933,PO-2024-019510,2024-05-06,2015.0,E0150
GR0014934,PO-2024-019511,2024-05-11,493.95,E0142
GR0014935,PO-2024-019512,2024-08-06,846.33,E0144
GR0014936,PO-2024-019512,2024-08-24,1236.87,E0152
GR0014937,PO-2024-019538,2024-10-17,295.65,E0146
GR0014938,PO-2024-019538,2024-11-03,271.58,E0143
GR0014939,PO-2025-019539,2025-06-23,2441.46,E0145
GR0014940,PO-2025-019540,2025-04-24,961.92,E0163
GR0014941,PO-2025-019540,2025-05-01,479.34,E0153
GR0014942,PO-2024-019541,2024-08-28,1310.57,E0148
GR0014943,PO-2025-019542,2025-01-21,948.01,E0152
GR0014944,PO-2025-019542,2025-01-28,1378.11,E0140
GR0014945,PO-2024-019543,2024-10-01,23449.01,E0150
GR0014946,PO-2024-019544,2024-12-07,292.0,E0151
GR0014947,PO-2024-019545,2024-12-13,841.81,E0142
GR0014948,PO-2025-019546,2025-01-31,9483.33,E0140
GR0014949,PO-2025-019547,2025-05-25,3562.21,E0158
GR0014950,PO-2024-019548,2024-06-05,1434.65,E0151
GR0014951,PO-2024-019549,2024-11-08,358.87,E0160
GR0014952,PO-2025-019550,2025-05-24,5605.63,E0151
GR0014953,PO-2024-019551,2024-12-30,2088.76,E0144
GR0014954,PO-2024-019552,2024-05-10,1931.4,E0140
GR0014955,PO-2024-019552,2024-05-23,2281.87,E0147
GR0014956,PO-2025-019553,2025-05-20,1712.7,E0144
GR0014957,PO-2024-019554,2024-10-11,329.12,E0155
GR0014958,PO-2024-019554,2024-10-21,411.01,E0159
GR0014959,PO-2024-019555,2024-06-08,2341.96,E0152
GR0014960,PO-2024-019556,2024-06-26,2462.93,E0142
GR0014961,PO-2025-019557,2025-06-14,2373.95,E0147
GR0014962,PO-2025-019558,2025-03-30,2875.78,E0148
GR0014963,PO-2025-019558,2025-04-18,1928.34,E0141
GR0014964,PO-2024-019559,2024-02-20,2068.87,E0163
GR0014965,PO-2024-019560,2024-02-26,4320.42,E0161
GR0014966,PO-2024-019561,2024-01-27,5656.96,E0163
GR0014967,PO-2024-019562,2024-07-01,4540.9,E0142
GR0014968,PO-2024-019562,2024-07-14,2142.84,E0141
GR0014969,PO-2024-019563,2024-02-07,1214.02,E0158
GR0014970,PO-2024-019564,2024-03-20,834.39,E0152
GR0014971,PO-2024-019564,2024-03-25,382.67,E0147
GR0014972,PO-2024-019565,2024-12-23,1357.92,E0145
GR0014973,PO-2024-019566,2024-07-06,6023.58,E0156
GR0014974,PO-2024-019567,2024-07-24,829.69,E0157
GR0014975,PO-2024-019568,2024-05-25,457.73,E0161
GR0014976,PO-2025-019569,2025-05-05,5842.24,E0144
GR0014977,PO-2024-019570,2024-11-26,6429.24,E0147
GR0014978,PO-2024-019570,2024-12-08,4057.99,E0160
GR0014979,PO-2024-019571,2024-02-18,730.64,E0158
GR0014980,PO-2024-019571,2024-02-23,467.78,E0140
GR0014981,PO-2024-019572,2024-09-12,10955.99,E0162
GR0014982,PO-2024-019573,2024-06-04,1882.62,E0157
GR0014983,PO-2024-019574,2024-05-04,3049.42,E0147
GR0014984,PO-2024-019575,2024-04-09,10056.72,E0146
GR0014985,PO-2024-019576,2024-04-30,1354.83,E0162
GR0014986,PO-2024-019577,2024-12-09,4992.11,E0163
GR0014987,PO-2024-019578,2024-12-08,5221.1,E0161
GR0014988,PO-2024-019579,2024-11-15,2557.8,E0148
GR0014989,PO-2024-019580,2024-11-19,5709.14,E0155
GR0014990,PO-2025-019581,2025-04-20,432.68,E0152
GR0014991,PO-2024-019582,2024-01-17,2311.76,E0160
GR0014992,PO-2025-019583,2025-06-16,3452.3,E0156
GR0014993,PO-2024-019584,2024-10-18,2367.17,E0160
GR0014994,PO-2024-019585,2024-06-20,1518.04,E0143
GR0014995,PO-2024-019586,2024-05-06,3039.11,E0151
GR0014996,PO-2024-019587,2024-09-02,938.8,E0146
GR0014997,PO-2025-019588,2025-02-16,1116.66,E0141
GR0014998,PO-2024-019589,2024-06-28,239.29,E0160
GR0014999,PO-2024-019590,2024-01-09,2503.97,E0153
GR0015000,PO-2024-019590,2024-01-20,1447.26,E0154
GR0015001,PO-2024-019591,2024-08-12,4321.31,E0162
GR0015002,PO-2024-019592,2024-05-02,1382.22,E0156
GR0015003,PO-2024-019593,2024-04-23,2605.66,E0145
GR0015004,PO-2024-019594,2024-10-04,5676.37,E0155
GR0015005,PO-2025-019595,2025-04-21,1376.96,E0143
GR0015006,PO-2024-019596,2024-05-10,1489.49,E0142
GR0015007,PO-2024-019597,2024-05-24,7583.01,E0156
GR0015008,PO-2024-019597,2024-06-04,6011.55,E0152
GR0015009,PO-2024-019598,2024-08-02,8798.41,E0143
GR0015010,PO-2025-019599,2025-02-19,2820.34,E0150
GR0015011,PO-2025-019600,2025-05-20,6629.29,E0163
GR0015012,PO-2024-019601,2024-02-27,11251.45,E0159
GR0015013,PO-2024-019602,2024-04-08,5885.75,E0151
GR0015014,PO-2024-019603,2024-07-09,738.78,E0146
GR0015015,PO-2025-019604,2025-07-01,8201.99,E0158
GR0015016,PO-2025-019605,2025-04-21,1543.63,E0149
GR0015017,PO-2025-019606,2025-02-16,2938.72,E0155
GR0015018,PO-2024-019607,2024-03-31,1731.57,E0162
GR0015019,PO-2024-019608,2024-05-20,488.2,E0152
GR0015020,PO-2024-019608,2024-06-06,271.0,E0158
GR0015021,PO-2025-019609,2025-06-20,4866.31,E0161
GR0015022,PO-2025-019610,2025-03-27,966.92,E0155
GR0015023,PO-2024-019611,2024-10-10,3166.95,E0159
GR0015024,PO-2024-019612,2024-08-11,735.66,E0149
GR0015025,PO-2025-019613,2025-01-30,2490.68,E0148
GR0015026,PO-2025-019614,2025-03-04,6564.9,E0140
GR0015027,PO-2025-019615,2025-04-24,5599.06,E0141
GR0015028,PO-2024-019616,2024-06-01,8493.45,E0156
GR0015029,PO-2025-019617,2025-07-08,16107.05,E0162
GR0015030,PO-2024-019618,2024-08-19,418.88,E0146
GR0015031,PO-2025-019619,2025-07-07,14060.26,E0144
GR0015032,PO-2024-019620,2024-04-26,3644.18,E0142
GR0015033,PO-2025-019621,2025-03-08,3232.18,E0154
GR0015034,PO-2025-019621,2025-03-16,1975.62,E0149
GR0015035,PO-2024-019622,2024-01-16,10084.16,E0147
GR0015036,PO-2024-019622,2024-02-04,4462.22,E0149
GR0015037,PO-2025-019623,2025-01-29,297.09,E0159
GR0015038,PO-2024-019624,2024-10-07,593.23,E0156
GR0015039,PO-2024-019624,2024-10-15,319.57,E0146
GR0015040,PO-2024-019625,2024-12-26,15613.19,E0149
GR0015041,PO-2024-019626,2024-10-25,599.23,E0147
GR0015042,PO-2024-019626,2024-11-07,745.11,E0142
GR0015043,PO-2025-019627,2025-02-10,339.79,E0147
GR0015044,PO-2025-019628,2025-01-19,6330.53,E0158
GR0015045,PO-2024-019629,2024-09-10,1839.03,E0161
GR0015046,PO-2024-019630,2024-07-15,1199.11,E0146
GR0015047,PO-2025-019631,2025-05-05,1218.03,E0155
GR0015048,PO-2025-019631,2025-05-23,1058.91,E0153
GR0015049,PO-2024-019632,2024-03-29,1795.69,E0152
GR0015050,PO-2024-019633,2024-03-26,594.73,E0153
GR0015051,PO-2025-019634,2025-04-23,1110.94,E0152
GR0015052,PO-2025-019634,2025-05-05,843.8,E0146
GR0015053,PO-2024-019635,2024-03-27,4105.38,E0149
GR0015054,PO-2025-019636,2025-05-31,7916.15,E0156
GR0015055,PO-2024-019637,2024-01-19,83751.1,E0144
GR0015056,PO-2024-019638,2024-08-31,15819.62,E0158
GR0015057,PO-2025-019639,2025-02-24,10331.79,E0154
GR0015058,PO-2024-019640,2024-09-17,2295.65,E0161
GR0015059,PO-2025-019641,2025-03-27,5743.36,E0158
GR0015060,PO-2024-019642,2024-02-09,2539.77,E0152
GR0015061,PO-2025-019643,2025-01-21,18654.18,E0152
GR0015062,PO-2024-019644,2024-01-12,226.28,E0157
GR0015063,PO-2024-019644,2024-01-27,273.86,E0143
GR0015064,PO-2025-019645,2025-03-25,497.25,E0145
GR0015065,PO-2025-019645,2025-04-06,352.33,E0144
GR0015066,PO-2025-019646,2025-02-15,3177.89,E0161
GR0015067,PO-2024-019647,2024-08-13,2473.27,E0145
GR0015068,PO-2025-019648,2025-05-31,6762.21,E0152
GR0015069,PO-2025-019649,2025-03-14,563.24,E0150
GR0015070,PO-2025-019649,2025-03-31,642.41,E0141
GR0015071,PO-2024-019650,2024-08-25,3661.3,E0158
GR0015072,PO-2024-019651,2024-07-15,5760.26,E0155
GR0015073,PO-2024-019652,2024-03-02,2773.05,E0140
GR0015074,PO-2024-019653,2024-10-25,8221.16,E0163
GR0015075,PO-2024-019654,2024-06-17,6526.73,E0160
GR0015076,PO-2025-019655,2025-07-14,2942.84,E0141
GR0015077,PO-2024-019656,2024-03-01,412.75,E0158
GR0015078,PO-2025-019657,2025-03-26,1558.57,E0146
GR0015079,PO-2024-019658,2024-08-15,1234.37,E0149
GR0015080,PO-2024-019658,2024-08-21,694.35,E0152
GR0015081,PO-2024-019659,2024-09-19,1427.12,E0151
GR0015082,PO-2025-019660,2025-03-20,2587.83,E0160
GR0015083,PO-2024-019661,2024-02-19,1111.88,E0145
GR0015084,PO-2025-019662,2025-04-18,953.07,E0159
GR0015085,PO-2025-019663,2025-02-05,690.69,E0152
GR0015086,PO-2024-019664,2024-01-25,2444.18,E0159
GR0015087,PO-2024-019665,2024-03-02,5062.74,E0151
GR0015088,PO-2025-019666,2025-03-10,1236.47,E0162
GR0015089,PO-2025-019666,2025-03-14,1610.23,E0155
GR0015090,PO-2024-019667,2024-11-28,3391.19,E0145
GR0015091,PO-2025-019668,2025-03-06,181.89,E0147
GR0015092,PO-2024-019669,2024-05-06,1212.18,E0146
GR0015093,PO-2025-019670,2025-02-24,426.64,E0154
GR0015098,PO-2024-019675,2024-02-24,57.58,E0149
GR0015099,PO-2024-019675,2024-03-08,60.71,E0145
GR0015100,PO-2024-019676,2024-07-14,9018.58,E0158
GR0015101,PO-2024-019677,2024-05-23,3618.03,E0140
GR0015103,PO-2024-019679,2024-01-14,2303.91,E0146
GR0015104,PO-2024-019680,2024-03-27,834.06,E0146
GR0015106,PO-2024-019682,2024-05-26,714.06,E0148
GR0015107,PO-2024-019683,2024-05-01,2594.65,E0146
GR0015108,PO-2024-019684,2024-09-01,3068.43,E0156
GR0015110,PO-2024-019686,2024-06-16,7568.78,E0145
GR0015111,PO-2024-019687,2024-04-15,748.14,E0150
GR0015116,PO-2025-019691,2025-04-29,3495.25,E0155
GR0015117,PO-2024-019692,2024-08-15,3111.1,E0154
GR0015118,PO-2025-019693,2025-07-11,2218.69,E0153
GR0015119,PO-2024-019694,2024-10-24,570.94,E0163
GR0015120,PO-2024-019695,2024-11-24,3695.68,E0157
GR0015121,PO-2024-019696,2024-09-13,15401.35,E0156
GR0015122,PO-2024-019697,2024-12-03,527.73,E0144
GR0015123,PO-2024-019698,2024-06-22,7267.58,E0157
GR0015124,PO-2025-019699,2025-02-04,1956.42,E0152
GR0015125,PO-2024-019700,2024-08-16,6745.21,E0146
GR0015126,PO-2024-019701,2024-05-11,1263.72,E0140
GR0015127,PO-2024-019702,2024-04-21,1346.58,E0152
GR0015128,PO-2025-019703,2025-03-18,744.2,E0147
GR0015129,PO-2025-019704,2025-06-14,9275.85,E0145
GR0015130,PO-2025-019705,2025-05-04,505.57,E0147
GR0015131,PO-2024-019706,2024-09-24,15647.5,E0154
GR0015132,PO-2024-019707,2024-05-16,29210.71,E0140
GR0015133,PO-2024-019708,2024-08-10,4897.49,E0143
GR0015134,PO-2024-019709,2024-01-26,1244.22,E0161
GR0015135,PO-2024-019710,2024-08-18,18984.37,E0162
GR0015136,PO-2024-019711,2024-09-09,473.17,E0158
GR0015137,PO-2024-019712,2024-03-28,1053.2,E0155
GR0015138,PO-2024-019713,2024-01-24,2493.78,E0159
GR0015139,PO-2025-019714,2025-01-29,9515.14,E0158
GR0015140,PO-2025-019715,2025-05-22,308.6,E0163
GR0015141,PO-2025-019715,2025-05-31,359.29,E0163
GR0015142,PO-2025-019716,2025-01-17,4840.56,E0159
GR0015143,PO-2024-019717,2024-10-18,4895.65,E0143
GR0015144,PO-2024-019718,2024-12-09,966.01,E0154
GR0015145,PO-2025-019719,2025-07-03,3395.23,E0152
GR0015146,PO-2025-019720,2025-06-26,1805.74,E0142
GR0015147,PO-2024-019721,2024-03-13,2663.66,E0158
GR0015148,PO-2024-019722,2024-12-22,21225.34,E0155
GR0015149,PO-2024-019723,2024-11-28,1149.9,E0161
GR0015150,PO-2024-019723,2024-12-06,863.55,E0153
GR0015151,PO-2024-019724,2024-12-09,885.94,E0142
GR0015152,PO-2024-019725,2024-05-30,1896.88,E0160
GR0015153,PO-2024-019725,2024-06-06,2461.8,E0144
GR0015154,PO-2024-019726,2024-04-25,1800.53,E0151
GR0015155,PO-2024-019726,2024-05-10,1973.2,E0154
GR0015156,PO-2025-019727,2025-04-26,3457.0,E0144
GR0015157,PO-2025-019727,2025-05-10,1765.07,E0142
GR0015158,PO-2025-019728,2025-03-31,1801.39,E0156
GR0015159,PO-2024-019729,2024-01-21,7441.71,E0161
GR0015160,PO-2025-019730,2025-06-20,2301.32,E0146
GR0015161,PO-2025-019731,2025-02-08,743.71,E0160
GR0015162,PO-2025-019731,2025-02-15,684.82,E0154
GR0015163,PO-2025-019732,2025-03-21,3983.42,E0147
GR0015164,PO-2024-019733,2024-11-16,2637.34,E0147
GR0015165,PO-2024-019734,2024-07-29,1149.16,E0152
GR0015166,PO-2024-019735,2024-10-21,1187.01,E0160
GR0015167,PO-2024-019736,2024-06-05,2271.18,E0147
GR0015168,PO-2024-019737,2024-07-06,7615.28,E0149
GR0015169,PO-2024-019738,2024-09-10,1177.85,E0140
GR0015170,PO-2024-019739,2024-11-01,1797.97,E0162
GR0015171,PO-2024-019740,2024-06-15,8288.84,E0149
GR0015172,PO-2025-019741,2025-06-18,3235.59,E0144
GR0015173,PO-2025-019741,2025-07-01,2390.35,E0148
GR0015174,PO-2025-019742,2025-07-11,874.05,E0149
GR0015175,PO-2024-019743,2024-09-02,320.08,E0142
GR0015176,PO-2024-019744,2024-05-27,1612.6,E0155
GR0015177,PO-2024-019745,2024-06-13,1394.45,E0160
GR0015178,PO-2024-019746,2024-03-29,1418.66,E0144
GR0015179,PO-2024-019746,2024-04-16,1829.8,E0145
GR0015180,PO-2025-019747,2025-06-06,680.84,E0147
GR0015181,PO-2025-019748,2025-06-19,4196.34,E0149
GR0015182,PO-2024-019749,2024-10-30,646.19,E0155
GR0015183,PO-2024-019750,2024-05-06,653.55,E0143
GR0015184,PO-2024-019751,2024-07-20,659.92,E0152
GR0015185,PO-2025-019752,2025-01-14,444.4,E0163
GR0015186,PO-2025-019753,2025-06-26,5231.36,E0146
GR0015187,PO-2024-019754,2024-07-28,455.88,E0160
GR0015188,PO-2024-019755,2024-02-05,201.95,E0141
GR0015189,PO-2025-019756,2025-03-24,1250.5,E0141
GR0015190,PO-2025-019756,2025-04-03,783.13,E0145
GR0015191,PO-2024-019757,2024-09-17,373.32,E0161
GR0015192,PO-2024-019758,2024-07-08,2577.78,E0145
GR0015193,PO-2024-019759,2024-11-22,7354.72,E0156
GR0015194,PO-2025-019760,2025-07-16,368.02,E0142
GR0015195,PO-2024-019761,2024-01-25,553.81,E0142
GR0015196,PO-2024-019762,2024-11-12,1443.69,E0150
GR0015197,PO-2024-019763,2024-06-14,1040.38,E0146
GR0015198,PO-2024-019764,2024-10-26,1943.85,E0152
GR0015199,PO-2024-019765,2024-01-14,222.26,E0154
GR0015200,PO-2024-019822,2024-04-08,1827.4,E0151
GR0015201,PO-2024-019823,2024-08-25,2167.44,E0142
GR0015202,PO-2024-019824,2024-01-15,24597.04,E0140
GR0015203,PO-2024-019825,2024-07-21,2297.66,E0140
GR0015204,PO-2024-019826,2024-06-22,1744.01,E0153
GR0015205,PO-2025-019827,2025-01-16,5410.36,E0152
GR0015206,PO-2024-019828,2024-09-02,13055.9,E0148
GR0015207,PO-2025-019829,2025-04-21,13083.7,E0162
GR0015208,PO-2025-019830,2025-05-10,1740.05,E0144
GR0015209,PO-2024-019831,2024-11-06,5757.23,E0140
GR0015210,PO-2024-019832,2024-08-19,13633.94,E0153
GR0015211,PO-2025-019833,2025-02-08,9086.4,E0141
GR0015212,PO-2024-019834,2024-07-21,1846.12,E0163
GR0015213,PO-2025-019835,2025-02-12,1613.02,E0158
GR0015214,PO-2024-019836,2024-11-01,4961.15,E0142
GR0015215,PO-2025-019837,2025-07-08,5338.09,E0149
GR0015216,PO-2025-019838,2025-06-23,6984.55,E0151
GR0015217,PO-2024-019839,2024-01-18,1086.54,E0154
GR0015218,PO-2024-019839,2024-02-05,1250.91,E0148
GR0015219,PO-2025-019840,2025-05-08,21237.55,E0144
GR0015220,PO-2024-019841,2024-01-15,2394.61,E0142
GR0015221,PO-2024-019842,2024-12-16,4413.82,E0159
GR0015222,PO-2024-019843,2024-01-29,1429.82,E0161
GR0015223,PO-2024-019844,2025-01-09,7904.45,E0152
GR0015224,PO-2025-019845,2025-02-20,4114.03,E0141
GR0015225,PO-2024-019846,2024-08-26,8433.85,E0157
GR0015226,PO-2025-019847,2025-04-10,2552.16,E0158
GR0015227,PO-2025-019848,2025-04-25,8834.88,E0148
GR0015228,PO-2024-019849,2024-09-29,11916.84,E0140
GR0015229,PO-2024-019850,2024-01-30,7885.05,E0143
GR0015230,PO-2024-019851,2024-01-15,1377.56,E0149
GR0015231,PO-2024-019852,2024-02-03,1013.96,E0155
GR0015232,PO-2024-019853,2024-04-03,3837.89,E0152
GR0015233,PO-2024-019854,2024-03-21,8826.78,E0144
GR0015234,PO-2025-019855,2025-06-04,2025.22,E0147
GR0015235,PO-2024-019856,2024-12-21,3140.15,E0161
GR0015236,PO-2024-019857,2024-08-31,1544.19,E0145
GR0015237,PO-2024-019858,2024-08-07,3429.24,E0153
GR0015238,PO-2024-019859,2024-09-16,8841.79,E0155
GR0015239,PO-2025-019860,2025-04-23,1787.2,E0148
GR0015240,PO-2025-019860,2025-04-26,1829.95,E0146
GR0015241,PO-2024-019861,2024-11-02,2650.95,E0141
GR0015242,PO-2024-019862,2024-01-31,14908.3,E0144
GR0015243,PO-2024-019863,2024-06-11,948.47,E0143
GR0015244,PO-2024-019864,2024-08-05,10469.82,E0156
GR0015245,PO-2024-019865,2024-01-27,1662.61,E0155
GR0015246,PO-2024-019866,2024-03-20,20990.17,E0151
GR0015247,PO-2024-019867,2024-10-06,14441.9,E0151
GR0015248,PO-2025-019868,2025-06-01,15595.36,E0141
GR0015249,PO-2025-019869,2025-03-20,2678.93,E0140
GR0015250,PO-2025-019870,2025-01-18,4807.38,E0144
GR0015251,PO-2024-019871,2024-12-26,3783.53,E0160
GR0015252,PO-2025-019872,2025-04-13,2284.57,E0155
GR0015253,PO-2024-019873,2024-06-18,8182.97,E0153
GR0015254,PO-2024-019874,2024-01-15,1095.13,E0158
GR0015255,PO-2024-019874,2024-01-23,1088.88,E0149
GR0015256,PO-2024-019875,2024-04-19,8139.01,E0160
GR0015257,PO-2024-019876,2024-01-26,1871.08,E0142
GR0015258,PO-2024-019877,2024-03-29,7595.57,E0158
GR0015259,PO-2024-019878,2024-01-25,12345.5,E0158
GR0015260,PO-2024-019879,2024-11-01,38437.53,E0157
GR0015261,PO-2024-019880,2024-07-30,1267.16,E0162
GR0015262,PO-2025-019881,2025-01-24,1565.97,E0163
GR0015263,PO-2024-019882,2024-03-16,988.23,E0155
GR0015264,PO-2025-019883,2025-04-01,10478.56,E0157
GR0015265,PO-2024-019884,2024-10-12,1326.83,E0141
GR0015266,PO-2025-019885,2025-03-22,2075.76,E0161
GR0015267,PO-2025-019886,2025-01-12,4322.3,E0153
GR0015268,PO-2024-019887,2024-09-07,27625.3,E0145
GR0015269,PO-2025-019888,2025-02-25,6522.95,E0145
GR0015270,PO-2024-019889,2024-02-04,3200.49,E0159
GR0015271,PO-2024-019890,2024-07-16,2108.39,E0157
GR0015272,PO-2024-019890,2024-07-20,2574.41,E0159
GR0015273,PO-2025-019891,2025-04-25,6643.56,E0161
GR0015274,PO-2024-019892,2024-06-13,6576.41,E0141
GR0015275,PO-2024-019893,2024-04-25,9549.54,E0145
GR0015276,PO-2025-019894,2025-07-09,5705.14,E0148
GR0015277,PO-2025-019894,2025-07-24,2584.39,E0144
GR0015278,PO-2024-019895,2024-04-15,10620.53,E0161
GR0015279,PO-2024-019896,2024-05-21,3904.46,E0142
GR0015280,PO-2024-019897,2024-04-22,5027.2,E0153
GR0015281,PO-2024-019898,2024-04-10,5583.74,E0145
GR0015282,PO-2025-019899,2025-04-18,7420.7,E0149
GR0015283,PO-2025-019900,2025-03-19,1874.56,E0146
GR0015284,PO-2024-019901,2024-05-01,7134.58,E0141
GR0015285,PO-2024-019902,2024-10-22,7772.85,E0161
GR0015286,PO-2024-019903,2024-06-02,2110.23,E0157
GR0015287,PO-2024-019904,2024-06-08,14527.38,E0145
GR0015288,PO-2024-019905,2024-08-28,3340.3,E0145
GR0015289,PO-2024-019906,2024-12-09,2396.94,E0140
GR0015290,PO-2024-019907,2024-06-25,6511.35,E0161
GR0015291,PO-2024-019908,2024-09-16,743.23,E0160
GR0015292,PO-2025-019909,2025-03-14,12788.91,E0162
GR0015293,PO-2025-019909,2025-03-27,10044.85,E0155
GR0015294,PO-2024-019910,2024-02-16,1536.34,E0158
GR0015295,PO-2024-019911,2024-11-06,2450.72,E0156
GR0015296,PO-2025-019912,2025-01-24,6579.05,E0149
GR0015297,PO-2025-019913,2025-06-01,4555.54,E0142
GR0015298,PO-2024-019914,2024-10-19,784.28,E0140
GR0015299,PO-2024-019915,2024-05-01,1461.7,E0163
GR0015300,PO-2024-019916,2024-03-22,10535.7,E0159
GR0015301,PO-2024-019917,2024-04-06,5122.53,E0146
GR0015302,PO-2024-019918,2024-03-02,1195.92,E0154
GR0015303,PO-2024-019918,2024-03-16,1495.92,E0143
GR0015304,PO-2024-019919,2024-01-25,443.62,E0163
GR0015305,PO-2025-019920,2025-06-30,473.63,E0150
GR0015306,PO-2025-019921,2025-05-24,4554.35,E0145
GR0015307,PO-2024-019922,2024-05-25,1734.38,E0141
GR0015308,PO-2024-019923,2024-07-01,4081.69,E0144
GR0015309,PO-2024-019923,2024-07-12,1976.11,E0148
GR0015310,PO-2024-019924,2024-03-09,477.36,E0145
GR0015311,PO-2024-019925,2024-01-27,2555.34,E0149
GR0015312,PO-2025-019926,2025-06-10,4583.41,E0148
GR0015313,PO-2024-019927,2024-05-14,7200.33,E0150
GR0015314,PO-2024-019928,2024-09-09,1241.35,E0150
GR0015315,PO-2024-019929,2024-03-02,2052.82,E0143
GR0015316,PO-2024-019930,2024-04-11,1057.55,E0161
GR0015317,PO-2024-019931,2024-11-22,8979.44,E0155
GR0015318,PO-2025-019932,2025-06-15,1715.92,E0152
GR0015319,PO-2025-019933,2025-07-05,6140.72,E0149
GR0015320,PO-2024-019934,2024-08-28,1313.03,E0159
GR0015321,PO-2024-019935,2024-11-15,2542.56,E0160
GR0015322,PO-2024-019936,2024-08-01,1486.26,E0144
GR0015323,PO-2024-019937,2024-05-21,797.27,E0153
GR0015324,PO-2025-019938,2025-01-29,2486.24,E0158
GR0015325,PO-2024-019939,2024-06-14,1506.01,E0151
GR0015326,PO-2024-019940,2024-01-31,10217.16,E0159
GR0015327,PO-2025-019941,2025-04-23,2782.53,E0149
GR0015328,PO-2024-019942,2024-03-29,1670.53,E0161
GR0015329,PO-2024-019943,2024-02-19,2964.51,E0141
GR0015330,PO-2025-019944,2025-06-14,6140.8,E0143
GR0015331,PO-2025-019945,2025-03-27,681.63,E0149
GR0015332,PO-2025-019946,2025-03-26,922.53,E0156
GR0015333,PO-2024-019947,2024-07-31,1059.52,E0145
GR0015334,PO-2025-019948,2025-04-22,1904.04,E0149
GR0015335,PO-2025-019949,2025-02-11,8784.46,E0142
GR0015336,PO-2024-019950,2024-09-17,613.89,E0163
GR0015337,PO-2025-019951,2025-07-05,2197.14,E0159
GR0015338,PO-2024-019952,2024-08-05,1605.83,E0149
GR0015339,PO-2024-019953,2024-01-18,1292.43,E0142
GR0015340,PO-2025-019954,2025-04-12,4183.07,E0146
GR0015341,PO-2025-019955,2025-02-26,2237.27,E0148
GR0015342,PO-2024-019956,2024-08-30,5034.29,E0141
GR0015343,PO-2024-019957,2024-03-09,2976.66,E0161
GR0015344,PO-2024-019958,2024-12-13,6162.25,E0145
GR0015345,PO-2024-019959,2024-09-06,1831.27,E0154
GR0015346,PO-2025-019960,2025-04-30,5798.2,E0156
GR0015347,PO-2025-019961,2025-05-07,7012.12,E0150
GR0015348,PO-2024-019962,2024-07-08,2789.71,E0152
GR0015349,PO-2024-019963,2024-07-17,1650.94,E0156
GR0015350,PO-2024-019963,2024-07-31,787.46,E0156
GR0015351,PO-2025-019964,2025-05-26,6083.9,E0151
GR0015352,PO-2024-019965,2024-08-11,509.09,E0162
GR0015353,PO-2024-019966,2024-07-17,2860.93,E0143
GR0015354,PO-2024-019966,2024-08-01,4000.56,E0143
GR0015355,PO-2025-019967,2025-02-22,1170.68,E0142
GR0015356,PO-2024-019968,2024-07-24,1841.72,E0155
GR0015357,PO-2024-019969,2024-09-26,13424.11,E0146
GR0015358,PO-2024-019970,2024-04-13,2466.52,E0141
GR0015359,PO-2024-019971,2024-05-26,621.19,E0151
GR0015360,PO-2024-019972,2024-09-29,2759.12,E0140
GR0015361,PO-2025-019973,2025-02-09,3471.18,E0153
GR0015362,PO-2024-019974,2024-09-02,1907.77,E0158
GR0015363,PO-2025-019975,2025-01-29,8418.7,E0143
GR0015364,PO-2024-019976,2024-05-21,1411.68,E0156
GR0015365,PO-2024-019977,2024-01-10,2857.03,E0155
GR0015366,PO-2024-019978,2024-08-19,7455.87,E0156
GR0015367,PO-2024-019979,2024-08-03,3455.82,E0144
GR0015368,PO-2025-019980,2025-04-25,918.68,E0148
GR0015369,PO-2025-019980,2025-04-30,655.4,E0146
GR0015370,PO-2024-019981,2024-07-04,1360.49,E0154
GR0015371,PO-2024-019982,2024-09-13,5276.66,E0153
GR0015372,PO-2024-019983,2024-12-11,6747.66,E0148
GR0015373,PO-2024-019984,2025-01-06,11139.83,E0140
GR0015374,PO-2025-019985,2025-02-10,2185.84,E0163
GR0015375,PO-2025-019986,2025-04-15,1852.73,E0157
GR0015376,PO-2025-019987,2025-04-13,2673.91,E0140
GR0015377,PO-2024-019988,2024-02-09,1755.56,E0145
GR0015378,PO-2024-019989,2024-08-19,1607.3,E0158
GR0015379,PO-2024-019989,2024-08-30,1819.53,E0141
GR0015380,PO-2024-019990,2024-06-22,24237.68,E0157
GR0015381,PO-2024-019991,2024-08-26,1847.89,E0158
GR0015382,PO-2024-019992,2024-10-25,2935.4,E0153
GR0015383,PO-2024-019993,2024-04-20,653.45,E0146
GR0015384,PO-2024-019994,2024-01-26,3169.64,E0156
GR0015385,PO-2024-019995,2024-03-18,14102.44,E0163
GR0015386,PO-2024-019996,2024-02-11,316.54,E0151
GR0015387,PO-2025-019997,2025-01-26,792.81,E0151
GR0015388,PO-2025-019998,2025-05-01,6649.3,E0162
GR0015389,PO-2025-019999,2025-02-16,5718.82,E0163
GR0015390,PO-2024-020000,2024-01-19,572.02,E0155
GR0015391,PO-2024-020001,2024-07-28,2026.63,E0153
GR0015392,PO-2025-020002,2025-04-07,3936.73,E0153
GR0015393,PO-2024-020003,2024-10-13,1942.17,E0160
GR0015394,PO-2024-020004,2024-07-24,531.98,E0151
GR0015395,PO-2024-020005,2024-09-13,1351.9,E0145
GR0015396,PO-2024-020006,2024-06-08,9972.35,E0160
GR0015397,PO-2024-020007,2024-05-19,9169.95,E0145
GR0015398,PO-2024-020008,2025-01-07,1179.09,E0160
GR0015399,PO-2024-020009,2024-03-20,1539.27,E0157
GR0015400,PO-2024-020009,2024-03-30,1881.14,E0155
GR0015401,PO-2024-020010,2024-08-11,4292.5,E0162
GR0015402,PO-2024-020011,2024-07-24,3629.88,E0148
GR0015403,PO-2025-020012,2025-07-10,1494.55,E0160
GR0015404,PO-2025-020013,2025-06-29,763.32,E0141
GR0015405,PO-2024-020014,2024-11-09,423.79,E0147
GR0015406,PO-2024-020015,2024-10-14,1085.34,E0158
GR0015407,PO-2025-020016,2025-02-06,6693.81,E0161
GR0015408,PO-2024-020017,2024-10-29,1825.38,E0144
GR0015409,PO-2024-020018,2024-06-10,1363.52,E0152
GR0015410,PO-2024-020018,2024-06-13,871.36,E0160
GR0015411,PO-2024-020019,2024-01-23,4393.35,E0161
GR0015412,PO-2024-020020,2024-08-04,3923.51,E0159
GR0015413,PO-2024-020021,2024-11-08,3414.52,E0143
GR0015414,PO-2024-020022,2024-03-24,2895.89,E0158
GR0015415,PO-2024-020023,2024-05-14,14314.61,E0163
GR0015416,PO-2024-020024,2024-01-29,2435.82,E0153
GR0015417,PO-2025-020025,2025-02-03,1659.98,E0143
GR0015418,PO-2024-020026,2025-01-05,1234.41,E0149
GR0015419,PO-2024-020027,2024-07-08,1025.24,E0143
GR0015420,PO-2024-020027,2024-07-21,643.62,E0151
GR0015421,PO-2024-020028,2024-02-27,6149.16,E0151
GR0015422,PO-2025-020029,2025-05-24,4744.52,E0152
GR0015423,PO-2025-020030,2025-04-19,4751.85,E0145
GR0015424,PO-2024-020031,2024-09-09,1673.44,E0143
GR0015425,PO-2024-020031,2024-09-23,1603.36,E0158
GR0015426,PO-2024-020032,2024-03-09,2630.64,E0156
GR0015427,PO-2024-020033,2024-08-15,8159.01,E0141
GR0015428,PO-2024-020034,2024-01-19,4742.26,E0140
GR0015429,PO-2024-020035,2024-01-20,887.75,E0160
GR0015430,PO-2025-020036,2025-03-12,1776.98,E0149
GR0015431,PO-2025-020036,2025-03-22,1090.26,E0141
GR0015432,PO-2025-020037,2025-02-17,15450.86,E0146
GR0015433,PO-2024-020038,2024-11-13,1641.85,E0144
GR0015434,PO-2024-020039,2024-07-13,2956.54,E0153
GR0015435,PO-2024-020040,2024-09-13,4888.24,E0140
GR0015436,PO-2025-020041,2025-01-28,1000.6,E0140
GR0015437,PO-2024-020042,2024-06-30,18120.87,E0157
GR0015438,PO-2025-020043,2025-06-16,3232.5,E0154
GR0015439,PO-2025-020044,2025-07-03,3507.12,E0159
GR0015440,PO-2024-020045,2024-05-30,1407.71,E0146
GR0015441,PO-2025-020046,2025-07-15,206.93,E0154
GR0015442,PO-2024-020047,2024-02-11,4760.54,E0140
GR0015443,PO-2024-020048,2024-02-10,874.76,E0148
GR0015444,PO-2024-020049,2024-04-18,3564.79,E0151
GR0015445,PO-2024-020050,2024-05-30,4443.7,E0163
GR0015446,PO-2025-020051,2025-04-15,14173.63,E0148
GR0015447,PO-2025-020052,2025-03-17,2742.43,E0160
GR0015448,PO-2025-020053,2025-03-24,4068.27,E0161
GR0015449,PO-2024-020054,2024-09-25,1679.12,E0163
GR0015450,PO-2025-020055,2025-06-16,1439.39,E0156
GR0015451,PO-2025-020056,2025-05-02,824.49,E0141
GR0015452,PO-2025-020056,2025-05-19,569.03,E0154
GR0015453,PO-2024-020057,2024-12-08,6243.65,E0158
GR0015454,PO-2024-020058,2024-03-09,724.13,E0144
GR0015455,PO-2024-020058,2024-03-20,783.58,E0160
GR0015456,PO-2024-020059,2024-07-04,15615.38,E0158
GR0015457,PO-2024-020059,2024-07-13,12931.16,E0156
GR0015458,PO-2025-020060,2025-05-06,2645.25,E0146
GR0015459,PO-2024-020061,2024-02-26,1541.23,E0151
GR0015460,PO-2025-020062,2025-02-15,3218.62,E0159
GR0015461,PO-2024-020063,2024-12-17,903.49,E0145
GR0015462,PO-2024-020064,2024-07-21,2464.82,E0162
GR0015463,PO-2024-020065,2024-12-09,3883.01,E0140
GR0015464,PO-2025-020066,2025-01-24,2651.93,E0147
GR0015465,PO-2025-020067,2025-03-18,506.45,E0152
GR0015466,PO-2024-020068,2024-03-15,1308.15,E0143
GR0015467,PO-2025-020069,2025-03-30,3963.86,E0153
GR0015468,PO-2025-020069,2025-04-07,2507.72,E0150
GR0015469,PO-2024-020070,2024-04-13,2122.59,E0154
GR0015470,PO-2024-020070,2024-05-02,1232.7,E0140
GR0015471,PO-2024-020071,2024-08-03,7978.16,E0148
GR0015472,PO-2024-020072,2024-09-14,1214.04,E0157
GR0015473,PO-2024-020073,2024-03-02,20941.48,E0143
GR0015474,PO-2024-020074,2024-02-09,2134.68,E0154
GR0015475,PO-2024-020075,2024-09-10,521.09,E0155
GR0015476,PO-2024-020075,2024-09-24,567.78,E0143
GR0015477,PO-2024-020076,2024-12-30,5542.13,E0144
GR0015478,PO-2024-020077,2024-12-17,31738.91,E0148
GR0015479,PO-2024-020078,2024-09-04,651.52,E0142
GR0015480,PO-2024-020079,2024-01-14,2257.23,E0141
GR0015481,PO-2024-020080,2024-10-24,7582.83,E0145
GR0015482,PO-2024-020081,2024-07-20,208.94,E0140
GR0015483,PO-2024-020082,2024-07-28,3212.69,E0144
GR0015484,PO-2024-020083,2024-02-21,3880.28,E0161
GR0015485,PO-2025-020084,2025-01-13,2512.08,E0150
GR0015486,PO-2025-020085,2025-03-22,470.85,E0155
GR0015487,PO-2024-020086,2024-08-04,1990.87,E0144
GR0015488,PO-2024-020087,2024-04-06,3381.71,E0149
GR0015489,PO-2025-020088,2025-05-18,2630.54,E0148
GR0015490,PO-2025-020088,2025-05-29,2063.52,E0162
GR0015491,PO-2024-020089,2024-03-28,670.66,E0160
GR0015492,PO-2024-020089,2024-04-10,461.23,E0147
GR0015493,PO-2024-020090,2024-07-14,6287.68,E0155
GR0015494,PO-2024-020091,2024-07-31,3330.16,E0158
GR0015495,PO-2024-020092,2024-09-26,1582.5,E0159
GR0015496,PO-2024-020093,2024-08-01,4062.72,E0146
GR0015497,PO-2024-020094,2024-12-29,2757.01,E0145
GR0015498,PO-2024-020095,2024-01-16,2518.29,E0163
GR0015499,PO-2024-020096,2024-02-01,3395.32,E0159
GR0015500,PO-2024-020097,2024-11-15,1573.77,E0152
GR0015501,PO-2024-020098,2024-08-20,4623.01,E0140
GR0015502,PO-2024-020099,2024-05-17,5622.49,E0162
GR0015503,PO-2024-020100,2024-08-19,11628.47,E0155
GR0015504,PO-2024-020100,2024-08-31,10010.57,E0144
GR0015505,PO-2024-020101,2024-04-16,8751.07,E0151
GR0015506,PO-2024-020102,2024-04-17,3370.07,E0158
GR0015507,PO-2025-020103,2025-03-31,6576.42,E0143
GR0015508,PO-2024-020104,2024-09-12,12851.03,E0152
GR0015509,PO-2025-020105,2025-01-11,1467.53,E0161
GR0015510,PO-2025-020106,2025-01-28,2582.29,E0148
GR0015511,PO-2024-020107,2024-07-04,2733.1,E0145
GR0015512,PO-2025-020108,2025-04-25,2883.02,E0161
GR0015513,PO-2024-020109,2024-08-10,9494.69,E0146
GR0015514,PO-2024-020109,2024-08-24,5009.42,E0163
GR0015515,PO-2024-020110,2024-02-18,2727.86,E0161
GR0015516,PO-2024-020111,2024-03-27,2554.67,E0153
GR0015517,PO-2024-020112,2024-06-06,836.82,E0160
GR0015518,PO-2024-020113,2024-05-02,3960.1,E0156
GR0015519,PO-2025-020114,2025-05-24,8774.1,E0144
GR0015520,PO-2024-020115,2024-03-09,428.8,E0152
GR0015521,PO-2024-020116,2024-09-25,620.48,E0156
GR0015522,PO-2024-020117,2024-04-04,4905.4,E0159
GR0015523,PO-2024-020118,2024-07-24,15587.63,E0151
GR0015524,PO-2025-020119,2025-01-27,3267.2,E0160
GR0015525,PO-2025-020119,2025-02-09,1858.51,E0146
GR0015526,PO-2025-020120,2025-06-15,2901.44,E0160
GR0015527,PO-2025-020121,2025-02-16,18022.93,E0146
GR0015528,PO-2024-020122,2024-12-30,1324.16,E0150
GR0015529,PO-2024-020123,2024-10-11,4003.06,E0142
GR0015530,PO-2024-020124,2024-04-25,896.77,E0152
GR0015531,PO-2024-020125,2024-01-30,2224.01,E0144
GR0015532,PO-2024-020126,2024-02-13,48395.5,E0154
GR0015533,PO-2024-020127,2024-12-16,11441.62,E0142
GR0015534,PO-2024-020128,2024-11-19,1299.39,E0142
GR0015535,PO-2024-020129,2024-06-12,9359.38,E0153
GR0015536,PO-2025-020130,2025-05-28,1345.43,E0147
GR0015537,PO-2025-020131,2025-07-11,501.09,E0143
GR0015538,PO-2024-020132,2024-06-24,2716.17,E0156
GR0015539,PO-2024-020133,2024-11-08,18875.21,E0144
GR0015540,PO-2024-020134,2024-10-26,4819.92,E0146
GR0015541,PO-2025-020135,2025-06-29,1956.28,E0158
GR0015542,PO-2024-020136,2024-12-25,2339.98,E0156
GR0015543,PO-2024-020137,2024-07-10,378.25,E0161
GR0015544,PO-2025-020138,2025-06-14,296.58,E0149
GR0015545,PO-2025-020139,2025-06-02,1256.89,E0141
GR0015546,PO-2025-020140,2025-01-20,17044.17,E0146
GR0015547,PO-2025-020140,2025-02-06,7784.13,E0150
GR0015548,PO-2024-020141,2024-05-22,1173.74,E0154
GR0015549,PO-2024-020142,2024-02-03,2337.87,E0140
GR0015550,PO-2024-020143,2024-10-13,13613.66,E0148
GR0015551,PO-2024-020144,2024-02-02,1261.78,E0149
GR0015552,PO-2024-020145,2024-01-26,4185.33,E0161
GR0015553,PO-2024-020146,2024-02-01,2544.68,E0153
GR0015554,PO-2024-020147,2024-08-12,5648.0,E0145
GR0015555,PO-2024-020147,2024-08-26,3185.85,E0160
GR0015556,PO-2024-020148,2024-08-05,9482.16,E0154
GR0015557,PO-2024-020149,2024-12-12,1366.23,E0149
GR0015558,PO-2025-020150,2025-02-09,3472.88,E0140
GR0015559,PO-2025-020150,2025-02-14,2249.45,E0141
GR0015560,PO-2025-020151,2025-02-09,12542.56,E0140
GR0015561,PO-2025-020152,2025-03-27,2573.19,E0159
GR0015562,PO-2024-020153,2024-01-22,437.91,E0150
GR0015563,PO-2024-020154,2024-08-07,1895.1,E0155
GR0015564,PO-2024-020155,2024-12-31,1101.26,E0140
GR0015565,PO-2024-020156,2024-11-10,1939.48,E0149
GR0015566,PO-2024-020157,2024-07-25,5795.48,E0146
GR0015567,PO-2024-020157,2024-08-08,2629.0,E0144
GR0015568,PO-2024-020158,2024-11-05,910.21,E0144
GR0015569,PO-2024-020159,2024-11-26,1239.66,E0153
GR0015570,PO-2024-020160,2024-10-06,2270.98,E0147
GR0015571,PO-2025-020161,2025-04-20,7602.07,E0153
GR0015572,PO-2024-020162,2024-01-13,1669.66,E0162
GR0015573,PO-2025-020163,2025-02-09,6936.82,E0147
GR0015574,PO-2024-020164,2024-03-16,8024.84,E0154
GR0015575,PO-2024-020165,2024-03-26,3090.3,E0158
GR0015576,PO-2024-020165,2024-04-10,1862.79,E0148
GR0015577,PO-2025-020166,2025-02-09,12045.48,E0147
GR0015578,PO-2025-020167,2025-06-16,1306.0,E0163
GR0015579,PO-2025-020167,2025-07-05,766.9,E0161
GR0015580,PO-2024-020168,2024-11-17,2578.23,E0143
GR0015581,PO-2025-020169,2025-05-28,629.91,E0142
GR0015582,PO-2024-020170,2024-03-29,662.45,E0155
GR0015583,PO-2025-020171,2025-04-24,2313.16,E0160
GR0015584,PO-2024-020172,2024-02-06,4250.4,E0156
GR0015585,PO-2025-020173,2025-03-10,811.27,E0163
GR0015586,PO-2024-020174,2024-03-20,3995.68,E0153
GR0015587,PO-2025-020175,2025-01-17,3079.34,E0161
GR0015588,PO-2025-020175,2025-01-29,1636.43,E0160
GR0015589,PO-2024-020176,2024-11-03,638.02,E0158
GR0015590,PO-2024-020177,2024-05-04,5603.59,E0144
GR0015591,PO-2025-020178,2025-03-26,6313.08,E0142
GR0015592,PO-2024-020179,2024-03-07,1220.15,E0150
GR0015593,PO-2024-020180,2024-10-11,2725.2,E0157
GR0015594,PO-2024-020181,2024-09-24,5770.76,E0162
GR0015595,PO-2025-020182,2025-04-12,1368.55,E0145
GR0015596,PO-2024-020183,2024-02-11,10613.94,E0141
GR0015597,PO-2025-020184,2025-05-13,4525.39,E0145
GR0015598,PO-2024-020185,2024-11-06,3369.19,E0141
GR0015599,PO-2024-020186,2024-02-29,2145.37,E0144
GR0015600,PO-2025-020187,2025-06-01,2658.51,E0149
GR0015601,PO-2024-020188,2024-03-09,957.41,E0145
GR0015602,PO-2024-020189,2024-10-25,2196.62,E0161
GR0015603,PO-2024-020190,2024-12-30,818.98,E0140
GR0015604,PO-2024-020190,2025-01-16,599.77,E0163
GR0015605,PO-2025-020191,2025-05-22,1195.45,E0157
GR0015606,PO-2025-020191,2025-06-06,1188.41,E0141
GR0015607,PO-2025-020192,2025-05-14,2154.16,E0142
GR0015608,PO-2025-020193,2025-05-15,1218.0,E0157
GR0015609,PO-2024-020194,2024-11-24,3289.39,E0151
GR0015610,PO-2025-020195,2025-01-05,1439.59,E0141
GR0015611,PO-2024-020196,2024-06-19,572.51,E0157
GR0015612,PO-2024-020197,2024-09-19,2489.95,E0154
GR0015613,PO-2024-020198,2024-02-07,3776.05,E0155
GR0015614,PO-2025-020199,2025-05-05,1172.55,E0154
GR0015615,PO-2024-020200,2024-09-02,16414.76,E0155
GR0015616,PO-2025-020201,2025-01-14,5499.25,E0152
GR0015617,PO-2024-020202,2024-11-30,3155.11,E0157
GR0015618,PO-2024-020202,2024-12-06,1532.04,E0142
GR0015619,PO-2025-020203,2025-01-21,3550.27,E0140
GR0015620,PO-2024-020204,2024-09-24,2569.35,E0148
GR0015621,PO-2025-020205,2025-06-19,641.46,E0146
GR0015622,PO-2024-020206,2024-05-01,1105.92,E0147
GR0015623,PO-2024-020207,2024-10-17,5600.45,E0145
GR0015624,PO-2024-020208,2024-08-09,2347.85,E0157
GR0015625,PO-2025-020209,2025-03-24,7449.07,E0141
GR0015626,PO-2024-020210,2024-06-07,5737.07,E0157
GR0015627,PO-2024-020211,2024-02-27,710.44,E0142
GR0015628,PO-2024-020212,2024-07-20,10523.4,E0154
GR0015629,PO-2024-020213,2024-09-17,13461.2,E0156
GR0015630,PO-2025-020214,2025-03-21,4850.9,E0142
GR0015631,PO-2024-020215,2024-12-23,200.77,E0143
GR0015632,PO-2024-020216,2024-10-07,3773.27,E0155
GR0015633,PO-2024-020217,2024-04-30,28449.33,E0145
GR0015634,PO-2024-020218,2024-07-08,2153.24,E0146
GR0015635,PO-2025-020219,2025-02-23,14973.94,E0148
GR0015636,PO-2024-020220,2024-12-17,4562.93,E0151
GR0015637,PO-2024-020221,2024-08-21,3559.34,E0153
GR0015638,PO-2024-020222,2024-04-22,897.69,E0141
GR0015639,PO-2024-020222,2024-05-01,631.06,E0140
GR0015640,PO-2025-020223,2025-03-25,1171.33,E0147
GR0015641,PO-2024-020224,2024-04-02,5062.99,E0153
GR0015642,PO-2025-020225,2025-06-11,461.76,E0162
GR0015643,PO-2025-020225,2025-06-26,205.14,E0143
GR0015644,PO-2024-020226,2024-09-05,4920.01,E0148
GR0015645,PO-2024-020227,2024-06-22,9165.98,E0141
GR0015646,PO-2024-020228,2024-04-30,6038.89,E0143
GR0015647,PO-2024-020229,2024-10-14,21288.0,E0160
GR0015648,PO-2025-020230,2025-04-11,606.57,E0159
GR0015649,PO-2024-020231,2024-08-20,15007.16,E0148
GR0015650,PO-2024-020232,2024-05-20,6317.47,E0163
GR0015651,PO-2024-020233,2024-08-06,20682.03,E0143
GR0015652,PO-2024-020234,2024-08-23,4052.86,E0146
GR0015653,PO-2024-020235,2024-02-27,5360.19,E0146
GR0015654,PO-2024-020236,2024-11-26,2374.79,E0154
GR0015655,PO-2025-020237,2025-04-14,2014.03,E0156
GR0015656,PO-2024-020238,2024-09-23,5979.52,E0151
GR0015657,PO-2025-020239,2025-04-08,416.32,E0157
GR0015658,PO-2024-020240,2024-03-19,6965.7,E0142
GR0015659,PO-2025-020241,2025-05-06,237.56,E0150
GR0015660,PO-2024-020242,2024-08-08,1601.0,E0158
GR0015661,PO-2024-020243,2024-11-19,6549.89,E0152
GR0015662,PO-2024-020244,2024-04-29,7300.41,E0145
GR0015663,PO-2024-020245,2024-12-16,19728.27,E0160
GR0015664,PO-2024-020245,2025-01-01,8462.64,E0145
GR0015665,PO-2025-020246,2025-01-25,3526.34,E0152
GR0015666,PO-2025-020247,2025-03-04,8652.33,E0146
GR0015667,PO-2024-020248,2024-08-15,4130.81,E0148
GR0015668,PO-2024-020249,2024-11-05,4327.94,E0157
GR0015669,PO-2024-020250,2024-06-26,20240.96,E0155
GR0015670,PO-2024-020251,2024-04-03,15612.8,E0162
GR0015671,PO-2024-020252,2024-05-02,563.6,E0154
GR0015672,PO-2024-020252,2024-05-09,618.55,E0143
GR0015673,PO-2025-020253,2025-03-27,5766.28,E0153
GR0015674,PO-2024-020254,2024-09-16,13271.54,E0157
GR0015675,PO-2025-020255,2025-05-07,1024.05,E0148
GR0015676,PO-2024-020256,2024-04-09,10932.47,E0158
GR0015677,PO-2025-020257,2025-04-04,4042.24,E0146
GR0015678,PO-2025-020258,2025-04-18,11769.05,E0149
GR0015679,PO-2025-020259,2025-05-18,9146.47,E0155
GR0015680,PO-2024-020260,2024-08-30,1664.2,E0152
GR0015681,PO-2024-020261,2024-06-28,2623.81,E0148
GR0015682,PO-2025-020262,2025-05-23,5131.74,E0142
GR0015683,PO-2024-020263,2024-06-13,1974.13,E0151
GR0015684,PO-2025-020264,2025-01-24,11555.16,E0148
GR0015685,PO-2024-020265,2024-03-22,254.56,E0147
GR0015686,PO-2024-020266,2024-11-17,12838.1,E0151
GR0015687,PO-2024-020267,2024-10-05,8683.49,E0161
GR0015688,PO-2024-020267,2024-10-21,9033.92,E0155
GR0015689,PO-2024-020268,2024-05-10,4062.92,E0140
GR0015690,PO-2025-020269,2025-05-04,19267.31,E0143
GR0015691,PO-2025-020270,2025-01-18,4911.77,E0158
GR0015692,PO-2024-020271,2024-03-28,3843.9,E0154
GR0015693,PO-2024-020272,2024-04-10,1080.47,E0159
GR0015694,PO-2024-020273,2024-08-21,13180.01,E0157
GR0015695,PO-2025-020274,2025-03-17,18887.33,E0162
GR0015696,PO-2025-020275,2025-06-21,2484.99,E0140
GR0015697,PO-2025-020275,2025-07-02,2250.33,E0140
GR0015698,PO-2024-020276,2024-06-10,1361.82,E0152
GR0015699,PO-2024-020277,2024-10-03,5688.01,E0149
GR0015700,PO-2024-020278,2024-06-15,15014.85,E0142
GR0015701,PO-2025-020279,2025-03-07,1162.74,E0163
GR0015702,PO-2025-020280,2025-06-05,23434.06,E0161
GR0015703,PO-2024-020281,2024-11-11,6505.0,E0155
GR0015704,PO-2024-020282,2024-03-06,1876.29,E0156
GR0015705,PO-2025-020283,2025-06-17,2572.09,E0161
GR0015706,PO-2025-020284,2025-03-30,1344.48,E0149
GR0015707,PO-2024-020285,2024-03-18,1716.27,E0141
GR0015708,PO-2025-020286,2025-07-15,14535.3,E0141
GR0015709,PO-2024-020287,2024-06-08,4928.09,E0162
GR0015710,PO-2024-020287,2024-06-15,3200.24,E0154
GR0015711,PO-2024-020288,2024-08-20,3517.82,E0141
GR0015712,PO-2024-020289,2024-09-27,1312.29,E0140
GR0015713,PO-2024-020290,2024-04-10,1617.08,E0142
GR0015714,PO-2024-020291,2024-04-19,1992.24,E0163
GR0015715,PO-2024-020292,2024-09-03,5070.19,E0147
GR0015716,PO-2024-020293,2024-05-21,1054.11,E0162
GR0015717,PO-2025-020294,2025-05-30,5222.28,E0147
GR0015718,PO-2025-020294,2025-06-07,6124.84,E0147
GR0015719,PO-2024-020295,2024-01-25,3553.64,E0149
GR0015720,PO-2025-020296,2025-07-11,42739.03,E0158
GR0015721,PO-2024-020297,2024-09-01,3139.64,E0163
GR0015722,PO-2025-020298,2025-02-01,7617.04,E0159
GR0015723,PO-2025-020299,2025-04-17,977.66,E0163
GR0015724,PO-2025-020300,2025-07-09,17773.28,E0156
GR0015725,PO-2025-020301,2025-07-03,1770.04,E0141
GR0015726,PO-2024-020302,2024-02-11,11257.63,E0153
GR0015727,PO-2025-020303,2025-04-20,1850.62,E0149
GR0015728,PO-2024-020304,2024-12-09,14274.06,E0160
GR0015729,PO-2025-020305,2025-02-15,1018.84,E0140
GR0015730,PO-2025-020306,2025-07-05,3763.97,E0140
GR0015731,PO-2024-020307,2024-11-03,2453.99,E0149
GR0015732,PO-2025-020308,2025-04-06,1933.55,E0159
GR0015733,PO-2025-020309,2025-05-25,4414.9,E0161
GR0015734,PO-2024-020310,2024-11-08,1300.18,E0141
GR0015735,PO-2024-020311,2024-06-22,2508.81,E0159
GR0015736,PO-2024-020311,2024-07-05,3037.31,E0161
GR0015737,PO-2025-020312,2025-02-21,886.49,E0148
GR0015738,PO-2024-020313,2024-02-26,36890.55,E0157
GR0015739,PO-2025-020314,2025-03-17,2434.88,E0142
GR0015740,PO-2025-020315,2025-05-21,764.34,E0143
GR0015741,PO-2025-020316,2025-06-19,1741.21,E0159
GR0015742,PO-2025-020316,2025-06-25,2125.74,E0147
GR0015743,PO-2024-020317,2024-03-09,7156.75,E0142
GR0015744,PO-2024-020318,2024-08-07,440.26,E0155
GR0015745,PO-2024-020318,2024-08-21,205.17,E0156
GR0015746,PO-2025-020319,2025-03-31,7777.08,E0155
GR0015747,PO-2024-020320,2024-03-24,4417.23,E0147
GR0015748,PO-2024-020321,2024-10-29,34993.25,E0161
GR0015749,PO-2025-020322,2025-02-06,2282.72,E0157
GR0015750,PO-2025-020323,2025-06-20,9057.52,E0143
GR0015751,PO-2024-020324,2024-11-01,3421.47,E0140
GR0015752,PO-2024-020324,2024-11-18,2923.94,E0160
GR0015753,PO-2024-020325,2024-03-24,17659.81,E0147
GR0015754,PO-2024-020326,2024-12-27,51350.51,E0159
GR0015755,PO-2024-020326,2025-01-11,44015.1,E0155
GR0015756,PO-2025-020327,2025-05-06,3537.44,E0140
GR0015757,PO-2024-020328,2024-10-17,1091.4,E0163
GR0015758,PO-2024-020329,2024-08-17,7184.62,E0162
GR0015759,PO-2024-020330,2025-01-10,5251.27,E0161
GR0015760,PO-2025-020331,2025-07-03,11505.28,E0145
GR0015761,PO-2024-020332,2024-01-14,7946.06,E0156
GR0015762,PO-2024-020333,2024-09-02,857.25,E0148
GR0015763,PO-2025-020334,2025-04-16,1809.55,E0162
GR0015764,PO-2024-020335,2024-03-18,1340.21,E0141
GR0015765,PO-2024-020336,2024-02-18,9477.77,E0148
GR0015766,PO-2024-020337,2024-04-16,388.33,E0141
GR0015767,PO-2024-020338,2024-07-27,10644.55,E0143
GR0015768,PO-2025-020339,2025-02-04,566.09,E0148
GR0015769,PO-2025-020340,2025-02-03,1247.91,E0149
GR0015770,PO-2024-020341,2024-07-04,2713.0,E0143
GR0015771,PO-2024-020342,2024-04-02,2870.55,E0154
GR0015772,PO-2024-020342,2024-04-04,4156.68,E0147
GR0015773,PO-2024-020343,2024-03-26,29708.72,E0142
GR0015774,PO-2025-020344,2025-01-28,5973.06,E0153
GR0015775,PO-2024-020345,2024-03-01,4110.96,E0145
GR0015776,PO-2025-020346,2025-04-05,3380.7,E0142
GR0015777,PO-2024-020347,2024-03-15,13597.92,E0160
GR0015778,PO-2025-020348,2025-04-04,19492.76,E0150
GR0015779,PO-2024-020349,2024-03-16,6383.39,E0140
GR0015780,PO-2024-020350,2024-10-27,6503.15,E0145
GR0015781,PO-2024-020350,2024-11-01,3270.85,E0140
GR0015782,PO-2024-020351,2024-01-11,21277.9,E0140
GR0015783,PO-2024-020352,2024-07-12,13489.03,E0148
GR0015784,PO-2024-020353,2024-11-09,4936.99,E0163
GR0015785,PO-2024-020353,2024-11-28,4911.12,E0159
GR0015786,PO-2024-020354,2024-07-24,1873.17,E0148
GR0015787,PO-2024-020355,2024-06-16,38212.97,E0163
GR0015788,PO-2025-020356,2025-04-01,16973.89,E0157
GR0015789,PO-2024-020357,2024-09-17,14582.83,E0151
GR0015790,PO-2024-020357,2024-09-30,7647.95,E0142
GR0015791,PO-2024-020358,2024-01-31,6275.75,E0145
GR0015792,PO-2025-020359,2025-03-07,5422.36,E0163
GR0015793,PO-2024-020360,2024-04-28,801.49,E0159
GR0015794,PO-2024-020360,2024-05-10,619.75,E0148
GR0015795,PO-2024-020361,2024-08-15,689.98,E0146
GR0015796,PO-2025-020362,2025-05-24,7650.43,E0159
GR0015797,PO-2024-020363,2024-12-29,4979.75,E0156
GR0015798,PO-2025-020364,2025-05-30,1767.49,E0161
GR0015799,PO-2024-020365,2024-11-19,4860.5,E0140
GR0015800,PO-2025-020366,2025-04-06,1077.62,E0145
GR0015801,PO-2024-020367,2024-03-26,5727.21,E0152
GR0015802,PO-2025-020368,2025-04-04,3979.27,E0151
GR0015803,PO-2024-020369,2024-11-29,442.51,E0148
GR0015804,PO-2024-020370,2024-09-29,3859.13,E0147
GR0015805,PO-2024-020370,2024-10-07,4814.08,E0151
GR0015806,PO-2024-020371,2024-04-05,12116.46,E0159
GR0015807,PO-2024-020372,2024-08-21,668.98,E0158
GR0015808,PO-2024-020373,2024-04-04,40227.62,E0151
GR0015809,PO-2024-020374,2024-06-14,14511.29,E0162
GR0015810,PO-2024-020375,2024-02-16,2617.61,E0142
GR0015811,PO-2024-020376,2024-05-01,1176.98,E0150
GR0015812,PO-2025-020377,2025-05-15,20411.39,E0153
GR0015813,PO-2024-020378,2024-05-27,41826.28,E0145
GR0015814,PO-2024-020379,2024-01-16,7491.95,E0140
GR0015815,PO-2024-020380,2024-04-16,17875.37,E0149
GR0015816,PO-2024-020381,2024-01-29,2586.68,E0154
GR0015817,PO-2024-020382,2024-06-07,15028.86,E0161
GR0015818,PO-2025-020383,2025-02-09,55161.6,E0158
GR0015819,PO-2025-020384,2025-02-18,43275.28,E0161
GR0015820,PO-2024-020385,2024-12-28,251.57,E0161
GR0015821,PO-2024-020386,2024-07-24,2188.68,E0145
GR0015822,PO-2024-020387,2024-07-21,8244.52,E0159
GR0015823,PO-2024-020388,2024-05-12,724.3,E0140
GR0015824,PO-2024-020389,2024-11-02,3915.77,E0151
GR0015825,PO-2025-020390,2025-01-22,6403.54,E0140
GR0015826,PO-2024-020391,2024-05-24,640.38,E0157
GR0015827,PO-2024-020391,2024-06-07,433.28,E0162
GR0015828,PO-2024-020392,2025-01-05,4394.63,E0142
GR0015829,PO-2024-020393,2024-06-07,1622.13,E0158
GR0015830,PO-2025-020394,2025-03-06,1892.85,E0154
GR0015831,PO-2024-020395,2024-01-14,6393.78,E0152
GR0015832,PO-2025-020396,2025-04-18,2312.77,E0160
GR0015833,PO-2024-020397,2024-06-03,1096.81,E0150
GR0015834,PO-2025-020398,2025-04-06,7929.72,E0156
GR0015835,PO-2025-020399,2025-04-04,1721.94,E0160
GR0015836,PO-2025-020400,2025-04-16,1184.24,E0156
GR0015837,PO-2025-020401,2025-04-14,2482.56,E0157
GR0015838,PO-2024-020402,2024-02-06,16885.82,E0152
GR0015839,PO-2025-020403,2025-04-07,4811.8,E0160
GR0015840,PO-2024-020404,2024-06-02,2053.92,E0154
GR0015841,PO-2025-020405,2025-03-30,9290.0,E0142
GR0015842,PO-2024-020406,2024-05-15,1075.31,E0157
GR0015843,PO-2024-020407,2024-03-18,980.41,E0141
GR0015844,PO-2024-020408,2024-08-31,1538.65,E0163
GR0015845,PO-2024-020408,2024-09-10,1575.11,E0144
GR0015846,PO-2024-020409,2024-06-07,2328.6,E0143
GR0015847,PO-2024-020410,2024-05-15,4412.03,E0161
GR0015848,PO-2024-020411,2024-09-12,30332.43,E0161
GR0015849,PO-2024-020412,2024-08-14,10142.95,E0140
GR0015850,PO-2024-020413,2024-11-15,3682.77,E0159
GR0015851,PO-2024-020414,2024-05-26,584.26,E0146
GR0015852,PO-2024-020415,2024-06-18,1525.74,E0149
GR0015853,PO-2024-020416,2024-09-11,3222.93,E0151
GR0015854,PO-2024-020417,2025-01-01,10859.76,E0146
GR0015855,PO-2024-020418,2024-07-31,25293.75,E0152
GR0015856,PO-2025-020419,2025-01-21,9644.95,E0154
GR0015857,PO-2024-020420,2024-06-03,18539.57,E0142
GR0015858,PO-2025-020421,2025-07-16,1035.29,E0163
GR0015859,PO-2024-020422,2024-04-30,2186.53,E0161
GR0015860,PO-2025-020423,2025-05-23,3175.34,E0141
GR0015861,PO-2024-020424,2024-06-18,7640.9,E0159
GR0015862,PO-2024-020425,2024-09-03,7914.52,E0140
GR0015863,PO-2025-020426,2025-06-10,1941.3,E0144
GR0015864,PO-2024-020427,2024-05-20,4982.69,E0155
GR0015865,PO-2024-020428,2024-08-22,4308.96,E0154
GR0015866,PO-2024-020428,2024-09-09,2447.85,E0144
GR0015867,PO-2025-020429,2025-05-13,4071.24,E0146
GR0015868,PO-2025-020430,2025-07-04,11164.02,E0161
GR0015869,PO-2025-020431,2025-06-28,1251.56,E0146
GR0015870,PO-2024-020432,2024-12-15,7239.19,E0142
GR0015871,PO-2024-020433,2024-02-16,6831.65,E0146
GR0015872,PO-2024-020434,2024-04-04,13102.57,E0148
GR0015873,PO-2024-020435,2024-08-26,1129.28,E0154
GR0015874,PO-2024-020436,2024-11-24,5929.12,E0140
GR0015875,PO-2024-020437,2024-02-22,851.44,E0158
GR0015876,PO-2024-020437,2024-02-26,749.99,E0140
GR0015877,PO-2025-020438,2025-07-04,17521.21,E0163
GR0015878,PO-2024-020439,2024-01-22,259.61,E0143
GR0015879,PO-2025-020440,2025-06-25,1615.09,E0157
GR0015880,PO-2025-020441,2025-07-03,15499.45,E0150
GR0015881,PO-2025-020442,2025-04-15,2090.0,E0142
GR0015882,PO-2024-020443,2024-04-09,877.71,E0162
GR0015883,PO-2025-020444,2025-03-04,9259.55,E0157
GR0015884,PO-2024-020445,2024-02-16,2519.24,E0142
GR0015885,PO-2024-020446,2024-06-06,11555.11,E0148
GR0015886,PO-2025-020447,2025-03-02,2021.48,E0148
GR0015887,PO-2024-020448,2024-11-16,11304.14,E0148
GR0015888,PO-2025-020449,2025-02-19,4895.52,E0149
GR0015889,PO-2024-020450,2024-09-18,7411.48,E0145
GR0015890,PO-2024-020451,2024-02-05,6657.89,E0157
GR0015891,PO-2024-020451,2024-02-15,3617.48,E0155
GR0015892,PO-2024-020452,2024-12-29,255.38,E0140
GR0015893,PO-2024-020453,2024-07-24,2255.51,E0147
GR0015894,PO-2025-020454,2025-04-11,2397.42,E0145
GR0015895,PO-2024-020455,2024-05-23,2332.87,E0155
GR0015896,PO-2024-020456,2024-08-08,9721.88,E0159
GR0015897,PO-2025-020457,2025-03-16,4212.9,E0155
GR0015898,PO-2025-020458,2025-03-26,3688.97,E0140
GR0015899,PO-2024-020459,2024-04-27,3998.04,E0141
GR0015900,PO-2025-020460,2025-04-23,7484.59,E0160
GR0015901,PO-2024-020461,2024-10-02,4964.89,E0161
GR0015902,PO-2024-020462,2024-12-30,6729.02,E0147
GR0015903,PO-2024-020463,2024-11-25,1629.05,E0146
GR0015904,PO-2024-020463,2024-12-03,1604.35,E0160
GR0015905,PO-2025-020464,2025-03-06,837.92,E0150
GR0015906,PO-2025-020465,2025-05-06,2344.01,E0147
GR0015907,PO-2025-020466,2025-01-20,8111.13,E0161
GR0015908,PO-2024-020467,2024-05-23,3766.42,E0143
GR0015909,PO-2024-020468,2024-09-26,3484.59,E0158
GR0015910,PO-2024-020469,2024-05-18,5724.88,E0153
GR0015911,PO-2024-020470,2024-01-27,261.6,E0158
GR0015912,PO-2024-020471,2024-04-14,1819.98,E0146
GR0015913,PO-2025-020472,2025-06-12,1984.45,E0148
GR0015914,PO-2024-020473,2024-02-13,27841.67,E0149
GR0015915,PO-2024-020474,2024-03-09,844.21,E0153
GR0015916,PO-2024-020475,2024-04-03,733.01,E0161
GR0015917,PO-2024-020476,2024-02-01,6626.03,E0141
GR0015918,PO-2024-020477,2024-08-20,1122.81,E0157
GR0015919,PO-2025-020478,2025-05-23,3445.39,E0142
GR0015920,PO-2025-020478,2025-05-29,3876.28,E0158
GR0015921,PO-2025-020479,2025-03-09,1295.77,E0145
GR0015922,PO-2024-020480,2024-10-05,1158.36,E0146
GR0015923,PO-2024-020481,2024-07-29,455.64,E0149
GR0015924,PO-2024-020482,2024-02-04,3802.51,E0145
GR0015925,PO-2025-020483,2025-06-19,463.33,E0146
GR0015926,PO-2024-020484,2024-02-20,545.28,E0144
GR0015927,PO-2024-020485,2024-10-26,3522.13,E0163
GR0015928,PO-2024-020486,2024-07-11,7494.45,E0163
GR0015929,PO-2025-020487,2025-06-23,2356.19,E0143
GR0015930,PO-2025-020488,2025-06-13,3805.19,E0140
GR0015931,PO-2025-020489,2025-04-07,5360.03,E0160
GR0015932,PO-2025-020490,2025-03-24,1633.24,E0147
GR0015933,PO-2024-020491,2024-07-16,1729.02,E0146
GR0015934,PO-2024-020492,2024-08-06,4091.5,E0160
GR0015935,PO-2024-020492,2024-08-12,3368.5,E0152
GR0015936,PO-2025-020493,2025-02-07,3492.78,E0160
GR0015937,PO-2025-020494,2025-03-13,12427.28,E0144
GR0015938,PO-2024-020495,2024-10-02,2456.84,E0160
GR0015939,PO-2025-020496,2025-05-20,10783.4,E0156
GR0015940,PO-2024-020497,2024-12-30,4874.03,E0163
GR0015941,PO-2024-020498,2025-01-04,2821.96,E0162
GR0015942,PO-2025-020499,2025-06-28,18395.03,E0142
GR0015943,PO-2025-020500,2025-05-18,12737.76,E0154
GR0015944,PO-2024-020501,2024-12-27,4081.74,E0161
GR0015945,PO-2025-020502,2025-05-23,760.37,E0146
GR0015946,PO-2025-020503,2025-02-11,1177.49,E0150
GR0015947,PO-2025-020504,2025-06-27,3572.72,E0145
GR0015948,PO-2025-020505,2025-04-03,10749.78,E0159
GR0015949,PO-2024-020506,2024-05-19,35367.87,E0156
GR0015950,PO-2025-020507,2025-07-08,5688.81,E0159
GR0015951,PO-2024-020508,2024-08-09,5708.56,E0142
GR0015952,PO-2025-020509,2025-06-21,1563.34,E0152
GR0015953,PO-2025-020510,2025-07-10,7637.23,E0153
GR0015954,PO-2024-020511,2024-07-26,41128.3,E0151
GR0015955,PO-2024-020512,2024-03-10,1410.78,E0148
GR0015956,PO-2024-020513,2024-12-03,24965.23,E0144
GR0015957,PO-2024-020514,2024-06-27,17684.93,E0151
GR0015958,PO-2024-020515,2024-03-25,872.33,E0158
GR0015959,PO-2024-020515,2024-04-01,946.33,E0146
GR0015960,PO-2025-020516,2025-04-21,13157.83,E0155
GR0015961,PO-2025-020516,2025-05-04,9167.73,E0159
GR0015962,PO-2024-020517,2024-06-07,3009.97,E0157
GR0015963,PO-2025-020518,2025-07-04,11157.07,E0163
GR0015964,PO-2024-020519,2024-11-08,8037.78,E0142
GR0015965,PO-2024-020520,2024-06-04,42055.65,E0156
GR0015966,PO-2025-020521,2025-03-20,614.95,E0159
GR0015967,PO-2024-020522,2024-08-04,4120.4,E0161
GR0015968,PO-2025-020523,2025-02-12,5157.31,E0157
GR0015969,PO-2024-020524,2024-11-19,1713.5,E0153
GR0015970,PO-2024-020525,2024-08-15,9944.41,E0153
GR0015971,PO-2024-020526,2024-02-03,2190.34,E0147
GR0015972,PO-2024-020527,2024-06-11,1265.29,E0149
GR0015973,PO-2025-020528,2025-06-04,31178.51,E0142
GR0015974,PO-2024-020529,2024-02-26,6181.4,E0150
GR0015975,PO-2024-020530,2024-07-05,14556.7,E0160
GR0015976,PO-2024-020530,2024-07-17,19720.77,E0158
GR0015977,PO-2024-020531,2024-08-04,2763.82,E0148
GR0015978,PO-2024-020532,2024-10-13,2794.49,E0152
GR0015979,PO-2025-020533,2025-04-07,6582.89,E0161
GR0015980,PO-2024-020534,2024-11-23,2874.5,E0153
GR0015981,PO-2024-020535,2024-05-10,9498.31,E0148
GR0015982,PO-2024-020536,2024-06-12,3555.66,E0155
GR0015983,PO-2025-020537,2025-06-14,1970.32,E0143
GR0015984,PO-2024-020538,2024-07-08,17657.8,E0141
GR0015985,PO-2024-020539,2024-03-27,8237.98,E0157
GR0015986,PO-2024-020539,2024-04-02,3471.68,E0162
GR0015987,PO-2024-020540,2024-03-24,3280.39,E0153
GR0015988,PO-2025-020541,2025-04-24,2817.06,E0156
GR0015989,PO-2025-020542,2025-06-14,5456.55,E0161
GR0015990,PO-2024-020543,2024-12-05,1620.67,E0140
GR0015991,PO-2024-020544,2024-02-15,4362.78,E0153
GR0015992,PO-2025-020545,2025-03-22,1926.49,E0140
GR0015993,PO-2025-020546,2025-02-02,9469.73,E0160
GR0015994,PO-2024-020547,2024-04-05,4650.3,E0143
GR0015995,PO-2024-020548,2024-10-02,32552.14,E0142
GR0015996,PO-2025-020549,2025-04-16,1375.1,E0147
GR0015997,PO-2024-020550,2024-05-20,1635.99,E0145
GR0015998,PO-2024-020550,2024-06-03,929.77,E0163
GR0015999,PO-2024-020551,2024-12-07,25817.41,E0143
GR0016000,PO-2025-020552,2025-01-24,646.06,E0153
GR0016001,PO-2024-020553,2024-05-06,49.9,E0162
GR0016002,PO-2024-020553,2024-05-21,70.07,E0140
GR0016003,PO-2025-020554,2025-05-29,6549.71,E0153
GR0016004,PO-2024-020555,2024-10-13,4078.63,E0160
GR0016005,PO-2024-020556,2024-09-04,14259.69,E0144
GR0016006,PO-2024-020557,2024-03-26,8146.97,E0161
GR0016007,PO-2024-020558,2024-05-04,2527.61,E0140
GR0016008,PO-2024-020559,2024-12-24,1627.04,E0145
GR0016009,PO-2024-020560,2024-03-18,5934.88,E0156
GR0016010,PO-2025-020561,2025-06-20,275.62,E0158
GR0016011,PO-2025-020562,2025-04-21,38907.34,E0146
GR0016012,PO-2025-020563,2025-02-21,738.79,E0148
GR0016013,PO-2024-020564,2024-05-31,898.08,E0146
GR0016014,PO-2024-020565,2024-04-29,1244.41,E0142
GR0016015,PO-2024-020565,2024-05-13,1164.83,E0147
GR0016016,PO-2025-020566,2025-05-13,12764.18,E0163
GR0016017,PO-2025-020566,2025-05-18,8481.58,E0161
GR0016018,PO-2024-020567,2024-03-29,864.1,E0160
GR0016019,PO-2024-020568,2024-09-09,3830.11,E0150
GR0016020,PO-2024-020569,2024-09-11,2486.02,E0154
GR0016021,PO-2025-020570,2025-05-07,3888.61,E0161
GR0016022,PO-2024-020571,2024-05-09,8537.68,E0154
GR0016023,PO-2024-020572,2024-03-25,6943.91,E0154
GR0016024,PO-2024-020573,2024-09-03,1442.73,E0162
GR0016025,PO-2024-020574,2024-07-11,3884.62,E0155
GR0016026,PO-2024-020575,2024-05-08,5932.02,E0160
GR0016027,PO-2025-020576,2025-05-24,1297.52,E0155
GR0016028,PO-2025-020577,2025-05-18,1164.2,E0149
GR0016029,PO-2025-020578,2025-05-01,5113.77,E0146
GR0016030,PO-2024-020579,2024-09-09,6923.72,E0149
GR0016031,PO-2024-020580,2024-04-23,199.38,E0149
GR0016032,PO-2024-020581,2024-09-28,19718.74,E0143
GR0016033,PO-2024-020582,2024-05-17,4006.32,E0140
GR0016034,PO-2024-020583,2024-03-07,1133.44,E0153
GR0016035,PO-2024-020584,2024-08-10,3178.31,E0141
GR0016036,PO-2025-020585,2025-03-21,823.52,E0143
GR0016037,PO-2024-020586,2024-12-07,9840.89,E0162
GR0016038,PO-2025-020587,2025-02-04,502.57,E0147
GR0016039,PO-2024-020588,2024-04-23,10109.08,E0156
GR0016040,PO-2025-020589,2025-07-05,4296.51,E0150
GR0016041,PO-2025-020590,2025-06-17,9495.67,E0146
GR0016042,PO-2025-020591,2025-05-02,2534.34,E0162
GR0016043,PO-2025-020591,2025-05-15,2410.66,E0156
GR0016044,PO-2024-020592,2024-11-18,2550.06,E0146
GR0016045,PO-2024-020593,2024-03-31,1021.01,E0152
GR0016046,PO-2024-020593,2024-04-18,920.85,E0150
GR0016047,PO-2025-020594,2025-01-27,2159.45,E0152
GR0016048,PO-2025-020595,2025-01-21,3922.87,E0163
GR0016049,PO-2025-020596,2025-05-23,4986.84,E0147
GR0016050,PO-2025-020597,2025-05-07,2289.75,E0145
GR0016051,PO-2024-020598,2024-12-20,18319.34,E0156
GR0016052,PO-2024-020599,2024-03-13,4310.75,E0148
GR0016053,PO-2024-020600,2024-12-19,282.49,E0141
GR0016054,PO-2025-020601,2025-01-22,6692.61,E0159
GR0016055,PO-2024-020602,2024-07-17,4275.71,E0148
GR0016056,PO-2024-020603,2024-07-03,3170.62,E0157
GR0016057,PO-2024-020604,2024-10-25,14533.67,E0151
GR0016058,PO-2024-020605,2024-08-20,4952.48,E0149
GR0016059,PO-2024-020606,2024-02-22,2930.98,E0157
GR0016060,PO-2025-020607,2025-02-11,36697.32,E0147
GR0016061,PO-2024-020608,2024-04-15,4945.62,E0156
GR0016062,PO-2024-020608,2024-04-22,6426.17,E0159
GR0016063,PO-2024-020609,2024-12-07,22637.7,E0150
GR0016064,PO-2024-020610,2024-11-30,11404.29,E0144
GR0016065,PO-2024-020611,2024-10-29,2720.07,E0151
GR0016066,PO-2024-020612,2024-12-16,1839.14,E0142
GR0016067,PO-2025-020613,2025-04-02,1420.63,E0144
GR0016068,PO-2024-020614,2024-02-07,6978.72,E0142
GR0016069,PO-2024-020615,2024-12-22,3345.14,E0151
GR0016070,PO-2025-020616,2025-04-06,422.22,E0162
GR0016071,PO-2024-020617,2024-06-27,4257.23,E0163
GR0016072,PO-2024-020618,2024-04-06,1325.63,E0145
GR0016073,PO-2025-020619,2025-06-08,20908.05,E0142
GR0016074,PO-2024-020620,2024-09-15,2504.8,E0158
GR0016075,PO-2025-020621,2025-05-16,8647.01,E0147
GR0016076,PO-2025-020622,2025-02-27,25404.34,E0146
GR0016077,PO-2024-020623,2024-08-23,3329.08,E0144
GR0016078,PO-2024-020624,2024-12-29,19981.87,E0160
GR0016079,PO-2024-020625,2024-04-25,6594.09,E0154
GR0016080,PO-2025-020626,2025-01-24,2222.89,E0142
GR0016081,PO-2024-020627,2024-08-12,3648.28,E0159
GR0016082,PO-2025-020628,2025-07-10,4398.38,E0149
GR0016083,PO-2025-020629,2025-06-26,1996.85,E0152
GR0016084,PO-2024-020630,2024-10-07,1223.32,E0152
GR0016085,PO-2024-020631,2024-09-02,566.24,E0157
GR0016086,PO-2024-020631,2024-09-20,730.55,E0159
GR0016087,PO-2025-020632,2025-07-08,4569.1,E0145
GR0016088,PO-2025-020633,2025-05-27,1986.72,E0148
GR0016089,PO-2024-020634,2024-04-10,6419.97,E0142
GR0016090,PO-2024-020635,2024-04-01,3793.99,E0162
GR0016091,PO-2024-020636,2024-08-14,11301.34,E0149
GR0016092,PO-2025-020637,2025-02-26,2683.62,E0156
GR0016093,PO-2024-020638,2024-05-06,2918.13,E0163
GR0016094,PO-2025-020639,2025-02-06,4531.11,E0146
GR0016095,PO-2025-020640,2025-05-11,6405.44,E0148
GR0016096,PO-2024-020641,2024-08-31,871.29,E0156
GR0016097,PO-2025-020642,2025-02-03,21783.99,E0146
GR0016098,PO-2025-020642,2025-02-22,16620.79,E0145
GR0016099,PO-2025-020643,2025-04-15,43303.36,E0158
GR0016100,PO-2025-020643,2025-05-04,31518.1,E0148
GR0016101,PO-2024-020644,2024-06-03,941.12,E0157
GR0016102,PO-2024-020645,2024-07-26,4692.1,E0163
GR0016103,PO-2024-020646,2024-01-31,3852.21,E0149
GR0016104,PO-2024-020647,2024-10-19,581.35,E0160
GR0016105,PO-2024-020648,2024-03-29,5986.82,E0155
GR0016106,PO-2025-020649,2025-01-10,13860.53,E0149
GR0016107,PO-2024-020650,2024-02-03,1087.44,E0158
GR0016108,PO-2025-020651,2025-03-19,668.89,E0143
GR0016109,PO-2025-020651,2025-03-29,547.49,E0148
GR0016110,PO-2024-020652,2024-08-05,1453.38,E0157
GR0016111,PO-2024-020653,2024-01-17,8832.85,E0148
GR0016112,PO-2024-020654,2024-03-15,6357.55,E0163
GR0016113,PO-2024-020655,2024-10-02,6605.57,E0142
GR0016114,PO-2024-020656,2024-06-11,7677.4,E0141
GR0016115,PO-2025-020657,2025-02-22,2940.23,E0155
GR0016116,PO-2025-020658,2025-03-08,2817.52,E0154
GR0016117,PO-2025-020659,2025-06-26,3306.16,E0148
GR0016118,PO-2025-020660,2025-03-10,1312.17,E0153
GR0016119,PO-2024-020661,2024-09-12,2043.68,E0152
GR0016120,PO-2024-020662,2024-10-09,2132.01,E0152
GR0016121,PO-2024-020663,2024-01-27,12457.45,E0140
GR0016122,PO-2025-020664,2025-03-25,7127.35,E0142
GR0016123,PO-2024-020665,2024-11-30,41556.32,E0146
GR0016124,PO-2024-020665,2024-12-09,45705.52,E0159
GR0016125,PO-2025-020666,2025-04-08,5505.68,E0155
GR0016126,PO-2024-020667,2024-08-01,19139.19,E0161
GR0016127,PO-2024-020668,2024-02-25,2239.87,E0140
GR0016128,PO-2024-020668,2024-03-05,2867.56,E0158
GR0016129,PO-2024-020669,2024-06-12,1638.8,E0145
GR0016130,PO-2025-020670,2025-03-10,14077.86,E0145
GR0016131,PO-2024-020671,2024-05-07,9049.37,E0156
GR0016132,PO-2024-020672,2024-04-21,11932.47,E0152
GR0016133,PO-2024-020673,2024-06-01,34379.26,E0159
GR0016134,PO-2025-020674,2025-03-29,13982.72,E0160
GR0016135,PO-2025-020675,2025-05-25,4294.23,E0163
GR0016136,PO-2024-020676,2024-09-02,4486.26,E0146
GR0016137,PO-2024-020677,2024-02-13,7382.05,E0151
GR0016138,PO-2025-020678,2025-06-01,8290.78,E0154
GR0016139,PO-2024-020679,2024-03-24,6041.17,E0145
GR0016140,PO-2025-020680,2025-04-11,7709.8,E0155
GR0016141,PO-2024-020681,2024-08-20,5045.14,E0154
GR0016142,PO-2025-020682,2025-05-18,2577.07,E0147
GR0016143,PO-2025-020682,2025-06-04,3074.6,E0143
GR0016144,PO-2025-020683,2025-06-03,2730.0,E0161
GR0016145,PO-2024-020684,2024-06-12,6703.05,E0152
GR0016146,PO-2024-020684,2024-06-21,3099.27,E0151
GR0016147,PO-2025-020685,2025-04-12,3693.22,E0150
GR0016148,PO-2024-020686,2024-08-13,2588.72,E0146
GR0016149,PO-2024-020686,2024-08-28,2590.29,E0158
GR0016150,PO-2024-020687,2024-11-02,10365.23,E0160
GR0016151,PO-2024-020688,2024-11-12,8106.08,E0161
GR0016152,PO-2025-020689,2025-01-25,6409.31,E0158
GR0016153,PO-2024-020690,2024-12-25,5996.02,E0143
GR0016154,PO-2024-020691,2024-10-13,7390.47,E0147
GR0016155,PO-2024-020692,2024-12-15,3241.81,E0145
GR0016156,PO-2025-020693,2025-03-26,2632.96,E0161
GR0016157,PO-2024-020694,2024-02-09,33802.22,E0158
GR0016158,PO-2025-020695,2025-05-16,18312.13,E0158
GR0016159,PO-2025-020696,2025-01-23,18449.74,E0152
GR0016160,PO-2024-020697,2024-04-08,5203.67,E0156
GR0016161,PO-2024-020697,2024-04-20,5805.27,E0146
GR0016162,PO-2025-020698,2025-02-07,62697.06,E0148
GR0016163,PO-2024-020699,2024-09-30,3392.0,E0158
GR0016164,PO-2024-020700,2024-03-11,3632.21,E0147
GR0016165,PO-2024-020701,2024-07-27,1348.62,E0153
GR0016166,PO-2025-020702,2025-03-04,3168.16,E0160
GR0016167,PO-2025-020703,2025-03-07,2221.4,E0149
GR0016168,PO-2024-020704,2024-03-17,3549.74,E0159
GR0016169,PO-2024-020704,2024-03-29,2285.35,E0158
GR0016170,PO-2024-020705,2024-06-05,3275.72,E0153
GR0016171,PO-2024-020706,2024-06-12,16551.2,E0155
GR0016172,PO-2024-020707,2024-06-17,1712.27,E0154
GR0016173,PO-2024-020708,2024-11-23,8861.46,E0157
GR0016174,PO-2024-020708,2024-12-03,10526.35,E0158
GR0016175,PO-2025-020709,2025-06-14,1618.38,E0156
GR0016176,PO-2024-020710,2024-12-23,4602.14,E0145
GR0016177,PO-2025-020711,2025-03-31,5456.62,E0146
GR0016178,PO-2024-020712,2024-11-13,12783.12,E0149
GR0016179,PO-2024-020713,2024-07-23,1727.92,E0150
GR0016180,PO-2024-020713,2024-08-02,1589.78,E0162
GR0016181,PO-2025-020714,2025-06-28,9427.03,E0158
GR0016182,PO-2024-020715,2025-01-14,2408.18,E0152
GR0016183,PO-2024-020716,2024-02-01,4523.16,E0155
GR0016184,PO-2024-020716,2024-02-10,2432.64,E0154
GR0016185,PO-2025-020717,2025-02-04,35663.37,E0157
GR0016186,PO-2024-020718,2024-09-09,2943.34,E0149
GR0016187,PO-2024-020719,2024-12-24,10269.67,E0151
GR0016188,PO-2025-020720,2025-05-28,15460.56,E0145
GR0016189,PO-2025-020721,2025-05-04,849.33,E0151
GR0016190,PO-2024-020722,2024-10-12,2337.12,E0143
GR0016191,PO-2024-020723,2024-10-02,9870.28,E0163
GR0016192,PO-2024-020724,2024-10-11,12808.77,E0141
GR0016193,PO-2024-020725,2024-11-03,6362.7,E0155
GR0016194,PO-2024-020726,2024-12-20,5658.7,E0152
GR0016195,PO-2024-020727,2024-05-02,2059.12,E0151
GR0016196,PO-2024-020728,2024-02-12,10171.24,E0158
GR0016197,PO-2024-020728,2024-02-20,4311.17,E0149
GR0016198,PO-2025-020729,2025-03-20,4909.3,E0146
GR0016199,PO-2024-020730,2024-11-10,3149.37,E0147
GR0016200,PO-2024-020731,2024-11-25,1368.47,E0141
GR0016201,PO-2024-020732,2024-01-16,581.0,E0159
GR0016202,PO-2024-020732,2024-02-02,392.03,E0150
GR0016203,PO-2024-020733,2024-01-30,11544.9,E0143
GR0016204,PO-2025-020734,2025-03-16,10581.39,E0144
GR0016205,PO-2024-020735,2024-12-31,2066.63,E0151
GR0016206,PO-2024-020736,2024-04-16,18572.95,E0158
GR0016207,PO-2025-020737,2025-05-18,1359.93,E0162
GR0016208,PO-2024-020738,2025-01-05,3059.25,E0144
GR0016209,PO-2025-020739,2025-07-20,2289.01,E0161
GR0016210,PO-2025-020740,2025-04-28,1506.2,E0159
GR0016211,PO-2024-020741,2024-10-02,5391.22,E0160
GR0016212,PO-2024-020742,2024-05-29,7348.17,E0162
GR0016213,PO-2024-020743,2024-11-17,4811.11,E0142
GR0016214,PO-2025-020744,2025-04-27,5009.56,E0154
GR0016215,PO-2024-020745,2024-07-08,12136.14,E0140
GR0016216,PO-2025-020746,2025-05-06,1016.91,E0140
GR0016217,PO-2024-020747,2024-05-31,1764.14,E0159
GR0016218,PO-2024-020748,2024-10-08,524.62,E0163
GR0016219,PO-2025-020749,2025-04-12,11819.51,E0145
GR0016220,PO-2024-020750,2024-02-19,1360.81,E0145
GR0016221,PO-2024-020751,2024-07-08,9826.55,E0150
GR0016222,PO-2024-020752,2024-08-16,450.23,E0149
GR0016223,PO-2024-020752,2024-08-24,314.11,E0141
GR0016224,PO-2024-020753,2024-11-02,3729.96,E0154
GR0016225,PO-2025-020754,2025-01-31,1842.46,E0143
GR0016226,PO-2024-020755,2024-04-02,8793.43,E0160
GR0016227,PO-2024-020756,2024-07-08,959.96,E0163
GR0016228,PO-2024-020757,2024-08-11,4348.62,E0157
GR0016229,PO-2025-020758,2025-04-28,4041.26,E0149
GR0016230,PO-2025-020759,2025-03-02,22803.36,E0159
GR0016231,PO-2025-020760,2025-05-29,1107.4,E0149
GR0016232,PO-2025-020761,2025-07-10,6506.56,E0154
GR0016233,PO-2025-020761,2025-07-20,6073.94,E0155
GR0016234,PO-2024-020762,2024-03-05,12377.0,E0143
GR0016235,PO-2024-020763,2024-07-03,22271.19,E0147
GR0016236,PO-2025-020764,2025-04-29,2712.66,E0142
GR0016237,PO-2025-020764,2025-05-15,2287.19,E0158
GR0016238,PO-2024-020765,2024-11-18,7794.89,E0141
GR0016239,PO-2024-020765,2024-11-26,11230.16,E0160
GR0016240,PO-2025-020766,2025-01-28,1156.32,E0151
GR0016241,PO-2024-020767,2024-11-13,233.25,E0157
GR0016242,PO-2024-020768,2024-01-18,1780.14,E0152
GR0016243,PO-2025-020769,2025-03-30,8091.21,E0152
GR0016244,PO-2024-020770,2024-02-22,14097.65,E0152
GR0016245,PO-2024-020771,2024-03-24,2963.76,E0143
GR0016246,PO-2024-020771,2024-04-11,1638.91,E0160
GR0016247,PO-2024-020772,2024-11-19,194.66,E0146
GR0016248,PO-2024-020772,2024-11-29,83.39,E0140
GR0016249,PO-2024-020773,2024-04-05,3109.81,E0156
GR0016250,PO-2024-020774,2024-12-10,6135.37,E0158
GR0016251,PO-2024-020775,2024-11-18,3245.45,E0143
GR0016252,PO-2024-020776,2025-01-04,1268.66,E0149
GR0016253,PO-2024-020777,2024-11-25,2322.94,E0156
GR0016254,PO-2024-020778,2025-01-11,601.59,E0140
GR0016255,PO-2025-020779,2025-06-25,1513.81,E0146
GR0016256,PO-2025-020780,2025-04-14,6500.17,E0155
GR0016257,PO-2025-020781,2025-05-23,170.88,E0140
GR0016258,PO-2025-020782,2025-05-19,256.35,E0145
GR0016259,PO-2025-020783,2025-04-19,668.68,E0151
GR0016260,PO-2025-020784,2025-03-12,1096.96,E0161
GR0016261,PO-2024-020785,2024-05-24,1056.89,E0158
GR0016262,PO-2025-020786,2025-04-23,594.25,E0156
GR0016263,PO-2024-020787,2024-07-03,3449.69,E0149
GR0016264,PO-2024-020788,2024-08-31,7444.57,E0144
GR0016265,PO-2024-020789,2024-04-21,401.81,E0144
GR0016266,PO-2025-020790,2025-04-25,4499.39,E0140
GR0016267,PO-2024-020791,2024-05-16,6953.09,E0152
GR0016268,PO-2025-020792,2025-03-05,1433.54,E0142
GR0016269,PO-2024-020793,2024-09-19,461.87,E0140
GR0016270,PO-2025-020794,2025-04-28,5624.15,E0141
GR0016271,PO-2024-020795,2024-10-05,4121.93,E0157
GR0016272,PO-2025-020796,2025-05-21,854.97,E0160
GR0016273,PO-2025-020797,2025-04-08,2241.15,E0143
GR0016274,PO-2025-020798,2025-02-09,5620.73,E0151
GR0016275,PO-2025-020799,2025-07-14,1061.86,E0151
GR0016276,PO-2025-020800,2025-07-10,387.12,E0148
GR0016277,PO-2025-020801,2025-02-28,13257.59,E0154
GR0016278,PO-2025-020802,2025-03-03,2461.51,E0144
GR0016279,PO-2024-020803,2024-10-09,4613.6,E0141
GR0016280,PO-2024-020804,2024-06-16,7969.77,E0162
GR0016281,PO-2025-020805,2025-03-26,1508.56,E0146
GR0016282,PO-2024-020806,2024-11-08,4116.11,E0149
GR0016283,PO-2024-020807,2024-04-05,926.62,E0141
GR0016284,PO-2024-020808,2025-01-07,842.27,E0161
GR0016285,PO-2025-020809,2025-05-09,825.3,E0152
GR0016286,PO-2024-020810,2024-08-24,5153.24,E0151
GR0016287,PO-2024-020811,2024-09-04,61520.64,E0160
GR0016288,PO-2025-020812,2025-07-09,577.57,E0155
GR0016289,PO-2024-020813,2025-01-10,9426.24,E0159
GR0016290,PO-2025-020814,2025-05-19,825.85,E0144
GR0016291,PO-2025-020815,2025-06-28,1586.91,E0151
GR0016292,PO-2024-020816,2024-05-30,441.96,E0140
GR0016293,PO-2024-020816,2024-06-02,307.64,E0148
GR0016294,PO-2024-020817,2024-10-18,8052.06,E0149
GR0016295,PO-2024-020818,2024-07-04,510.62,E0147
GR0016296,PO-2025-020819,2025-06-07,1293.63,E0154
GR0016297,PO-2025-020819,2025-06-12,778.21,E0160
GR0016298,PO-2025-020820,2025-02-11,21523.43,E0157
GR0016299,PO-2024-020821,2025-01-04,2781.96,E0142
GR0016300,PO-2024-020822,2024-06-16,1315.76,E0161
GR0016301,PO-2025-020823,2025-04-11,5191.63,E0157
GR0016302,PO-2024-020824,2024-07-02,13320.71,E0163
GR0016303,PO-2024-020825,2024-08-26,15909.07,E0153
GR0016304,PO-2025-020826,2025-06-03,3959.99,E0152
GR0016305,PO-2024-020827,2024-05-26,2447.84,E0151
GR0016306,PO-2024-020828,2024-06-09,1179.06,E0151
GR0016307,PO-2024-020829,2024-11-28,2077.27,E0148
GR0016308,PO-2024-020830,2024-09-18,2555.36,E0159
GR0016309,PO-2024-020831,2024-11-10,3856.73,E0157
GR0016310,PO-2025-020832,2025-02-19,790.47,E0149
GR0016311,PO-2024-020833,2024-05-10,5998.02,E0143
GR0016312,PO-2024-020834,2024-11-01,3509.8,E0146
GR0016313,PO-2024-020835,2024-02-26,1037.59,E0140
GR0016314,PO-2024-020835,2024-03-12,678.91,E0161
GR0016315,PO-2024-020836,2024-11-16,7639.3,E0146
GR0016316,PO-2024-020837,2024-05-29,2209.55,E0141
GR0016317,PO-2024-020838,2024-11-29,1663.77,E0150
GR0016318,PO-2025-020839,2025-04-10,1080.11,E0157
GR0016319,PO-2024-020840,2024-10-27,5866.85,E0163
GR0016320,PO-2025-020841,2025-01-20,1469.14,E0156
GR0016321,PO-2025-020973,2025-04-08,3412.62,E0150
GR0016322,PO-2025-020974,2025-03-28,29983.42,E0156
GR0016323,PO-2024-020975,2024-10-26,1008.85,E0152
GR0016324,PO-2024-020976,2024-10-13,5805.18,E0158
GR0016325,PO-2024-020977,2024-02-19,5021.71,E0154
GR0016326,PO-2024-020978,2024-08-26,1421.23,E0154
GR0016327,PO-2024-020979,2024-08-04,24421.88,E0146
GR0016328,PO-2024-020980,2024-02-11,5915.15,E0150
GR0016329,PO-2025-020981,2025-03-11,4095.4,E0148
GR0016330,PO-2024-020982,2024-03-25,4709.7,E0155
GR0016331,PO-2024-020983,2024-06-29,6993.95,E0148
GR0016332,PO-2024-020984,2024-07-09,3575.61,E0161
GR0016333,PO-2024-020985,2024-12-31,4966.74,E0160
GR0016334,PO-2024-020986,2024-08-03,2128.41,E0142
GR0016335,PO-2024-020987,2024-05-08,583.62,E0140
GR0016336,PO-2024-020988,2024-04-01,6804.05,E0141
GR0016337,PO-2024-020988,2024-04-18,3787.41,E0144
GR0016338,PO-2024-020989,2024-02-04,719.42,E0148
GR0016339,PO-2024-020990,2024-09-25,3058.08,E0148
GR0016340,PO-2024-020991,2024-03-15,1401.52,E0150
GR0016341,PO-2024-020992,2024-06-15,2034.23,E0157
GR0016342,PO-2024-020993,2024-04-01,3664.08,E0140
GR0016343,PO-2024-020994,2024-10-31,19000.75,E0151
GR0016344,PO-2025-020995,2025-05-27,918.21,E0146
GR0016345,PO-2025-020996,2025-04-28,7787.34,E0149
GR0016346,PO-2024-020997,2024-05-21,44323.66,E0146
GR0016347,PO-2024-020998,2024-03-16,4307.03,E0157
GR0016348,PO-2024-020998,2024-04-05,2866.23,E0162
GR0016349,PO-2024-020999,2024-07-02,3857.36,E0141
GR0016350,PO-2024-021000,2024-12-14,14880.52,E0147
GR0016351,PO-2024-021000,2025-01-01,8004.93,E0157
GR0016352,PO-2024-021001,2024-06-14,991.12,E0156
GR0016353,PO-2024-021002,2024-01-25,3779.57,E0144
GR0016354,PO-2024-021003,2024-09-28,2672.73,E0148
GR0016355,PO-2024-021004,2024-10-03,4408.25,E0143
GR0016356,PO-2024-021004,2024-10-13,2984.42,E0157
GR0016357,PO-2024-021005,2024-05-27,2144.64,E0161
GR0016358,PO-2024-021006,2024-06-10,1540.57,E0149
GR0016359,PO-2024-021007,2024-04-29,2631.3,E0143
GR0016360,PO-2024-021007,2024-05-20,3245.79,E0151
GR0016361,PO-2024-021008,2024-10-04,35394.08,E0157
GR0016362,PO-2025-021009,2025-05-28,2454.01,E0153
GR0016363,PO-2024-021010,2024-09-16,7846.98,E0150
GR0016364,PO-2024-021011,2024-10-01,10261.59,E0158
GR0016365,PO-2025-021012,2025-05-11,15495.26,E0152
GR0016366,PO-2025-021013,2025-01-20,13184.2,E0153
GR0016367,PO-2024-021014,2024-06-23,994.47,E0151
GR0016368,PO-2024-021015,2024-05-20,1396.69,E0149
GR0016369,PO-2024-021016,2024-08-22,11278.26,E0147
GR0016370,PO-2024-021017,2024-09-21,149.06,E0147
GR0016371,PO-2024-021017,2024-10-10,220.75,E0144
GR0016372,PO-2024-021018,2024-01-21,1602.31,E0161
GR0016373,PO-2024-021019,2024-10-15,4961.85,E0163
GR0016374,PO-2024-021019,2024-10-26,3594.78,E0152
GR0016375,PO-2025-021020,2025-03-10,21243.05,E0140
GR0016376,PO-2024-021021,2024-11-30,8002.48,E0143
GR0016377,PO-2024-021022,2024-07-19,11940.0,E0143
GR0016378,PO-2024-021022,2024-07-26,6384.12,E0158
GR0016379,PO-2024-021023,2024-08-03,7374.77,E0157
GR0016380,PO-2025-021024,2025-06-16,27098.79,E0149
GR0016381,PO-2024-021025,2024-10-17,7876.71,E0163
GR0016382,PO-2024-021026,2024-11-06,881.88,E0141
GR0016383,PO-2025-021027,2025-04-29,14864.18,E0151
GR0016384,PO-2024-021028,2024-10-17,3568.51,E0144
GR0016385,PO-2025-021029,2025-05-19,1462.99,E0143
GR0016386,PO-2024-021030,2024-02-07,375.23,E0148
GR0016387,PO-2025-021031,2025-02-02,5268.95,E0149
GR0016388,PO-2024-021032,2024-01-21,822.11,E0140
GR0016389,PO-2024-021032,2024-01-28,990.48,E0156
GR0016390,PO-2024-021033,2024-10-26,1262.92,E0156
GR0016391,PO-2024-021034,2024-06-30,7977.16,E0157
GR0016392,PO-2024-021035,2024-11-29,1628.16,E0155
GR0016393,PO-2024-021036,2024-07-10,1748.37,E0158
GR0016394,PO-2024-021036,2024-07-14,2248.45,E0152
GR0016395,PO-2024-021037,2024-05-02,2016.64,E0157
GR0016396,PO-2024-021038,2024-07-27,9787.2,E0153
GR0016397,PO-2024-021039,2024-07-24,8867.39,E0141
GR0016398,PO-2025-021040,2025-04-26,4615.37,E0161
GR0016399,PO-2025-021041,2025-02-11,4201.01,E0143
GR0016400,PO-2025-021041,2025-02-24,2579.45,E0144
GR0016401,PO-2025-021042,2025-02-16,1607.81,E0160
GR0016402,PO-2025-021042,2025-03-05,1256.14,E0140
GR0016403,PO-2025-021043,2025-03-21,1094.86,E0163
GR0016404,PO-2025-021044,2025-05-17,1968.26,E0150
GR0016405,PO-2025-021045,2025-04-10,2045.36,E0152
GR0016406,PO-2024-021046,2024-05-24,913.87,E0141
GR0016407,PO-2024-021047,2024-08-14,3737.96,E0155
GR0016408,PO-2025-021048,2025-06-03,1760.3,E0161
GR0016409,PO-2025-021048,2025-06-20,962.57,E0151
GR0016410,PO-2024-021049,2024-01-21,6315.67,E0144
GR0016411,PO-2025-021050,2025-03-27,1399.22,E0140
GR0016412,PO-2024-021051,2024-03-11,5679.59,E0159
GR0016413,PO-2024-021052,2024-11-10,4051.85,E0159
GR0016414,PO-2024-021053,2024-01-10,5576.28,E0159
GR0016415,PO-2024-021054,2024-06-11,1944.98,E0157
GR0016416,PO-2024-021055,2024-10-09,6108.27,E0159
GR0016417,PO-2024-021056,2024-11-06,5103.2,E0156
GR0016418,PO-2024-021057,2024-09-19,999.45,E0160
GR0016419,PO-2024-021057,2024-09-24,762.94,E0141
GR0016420,PO-2024-021058,2024-08-14,1443.12,E0161
GR0016421,PO-2024-021059,2024-03-29,37985.52,E0154
GR0016422,PO-2024-021060,2024-07-24,5668.41,E0155
GR0016423,PO-2025-021061,2025-05-01,6159.66,E0159
GR0016424,PO-2025-021062,2025-06-25,15801.82,E0158
GR0016425,PO-2024-021063,2024-11-10,340.05,E0156
GR0016426,PO-2024-021064,2024-09-19,875.39,E0156
GR0016427,PO-2024-021064,2024-09-28,778.55,E0161
GR0016428,PO-2025-021065,2025-06-07,4219.56,E0151
GR0016429,PO-2024-021066,2024-02-24,611.97,E0160
GR0016430,PO-2024-021066,2024-03-01,761.26,E0144
GR0016431,PO-2024-021067,2024-09-18,5905.84,E0160
GR0016432,PO-2024-021068,2024-07-08,6198.34,E0157
GR0016433,PO-2025-021069,2025-07-12,2225.24,E0150
GR0016434,PO-2024-021070,2024-09-27,10824.23,E0152
GR0016435,PO-2024-021071,2024-06-05,8326.08,E0161
GR0016436,PO-2024-021072,2024-07-12,4831.1,E0148
GR0016437,PO-2024-021073,2024-01-31,3316.61,E0151
GR0016438,PO-2025-021074,2025-02-04,12238.12,E0160
GR0016439,PO-2024-021075,2024-04-02,1598.03,E0146
GR0016440,PO-2024-021076,2024-03-03,13511.96,E0151
GR0016441,PO-2025-021077,2025-03-25,1893.65,E0157
GR0016442,PO-2025-021078,2025-05-05,7998.82,E0151
GR0016443,PO-2024-021079,2024-08-13,4454.55,E0148
GR0016444,PO-2024-021080,2024-11-06,15505.0,E0159
GR0016445,PO-2024-021080,2024-11-10,14855.28,E0143
GR0016446,PO-2024-021081,2024-11-18,12349.41,E0158
GR0016447,PO-2024-021082,2024-06-23,2556.26,E0152
GR0016448,PO-2024-021083,2024-06-05,18383.28,E0154
GR0016449,PO-2024-021084,2024-04-24,2654.96,E0145
GR0016450,PO-2024-021085,2024-12-25,6684.54,E0163
GR0016451,PO-2025-021086,2025-06-19,9921.32,E0147
GR0016452,PO-2024-021087,2024-06-03,2257.35,E0161
GR0016453,PO-2024-021088,2024-12-04,6429.65,E0141
GR0016454,PO-2025-021089,2025-06-01,3177.78,E0162
GR0016455,PO-2025-021090,2025-01-22,9472.54,E0141
GR0016456,PO-2024-021091,2024-10-02,3098.9,E0155
GR0016457,PO-2024-021092,2024-01-10,2310.83,E0144
GR0016458,PO-2024-021092,2024-01-20,1837.67,E0146
GR0016459,PO-2025-021093,2025-01-28,26608.25,E0143
GR0016460,PO-2024-021094,2024-03-02,2396.31,E0144
GR0016461,PO-2024-021094,2024-03-19,1107.42,E0140
GR0016462,PO-2025-021095,2025-05-23,6054.39,E0161
GR0016463,PO-2025-021096,2025-03-15,2609.44,E0150
GR0016464,PO-2024-021097,2024-04-08,1193.65,E0162
GR0016465,PO-2024-021098,2024-05-12,9793.47,E0160
GR0016466,PO-2024-021099,2024-11-19,12239.54,E0162
GR0016467,PO-2025-021100,2025-07-16,11434.88,E0148
GR0016468,PO-2025-021101,2025-02-03,1926.72,E0149
GR0016469,PO-2025-021102,2025-05-19,17103.05,E0143
GR0016470,PO-2025-021103,2025-07-07,11191.41,E0161
GR0016471,PO-2024-021104,2024-11-09,12554.97,E0147
GR0016472,PO-2024-021105,2024-07-26,12880.55,E0157
GR0016473,PO-2025-021106,2025-03-20,5930.78,E0148
GR0016474,PO-2024-021107,2024-02-15,9887.22,E0158
GR0016475,PO-2024-021108,2024-04-27,2668.03,E0145
GR0016476,PO-2025-021109,2025-03-17,34944.73,E0140
GR0016477,PO-2024-021110,2024-07-07,732.59,E0149
GR0016478,PO-2024-021111,2024-08-05,35792.25,E0153
GR0016479,PO-2024-021112,2024-04-09,339.24,E0143
GR0016480,PO-2024-021113,2024-09-21,2236.35,E0146
GR0016481,PO-2024-021113,2024-10-10,1587.05,E0156
GR0016482,PO-2025-021114,2025-02-08,4297.47,E0146
GR0016483,PO-2025-021114,2025-02-17,5396.93,E0161
GR0016484,PO-2024-021115,2024-06-15,23937.56,E0162
GR0016485,PO-2024-021116,2024-09-12,24531.33,E0161
GR0016486,PO-2024-021117,2024-06-04,24767.56,E0148
GR0016487,PO-2024-021118,2024-03-16,5532.41,E0151
GR0016488,PO-2025-021119,2025-06-06,10344.72,E0144
GR0016489,PO-2025-021119,2025-06-13,7450.69,E0162
GR0016490,PO-2025-021120,2025-07-14,11713.53,E0161
GR0016491,PO-2025-021121,2025-01-30,15192.33,E0157
GR0016492,PO-2025-021122,2025-04-19,3986.01,E0145
GR0016493,PO-2024-021123,2024-05-09,9904.29,E0146
GR0016494,PO-2025-021124,2025-03-16,24532.16,E0161
GR0016495,PO-2024-021125,2024-12-30,15639.86,E0158
GR0016496,PO-2025-021126,2025-03-01,4307.49,E0155
GR0016497,PO-2024-021127,2024-11-25,6957.19,E0146
GR0016498,PO-2024-021128,2024-04-11,11957.61,E0149
GR0016499,PO-2025-021129,2025-06-29,3740.46,E0144
GR0016500,PO-2024-021130,2024-07-27,9678.74,E0140
GR0016501,PO-2025-021131,2025-03-19,8303.25,E0142
GR0016502,PO-2025-021132,2025-06-02,7092.25,E0146
GR0016503,PO-2024-021133,2024-12-09,9171.78,E0154
GR0016504,PO-2025-021134,2025-04-06,17712.63,E0159
GR0016505,PO-2025-021135,2025-07-08,35988.46,E0142
GR0016506,PO-2024-021136,2024-12-14,1671.51,E0142
GR0016507,PO-2025-021137,2025-02-26,11441.39,E0152
GR0016508,PO-2024-021138,2024-06-18,3047.5,E0153
GR0016509,PO-2024-021139,2024-09-04,358.38,E0141
GR0016510,PO-2024-021140,2024-08-23,2847.45,E0159
GR0016511,PO-2024-021141,2024-01-30,12943.11,E0160
GR0016512,PO-2025-021142,2025-01-11,4691.78,E0145
GR0016513,PO-2024-021143,2024-01-24,6914.16,E0149
GR0016514,PO-2024-021144,2024-10-19,6254.76,E0157
GR0016515,PO-2024-021145,2024-12-31,62254.65,E0144
GR0016516,PO-2024-021146,2024-04-29,6006.91,E0155
GR0016517,PO-2024-021147,2024-09-15,4276.89,E0154
GR0016518,PO-2025-021148,2025-05-27,8706.51,E0149
GR0016519,PO-2024-021149,2024-12-24,78583.07,E0159
GR0016520,PO-2025-021150,2025-07-11,2620.87,E0148
GR0016521,PO-2024-021151,2024-08-17,7704.48,E0150
GR0016522,PO-2024-021152,2024-08-15,12678.77,E0140
GR0016523,PO-2024-021153,2024-04-26,17333.02,E0150
GR0016524,PO-2025-021154,2025-01-13,5709.7,E0155
GR0016525,PO-2024-021155,2024-02-24,1370.16,E0141
GR0016526,PO-2025-021156,2025-03-19,8479.41,E0151
GR0016527,PO-2025-021157,2025-05-04,10900.43,E0145
GR0016528,PO-2025-021158,2025-06-09,4994.7,E0155
GR0016529,PO-2024-021159,2024-01-11,9403.38,E0154
GR0016530,PO-2025-021160,2025-06-21,1325.31,E0152
GR0016531,PO-2024-021161,2024-09-12,7665.85,E0150
GR0016532,PO-2025-021162,2025-04-19,615.83,E0160
GR0016533,PO-2025-021163,2025-05-29,3875.26,E0147
GR0016534,PO-2025-021164,2025-03-29,2185.72,E0145
GR0016535,PO-2025-021164,2025-04-05,1163.24,E0144
GR0016536,PO-2024-021165,2025-01-05,8998.21,E0146
GR0016537,PO-2024-021166,2024-09-20,8486.51,E0162
GR0016538,PO-2025-021167,2025-07-04,23005.28,E0160
GR0016539,PO-2024-021168,2024-09-12,9430.27,E0156
GR0016540,PO-2024-021169,2024-09-07,6281.38,E0154
GR0016541,PO-2024-021170,2025-01-02,8137.42,E0162
GR0016542,PO-2024-021171,2024-05-28,6007.98,E0142
GR0016543,PO-2024-021172,2024-07-09,13616.21,E0151
GR0016544,PO-2025-021173,2025-02-24,12313.26,E0141
GR0016545,PO-2024-021174,2024-05-26,9986.52,E0143
GR0016546,PO-2024-021175,2024-06-16,39997.59,E0145
GR0016547,PO-2025-021176,2025-05-17,674.28,E0150
GR0016548,PO-2025-021177,2025-07-21,12329.2,E0161
GR0016549,PO-2025-021178,2025-03-05,2214.75,E0156
GR0016550,PO-2024-021179,2024-04-21,1956.75,E0150
GR0016551,PO-2024-021180,2024-12-21,4794.16,E0143
GR0016552,PO-2024-021181,2024-06-11,939.21,E0148
GR0016553,PO-2025-021182,2025-04-30,10200.01,E0141
GR0016554,PO-2024-021183,2024-04-24,1038.7,E0159
GR0016555,PO-2024-021183,2024-04-26,736.76,E0155
GR0016556,PO-2025-021184,2025-02-28,469.09,E0146
GR0016557,PO-2025-021184,2025-03-17,466.46,E0157
GR0016558,PO-2025-021185,2025-06-27,12667.05,E0159
GR0016559,PO-2025-021186,2025-05-16,10142.35,E0158
GR0016560,PO-2024-021187,2024-11-17,8278.17,E0142
GR0016561,PO-2024-021188,2024-12-29,1814.43,E0149
GR0016562,PO-2025-021189,2025-04-15,7449.02,E0140
GR0016563,PO-2025-021190,2025-03-18,2619.59,E0162
GR0016564,PO-2024-021191,2024-05-03,9403.5,E0150
GR0016565,PO-2024-021192,2024-07-05,2982.07,E0156
GR0016566,PO-2025-021285,2025-05-05,2268.47,E0140
GR0016567,PO-2025-021286,2025-02-27,38759.49,E0156
GR0016568,PO-2024-021287,2024-07-14,2041.79,E0154
GR0016569,PO-2024-021287,2024-07-21,2257.1,E0162
GR0016570,PO-2025-021288,2025-02-06,17112.73,E0156
GR0016571,PO-2025-021289,2025-05-07,549.61,E0155
GR0016572,PO-2025-021290,2025-01-19,7271.26,E0143
GR0016573,PO-2024-021291,2025-01-12,15688.33,E0149
GR0016574,PO-2025-021292,2025-05-24,2391.11,E0146
GR0016575,PO-2024-021293,2024-03-07,9631.82,E0151
GR0016576,PO-2024-021294,2024-05-24,3896.42,E0148
GR0016577,PO-2024-021295,2024-01-23,1305.09,E0163
GR0016578,PO-2024-021295,2024-02-08,815.5,E0144
GR0016579,PO-2024-021296,2024-12-03,10659.47,E0155
GR0016580,PO-2024-021296,2024-12-11,13360.78,E0140
GR0016581,PO-2024-021297,2024-07-04,2161.88,E0163
GR0016582,PO-2024-021298,2024-09-03,3064.84,E0154
GR0016583,PO-2025-021299,2025-01-25,3474.62,E0153
GR0016584,PO-2025-021300,2025-05-28,2415.47,E0146
GR0016585,PO-2024-021301,2024-03-09,1576.84,E0142
GR0016586,PO-2025-021302,2025-04-01,1181.5,E0151
GR0016587,PO-2024-021303,2024-09-27,27358.88,E0162
GR0016588,PO-2025-021304,2025-04-14,1004.43,E0152
GR0016589,PO-2025-021305,2025-03-18,2097.87,E0154
GR0016590,PO-2025-021305,2025-03-30,2558.87,E0162
GR0016591,PO-2025-021306,2025-05-13,3757.14,E0145
GR0016592,PO-2024-021307,2024-01-14,343.47,E0154
GR0016593,PO-2024-021308,2024-07-07,1672.96,E0154
GR0016594,PO-2024-021309,2024-10-28,2745.87,E0155
GR0016595,PO-2025-021310,2025-04-05,4604.16,E0152
GR0016596,PO-2024-021311,2024-04-27,1130.91,E0142
GR0016597,PO-2025-021312,2025-02-22,2889.8,E0148
GR0016598,PO-2024-021313,2025-01-05,5058.31,E0143
GR0016599,PO-2024-021314,2024-08-05,430.3,E0151
GR0016600,PO-2025-021476,2025-07-10,5218.41,E0151
GR0016601,PO-2025-021476,2025-07-15,3330.58,E0150
GR0016602,PO-2025-021477,2025-03-23,3631.76,E0159
GR0016603,PO-2024-021478,2024-11-20,1373.66,E0145
GR0016604,PO-2024-021479,2024-04-08,12333.02,E0144
GR0016605,PO-2025-021480,2025-04-14,3359.03,E0147
GR0016606,PO-2025-021480,2025-04-26,3410.4,E0158
GR0016607,PO-2024-021481,2024-03-09,1601.5,E0142
GR0016608,PO-2025-021482,2025-05-19,615.48,E0144
GR0016609,PO-2024-021483,2024-10-02,644.45,E0144
GR0016610,PO-2024-021484,2024-02-27,6006.64,E0145
GR0016611,PO-2024-021485,2024-09-25,671.74,E0146
GR0016612,PO-2025-021486,2025-06-15,742.56,E0161
GR0016613,PO-2024-021487,2024-04-16,3220.37,E0142
GR0016614,PO-2024-021488,2024-03-24,1944.08,E0147
GR0016615,PO-2024-021488,2024-04-03,1674.67,E0145
GR0016616,PO-2024-021489,2024-09-13,3084.03,E0158
GR0016617,PO-2025-021490,2025-02-16,1276.04,E0156
GR0016618,PO-2024-021491,2024-05-03,2553.39,E0147
GR0016619,PO-2024-021492,2024-05-31,4963.38,E0151
GR0016620,PO-2024-021493,2024-09-02,5259.53,E0151
GR0016621,PO-2024-021494,2024-02-06,7697.29,E0155
GR0016622,PO-2025-021495,2025-05-15,18142.41,E0152
GR0016623,PO-2024-021496,2024-09-25,3427.0,E0140
GR0016624,PO-2024-021497,2024-01-16,7570.89,E0156
GR0016625,PO-2025-021498,2025-04-09,8712.28,E0142
GR0016626,PO-2024-021499,2024-11-17,2398.07,E0141
GR0016627,PO-2024-021499,2024-12-01,1858.59,E0145
GR0016628,PO-2024-021500,2024-11-05,14004.3,E0159
GR0016629,PO-2024-021501,2024-04-21,5110.45,E0144
GR0016630,PO-2025-021502,2025-07-06,2582.16,E0157
GR0016631,PO-2025-021503,2025-05-24,3774.97,E0154
GR0016632,PO-2024-021504,2024-12-26,2872.87,E0161
GR0016633,PO-2025-021505,2025-02-07,288.14,E0163
GR0016634,PO-2024-021506,2024-06-23,1210.45,E0155
GR0016635,PO-2025-021507,2025-06-17,452.44,E0153
GR0016636,PO-2024-021508,2024-02-06,464.39,E0161
GR0016637,PO-2025-021509,2025-01-07,13709.31,E0145
GR0016638,PO-2025-021510,2025-07-05,3218.81,E0153
GR0016639,PO-2025-021511,2025-02-08,315.68,E0145
GR0016640,PO-2025-021512,2025-02-27,3872.17,E0143
GR0016641,PO-2025-021513,2025-04-14,1191.07,E0143
GR0016642,PO-2025-021513,2025-04-25,746.29,E0151
GR0016643,PO-2025-021514,2025-03-24,3069.2,E0151
GR0016644,PO-2024-021515,2024-02-27,1361.89,E0146
GR0016645,PO-2025-021516,2025-01-19,7268.36,E0151
GR0016646,PO-2024-021517,2024-03-14,5357.63,E0158
GR0016647,PO-2024-021518,2024-05-18,2816.98,E0155
GR0016648,PO-2024-021519,2024-02-18,567.36,E0147
GR0016649,PO-2024-021519,2024-03-02,687.96,E0142
GR0016650,PO-2024-021520,2024-05-21,1805.54,E0148
GR0016651,PO-2024-021521,2024-11-12,3422.13,E0154
GR0016652,PO-2024-021522,2024-03-21,1194.75,E0143
GR0016653,PO-2024-021523,2024-10-11,1619.44,E0163
GR0016654,PO-2024-021524,2024-07-18,836.37,E0147
GR0016655,PO-2024-021525,2024-06-02,1976.13,E0143
GR0016656,PO-2025-021526,2025-06-11,2407.78,E0147
GR0016657,PO-2024-021527,2024-09-11,1276.44,E0143
GR0016658,PO-2024-021528,2024-10-26,3228.25,E0147
GR0016659,PO-2024-021529,2024-08-04,2865.57,E0144
GR0016660,PO-2024-021530,2024-10-10,4934.56,E0148
GR0016661,PO-2025-021531,2025-01-17,981.23,E0162
GR0016662,PO-2024-021532,2024-09-23,5481.11,E0142
GR0016663,PO-2025-021533,2025-03-17,9902.86,E0151
GR0016664,PO-2024-021534,2024-08-23,7317.75,E0143
GR0016665,PO-2025-021535,2025-01-09,2341.71,E0142
GR0016666,PO-2024-021536,2024-06-27,1100.88,E0142
GR0016667,PO-2025-021537,2025-04-04,4405.67,E0146
GR0016668,PO-2025-021538,2025-01-08,3777.73,E0161
GR0016669,PO-2024-021539,2024-12-20,930.01,E0158
GR0016670,PO-2024-021539,2025-01-05,1276.23,E0141
GR0016671,PO-2024-021540,2024-11-21,3086.48,E0157
GR0016672,PO-2024-021541,2024-08-08,18237.48,E0159
GR0016673,PO-2025-021542,2025-05-02,7675.72,E0141
GR0016674,PO-2024-021543,2024-05-13,15552.82,E0161
GR0016675,PO-2024-021544,2024-04-17,6149.4,E0157
GR0016676,PO-2025-021545,2025-02-25,2168.1,E0144
GR0016677,PO-2025-021545,2025-03-03,2127.62,E0161
GR0016678,PO-2024-021546,2024-10-11,811.95,E0148
GR0016679,PO-2024-021547,2024-04-21,22575.19,E0155
GR0016680,PO-2025-021548,2025-04-04,1464.92,E0150
GR0016681,PO-2024-021549,2024-06-23,592.69,E0155
GR0016682,PO-2024-021550,2024-08-23,3727.21,E0142
GR0016683,PO-2024-021551,2024-04-08,8153.07,E0161
GR0016684,PO-2025-021552,2025-03-12,6309.3,E0160
GR0016685,PO-2024-021553,2024-12-22,4394.63,E0149
GR0016686,PO-2025-021554,2025-02-26,3045.8,E0151
GR0016687,PO-2024-021555,2024-03-25,1582.64,E0145
GR0016688,PO-2024-021556,2024-02-01,4173.21,E0150
GR0016689,PO-2024-021557,2024-03-05,3037.34,E0144
GR0016690,PO-2024-021558,2024-06-25,2135.4,E0153
GR0016691,PO-2024-021559,2024-06-05,3142.65,E0162
GR0016692,PO-2024-021560,2024-01-26,20100.66,E0142
GR0016693,PO-2024-021561,2024-02-23,2492.41,E0151
GR0016694,PO-2024-021562,2024-01-15,1005.78,E0148
GR0016695,PO-2025-021563,2025-05-26,694.53,E0142
GR0016696,PO-2025-021563,2025-06-07,890.28,E0145
GR0016697,PO-2024-021564,2024-12-17,2779.18,E0143
GR0016698,PO-2025-021565,2025-04-14,9110.05,E0149
GR0016699,PO-2024-021566,2024-12-24,9260.45,E0160
GR0016700,PO-2024-021567,2024-12-09,354.24,E0144
GR0016701,PO-2024-021568,2024-01-15,1743.47,E0147
GR0016702,PO-2025-021569,2025-04-10,1376.64,E0163
GR0016703,PO-2024-021570,2024-03-01,1677.06,E0159
GR0016704,PO-2024-021571,2024-04-21,2900.68,E0156
GR0016705,PO-2025-021572,2025-01-11,4869.71,E0143
GR0016706,PO-2025-021573,2025-06-07,3626.11,E0140
GR0016707,PO-2024-021574,2024-03-11,1818.9,E0163
GR0016708,PO-2024-021575,2024-04-20,1553.31,E0146
GR0016709,PO-2025-021576,2025-05-03,1389.62,E0151
GR0016710,PO-2025-021577,2025-02-16,1544.42,E0154
GR0016711,PO-2025-021578,2025-05-04,18609.7,E0149
GR0016712,PO-2024-021579,2024-01-23,1616.6,E0161
GR0016713,PO-2024-021580,2024-11-27,1306.06,E0154
GR0016714,PO-2024-021581,2024-11-04,214.53,E0153
GR0016715,PO-2025-021582,2025-02-10,3144.2,E0155
GR0016716,PO-2024-021583,2024-05-29,345.77,E0156
GR0016717,PO-2024-021583,2024-06-08,200.97,E0152
GR0016718,PO-2024-021584,2024-12-15,2417.0,E0152
GR0016719,PO-2024-021585,2024-04-14,3003.14,E0146
GR0016720,PO-2025-021586,2025-05-28,153.23,E0149
GR0016721,PO-2025-021587,2025-01-21,1324.84,E0144
GR0016722,PO-2025-021588,2025-03-08,370.78,E0154
GR0016723,PO-2025-021589,2025-05-17,8928.6,E0162
GR0016724,PO-2024-021590,2024-03-17,223.36,E0158
GR0016725,PO-2024-021591,2024-08-03,1267.01,E0154
GR0016726,PO-2024-021592,2024-06-06,582.27,E0163
GR0016727,PO-2024-021593,2024-07-01,1293.15,E0162
GR0016728,PO-2024-021594,2024-12-14,1410.74,E0144
GR0016729,PO-2025-021595,2025-01-22,1445.86,E0141
GR0016730,PO-2025-021595,2025-01-30,2142.98,E0141
GR0016731,PO-2025-021596,2025-02-27,387.52,E0141
GR0016732,PO-2024-021597,2024-12-03,2705.74,E0148
GR0016733,PO-2024-021598,2024-07-05,70.63,E0143
GR0016734,PO-2024-021598,2024-07-20,48.03,E0149
GR0016735,PO-2025-021599,2025-05-23,721.95,E0153
GR0016736,PO-2024-021600,2024-01-11,354.63,E0149
GR0016737,PO-2025-021601,2025-06-19,493.15,E0154
GR0016738,PO-2024-021602,2024-04-07,743.94,E0147
GR0016739,PO-2024-021603,2024-07-27,4798.96,E0160
GR0016740,PO-2025-021604,2025-02-05,2745.87,E0143
GR0016741,PO-2025-021604,2025-02-14,1921.83,E0154
GR0016742,PO-2025-021605,2025-07-08,1537.46,E0144
GR0016743,PO-2024-021606,2024-07-02,202.95,E0141
GR0016744,PO-2024-021606,2024-07-15,113.16,E0144
GR0016745,PO-2024-021607,2024-04-15,684.38,E0152
GR0016746,PO-2024-021608,2024-04-28,6000.21,E0147
GR0016747,PO-2025-021609,2025-05-30,478.71,E0144
GR0016748,PO-2024-021610,2024-07-16,3346.82,E0153
GR0016749,PO-2025-021611,2025-06-29,6463.35,E0158
GR0016750,PO-2024-021612,2024-04-13,6567.8,E0151
GR0016751,PO-2024-021613,2024-05-30,2255.16,E0152
GR0016752,PO-2025-021614,2025-05-22,806.02,E0156
GR0016753,PO-2024-021615,2024-11-21,658.53,E0159
GR0016754,PO-2025-021616,2025-03-14,3225.93,E0147
GR0016755,PO-2024-021617,2024-02-15,1164.52,E0147
GR0016756,PO-2024-021618,2024-03-10,651.37,E0152
GR0016757,PO-2024-021619,2024-11-13,393.11,E0149
GR0016758,PO-2024-021619,2024-11-21,423.29,E0160
GR0016759,PO-2024-021620,2024-11-11,118.16,E0163
GR0016760,PO-2024-021621,2024-07-22,924.31,E0161
GR0016761,PO-2024-021622,2024-06-13,1872.04,E0141
GR0016762,PO-2025-021623,2025-01-13,2677.48,E0147
GR0016763,PO-2024-021624,2024-06-22,2111.67,E0141
GR0016764,PO-2024-021625,2024-09-04,770.58,E0141
GR0016765,PO-2024-021625,2024-09-19,799.92,E0151
GR0016766,PO-2024-021626,2024-02-24,2215.83,E0159
GR0016767,PO-2024-021627,2024-07-25,9127.26,E0148
GR0016768,PO-2024-021628,2024-05-28,444.36,E0149
GR0016769,PO-2025-021629,2025-06-26,1105.83,E0160
GR0016770,PO-2024-021630,2024-12-14,366.61,E0159
GR0016771,PO-2024-021631,2024-10-12,709.83,E0147
GR0016772,PO-2024-021632,2024-02-06,3910.11,E0157
GR0016773,PO-2024-021633,2024-04-26,561.07,E0145
GR0016774,PO-2024-021634,2024-05-22,2208.46,E0146
GR0016775,PO-2024-021635,2024-12-01,2197.48,E0159
GR0016776,PO-2024-021636,2024-04-24,1639.3,E0158
GR0016777,PO-2025-021637,2025-06-08,252.5,E0144
GR0016778,PO-2025-021638,2025-06-16,2734.51,E0140
GR0016779,PO-2024-021639,2024-07-05,386.94,E0146
GR0016780,PO-2024-021640,2024-07-30,529.81,E0162
GR0016781,PO-2024-021641,2024-08-31,3397.92,E0156
GR0016782,PO-2025-021642,2025-01-19,1966.43,E0161
GR0016783,PO-2025-021643,2025-05-03,7965.77,E0148
GR0016784,PO-2025-021644,2025-01-22,7110.36,E0150
GR0016785,PO-2024-021645,2024-11-25,1239.78,E0158
GR0016786,PO-2024-021646,2024-08-15,1143.33,E0161
GR0016787,PO-2025-021647,2025-03-27,5645.61,E0144
GR0016788,PO-2024-021648,2024-11-04,135.25,E0149
GR0016789,PO-2024-021648,2024-11-09,173.33,E0157
GR0016790,PO-2025-021649,2025-03-25,428.62,E0151
GR0016791,PO-2024-021650,2024-10-06,1448.18,E0143
GR0016792,PO-2025-021651,2025-05-01,711.42,E0148
GR0016793,PO-2024-021652,2024-12-21,207.69,E0143
GR0016794,PO-2025-021653,2025-04-17,1335.02,E0163
GR0016795,PO-2024-021687,2024-08-08,7869.24,E0158
GR0016796,PO-2024-021688,2024-08-30,21747.67,E0153
GR0016797,PO-2025-021689,2025-07-04,8753.91,E0149
GR0016798,PO-2025-021690,2025-04-28,3645.26,E0161
GR0016799,PO-2024-021691,2024-05-13,633.01,E0152
GR0016800,PO-2025-021692,2025-02-04,5788.67,E0142
GR0016801,PO-2025-021701,2025-03-17,6656.76,E0159
GR0016802,PO-2024-021702,2024-12-30,2973.09,E0152
GR0016803,PO-2024-021703,2024-09-15,1270.59,E0161
GR0016804,PO-2025-021704,2025-02-28,1260.78,E0140
GR0016805,PO-2025-021705,2025-05-18,4411.15,E0147
GR0016806,PO-2025-021706,2025-06-27,38014.09,E0141
GR0016807,PO-2025-021707,2025-04-30,5164.99,E0155
GR0016808,PO-2025-021708,2025-04-27,5417.34,E0159
GR0016809,PO-2025-021709,2025-07-18,3641.91,E0157
GR0016810,PO-2024-021710,2024-10-28,17900.06,E0162
GR0016811,PO-2024-021711,2024-04-07,3636.63,E0160
GR0016812,PO-2024-021711,2024-04-17,1574.64,E0152
GR0016813,PO-2025-021712,2025-01-30,7603.69,E0162
GR0016814,PO-2024-021713,2024-02-09,5325.82,E0140
GR0016815,PO-2025-021714,2025-07-02,5241.97,E0146
GR0016816,PO-2024-021715,2024-02-14,1661.93,E0161
GR0016817,PO-2024-021716,2024-04-13,13531.85,E0144
GR0016818,PO-2024-021717,2024-05-11,3523.5,E0153
GR0016819,PO-2025-021718,2025-02-15,13559.96,E0156
GR0016820,PO-2024-021719,2024-03-05,2839.11,E0147
GR0016821,PO-2024-021727,2024-09-21,1029.11,E0154
GR0016822,PO-2025-021728,2025-05-19,8965.18,E0142
GR0016823,PO-2025-021729,2025-07-11,5018.21,E0147
GR0016824,PO-2025-021730,2025-04-11,4800.09,E0149
GR0016825,PO-2024-021731,2024-10-30,20384.45,E0142
GR0016826,PO-2024-021732,2024-11-02,15397.76,E0162
GR0016827,PO-2025-021733,2025-06-13,3583.42,E0155
GR0016828,PO-2024-021734,2024-09-25,1498.47,E0146
GR0016829,PO-2024-021734,2024-10-06,786.16,E0158
GR0016830,PO-2024-021735,2024-11-11,5737.36,E0141
GR0016831,PO-2024-021736,2024-06-30,1861.43,E0152
GR0016832,PO-2025-021737,2025-07-02,8885.48,E0160
GR0016833,PO-2024-021738,2024-08-14,1883.3,E0159
GR0016834,PO-2024-021739,2024-08-03,4374.7,E0144
GR0016835,PO-2024-021740,2024-08-24,413.23,E0154
GR0016836,PO-2024-021741,2024-05-05,5063.98,E0159
GR0016837,PO-2024-021742,2024-11-07,5996.41,E0163
GR0016838,PO-2024-021742,2024-11-22,3326.37,E0159
GR0016839,PO-2025-021743,2025-01-27,6752.89,E0142
GR0016840,PO-2025-021744,2025-01-07,13258.3,E0148
GR0016841,PO-2025-021745,2025-04-03,49910.78,E0143
GR0016842,PO-2025-021746,2025-05-30,8797.95,E0141
GR0016843,PO-2025-021747,2025-01-17,19040.8,E0151
GR0016844,PO-2024-021748,2024-11-24,8351.33,E0150
GR0016845,PO-2024-021749,2024-08-04,1951.08,E0147
GR0016846,PO-2025-021750,2025-05-21,16023.06,E0162
GR0016847,PO-2025-021751,2025-03-19,4386.36,E0147
GR0016848,PO-2024-021752,2024-05-20,882.47,E0148
GR0016849,PO-2024-021753,2024-12-09,5885.2,E0151
GR0016850,PO-2025-021754,2025-03-11,1696.01,E0141
GR0016851,PO-2024-021755,2024-05-23,7938.43,E0151
GR0016852,PO-2024-021755,2024-06-07,8506.32,E0161
GR0016853,PO-2024-021756,2024-02-23,3701.66,E0147
GR0016854,PO-2024-021757,2024-08-10,19871.14,E0156
GR0016855,PO-2024-021757,2024-08-28,12484.66,E0155
GR0016856,PO-2024-021758,2024-02-19,3189.35,E0153
GR0016857,PO-2024-021759,2024-01-26,5400.6,E0161
GR0016858,PO-2025-021760,2025-01-23,4768.08,E0149
GR0016859,PO-2024-021761,2024-02-15,4112.22,E0157
GR0016860,PO-2024-021762,2024-11-16,4168.73,E0144
GR0016861,PO-2024-021763,2024-01-19,16108.11,E0157
GR0016862,PO-2024-021763,2024-01-31,7970.3,E0148
GR0016863,PO-2024-021764,2024-06-16,12931.62,E0162
GR0016864,PO-2024-021765,2024-03-20,1626.96,E0156
GR0016865,PO-2024-021766,2024-06-09,17030.45,E0153
GR0016866,PO-2025-021767,2025-06-26,2009.97,E0159
GR0016867,PO-2025-021768,2025-03-22,3926.52,E0154
GR0016868,PO-2025-021768,2025-04-04,2209.72,E0150
GR0016869,PO-2024-021769,2024-09-24,8432.93,E0158
GR0016870,PO-2024-021770,2024-05-07,11687.58,E0155
GR0016871,PO-2024-021771,2024-05-31,2252.64,E0157
GR0016872,PO-2024-021772,2024-05-03,4695.19,E0152
GR0016873,PO-2024-021773,2024-03-30,6320.43,E0160
GR0016874,PO-2025-021774,2025-01-13,2053.32,E0155
GR0016875,PO-2024-021775,2024-11-27,3874.36,E0155
GR0016876,PO-2025-021776,2025-03-23,7215.36,E0140
GR0016877,PO-2024-021777,2024-10-24,3657.84,E0158
GR0016878,PO-2024-021778,2024-07-26,616.29,E0162
GR0016879,PO-2025-021779,2025-01-08,5749.31,E0155
GR0016880,PO-2025-021780,2025-06-21,1643.28,E0148
GR0016881,PO-2024-021781,2024-09-25,9717.87,E0162
GR0016882,PO-2025-021782,2025-03-28,5185.22,E0163
GR0016883,PO-2024-021783,2024-04-10,24004.64,E0145
GR0016884,PO-2025-021784,2025-01-28,4583.67,E0147
GR0016885,PO-2024-021785,2024-12-11,2659.7,E0150
GR0016886,PO-2024-021786,2024-09-28,2585.56,E0146
GR0016887,PO-2025-021787,2025-02-24,1611.39,E0146
GR0016888,PO-2025-021788,2025-01-30,32312.94,E0156
GR0016889,PO-2024-021789,2024-03-30,1052.91,E0142
GR0016890,PO-2024-021790,2024-11-07,662.53,E0157
GR0016891,PO-2024-021791,2024-05-21,10315.45,E0143
GR0016892,PO-2024-021792,2024-07-28,684.26,E0153
GR0016893,PO-2024-021792,2024-08-17,570.28,E0161
GR0016894,PO-2024-021793,2024-03-21,3231.15,E0159
GR0016895,PO-2024-021794,2024-05-16,25530.82,E0157
GR0016896,PO-2024-021795,2024-10-24,27254.39,E0163
GR0016897,PO-2025-021796,2025-04-17,4234.25,E0147
GR0016898,PO-2024-021797,2024-11-04,1885.93,E0142
GR0016899,PO-2024-021798,2024-08-25,622.46,E0161
GR0016900,PO-2024-021799,2024-03-28,2860.1,E0161
GR0016901,PO-2024-021800,2024-09-01,1617.12,E0163
GR0016902,PO-2024-021801,2024-07-28,796.95,E0142
GR0016903,PO-2024-021801,2024-08-18,829.93,E0151
GR0016904,PO-2024-021802,2024-05-30,3906.95,E0142
GR0016905,PO-2024-021803,2024-06-12,1445.59,E0144
GR0016906,PO-2024-021804,2024-01-16,356.59,E0153
GR0016907,PO-2024-021805,2024-02-03,1563.45,E0160
GR0016908,PO-2024-021806,2024-10-05,1957.89,E0141
GR0016909,PO-2024-021807,2024-08-13,1130.28,E0159
GR0016910,PO-2025-021808,2025-03-25,4517.17,E0152
GR0016911,PO-2025-021809,2025-01-26,1635.3,E0151
GR0016912,PO-2025-021810,2025-03-02,881.6,E0149
GR0016913,PO-2024-021811,2024-06-19,875.09,E0141
GR0016914,PO-2024-021811,2024-06-24,594.67,E0161
GR0016915,PO-2024-021812,2024-04-09,3287.26,E0154
GR0016916,PO-2024-021813,2024-06-02,124.86,E0141
GR0016917,PO-2025-021814,2025-03-22,1090.76,E0158
GR0016918,PO-2024-021815,2024-01-15,1048.37,E0156
GR0016919,PO-2025-021816,2025-06-23,705.64,E0161
GR0016920,PO-2025-021817,2025-04-28,1795.04,E0153
GR0016921,PO-2025-021818,2025-05-17,7155.1,E0140
GR0016922,PO-2024-021819,2024-06-09,1556.95,E0160
GR0016923,PO-2024-021820,2024-12-21,2419.91,E0147
GR0016924,PO-2024-021821,2024-10-13,8301.83,E0151
GR0016925,PO-2025-021822,2025-03-30,691.97,E0155
GR0016926,PO-2024-021823,2024-01-09,6526.98,E0150
GR0016927,PO-2025-021824,2025-02-27,8967.01,E0162
GR0016928,PO-2024-021825,2024-12-09,3582.04,E0145
GR0016929,PO-2024-021826,2024-09-22,2581.74,E0146
GR0016930,PO-2025-021827,2025-03-10,2251.27,E0162
GR0016931,PO-2024-021828,2024-05-03,9473.06,E0162
GR0016932,PO-2025-021829,2025-04-28,2827.54,E0160
GR0016933,PO-2025-021830,2025-02-04,28327.77,E0159
GR0016934,PO-2024-021831,2024-05-11,358.43,E0155
GR0016935,PO-2025-021832,2025-01-11,1833.88,E0158
GR0016936,PO-2025-021833,2025-04-14,5408.53,E0143
GR0016937,PO-2025-021834,2025-02-04,1074.96,E0144
GR0016938,PO-2024-021835,2024-06-14,389.56,E0155
GR0016939,PO-2025-021836,2025-04-12,3673.56,E0154
GR0016940,PO-2025-021837,2025-04-07,2111.05,E0146
GR0016941,PO-2025-021838,2025-02-12,3983.52,E0153
GR0016942,PO-2024-021839,2024-07-02,1589.84,E0147
GR0016943,PO-2024-021840,2024-11-14,798.32,E0156
GR0016944,PO-2024-021841,2024-02-10,13541.3,E0154
GR0016945,PO-2024-021842,2025-01-04,3941.73,E0162
GR0016946,PO-2024-021842,2025-01-10,2423.3,E0155
GR0016947,PO-2025-021843,2025-02-05,2176.8,E0140
GR0016948,PO-2025-021844,2025-06-08,1257.56,E0152
GR0016949,PO-2025-021845,2025-06-12,6025.44,E0146
GR0016950,PO-2024-021846,2024-04-03,1920.8,E0146
GR0016951,PO-2024-021847,2024-05-28,1158.3,E0160
GR0016952,PO-2024-021847,2024-06-02,1001.61,E0144
GR0016953,PO-2024-021848,2024-07-10,3125.21,E0162
GR0016954,PO-2025-021849,2025-07-01,1544.6,E0155
GR0016955,PO-2024-021850,2024-06-07,1270.67,E0157
GR0016956,PO-2024-021850,2024-06-10,984.71,E0145
GR0016957,PO-2024-021851,2024-07-08,1477.34,E0149
GR0016958,PO-2024-021852,2024-11-30,20537.37,E0141
GR0016959,PO-2025-021853,2025-06-14,4930.75,E0148
GR0016960,PO-2024-021854,2024-05-22,8092.5,E0155
GR0016961,PO-2024-021855,2024-12-08,3697.83,E0147
GR0016962,PO-2024-021856,2024-12-24,482.14,E0154
GR0016963,PO-2025-021857,2025-01-09,2228.59,E0163
GR0016964,PO-2024-021858,2024-04-04,2431.59,E0141
GR0016965,PO-2024-021859,2024-02-24,4369.64,E0157
GR0016966,PO-2024-021859,2024-03-09,3103.76,E0154
GR0016967,PO-2024-021860,2024-11-05,586.15,E0149
GR0016968,PO-2025-021861,2025-03-29,2893.23,E0156
GR0016969,PO-2024-021862,2024-11-25,5896.3,E0154
GR0016970,PO-2024-021863,2024-09-14,7130.87,E0163
GR0016971,PO-2024-021864,2024-02-15,6403.61,E0140
GR0016972,PO-2024-021865,2024-11-20,495.24,E0149
GR0016973,PO-2024-021866,2024-05-23,624.73,E0145
GR0016974,PO-2024-021867,2024-02-03,1722.87,E0140
GR0016975,PO-2024-021867,2024-02-13,988.59,E0162
GR0016976,PO-2024-021868,2024-09-12,4010.81,E0156
GR0016977,PO-2024-021869,2024-09-02,2132.12,E0146
GR0016978,PO-2024-021870,2025-01-14,650.55,E0150
GR0016979,PO-2024-021871,2024-08-08,522.08,E0159
GR0016980,PO-2024-021872,2024-09-20,227.57,E0141
GR0016981,PO-2024-021872,2024-10-04,123.6,E0162
GR0016982,PO-2024-021873,2024-12-07,6578.02,E0155
GR0016983,PO-2024-021874,2024-07-24,874.22,E0144
GR0016984,PO-2024-021874,2024-08-08,700.4,E0154
GR0016985,PO-2024-021875,2024-01-20,6069.07,E0141
GR0016986,PO-2025-021876,2025-03-29,668.43,E0163
GR0016987,PO-2025-021877,2025-06-23,1504.49,E0156
GR0016988,PO-2025-021878,2025-04-14,28627.45,E0161
GR0016989,PO-2024-021879,2024-04-12,5202.34,E0149
GR0016990,PO-2024-021880,2024-10-14,9406.34,E0148
GR0016991,PO-2024-021881,2024-09-15,2141.84,E0151
GR0016992,PO-2025-021882,2025-02-22,3859.29,E0150
GR0016993,PO-2024-021883,2024-10-27,1226.46,E0143
GR0016994,PO-2024-021883,2024-11-11,1585.08,E0157
GR0016995,PO-2024-021884,2024-09-01,7201.19,E0151
GR0016996,PO-2024-021885,2024-05-19,1896.06,E0145
GR0016997,PO-2025-021886,2025-05-28,1982.24,E0151
GR0016998,PO-2025-021887,2025-05-04,3648.06,E0162
GR0016999,PO-2024-021888,2024-12-28,483.42,E0163
GR0017000,PO-2024-021888,2025-01-05,417.56,E0159
GR0017001,PO-2025-021889,2025-01-20,25623.77,E0162
GR0017002,PO-2024-021890,2024-11-04,2074.16,E0160
GR0017003,PO-2024-021891,2024-06-02,3605.61,E0150
GR0017004,PO-2024-021891,2024-06-16,1628.93,E0152
GR0017005,PO-2025-021892,2025-04-09,916.17,E0156
GR0017006,PO-2024-021893,2024-08-19,4221.95,E0157
GR0017007,PO-2024-021893,2024-08-26,4705.77,E0158
GR0017008,PO-2025-021894,2025-06-12,995.28,E0156
GR0017009,PO-2025-021895,2025-04-01,9428.01,E0163
GR0017010,PO-2025-021896,2025-06-16,3250.65,E0152
GR0017011,PO-2024-021897,2024-06-28,5945.03,E0153
GR0017012,PO-2024-021898,2024-11-13,3117.15,E0142
GR0017013,PO-2024-021899,2025-01-06,3069.44,E0152
GR0017014,PO-2024-021899,2025-01-20,2902.9,E0146
GR0017015,PO-2024-021900,2024-07-03,2902.93,E0161
GR0017016,PO-2024-021901,2024-07-17,5413.97,E0157
GR0017017,PO-2024-021902,2024-03-01,1456.84,E0159
GR0017018,PO-2025-021903,2025-07-08,2375.39,E0152
GR0017019,PO-2024-021904,2024-08-09,2208.76,E0147
GR0017020,PO-2025-021905,2025-02-23,5986.9,E0161
GR0017021,PO-2024-021906,2024-02-17,755.19,E0148
GR0017022,PO-2024-021906,2024-03-01,920.16,E0151
GR0017023,PO-2024-021907,2024-09-14,18292.44,E0142
GR0017024,PO-2024-021908,2024-08-10,2562.45,E0144
GR0017025,PO-2024-021909,2024-10-09,6902.71,E0146
GR0017026,PO-2025-021910,2025-05-09,1047.54,E0147
GR0017027,PO-2025-021911,2025-05-17,3257.92,E0160
GR0017028,PO-2025-021911,2025-05-30,4183.07,E0155
GR0017029,PO-2024-021912,2024-10-05,590.98,E0163
GR0017030,PO-2024-021913,2024-02-07,5129.99,E0149
GR0017031,PO-2025-021914,2025-07-18,2600.48,E0142
GR0017032,PO-2024-021915,2024-12-06,7263.05,E0151
GR0017033,PO-2024-021916,2024-06-28,5601.15,E0161
GR0017034,PO-2024-021917,2024-11-03,19210.32,E0142
GR0017035,PO-2025-021918,2025-03-10,2926.93,E0156
GR0017036,PO-2024-021919,2024-05-11,965.91,E0148
GR0017037,PO-2024-021920,2024-05-17,1590.55,E0151
GR0017038,PO-2024-021921,2024-06-13,2436.32,E0145
GR0017039,PO-2025-021922,2025-03-29,3208.4,E0153
GR0017040,PO-2025-021923,2025-05-31,3488.38,E0158
GR0017041,PO-2025-021937,2025-02-09,2042.18,E0153
GR0017042,PO-2025-021938,2025-05-13,1732.25,E0149
GR0017043,PO-2025-021938,2025-05-24,1392.14,E0154
GR0017044,PO-2025-021939,2025-06-10,555.11,E0149
GR0017045,PO-2025-021940,2025-06-29,4248.82,E0146
GR0017046,PO-2024-021941,2024-08-15,4512.87,E0141
GR0017047,PO-2024-021942,2024-12-11,564.46,E0149
GR0017048,PO-2024-021943,2024-01-26,3330.43,E0147
GR0017049,PO-2025-021944,2025-05-26,2623.35,E0159
GR0017050,PO-2024-021945,2024-04-01,12868.74,E0156
GR0017051,PO-2024-021946,2024-11-22,3690.84,E0155
GR0017052,PO-2025-021947,2025-03-12,5469.62,E0150
GR0017053,PO-2024-021948,2024-02-10,15887.77,E0148
GR0017054,PO-2024-021949,2024-07-24,10425.71,E0140
GR0017055,PO-2024-021950,2024-10-05,15962.29,E0147
GR0017056,PO-2025-021951,2025-06-04,1628.73,E0144
GR0017057,PO-2024-021952,2024-02-27,28490.63,E0142
GR0017058,PO-2025-021953,2025-04-03,11876.11,E0160
GR0017059,PO-2025-021954,2025-03-10,8075.41,E0157
GR0017060,PO-2024-021955,2024-09-16,9487.59,E0145
GR0017061,PO-2024-021956,2024-10-28,1011.82,E0157
GR0017062,PO-2024-021957,2024-07-02,7548.54,E0154
GR0017063,PO-2024-021957,2024-07-21,4875.42,E0150
GR0017064,PO-2025-021958,2025-02-18,3584.43,E0162
GR0017065,PO-2024-021959,2024-09-12,1961.67,E0157
GR0017066,PO-2024-021960,2024-06-21,5747.19,E0145
GR0017067,PO-2024-021961,2024-06-24,16552.31,E0151
GR0017068,PO-2024-021962,2024-11-07,6828.64,E0161
GR0017069,PO-2024-021963,2024-06-02,10816.58,E0149
GR0017070,PO-2025-021964,2025-04-18,12961.73,E0146
GR0017071,PO-2024-021965,2024-10-24,69050.32,E0153
GR0017072,PO-2024-021966,2024-04-20,9167.16,E0141
GR0017073,PO-2025-021967,2025-02-16,1325.05,E0144
GR0017074,PO-2024-021968,2024-09-30,16537.05,E0150
GR0017075,PO-2025-021969,2025-01-25,916.58,E0145
GR0017076,PO-2024-021970,2024-04-07,4218.16,E0153
GR0017077,PO-2024-021971,2024-01-15,6034.89,E0158
GR0017078,PO-2024-021972,2024-02-22,7119.22,E0151
GR0017079,PO-2024-021973,2024-03-12,571.35,E0157
GR0017080,PO-2025-021974,2025-01-12,2575.61,E0161
GR0017081,PO-2025-021975,2025-03-03,2209.68,E0155
GR0017082,PO-2025-021976,2025-04-17,2833.7,E0150
GR0017083,PO-2025-021977,2025-06-09,15952.25,E0163
GR0017084,PO-2024-021978,2024-02-09,3545.29,E0152
GR0017085,PO-2025-021979,2025-05-25,9478.81,E0154
GR0017086,PO-2024-021980,2024-01-22,14699.1,E0158
GR0017087,PO-2025-021981,2025-07-20,8923.6,E0140
GR0017088,PO-2024-021982,2024-12-10,3517.57,E0146
GR0017089,PO-2024-021983,2024-10-09,2517.09,E0163
GR0017090,PO-2024-021984,2024-08-19,1606.9,E0152
GR0017091,PO-2024-021984,2024-09-04,1149.58,E0154
GR0017092,PO-2025-021985,2025-06-04,6340.76,E0147
GR0017093,PO-2024-021986,2024-05-23,9415.63,E0163
GR0017094,PO-2024-021987,2024-03-19,1992.07,E0148
GR0017095,PO-2025-021988,2025-02-06,805.92,E0146
GR0017096,PO-2024-021989,2024-03-16,5221.22,E0141
GR0017097,PO-2024-021990,2024-11-04,354.69,E0156
GR0017098,PO-2024-021991,2024-04-10,1205.78,E0153
GR0017099,PO-2024-021992,2025-01-05,1666.81,E0160
GR0017100,PO-2024-021993,2024-02-10,1196.56,E0140
GR0017101,PO-2024-021993,2024-02-16,846.53,E0153
GR0017102,PO-2024-021994,2024-08-28,1627.93,E0158
GR0017103,PO-2024-021995,2024-01-13,1448.33,E0149
GR0017104,PO-2025-021996,2025-02-22,625.99,E0159
GR0017105,PO-2025-021997,2025-03-31,5069.47,E0147
GR0017106,PO-2024-021998,2024-08-20,795.78,E0141
GR0017107,PO-2025-021999,2025-04-17,993.27,E0149
GR0017108,PO-2024-022000,2024-11-19,4790.33,E0160
GR0017109,PO-2025-022001,2025-04-03,4390.14,E0162
GR0017110,PO-2025-022001,2025-04-12,4993.68,E0149
GR0017111,PO-2024-022002,2024-11-29,8120.61,E0143
GR0017112,PO-2024-022003,2024-06-08,1065.21,E0155
GR0017113,PO-2024-022004,2024-10-03,824.24,E0158
GR0017114,PO-2024-022005,2024-09-18,689.46,E0153
GR0017115,PO-2024-022005,2024-10-05,298.12,E0162
GR0017116,PO-2025-022006,2025-04-03,4117.96,E0152
GR0017117,PO-2024-022007,2024-07-03,4770.06,E0154
GR0017118,PO-2024-022008,2024-06-05,345.81,E0147
GR0017119,PO-2024-022009,2024-10-17,3028.6,E0157
GR0017120,PO-2024-022010,2024-12-26,447.16,E0151
GR0017121,PO-2025-022011,2025-04-13,999.78,E0141
GR0017122,PO-2025-022012,2025-02-02,12715.75,E0143
GR0017123,PO-2024-022013,2024-08-02,12610.39,E0144
GR0017124,PO-2025-022014,2025-03-05,1138.29,E0150
GR0017125,PO-2024-022015,2024-12-03,783.82,E0140
GR0017126,PO-2025-022016,2025-01-26,1071.06,E0140
GR0017127,PO-2025-022016,2025-02-01,567.84,E0158
GR0017128,PO-2024-022017,2024-12-27,850.65,E0145
GR0017129,PO-2024-022018,2024-02-21,12567.46,E0141
GR0017130,PO-2024-022019,2024-08-22,947.37,E0150
GR0017131,PO-2025-022020,2025-07-03,927.03,E0154
GR0017132,PO-2024-022021,2024-08-20,798.95,E0151
GR0017133,PO-2024-022022,2024-12-03,5051.58,E0160
GR0017134,PO-2024-022023,2024-09-09,3162.9,E0148
GR0017135,PO-2024-022024,2024-09-06,1875.03,E0148
GR0017136,PO-2024-022024,2024-09-24,2675.8,E0144
GR0017137,PO-2025-022025,2025-01-14,856.11,E0153
GR0017138,PO-2024-022026,2024-10-23,1046.7,E0144
GR0017139,PO-2025-022027,2025-04-14,1428.97,E0144
GR0017140,PO-2024-022028,2024-11-08,4498.93,E0156
GR0017141,PO-2025-022029,2025-01-25,1853.63,E0148
GR0017142,PO-2025-022030,2025-06-22,1558.11,E0141
GR0017143,PO-2024-022031,2024-01-21,772.15,E0157
GR0017144,PO-2025-022032,2025-05-28,2967.25,E0161
GR0017145,PO-2025-022033,2025-03-18,416.24,E0149
GR0017146,PO-2025-022033,2025-04-01,381.1,E0159
GR0017147,PO-2025-022034,2025-06-13,6667.78,E0154
GR0017148,PO-2025-022035,2025-07-14,771.29,E0146
GR0017149,PO-2024-022036,2024-01-17,7298.34,E0154
GR0017150,PO-2024-022037,2024-08-27,3801.65,E0141
GR0017151,PO-2024-022038,2024-06-05,330.47,E0142
GR0017152,PO-2024-022039,2024-06-19,1187.33,E0147
GR0017153,PO-2024-022040,2024-12-23,3325.79,E0157
GR0017154,PO-2024-022041,2024-02-27,788.17,E0161
GR0017155,PO-2024-022042,2024-09-28,1613.3,E0150
GR0017156,PO-2024-022043,2024-05-04,2145.83,E0162
GR0017157,PO-2024-022044,2024-06-18,1702.4,E0149
GR0017158,PO-2024-022045,2024-03-16,5076.4,E0143
GR0017159,PO-2024-022045,2024-03-31,4143.2,E0159
GR0017160,PO-2024-022046,2024-11-28,3392.14,E0142
GR0017161,PO-2024-022046,2024-12-05,4636.89,E0150
GR0017162,PO-2024-022047,2024-12-11,541.46,E0144
GR0017163,PO-2024-022048,2024-03-12,182.5,E0163
GR0017164,PO-2025-022049,2025-05-05,6397.31,E0152
GR0017165,PO-2024-022050,2024-09-09,832.73,E0159
GR0017166,PO-2025-022051,2025-03-08,1850.07,E0150
GR0017167,PO-2024-022052,2024-12-15,1844.99,E0160
GR0017168,PO-2024-022053,2024-06-19,293.45,E0157
GR0017169,PO-2024-022054,2024-01-26,1669.49,E0153
GR0017170,PO-2025-022104,2025-05-22,20915.72,E0157
GR0017171,PO-2024-022105,2024-09-13,2223.0,E0143
GR0017172,PO-2024-022105,2024-09-25,1167.25,E0147
GR0017173,PO-2025-022106,2025-04-20,2419.87,E0143
GR0017174,PO-2025-022107,2025-02-19,5320.52,E0150
GR0017175,PO-2025-022108,2025-05-15,45259.23,E0150
GR0017176,PO-2024-022109,2024-02-02,7040.88,E0142
GR0017177,PO-2024-022110,2024-12-01,12375.95,E0147
GR0017178,PO-2025-022111,2025-04-21,6398.02,E0151
GR0017179,PO-2024-022112,2024-09-15,14183.56,E0142
GR0017180,PO-2024-022113,2024-12-12,37568.23,E0142
GR0017181,PO-2024-022114,2024-05-27,94476.11,E0145
GR0017182,PO-2025-022115,2025-05-13,16269.28,E0156
GR0017183,PO-2024-022116,2024-11-03,37973.52,E0156
GR0017184,PO-2025-022117,2025-06-03,40416.07,E0145
GR0017185,PO-2024-022118,2024-05-28,23188.98,E0160
GR0017186,PO-2025-022119,2025-06-26,2396.77,E0141
GR0017187,PO-2024-022120,2024-12-14,2795.56,E0144
GR0017188,PO-2025-022121,2025-02-03,61183.54,E0158
GR0017189,PO-2025-022122,2025-06-23,13934.58,E0153
GR0017190,PO-2025-022123,2025-06-09,14268.84,E0154
GR0017191,PO-2024-022124,2024-11-02,1969.53,E0143
GR0017192,PO-2024-022125,2024-02-01,17255.12,E0155
GR0017193,PO-2025-022126,2025-06-06,2967.04,E0140
GR0017194,PO-2024-022127,2024-07-05,22985.44,E0148
GR0017195,PO-2024-022128,2024-11-19,12471.6,E0148
GR0017196,PO-2025-022129,2025-04-21,26045.9,E0142
GR0017197,PO-2024-022130,2024-11-12,40571.95,E0145
GR0017198,PO-2025-022131,2025-07-06,12814.39,E0150
GR0017199,PO-2024-022132,2024-06-19,9513.0,E0140
GR0017200,PO-2024-022133,2024-05-09,3695.07,E0142
GR0017201,PO-2024-022133,2024-05-18,5080.99,E0162
GR0017202,PO-2025-022134,2025-04-24,6872.56,E0155
GR0017203,PO-2025-022135,2025-06-09,64249.79,E0149
GR0017204,PO-2025-022136,2025-02-11,57835.4,E0159
GR0017205,PO-2025-022137,2025-02-08,12013.53,E0155
GR0017206,PO-2025-022138,2025-06-07,9205.08,E0148
GR0017207,PO-2025-022139,2025-06-12,181204.93,E0155
GR0017208,PO-2024-022140,2024-04-23,8883.04,E0146
GR0017209,PO-2025-022141,2025-01-30,233895.64,E0157
GR0017210,PO-2024-022142,2024-10-25,43449.09,E0140
GR0017211,PO-2024-022143,2024-01-13,2961.37,E0149
GR0017212,PO-2024-022144,2024-04-29,16956.18,E0144
GR0017213,PO-2024-022145,2024-07-26,6085.95,E0156
GR0017214,PO-2025-022146,2025-07-05,10956.29,E0161
GR0017215,PO-2024-022147,2024-09-06,6402.74,E0144
GR0017216,PO-2024-022148,2024-03-23,43653.5,E0144
GR0017217,PO-2024-022149,2024-01-29,3813.33,E0147
GR0017218,PO-2024-022150,2024-07-11,73003.54,E0155
GR0017219,PO-2024-022151,2024-03-15,6947.44,E0156
GR0017220,PO-2024-022152,2024-11-07,34936.29,E0148
GR0017221,PO-2024-022153,2024-12-08,24084.56,E0153
GR0017222,PO-2025-022154,2025-05-30,14784.18,E0149
GR0017223,PO-2024-022155,2024-04-07,47488.3,E0151
GR0017224,PO-2024-022156,2024-04-28,7405.64,E0153
GR0017225,PO-2025-022157,2025-01-31,1345.23,E0159
GR0017226,PO-2024-022158,2024-06-20,36165.23,E0143
GR0017227,PO-2025-022159,2025-01-30,40922.38,E0140
GR0017228,PO-2024-022160,2024-10-02,8195.44,E0163
GR0017229,PO-2024-022161,2024-03-29,3813.49,E0147
GR0017230,PO-2025-022162,2025-04-29,2614.22,E0160
GR0017231,PO-2024-022163,2024-09-13,12556.09,E0152
GR0017232,PO-2024-022164,2024-04-14,24617.9,E0154
GR0017233,PO-2025-022165,2025-03-13,19105.34,E0152
GR0017234,PO-2025-022166,2025-06-08,18769.98,E0156
GR0017235,PO-2024-022167,2024-05-05,5997.02,E0140
GR0017236,PO-2025-022168,2025-03-14,7642.6,E0163
GR0017237,PO-2025-022169,2025-01-23,12363.36,E0155
GR0017238,PO-2024-022170,2024-05-29,11371.49,E0149
GR0017239,PO-2024-022236,2024-01-17,627.2,E0146
GR0017240,PO-2024-022237,2024-08-26,651.28,E0141
GR0017241,PO-2024-022237,2024-08-29,932.05,E0146
GR0017242,PO-2024-022238,2024-06-27,2237.21,E0151
GR0017243,PO-2024-022239,2024-01-28,1088.81,E0144
GR0017244,PO-2024-022240,2024-09-16,1395.68,E0142
GR0017245,PO-2025-022241,2025-01-20,11841.14,E0151
GR0017246,PO-2024-022242,2024-07-14,4261.58,E0163
GR0017247,PO-2024-022243,2024-03-23,3183.9,E0145
GR0017248,PO-2024-022244,2024-03-18,3425.72,E0160
GR0017249,PO-2024-022245,2024-03-24,13897.14,E0140
GR0017250,PO-2024-022246,2024-03-23,4890.22,E0156
GR0017251,PO-2025-022247,2025-07-10,3568.73,E0154
GR0017252,PO-2024-022248,2024-07-12,17563.28,E0154
GR0017253,PO-2025-022324,2025-04-25,1049.17,E0140
GR0017254,PO-2025-022325,2025-06-14,2417.44,E0142
GR0017255,PO-2024-022326,2024-08-15,230.84,E0158
GR0017256,PO-2024-022326,2024-08-27,99.96,E0163
GR0017257,PO-2024-022327,2024-10-22,906.69,E0161
GR0017258,PO-2025-022328,2025-03-26,2314.55,E0158
GR0017259,PO-2025-022329,2025-02-25,749.94,E0148
GR0017260,PO-2024-022330,2024-11-28,3518.41,E0147
GR0017261,PO-2024-022331,2024-02-15,1022.76,E0153
GR0017262,PO-2024-022332,2024-01-25,2832.68,E0148
GR0017263,PO-2024-022333,2024-10-19,122.11,E0156
GR0017264,PO-2024-022334,2024-04-03,2209.51,E0159
GR0017265,PO-2024-022335,2024-08-26,5556.21,E0160
GR0017266,PO-2025-022336,2025-04-13,1489.42,E0141
GR0017267,PO-2024-022337,2024-05-18,1647.11,E0148
GR0017268,PO-2024-022337,2024-05-29,1506.1,E0146
GR0017269,PO-2024-022338,2024-11-19,1495.57,E0147
GR0017270,PO-2025-022339,2025-03-07,618.12,E0152
GR0017271,PO-2024-022340,2024-04-28,573.21,E0156
GR0017272,PO-2024-022341,2024-11-09,2624.11,E0160
GR0017273,PO-2024-022342,2024-05-14,188.66,E0156
GR0017274,PO-2024-022342,2024-05-26,212.57,E0147
GR0017275,PO-2024-022343,2024-05-31,1427.37,E0149
GR0017276,PO-2024-022344,2024-04-20,1166.53,E0162
GR0017277,PO-2024-022345,2024-07-21,213.29,E0150
GR0017278,PO-2024-022346,2025-01-03,1473.87,E0162
GR0017279,PO-2024-022346,2025-01-22,1139.23,E0156
GR0017280,PO-2025-022347,2025-03-04,1793.28,E0146
GR0017281,PO-2025-022348,2025-02-26,2122.44,E0163
GR0017282,PO-2025-022349,2025-02-02,1776.56,E0145
GR0017283,PO-2025-022350,2025-04-23,652.8,E0154
GR0017284,PO-2024-022351,2024-06-07,516.36,E0154
GR0017285,PO-2024-022352,2024-02-13,1250.59,E0160
GR0017286,PO-2024-022353,2024-04-26,3873.18,E0155
GR0017287,PO-2024-022354,2024-10-18,1790.4,E0159
GR0017288,PO-2024-022355,2024-08-12,2853.34,E0163
GR0017289,PO-2025-022356,2025-05-30,1104.23,E0157
GR0017290,PO-2025-022357,2025-04-13,1569.12,E0143
GR0017291,PO-2025-022358,2025-03-29,59739.24,E0154
GR0017292,PO-2024-022359,2024-09-25,1818.13,E0153
GR0017293,PO-2024-022360,2024-03-11,1865.09,E0156
GR0017294,PO-2024-022361,2024-08-31,2789.13,E0147
GR0017295,PO-2024-022361,2024-09-09,3702.45,E0160
GR0017296,PO-2024-022362,2024-03-30,3061.11,E0160
GR0017297,PO-2025-022363,2025-03-25,3705.73,E0152
GR0017298,PO-2024-022364,2024-07-20,970.61,E0149
GR0017299,PO-2024-022365,2024-02-20,1542.58,E0140
GR0017300,PO-2025-022366,2025-03-31,2013.88,E0162
GR0017301,PO-2024-022367,2024-07-30,4580.44,E0146
GR0017302,PO-2024-022368,2024-03-19,5602.34,E0163
GR0017303,PO-2024-022369,2024-01-29,6514.85,E0141
GR0017304,PO-2025-022370,2025-06-01,1945.56,E0161
GR0017305,PO-2025-022370,2025-06-06,1610.09,E0143
GR0017306,PO-2025-022371,2025-05-17,4553.23,E0140
GR0017307,PO-2025-022372,2025-06-07,2386.94,E0161
GR0017308,PO-2025-022373,2025-04-28,4851.61,E0147
GR0017309,PO-2025-022373,2025-05-08,2048.15,E0156
GR0017310,PO-2025-022374,2025-05-16,2640.56,E0147
GR0017311,PO-2024-022375,2024-02-20,297.17,E0162
GR0017312,PO-2025-022376,2025-03-10,3611.33,E0159
GR0017313,PO-2025-022377,2025-05-03,602.0,E0162
GR0017314,PO-2024-022378,2024-07-01,2905.7,E0156
GR0017315,PO-2024-022379,2024-09-06,9710.71,E0162
GR0017316,PO-2025-022380,2025-03-26,62380.27,E0144
GR0017317,PO-2025-022381,2025-06-15,1121.59,E0142
GR0017318,PO-2024-022382,2024-09-13,5036.61,E0145
GR0017319,PO-2024-022383,2024-12-15,2968.56,E0163
GR0017320,PO-2024-022384,2024-12-10,33342.5,E0147
GR0017321,PO-2024-022385,2024-06-12,2870.7,E0154
GR0017322,PO-2025-022386,2025-04-28,10651.17,E0152
GR0017323,PO-2025-022387,2025-05-19,6999.34,E0140
GR0017324,PO-2025-022387,2025-06-01,8344.76,E0159
GR0017325,PO-2025-022388,2025-04-11,1395.77,E0155
GR0017326,PO-2024-022389,2024-01-30,4160.57,E0140
GR0017327,PO-2024-022390,2024-03-12,8369.24,E0148
GR0017328,PO-2024-022391,2024-03-02,1122.33,E0145
GR0017329,PO-2024-022392,2024-07-09,469.35,E0143
GR0017330,PO-2024-022393,2024-02-25,6437.44,E0155
GR0017331,PO-2024-022394,2024-04-02,6255.13,E0141
GR0017332,PO-2025-022395,2025-03-05,7986.76,E0152
GR0017333,PO-2024-022396,2024-07-23,2500.83,E0150
GR0017334,PO-2024-022397,2024-03-29,498.73,E0148
GR0017335,PO-2024-022398,2024-07-03,4906.56,E0152
GR0017336,PO-2025-022399,2025-01-22,2195.82,E0150
GR0017337,PO-2025-022400,2025-06-12,11224.02,E0162
GR0017338,PO-2024-022401,2024-02-24,2134.25,E0146
GR0017339,PO-2024-022402,2024-04-10,5908.26,E0141
GR0017340,PO-2024-022403,2024-09-23,2845.1,E0158
GR0017341,PO-2024-022404,2024-05-23,62844.58,E0154
GR0017342,PO-2024-022405,2024-11-26,8762.77,E0145
GR0017343,PO-2024-022406,2024-06-20,1606.33,E0147
GR0017344,PO-2025-022407,2025-02-09,4820.27,E0145
GR0017345,PO-2024-022408,2024-04-26,9021.74,E0161
GR0017346,PO-2024-022409,2024-05-18,3584.74,E0141
GR0017347,PO-2024-022409,2024-05-29,1968.17,E0156
GR0017348,PO-2024-022410,2024-05-30,3590.39,E0155
GR0017349,PO-2024-022411,2024-06-20,13263.04,E0153
GR0017350,PO-2024-022412,2024-01-22,3656.45,E0158
GR0017351,PO-2024-022413,2024-05-22,1930.71,E0142
GR0017352,PO-2024-022414,2024-07-14,13420.05,E0158
GR0017353,PO-2025-022415,2025-06-16,5330.19,E0147
GR0017354,PO-2024-022416,2024-11-03,24079.38,E0146
GR0017355,PO-2024-022417,2024-05-17,1174.36,E0148
GR0017356,PO-2024-022417,2024-05-27,1546.0,E0153
GR0017357,PO-2024-022418,2024-07-03,1252.45,E0147
GR0017358,PO-2025-022419,2025-07-09,2245.96,E0146
GR0017359,PO-2024-022420,2024-05-17,2205.52,E0160
GR0017360,PO-2024-022421,2024-04-08,4725.52,E0148
GR0017361,PO-2025-022422,2025-01-26,4062.82,E0158
GR0017362,PO-2025-022423,2025-05-21,17704.2,E0152
GR0017363,PO-2024-022424,2024-09-09,2894.93,E0146
GR0017364,PO-2025-022425,2025-02-08,4821.47,E0144
GR0017365,PO-2024-022426,2024-06-21,845.16,E0148
GR0017366,PO-2024-022427,2024-09-11,2802.79,E0142
GR0017367,PO-2024-022428,2024-08-20,1002.28,E0148
GR0017368,PO-2024-022429,2024-05-25,833.35,E0157
GR0017369,PO-2024-022430,2024-10-02,705.94,E0153
GR0017370,PO-2025-022431,2025-04-05,588.09,E0156
GR0017371,PO-2025-022431,2025-04-17,496.32,E0140
GR0017372,PO-2024-022432,2024-06-12,241.56,E0142
GR0017373,PO-2025-022433,2025-02-23,3203.63,E0145
GR0017374,PO-2025-022434,2025-01-12,1011.96,E0143
GR0017375,PO-2024-022435,2024-05-09,584.42,E0155
GR0017376,PO-2024-022435,2024-05-19,539.53,E0153
GR0017377,PO-2025-022436,2025-03-09,2884.44,E0158
GR0017378,PO-2025-022437,2025-02-07,2695.28,E0153
GR0017379,PO-2024-022438,2024-08-19,8007.82,E0154
GR0017380,PO-2024-022439,2024-06-28,3089.25,E0155
GR0017381,PO-2024-022440,2024-04-28,447.4,E0156
GR0017382,PO-2025-022441,2025-07-11,1257.94,E0144
GR0017383,PO-2024-022442,2024-11-07,15288.86,E0152
GR0017384,PO-2025-022443,2025-05-26,1034.24,E0157
GR0017385,PO-2025-022444,2025-02-20,1568.48,E0149
GR0017386,PO-2024-022445,2024-03-23,1117.11,E0160
GR0017387,PO-2025-022446,2025-05-05,6222.55,E0157
GR0017388,PO-2024-022447,2024-01-30,2374.77,E0153
GR0017389,PO-2024-022448,2024-09-19,15084.23,E0161
GR0017390,PO-2025-022449,2025-01-21,1788.45,E0156
GR0017391,PO-2024-022450,2024-06-18,12354.98,E0161
GR0017392,PO-2024-022451,2024-03-23,3283.33,E0141
GR0017393,PO-2024-022452,2024-07-21,9855.47,E0162
GR0017394,PO-2024-022453,2024-07-24,2863.18,E0157
GR0017395,PO-2025-022454,2025-05-20,6652.04,E0155
GR0017396,PO-2024-022455,2024-08-16,4526.26,E0152
GR0017397,PO-2024-022456,2024-07-20,3214.46,E0147
GR0017398,PO-2025-022457,2025-03-02,3651.29,E0152
GR0017399,PO-2024-022458,2024-05-30,785.31,E0142
GR0017400,PO-2024-022459,2024-04-07,166.93,E0158
GR0017401,PO-2024-022459,2024-04-16,131.89,E0140
GR0017402,PO-2024-022460,2024-11-24,459.99,E0140
GR0017403,PO-2024-022460,2024-12-10,480.06,E0142
GR0017404,PO-2024-022461,2024-05-26,5998.24,E0159
GR0017405,PO-2024-022461,2024-06-10,3748.88,E0162
GR0017406,PO-2025-022462,2025-06-06,417.69,E0144
GR0017407,PO-2024-022463,2024-11-05,891.32,E0149
GR0017408,PO-2024-022464,2024-05-12,361.14,E0157
GR0017409,PO-2024-022465,2024-08-10,780.84,E0161
GR0017410,PO-2025-022466,2025-03-02,2999.95,E0149
GR0017411,PO-2024-022467,2024-04-01,6163.32,E0148
GR0017412,PO-2024-022468,2024-12-13,627.89,E0153
GR0017413,PO-2024-022468,2025-01-01,910.29,E0147
GR0017414,PO-2025-022469,2025-07-13,3363.65,E0150
GR0017415,PO-2024-022470,2024-10-25,2064.75,E0145
GR0017416,PO-2024-022471,2024-01-23,3386.12,E0153
GR0017417,PO-2024-022472,2024-03-17,2194.02,E0147
GR0017418,PO-2025-022473,2025-05-24,567.87,E0143
GR0017419,PO-2025-022474,2025-02-13,4618.62,E0152
GR0017420,PO-2025-022475,2025-01-23,1195.67,E0140
GR0017421,PO-2024-022476,2024-05-29,207.24,E0158
GR0017422,PO-2024-022477,2024-12-18,1941.69,E0152
GR0017423,PO-2024-022478,2024-11-02,2402.18,E0144
GR0017424,PO-2024-022479,2024-05-23,550.5,E0143
GR0017425,PO-2025-022480,2025-01-11,18034.28,E0143
GR0017426,PO-2024-022481,2024-08-08,171.94,E0160
GR0017427,PO-2024-022482,2024-01-26,2790.64,E0147
GR0017428,PO-2024-022483,2024-07-09,3095.71,E0160
GR0017429,PO-2024-022484,2024-04-25,13304.74,E0142
GR0017430,PO-2024-022485,2024-10-13,2137.84,E0153
GR0017431,PO-2024-022486,2024-03-10,4805.61,E0147
GR0017432,PO-2024-022487,2024-06-30,8055.07,E0155
GR0017433,PO-2024-022488,2024-06-07,5068.7,E0157
GR0017434,PO-2025-022489,2025-03-15,14637.74,E0146
GR0017435,PO-2024-022490,2024-01-25,15749.8,E0160
GR0017436,PO-2024-022491,2024-08-12,2597.14,E0149
GR0017437,PO-2024-022492,2024-10-04,245.98,E0148
GR0017438,PO-2024-022493,2024-02-22,11704.86,E0141
GR0017439,PO-2024-022494,2024-12-16,9298.52,E0141
GR0017440,PO-2024-022495,2024-08-28,2773.82,E0140
GR0017441,PO-2025-022496,2025-02-28,1644.97,E0151
GR0017442,PO-2024-022497,2024-05-03,8545.24,E0151
GR0017443,PO-2024-022498,2024-01-27,11301.1,E0148
GR0017444,PO-2024-022499,2024-01-30,713.7,E0143
GR0017445,PO-2025-022500,2025-02-22,5906.0,E0153
GR0017446,PO-2024-022501,2024-02-22,4891.88,E0155
GR0017447,PO-2024-022502,2025-01-09,17270.22,E0141
GR0017448,PO-2024-022503,2024-09-13,337.44,E0145
GR0017449,PO-2025-022504,2025-06-21,883.75,E0140
GR0017450,PO-2024-022505,2025-01-06,2475.86,E0153
GR0017451,PO-2025-022506,2025-02-24,340.73,E0147
GR0017452,PO-2025-022506,2025-03-02,271.49,E0151
GR0017453,PO-2024-022507,2024-04-08,4006.14,E0142
GR0017454,PO-2025-022508,2025-06-13,938.02,E0157
GR0017455,PO-2024-022509,2024-08-18,1335.88,E0142
GR0017456,PO-2024-022510,2024-03-25,635.09,E0151
GR0017457,PO-2025-022511,2025-06-02,1280.38,E0155
GR0017458,PO-2024-022512,2024-03-24,917.61,E0140
GR0017459,PO-2024-022513,2024-02-09,317.63,E0152
GR0017460,PO-2024-022514,2024-07-09,2696.96,E0145
GR0017461,PO-2024-022515,2024-06-13,1597.54,E0161
GR0017462,PO-2024-022516,2024-04-29,3984.9,E0154
GR0017463,PO-2024-022517,2024-07-16,1146.12,E0150
GR0017464,PO-2024-022518,2024-09-10,1546.21,E0146
GR0017465,PO-2025-022566,2025-04-09,414.33,E0157
GR0017466,PO-2024-022567,2024-08-09,4064.29,E0162
GR0017467,PO-2025-022568,2025-03-10,6243.3,E0147
GR0017468,PO-2024-022569,2024-10-19,2545.77,E0161
GR0017469,PO-2024-022570,2024-09-08,1721.76,E0143
GR0017470,PO-2024-022571,2024-12-04,1855.48,E0154
GR0017471,PO-2025-022572,2025-07-09,3884.71,E0156
GR0017472,PO-2025-022573,2025-03-22,2153.24,E0161
GR0017473,PO-2024-022574,2024-08-11,5889.44,E0145
GR0017474,PO-2025-022575,2025-06-16,910.18,E0155
GR0017475,PO-2025-022576,2025-04-25,2663.62,E0152
GR0017476,PO-2025-022577,2025-05-26,2821.17,E0143
GR0017477,PO-2024-022578,2024-06-12,2401.14,E0152
GR0017478,PO-2024-022579,2024-02-23,1089.5,E0162
GR0017479,PO-2024-022579,2024-03-08,1234.99,E0147
GR0017480,PO-2024-022580,2024-04-12,13282.89,E0140
GR0017481,PO-2024-022581,2024-12-22,1198.79,E0157
GR0017482,PO-2024-022582,2024-04-25,2919.52,E0144
GR0017483,PO-2025-022583,2025-05-21,475.61,E0156
GR0017484,PO-2025-022584,2025-05-23,317.29,E0143
GR0017485,PO-2024-022585,2024-05-07,950.64,E0153
GR0017486,PO-2025-022586,2025-06-17,1009.77,E0145
GR0017487,PO-2024-022587,2024-06-08,995.13,E0142
GR0017488,PO-2024-022588,2024-02-16,468.94,E0156
GR0017489,PO-2024-022589,2024-03-19,624.03,E0142
GR0017490,PO-2025-022590,2025-03-21,738.52,E0152
GR0017491,PO-2025-022591,2025-05-14,3237.25,E0151
GR0017492,PO-2024-022592,2024-01-10,6302.86,E0143
GR0017493,PO-2024-022592,2024-01-23,7310.11,E0140
GR0017494,PO-2025-022593,2025-04-17,894.29,E0152
GR0017495,PO-2024-022594,2024-12-24,2632.93,E0147
GR0017496,PO-2024-022595,2024-11-02,10759.9,E0142
GR0017497,PO-2024-022596,2024-12-17,645.26,E0151
GR0017498,PO-2024-022597,2024-07-31,7046.84,E0146
GR0017499,PO-2024-022598,2024-03-09,4412.17,E0143
GR0017500,PO-2024-022599,2024-11-21,219.31,E0156
GR0017501,PO-2024-022600,2024-09-08,3760.63,E0161
GR0017502,PO-2025-022601,2025-04-28,9426.53,E0149
GR0017503,PO-2024-022602,2024-06-16,2579.1,E0153
GR0017504,PO-2024-022602,2024-06-29,3659.49,E0152
GR0017505,PO-2024-022603,2024-02-27,1102.26,E0142
GR0017506,PO-2025-022604,2025-06-21,871.2,E0149
GR0017507,PO-2025-022604,2025-07-09,908.91,E0146
GR0017508,PO-2024-022605,2024-07-30,4237.57,E0149
GR0017509,PO-2024-022606,2024-12-17,4387.95,E0160
GR0017510,PO-2025-022607,2025-01-27,1646.7,E0160
GR0017511,PO-2025-022608,2025-04-26,637.34,E0159
GR0017512,PO-2025-022609,2025-06-24,2191.03,E0162
GR0017513,PO-2024-022610,2024-06-03,14386.58,E0146
GR0017514,PO-2024-022611,2024-02-24,789.5,E0145
GR0017515,PO-2025-022612,2025-07-17,7208.62,E0153
GR0017516,PO-2025-022613,2025-01-18,14573.4,E0144
GR0017517,PO-2025-022614,2025-02-11,4924.59,E0161
GR0017518,PO-2024-022615,2024-02-04,3625.24,E0143
GR0017519,PO-2024-022616,2024-03-16,6479.93,E0157
GR0017520,PO-2024-022617,2024-12-22,1396.38,E0159
GR0017521,PO-2024-022618,2024-10-16,1697.37,E0148
GR0017522,PO-2025-022619,2025-01-18,5089.1,E0156
GR0017523,PO-2024-022620,2024-02-19,1453.4,E0147
GR0017524,PO-2024-022621,2024-04-07,5995.01,E0140
GR0017525,PO-2024-022622,2024-10-20,965.21,E0151
GR0017526,PO-2024-022623,2024-11-18,2118.41,E0144
GR0017527,PO-2025-022624,2025-02-09,1913.69,E0143
GR0017528,PO-2025-022624,2025-02-22,1381.07,E0161
GR0017529,PO-2024-022625,2024-04-10,1850.1,E0149
GR0017530,PO-2024-022626,2024-08-31,4821.01,E0159
GR0017531,PO-2025-022627,2025-03-11,1114.95,E0156
GR0017532,PO-2024-022628,2024-05-31,4533.23,E0140
GR0017533,PO-2024-022629,2024-07-10,889.05,E0155
GR0017534,PO-2024-022630,2024-11-13,5578.1,E0141
GR0017535,PO-2025-022631,2025-04-29,18217.33,E0146
GR0017536,PO-2024-022632,2024-03-26,1532.91,E0144
GR0017537,PO-2025-022633,2025-07-02,4645.82,E0144
GR0017538,PO-2025-022634,2025-07-01,349.6,E0160
GR0017539,PO-2025-022635,2025-07-02,5282.93,E0145
GR0017540,PO-2024-022636,2024-09-07,861.97,E0144
GR0017541,PO-2024-022637,2024-05-23,5363.87,E0146
GR0017542,PO-2024-022638,2024-11-12,3612.75,E0159
GR0017543,PO-2024-022639,2024-05-22,12064.05,E0145
GR0017544,PO-2024-022640,2024-11-20,906.24,E0149
GR0017545,PO-2024-022641,2024-04-15,442.46,E0154
GR0017546,PO-2024-022642,2024-07-05,961.45,E0157
GR0017547,PO-2024-022643,2024-11-07,2515.19,E0159
GR0017548,PO-2024-022644,2024-07-27,639.47,E0156
GR0017549,PO-2025-022645,2025-05-21,303.97,E0149
GR0017550,PO-2025-022645,2025-06-09,189.87,E0147
GR0017551,PO-2025-022646,2025-05-06,1920.95,E0142
GR0017552,PO-2024-022647,2024-06-27,4488.97,E0143
GR0017553,PO-2025-022648,2025-02-04,3556.25,E0162
GR0017554,PO-2024-022649,2024-02-18,2028.72,E0154
GR0017555,PO-2024-022649,2024-02-28,2461.29,E0150
GR0017556,PO-2025-022650,2025-06-21,481.78,E0163
GR0017557,PO-2025-022651,2025-06-21,505.37,E0154
GR0017558,PO-2024-022652,2024-03-10,730.34,E0147
GR0017559,PO-2024-022653,2024-08-27,1548.12,E0143
GR0017560,PO-2025-022654,2025-01-24,2085.97,E0154
GR0017561,PO-2025-022655,2025-06-04,212.9,E0156
GR0017562,PO-2024-022656,2024-03-24,3050.23,E0143
GR0017563,PO-2025-022657,2025-04-08,2555.62,E0161
GR0017564,PO-2024-022658,2024-03-26,1232.17,E0162
GR0017565,PO-2024-022658,2024-04-06,1688.01,E0155
GR0017566,PO-2025-022659,2025-02-15,3913.59,E0147
GR0017567,PO-2024-022660,2024-06-25,434.48,E0140
GR0017568,PO-2024-022661,2024-02-16,2945.98,E0141
GR0017569,PO-2025-022662,2025-03-20,1964.68,E0158
GR0017570,PO-2024-022663,2024-02-02,14044.08,E0149
GR0017571,PO-2025-022664,2025-06-10,1695.15,E0145
GR0017572,PO-2024-022665,2024-09-26,103460.56,E0144
GR0017573,PO-2024-022666,2024-11-23,460.44,E0157
GR0017574,PO-2025-022667,2025-07-07,568.14,E0156
GR0017575,PO-2025-022668,2025-03-02,9517.42,E0161
GR0017576,PO-2024-022669,2024-07-31,223.01,E0141
GR0017577,PO-2024-022670,2024-03-26,455.47,E0143
GR0017578,PO-2024-022671,2024-09-26,398.09,E0150
GR0017579,PO-2024-022671,2024-10-10,206.88,E0156
GR0017580,PO-2025-022672,2025-01-22,1801.39,E0148
GR0017581,PO-2025-022673,2025-05-01,554.55,E0146
GR0017582,PO-2024-022674,2024-05-26,208.54,E0153
GR0017583,PO-2025-022675,2025-04-14,685.86,E0162
GR0017584,PO-2025-022675,2025-04-28,399.63,E0140
GR0017585,PO-2024-022676,2024-01-22,6277.38,E0154
GR0017586,PO-2025-022677,2025-03-05,3943.26,E0140
GR0017587,PO-2024-022678,2024-12-03,8621.66,E0149
GR0017588,PO-2024-022679,2024-12-03,11977.12,E0153
GR0017589,PO-2024-022680,2024-09-17,3488.39,E0144
GR0017590,PO-2024-022681,2024-05-04,2861.41,E0162
GR0017591,PO-2024-022682,2024-09-10,1195.0,E0156
GR0017592,PO-2024-022683,2024-08-20,397.96,E0148
GR0017593,PO-2024-022684,2025-01-05,2612.5,E0145
GR0017594,PO-2025-022685,2025-02-15,473.32,E0148
GR0017595,PO-2024-022686,2024-10-13,23825.24,E0152
GR0017596,PO-2024-022687,2024-07-01,2574.21,E0144
GR0017597,PO-2024-022688,2024-06-22,1194.34,E0153
GR0017598,PO-2024-022689,2024-12-24,4722.5,E0151
GR0017599,PO-2025-022690,2025-01-30,152.81,E0161
GR0017600,PO-2024-022691,2024-12-14,1227.79,E0145
GR0017601,PO-2024-022692,2024-09-17,3850.11,E0151
GR0017602,PO-2024-022692,2024-09-26,2806.53,E0142
GR0017603,PO-2024-022693,2024-10-15,1340.07,E0149
GR0017604,PO-2024-022694,2024-03-02,448.02,E0157
GR0017605,PO-2025-022695,2025-07-15,2172.56,E0144
GR0017606,PO-2024-022696,2024-04-17,943.73,E0146
GR0017607,PO-2024-022697,2025-01-03,2843.7,E0153
GR0017608,PO-2024-022698,2024-08-03,8587.25,E0150
GR0017609,PO-2024-022699,2024-11-09,9349.98,E0146
GR0017610,PO-2024-022700,2024-03-29,22670.77,E0140
GR0017611,PO-2024-022701,2024-09-11,1742.14,E0142
GR0017612,PO-2024-022702,2024-02-12,14499.48,E0159
GR0017613,PO-2025-022703,2025-02-23,6474.83,E0162
GR0017614,PO-2024-022704,2024-07-10,32110.99,E0155
GR0017615,PO-2025-022705,2025-06-17,17607.09,E0154
GR0017616,PO-2025-022706,2025-06-19,17567.98,E0142
GR0017617,PO-2024-022707,2024-10-21,10338.77,E0140
GR0017618,PO-2024-022708,2024-08-03,16794.64,E0162
GR0017619,PO-2024-022709,2024-11-27,12799.36,E0160
GR0017620,PO-2024-022710,2024-01-17,8804.22,E0153
GR0017621,PO-2024-022711,2024-09-12,2886.2,E0163
GR0017622,PO-2024-022712,2024-12-09,38748.26,E0159
GR0017623,PO-2024-022713,2024-03-23,5916.0,E0147
GR0017624,PO-2025-022714,2025-05-18,5525.41,E0162
GR0017625,PO-2024-022715,2024-02-25,17761.8,E0163
GR0017626,PO-2025-022716,2025-07-02,4005.8,E0146
GR0017627,PO-2024-022717,2024-08-25,2940.55,E0159
GR0017628,PO-2024-022718,2024-12-18,7516.76,E0150
GR0017629,PO-2025-022719,2025-06-10,6458.71,E0140
GR0017630,PO-2024-022720,2024-07-19,3612.51,E0153
GR0017631,PO-2024-022721,2024-08-05,10483.18,E0155
GR0017632,PO-2025-022722,2025-03-01,11647.81,E0154
GR0017633,PO-2024-022723,2024-03-13,7745.89,E0154
GR0017634,PO-2025-022724,2025-04-14,9496.23,E0153
GR0017635,PO-2025-022725,2025-02-27,5402.68,E0162
GR0017636,PO-2025-022725,2025-03-09,5268.6,E0161
GR0017637,PO-2024-022726,2024-12-04,6698.68,E0141
GR0017638,PO-2024-022727,2024-09-30,4541.12,E0163
GR0017639,PO-2025-022728,2025-06-02,6910.98,E0140
GR0017640,PO-2025-022728,2025-06-15,4668.55,E0157
GR0017641,PO-2024-022729,2024-05-09,6308.55,E0153
GR0017642,PO-2024-022729,2024-05-22,5464.22,E0154
GR0017643,PO-2024-022730,2024-06-16,3606.11,E0154
GR0017644,PO-2024-022731,2024-03-31,12522.26,E0143
GR0017645,PO-2024-022732,2024-05-14,11198.95,E0142
GR0017646,PO-2024-022733,2024-12-27,12850.59,E0141
GR0017647,PO-2024-022733,2025-01-06,12394.4,E0152
GR0017648,PO-2024-022734,2024-05-08,2863.93,E0148
GR0017649,PO-2025-022735,2025-06-16,6478.69,E0162
GR0017650,PO-2025-022735,2025-07-01,9450.89,E0141
GR0017651,PO-2024-022736,2024-10-29,15691.66,E0143
GR0017652,PO-2025-022737,2025-03-03,4854.4,E0144
GR0017653,PO-2025-022737,2025-03-14,2519.15,E0151
GR0017654,PO-2025-022738,2025-07-06,16093.86,E0152
GR0017655,PO-2025-022739,2025-03-27,6230.2,E0141
GR0017656,PO-2024-022740,2024-12-13,17615.74,E0162
GR0017657,PO-2025-022741,2025-04-13,17260.02,E0160
GR0017658,PO-2025-022742,2025-06-02,6661.1,E0140
GR0017659,PO-2024-022743,2024-03-21,15469.84,E0161
GR0017660,PO-2024-022744,2024-08-24,25538.35,E0163
GR0017661,PO-2025-022745,2025-05-04,8731.82,E0157
GR0017662,PO-2025-022746,2025-06-22,27342.29,E0140
GR0017663,PO-2024-022747,2024-12-23,6028.47,E0145
GR0017664,PO-2024-022748,2024-07-27,18671.69,E0157
GR0017665,PO-2024-022749,2024-08-29,48460.83,E0158
GR0017666,PO-2024-022750,2024-12-11,478.71,E0163
GR0017667,PO-2024-022750,2024-12-22,655.32,E0153
GR0017668,PO-2025-022751,2025-04-01,551.24,E0145
GR0017669,PO-2025-022752,2025-04-04,1371.92,E0160
GR0017670,PO-2024-022753,2024-12-20,8648.92,E0160
GR0017671,PO-2025-022754,2025-02-15,3168.14,E0142
GR0017672,PO-2024-022755,2024-12-11,199.17,E0144
GR0017673,PO-2025-022756,2025-05-25,866.44,E0154
GR0017674,PO-2024-022757,2024-07-23,173.06,E0149
GR0017675,PO-2025-022758,2025-06-15,1037.47,E0146
GR0017676,PO-2024-022759,2024-07-24,3430.79,E0162
GR0017677,PO-2025-022760,2025-05-14,3835.96,E0152
GR0017678,PO-2024-022761,2024-07-22,3068.82,E0149
GR0017679,PO-2024-022762,2024-12-26,393.02,E0150
GR0017680,PO-2024-022763,2024-03-05,915.99,E0157
GR0017681,PO-2024-022763,2024-03-19,906.33,E0161
GR0017682,PO-2024-022764,2024-01-21,3888.87,E0160
GR0017683,PO-2024-022765,2024-12-11,3815.4,E0141
GR0017684,PO-2024-022766,2024-06-24,405.73,E0148
GR0017685,PO-2024-022767,2024-11-01,4182.45,E0152
GR0017686,PO-2024-022768,2024-07-11,9309.14,E0158
GR0017687,PO-2025-022769,2025-07-13,214.54,E0150
GR0017688,PO-2024-022770,2024-08-17,252.94,E0153
GR0017689,PO-2024-022771,2024-01-25,2666.89,E0147
GR0017690,PO-2025-022772,2025-01-16,511.05,E0154
GR0017691,PO-2025-022773,2025-07-11,3199.05,E0155
GR0017692,PO-2025-022774,2025-07-11,2092.1,E0142
GR0017693,PO-2024-022775,2024-04-10,1247.53,E0154
GR0017694,PO-2024-022775,2024-04-22,733.72,E0154
GR0017695,PO-2024-022776,2024-06-10,1591.09,E0159
GR0017696,PO-2024-022777,2024-05-01,1189.7,E0160
GR0017697,PO-2024-022778,2024-03-09,5420.54,E0148
GR0017698,PO-2024-022779,2024-02-03,1528.09,E0162
GR0017699,PO-2024-022780,2024-05-10,355.29,E0141
GR0017700,PO-2024-022781,2024-01-26,8053.14,E0159
GR0017701,PO-2025-022782,2025-03-22,1854.46,E0143
GR0017702,PO-2025-022783,2025-07-04,10040.59,E0163
GR0017703,PO-2024-022784,2024-04-17,2617.51,E0157
GR0017704,PO-2024-022785,2024-12-13,15397.44,E0160
GR0017705,PO-2024-022786,2024-07-24,16375.68,E0143
GR0017706,PO-2024-022787,2024-04-09,247.79,E0157
GR0017707,PO-2024-022788,2024-01-11,831.31,E0148
GR0017708,PO-2024-022788,2024-01-24,353.9,E0161
GR0017709,PO-2024-022789,2024-11-10,1711.37,E0163
GR0017710,PO-2025-022790,2025-02-14,288.08,E0140
GR0017711,PO-2025-022791,2025-04-02,4098.66,E0144
GR0017712,PO-2025-022792,2025-01-16,915.52,E0158
GR0017713,PO-2024-022793,2024-05-30,2834.46,E0163
GR0017714,PO-2024-022794,2024-12-12,1392.9,E0140
GR0017715,PO-2025-022795,2025-07-02,620.92,E0157
GR0017716,PO-2025-022795,2025-07-07,286.81,E0144
GR0017717,PO-2024-022796,2024-08-18,6704.78,E0144
GR0017718,PO-2025-022797,2025-01-20,562.02,E0150
GR0017719,PO-2025-022798,2025-06-16,6296.89,E0146
GR0017720,PO-2024-022799,2024-10-05,13048.94,E0154
GR0017721,PO-2024-022800,2024-03-03,1843.03,E0144
GR0017722,PO-2024-022801,2024-04-19,3449.05,E0145
GR0017723,PO-2024-022802,2024-06-03,1281.49,E0140
GR0017724,PO-2024-022803,2024-07-26,6595.89,E0163
GR0017725,PO-2024-022804,2025-01-05,772.68,E0153
GR0017726,PO-2024-022805,2024-07-18,11044.72,E0152
GR0017727,PO-2025-022806,2025-06-22,1029.24,E0143
GR0017728,PO-2024-022807,2024-09-07,118.68,E0151
GR0017729,PO-2024-022808,2024-05-25,1209.0,E0151
GR0017730,PO-2025-022809,2025-04-27,681.07,E0154
GR0017731,PO-2024-022810,2024-08-21,2375.65,E0152
GR0017732,PO-2024-022810,2024-09-07,2937.38,E0142
GR0017733,PO-2024-022811,2024-07-08,1940.22,E0160
GR0017734,PO-2025-022812,2025-01-19,385.25,E0158
GR0017735,PO-2025-022812,2025-01-28,283.06,E0142
GR0017736,PO-2025-022813,2025-02-28,1966.71,E0140
GR0017737,PO-2024-022814,2024-10-31,1196.24,E0148
GR0017738,PO-2024-022815,2024-02-29,7445.07,E0149
GR0017739,PO-2024-022816,2024-09-11,1561.83,E0143
GR0017740,PO-2024-022816,2024-09-23,2063.24,E0143
GR0017741,PO-2025-022817,2025-03-04,644.32,E0151
GR0017742,PO-2025-022817,2025-03-12,840.34,E0152
GR0017743,PO-2024-022818,2024-10-20,4446.02,E0144
GR0017744,PO-2024-022819,2024-07-10,4049.96,E0140
GR0017745,PO-2024-022820,2024-03-18,1145.38,E0142
GR0017746,PO-2025-022821,2025-06-13,994.75,E0159
GR0017747,PO-2025-022821,2025-07-01,509.44,E0155
GR0017748,PO-2024-022822,2024-04-08,1257.36,E0156
GR0017749,PO-2024-022823,2024-08-26,539.78,E0151
GR0017750,PO-2024-022824,2025-01-11,2034.4,E0156
GR0017751,PO-2024-022825,2025-01-10,1357.36,E0163
GR0017752,PO-2025-022826,2025-06-26,1156.92,E0157
GR0017753,PO-2025-022827,2025-05-14,3254.56,E0162
GR0017754,PO-2024-022828,2024-09-24,620.44,E0152
GR0017755,PO-2024-022829,2024-10-04,1735.17,E0163
GR0017756,PO-2025-022830,2025-07-07,941.93,E0141
GR0017757,PO-2025-022831,2025-01-28,1920.32,E0154
GR0017758,PO-2025-022831,2025-02-10,2760.1,E0148
GR0017759,PO-2024-022832,2024-05-24,3668.97,E0146
GR0017760,PO-2024-022833,2024-08-01,2066.0,E0158
GR0017761,PO-2024-022833,2024-08-18,1309.69,E0148
GR0017762,PO-2025-022834,2025-04-17,5106.68,E0151
GR0017763,PO-2025-022834,2025-04-27,5330.62,E0148
GR0017764,PO-2024-022835,2024-11-23,1771.62,E0149
GR0017765,PO-2025-022836,2025-04-09,1373.51,E0143
GR0017766,PO-2025-022837,2025-01-19,3261.35,E0161
GR0017767,PO-2024-022838,2024-04-19,3165.16,E0140
GR0017768,PO-2025-022839,2025-06-01,4246.65,E0148
GR0017769,PO-2025-022840,2025-04-30,2964.41,E0157
GR0017770,PO-2025-022841,2025-03-22,6933.69,E0160
GR0017771,PO-2024-022842,2024-09-25,2246.05,E0142
GR0017772,PO-2025-022843,2025-04-14,3282.56,E0150
GR0017773,PO-2024-022844,2024-03-06,300.78,E0141
GR0017774,PO-2024-022845,2024-06-29,10537.63,E0161
GR0017775,PO-2024-022846,2024-08-04,1074.35,E0145
GR0017776,PO-2025-022847,2025-03-07,2616.25,E0159
GR0017777,PO-2024-022848,2024-12-29,5042.33,E0145
GR0017779,PO-2025-022972,2025-05-01,7856.9,E0147
GR0017780,PO-2024-022973,2024-08-01,7974.45,E0157
GR0017783,PO-2024-022976,2024-08-05,4253.04,E0149
GR0017784,PO-2024-022977,2024-08-15,362.57,E0143
GR0017785,PO-2024-022978,2024-11-07,2284.28,E0141
GR0017786,PO-2024-022978,2024-11-24,1647.36,E0149
GR0017787,PO-2024-022979,2024-03-16,159.55,E0143
GR0017788,PO-2024-022980,2024-02-12,22351.04,E0145
GR0017790,PO-2025-022982,2025-06-20,1254.5,E0152
GR0017792,PO-2024-022984,2024-09-23,1306.36,E0146
GR0017793,PO-2025-022985,2025-06-30,2123.73,E0147
GR0017794,PO-2024-022986,2024-11-11,9035.2,E0156
GR0017796,PO-2024-022988,2024-12-22,2637.18,E0161
GR0017797,PO-2024-022989,2024-01-17,3160.57,E0153
GR0017798,PO-2024-022990,2024-02-18,3938.12,E0140
GR0017799,PO-2025-022991,2025-02-24,5856.45,E0152
GR0017801,PO-2024-022993,2024-03-29,3505.6,E0159
GR0017802,PO-2024-022994,2024-08-28,968.7,E0142
GR0017803,PO-2025-022995,2025-04-04,2093.43,E0140
GR0017804,PO-2025-022996,2025-05-24,8044.88,E0161
GR0017805,PO-2024-022997,2024-10-18,3677.53,E0140
GR0017806,PO-2024-022998,2024-09-26,15518.25,E0154
GR0017807,PO-2025-022999,2025-02-14,1116.9,E0160
GR0017808,PO-2025-023000,2025-04-21,2858.91,E0141
GR0017809,PO-2025-023001,2025-06-30,2509.16,E0153
GR0017810,PO-2024-023002,2024-08-16,19274.16,E0148
GR0017811,PO-2025-023003,2025-06-12,1745.52,E0160
GR0017812,PO-2025-023004,2025-03-13,1683.13,E0160
GR0017813,PO-2024-023005,2024-09-01,2624.97,E0143
GR0017814,PO-2024-023005,2024-09-07,1521.63,E0160
GR0017816,PO-2024-023007,2024-01-23,552.97,E0144
GR0017817,PO-2025-023008,2025-05-18,2545.44,E0150
GR0017818,PO-2024-023009,2024-03-22,927.06,E0141
GR0017819,PO-2025-023010,2025-02-10,5450.25,E0156
GR0017822,PO-2024-023013,2024-06-05,27021.03,E0156
GR0017823,PO-2025-023014,2025-04-30,4402.11,E0162
GR0017824,PO-2025-023015,2025-04-30,3558.17,E0144
GR0017825,PO-2024-023016,2024-08-02,2926.43,E0159
GR0017826,PO-2024-023017,2024-05-27,2542.82,E0160
GR0017827,PO-2024-023018,2024-09-19,12673.93,E0146
GR0017828,PO-2025-023019,2025-01-26,764.24,E0156
GR0017829,PO-2024-023020,2024-10-19,5808.29,E0142
GR0017830,PO-2025-023021,2025-03-07,14304.84,E0141
GR0017831,PO-2025-023022,2025-07-14,15117.08,E0145
GR0017832,PO-2024-023023,2024-08-06,8895.9,E0140
GR0017833,PO-2024-023024,2024-11-12,2777.34,E0145
GR0017834,PO-2025-023025,2025-06-07,4213.8,E0146
GR0017835,PO-2024-023026,2024-11-04,3400.96,E0155
GR0017836,PO-2024-023026,2024-11-15,3201.37,E0148
GR0017837,PO-2024-023027,2024-06-11,3565.89,E0153
GR0017838,PO-2025-023028,2025-05-11,7656.29,E0152
GR0017839,PO-2024-023029,2024-09-09,9651.4,E0151
GR0017840,PO-2024-023030,2024-10-02,10725.78,E0151
GR0017841,PO-2024-023030,2024-10-14,4970.38,E0145
GR0017842,PO-2024-023031,2024-04-20,26419.22,E0150
GR0017843,PO-2025-023032,2025-04-09,1750.15,E0163
GR0017844,PO-2025-023032,2025-04-20,2152.24,E0160
GR0017845,PO-2025-023033,2025-05-22,2489.44,E0158
GR0017846,PO-2024-023034,2024-12-22,3639.06,E0160
GR0017847,PO-2024-023035,2024-08-10,4540.49,E0162
GR0017848,PO-2024-023036,2024-03-17,19168.13,E0144
GR0017849,PO-2025-023037,2025-01-21,2837.51,E0148
GR0017850,PO-2025-023038,2025-05-20,5652.56,E0161
GR0017851,PO-2024-023039,2024-04-07,1436.83,E0158
GR0017852,PO-2024-023040,2024-01-17,1001.2,E0161
GR0017853,PO-2024-023041,2024-07-29,72369.4,E0146
GR0017854,PO-2025-023042,2025-05-20,6011.2,E0143
GR0017855,PO-2024-023043,2024-09-06,794.04,E0162
GR0017856,PO-2024-023044,2024-01-22,1974.22,E0149
GR0017857,PO-2025-023045,2025-03-01,513.68,E0152
GR0017858,PO-2024-023046,2024-04-06,214.35,E0145
GR0017859,PO-2024-023047,2024-06-08,1304.52,E0158
GR0017860,PO-2025-023048,2025-01-23,2729.31,E0163
GR0017861,PO-2024-023049,2024-09-02,887.17,E0156
GR0017862,PO-2025-023050,2025-05-30,638.41,E0147
GR0017863,PO-2025-023050,2025-06-16,453.23,E0146
GR0017864,PO-2025-023051,2025-03-15,1180.38,E0157
GR0017865,PO-2024-023052,2024-11-18,190.29,E0154
GR0017866,PO-2024-023053,2024-02-04,16590.75,E0163
GR0017867,PO-2025-023054,2025-04-27,5321.83,E0160
GR0017868,PO-2024-023055,2024-12-12,1302.09,E0159
GR0017869,PO-2025-023056,2025-03-25,613.64,E0160
GR0017870,PO-2024-023057,2024-02-27,5255.29,E0158
GR0017871,PO-2024-023058,2024-09-02,2141.56,E0145
GR0017872,PO-2024-023059,2024-02-02,808.94,E0151
GR0017873,PO-2024-023060,2024-10-28,754.9,E0150
GR0017874,PO-2025-023061,2025-02-10,2782.43,E0155
GR0017875,PO-2025-023062,2025-01-31,940.21,E0140
GR0017876,PO-2024-023063,2024-03-27,1649.12,E0159
GR0017877,PO-2025-023064,2025-06-21,435.81,E0150
GR0017878,PO-2025-023065,2025-05-25,2106.72,E0146
GR0017879,PO-2025-023066,2025-03-05,314.15,E0140
GR0017880,PO-2024-023067,2024-09-09,1072.37,E0163
GR0017881,PO-2024-023067,2024-09-16,1098.6,E0158
GR0017882,PO-2024-023068,2024-07-30,1290.57,E0155
GR0017883,PO-2024-023068,2024-08-14,918.24,E0148
GR0017884,PO-2024-023069,2024-02-26,967.43,E0140
GR0017885,PO-2024-023069,2024-03-15,757.66,E0158
GR0017886,PO-2024-023070,2024-10-07,1009.45,E0147
GR0017887,PO-2024-023071,2024-03-05,1826.11,E0153
GR0017888,PO-2024-023071,2024-03-19,2029.37,E0157
GR0017889,PO-2025-023072,2025-06-02,1483.17,E0159
GR0017890,PO-2024-023073,2024-10-20,4909.83,E0142
GR0017891,PO-2024-023074,2024-07-01,4766.96,E0151
GR0017892,PO-2024-023075,2024-07-18,4325.79,E0153
GR0017893,PO-2024-023076,2024-09-17,2174.39,E0144
GR0017894,PO-2024-023076,2024-10-02,2705.59,E0152
GR0017895,PO-2024-023077,2024-04-01,12792.44,E0140
GR0017896,PO-2024-023090,2024-05-24,6601.28,E0148
GR0017897,PO-2025-023091,2025-07-12,18005.06,E0145
GR0017898,PO-2024-023092,2024-12-28,2595.14,E0151
GR0017899,PO-2024-023093,2024-11-20,10628.9,E0144
GR0017900,PO-2024-023094,2024-05-21,1414.19,E0161
GR0017901,PO-2024-023095,2024-09-29,2288.66,E0142
GR0017902,PO-2024-023096,2024-03-28,2595.31,E0150
GR0017903,PO-2024-023097,2024-09-15,4787.2,E0161
GR0017904,PO-2024-023098,2024-03-04,2001.86,E0155
GR0017905,PO-2025-023099,2025-03-21,400.16,E0162
GR0017906,PO-2024-023100,2024-04-20,4385.64,E0148
GR0017907,PO-2024-023101,2024-04-19,1914.71,E0149
GR0017908,PO-2024-023102,2024-04-06,5269.37,E0154
GR0017909,PO-2024-023103,2024-08-27,10820.84,E0153
GR0017910,PO-2024-023104,2024-09-17,2426.19,E0142
GR0017911,PO-2024-023105,2024-07-29,4146.51,E0155
GR0017912,PO-2024-023106,2024-08-05,13505.2,E0152
GR0017913,PO-2024-023107,2024-08-30,2814.36,E0149
GR0017914,PO-2025-023108,2025-04-16,1370.43,E0146
GR0017915,PO-2025-023109,2025-03-24,471.83,E0162
GR0017916,PO-2025-023153,2025-04-13,2496.64,E0161
GR0017917,PO-2024-023154,2024-08-22,4657.69,E0150
GR0017918,PO-2024-023155,2024-02-02,4039.34,E0163
GR0017919,PO-2024-023156,2024-11-16,14549.19,E0158
GR0017920,PO-2024-023157,2024-11-21,4773.88,E0149
GR0017921,PO-2025-023158,2025-06-26,10694.9,E0143
GR0017922,PO-2024-023159,2024-06-26,1989.28,E0147
GR0017923,PO-2025-023160,2025-02-25,2168.62,E0143
GR0017924,PO-2024-023161,2024-08-13,1371.88,E0148
GR0017925,PO-2024-023162,2024-04-17,291.63,E0157
GR0017926,PO-2024-023171,2024-03-06,13108.77,E0149
GR0017927,PO-2024-023172,2024-09-03,7623.52,E0142
GR0017928,PO-2025-023173,2025-06-18,1218.36,E0150
GR0017929,PO-2024-023174,2024-12-08,4195.98,E0146
GR0017930,PO-2025-023175,2025-02-01,2366.3,E0159
GR0017931,PO-2025-023176,2025-06-21,26642.67,E0144
GR0017932,PO-2025-023176,2025-07-04,19395.53,E0151
GR0017933,PO-2024-023177,2024-11-15,16928.22,E0145
GR0017934,PO-2025-023178,2025-04-13,15190.34,E0156
GR0017935,PO-2024-023179,2024-06-06,17971.13,E0145
GR0017936,PO-2025-023180,2025-04-23,3670.23,E0160
GR0017937,PO-2025-023181,2025-05-28,2159.67,E0157
GR0017938,PO-2024-023182,2024-04-02,7465.61,E0141
GR0017939,PO-2025-023183,2025-05-08,7116.79,E0148
GR0017940,PO-2025-023184,2025-01-19,9527.69,E0162
GR0017941,PO-2024-023185,2024-06-03,5321.74,E0162
GR0017942,PO-2024-023186,2024-06-06,15571.42,E0146
GR0017943,PO-2024-023187,2024-03-18,11176.44,E0157
GR0017944,PO-2024-023235,2024-08-24,27822.56,E0140
GR0017945,PO-2025-023236,2025-06-12,18762.4,E0151
GR0017946,PO-2025-023237,2025-04-23,108183.94,E0155
GR0017947,PO-2025-023238,2025-03-05,816.79,E0141
GR0017948,PO-2025-023239,2025-03-18,10791.84,E0159
GR0017949,PO-2024-023240,2024-11-23,5690.1,E0147
GR0017950,PO-2024-023241,2024-10-14,23013.79,E0141
GR0017951,PO-2025-023242,2025-05-20,5873.58,E0153
GR0017952,PO-2024-023243,2024-12-22,3147.08,E0158
GR0017953,PO-2025-023244,2025-03-17,6726.64,E0144
GR0017954,PO-2025-023245,2025-07-10,363.05,E0150
GR0017955,PO-2024-023246,2024-07-04,2162.83,E0161
GR0017956,PO-2024-023246,2024-07-20,2553.93,E0154
GR0017957,PO-2025-023247,2025-01-20,7629.35,E0159
GR0017958,PO-2024-023248,2024-10-27,721.12,E0157
GR0017959,PO-2024-023248,2024-11-10,564.44,E0148
GR0017960,PO-2025-023249,2025-04-09,4929.58,E0158
GR0017961,PO-2025-023250,2025-01-15,666.42,E0146
GR0017962,PO-2024-023251,2024-01-20,1311.02,E0148
GR0017963,PO-2024-023252,2024-05-27,4654.99,E0151
GR0017964,PO-2024-023253,2024-04-22,2502.54,E0156
GR0017965,PO-2024-023253,2024-04-29,1277.63,E0144
GR0017966,PO-2025-023254,2025-06-13,2277.57,E0151
GR0017967,PO-2024-023255,2024-03-14,5248.79,E0144
GR0017968,PO-2025-023256,2025-05-20,10847.16,E0148
GR0017969,PO-2024-023257,2024-12-29,8251.53,E0153
GR0017970,PO-2025-023258,2025-04-12,4298.19,E0162
GR0017971,PO-2025-023259,2025-05-25,5659.54,E0162
GR0017972,PO-2025-023260,2025-03-21,45339.14,E0152
GR0017973,PO-2024-023261,2024-06-03,1017.39,E0145
GR0017974,PO-2025-023262,2025-04-14,3679.71,E0155
GR0017975,PO-2024-023263,2024-12-24,2075.59,E0146
GR0017976,PO-2024-023264,2024-04-27,939.19,E0141
GR0017977,PO-2025-023265,2025-05-21,2735.47,E0161
GR0017978,PO-2024-023266,2024-11-03,2004.61,E0149
GR0017979,PO-2024-023267,2024-02-23,7762.18,E0158
GR0017980,PO-2025-023268,2025-02-27,10053.85,E0156
GR0017981,PO-2024-023269,2024-12-20,11485.13,E0160
GR0017982,PO-2024-023269,2025-01-02,8762.49,E0159
GR0017983,PO-2024-023270,2024-10-16,2764.87,E0141
GR0017984,PO-2025-023271,2025-02-15,528.61,E0159
GR0017985,PO-2025-023271,2025-03-02,342.34,E0147
GR0017986,PO-2024-023272,2025-01-04,16760.38,E0146
GR0017987,PO-2024-023273,2024-01-11,872.22,E0162
GR0017988,PO-2024-023274,2024-01-13,2584.11,E0154
GR0017989,PO-2024-023275,2024-12-26,4669.98,E0163
GR0017990,PO-2025-023276,2025-02-10,17434.6,E0153
GR0017991,PO-2024-023277,2024-06-30,10099.9,E0146
GR0017992,PO-2025-023278,2025-06-07,3917.74,E0161
GR0017993,PO-2024-023279,2024-06-25,1486.19,E0146
GR0017994,PO-2025-023280,2025-04-29,7463.84,E0146
GR0017995,PO-2024-023281,2025-01-02,9341.85,E0152
GR0017996,PO-2024-023282,2024-09-26,1510.59,E0140
GR0017997,PO-2024-023283,2024-02-14,13766.45,E0162
GR0017998,PO-2024-023284,2025-01-07,21044.88,E0141
GR0017999,PO-2024-023285,2024-07-05,10106.5,E0155
GR0018000,PO-2024-023286,2024-05-13,6170.85,E0154
GR0018001,PO-2024-023287,2024-12-04,3125.62,E0144
GR0018002,PO-2024-023287,2024-12-13,3684.63,E0156
GR0018003,PO-2024-023288,2024-12-10,3119.98,E0147
GR0018004,PO-2024-023289,2024-03-30,1289.19,E0163
GR0018005,PO-2024-023290,2024-10-17,2654.52,E0151
GR0018006,PO-2025-023291,2025-05-21,3155.51,E0160
GR0018007,PO-2025-023292,2025-02-15,1884.39,E0158
GR0018008,PO-2025-023293,2025-01-23,6681.23,E0154
GR0018009,PO-2025-023294,2025-03-05,357.34,E0141
GR0018010,PO-2024-023295,2024-09-22,2635.05,E0157
GR0018011,PO-2024-023296,2024-02-18,2888.64,E0153
GR0018012,PO-2024-023297,2024-08-01,828.65,E0142
GR0018013,PO-2024-023298,2024-12-25,4335.95,E0161
GR0018014,PO-2024-023299,2024-04-04,2332.62,E0148
GR0018015,PO-2024-023300,2024-08-25,41110.52,E0162
GR0018016,PO-2024-023301,2024-09-23,5936.14,E0153
GR0018017,PO-2025-023302,2025-03-26,24153.16,E0148
GR0018018,PO-2024-023303,2024-06-18,9048.76,E0140
GR0018019,PO-2025-023304,2025-06-14,3949.44,E0156
GR0018020,PO-2025-023305,2025-03-27,8553.9,E0142
GR0018021,PO-2024-023306,2024-01-13,5114.5,E0154
GR0018022,PO-2024-023306,2024-01-22,3197.44,E0152
GR0018023,PO-2024-023307,2024-04-30,7247.19,E0163
GR0018024,PO-2024-023308,2024-02-21,5411.02,E0163
GR0018025,PO-2025-023309,2025-07-06,3252.41,E0156
GR0018026,PO-2024-023310,2024-12-31,1172.45,E0141
GR0018027,PO-2024-023310,2025-01-15,1337.92,E0141
GR0018028,PO-2024-023311,2024-12-31,13297.13,E0150
GR0018029,PO-2024-023312,2024-11-19,21559.06,E0156
GR0018030,PO-2025-023313,2025-06-12,13654.05,E0140
GR0018031,PO-2024-023314,2024-12-31,1453.81,E0159
GR0018032,PO-2024-023314,2025-01-06,2099.26,E0149
GR0018033,PO-2024-023315,2024-02-23,3632.61,E0162
GR0018034,PO-2025-023316,2025-02-25,8644.03,E0149
GR0018035,PO-2025-023349,2025-02-17,667.86,E0152
GR0018036,PO-2025-023349,2025-02-22,890.91,E0154
GR0018037,PO-2024-023350,2024-05-11,346.54,E0155
GR0018038,PO-2024-023350,2024-05-23,199.72,E0157
GR0018039,PO-2024-023351,2024-06-26,9630.99,E0141
GR0018040,PO-2025-023352,2025-02-15,4991.91,E0147
GR0018041,PO-2024-023353,2024-06-07,423.62,E0142
GR0018042,PO-2024-023354,2024-04-05,7559.13,E0153
GR0018043,PO-2025-023355,2025-04-13,1514.54,E0149
GR0018044,PO-2024-023356,2024-12-10,1561.09,E0140
GR0018045,PO-2025-023357,2025-04-07,2175.71,E0151
GR0018046,PO-2024-023358,2024-06-26,2846.24,E0144
GR0018047,PO-2025-023359,2025-03-14,836.22,E0142
GR0018048,PO-2024-023360,2025-01-08,6576.66,E0154
GR0018049,PO-2024-023361,2024-08-20,2467.18,E0145
GR0018050,PO-2024-023362,2024-11-21,1666.16,E0155
GR0018051,PO-2024-023363,2024-03-16,1102.25,E0149
GR0018052,PO-2025-023364,2025-02-26,2004.71,E0152
GR0018053,PO-2024-023365,2024-02-08,1503.9,E0147
GR0018054,PO-2024-023366,2024-08-14,2839.2,E0155
GR0018055,PO-2024-023367,2024-05-28,1082.28,E0157
GR0018056,PO-2025-023368,2025-02-19,3796.11,E0149
GR0018057,PO-2025-023369,2025-06-19,714.08,E0157
GR0018058,PO-2024-023370,2024-03-31,975.41,E0145
GR0018059,PO-2024-023371,2024-04-09,1827.36,E0151
GR0018060,PO-2024-023372,2024-05-09,5095.17,E0146
GR0018061,PO-2024-023373,2024-12-14,1211.6,E0159
GR0018062,PO-2024-023374,2024-06-18,7969.3,E0158
GR0018063,PO-2024-023375,2024-06-24,6422.35,E0158
GR0018064,PO-2025-023376,2025-05-02,3049.36,E0155
GR0018065,PO-2024-023377,2024-12-22,4340.32,E0144
GR0018066,PO-2024-023378,2024-12-18,4074.44,E0140
GR0018067,PO-2024-023379,2025-01-11,2965.03,E0143
GR0018068,PO-2025-023380,2025-04-30,1956.87,E0153
GR0018069,PO-2024-023381,2024-05-27,1397.31,E0152
GR0018070,PO-2024-023382,2024-08-10,565.48,E0153
GR0018071,PO-2024-023383,2024-10-08,4215.41,E0141
GR0018072,PO-2024-023384,2024-04-30,1433.67,E0150
GR0018073,PO-2025-023385,2025-03-21,1346.27,E0151
GR0018074,PO-2025-023386,2025-05-05,1500.5,E0142
GR0018075,PO-2025-023387,2025-06-28,10199.35,E0161
GR0018076,PO-2024-023388,2024-08-26,2065.5,E0161
GR0018077,PO-2025-023389,2025-05-11,4809.06,E0150
GR0018078,PO-2025-023389,2025-05-15,3003.66,E0149
GR0018079,PO-2025-023390,2025-04-06,19145.38,E0159
GR0018080,PO-2024-023391,2024-04-09,4501.25,E0162
GR0018081,PO-2024-023392,2024-09-18,3023.64,E0160
GR0018082,PO-2024-023393,2024-11-30,3538.22,E0153
GR0018083,PO-2025-023394,2025-02-05,3506.84,E0144
GR0018084,PO-2024-023395,2024-11-30,10315.19,E0155
GR0018085,PO-2025-023396,2025-03-12,5842.17,E0156
GR0018086,PO-2024-023397,2024-08-11,2966.44,E0155
GR0018087,PO-2025-023398,2025-07-16,2346.19,E0142
GR0018088,PO-2025-023398,2025-07-18,2489.98,E0143
GR0018089,PO-2025-023399,2025-07-12,6576.55,E0151
GR0018090,PO-2024-023400,2024-09-28,2999.04,E0152
GR0018091,PO-2024-023401,2024-06-14,550.25,E0158
GR0018092,PO-2024-023401,2024-06-30,512.91,E0157
GR0018093,PO-2025-023402,2025-05-29,7411.04,E0147
GR0018094,PO-2024-023403,2024-09-19,4889.81,E0156
GR0018095,PO-2024-023404,2024-08-01,2680.49,E0142
GR0018096,PO-2025-023405,2025-06-16,1770.57,E0141
GR0018097,PO-2024-023406,2024-05-22,2653.86,E0150
GR0018098,PO-2024-023407,2024-08-24,6081.38,E0146
GR0018099,PO-2024-023408,2024-10-04,880.29,E0160
GR0018100,PO-2024-023409,2024-06-07,1221.39,E0141
GR0018101,PO-2024-023409,2024-06-19,804.64,E0143
GR0018102,PO-2025-023410,2025-04-12,2805.96,E0157
GR0018103,PO-2024-023411,2024-11-05,8478.97,E0157
GR0018104,PO-2024-023412,2024-07-07,2076.52,E0154
GR0018105,PO-2024-023412,2024-07-28,1043.41,E0143
GR0018106,PO-2025-023413,2025-04-03,1869.3,E0152
GR0018107,PO-2024-023414,2024-02-26,7660.1,E0150
GR0018108,PO-2024-023415,2024-06-29,441.59,E0153
GR0018109,PO-2025-023416,2025-03-30,510.07,E0141
GR0018110,PO-2025-023416,2025-04-10,247.53,E0154
GR0018111,PO-2024-023417,2024-01-12,146.09,E0157
GR0018112,PO-2024-023418,2025-01-04,2194.15,E0144
GR0018113,PO-2025-023419,2025-06-06,1514.59,E0148
GR0018114,PO-2024-023420,2024-03-08,2542.13,E0147
GR0018115,PO-2024-023421,2024-08-03,167.17,E0151
GR0018116,PO-2025-023422,2025-02-24,3945.51,E0143
GR0018117,PO-2024-023423,2024-12-30,8285.93,E0141
GR0018118,PO-2024-023424,2024-12-10,6637.59,E0156
GR0018119,PO-2024-023425,2024-11-06,6079.17,E0141
GR0018120,PO-2024-023425,2024-11-15,2622.17,E0154
GR0018121,PO-2024-023426,2024-05-25,1939.68,E0155
GR0018122,PO-2024-023427,2024-07-20,7127.46,E0153
GR0018123,PO-2025-023428,2025-06-03,1405.28,E0160
GR0018124,PO-2024-023429,2024-08-31,70587.06,E0161
GR0018125,PO-2024-023430,2024-08-23,1940.12,E0157
GR0018126,PO-2024-023430,2024-08-29,1712.42,E0161
GR0018127,PO-2024-023431,2024-09-27,2205.46,E0154
GR0018128,PO-2024-023432,2024-04-22,10123.4,E0153
GR0018129,PO-2024-023432,2024-05-02,4856.96,E0158
GR0018130,PO-2025-023433,2025-07-02,32366.41,E0157
GR0018131,PO-2024-023434,2024-05-18,14185.09,E0147
GR0018132,PO-2024-023435,2024-12-01,1145.34,E0163
GR0018133,PO-2025-023436,2025-06-10,21697.17,E0140
GR0018134,PO-2025-023436,2025-06-23,22887.77,E0142
GR0018135,PO-2025-023437,2025-03-08,11890.25,E0143
GR0018136,PO-2024-023438,2024-09-24,16706.37,E0142
GR0018137,PO-2024-023439,2024-02-10,10237.43,E0143
GR0018138,PO-2024-023440,2024-08-18,20669.28,E0152
GR0018139,PO-2024-023441,2024-05-07,22009.02,E0145
GR0018140,PO-2024-023442,2024-06-07,1436.61,E0157
GR0018141,PO-2024-023443,2024-10-09,3987.63,E0152
GR0018142,PO-2024-023444,2024-01-29,8919.14,E0142
GR0018143,PO-2024-023445,2025-01-02,3308.01,E0147
GR0018144,PO-2024-023445,2025-01-05,2918.16,E0145
GR0018145,PO-2024-023446,2024-02-06,8094.18,E0158
GR0018146,PO-2025-023447,2025-03-10,6084.96,E0156
GR0018147,PO-2025-023448,2025-01-16,24232.19,E0148
GR0018148,PO-2024-023449,2024-12-06,3318.62,E0149
GR0018149,PO-2025-023450,2025-06-26,9930.46,E0158
GR0018150,PO-2024-023451,2024-09-19,4013.97,E0140
GR0018151,PO-2024-023452,2024-12-08,3313.22,E0161
GR0018152,PO-2024-023453,2024-09-14,1452.71,E0144
GR0018153,PO-2025-023454,2025-01-17,6747.97,E0154
GR0018154,PO-2025-023455,2025-02-14,7286.31,E0160
GR0018155,PO-2024-023456,2024-05-31,8287.11,E0149
GR0018156,PO-2024-023457,2024-02-13,33086.23,E0162
GR0018157,PO-2024-023458,2024-06-14,3109.54,E0141
GR0018158,PO-2025-023459,2025-03-21,1180.41,E0142
GR0018159,PO-2024-023460,2024-03-05,15348.34,E0158
GR0018160,PO-2024-023461,2025-01-02,45654.9,E0140
GR0018161,PO-2024-023462,2024-11-07,1068.8,E0159
GR0018162,PO-2025-023463,2025-01-24,7145.04,E0160
GR0018163,PO-2024-023464,2024-11-07,6044.41,E0151
GR0018164,PO-2025-023465,2025-05-25,1784.56,E0153
GR0018165,PO-2025-023466,2025-04-20,2474.06,E0155
GR0018166,PO-2024-023467,2024-11-29,54829.04,E0163
GR0018167,PO-2024-023468,2024-10-23,2468.85,E0144
GR0018168,PO-2024-023469,2024-08-21,10214.47,E0145
GR0018169,PO-2024-023470,2024-09-27,6881.21,E0150
GR0018170,PO-2025-023471,2025-05-01,3470.03,E0158
GR0018171,PO-2024-023472,2024-10-23,3013.37,E0142
GR0018172,PO-2024-023473,2024-07-13,3012.6,E0146
GR0018173,PO-2024-023474,2024-02-08,10047.22,E0144
GR0018174,PO-2024-023474,2024-02-15,4613.81,E0160
GR0018175,PO-2024-023475,2024-09-15,3633.16,E0152
GR0018176,PO-2025-023476,2025-05-25,13551.11,E0152
GR0018177,PO-2025-023477,2025-05-25,4804.23,E0141
GR0018178,PO-2024-023478,2024-11-24,4731.66,E0161
GR0018179,PO-2024-023479,2024-04-16,89951.35,E0163
GR0018180,PO-2025-023480,2025-05-10,25369.79,E0140
GR0018181,PO-2024-023481,2024-12-01,7191.03,E0163
GR0018182,PO-2024-023482,2024-06-07,4068.03,E0150
GR0018183,PO-2025-023483,2025-04-28,2779.2,E0162
GR0018184,PO-2024-023484,2024-05-21,33875.47,E0163
GR0018185,PO-2024-023485,2024-07-30,19936.06,E0155
GR0018186,PO-2025-023486,2025-02-07,5211.7,E0149
GR0018187,PO-2024-023487,2024-08-05,5134.97,E0158
GR0018188,PO-2024-023488,2024-06-17,6380.11,E0146
GR0018189,PO-2024-023488,2024-06-26,8263.19,E0163
GR0018190,PO-2024-023489,2024-12-25,2379.63,E0152
GR0018191,PO-2024-023489,2025-01-08,3249.55,E0157
GR0018192,PO-2024-023490,2024-07-18,1259.66,E0158
GR0018193,PO-2024-023490,2024-07-25,928.23,E0146
GR0018194,PO-2024-023491,2024-07-25,3594.37,E0155
GR0018195,PO-2024-023492,2024-08-23,3513.22,E0148
GR0018196,PO-2024-023493,2024-12-26,142.17,E0150
GR0018197,PO-2024-023494,2024-02-14,374.94,E0144
GR0018198,PO-2025-023495,2025-01-30,503.99,E0158
GR0018199,PO-2025-023837,2025-01-31,1794.39,E0163
GR0018200,PO-2024-023838,2024-12-27,81.62,E0149
GR0018201,PO-2024-023838,2025-01-12,37.83,E0146
GR0018202,PO-2024-023839,2024-01-04,930.05,E0142
GR0018203,PO-2024-023840,2025-01-03,1757.25,E0158
GR0018204,PO-2024-023840,2025-01-15,1222.67,E0161
GR0018205,PO-2024-023841,2024-04-23,4382.5,E0144
GR0018206,PO-2025-023842,2025-03-01,1227.72,E0155
GR0018207,PO-2024-023843,2024-04-06,1623.86,E0147
GR0018208,PO-2024-023844,2024-06-15,377.98,E0148
GR0018209,PO-2024-023845,2024-02-09,3998.32,E0158
GR0018210,PO-2024-023846,2024-11-26,1405.77,E0158
GR0018211,PO-2024-023846,2024-12-04,1102.88,E0146
GR0018212,PO-2024-023847,2024-04-29,3897.63,E0155
GR0018213,PO-2024-023848,2024-09-11,1118.16,E0148
GR0018214,PO-2024-023848,2024-09-19,1079.38,E0162
GR0018215,PO-2025-023849,2025-06-02,10848.34,E0148
GR0018216,PO-2024-023850,2024-01-30,5453.96,E0154
GR0018217,PO-2024-023851,2024-02-17,3267.46,E0145
GR0018218,PO-2024-023852,2024-08-30,3982.33,E0152
GR0018219,PO-2024-023853,2024-12-31,5430.56,E0153
GR0018220,PO-2025-023854,2025-06-07,25046.43,E0140
GR0018221,PO-2024-023855,2024-05-05,6373.68,E0142
GR0018222,PO-2025-023856,2025-01-29,1460.28,E0144
GR0018223,PO-2024-023857,2024-09-05,1024.16,E0140
GR0018224,PO-2024-023858,2024-12-05,2782.82,E0153
GR0018225,PO-2025-023859,2025-03-02,3958.98,E0155
GR0018226,PO-2025-023860,2025-06-16,6298.76,E0159
GR0018227,PO-2024-023861,2024-10-08,26990.89,E0158
GR0018228,PO-2024-023862,2024-12-20,1566.93,E0161
GR0018229,PO-2025-023863,2025-01-15,7433.68,E0140
GR0018230,PO-2024-023864,2024-09-03,7956.6,E0154
GR0018231,PO-2024-023865,2024-11-27,6308.6,E0148
GR0018232,PO-2024-023866,2024-11-26,4194.87,E0158
GR0018233,PO-2025-023867,2025-07-08,10022.62,E0162
GR0018234,PO-2024-023868,2024-04-25,16862.32,E0142
GR0018235,PO-2024-023869,2024-09-19,8686.91,E0146
GR0018236,PO-2025-023870,2025-03-02,14713.42,E0161
GR0018237,PO-2024-023871,2024-01-24,3763.28,E0151
GR0018238,PO-2025-023872,2025-02-23,2086.64,E0163
GR0018239,PO-2024-023873,2024-11-19,1331.03,E0148
GR0018240,PO-2025-023874,2025-01-07,637.86,E0146
GR0018241,PO-2024-023875,2024-04-17,7279.18,E0140
GR0018242,PO-2024-023876,2024-10-16,1704.81,E0157
GR0018243,PO-2024-023877,2024-09-05,11858.76,E0145
GR0018244,PO-2025-023878,2025-02-01,532.5,E0141
GR0018245,PO-2025-023878,2025-02-16,627.96,E0149
GR0018246,PO-2025-023879,2025-01-16,4173.81,E0155
GR0018247,PO-2025-023879,2025-01-18,3541.12,E0151
GR0018248,PO-2024-023880,2024-04-23,9151.88,E0156
GR0018249,PO-2024-023881,2025-01-05,4103.18,E0163
GR0018250,PO-2024-023882,2024-01-14,3179.54,E0148
GR0018251,PO-2024-023883,2024-11-10,11198.75,E0149
GR0018252,PO-2025-023884,2025-04-03,1113.5,E0150
GR0018253,PO-2024-023908,2024-04-24,9281.31,E0150
GR0018254,PO-2024-023909,2024-09-11,4884.53,E0162
GR0018255,PO-2024-023910,2024-01-06,418.78,E0148
GR0018256,PO-2025-023911,2025-05-02,21969.47,E0147
GR0018257,PO-2025-023912,2025-05-27,3314.8,E0140
GR0018258,PO-2025-023913,2025-06-11,3881.58,E0141
GR0018259,PO-2024-023914,2024-06-01,1502.99,E0147
GR0018260,PO-2024-023915,2024-11-27,1979.48,E0143
GR0018261,PO-2025-023916,2025-05-05,28988.14,E0151
GR0018262,PO-2024-023917,2024-04-24,2729.73,E0160
GR0018263,PO-2024-023918,2024-08-12,5582.97,E0140
GR0018264,PO-2025-023919,2025-02-05,1424.01,E0148
GR0018265,PO-2024-023920,2024-07-19,1147.23,E0155
GR0018266,PO-2024-023921,2024-07-25,5565.24,E0150
GR0018267,PO-2024-023922,2024-02-09,6621.2,E0147
GR0018268,PO-2024-023923,2024-10-23,1435.65,E0143
GR0018269,PO-2025-023924,2025-07-08,2724.77,E0141
GR0018270,PO-2024-023925,2024-05-19,6327.8,E0149
GR0018271,PO-2025-023926,2025-04-14,725.14,E0148
GR0018272,PO-2024-023927,2024-06-16,5687.26,E0152
GR0018273,PO-2024-023928,2024-03-27,3126.21,E0148
GR0018274,PO-2024-023929,2024-05-07,6126.83,E0157
GR0018275,PO-2024-023930,2024-02-25,4737.61,E0161
GR0018276,PO-2024-023931,2024-08-05,9917.08,E0141
GR0018277,PO-2024-023932,2024-07-29,13811.69,E0151
GR0018278,PO-2024-023933,2024-07-06,1054.9,E0142
GR0018279,PO-2024-023934,2024-04-09,835.71,E0149
GR0018280,PO-2024-023935,2024-12-10,248.95,E0157
GR0018281,PO-2024-023936,2024-02-13,1173.48,E0157
GR0018282,PO-2024-023936,2024-02-22,1538.48,E0140
GR0018283,PO-2024-023937,2024-06-26,971.16,E0145
GR0018284,PO-2024-023938,2024-07-17,1761.65,E0154
GR0018285,PO-2024-023939,2024-03-03,735.56,E0163
GR0018286,PO-2024-023940,2024-08-09,976.52,E0151
GR0018287,PO-2024-023941,2024-05-13,4883.29,E0144
GR0018288,PO-2025-023942,2025-01-22,221.26,E0157
GR0018289,PO-2025-023942,2025-02-10,270.81,E0157
GR0018290,PO-2025-023943,2025-05-27,386.18,E0149
GR0018291,PO-2025-023944,2025-01-26,890.77,E0152
GR0018292,PO-2025-023945,2025-04-19,1014.53,E0157
GR0018293,PO-2024-023946,2024-06-14,3449.39,E0142
GR0018294,PO-2024-023946,2024-06-25,3831.83,E0146
GR0018295,PO-2025-023947,2025-04-27,684.37,E0141
GR0018296,PO-2025-023948,2025-01-12,73.75,E0149
GR0018297,PO-2025-023948,2025-01-30,45.1,E0151
GR0018298,PO-2024-023949,2024-02-21,652.64,E0151
GR0018299,PO-2024-023949,2024-03-05,672.77,E0161
GR0018300,PO-2025-023950,2025-02-21,1928.84,E0159
GR0018301,PO-2024-023951,2024-06-25,707.55,E0141
GR0018302,PO-2024-023952,2024-12-17,385.78,E0163
GR0018303,PO-2024-023953,2024-01-10,2088.96,E0150
GR0018304,PO-2024-023954,2024-11-23,3697.5,E0140
GR0018305,PO-2025-023955,2025-03-09,350.97,E0157
GR0018306,PO-2024-023956,2024-05-24,2339.27,E0140
GR0018307,PO-2024-023957,2024-05-21,965.67,E0142
GR0018308,PO-2025-023958,2025-02-18,728.53,E0160
GR0018309,PO-2025-023959,2025-06-06,586.47,E0154
GR0018310,PO-2024-023960,2024-06-01,235.8,E0142
GR0018311,PO-2025-023961,2025-06-21,524.78,E0147
GR0018312,PO-2024-023962,2024-11-18,701.04,E0163
GR0018313,PO-2024-023963,2024-04-25,1305.37,E0151
GR0018314,PO-2024-023963,2024-05-02,1112.3,E0154
GR0018315,PO-2024-023964,2024-01-24,1106.98,E0144
GR0018316,PO-2024-023965,2024-10-23,807.69,E0157
GR0018317,PO-2024-023966,2024-04-27,698.64,E0143
GR0018318,PO-2024-023966,2024-05-10,340.63,E0152
GR0018319,PO-2024-023967,2024-06-17,84.91,E0145
GR0018320,PO-2024-023967,2024-06-30,104.44,E0155
GR0018321,PO-2024-023968,2024-04-29,876.21,E0142
GR0018322,PO-2024-023968,2024-05-15,596.81,E0153
GR0018323,PO-2025-023969,2025-05-24,1162.99,E0162
GR0018324,PO-2025-023970,2025-05-03,453.73,E0147
GR0018325,PO-2025-023971,2025-06-30,1342.51,E0153
GR0018326,PO-2024-023972,2024-03-07,1091.12,E0162
GR0018327,PO-2024-023973,2024-06-26,277.13,E0154
GR0018328,PO-2024-023974,2024-02-02,519.86,E0148
GR0018329,PO-2024-023975,2024-03-14,606.78,E0161
GR0018330,PO-2025-023976,2025-03-21,2917.59,E0152
GR0018331,PO-2025-023977,2025-03-14,4784.31,E0143
GR0018332,PO-2025-023978,2025-04-25,982.99,E0158
GR0018333,PO-2025-023978,2025-05-05,717.89,E0161
GR0018334,PO-2024-023979,2024-02-27,8395.26,E0146
GR0018335,PO-2024-023980,2024-03-11,6753.21,E0155
GR0018336,PO-2024-023980,2024-03-24,5630.36,E0148
GR0018337,PO-2024-023981,2024-08-05,35277.33,E0148
GR0018338,PO-2025-023982,2025-03-15,17421.07,E0151
GR0018339,PO-2025-023983,2025-02-09,3552.66,E0144
GR0018340,PO-2024-023984,2024-12-26,8628.36,E0155
GR0018341,PO-2025-023985,2025-04-06,16248.63,E0143
GR0018342,PO-2025-023985,2025-04-17,15022.3,E0156
GR0018343,PO-2024-023986,2024-03-20,1902.41,E0149
GR0018344,PO-2024-023987,2024-11-06,23121.42,E0147
GR0018345,PO-2025-023988,2025-05-15,19728.43,E0163
GR0018346,PO-2024-023989,2024-12-19,6282.94,E0160
GR0018347,PO-2024-023990,2024-09-21,24676.95,E0162
GR0018348,PO-2024-023991,2025-01-03,15829.36,E0151
GR0018349,PO-2025-023992,2025-05-28,82631.35,E0155
GR0018350,PO-2024-023993,2024-05-26,4020.21,E0157
GR0018351,PO-2025-023994,2025-05-09,12170.41,E0145
GR0018352,PO-2025-023995,2025-03-05,51078.05,E0141
GR0018353,PO-2025-023995,2025-03-17,28473.08,E0143
GR0018354,PO-2024-023996,2024-12-29,13717.26,E0160
GR0018355,PO-2024-023997,2024-03-06,38702.0,E0149
GR0018356,PO-2024-023998,2024-07-28,12128.73,E0152
GR0018357,PO-2024-023999,2024-05-22,6320.95,E0152
GR0018358,PO-2025-024000,2025-05-09,2686.62,E0140
GR0018359,PO-2024-024001,2025-01-04,10831.43,E0141
GR0018360,PO-2024-024002,2024-05-31,3175.32,E0143
GR0018361,PO-2024-024003,2024-10-21,6489.46,E0145
GR0018362,PO-2024-024004,2024-07-06,7435.59,E0144
GR0018363,PO-2024-024005,2024-11-10,33412.37,E0159
GR0018364,PO-2025-024006,2025-03-29,9858.87,E0157
GR0018365,PO-2025-024007,2025-07-02,11029.57,E0154
GR0018366,PO-2024-024008,2024-09-12,4251.84,E0140
GR0018367,PO-2025-024009,2025-01-19,12292.85,E0145
GR0018368,PO-2024-024010,2024-09-07,7547.99,E0159
GR0018369,PO-2024-024011,2024-06-15,3362.3,E0156
GR0018370,PO-2024-024012,2024-02-28,5750.32,E0141
GR0018371,PO-2025-024013,2025-03-15,44119.64,E0145
GR0018372,PO-2024-024014,2024-06-14,39283.0,E0158
GR0018373,PO-2024-024015,2024-05-03,10388.63,E0157
GR0018374,PO-2024-024015,2024-05-16,14030.11,E0143
GR0018375,PO-2024-024016,2024-07-16,1528.14,E0146
GR0018376,PO-2025-024017,2025-04-01,1604.41,E0143
GR0018377,PO-2025-024017,2025-04-11,1023.41,E0151
GR0018378,PO-2024-024018,2024-02-25,12530.36,E0141
GR0018379,PO-2024-024019,2024-02-12,291.63,E0154
GR0018380,PO-2024-024020,2024-08-17,2260.93,E0151
GR0018381,PO-2024-024021,2024-01-26,8817.0,E0150
GR0018382,PO-2024-024022,2024-12-22,19425.52,E0148
GR0018383,PO-2024-024023,2024-08-07,1232.61,E0140
GR0018384,PO-2024-024024,2024-07-07,13960.29,E0151
GR0018385,PO-2025-024025,2025-03-25,2860.31,E0152
GR0018386,PO-2024-024026,2024-01-14,3366.77,E0149
GR0018387,PO-2024-024027,2025-01-09,7214.34,E0153
GR0018388,PO-2024-024028,2024-11-10,2656.4,E0146
GR0018389,PO-2024-024029,2024-02-14,3670.32,E0150
GR0018390,PO-2025-024030,2025-05-13,1262.96,E0148
GR0018391,PO-2025-024030,2025-05-26,1491.77,E0160
GR0018392,PO-2025-024031,2025-03-14,1402.0,E0155
GR0018393,PO-2024-024032,2024-03-05,5577.24,E0149
GR0018394,PO-2024-024033,2024-07-21,961.51,E0162
GR0018395,PO-2024-024034,2024-06-01,1855.45,E0141
GR0018396,PO-2024-024035,2024-06-15,4989.6,E0162
GR0018397,PO-2024-024036,2024-08-03,2537.98,E0163
GR0018398,PO-2025-024037,2025-02-27,1649.81,E0155
GR0018399,PO-2025-024038,2025-03-14,7772.32,E0153
GR0018400,PO-2025-024039,2025-03-02,823.42,E0142
GR0018401,PO-2024-024040,2024-09-26,13586.74,E0143
GR0018402,PO-2024-024041,2024-04-05,13538.11,E0143
GR0018403,PO-2024-024042,2024-07-09,3203.74,E0148
GR0018404,PO-2024-024043,2024-10-30,10810.3,E0148
GR0018405,PO-2025-024044,2025-06-25,13228.41,E0150
GR0018406,PO-2024-024045,2024-10-08,20585.52,E0162
GR0018407,PO-2024-024046,2024-04-02,11921.11,E0154
GR0018408,PO-2024-024047,2024-11-11,5667.68,E0145
GR0018409,PO-2024-024048,2024-07-17,1221.92,E0147
GR0018410,PO-2025-024049,2025-03-17,23782.54,E0152
GR0018411,PO-2024-024050,2024-09-21,22212.58,E0157
GR0018412,PO-2024-024051,2024-07-16,5616.9,E0148
GR0018413,PO-2025-024052,2025-03-29,27428.28,E0143
GR0018414,PO-2024-024053,2024-02-14,7596.95,E0140
GR0018415,PO-2024-024054,2024-06-14,17819.52,E0158
GR0018416,PO-2024-024055,2024-01-21,35409.05,E0161
GR0018417,PO-2024-024056,2024-08-10,8108.14,E0149
GR0018418,PO-2024-024057,2024-03-10,11751.87,E0156
GR0018419,PO-2024-024058,2024-12-06,1969.68,E0148
GR0018420,PO-2024-024059,2024-04-22,9671.41,E0150
GR0018421,PO-2024-024060,2024-08-07,1236.28,E0159
GR0018422,PO-2024-024061,2024-09-13,12484.95,E0144
GR0018423,PO-2024-024062,2024-02-26,1983.91,E0141
GR0018424,PO-2024-024063,2024-05-28,1559.15,E0143
GR0018425,PO-2024-024123,2024-12-22,949.88,E0145
GR0018426,PO-2024-024123,2025-01-07,1170.88,E0159
GR0018427,PO-2024-024124,2024-01-19,526.55,E0149
GR0018428,PO-2025-024125,2025-06-06,840.52,E0162
GR0018429,PO-2025-024126,2025-01-10,1298.66,E0152
GR0018430,PO-2025-024127,2025-02-27,2686.92,E0158
GR0018431,PO-2025-024128,2025-01-21,574.51,E0145
GR0018432,PO-2024-024129,2024-01-26,2030.22,E0140
GR0018433,PO-2025-024130,2025-02-09,1105.62,E0147
GR0018434,PO-2024-024131,2024-10-21,543.21,E0155
GR0018435,PO-2024-024132,2024-09-11,237.19,E0142
GR0018436,PO-2024-024133,2024-01-11,1907.43,E0149
GR0018437,PO-2025-024134,2025-03-01,270.61,E0158
GR0018438,PO-2025-024135,2025-02-10,2532.2,E0156
GR0018439,PO-2025-024136,2025-06-11,434.66,E0148
GR0018440,PO-2024-024137,2024-08-05,1048.05,E0144
GR0018441,PO-2025-024138,2025-04-02,1993.15,E0159
GR0018442,PO-2025-024139,2025-06-03,113.59,E0155
GR0018443,PO-2024-024140,2024-09-01,7994.74,E0159
GR0018444,PO-2025-024141,2025-04-13,1820.09,E0141
GR0018445,PO-2024-024142,2024-07-31,265.68,E0163
GR0018446,PO-2024-024143,2024-04-05,11229.7,E0142
GR0018447,PO-2024-024144,2024-12-16,8167.14,E0144
GR0018448,PO-2024-024145,2024-06-15,1075.72,E0160
GR0018449,PO-2024-024146,2024-08-02,462.22,E0145
GR0018450,PO-2024-024147,2024-10-03,724.81,E0153
GR0018451,PO-2025-024148,2025-06-20,2138.46,E0159
GR0018452,PO-2025-024149,2025-04-18,2131.6,E0152
GR0018453,PO-2025-024150,2025-05-22,116.95,E0152
GR0018454,PO-2024-024151,2024-03-12,5844.99,E0154
GR0018455,PO-2024-024152,2024-02-23,2848.66,E0161
GR0018456,PO-2024-024153,2024-08-25,1476.66,E0157
GR0018457,PO-2024-024153,2024-09-06,1899.63,E0151
GR0018458,PO-2024-024154,2024-08-14,3707.77,E0145
GR0018459,PO-2025-024155,2025-05-25,4756.11,E0157
GR0018460,PO-2024-024156,2024-10-23,180.73,E0155
GR0018461,PO-2024-024156,2024-11-03,240.86,E0159
GR0018462,PO-2024-024157,2024-04-06,836.39,E0143
GR0018463,PO-2025-024158,2025-02-19,845.64,E0146
GR0018464,PO-2024-024159,2024-11-30,2416.42,E0149
GR0018465,PO-2024-024160,2024-03-24,578.28,E0150
GR0018466,PO-2024-024160,2024-03-27,250.29,E0157
GR0018467,PO-2024-024161,2024-05-02,5918.95,E0157
GR0018468,PO-2024-024162,2024-07-12,2958.0,E0157
GR0018469,PO-2024-024163,2024-07-02,2201.7,E0147
GR0018470,PO-2024-024164,2024-05-31,1402.38,E0154
GR0018471,PO-2025-024165,2025-04-29,4244.78,E0146
GR0018472,PO-2025-024166,2025-01-14,1396.14,E0156
GR0018473,PO-2024-024167,2024-02-24,891.88,E0147
GR0018474,PO-2025-024168,2025-01-11,1242.41,E0154
GR0018475,PO-2025-024169,2025-05-18,89.67,E0158
GR0018476,PO-2025-024169,2025-06-06,63.84,E0149
GR0018477,PO-2024-024170,2024-03-31,271.3,E0157
GR0018478,PO-2024-024171,2024-07-17,3037.93,E0142
GR0018479,PO-2024-024172,2024-08-31,686.63,E0155
GR0018480,PO-2025-024173,2025-06-03,1465.17,E0159
GR0018481,PO-2024-024174,2024-10-13,1131.89,E0145
GR0018482,PO-2024-024175,2024-12-25,139.48,E0160
GR0018483,PO-2025-024176,2025-03-09,25521.51,E0144
GR0018484,PO-2024-024177,2024-07-28,4383.36,E0141
GR0018485,PO-2024-024178,2024-11-14,2406.07,E0158
GR0018486,PO-2024-024179,2024-12-21,576.37,E0158
GR0018487,PO-2024-024180,2024-10-14,1394.05,E0158
GR0018488,PO-2024-024293,2024-09-13,592.49,E0143
GR0018489,PO-2024-024294,2024-02-17,1901.97,E0145
GR0018490,PO-2024-024295,2024-03-27,3104.9,E0146
GR0018491,PO-2025-024296,2025-05-18,1407.7,E0152
GR0018492,PO-2024-024297,2024-12-21,315.49,E0154
GR0018493,PO-2025-024298,2025-04-12,2921.48,E0160
GR0018494,PO-2025-024299,2025-04-07,2292.09,E0152
GR0018495,PO-2024-024300,2024-12-30,2723.09,E0150
GR0018496,PO-2024-024301,2024-06-13,3221.2,E0145
GR0018497,PO-2024-024302,2024-08-11,566.87,E0153
GR0018498,PO-2024-024302,2024-08-25,598.56,E0140
GR0018499,PO-2024-024303,2024-02-02,1726.79,E0156
GR0018500,PO-2024-024304,2024-06-02,165.65,E0163
GR0018501,PO-2024-024305,2024-04-21,1504.18,E0152
GR0018502,PO-2025-024306,2025-06-16,1506.5,E0152
GR0018503,PO-2025-024307,2025-03-08,848.34,E0145
GR0018504,PO-2024-024308,2024-09-12,208.7,E0140
GR0018505,PO-2024-024309,2024-08-16,808.86,E0144
GR0018506,PO-2025-024310,2025-04-01,151.58,E0149
GR0018507,PO-2025-024311,2025-04-28,2385.05,E0153
GR0018508,PO-2024-024312,2024-09-03,256.91,E0140
GR0018509,PO-2024-024312,2024-09-09,222.79,E0155
GR0018510,PO-2025-024313,2025-03-20,706.94,E0158
GR0018511,PO-2025-024313,2025-03-26,572.27,E0144
GR0018512,PO-2024-024314,2024-07-04,308.45,E0148
GR0018513,PO-2024-024315,2024-03-01,571.04,E0143
GR0018514,PO-2025-024316,2025-02-16,1438.95,E0140
GR0018515,PO-2024-024317,2025-01-03,2921.81,E0161
GR0018516,PO-2025-024318,2025-06-22,1095.54,E0161
GR0018517,PO-2024-024319,2024-06-07,1962.73,E0156
GR0018518,PO-2024-024396,2024-11-28,966.23,E0148
GR0018519,PO-2024-024397,2024-04-08,1482.82,E0162
GR0018520,PO-2024-024398,2025-01-06,320.94,E0142
GR0018521,PO-2024-024399,2024-11-25,769.0,E0152
GR0018522,PO-2025-024400,2025-01-13,354.53,E0145
GR0018523,PO-2025-024401,2025-06-20,1047.27,E0152
GR0018524,PO-2024-024402,2024-01-13,571.89,E0141
GR0018525,PO-2024-024402,2024-01-26,369.93,E0163
GR0018526,PO-2025-024403,2025-01-25,680.15,E0152
GR0018527,PO-2024-024404,2024-04-23,2563.69,E0156
GR0018528,PO-2024-024405,2024-12-23,519.4,E0151
GR0018529,PO-2024-024406,2024-09-05,1723.06,E0158
GR0018530,PO-2024-024407,2024-05-18,1403.19,E0148
GR0018531,PO-2025-024408,2025-06-18,308.54,E0151
GR0018532,PO-2025-024409,2025-01-29,469.94,E0155
GR0018533,PO-2024-024410,2024-07-22,281.88,E0154
GR0018534,PO-2025-024411,2025-05-10,971.1,E0149
GR0018535,PO-2025-024412,2025-02-03,1657.39,E0147
GR0018536,PO-2024-024413,2024-04-02,267.86,E0154
GR0018537,PO-2025-024414,2025-02-28,372.11,E0160
GR0018538,PO-2025-024415,2025-05-15,366.38,E0149
GR0018539,PO-2024-024416,2024-10-09,462.63,E0141
GR0018540,PO-2024-024417,2024-08-24,2348.77,E0149
GR0018541,PO-2024-024418,2024-04-30,1694.02,E0144
GR0018542,PO-2025-024419,2025-06-17,1235.01,E0146
GR0018543,PO-2025-024420,2025-03-02,5923.25,E0155
GR0018544,PO-2024-024421,2024-09-13,3056.03,E0140
GR0018545,PO-2025-024422,2025-04-26,1398.36,E0161
GR0018546,PO-2024-024423,2024-02-10,409.55,E0142
GR0018547,PO-2024-024423,2024-02-15,571.63,E0161
GR0018548,PO-2024-024424,2024-11-09,3612.98,E0148
GR0018549,PO-2025-024425,2025-04-22,150.26,E0154
GR0018550,PO-2025-024425,2025-04-28,117.56,E0147
GR0018551,PO-2024-024426,2024-04-19,119.19,E0151
GR0018552,PO-2024-024427,2024-06-05,1416.33,E0147
GR0018553,PO-2024-024428,2024-05-05,493.04,E0147
GR0018554,PO-2024-024428,2024-05-11,573.22,E0144
GR0018555,PO-2025-024429,2025-01-19,336.01,E0152
GR0018556,PO-2025-024430,2025-02-03,296.91,E0141
GR0018557,PO-2024-024431,2024-12-01,930.56,E0155
GR0018558,PO-2024-024432,2024-10-10,2320.27,E0149
GR0018559,PO-2024-024433,2024-02-19,2527.85,E0142
GR0018560,PO-2024-024434,2024-09-08,4737.59,E0159
GR0018561,PO-2025-024435,2025-07-07,733.98,E0150
GR0018562,PO-2024-024436,2024-08-19,817.45,E0159
GR0018563,PO-2024-024436,2024-08-26,587.99,E0151
GR0018564,PO-2024-024437,2024-11-25,2350.49,E0149
GR0018565,PO-2025-024438,2025-01-20,604.93,E0160
GR0018566,PO-2024-024439,2024-09-06,2225.56,E0143
GR0018567,PO-2024-024440,2024-05-30,1717.2,E0157
GR0018568,PO-2025-024441,2025-06-21,247.64,E0151
GR0018569,PO-2025-024441,2025-07-04,235.26,E0143
GR0018570,PO-2024-024442,2024-12-07,205.2,E0156
GR0018571,PO-2025-024443,2025-06-25,2432.33,E0147
GR0018572,PO-2024-024444,2024-07-23,260.75,E0156
GR0018573,PO-2024-024445,2024-12-17,486.48,E0148
GR0018574,PO-2024-024446,2024-03-26,1894.0,E0143
GR0018575,PO-2024-024447,2024-06-26,1078.12,E0141
GR0018576,PO-2025-024448,2025-02-06,537.21,E0145
GR0018577,PO-2025-024449,2025-02-18,491.2,E0150
GR0018578,PO-2025-024450,2025-03-12,383.59,E0149
GR0018579,PO-2024-024451,2024-07-02,940.69,E0160
GR0018580,PO-2024-024452,2024-03-17,2142.81,E0159
GR0018581,PO-2024-024453,2024-06-30,248.17,E0146
GR0018582,PO-2024-024454,2024-04-29,5407.32,E0154
GR0018583,PO-2024-024455,2024-01-23,4253.41,E0158
GR0018584,PO-2025-024456,2025-05-01,2682.24,E0157
GR0018585,PO-2024-024457,2024-02-10,237.07,E0160
GR0018586,PO-2025-024458,2025-05-01,572.9,E0142
GR0018587,PO-2025-024459,2025-06-04,1600.8,E0141
GR0018588,PO-2024-024460,2024-06-15,763.19,E0143
GR0018589,PO-2024-024461,2024-04-23,1267.79,E0153
GR0018590,PO-2024-024462,2024-10-23,10363.86,E0146
GR0018591,PO-2025-024463,2025-02-08,2812.86,E0156
GR0018592,PO-2025-024463,2025-02-21,3122.64,E0156
GR0018593,PO-2024-024464,2024-01-20,1040.51,E0161
GR0018594,PO-2024-024465,2024-11-13,1814.48,E0159
GR0018595,PO-2024-024466,2024-12-02,2964.79,E0158
GR0018596,PO-2025-024467,2025-06-10,2470.73,E0148
GR0018597,PO-2024-024468,2024-10-06,375.88,E0156
GR0018598,PO-2024-024469,2024-02-16,566.07,E0142
GR0018599,PO-2024-024470,2024-06-23,448.39,E0152
GR0018600,PO-2024-024471,2024-07-12,967.6,E0161
GR0018601,PO-2025-024472,2025-04-20,382.28,E0149
GR0018602,PO-2025-024473,2025-07-08,861.06,E0151
GR0018603,PO-2024-024474,2024-10-20,1534.74,E0143
GR0018604,PO-2025-024475,2025-06-19,5702.67,E0149
GR0018605,PO-2024-024476,2024-05-13,939.44,E0147
GR0018606,PO-2024-024477,2024-10-24,800.59,E0155
GR0018607,PO-2024-024478,2024-06-20,1118.17,E0144
GR0018608,PO-2025-024479,2025-07-05,5792.61,E0150
GR0018609,PO-2024-024480,2024-10-18,569.62,E0150
GR0018610,PO-2024-024480,2024-11-02,514.44,E0143
GR0018611,PO-2024-024481,2024-07-09,16454.57,E0150
GR0018612,PO-2024-024482,2024-11-04,1204.3,E0156
GR0018613,PO-2025-024483,2025-04-22,4126.22,E0149
GR0018614,PO-2024-024484,2024-07-23,748.17,E0157
GR0018615,PO-2024-024485,2024-08-31,4054.83,E0142
GR0018616,PO-2024-024485,2024-09-17,5975.86,E0141
GR0018617,PO-2024-024486,2024-10-14,1506.81,E0155
GR0018618,PO-2024-024486,2024-10-29,1323.08,E0152
GR0018619,PO-2024-024487,2024-12-16,5425.27,E0145
GR0018620,PO-2024-024488,2024-07-31,1922.41,E0146
GR0018621,PO-2025-024489,2025-05-12,197.89,E0151
GR0018622,PO-2025-024489,2025-05-18,151.1,E0160
GR0018623,PO-2024-024490,2024-09-20,5511.93,E0149
GR0018624,PO-2024-024490,2024-10-04,2408.35,E0145
GR0018625,PO-2024-024491,2024-09-13,1085.49,E0160
GR0018626,PO-2024-024492,2024-08-11,315.33,E0161
GR0018627,PO-2024-024493,2024-11-11,498.66,E0146
GR0018628,PO-2024-024494,2024-07-02,2058.3,E0157
GR0018629,PO-2025-024495,2025-01-18,1965.35,E0149
GR0018630,PO-2025-024496,2025-03-06,2841.14,E0143
GR0018631,PO-2025-024497,2025-03-22,1387.97,E0144
GR0018632,PO-2024-024498,2024-06-18,3785.31,E0152
GR0018633,PO-2024-024498,2024-06-23,3949.02,E0141
GR0018634,PO-2025-024499,2025-06-04,21683.35,E0159
GR0018635,PO-2025-024500,2025-03-21,5487.68,E0160
GR0018636,PO-2025-024501,2025-03-28,8265.39,E0158
GR0018637,PO-2025-024502,2025-02-27,1572.22,E0162
GR0018638,PO-2024-024503,2024-05-29,31521.49,E0161
GR0018639,PO-2025-024504,2025-02-09,2322.85,E0151
GR0018640,PO-2024-024505,2024-10-26,207.7,E0147
GR0018641,PO-2025-024506,2025-03-16,19770.26,E0155
GR0018642,PO-2024-024507,2024-08-08,3807.27,E0146
GR0018643,PO-2024-024508,2024-08-25,2309.61,E0148
GR0018644,PO-2024-024508,2024-09-04,1737.23,E0163
GR0018645,PO-2024-024509,2024-08-02,6768.49,E0162
GR0018646,PO-2024-024509,2024-08-08,4376.18,E0149
GR0018647,PO-2024-024510,2024-12-13,3242.12,E0146
GR0018648,PO-2024-024511,2024-02-07,1436.69,E0155
GR0018649,PO-2024-024512,2024-04-18,5596.01,E0142
GR0018650,PO-2024-024513,2024-04-16,6463.61,E0142
GR0018651,PO-2024-024514,2024-01-30,6274.17,E0143
GR0018652,PO-2025-024524,2025-06-07,116.71,E0148
GR0018653,PO-2024-024525,2024-04-24,3751.31,E0161
GR0018654,PO-2025-024526,2025-05-14,1778.99,E0154
GR0018655,PO-2024-024527,2024-06-21,1605.56,E0163
GR0018656,PO-2024-024528,2024-03-18,3442.22,E0163
GR0018657,PO-2025-024529,2025-06-16,1078.71,E0141
GR0018658,PO-2025-024529,2025-06-29,1306.43,E0150
GR0018659,PO-2025-024530,2025-05-16,4032.76,E0154
GR0018660,PO-2025-024531,2025-06-27,4999.35,E0146
GR0018661,PO-2024-024532,2024-04-24,975.3,E0155
GR0018662,PO-2024-024533,2024-06-07,3764.55,E0141
GR0018663,PO-2024-024534,2024-07-08,2341.22,E0142
GR0018664,PO-2024-024535,2024-06-06,10941.82,E0141
GR0018665,PO-2024-024536,2024-04-11,3633.54,E0140
GR0018666,PO-2025-024537,2025-02-26,1579.32,E0149
GR0018667,PO-2024-024538,2024-12-19,1280.22,E0144
GR0018668,PO-2024-024539,2024-02-14,5409.25,E0145
GR0018669,PO-2024-024540,2024-05-19,2083.48,E0145
GR0018670,PO-2024-024541,2024-10-23,12621.26,E0161
GR0018671,PO-2025-024542,2025-03-13,7296.74,E0162
GR0018672,PO-2024-024543,2024-09-04,4489.11,E0143
GR0018673,PO-2024-024544,2024-05-09,9122.28,E0140
GR0018674,PO-2024-024545,2024-12-25,3220.23,E0151
GR0018675,PO-2024-024546,2024-12-30,10405.42,E0141
GR0018676,PO-2024-024547,2024-05-28,1994.31,E0156
GR0018677,PO-2025-024548,2025-04-13,4834.16,E0148
GR0018678,PO-2024-024549,2024-07-25,17822.41,E0150
GR0018679,PO-2025-024550,2025-02-27,1766.79,E0146
GR0018680,PO-2025-024551,2025-04-01,8525.84,E0145
GR0018681,PO-2024-024552,2024-09-03,1548.77,E0143
GR0018682,PO-2024-024553,2024-09-09,4234.25,E0144
GR0018683,PO-2025-024680,2025-04-29,1600.97,E0145
GR0018684,PO-2024-024681,2024-07-30,1640.94,E0146
GR0018685,PO-2025-024682,2025-03-14,2830.86,E0150
GR0018686,PO-2025-024683,2025-03-04,4281.33,E0152
GR0018687,PO-2024-024684,2024-12-23,1731.62,E0154
GR0018688,PO-2025-024685,2025-01-17,1727.42,E0152
GR0018689,PO-2024-024686,2024-10-18,1017.89,E0160
GR0018690,PO-2024-024687,2024-05-31,685.65,E0146
GR0018691,PO-2024-024687,2024-06-06,745.88,E0151
GR0018692,PO-2025-024741,2025-05-30,1885.63,E0151
GR0018693,PO-2024-024742,2024-09-14,8529.98,E0161
GR0018694,PO-2024-024743,2024-08-24,119.1,E0146
GR0018695,PO-2024-024744,2024-09-23,363.46,E0157
GR0018696,PO-2024-024745,2024-11-16,1052.12,E0141
GR0018697,PO-2024-024746,2024-11-15,631.78,E0151
GR0018698,PO-2024-024747,2024-08-05,1540.39,E0162
GR0018699,PO-2025-024748,2025-07-05,2313.43,E0143
GR0018700,PO-2024-024749,2024-06-20,833.44,E0154
GR0018701,PO-2025-024750,2025-07-17,2626.0,E0151
GR0018702,PO-2024-024751,2024-04-12,3843.42,E0152
GR0018703,PO-2024-024752,2024-05-14,19990.27,E0162
GR0018704,PO-2024-024753,2024-06-13,535.88,E0155
GR0018705,PO-2024-024754,2024-12-15,4075.6,E0159
GR0018706,PO-2024-024755,2024-05-02,5178.18,E0142
GR0018707,PO-2024-024756,2024-09-24,666.3,E0156
GR0018708,PO-2024-024756,2024-10-04,306.46,E0163
GR0018709,PO-2024-024757,2024-02-28,1299.66,E0153
GR0018710,PO-2024-024757,2024-03-08,616.11,E0156
GR0018711,PO-2024-024758,2024-02-18,4374.46,E0141
GR0018712,PO-2025-024759,2025-07-07,1158.83,E0153
GR0018713,PO-2024-024760,2025-01-03,440.93,E0145
GR0018714,PO-2025-024761,2025-01-10,3359.74,E0154
GR0018715,PO-2025-024762,2025-03-28,2155.72,E0144
GR0018716,PO-2024-024763,2024-08-09,1915.28,E0151
GR0018717,PO-2025-024764,2025-02-23,647.51,E0157
GR0018718,PO-2024-024765,2024-12-23,1426.84,E0147
GR0018719,PO-2024-024766,2024-09-09,993.93,E0144
GR0018720,PO-2024-024767,2024-11-27,373.93,E0158
GR0018721,PO-2024-024768,2024-12-17,489.96,E0157
GR0018722,PO-2025-024769,2025-04-09,1111.56,E0162
GR0018723,PO-2025-024770,2025-03-18,1379.45,E0155
GR0018724,PO-2024-024771,2024-06-04,1781.29,E0144
GR0018725,PO-2024-024771,2024-06-11,2354.62,E0160
GR0018726,PO-2024-024772,2024-12-31,1588.63,E0142
GR0018727,PO-2025-024773,2025-06-09,3066.09,E0154
GR0018728,PO-2024-024774,2024-05-20,117.16,E0147
GR0018729,PO-2025-024775,2025-02-23,396.34,E0153
GR0018730,PO-2024-024776,2024-06-10,377.66,E0145
GR0018731,PO-2024-024776,2024-06-17,396.85,E0150
GR0018732,PO-2024-024777,2024-01-26,3180.96,E0157
GR0018733,PO-2024-024778,2024-05-03,1022.41,E0156
GR0018734,PO-2025-024779,2025-03-04,3508.57,E0149
GR0018735,PO-2024-024780,2024-01-15,6635.47,E0156
GR0018736,PO-2024-024781,2024-11-19,1540.74,E0152
GR0018737,PO-2025-024782,2025-05-11,14430.41,E0146
GR0018738,PO-2025-024783,2025-07-16,2485.26,E0152
GR0018739,PO-2025-024784,2025-04-05,272.21,E0156
GR0018740,PO-2025-024784,2025-04-10,230.98,E0159
GR0018741,PO-2024-024785,2024-06-29,9640.25,E0149
GR0018742,PO-2024-024786,2024-04-01,3085.59,E0141
GR0018743,PO-2024-024787,2024-03-19,280.09,E0143
GR0018744,PO-2024-024788,2024-06-05,462.1,E0148
GR0018745,PO-2025-024789,2025-07-19,640.39,E0142
GR0018746,PO-2024-024790,2024-11-25,1034.74,E0153
GR0018747,PO-2024-024791,2024-01-25,334.18,E0154
GR0018748,PO-2025-024802,2025-05-21,1357.25,E0156
GR0018749,PO-2025-024802,2025-06-06,1790.2,E0143
GR0018750,PO-2025-024803,2025-04-02,4551.65,E0143
GR0018751,PO-2025-024803,2025-04-08,4272.96,E0148
GR0018752,PO-2025-024804,2025-05-15,4810.2,E0143
GR0018753,PO-2024-024805,2024-12-28,4473.21,E0153
GR0018754,PO-2025-024806,2025-05-22,1575.35,E0146
GR0018755,PO-2024-024807,2024-11-20,1418.33,E0160
GR0018756,PO-2024-024808,2024-10-04,1414.48,E0141
GR0018757,PO-2024-024809,2024-08-01,3591.18,E0142
GR0018758,PO-2024-024810,2024-02-23,3560.01,E0140
GR0018759,PO-2024-024811,2024-12-04,1080.6,E0146
GR0018760,PO-2024-024812,2024-12-09,3300.35,E0144
GR0018761,PO-2024-024813,2024-04-20,3639.58,E0163
GR0018762,PO-2025-024814,2025-06-12,4077.65,E0155
GR0018763,PO-2024-024815,2024-05-09,5438.39,E0148
GR0018764,PO-2024-024816,2024-05-14,1250.52,E0162
GR0018765,PO-2025-024817,2025-02-10,6953.71,E0146
GR0018766,PO-2024-024818,2025-01-04,5624.41,E0140
GR0018767,PO-2024-024819,2024-05-10,1726.57,E0159
GR0018768,PO-2024-024820,2025-01-02,978.7,E0162
GR0018769,PO-2024-024821,2024-09-11,119.44,E0160
GR0018770,PO-2024-024822,2024-02-17,2875.54,E0156
GR0018771,PO-2024-024823,2024-06-19,3198.85,E0144
GR0018772,PO-2024-024824,2024-12-02,1783.51,E0160
GR0018773,PO-2025-024825,2025-04-12,1404.78,E0163
GR0018774,PO-2024-024826,2024-02-22,33075.05,E0149
GR0018775,PO-2024-024827,2024-05-23,698.77,E0148
GR0018776,PO-2025-024828,2025-02-11,8379.12,E0160
GR0018777,PO-2024-024829,2024-11-18,774.09,E0141
GR0018778,PO-2025-024830,2025-02-16,3147.94,E0155
GR0018779,PO-2024-024831,2024-06-22,16150.39,E0148
GR0018780,PO-2024-024832,2024-02-18,6845.86,E0147
GR0018781,PO-2024-024833,2024-07-19,2133.64,E0162
GR0018782,PO-2024-024834,2024-04-23,3864.54,E0162
GR0018783,PO-2024-024834,2024-05-09,3562.68,E0148
GR0018784,PO-2024-024835,2024-10-17,260.47,E0147
GR0018785,PO-2024-024836,2024-02-16,340.87,E0152
GR0018786,PO-2024-024837,2024-05-17,5599.28,E0151
GR0018787,PO-2024-024838,2024-05-16,2910.27,E0163
GR0018788,PO-2025-024839,2025-03-03,3130.02,E0159
GR0018789,PO-2024-024840,2024-07-01,4926.09,E0163
GR0018790,PO-2024-024841,2024-11-28,406.16,E0151
GR0018791,PO-2024-024841,2024-12-12,485.94,E0153
GR0018792,PO-2024-024842,2024-09-25,7043.61,E0147
GR0018793,PO-2024-024843,2024-12-10,4928.67,E0160
GR0018794,PO-2025-024844,2025-04-12,7129.41,E0152
GR0018795,PO-2024-024845,2024-03-27,827.22,E0150
GR0018796,PO-2024-024846,2024-07-16,3886.43,E0141
GR0018797,PO-2025-024847,2025-07-03,3972.45,E0161
GR0018798,PO-2024-024848,2024-08-14,1304.86,E0149
GR0018799,PO-2024-024849,2024-02-24,1891.69,E0154
GR0018800,PO-2025-024850,2025-06-23,924.13,E0140
GR0018801,PO-2024-024851,2024-07-05,3059.22,E0154
GR0018802,PO-2024-024852,2024-11-14,9884.22,E0162
GR0018803,PO-2024-024853,2024-10-01,3636.04,E0159
GR0018804,PO-2024-024854,2024-07-22,9428.52,E0156
GR0018805,PO-2024-024855,2024-02-07,1015.72,E0144
GR0018806,PO-2024-024856,2024-03-23,824.36,E0144
GR0018807,PO-2024-024857,2024-11-04,268.63,E0144
GR0018808,PO-2024-024858,2024-04-28,15868.26,E0152
GR0018809,PO-2024-024859,2024-08-10,2451.01,E0145
GR0018810,PO-2025-024860,2025-01-24,3371.87,E0144
GR0018811,PO-2024-024861,2024-12-21,20937.12,E0154
GR0018812,PO-2024-024862,2024-04-05,4341.6,E0148
GR0018813,PO-2025-024863,2025-04-16,18146.83,E0148
GR0018814,PO-2024-024864,2024-07-31,8909.9,E0143
GR0018815,PO-2025-024865,2025-01-18,1305.68,E0157
GR0018816,PO-2024-024866,2024-06-30,2382.29,E0151
GR0018817,PO-2024-024867,2024-03-14,24782.62,E0155
GR0018818,PO-2024-024868,2024-11-11,6783.71,E0155
GR0018819,PO-2024-024869,2025-01-01,589.58,E0141
GR0018820,PO-2024-024870,2024-12-27,2501.82,E0146
GR0018821,PO-2024-024871,2024-07-31,5833.04,E0148
GR0018822,PO-2025-024872,2025-01-07,4463.46,E0150
GR0018823,PO-2025-024873,2025-05-31,1495.11,E0163
GR0018824,PO-2025-024874,2025-01-26,3277.87,E0147
GR0018825,PO-2024-024875,2024-05-26,934.26,E0142
GR0018826,PO-2024-024876,2024-03-01,3374.98,E0151
GR0018827,PO-2025-024877,2025-04-10,5745.41,E0145
GR0018828,PO-2024-024878,2024-05-25,5495.96,E0160
GR0018829,PO-2024-024879,2024-10-01,934.72,E0151
GR0018830,PO-2024-024880,2024-08-02,2148.33,E0150
GR0018831,PO-2024-024881,2024-01-11,5520.45,E0161
GR0018832,PO-2024-024881,2024-01-16,6466.35,E0158
GR0018833,PO-2025-024882,2025-04-05,9196.61,E0143
GR0018834,PO-2024-024883,2024-09-06,4414.94,E0146
GR0018835,PO-2025-024884,2025-02-17,2217.23,E0152
GR0018836,PO-2024-024885,2024-04-04,612.17,E0148
GR0018837,PO-2025-024886,2025-06-25,1282.04,E0142
GR0018838,PO-2025-024887,2025-04-15,4037.8,E0162
GR0018839,PO-2025-024888,2025-04-07,3572.24,E0157
GR0018840,PO-2025-024889,2025-05-01,4692.54,E0144
GR0018841,PO-2024-024890,2024-07-18,2701.96,E0148
GR0018842,PO-2025-024891,2025-01-14,4123.39,E0163
GR0018843,PO-2024-024892,2024-06-05,1100.36,E0157
GR0018844,PO-2025-024893,2025-02-27,15319.4,E0147
GR0018845,PO-2024-024894,2024-09-11,1421.1,E0149
GR0018846,PO-2024-024895,2024-12-03,2643.29,E0141
GR0018847,PO-2024-024896,2024-05-25,2434.58,E0152
GR0018848,PO-2024-024897,2024-06-04,15992.62,E0150
GR0018849,PO-2024-024898,2024-05-02,7233.39,E0155
GR0018850,PO-2024-024899,2024-12-17,1151.17,E0145
GR0018851,PO-2025-024900,2025-02-07,751.82,E0153
GR0018852,PO-2024-024901,2024-03-17,6211.44,E0163
GR0018853,PO-2024-024902,2024-08-19,20385.07,E0159
GR0018854,PO-2024-024903,2024-11-30,4695.4,E0162
GR0018855,PO-2024-024904,2024-03-18,7580.48,E0161
GR0018856,PO-2024-024905,2024-12-22,1443.79,E0157
GR0018857,PO-2024-024906,2024-04-21,238.01,E0151
GR0018858,PO-2024-024906,2024-04-26,119.14,E0143
GR0018859,PO-2024-024907,2024-09-20,3208.85,E0140
GR0018860,PO-2024-024908,2024-03-07,8682.29,E0157
GR0018861,PO-2024-024909,2024-11-03,5874.89,E0145
GR0018862,PO-2024-024910,2024-01-27,1760.4,E0151
GR0018863,PO-2025-024911,2025-05-07,3942.79,E0149
GR0018864,PO-2024-024912,2024-06-28,528.96,E0152
GR0018865,PO-2024-024912,2024-07-04,672.67,E0158
GR0018866,PO-2025-024913,2025-03-03,4517.06,E0152
GR0018867,PO-2025-024914,2025-07-11,35301.66,E0156
GR0018868,PO-2025-024915,2025-04-13,1743.45,E0146
GR0018869,PO-2024-024916,2024-09-11,2300.29,E0147
GR0018870,PO-2025-024917,2025-01-09,1258.17,E0151
GR0018871,PO-2025-024917,2025-01-22,1142.93,E0146
GR0018872,PO-2024-024918,2024-04-13,476.69,E0154
GR0018873,PO-2025-024919,2025-02-02,824.48,E0156
GR0018874,PO-2025-024920,2025-04-27,4053.44,E0147
GR0018875,PO-2024-024921,2024-06-14,5411.04,E0153
GR0018876,PO-2024-024922,2024-02-24,2358.29,E0140
GR0018877,PO-2024-024923,2024-12-08,15362.9,E0160
GR0018878,PO-2024-024924,2024-08-21,1236.88,E0162
GR0018879,PO-2024-024925,2024-08-14,928.61,E0155
GR0018880,PO-2024-024926,2024-05-08,3723.11,E0144
GR0018881,PO-2024-024927,2024-03-08,6561.49,E0153
GR0018882,PO-2024-024928,2024-10-05,2093.18,E0161
GR0018883,PO-2025-024929,2025-04-30,2153.24,E0140
GR0018884,PO-2025-024930,2025-01-24,1247.82,E0142
GR0018885,PO-2025-024931,2025-05-07,1366.76,E0156
GR0018886,PO-2024-024932,2024-12-21,1055.94,E0157
GR0018887,PO-2024-024933,2024-01-28,1152.47,E0159
GR0018888,PO-2024-024934,2024-06-16,1247.28,E0151
GR0018889,PO-2024-024935,2025-01-05,940.64,E0163
GR0018890,PO-2024-024936,2024-01-30,2813.56,E0141
GR0018891,PO-2024-024937,2024-12-28,416.54,E0158
GR0018892,PO-2025-024938,2025-05-29,3132.29,E0155
GR0018893,PO-2025-024939,2025-01-16,2191.85,E0149
GR0018894,PO-2024-024940,2024-03-18,7230.79,E0160
GR0018895,PO-2025-024941,2025-06-02,1020.23,E0145
GR0018896,PO-2024-024942,2024-02-22,14497.72,E0160
GR0018897,PO-2025-024943,2025-05-20,2862.12,E0147
GR0018898,PO-2024-024944,2024-03-22,1266.93,E0158
GR0018899,PO-2024-024945,2024-04-08,25744.45,E0141
GR0018900,PO-2025-024946,2025-05-31,3219.98,E0163
GR0018901,PO-2025-024947,2025-07-14,11114.92,E0151
GR0018902,PO-2024-024948,2024-02-24,1035.35,E0157
GR0018903,PO-2024-024949,2024-04-24,3435.51,E0159
GR0018904,PO-2025-024950,2025-07-04,16547.59,E0157
GR0018905,PO-2024-024951,2024-10-10,15385.33,E0159
GR0018906,PO-2024-024952,2024-06-08,8256.32,E0145
GR0018907,PO-2024-024953,2024-03-23,3077.44,E0148
GR0018908,PO-2024-024954,2024-08-23,5499.35,E0145
GR0018909,PO-2024-024955,2024-12-23,1640.84,E0158
GR0018910,PO-2025-024956,2025-04-15,2012.89,E0161
GR0018911,PO-2024-024957,2024-06-19,3271.2,E0163
GR0018912,PO-2024-024957,2024-07-05,3332.14,E0160
GR0018913,PO-2024-024958,2024-03-02,579.59,E0161
GR0018914,PO-2024-024959,2024-07-29,2925.2,E0158
GR0018915,PO-2024-024960,2024-05-12,9629.8,E0152
GR0018916,PO-2025-024961,2025-05-30,3463.38,E0143
GR0018917,PO-2024-024962,2024-07-06,8134.41,E0163
GR0018918,PO-2025-024963,2025-07-08,2096.69,E0163
GR0018919,PO-2024-024964,2024-02-28,2281.78,E0154
GR0018920,PO-2025-024965,2025-03-03,2821.7,E0157
GR0018921,PO-2024-024966,2024-03-07,4718.41,E0142
GR0018922,PO-2024-024967,2024-10-16,1934.16,E0153
GR0018923,PO-2024-024968,2024-03-01,9624.65,E0153
GR0018924,PO-2024-024969,2024-12-10,6190.67,E0142
GR0018925,PO-2024-024970,2024-07-14,510.28,E0159
GR0018926,PO-2025-024971,2025-04-21,10678.73,E0141
GR0018927,PO-2025-024972,2025-05-08,3605.73,E0143
GR0018928,PO-2025-024973,2025-02-19,6345.76,E0163
GR0018929,PO-2024-024974,2024-02-12,18615.14,E0162
GR0018930,PO-2025-024975,2025-02-25,3407.09,E0143
GR0018931,PO-2024-024976,2024-02-22,459.51,E0161
GR0018932,PO-2024-024976,2024-03-11,292.7,E0162
GR0018933,PO-2024-024977,2024-05-26,4820.09,E0156
GR0018934,PO-2024-024978,2024-11-18,469.94,E0157
GR0018935,PO-2024-024979,2024-12-29,2870.23,E0155
GR0018936,PO-2024-024980,2024-12-17,17434.48,E0146
GR0018937,PO-2025-024981,2025-06-02,4983.13,E0158
GR0018938,PO-2024-024982,2025-01-04,11358.57,E0153
GR0018939,PO-2024-024983,2024-06-07,4572.14,E0143
GR0018940,PO-2025-024984,2025-06-20,3627.41,E0161
GR0018941,PO-2025-024985,2025-03-11,4743.74,E0154
GR0018942,PO-2024-024986,2024-02-25,1149.93,E0157
GR0018943,PO-2024-024987,2024-03-26,9602.8,E0162
GR0018944,PO-2025-024988,2025-03-02,9118.2,E0159
GR0018945,PO-2024-024989,2024-12-25,1611.89,E0160
GR0018946,PO-2024-024990,2024-09-02,10569.98,E0145
GR0018947,PO-2024-024991,2025-01-03,10532.93,E0149
GR0018948,PO-2024-024992,2024-03-27,890.6,E0156
GR0018949,PO-2024-024992,2024-03-29,439.8,E0140
GR0018950,PO-2024-024993,2024-08-07,7036.65,E0143
GR0018951,PO-2025-024994,2025-02-18,3914.31,E0149
GR0018952,PO-2024-024995,2024-05-30,6959.07,E0140
GR0018953,PO-2024-024996,2024-08-21,1218.01,E0163
GR0018954,PO-2024-024997,2024-09-10,20760.14,E0149
GR0018955,PO-2025-024998,2025-07-10,3633.53,E0148
GR0018956,PO-2025-024998,2025-07-28,1936.58,E0158
GR0018957,PO-2024-024999,2024-07-05,5956.24,E0143
GR0018958,PO-2025-025000,2025-01-12,2989.58,E0150
GR0018959,PO-2024-025001,2024-08-31,9336.53,E0145
GR0018960,PO-2024-025002,2024-08-28,2873.74,E0153
GR0018961,PO-2024-025003,2024-12-12,361.56,E0158
GR0018962,PO-2025-025004,2025-02-18,2218.1,E0160
GR0018963,PO-2024-025005,2024-03-21,16004.13,E0158
GR0018964,PO-2024-025006,2024-08-06,1785.08,E0143
GR0018965,PO-2025-025007,2025-04-12,2040.66,E0141
GR0018966,PO-2025-025007,2025-04-27,965.86,E0152
GR0018967,PO-2024-025008,2025-01-06,6607.12,E0145
GR0018968,PO-2024-025009,2025-01-12,5315.38,E0144
GR0018969,PO-2024-025010,2024-04-03,7893.39,E0156
GR0018970,PO-2024-025010,2024-04-12,5924.9,E0142
GR0018971,PO-2024-025011,2024-02-29,15606.87,E0151
GR0018972,PO-2025-025012,2025-03-28,20911.26,E0156
GR0018973,PO-2024-025013,2024-07-19,16513.36,E0150
GR0018974,PO-2024-025014,2024-08-30,6131.88,E0154
GR0018975,PO-2025-025015,2025-06-01,22535.11,E0147
GR0018976,PO-2024-025016,2024-05-11,2681.67,E0148
GR0018977,PO-2024-025016,2024-05-22,2017.64,E0144
GR0018978,PO-2025-025017,2025-03-12,4088.82,E0141
GR0018979,PO-2024-025018,2024-12-03,5249.98,E0155
GR0018980,PO-2024-025019,2024-08-07,13074.81,E0161
GR0018981,PO-2025-025020,2025-06-04,857.15,E0144
GR0018982,PO-2025-025021,2025-05-09,1645.68,E0153
GR0018983,PO-2024-025022,2024-05-19,7324.3,E0154
GR0018984,PO-2025-025023,2025-02-02,3722.88,E0145
GR0018985,PO-2024-025024,2024-09-14,4592.11,E0140
GR0018986,PO-2025-025025,2025-06-18,2260.57,E0147
GR0018987,PO-2024-025026,2024-01-08,2811.1,E0163
GR0018988,PO-2024-025027,2024-06-10,555.0,E0155
GR0018989,PO-2025-025028,2025-01-21,5667.44,E0160
GR0018990,PO-2024-025029,2024-12-12,4169.68,E0142
GR0018991,PO-2024-025030,2024-04-12,1435.37,E0154
GR0018992,PO-2024-025031,2024-08-14,697.61,E0144
GR0018993,PO-2024-025032,2024-07-05,1096.81,E0151
GR0018994,PO-2025-025033,2025-01-23,1355.16,E0157
GR0018995,PO-2024-025034,2024-05-30,12541.58,E0160
GR0018996,PO-2024-025035,2024-06-10,155.52,E0160
GR0018997,PO-2024-025036,2024-07-13,2362.01,E0153
GR0018998,PO-2025-025037,2025-07-13,40477.89,E0159
GR0018999,PO-2024-025038,2024-06-22,2300.1,E0145
GR0019000,PO-2024-025039,2024-12-31,2213.27,E0149
GR0019001,PO-2025-025040,2025-04-21,2936.0,E0163
GR0019002,PO-2025-025040,2025-05-05,1799.78,E0149
GR0019003,PO-2025-025041,2025-02-14,3413.02,E0140
GR0019004,PO-2025-025042,2025-01-18,971.69,E0159
GR0019005,PO-2024-025043,2024-06-08,3992.88,E0148
GR0019006,PO-2024-025044,2024-07-11,2883.42,E0141
GR0019007,PO-2024-025045,2024-03-10,1242.01,E0152
GR0019008,PO-2024-025046,2024-06-01,969.8,E0163
GR0019009,PO-2025-025047,2025-05-31,5959.74,E0155
GR0019010,PO-2024-025048,2024-08-20,1940.59,E0162
GR0019011,PO-2024-025048,2024-09-05,896.84,E0155
GR0019012,PO-2025-025049,2025-05-12,132.89,E0163
GR0019013,PO-2025-025050,2025-05-04,245.57,E0150
GR0019014,PO-2024-025051,2024-01-13,607.68,E0149
GR0019015,PO-2024-025051,2024-01-28,576.46,E0160
GR0019016,PO-2024-025052,2024-12-05,9854.45,E0149
GR0019017,PO-2025-025053,2025-01-09,754.76,E0141
GR0019018,PO-2024-025054,2024-07-29,843.27,E0141
GR0019019,PO-2025-025055,2025-01-27,2982.14,E0152
GR0019020,PO-2024-025056,2024-08-25,1694.05,E0140
GR0019021,PO-2024-025057,2024-04-04,1560.97,E0145
GR0019022,PO-2024-025058,2024-07-08,6292.04,E0140
GR0019023,PO-2024-025059,2024-10-02,577.65,E0156
GR0019024,PO-2024-025060,2024-05-14,1318.48,E0155
GR0019025,PO-2025-025061,2025-05-31,541.64,E0150
GR0019026,PO-2024-025062,2024-10-17,1198.6,E0147
GR0019027,PO-2025-025063,2025-05-06,1328.67,E0160
GR0019028,PO-2025-025064,2025-06-04,704.39,E0148
GR0019029,PO-2024-025065,2024-01-06,511.91,E0146
GR0019030,PO-2025-025066,2025-05-27,1367.33,E0140
GR0019031,PO-2024-025067,2024-12-16,2402.44,E0143
GR0019032,PO-2024-025068,2024-11-21,7674.12,E0150
GR0019033,PO-2024-025069,2024-04-05,7975.4,E0158
GR0019034,PO-2024-025070,2024-04-03,2884.22,E0154
GR0019035,PO-2025-025071,2025-05-10,11202.79,E0142
GR0019036,PO-2024-025072,2024-06-08,3919.48,E0158
GR0019037,PO-2024-025073,2024-03-10,2883.65,E0152
GR0019038,PO-2025-025074,2025-07-08,3242.23,E0149
GR0019039,PO-2025-025074,2025-07-22,1756.62,E0146
GR0019040,PO-2025-025075,2025-04-06,13914.81,E0158
GR0019041,PO-2024-025076,2024-06-30,3034.25,E0154
GR0019042,PO-2024-025076,2024-07-05,1781.02,E0159
GR0019043,PO-2025-025077,2025-06-20,1486.39,E0163
GR0019044,PO-2024-025078,2024-10-16,3572.63,E0147
GR0019045,PO-2024-025079,2024-09-20,1761.6,E0141
GR0019046,PO-2024-025080,2024-01-30,4916.44,E0159
GR0019047,PO-2024-025081,2024-01-27,4163.08,E0156
GR0019048,PO-2025-025082,2025-05-10,3933.02,E0149
GR0019049,PO-2025-025083,2025-06-24,2542.73,E0158
GR0019050,PO-2024-025084,2024-05-09,8175.89,E0150
GR0019051,PO-2024-025085,2024-10-17,776.29,E0156
GR0019052,PO-2024-025086,2024-07-25,1621.44,E0142
GR0019053,PO-2024-025087,2024-09-15,1648.63,E0149
GR0019054,PO-2024-025088,2024-11-08,2600.19,E0156
GR0019055,PO-2024-025089,2024-08-11,1357.55,E0141
GR0019056,PO-2024-025090,2024-03-01,7871.18,E0142
GR0019057,PO-2024-025091,2024-04-23,5280.6,E0152
GR0019058,PO-2025-025092,2025-02-02,5530.05,E0156
GR0019059,PO-2024-025093,2024-04-27,4754.32,E0161
GR0019060,PO-2024-025094,2024-02-09,737.08,E0146
GR0019061,PO-2024-025094,2024-02-26,850.2,E0151
GR0019062,PO-2025-025095,2025-06-06,1498.36,E0145
GR0019063,PO-2025-025096,2025-04-02,39527.1,E0158
GR0019064,PO-2025-025097,2025-05-22,10042.95,E0156
GR0019065,PO-2024-025098,2024-08-04,4917.76,E0141
GR0019066,PO-2025-025099,2025-04-24,20071.27,E0141
GR0019067,PO-2025-025100,2025-04-09,874.27,E0163
GR0019068,PO-2025-025101,2025-05-10,11358.77,E0140
GR0019069,PO-2024-025102,2024-09-23,4327.39,E0143
GR0019070,PO-2024-025103,2024-12-03,3127.17,E0160
GR0019071,PO-2024-025104,2024-03-29,29383.88,E0155
GR0019072,PO-2024-025105,2024-02-23,6598.51,E0158
GR0019073,PO-2025-025106,2025-01-21,1184.43,E0140
GR0019074,PO-2024-025107,2024-03-20,2678.78,E0152
GR0019075,PO-2025-025108,2025-02-10,3130.88,E0155
GR0019076,PO-2025-025108,2025-02-24,1578.29,E0149
GR0019077,PO-2024-025109,2024-01-29,3145.1,E0142
GR0019078,PO-2024-025110,2024-05-11,11213.22,E0157
GR0019079,PO-2024-025111,2024-02-17,4283.48,E0142
GR0019080,PO-2024-025111,2024-03-01,2551.37,E0144
GR0019081,PO-2024-025112,2024-04-05,2851.72,E0143
GR0019082,PO-2024-025113,2024-08-26,5472.27,E0162
GR0019083,PO-2024-025113,2024-09-08,4707.15,E0160
GR0019084,PO-2024-025114,2024-08-03,7101.4,E0158
GR0019085,PO-2024-025115,2024-04-30,21291.76,E0153
GR0019086,PO-2024-025116,2024-10-28,4049.99,E0146
GR0019087,PO-2024-025117,2024-01-23,11372.06,E0163
GR0019088,PO-2025-025118,2025-03-02,4442.64,E0150
GR0019089,PO-2024-025119,2024-05-21,5156.1,E0141
GR0019090,PO-2025-025120,2025-06-11,1503.68,E0142
GR0019091,PO-2024-025121,2024-06-30,27871.96,E0140
GR0019092,PO-2025-025122,2025-04-08,15196.66,E0156
GR0019093,PO-2024-025123,2024-02-15,5941.25,E0140
GR0019094,PO-2025-025124,2025-03-10,12132.38,E0161
GR0019095,PO-2025-025125,2025-04-12,17163.79,E0158
GR0019096,PO-2024-025126,2024-08-17,5094.69,E0161
GR0019097,PO-2024-025127,2024-08-11,9441.7,E0140
GR0019098,PO-2024-025128,2024-09-10,2340.49,E0150
GR0019099,PO-2024-025129,2024-10-22,11275.0,E0146
GR0019100,PO-2024-025130,2024-01-25,6076.68,E0144
GR0019101,PO-2024-025131,2024-08-17,3094.16,E0150
GR0019102,PO-2024-025132,2024-06-29,1260.71,E0159
GR0019103,PO-2024-025133,2024-10-24,1386.51,E0155
GR0019104,PO-2024-025134,2024-12-14,9798.28,E0145
GR0019105,PO-2024-025135,2024-03-22,5320.93,E0150
GR0019106,PO-2024-025136,2024-12-23,4342.02,E0163
GR0019107,PO-2024-025137,2024-02-18,865.49,E0159
GR0019108,PO-2024-025138,2024-10-04,14856.37,E0147
GR0019109,PO-2024-025138,2024-10-12,18697.55,E0158
GR0019110,PO-2024-025139,2024-02-25,1371.28,E0143
GR0019111,PO-2024-025140,2024-11-08,7319.53,E0145
GR0019112,PO-2025-025141,2025-04-17,932.2,E0150
GR0019113,PO-2025-025141,2025-04-28,595.97,E0143
GR0019114,PO-2025-025142,2025-02-13,2106.34,E0143
GR0019115,PO-2024-025143,2024-12-24,3264.12,E0144
GR0019116,PO-2024-025144,2024-11-12,1213.01,E0152
GR0019117,PO-2024-025145,2024-11-28,4836.8,E0159
GR0019118,PO-2024-025146,2024-12-31,11348.23,E0150
GR0019119,PO-2024-025147,2024-06-22,4326.01,E0147
GR0019120,PO-2024-025148,2024-10-09,7494.44,E0141
GR0019121,PO-2024-025149,2024-07-26,2153.46,E0145
GR0019122,PO-2024-025150,2024-12-19,12091.69,E0159
GR0019123,PO-2024-025151,2024-06-19,15870.76,E0158
GR0019124,PO-2024-025152,2024-09-10,9484.31,E0158
GR0019125,PO-2025-025153,2025-06-07,4573.96,E0161
GR0019126,PO-2025-025154,2025-02-07,1133.64,E0143
GR0019127,PO-2025-025155,2025-02-22,2752.67,E0163
GR0019128,PO-2025-025156,2025-07-04,4380.49,E0152
GR0019129,PO-2024-025157,2024-07-04,3067.79,E0157
GR0019130,PO-2024-025158,2024-06-18,3408.5,E0158
GR0019131,PO-2025-025159,2025-04-06,2401.22,E0159
GR0019132,PO-2025-025160,2025-02-26,4438.12,E0149
GR0019133,PO-2025-025161,2025-06-21,16082.78,E0141
GR0019134,PO-2025-025162,2025-07-06,2592.31,E0156
GR0019135,PO-2024-025163,2024-07-24,803.4,E0163
GR0019136,PO-2024-025164,2024-05-09,14991.66,E0143
GR0019137,PO-2024-025165,2024-04-09,10185.4,E0159
GR0019138,PO-2025-025166,2025-07-07,2979.48,E0156
GR0019139,PO-2025-026925,2025-02-21,9844.01,E0148
GR0019140,PO-2025-026926,2025-02-22,9039.31,E0158
GR0019141,PO-2024-026927,2024-02-28,9436.57,E0141
GR0019142,PO-2024-026928,2024-02-29,9425.36,E0162
GR0019143,PO-2024-026929,2024-03-01,9476.96,E0157
GR0019144,PO-2024-026930,2024-03-01,9213.26,E0141
GR0019145,PO-2024-026931,2024-08-04,9345.66,E0156
GR0019146,PO-2024-026932,2024-08-05,9862.64,E0156
GR0019147,PO-2024-026933,2024-08-07,9873.15,E0160
GR0019148,PO-2024-026934,2024-06-25,9673.76,E0153
GR0019149,PO-2024-026935,2024-06-25,9253.3,E0155
GR0019150,PO-2025-026936,2025-04-23,9622.87,E0142
GR0019151,PO-2025-026937,2025-04-23,9820.3,E0149
GR0019152,PO-2025-026938,2025-04-24,9102.04,E0148
GR0019153,PO-2024-026939,2024-05-07,9744.46,E0153
GR0019154,PO-2024-026940,2024-05-09,9743.82,E0156
GR0019155,PO-2024-026941,2024-05-10,9631.33,E0150
GR0019156,PO-2025-026942,2025-06-14,9323.4,E0159
GR0019157,PO-2025-026943,2025-06-15,9795.28,E0146
GR0019158,PO-2025-026944,2025-06-16,9855.98,E0162
GR0019159,PO-2025-026945,2025-06-17,9771.19,E0144
GR0019160,PO-2025-026946,2025-03-15,9382.68,E0140
GR0019161,PO-2025-026947,2025-03-16,9831.28,E0155
GR0019162,PO-2025-026948,2025-03-17,8935.96,E0147
GR0019163,PO-2025-026949,2025-03-17,9067.26,E0145
GR0019164,PO-2024-026950,2024-07-13,9051.83,E0148
GR0019165,PO-2024-026951,2024-07-13,9857.73,E0156
GR0019166,PO-2024-026952,2024-07-15,8939.92,E0156
GR0019167,PO-2025-026953,2025-01-24,9605.92,E0149
GR0019168,PO-2025-026954,2025-02-02,9125.09,E0145
GR0019169,PO-2024-026955,2024-02-15,9103.53,E0141
GR0019170,PO-2024-026956,2024-02-28,9168.75,E0156
GR0019171,PO-2024-026957,2024-04-04,9232.77,E0146
GR0019172,PO-2024-026958,2024-04-13,9739.21,E0155
GR0019173,PO-2024-026959,2024-06-17,9029.64,E0141
GR0019174,PO-2024-026960,2024-06-26,9596.23,E0163
GR0019175,PO-2024-026961,2024-08-01,9305.95,E0152
GR0019176,PO-2024-026962,2024-08-19,9006.71,E0151
GR0019177,PO-2025-026963,2025-01-10,9458.23,E0162
GR0019178,PO-2025-026964,2025-01-31,9533.46,E0149
GR0019179,PO-2024-026965,2024-12-13,9644.7,E0146
GR0019180,PO-2024-026966,2024-12-27,9029.77,E0147
GR0019181,PO-2024-026967,2024-12-17,9524.12,E0141
GR0019182,PO-2024-026968,2024-12-27,9730.07,E0140
GR0019183,PO-2024-026969,2024-09-23,9564.22,E0155
GR0019184,PO-2024-026970,2024-10-11,9710.57,E0140
GR0019185,PO-2025-026971,2025-02-22,9568.32,E0148
GR0019186,PO-2025-026972,2025-03-16,9540.61,E0151
GR0019187,PO-2024-026973,2024-09-15,9744.34,E0156
GR0019188,PO-2024-026974,2024-10-02,9218.92,E0151
GR0019189,PO-2024-026975,2024-11-19,9017.77,E0141
GR0019190,PO-2024-026976,2024-12-03,9779.16,E0159
GR0019191,PO-2024-026977,2024-10-17,9067.09,E0154
GR0019192,PO-2024-026978,2024-10-18,9755.85,E0144
GR0019193,PO-2024-026979,2024-11-15,9589.22,E0159
GR0019194,PO-2024-026980,2024-11-16,9787.36,E0160
GR0019195,PO-2024-026981,2024-05-18,9624.49,E0154
GR0019196,PO-2024-026982,2024-05-19,9041.34,E0151
GR0019197,PO-2024-026983,2024-02-02,9352.37,E0160
GR0019198,PO-2024-026984,2024-02-03,9590.95,E0146
GR0019199,PO-2024-026985,2024-07-01,9128.79,E0143
GR0019200,PO-2024-026986,2024-07-02,9121.65,E0145
GR0019201,PO-2025-026987,2025-04-19,9273.36,E0143
GR0019202,PO-2025-026988,2025-04-20,9241.22,E0160
GR0019203,PO-2024-026989,2024-07-05,8969.82,E0148
GR0019204,PO-2024-026990,2024-07-06,9764.65,E0152
GR0019205,PO-2024-026991,2024-12-30,9663.38,E0150
GR0019206,PO-2024-026992,2024-12-31,9269.27,E0151
GR0019207,PO-2025-026993,2025-04-11,9422.31,E0160
GR0019208,PO-2025-026994,2025-04-12,9309.7,E0161
GR0019209,PO-2024-026995,2024-12-02,9028.68,E0157
GR0019210,PO-2024-026996,2024-12-03,9088.54,E0163
GR0019211,PO-2024-026997,2024-03-15,9822.59,E0158
GR0019212,PO-2024-026998,2024-03-16,9008.91,E0149
GR0019213,PO-2024-026999,2024-03-17,9585.13,E0153
GR0019214,PO-2024-027000,2024-06-30,9420.11,E0154
GR0019215,PO-2024-027001,2024-07-01,9735.67,E0141
GR0019216,PO-2025-027002,2025-06-03,9440.38,E0151
GR0019217,PO-2025-027003,2025-06-04,8989.01,E0162
GR0019218,PO-2024-027004,2024-06-21,9437.22,E0148
GR0019219,PO-2024-027005,2024-06-22,9298.97,E0146
GR0019220,PO-2024-027006,2024-06-23,9265.75,E0143
GR0019221,PO-2025-027007,2025-04-22,9448.99,E0156
GR0019222,PO-2025-027008,2025-04-23,9060.83,E0162
GR0019223,PO-2025-027009,2025-04-24,9179.07,E0146
GR0019224,PO-2024-027010,2024-07-08,9443.7,E0163
GR0019225,PO-2024-027011,2024-07-09,9299.58,E0140
GR0019226,PO-2024-027012,2024-10-15,9628.67,E0153
GR0019227,PO-2024-027013,2024-10-16,9773.9,E0161
GR0019228,PO-2024-027014,2024-04-19,9270.42,E0145
GR0019229,PO-2024-027015,2024-04-20,9409.77,E0146
GR0019230,PO-2024-027016,2024-04-21,9062.82,E0156
GR0019231,PO-2024-027017,2024-03-30,9504.5,E0155
GR0019232,PO-2024-027018,2024-03-31,9592.72,E0158
GR0019233,PO-2024-027019,2024-04-01,9849.96,E0161
GR0019234,PO-2024-027020,2024-07-19,9721.82,E0149
GR0019235,PO-2024-027021,2024-07-20,9309.23,E0142
GR0019236,PO-2024-027022,2024-07-21,9797.89,E0142
GR0019237,PO-2025-027023,2025-01-24,2457.17,E0160
GR0019238,PO-2024-027024,2024-11-15,3266.49,E0160
GR0019239,PO-2024-027025,2024-12-02,2043.91,E0160
GR0019240,PO-2024-027026,2024-06-14,2645.2,E0160
GR0019241,PO-2024-027027,2024-06-12,2732.45,E0160
GR0019242,PO-2025-027028,2025-04-17,2404.2,E0160
GR0019243,PO-2024-027029,2024-10-03,2964.18,E0160
GR0019244,PO-2024-027030,2024-05-05,2355.18,E0160
GR0019245,PO-2024-027031,2024-12-13,3087.5,E0160
GR0019246,PO-2024-027032,2024-12-05,1947.66,E0160
GR0019247,PO-2024-027033,2024-07-04,676.68,E0160
GR0019248,PO-2024-027034,2024-03-05,1047.28,E0160
GR0019249,PO-2024-027035,2024-05-25,3001.19,E0160
GR0019250,PO-2025-027036,2025-02-27,1407.87,E0160
GR0019251,PO-2024-027037,2024-06-18,1879.86,E0160
GR0019252,PO-2024-027038,2024-10-11,1623.03,E0160
GR0019253,PO-2024-027039,2024-10-08,4132.15,E0160
GR0019254,PO-2025-027040,2025-06-24,1027.7,E0160
GR0019255,PO-2024-027041,2024-09-11,1802.08,E0160
GR0019256,PO-2025-027042,2025-02-11,852.75,E0160
GR0019257,PO-2024-027043,2024-03-26,1574.48,E0160
GR0019258,PO-2024-027044,2024-10-04,2613.34,E0160
GR0019259,PO-2025-027045,2025-06-20,3884.89,E0160
GR0019260,PO-2025-027046,2025-04-25,3655.07,E0160
GR0019261,PO-2024-027047,2024-11-20,1323.21,E0160
GR0019262,PO-2025-027048,2025-06-29,663.7,E0160
GR0019263,PO-2025-027049,2025-04-08,4024.89,E0160
GR0019264,PO-2025-027050,2025-04-01,2845.75,E0160
GR0019265,PO-2024-027051,2024-09-19,1950.24,E0146
GR0019266,PO-2024-027052,2024-09-30,3836.44,E0146
GR0019267,PO-2024-027053,2024-12-24,1448.74,E0146
GR0019268,PO-2025-027054,2025-06-11,4453.55,E0146
GR0019269,PO-2025-027055,2025-03-03,1792.73,E0146
GR0019270,PO-2024-027056,2024-09-30,992.63,E0146
GR0019271,PO-2025-027057,2025-07-06,1966.16,E0146
GR0019272,PO-2024-027058,2024-08-08,5020.34,E0146
GR0019273,PO-2025-027059,2025-04-28,1656.67,E0146
GR0019274,PO-2024-027060,2024-06-30,3009.4,E0146
GR0019275,PO-2025-027061,2025-03-10,2335.47,E0146
GR0019276,PO-2024-027062,2024-05-23,3248.52,E0146
GR0019277,PO-2024-027063,2024-09-06,3604.11,E0146
GR0019278,PO-2024-027064,2024-11-15,2137.03,E0146
GR0019279,PO-2025-027065,2025-03-06,4724.67,E0146
GR0019280,PO-2025-027066,2025-06-23,3520.37,E0146
GR0019281,PO-2024-027067,2024-08-23,683.0,E0146
GR0019282,PO-2025-027068,2025-06-01,527.85,E0146
GR0019283,PO-2025-027069,2025-02-15,1846.48,E0146
GR0019284,PO-2025-027070,2025-05-20,1497.07,E0146
GR0019285,PO-2024-027071,2024-02-20,863.65,E0146
GR0019286,PO-2024-027072,2024-03-27,2902.93,E0146
GR0019287,PO-2024-027073,2024-08-28,1976.17,E0146
GR0019288,PO-2024-027074,2024-09-15,4441.43,E0146
GR0019289,PO-2024-027075,2024-07-02,3117.73,E0146
GR0019290,PO-2024-027076,2024-07-29,2823.64,E0146
GR0019291,PO-2024-027077,2024-06-07,1739.0,E0146
GR0019292,PO-2025-027078,2025-04-18,4186.36,E0146
GR0019293,PO-2024-027079,2024-03-29,12675.78,E0148
GR0019294,PO-2024-027080,2024-06-18,6857.7,E0156
GR0019295,PO-2025-027081,2025-05-15,8398.7,E0156
GR0019296,PO-2024-027082,2024-08-06,7741.16,E0159
GR0019297,PO-2024-027083,2024-02-09,7115.38,E0141
GR0019298,PO-2024-027084,2024-11-07,11133.81,E0155
GR0019299,PO-2024-027085,2024-11-14,5037.47,E0147
GR0019300,PO-2025-027086,2025-05-11,8291.33,E0151
GR0019301,PO-2025-027087,2025-06-04,14839.05,E0162
GR0019302,PO-2025-027088,2025-07-07,11613.44,E0161
GR0019303,PO-2024-027089,2024-07-14,8110.58,E0163
GR0019304,PO-2024-027090,2024-05-10,10818.85,E0148
GR0019305,PO-2025-027091,2025-05-18,4608.27,E0157
GR0019306,PO-2024-027092,2024-04-25,11841.38,E0153
GR0019307,PO-2024-027093,2024-10-20,3570.47,E0160
GR0019308,PO-2024-027094,2024-05-27,8385.11,E0145
GR0019309,PO-2025-027095,2025-06-26,13409.51,E0149
GR0019310,PO-2024-027096,2024-03-19,8132.63,E0150
GR0019311,PO-2024-027097,2024-05-07,13144.27,E0147
GR0019312,PO-2025-027098,2025-06-24,6917.74,E0152
GR0019313,PO-2024-027099,2024-05-09,5766.48,E0163
GR0019314,PO-2024-027100,2024-12-30,13635.2,E0148
GR0019315,PO-2025-027101,2025-04-15,6167.69,E0144
GR0019316,PO-2025-027102,2025-04-05,7895.52,E0140
GR0019317,PO-2024-027103,2024-12-01,66696.03,E0150
GR0019318,PO-2024-027104,2024-06-13,106366.53,E0162
GR0019319,PO-2024-027105,2024-11-02,115601.36,E0158
GR0019320,PO-2025-027106,2025-05-14,105241.84,E0145
GR0019321,PO-2024-027107,2024-11-03,99877.57,E0156
GR0019322,PO-2024-027108,2024-09-26,83040.22,E0142
GR0019323,PO-2024-027109,2024-03-24,93315.06,E0154
GR0019324,PO-2024-027110,2024-10-23,59696.2,E0146
GR0019325,PO-2024-027111,2024-04-06,57196.98,E0148
GR0019326,PO-2024-027112,2024-03-02,69123.89,E0156
GR0019327,PO-2024-027113,2024-03-18,86208.14,E0159
GR0019328,PO-2025-027114,2025-05-15,84706.45,E0163
GR0019329,PO-2024-027115,2024-07-23,90423.7,E0163
GR0019330,PO-2025-027116,2025-02-04,48939.29,E0149
GR0019331,PO-2025-027117,2025-01-25,41775.24,E0160
