year,group,residence,measure,value,status,source,note
1956,families,total,number_thousands,43445,printed,"P-60 No. 27, Table 1, page 21",
1956,families,total,pct Under $500,3.2,printed,"P-60 No. 27, Table 1, page 21",
1956,families,total,pct $500 to $999,3.3,printed,"P-60 No. 27, Table 1, page 21",
1956,families,total,"pct $1,000 to $1,499",4.4,printed,"P-60 No. 27, Table 1, page 21",
1956,families,total,"pct $1,500 to $1,999",4.5,printed,"P-60 No. 27, Table 1, page 21",
1956,families,total,"pct $2,000 to $2,499",5.1,printed,"P-60 No. 27, Table 1, page 21",
1956,families,total,"pct $2,500 to $2,999",5.1,printed,"P-60 No. 27, Table 1, page 21",
1956,families,total,"pct $3,000 to $3,499",6.2,printed,"P-60 No. 27, Table 1, page 21",
1956,families,total,"pct $3,500 to $3,999",6.3,printed,"P-60 No. 27, Table 1, page 21",
1956,families,total,"pct $4,000 to $4,499",8.0,printed,"P-60 No. 27, Table 1, page 21",
1956,families,total,"pct $4,500 to $4,999",6.9,printed,"P-60 No. 27, Table 1, page 21",
1956,families,total,"pct $5,000 to $5,999",13.7,printed,"P-60 No. 27, Table 1, page 21",
1956,families,total,"pct $6,000 to $6,999",9.8,printed,"P-60 No. 27, Table 1, page 21",
1956,families,total,"pct $7,000 to $9,999",15.6,printed,"P-60 No. 27, Table 1, page 21",
1956,families,total,"pct $10,000 to $14,999",5.9,printed,"P-60 No. 27, Table 1, page 21",
1956,families,total,"pct $15,000 to $24,999",1.5,printed,"P-60 No. 27, Table 1, page 21",
1956,families,total,"pct $25,000 and over",0.5,printed,"P-60 No. 27, Table 1, page 21",
1956,families,total,median_dollars,4783,printed,"P-60 No. 27, Table 1, page 21",
1956,families,total,year_round_full_time_median_dollars,5515,printed,"P-60 No. 27, Table 1, page 21",
1956,families,urban_total,number_thousands,27496,printed,"P-60 No. 27, Table 1, page 21",
1956,families,urban_total,pct Under $500,1.7,printed,"P-60 No. 27, Table 1, page 21",
1956,families,urban_total,pct $500 to $999,2.0,printed,"P-60 No. 27, Table 1, page 21",
1956,families,urban_total,"pct $1,000 to $1,499",3.2,printed,"P-60 No. 27, Table 1, page 21",
1956,families,urban_total,"pct $1,500 to $1,999",3.5,printed,"P-60 No. 27, Table 1, page 21",
1956,families,urban_total,"pct $2,000 to $2,499",4.3,printed,"P-60 No. 27, Table 1, page 21",
1956,families,urban_total,"pct $2,500 to $2,999",4.4,printed,"P-60 No. 27, Table 1, page 21",
1956,families,urban_total,"pct $3,000 to $3,499",5.7,printed,"P-60 No. 27, Table 1, page 21",
1956,families,urban_total,"pct $3,500 to $3,999",6.1,printed,"P-60 No. 27, Table 1, page 21",
1956,families,urban_total,"pct $4,000 to $4,499",8.4,printed,"P-60 No. 27, Table 1, page 21",
1956,families,urban_total,"pct $4,500 to $4,999",7.5,printed,"P-60 No. 27, Table 1, page 21",
1956,families,urban_total,"pct $5,000 to $5,999",14.5,printed,"P-60 No. 27, Table 1, page 21",
1956,families,urban_total,"pct $6,000 to $6,999",10.6,printed,"P-60 No. 27, Table 1, page 21",
1956,families,urban_total,"pct $7,000 to $9,999",18.5,printed,"P-60 No. 27, Table 1, page 21",
1956,families,urban_total,"pct $10,000 to $14,999",7.2,printed,"P-60 No. 27, Table 1, page 21",
1956,families,urban_total,"pct $15,000 to $24,999",1.8,printed,"P-60 No. 27, Table 1, page 21",
1956,families,urban_total,"pct $25,000 and over",0.6,printed,"P-60 No. 27, Table 1, page 21",
1956,families,urban_total,median_dollars,5221,printed,"P-60 No. 27, Table 1, page 21",
1956,families,urban_total,year_round_full_time_median_dollars,5953,printed,"P-60 No. 27, Table 1, page 21",
1956,families,urbanized_total,number_thousands,19658,printed,"P-60 No. 27, Table 1, page 21",
1956,families,urbanized_total,pct Under $500,1.5,printed,"P-60 No. 27, Table 1, page 21",
1956,families,urbanized_total,pct $500 to $999,1.6,printed,"P-60 No. 27, Table 1, page 21",
1956,families,urbanized_total,"pct $1,000 to $1,499",2.5,printed,"P-60 No. 27, Table 1, page 21",
1956,families,urbanized_total,"pct $1,500 to $1,999",3.2,printed,"P-60 No. 27, Table 1, page 21",
1956,families,urbanized_total,"pct $2,000 to $2,499",3.8,printed,"P-60 No. 27, Table 1, page 21",
1956,families,urbanized_total,"pct $2,500 to $2,999",4.1,printed,"P-60 No. 27, Table 1, page 21",
1956,families,urbanized_total,"pct $3,000 to $3,499",4.9,printed,"P-60 No. 27, Table 1, page 21",
1956,families,urbanized_total,"pct $3,500 to $3,999",5.8,printed,"P-60 No. 27, Table 1, page 21",
1956,families,urbanized_total,"pct $4,000 to $4,499",8.1,printed,"P-60 No. 27, Table 1, page 21",
1956,families,urbanized_total,"pct $4,500 to $4,999",7.4,printed,"P-60 No. 27, Table 1, page 21",
1956,families,urbanized_total,"pct $5,000 to $5,999",14.9,printed,"P-60 No. 27, Table 1, page 21",
1956,families,urbanized_total,"pct $6,000 to $6,999",11.0,printed,"P-60 No. 27, Table 1, page 21",
1956,families,urbanized_total,"pct $7,000 to $9,999",19.8,printed,"P-60 No. 27, Table 1, page 21",
1956,families,urbanized_total,"pct $10,000 to $14,999",8.4,printed,"P-60 No. 27, Table 1, page 21",
1956,families,urbanized_total,"pct $15,000 to $24,999",2.2,printed,"P-60 No. 27, Table 1, page 21",
1956,families,urbanized_total,"pct $25,000 and over",0.7,printed,"P-60 No. 27, Table 1, page 21",
1956,families,urbanized_total,median_dollars,5477,printed,"P-60 No. 27, Table 1, page 21",
1956,families,urbanized_total,year_round_full_time_median_dollars,6218,printed,"P-60 No. 27, Table 1, page 21",
1956,families,urbanized_1000000_and_over,number_thousands,,not_available_in_report,"P-60 No. 27, Table 1, page 21",
1956,families,urbanized_1000000_and_over,pct Under $500,1.4,printed,"P-60 No. 27, Table 1, page 21",
1956,families,urbanized_1000000_and_over,pct $500 to $999,1.2,printed,"P-60 No. 27, Table 1, page 21",
1956,families,urbanized_1000000_and_over,"pct $1,000 to $1,499",2.0,printed,"P-60 No. 27, Table 1, page 21",
1956,families,urbanized_1000000_and_over,"pct $1,500 to $1,999",2.6,printed,"P-60 No. 27, Table 1, page 21",
1956,families,urbanized_1000000_and_over,"pct $2,000 to $2,499",3.4,printed,"P-60 No. 27, Table 1, page 21",
1956,families,urbanized_1000000_and_over,"pct $2,500 to $2,999",3.7,printed,"P-60 No. 27, Table 1, page 21",
1956,families,urbanized_1000000_and_over,"pct $3,000 to $3,499",4.3,printed,"P-60 No. 27, Table 1, page 21",
1956,families,urbanized_1000000_and_over,"pct $3,500 to $3,999",5.4,printed,"P-60 No. 27, Table 1, page 21",
1956,families,urbanized_1000000_and_over,"pct $4,000 to $4,499",7.6,printed,"P-60 No. 27, Table 1, page 21",
1956,families,urbanized_1000000_and_over,"pct $4,500 to $4,999",7.1,printed,"P-60 No. 27, Table 1, page 21",
1956,families,urbanized_1000000_and_over,"pct $5,000 to $5,999",15.3,printed,"P-60 No. 27, Table 1, page 21",
1956,families,urbanized_1000000_and_over,"pct $6,000 to $6,999",10.8,printed,"P-60 No. 27, Table 1, page 21",
1956,families,urbanized_1000000_and_over,"pct $7,000 to $9,999",21.2,printed,"P-60 No. 27, Table 1, page 21",
1956,families,urbanized_1000000_and_over,"pct $10,000 to $14,999",10.1,printed,"P-60 No. 27, Table 1, page 21",
1956,families,urbanized_1000000_and_over,"pct $15,000 to $24,999",2.8,printed,"P-60 No. 27, Table 1, page 21",
1956,families,urbanized_1000000_and_over,"pct $25,000 and over",1.1,printed,"P-60 No. 27, Table 1, page 21",
1956,families,urbanized_1000000_and_over,median_dollars,5739,printed,"P-60 No. 27, Table 1, page 21",
1956,families,urbanized_1000000_and_over,year_round_full_time_median_dollars,6480,printed,"P-60 No. 27, Table 1, page 21",
1956,families,urbanized_250000_to_999999,number_thousands,,not_available_in_report,"P-60 No. 27, Table 1, page 21",
1956,families,urbanized_250000_to_999999,pct Under $500,1.7,printed,"P-60 No. 27, Table 1, page 21",
1956,families,urbanized_250000_to_999999,pct $500 to $999,1.7,printed,"P-60 No. 27, Table 1, page 21",
1956,families,urbanized_250000_to_999999,"pct $1,000 to $1,499",2.8,printed,"P-60 No. 27, Table 1, page 21",
1956,families,urbanized_250000_to_999999,"pct $1,500 to $1,999",4.6,printed,"P-60 No. 27, Table 1, page 21",
1956,families,urbanized_250000_to_999999,"pct $2,000 to $2,499",3.7,printed,"P-60 No. 27, Table 1, page 21",
1956,families,urbanized_250000_to_999999,"pct $2,500 to $2,999",4.6,printed,"P-60 No. 27, Table 1, page 21",
1956,families,urbanized_250000_to_999999,"pct $3,000 to $3,499",5.5,printed,"P-60 No. 27, Table 1, page 21",
1956,families,urbanized_250000_to_999999,"pct $3,500 to $3,999",7.0,printed,"P-60 No. 27, Table 1, page 21",
1956,families,urbanized_250000_to_999999,"pct $4,000 to $4,499",9.3,printed,"P-60 No. 27, Table 1, page 21",
1956,families,urbanized_250000_to_999999,"pct $4,500 to $4,999",7.3,printed,"P-60 No. 27, Table 1, page 21",
1956,families,urbanized_250000_to_999999,"pct $5,000 to $5,999",14.4,printed,"P-60 No. 27, Table 1, page 21",
1956,families,urbanized_250000_to_999999,"pct $6,000 to $6,999",10.6,printed,"P-60 No. 27, Table 1, page 21",
1956,families,urbanized_250000_to_999999,"pct $7,000 to $9,999",18.5,printed,"P-60 No. 27, Table 1, page 21",
1956,families,urbanized_250000_to_999999,"pct $10,000 to $14,999",6.4,printed,"P-60 No. 27, Table 1, page 21",
1956,families,urbanized_250000_to_999999,"pct $15,000 to $24,999",1.6,printed,"P-60 No. 27, Table 1, page 21",
1956,families,urbanized_250000_to_999999,"pct $25,000 and over",0.4,printed,"P-60 No. 27, Table 1, page 21",
1956,families,urbanized_250000_to_999999,median_dollars,5125,printed,"P-60 No. 27, Table 1, page 21",
1956,families,urbanized_250000_to_999999,year_round_full_time_median_dollars,5836,printed,"P-60 No. 27, Table 1, page 21",
1956,families,urbanized_under_250000,number_thousands,,not_available_in_report,"P-60 No. 27, Table 1, page 21",
1956,families,urbanized_under_250000,pct Under $500,1.7,printed,"P-60 No. 27, Table 1, page 21",
1956,families,urbanized_under_250000,pct $500 to $999,2.4,printed,"P-60 No. 27, Table 1, page 21",
1956,families,urbanized_under_250000,"pct $1,000 to $1,499",3.5,printed,"P-60 No. 27, Table 1, page 21",
1956,families,urbanized_under_250000,"pct $1,500 to $1,999",3.1,printed,"P-60 No. 27, Table 1, page 21",
1956,families,urbanized_under_250000,"pct $2,000 to $2,499",4.9,printed,"P-60 No. 27, Table 1, page 21",
1956,families,urbanized_under_250000,"pct $2,500 to $2,999",4.3,printed,"P-60 No. 27, Table 1, page 21",
1956,families,urbanized_under_250000,"pct $3,000 to $3,499",5.9,printed,"P-60 No. 27, Table 1, page 21",
1956,families,urbanized_under_250000,"pct $3,500 to $3,999",5.7,printed,"P-60 No. 27, Table 1, page 21",
1956,families,urbanized_under_250000,"pct $4,000 to $4,499",8.2,printed,"P-60 No. 27, Table 1, page 21",
1956,families,urbanized_under_250000,"pct $4,500 to $4,999",8.4,printed,"P-60 No. 27, Table 1, page 21",
1956,families,urbanized_under_250000,"pct $5,000 to $5,999",14.4,printed,"P-60 No. 27, Table 1, page 21",
1956,families,urbanized_under_250000,"pct $6,000 to $6,999",12.0,printed,"P-60 No. 27, Table 1, page 21",
1956,families,urbanized_under_250000,"pct $7,000 to $9,999",18.0,printed,"P-60 No. 27, Table 1, page 21",
1956,families,urbanized_under_250000,"pct $10,000 to $14,999",6.4,printed,"P-60 No. 27, Table 1, page 21",
1956,families,urbanized_under_250000,"pct $15,000 to $24,999",1.3,printed,"P-60 No. 27, Table 1, page 21",
1956,families,urbanized_under_250000,"pct $25,000 and over",,printed_less_than_0.1,"P-60 No. 27, Table 1, page 21",shown as three dots in the report
1956,families,urbanized_under_250000,median_dollars,5132,printed,"P-60 No. 27, Table 1, page 21",
1956,families,urbanized_under_250000,year_round_full_time_median_dollars,6012,printed,"P-60 No. 27, Table 1, page 21",
1956,families,not_urbanized_total,number_thousands,7838,printed,"P-60 No. 27, Table 1, page 21",
1956,families,not_urbanized_total,pct Under $500,2.2,printed,"P-60 No. 27, Table 1, page 21",
1956,families,not_urbanized_total,pct $500 to $999,2.9,printed,"P-60 No. 27, Table 1, page 21",
1956,families,not_urbanized_total,"pct $1,000 to $1,499",4.7,printed,"P-60 No. 27, Table 1, page 21",
1956,families,not_urbanized_total,"pct $1,500 to $1,999",4.2,printed,"P-60 No. 27, Table 1, page 21",
1956,families,not_urbanized_total,"pct $2,000 to $2,499",5.5,printed,"P-60 No. 27, Table 1, page 21",
1956,families,not_urbanized_total,"pct $2,500 to $2,999",5.3,printed,"P-60 No. 27, Table 1, page 21",
1956,families,not_urbanized_total,"pct $3,000 to $3,499",7.5,printed,"P-60 No. 27, Table 1, page 21",
1956,families,not_urbanized_total,"pct $3,500 to $3,999",6.9,printed,"P-60 No. 27, Table 1, page 21",
1956,families,not_urbanized_total,"pct $4,000 to $4,499",9.2,printed,"P-60 No. 27, Table 1, page 21",
1956,families,not_urbanized_total,"pct $4,500 to $4,999",7.8,printed,"P-60 No. 27, Table 1, page 21",
1956,families,not_urbanized_total,"pct $5,000 to $5,999",13.5,printed,"P-60 No. 27, Table 1, page 21",
1956,families,not_urbanized_total,"pct $6,000 to $6,999",9.6,printed,"P-60 No. 27, Table 1, page 21",
1956,families,not_urbanized_total,"pct $7,000 to $9,999",15.2,printed,"P-60 No. 27, Table 1, page 21",
1956,families,not_urbanized_total,"pct $10,000 to $14,999",4.2,printed,"P-60 No. 27, Table 1, page 21",
1956,families,not_urbanized_total,"pct $15,000 to $24,999",0.9,printed,"P-60 No. 27, Table 1, page 21",
1956,families,not_urbanized_total,"pct $25,000 and over",0.5,printed,"P-60 No. 27, Table 1, page 21",
1956,families,not_urbanized_total,median_dollars,4603,printed,"P-60 No. 27, Table 1, page 21",
1956,families,not_urbanized_total,year_round_full_time_median_dollars,5387,printed,"P-60 No. 27, Table 1, page 21",
1956,families,not_urbanized_25000_and_over,number_thousands,,not_available_in_report,"P-60 No. 27, Table 1, page 21",
1956,families,not_urbanized_25000_and_over,pct Under $500,1.2,printed,"P-60 No. 27, Table 1, page 21",
1956,families,not_urbanized_25000_and_over,pct $500 to $999,2.3,printed,"P-60 No. 27, Table 1, page 21",
1956,families,not_urbanized_25000_and_over,"pct $1,000 to $1,499",3.1,printed,"P-60 No. 27, Table 1, page 21",
1956,families,not_urbanized_25000_and_over,"pct $1,500 to $1,999",3.9,printed,"P-60 No. 27, Table 1, page 21",
1956,families,not_urbanized_25000_and_over,"pct $2,000 to $2,499",4.7,printed,"P-60 No. 27, Table 1, page 21",
1956,families,not_urbanized_25000_and_over,"pct $2,500 to $2,999",4.7,printed,"P-60 No. 27, Table 1, page 21",
1956,families,not_urbanized_25000_and_over,"pct $3,000 to $3,499",6.7,printed,"P-60 No. 27, Table 1, page 21",
1956,families,not_urbanized_25000_and_over,"pct $3,500 to $3,999",6.8,printed,"P-60 No. 27, Table 1, page 21",
1956,families,not_urbanized_25000_and_over,"pct $4,000 to $4,499",9.3,printed,"P-60 No. 27, Table 1, page 21",
1956,families,not_urbanized_25000_and_over,"pct $4,500 to $4,999",7.5,printed,"P-60 No. 27, Table 1, page 21",
1956,families,not_urbanized_25000_and_over,"pct $5,000 to $5,999",15.1,printed,"P-60 No. 27, Table 1, page 21",
1956,families,not_urbanized_25000_and_over,"pct $6,000 to $6,999",11.6,printed,"P-60 No. 27, Table 1, page 21",
1956,families,not_urbanized_25000_and_over,"pct $7,000 to $9,999",17.4,printed,"P-60 No. 27, Table 1, page 21",
1956,families,not_urbanized_25000_and_over,"pct $10,000 to $14,999",4.3,printed,"P-60 No. 27, Table 1, page 21",
1956,families,not_urbanized_25000_and_over,"pct $15,000 to $24,999",1.1,printed,"P-60 No. 27, Table 1, page 21",
1956,families,not_urbanized_25000_and_over,"pct $25,000 and over",0.4,printed,"P-60 No. 27, Table 1, page 21",
1956,families,not_urbanized_25000_and_over,median_dollars,4987,printed,"P-60 No. 27, Table 1, page 21",
1956,families,not_urbanized_25000_and_over,year_round_full_time_median_dollars,5819,printed,"P-60 No. 27, Table 1, page 21",
1956,families,not_urbanized_under_25000,number_thousands,,not_available_in_report,"P-60 No. 27, Table 1, page 21",
1956,families,not_urbanized_under_25000,pct Under $500,2.5,printed,"P-60 No. 27, Table 1, page 21",
1956,families,not_urbanized_under_25000,pct $500 to $999,3.1,printed,"P-60 No. 27, Table 1, page 21",
1956,families,not_urbanized_under_25000,"pct $1,000 to $1,499",5.3,printed,"P-60 No. 27, Table 1, page 21",
1956,families,not_urbanized_under_25000,"pct $1,500 to $1,999",4.3,printed,"P-60 No. 27, Table 1, page 21",
1956,families,not_urbanized_under_25000,"pct $2,000 to $2,499",5.7,printed,"P-60 No. 27, Table 1, page 21",
1956,families,not_urbanized_under_25000,"pct $2,500 to $2,999",5.5,printed,"P-60 No. 27, Table 1, page 21",
1956,families,not_urbanized_under_25000,"pct $3,000 to $3,499",7.8,printed,"P-60 No. 27, Table 1, page 21",
1956,families,not_urbanized_under_25000,"pct $3,500 to $3,999",6.9,printed,"P-60 No. 27, Table 1, page 21",
1956,families,not_urbanized_under_25000,"pct $4,000 to $4,499",9.1,printed,"P-60 No. 27, Table 1, page 21",
1956,families,not_urbanized_under_25000,"pct $4,500 to $4,999",7.9,printed,"P-60 No. 27, Table 1, page 21",
1956,families,not_urbanized_under_25000,"pct $5,000 to $5,999",13.0,printed,"P-60 No. 27, Table 1, page 21",
1956,families,not_urbanized_under_25000,"pct $6,000 to $6,999",8.9,printed,"P-60 No. 27, Table 1, page 21",
1956,families,not_urbanized_under_25000,"pct $7,000 to $9,999",14.4,printed,"P-60 No. 27, Table 1, page 21",
1956,families,not_urbanized_under_25000,"pct $10,000 to $14,999",4.2,printed,"P-60 No. 27, Table 1, page 21",
1956,families,not_urbanized_under_25000,"pct $15,000 to $24,999",0.8,printed,"P-60 No. 27, Table 1, page 21",
1956,families,not_urbanized_under_25000,"pct $25,000 and over",0.6,printed,"P-60 No. 27, Table 1, page 21",
1956,families,not_urbanized_under_25000,median_dollars,4489,printed,"P-60 No. 27, Table 1, page 21",
1956,families,not_urbanized_under_25000,year_round_full_time_median_dollars,5241,printed,"P-60 No. 27, Table 1, page 21",
1956,families,rural_nonfarm,number_thousands,11041,printed,"P-60 No. 27, Table 1, page 21",
1956,families,rural_nonfarm,pct Under $500,3.1,printed,"P-60 No. 27, Table 1, page 21",
1956,families,rural_nonfarm,pct $500 to $999,3.4,printed,"P-60 No. 27, Table 1, page 21",
1956,families,rural_nonfarm,"pct $1,000 to $1,499",4.5,printed,"P-60 No. 27, Table 1, page 21",
1956,families,rural_nonfarm,"pct $1,500 to $1,999",4.6,printed,"P-60 No. 27, Table 1, page 21",
1956,families,rural_nonfarm,"pct $2,000 to $2,499",5.3,printed,"P-60 No. 27, Table 1, page 21",
1956,families,rural_nonfarm,"pct $2,500 to $2,999",5.4,printed,"P-60 No. 27, Table 1, page 21",
1956,families,rural_nonfarm,"pct $3,000 to $3,499",7.2,printed,"P-60 No. 27, Table 1, page 21",
1956,families,rural_nonfarm,"pct $3,500 to $3,999",6.8,printed,"P-60 No. 27, Table 1, page 21",
1956,families,rural_nonfarm,"pct $4,000 to $4,499",8.2,printed,"P-60 No. 27, Table 1, page 21",
1956,families,rural_nonfarm,"pct $4,500 to $4,999",6.3,printed,"P-60 No. 27, Table 1, page 21",
1956,families,rural_nonfarm,"pct $5,000 to $5,999",15.3,printed,"P-60 No. 27, Table 1, page 21",
1956,families,rural_nonfarm,"pct $6,000 to $6,999",10.1,printed,"P-60 No. 27, Table 1, page 21",
1956,families,rural_nonfarm,"pct $7,000 to $9,999",13.6,printed,"P-60 No. 27, Table 1, page 21",
1956,families,rural_nonfarm,"pct $10,000 to $14,999",4.6,printed,"P-60 No. 27, Table 1, page 21",
1956,families,rural_nonfarm,"pct $15,000 to $24,999",1.2,printed,"P-60 No. 27, Table 1, page 21",
1956,families,rural_nonfarm,"pct $25,000 and over",0.4,printed,"P-60 No. 27, Table 1, page 21",
1956,families,rural_nonfarm,median_dollars,4619,printed,"P-60 No. 27, Table 1, page 21",
1956,families,rural_nonfarm,year_round_full_time_median_dollars,5402,printed,"P-60 No. 27, Table 1, page 21",
1956,families,rural_farm,number_thousands,4908,printed,"P-60 No. 27, Table 1, page 21",1950 Census farm definition
1956,families,rural_farm,pct Under $500,11.8,printed,"P-60 No. 27, Table 1, page 21",
1956,families,rural_farm,pct $500 to $999,10.5,printed,"P-60 No. 27, Table 1, page 21",
1956,families,rural_farm,"pct $1,000 to $1,499",11.2,printed,"P-60 No. 27, Table 1, page 21",
1956,families,rural_farm,"pct $1,500 to $1,999",9.6,printed,"P-60 No. 27, Table 1, page 21",
1956,families,rural_farm,"pct $2,000 to $2,499",9.3,printed,"P-60 No. 27, Table 1, page 21",
1956,families,rural_farm,"pct $2,500 to $2,999",7.6,printed,"P-60 No. 27, Table 1, page 21",
1956,families,rural_farm,"pct $3,000 to $3,499",7.0,printed,"P-60 No. 27, Table 1, page 21",
1956,families,rural_farm,"pct $3,500 to $3,999",5.9,printed,"P-60 No. 27, Table 1, page 21",
1956,families,rural_farm,"pct $4,000 to $4,499",4.9,printed,"P-60 No. 27, Table 1, page 21",
1956,families,rural_farm,"pct $4,500 to $4,999",4.5,printed,"P-60 No. 27, Table 1, page 21",
1956,families,rural_farm,"pct $5,000 to $5,999",6.2,printed,"P-60 No. 27, Table 1, page 21",
1956,families,rural_farm,"pct $6,000 to $6,999",4.4,printed,"P-60 No. 27, Table 1, page 21",
1956,families,rural_farm,"pct $7,000 to $9,999",4.8,printed,"P-60 No. 27, Table 1, page 21",
1956,families,rural_farm,"pct $10,000 to $14,999",2.0,printed,"P-60 No. 27, Table 1, page 21",
1956,families,rural_farm,"pct $15,000 to $24,999",0.3,printed,"P-60 No. 27, Table 1, page 21",
1956,families,rural_farm,"pct $25,000 and over",0.1,printed,"P-60 No. 27, Table 1, page 21",
1956,families,rural_farm,median_dollars,2371,printed,"P-60 No. 27, Table 1, page 21",
1956,families,rural_farm,year_round_full_time_median_dollars,2787,printed,"P-60 No. 27, Table 1, page 21",
1956,unrelated,total,number_thousands,9658,printed,"P-60 No. 27, Table 1, page 21",
1956,unrelated,total,pct Under $500,17.7,printed,"P-60 No. 27, Table 1, page 21",
1956,unrelated,total,pct $500 to $999,22.5,printed,"P-60 No. 27, Table 1, page 21",
1956,unrelated,total,"pct $1,000 to $1,499",11.5,printed,"P-60 No. 27, Table 1, page 21",
1956,unrelated,total,"pct $1,500 to $1,999",9.4,printed,"P-60 No. 27, Table 1, page 21",
1956,unrelated,total,"pct $2,000 to $2,499",7.6,printed,"P-60 No. 27, Table 1, page 21",
1956,unrelated,total,"pct $2,500 to $2,999",5.2,printed,"P-60 No. 27, Table 1, page 21",
1956,unrelated,total,"pct $3,000 to $3,499",5.8,printed,"P-60 No. 27, Table 1, page 21",
1956,unrelated,total,"pct $3,500 to $3,999",5.4,printed,"P-60 No. 27, Table 1, page 21",
1956,unrelated,total,"pct $4,000 to $4,499",4.4,printed,"P-60 No. 27, Table 1, page 21",
1956,unrelated,total,"pct $4,500 to $4,999",3.3,printed,"P-60 No. 27, Table 1, page 21",
1956,unrelated,total,"pct $5,000 to $5,999",3.7,printed,"P-60 No. 27, Table 1, page 21",
1956,unrelated,total,"pct $6,000 to $6,999",1.6,printed,"P-60 No. 27, Table 1, page 21",
1956,unrelated,total,"pct $7,000 to $9,999",1.3,printed,"P-60 No. 27, Table 1, page 21",
1956,unrelated,total,"pct $10,000 to $14,999",0.4,printed,"P-60 No. 27, Table 1, page 21",
1956,unrelated,total,"pct $15,000 to $24,999",0.1,printed,"P-60 No. 27, Table 1, page 21",
1956,unrelated,total,"pct $25,000 and over",0.2,printed,"P-60 No. 27, Table 1, page 21",
1956,unrelated,total,median_dollars,1426,printed,"P-60 No. 27, Table 1, page 21",
1956,unrelated,total,year_round_full_time_median_dollars,3107,printed,"P-60 No. 27, Table 1, page 21",
1956,unrelated,urban_total,number_thousands,7455,printed,"P-60 No. 27, Table 1, page 21",
1956,unrelated,urban_total,pct Under $500,14.8,printed,"P-60 No. 27, Table 1, page 21",
1956,unrelated,urban_total,pct $500 to $999,20.8,printed,"P-60 No. 27, Table 1, page 21",
1956,unrelated,urban_total,"pct $1,000 to $1,499",11.8,printed,"P-60 No. 27, Table 1, page 21",
1956,unrelated,urban_total,"pct $1,500 to $1,999",9.1,printed,"P-60 No. 27, Table 1, page 21",
1956,unrelated,urban_total,"pct $2,000 to $2,499",8.1,printed,"P-60 No. 27, Table 1, page 21",
1956,unrelated,urban_total,"pct $2,500 to $2,999",6.0,printed,"P-60 No. 27, Table 1, page 21",
1956,unrelated,urban_total,"pct $3,000 to $3,499",6.6,printed,"P-60 No. 27, Table 1, page 21",
1956,unrelated,urban_total,"pct $3,500 to $3,999",6.1,printed,"P-60 No. 27, Table 1, page 21",
1956,unrelated,urban_total,"pct $4,000 to $4,499",5.1,printed,"P-60 No. 27, Table 1, page 21",
1956,unrelated,urban_total,"pct $4,500 to $4,999",3.8,printed,"P-60 No. 27, Table 1, page 21",
1956,unrelated,urban_total,"pct $5,000 to $5,999",4.1,printed,"P-60 No. 27, Table 1, page 21",
1956,unrelated,urban_total,"pct $6,000 to $6,999",1.8,printed,"P-60 No. 27, Table 1, page 21",
1956,unrelated,urban_total,"pct $7,000 to $9,999",1.3,printed,"P-60 No. 27, Table 1, page 21",
1956,unrelated,urban_total,"pct $10,000 to $14,999",0.4,printed,"P-60 No. 27, Table 1, page 21",
1956,unrelated,urban_total,"pct $15,000 to $24,999",0.1,printed,"P-60 No. 27, Table 1, page 21",
1956,unrelated,urban_total,"pct $25,000 and over",0.2,printed,"P-60 No. 27, Table 1, page 21",
1956,unrelated,urban_total,median_dollars,1643,printed,"P-60 No. 27, Table 1, page 21",
1956,unrelated,urban_total,year_round_full_time_median_dollars,3255,printed,"P-60 No. 27, Table 1, page 21",
1956,unrelated,urbanized_total,number_thousands,5459,printed,"P-60 No. 27, Table 1, page 21",
1956,unrelated,urbanized_total,pct Under $500,13.3,printed,"P-60 No. 27, Table 1, page 21",
1956,unrelated,urbanized_total,pct $500 to $999,19.5,printed,"P-60 No. 27, Table 1, page 21",
1956,unrelated,urbanized_total,"pct $1,000 to $1,499",11.9,printed,"P-60 No. 27, Table 1, page 21",
1956,unrelated,urbanized_total,"pct $1,500 to $1,999",8.6,printed,"P-60 No. 27, Table 1, page 21",
1956,unrelated,urbanized_total,"pct $2,000 to $2,499",8.6,printed,"P-60 No. 27, Table 1, page 21",
1956,unrelated,urbanized_total,"pct $2,500 to $2,999",6.4,printed,"P-60 No. 27, Table 1, page 21",
1956,unrelated,urbanized_total,"pct $3,000 to $3,499",7.1,printed,"P-60 No. 27, Table 1, page 21",
1956,unrelated,urbanized_total,"pct $3,500 to $3,999",6.4,printed,"P-60 No. 27, Table 1, page 21",
1956,unrelated,urbanized_total,"pct $4,000 to $4,499",5.7,printed,"P-60 No. 27, Table 1, page 21",
1956,unrelated,urbanized_total,"pct $4,500 to $4,999",4.0,printed,"P-60 No. 27, Table 1, page 21",
1956,unrelated,urbanized_total,"pct $5,000 to $5,999",4.2,printed,"P-60 No. 27, Table 1, page 21",
1956,unrelated,urbanized_total,"pct $6,000 to $6,999",1.9,printed,"P-60 No. 27, Table 1, page 21",
1956,unrelated,urbanized_total,"pct $7,000 to $9,999",1.5,printed,"P-60 No. 27, Table 1, page 21",
1956,unrelated,urbanized_total,"pct $10,000 to $14,999",0.5,printed,"P-60 No. 27, Table 1, page 21",
1956,unrelated,urbanized_total,"pct $15,000 to $24,999",0.1,printed,"P-60 No. 27, Table 1, page 21",
1956,unrelated,urbanized_total,"pct $25,000 and over",0.3,printed,"P-60 No. 27, Table 1, page 21",
1956,unrelated,urbanized_total,median_dollars,1808,printed,"P-60 No. 27, Table 1, page 21",
1956,unrelated,urbanized_total,year_round_full_time_median_dollars,3320,printed,"P-60 No. 27, Table 1, page 21",
1956,unrelated,urbanized_1000000_and_over,number_thousands,,not_available_in_report,"P-60 No. 27, Table 1, page 21",
1956,unrelated,urbanized_1000000_and_over,pct Under $500,11.6,printed,"P-60 No. 27, Table 1, page 21",
1956,unrelated,urbanized_1000000_and_over,pct $500 to $999,18.1,printed,"P-60 No. 27, Table 1, page 21",
1956,unrelated,urbanized_1000000_and_over,"pct $1,000 to $1,499",12.1,printed,"P-60 No. 27, Table 1, page 21",
1956,unrelated,urbanized_1000000_and_over,"pct $1,500 to $1,999",7.7,printed,"P-60 No. 27, Table 1, page 21",
1956,unrelated,urbanized_1000000_and_over,"pct $2,000 to $2,499",9.8,printed,"P-60 No. 27, Table 1, page 21",
1956,unrelated,urbanized_1000000_and_over,"pct $2,500 to $2,999",6.5,printed,"P-60 No. 27, Table 1, page 21",
1956,unrelated,urbanized_1000000_and_over,"pct $3,000 to $3,499",6.6,printed,"P-60 No. 27, Table 1, page 21",
1956,unrelated,urbanized_1000000_and_over,"pct $3,500 to $3,999",7.3,printed,"P-60 No. 27, Table 1, page 21",
1956,unrelated,urbanized_1000000_and_over,"pct $4,000 to $4,499",6.5,printed,"P-60 No. 27, Table 1, page 21",
1956,unrelated,urbanized_1000000_and_over,"pct $4,500 to $4,999",4.4,printed,"P-60 No. 27, Table 1, page 21",
1956,unrelated,urbanized_1000000_and_over,"pct $5,000 to $5,999",4.3,printed,"P-60 No. 27, Table 1, page 21",
1956,unrelated,urbanized_1000000_and_over,"pct $6,000 to $6,999",2.3,printed,"P-60 No. 27, Table 1, page 21",
1956,unrelated,urbanized_1000000_and_over,"pct $7,000 to $9,999",1.8,printed,"P-60 No. 27, Table 1, page 21",
1956,unrelated,urbanized_1000000_and_over,"pct $10,000 to $14,999",0.6,printed,"P-60 No. 27, Table 1, page 21",
1956,unrelated,urbanized_1000000_and_over,"pct $15,000 to $24,999",0.1,printed,"P-60 No. 27, Table 1, page 21",
1956,unrelated,urbanized_1000000_and_over,"pct $25,000 and over",0.3,printed,"P-60 No. 27, Table 1, page 21",
1956,unrelated,urbanized_1000000_and_over,median_dollars,2026,printed,"P-60 No. 27, Table 1, page 21",
1956,unrelated,urbanized_1000000_and_over,year_round_full_time_median_dollars,3409,printed,"P-60 No. 27, Table 1, page 21",
1956,unrelated,urbanized_250000_to_999999,number_thousands,,not_available_in_report,"P-60 No. 27, Table 1, page 21",
1956,unrelated,urbanized_250000_to_999999,pct Under $500,13.1,printed,"P-60 No. 27, Table 1, page 21",
1956,unrelated,urbanized_250000_to_999999,pct $500 to $999,20.8,printed,"P-60 No. 27, Table 1, page 21",
1956,unrelated,urbanized_250000_to_999999,"pct $1,000 to $1,499",10.4,printed,"P-60 No. 27, Table 1, page 21",
1956,unrelated,urbanized_250000_to_999999,"pct $1,500 to $1,999",9.6,printed,"P-60 No. 27, Table 1, page 21",
1956,unrelated,urbanized_250000_to_999999,"pct $2,000 to $2,499",8.1,printed,"P-60 No. 27, Table 1, page 21",
1956,unrelated,urbanized_250000_to_999999,"pct $2,500 to $2,999",6.8,printed,"P-60 No. 27, Table 1, page 21",
1956,unrelated,urbanized_250000_to_999999,"pct $3,000 to $3,499",7.7,printed,"P-60 No. 27, Table 1, page 21",
1956,unrelated,urbanized_250000_to_999999,"pct $3,500 to $3,999",6.3,printed,"P-60 No. 27, Table 1, page 21",
1956,unrelated,urbanized_250000_to_999999,"pct $4,000 to $4,499",4.8,printed,"P-60 No. 27, Table 1, page 21",
1956,unrelated,urbanized_250000_to_999999,"pct $4,500 to $4,999",3.4,printed,"P-60 No. 27, Table 1, page 21",
1956,unrelated,urbanized_250000_to_999999,"pct $5,000 to $5,999",4.8,printed,"P-60 No. 27, Table 1, page 21",
1956,unrelated,urbanized_250000_to_999999,"pct $6,000 to $6,999",1.8,printed,"P-60 No. 27, Table 1, page 21",
1956,unrelated,urbanized_250000_to_999999,"pct $7,000 to $9,999",1.2,printed,"P-60 No. 27, Table 1, page 21",
1956,unrelated,urbanized_250000_to_999999,"pct $10,000 to $14,999",0.6,printed,"P-60 No. 27, Table 1, page 21",
1956,unrelated,urbanized_250000_to_999999,"pct $15,000 to $24,999",0.2,printed,"P-60 No. 27, Table 1, page 21",
1956,unrelated,urbanized_250000_to_999999,"pct $25,000 and over",0.4,printed,"P-60 No. 27, Table 1, page 21",
1956,unrelated,urbanized_250000_to_999999,median_dollars,1797,printed,"P-60 No. 27, Table 1, page 21",
1956,unrelated,urbanized_250000_to_999999,year_round_full_time_median_dollars,3268,printed,"P-60 No. 27, Table 1, page 21",
1956,unrelated,urbanized_under_250000,number_thousands,,not_available_in_report,"P-60 No. 27, Table 1, page 21",
1956,unrelated,urbanized_under_250000,pct Under $500,18.4,printed,"P-60 No. 27, Table 1, page 21",
1956,unrelated,urbanized_under_250000,pct $500 to $999,22.2,printed,"P-60 No. 27, Table 1, page 21",
1956,unrelated,urbanized_under_250000,"pct $1,000 to $1,499",13.2,printed,"P-60 No. 27, Table 1, page 21",
1956,unrelated,urbanized_under_250000,"pct $1,500 to $1,999",9.9,printed,"P-60 No. 27, Table 1, page 21",
1956,unrelated,urbanized_under_250000,"pct $2,000 to $2,499",5.4,printed,"P-60 No. 27, Table 1, page 21",
1956,unrelated,urbanized_under_250000,"pct $2,500 to $2,999",5.8,printed,"P-60 No. 27, Table 1, page 21",
1956,unrelated,urbanized_under_250000,"pct $3,000 to $3,499",7.5,printed,"P-60 No. 27, Table 1, page 21",
1956,unrelated,urbanized_under_250000,"pct $3,500 to $3,999",3.9,printed,"P-60 No. 27, Table 1, page 21",
1956,unrelated,urbanized_under_250000,"pct $4,000 to $4,499",4.5,printed,"P-60 No. 27, Table 1, page 21",
1956,unrelated,urbanized_under_250000,"pct $4,500 to $4,999",3.6,printed,"P-60 No. 27, Table 1, page 21",
1956,unrelated,urbanized_under_250000,"pct $5,000 to $5,999",3.0,printed,"P-60 No. 27, Table 1, page 21",
1956,unrelated,urbanized_under_250000,"pct $6,000 to $6,999",1.0,printed,"P-60 No. 27, Table 1, page 21",
1956,unrelated,urbanized_under_250000,"pct $7,000 to $9,999",1.2,printed,"P-60 No. 27, Table 1, page 21",
1956,unrelated,urbanized_under_250000,"pct $10,000 to $14,999",0.1,printed,"P-60 No. 27, Table 1, page 21",
1956,unrelated,urbanized_under_250000,"pct $15,000 to $24,999",,printed_less_than_0.1,"P-60 No. 27, Table 1, page 21",shown as three dots in the report
1956,unrelated,urbanized_under_250000,"pct $25,000 and over",0.1,printed,"P-60 No. 27, Table 1, page 21",
1956,unrelated,urbanized_under_250000,median_dollars,1356,printed,"P-60 No. 27, Table 1, page 21",
1956,unrelated,urbanized_under_250000,year_round_full_time_median_dollars,3126,printed,"P-60 No. 27, Table 1, page 21",
1956,unrelated,not_urbanized_total,number_thousands,1996,printed,"P-60 No. 27, Table 1, page 21",
1956,unrelated,not_urbanized_total,pct Under $500,18.5,printed,"P-60 No. 27, Table 1, page 21",
1956,unrelated,not_urbanized_total,pct $500 to $999,24.1,printed,"P-60 No. 27, Table 1, page 21",
1956,unrelated,not_urbanized_total,"pct $1,000 to $1,499",11.5,printed,"P-60 No. 27, Table 1, page 21",
1956,unrelated,not_urbanized_total,"pct $1,500 to $1,999",10.3,printed,"P-60 No. 27, Table 1, page 21",
1956,unrelated,not_urbanized_total,"pct $2,000 to $2,499",6.9,printed,"P-60 No. 27, Table 1, page 21",
1956,unrelated,not_urbanized_total,"pct $2,500 to $2,999",5.1,printed,"P-60 No. 27, Table 1, page 21",
1956,unrelated,not_urbanized_total,"pct $3,000 to $3,499",5.3,printed,"P-60 No. 27, Table 1, page 21",
1956,unrelated,not_urbanized_total,"pct $3,500 to $3,999",5.3,printed,"P-60 No. 27, Table 1, page 21",
1956,unrelated,not_urbanized_total,"pct $4,000 to $4,499",3.4,printed,"P-60 No. 27, Table 1, page 21",
1956,unrelated,not_urbanized_total,"pct $4,500 to $4,999",3.3,printed,"P-60 No. 27, Table 1, page 21",
1956,unrelated,not_urbanized_total,"pct $5,000 to $5,999",3.8,printed,"P-60 No. 27, Table 1, page 21",
1956,unrelated,not_urbanized_total,"pct $6,000 to $6,999",1.5,printed,"P-60 No. 27, Table 1, page 21",
1956,unrelated,not_urbanized_total,"pct $7,000 to $9,999",0.8,printed,"P-60 No. 27, Table 1, page 21",
1956,unrelated,not_urbanized_total,"pct $10,000 to $14,999",,printed_less_than_0.1,"P-60 No. 27, Table 1, page 21",shown as three dots in the report
1956,unrelated,not_urbanized_total,"pct $15,000 to $24,999",0.2,printed,"P-60 No. 27, Table 1, page 21",
1956,unrelated,not_urbanized_total,"pct $25,000 and over",,printed_less_than_0.1,"P-60 No. 27, Table 1, page 21",shown as three dots in the report
1956,unrelated,not_urbanized_total,median_dollars,1322,printed,"P-60 No. 27, Table 1, page 21",
1956,unrelated,not_urbanized_total,year_round_full_time_median_dollars,3037,printed,"P-60 No. 27, Table 1, page 21",
1956,unrelated,not_urbanized_25000_and_over,number_thousands,,not_available_in_report,"P-60 No. 27, Table 1, page 21",
1956,unrelated,not_urbanized_25000_and_over,pct Under $500,19.3,printed,"P-60 No. 27, Table 1, page 21",
1956,unrelated,not_urbanized_25000_and_over,pct $500 to $999,17.7,printed,"P-60 No. 27, Table 1, page 21",
1956,unrelated,not_urbanized_25000_and_over,"pct $1,000 to $1,499",9.5,printed,"P-60 No. 27, Table 1, page 21",
1956,unrelated,not_urbanized_25000_and_over,"pct $1,500 to $1,999",9.5,printed,"P-60 No. 27, Table 1, page 21",
1956,unrelated,not_urbanized_25000_and_over,"pct $2,000 to $2,499",5.7,printed,"P-60 No. 27, Table 1, page 21",
1956,unrelated,not_urbanized_25000_and_over,"pct $2,500 to $2,999",6.0,printed,"P-60 No. 27, Table 1, page 21",
1956,unrelated,not_urbanized_25000_and_over,"pct $3,000 to $3,499",7.9,printed,"P-60 No. 27, Table 1, page 21",
1956,unrelated,not_urbanized_25000_and_over,"pct $3,500 to $3,999",4.9,printed,"P-60 No. 27, Table 1, page 21",
1956,unrelated,not_urbanized_25000_and_over,"pct $4,000 to $4,499",3.5,printed,"P-60 No. 27, Table 1, page 21",
1956,unrelated,not_urbanized_25000_and_over,"pct $4,500 to $4,999",4.9,printed,"P-60 No. 27, Table 1, page 21",
1956,unrelated,not_urbanized_25000_and_over,"pct $5,000 to $5,999",7.6,printed,"P-60 No. 27, Table 1, page 21",
1956,unrelated,not_urbanized_25000_and_over,"pct $6,000 to $6,999",1.6,printed,"P-60 No. 27, Table 1, page 21",
1956,unrelated,not_urbanized_25000_and_over,"pct $7,000 to $9,999",1.9,printed,"P-60 No. 27, Table 1, page 21",
1956,unrelated,not_urbanized_25000_and_over,"pct $10,000 to $14,999",,printed_less_than_0.1,"P-60 No. 27, Table 1, page 21",shown as three dots in the report
1956,unrelated,not_urbanized_25000_and_over,"pct $15,000 to $24,999",,printed_less_than_0.1,"P-60 No. 27, Table 1, page 21",shown as three dots in the report
1956,unrelated,not_urbanized_25000_and_over,"pct $25,000 and over",,printed_less_than_0.1,"P-60 No. 27, Table 1, page 21",shown as three dots in the report
1956,unrelated,not_urbanized_25000_and_over,median_dollars,1684,printed,"P-60 No. 27, Table 1, page 21",
1956,unrelated,not_urbanized_25000_and_over,year_round_full_time_median_dollars,,not_shown_base_too_small,"P-60 No. 27, Table 1, page 21",
1956,unrelated,not_urbanized_under_25000,number_thousands,,not_available_in_report,"P-60 No. 27, Table 1, page 21",
1956,unrelated,not_urbanized_under_25000,pct Under $500,18.2,printed,"P-60 No. 27, Table 1, page 21",
1956,unrelated,not_urbanized_under_25000,pct $500 to $999,26.4,printed,"P-60 No. 27, Table 1, page 21",
1956,unrelated,not_urbanized_under_25000,"pct $1,000 to $1,499",12.2,printed,"P-60 No. 27, Table 1, page 21",
1956,unrelated,not_urbanized_under_25000,"pct $1,500 to $1,999",10.6,printed,"P-60 No. 27, Table 1, page 21",
1956,unrelated,not_urbanized_under_25000,"pct $2,000 to $2,499",7.4,printed,"P-60 No. 27, Table 1, page 21",
1956,unrelated,not_urbanized_under_25000,"pct $2,500 to $2,999",4.8,printed,"P-60 No. 27, Table 1, page 21",
1956,unrelated,not_urbanized_under_25000,"pct $3,000 to $3,499",4.4,printed,"P-60 No. 27, Table 1, page 21",
1956,unrelated,not_urbanized_under_25000,"pct $3,500 to $3,999",5.4,printed,"P-60 No. 27, Table 1, page 21",
1956,unrelated,not_urbanized_under_25000,"pct $4,000 to $4,499",3.4,printed,"P-60 No. 27, Table 1, page 21",
1956,unrelated,not_urbanized_under_25000,"pct $4,500 to $4,999",2.7,printed,"P-60 No. 27, Table 1, page 21",
1956,unrelated,not_urbanized_under_25000,"pct $5,000 to $5,999",2.4,printed,"P-60 No. 27, Table 1, page 21",
1956,unrelated,not_urbanized_under_25000,"pct $6,000 to $6,999",1.5,printed,"P-60 No. 27, Table 1, page 21",
1956,unrelated,not_urbanized_under_25000,"pct $7,000 to $9,999",0.4,printed,"P-60 No. 27, Table 1, page 21",
1956,unrelated,not_urbanized_under_25000,"pct $10,000 to $14,999",,printed_less_than_0.1,"P-60 No. 27, Table 1, page 21",shown as three dots in the report
1956,unrelated,not_urbanized_under_25000,"pct $15,000 to $24,999",0.3,printed,"P-60 No. 27, Table 1, page 21",
1956,unrelated,not_urbanized_under_25000,"pct $25,000 and over",,printed_less_than_0.1,"P-60 No. 27, Table 1, page 21",shown as three dots in the report
1956,unrelated,not_urbanized_under_25000,median_dollars,1221,printed,"P-60 No. 27, Table 1, page 21",
1956,unrelated,not_urbanized_under_25000,year_round_full_time_median_dollars,3058,printed,"P-60 No. 27, Table 1, page 21",
1956,unrelated,rural_nonfarm,number_thousands,1652,printed,"P-60 No. 27, Table 1, page 21",
1956,unrelated,rural_nonfarm,pct Under $500,25.6,printed,"P-60 No. 27, Table 1, page 21",
1956,unrelated,rural_nonfarm,pct $500 to $999,27.8,printed,"P-60 No. 27, Table 1, page 21",
1956,unrelated,rural_nonfarm,"pct $1,000 to $1,499",10.8,printed,"P-60 No. 27, Table 1, page 21",
1956,unrelated,rural_nonfarm,"pct $1,500 to $1,999",7.7,printed,"P-60 No. 27, Table 1, page 21",
1956,unrelated,rural_nonfarm,"pct $2,000 to $2,499",6.6,printed,"P-60 No. 27, Table 1, page 21",
1956,unrelated,rural_nonfarm,"pct $2,500 to $2,999",2.9,printed,"P-60 No. 27, Table 1, page 21",
1956,unrelated,rural_nonfarm,"pct $3,000 to $3,499",3.4,printed,"P-60 No. 27, Table 1, page 21",
1956,unrelated,rural_nonfarm,"pct $3,500 to $3,999",4.1,printed,"P-60 No. 27, Table 1, page 21",
1956,unrelated,rural_nonfarm,"pct $4,000 to $4,499",2.7,printed,"P-60 No. 27, Table 1, page 21",
1956,unrelated,rural_nonfarm,"pct $4,500 to $4,999",1.8,printed,"P-60 No. 27, Table 1, page 21",
1956,unrelated,rural_nonfarm,"pct $5,000 to $5,999",2.8,printed,"P-60 No. 27, Table 1, page 21",
1956,unrelated,rural_nonfarm,"pct $6,000 to $6,999",1.1,printed,"P-60 No. 27, Table 1, page 21",
1956,unrelated,rural_nonfarm,"pct $7,000 to $9,999",1.6,printed,"P-60 No. 27, Table 1, page 21",
1956,unrelated,rural_nonfarm,"pct $10,000 to $14,999",0.8,printed,"P-60 No. 27, Table 1, page 21",
1956,unrelated,rural_nonfarm,"pct $15,000 to $24,999",0.2,printed,"P-60 No. 27, Table 1, page 21",
1956,unrelated,rural_nonfarm,"pct $25,000 and over",0.1,printed,"P-60 No. 27, Table 1, page 21",
1956,unrelated,rural_nonfarm,median_dollars,939,printed,"P-60 No. 27, Table 1, page 21",
1956,unrelated,rural_nonfarm,year_round_full_time_median_dollars,2776,printed,"P-60 No. 27, Table 1, page 21",
1956,unrelated,rural_farm,number_thousands,551,printed,"P-60 No. 27, Table 1, page 21",1950 Census farm definition
1956,unrelated,rural_farm,pct Under $500,32.5,printed,"P-60 No. 27, Table 1, page 21",
1956,unrelated,rural_farm,pct $500 to $999,28.4,printed,"P-60 No. 27, Table 1, page 21",
1956,unrelated,rural_farm,"pct $1,000 to $1,499",10.0,printed,"P-60 No. 27, Table 1, page 21",
1956,unrelated,rural_farm,"pct $1,500 to $1,999",18.2,printed,"P-60 No. 27, Table 1, page 21",
1956,unrelated,rural_farm,"pct $2,000 to $2,499",4.3,printed,"P-60 No. 27, Table 1, page 21",
1956,unrelated,rural_farm,"pct $2,500 to $2,999",1.0,printed,"P-60 No. 27, Table 1, page 21",
1956,unrelated,rural_farm,"pct $3,000 to $3,499",2.3,printed,"P-60 No. 27, Table 1, page 21",
1956,unrelated,rural_farm,"pct $3,500 to $3,999",0.8,printed,"P-60 No. 27, Table 1, page 21",
1956,unrelated,rural_farm,"pct $4,000 to $4,499",0.3,printed,"P-60 No. 27, Table 1, page 21",
1956,unrelated,rural_farm,"pct $4,500 to $4,999",1.0,printed,"P-60 No. 27, Table 1, page 21",
1956,unrelated,rural_farm,"pct $5,000 to $5,999",0.8,printed,"P-60 No. 27, Table 1, page 21",
1956,unrelated,rural_farm,"pct $6,000 to $6,999",0.3,printed,"P-60 No. 27, Table 1, page 21",
1956,unrelated,rural_farm,"pct $7,000 to $9,999",,printed_less_than_0.1,"P-60 No. 27, Table 1, page 21",shown as three dots in the report
1956,unrelated,rural_farm,"pct $10,000 to $14,999",0.3,printed,"P-60 No. 27, Table 1, page 21",
1956,unrelated,rural_farm,"pct $15,000 to $24,999",,printed_less_than_0.1,"P-60 No. 27, Table 1, page 21",shown as three dots in the report
1956,unrelated,rural_farm,"pct $25,000 and over",,printed_less_than_0.1,"P-60 No. 27, Table 1, page 21",shown as three dots in the report
1956,unrelated,rural_farm,median_dollars,808,printed,"P-60 No. 27, Table 1, page 21",
1956,unrelated,rural_farm,year_round_full_time_median_dollars,1437,printed,"P-60 No. 27, Table 1, page 21",
1960,families,total,number_thousands,45435,printed,"P-60 No. 37, Table 1, page 25 (PDF page 33)",
1960,families,total,pct Under $500,2.5,printed,"P-60 No. 37, Table 1, page 25 (PDF page 33)",
1960,families,total,pct $500 to $999,2.5,printed,"P-60 No. 37, Table 1, page 25 (PDF page 33)",
1960,families,total,"pct $1,000 to $1,499",3.8,printed,"P-60 No. 37, Table 1, page 25 (PDF page 33)",
1960,families,total,"pct $1,500 to $1,999",4.2,printed,"P-60 No. 37, Table 1, page 25 (PDF page 33)",
1960,families,total,"pct $2,000 to $2,499",4.5,printed,"P-60 No. 37, Table 1, page 25 (PDF page 33)",
1960,families,total,"pct $2,500 to $2,999",4.2,printed,"P-60 No. 37, Table 1, page 25 (PDF page 33)",
1960,families,total,"pct $3,000 to $3,499",4.9,printed,"P-60 No. 37, Table 1, page 25 (PDF page 33)",
1960,families,total,"pct $3,500 to $3,999",4.9,printed,"P-60 No. 37, Table 1, page 25 (PDF page 33)",
1960,families,total,"pct $4,000 to $4,499",5.2,printed,"P-60 No. 37, Table 1, page 25 (PDF page 33)",
1960,families,total,"pct $4,500 to $4,999",5.3,printed,"P-60 No. 37, Table 1, page 25 (PDF page 33)",
1960,families,total,"pct $5,000 to $5,999",12.9,printed,"P-60 No. 37, Table 1, page 25 (PDF page 33)",
1960,families,total,"pct $6,000 to $6,999",10.8,printed,"P-60 No. 37, Table 1, page 25 (PDF page 33)",
1960,families,total,"pct $7,000 to $9,999",20.0,printed_two_brackets_combined,"P-60 No. 37, Table 1, page 25 (PDF page 33)","sum of $7,000 to $7,999 and $8,000 to $9,999 as printed"
1960,families,total,"pct $10,000 to $14,999",10.6,printed,"P-60 No. 37, Table 1, page 25 (PDF page 33)",
1960,families,total,"pct $15,000 to $24,999",2.8,printed,"P-60 No. 37, Table 1, page 25 (PDF page 33)",
1960,families,total,"pct $25,000 and over",0.9,printed,"P-60 No. 37, Table 1, page 25 (PDF page 33)",
1960,families,total,"pct_detail $7,000 to $7,999",8.7,printed,"P-60 No. 37, Table 1, page 25 (PDF page 33)","detail bracket, not printed in the 1956 report"
1960,families,total,"pct_detail $8,000 to $9,999",11.3,printed,"P-60 No. 37, Table 1, page 25 (PDF page 33)","detail bracket, not printed in the 1956 report"
1960,families,total,median_dollars,5620,printed,"P-60 No. 37, Table 1, page 25 (PDF page 33)",
1960,families,total,year_round_full_time_pct,63.2,printed,"P-60 No. 37, Table 1, page 25 (PDF page 33)",
1960,families,total,year_round_full_time_median_dollars,6599,printed,"P-60 No. 37, Table 1, page 25 (PDF page 33)",
1960,families,urban_total,number_thousands,,not_available_in_report,"P-60 No. 37, Table 1, page 25 (PDF page 33)",
1960,families,urban_total,pct Under $500,1.6,printed,"P-60 No. 37, Table 1, page 25 (PDF page 33)",
1960,families,urban_total,pct $500 to $999,1.5,printed,"P-60 No. 37, Table 1, page 25 (PDF page 33)",
1960,families,urban_total,"pct $1,000 to $1,499",2.8,printed,"P-60 No. 37, Table 1, page 25 (PDF page 33)",
1960,families,urban_total,"pct $1,500 to $1,999",3.8,printed,"P-60 No. 37, Table 1, page 25 (PDF page 33)",
1960,families,urban_total,"pct $2,000 to $2,499",4.3,printed,"P-60 No. 37, Table 1, page 25 (PDF page 33)",
1960,families,urban_total,"pct $2,500 to $2,999",3.9,printed,"P-60 No. 37, Table 1, page 25 (PDF page 33)",
1960,families,urban_total,"pct $3,000 to $3,499",4.6,printed,"P-60 No. 37, Table 1, page 25 (PDF page 33)",
1960,families,urban_total,"pct $3,500 to $3,999",4.7,printed,"P-60 No. 37, Table 1, page 25 (PDF page 33)",
1960,families,urban_total,"pct $4,000 to $4,499",5.2,printed,"P-60 No. 37, Table 1, page 25 (PDF page 33)",
1960,families,urban_total,"pct $4,500 to $4,999",5.3,printed,"P-60 No. 37, Table 1, page 25 (PDF page 33)",
1960,families,urban_total,"pct $5,000 to $5,999",13.5,printed,"P-60 No. 37, Table 1, page 25 (PDF page 33)",
1960,families,urban_total,"pct $6,000 to $6,999",11.5,printed,"P-60 No. 37, Table 1, page 25 (PDF page 33)",
1960,families,urban_total,"pct $7,000 to $9,999",21.7,printed_two_brackets_combined,"P-60 No. 37, Table 1, page 25 (PDF page 33)","sum of $7,000 to $7,999 and $8,000 to $9,999 as printed"
1960,families,urban_total,"pct $10,000 to $14,999",11.5,printed,"P-60 No. 37, Table 1, page 25 (PDF page 33)",
1960,families,urban_total,"pct $15,000 to $24,999",3.0,printed,"P-60 No. 37, Table 1, page 25 (PDF page 33)",
1960,families,urban_total,"pct $25,000 and over",1.1,printed,"P-60 No. 37, Table 1, page 25 (PDF page 33)",
1960,families,urban_total,"pct_detail $7,000 to $7,999",9.4,printed,"P-60 No. 37, Table 1, page 25 (PDF page 33)","detail bracket, not printed in the 1956 report"
1960,families,urban_total,"pct_detail $8,000 to $9,999",12.3,printed,"P-60 No. 37, Table 1, page 25 (PDF page 33)","detail bracket, not printed in the 1956 report"
1960,families,urban_total,median_dollars,5911,printed,"P-60 No. 37, Table 1, page 25 (PDF page 33)",
1960,families,urban_total,year_round_full_time_pct,62.7,printed,"P-60 No. 37, Table 1, page 25 (PDF page 33)",
1960,families,urban_total,year_round_full_time_median_dollars,6927,printed,"P-60 No. 37, Table 1, page 25 (PDF page 33)",
1960,families,urbanized_total,number_thousands,,not_available_in_report,"P-60 No. 37, Table 1, page 25 (PDF page 33)",
1960,families,urbanized_total,pct Under $500,1.3,printed,"P-60 No. 37, Table 1, page 25 (PDF page 33)",
1960,families,urbanized_total,pct $500 to $999,1.2,printed,"P-60 No. 37, Table 1, page 25 (PDF page 33)",
1960,families,urbanized_total,"pct $1,000 to $1,499",2.4,printed,"P-60 No. 37, Table 1, page 25 (PDF page 33)",
1960,families,urbanized_total,"pct $1,500 to $1,999",3.3,printed,"P-60 No. 37, Table 1, page 25 (PDF page 33)",
1960,families,urbanized_total,"pct $2,000 to $2,499",3.9,printed,"P-60 No. 37, Table 1, page 25 (PDF page 33)",
1960,families,urbanized_total,"pct $2,500 to $2,999",3.4,printed,"P-60 No. 37, Table 1, page 25 (PDF page 33)",
1960,families,urbanized_total,"pct $3,000 to $3,499",4.2,printed,"P-60 No. 37, Table 1, page 25 (PDF page 33)",
1960,families,urbanized_total,"pct $3,500 to $3,999",4.4,printed,"P-60 No. 37, Table 1, page 25 (PDF page 33)",
1960,families,urbanized_total,"pct $4,000 to $4,499",5.2,printed,"P-60 No. 37, Table 1, page 25 (PDF page 33)",
1960,families,urbanized_total,"pct $4,500 to $4,999",5.2,printed,"P-60 No. 37, Table 1, page 25 (PDF page 33)",
1960,families,urbanized_total,"pct $5,000 to $5,999",13.6,printed,"P-60 No. 37, Table 1, page 25 (PDF page 33)",
1960,families,urbanized_total,"pct $6,000 to $6,999",11.9,printed,"P-60 No. 37, Table 1, page 25 (PDF page 33)",
1960,families,urbanized_total,"pct $7,000 to $9,999",22.7,printed_two_brackets_combined,"P-60 No. 37, Table 1, page 25 (PDF page 33)","sum of $7,000 to $7,999 and $8,000 to $9,999 as printed"
1960,families,urbanized_total,"pct $10,000 to $14,999",12.4,printed,"P-60 No. 37, Table 1, page 25 (PDF page 33)",
1960,families,urbanized_total,"pct $15,000 to $24,999",3.4,printed,"P-60 No. 37, Table 1, page 25 (PDF page 33)",
1960,families,urbanized_total,"pct $25,000 and over",1.4,printed,"P-60 No. 37, Table 1, page 25 (PDF page 33)",
1960,families,urbanized_total,"pct_detail $7,000 to $7,999",9.5,printed,"P-60 No. 37, Table 1, page 25 (PDF page 33)","detail bracket, not printed in the 1956 report"
1960,families,urbanized_total,"pct_detail $8,000 to $9,999",13.2,printed,"P-60 No. 37, Table 1, page 25 (PDF page 33)","detail bracket, not printed in the 1956 report"
1960,families,urbanized_total,median_dollars,6160,printed,"P-60 No. 37, Table 1, page 25 (PDF page 33)",
1960,families,urbanized_total,year_round_full_time_pct,63.1,printed,"P-60 No. 37, Table 1, page 25 (PDF page 33)",
1960,families,urbanized_total,year_round_full_time_median_dollars,7134,printed,"P-60 No. 37, Table 1, page 25 (PDF page 33)",
1960,families,urbanized_1000000_and_over,number_thousands,,not_available_in_report,"P-60 No. 37, Table 1, page 25 (PDF page 33)",
1960,families,urbanized_1000000_and_over,pct Under $500,1.3,printed,"P-60 No. 37, Table 1, page 25 (PDF page 33)",
1960,families,urbanized_1000000_and_over,pct $500 to $999,0.7,printed,"P-60 No. 37, Table 1, page 25 (PDF page 33)",
1960,families,urbanized_1000000_and_over,"pct $1,000 to $1,499",2.0,printed,"P-60 No. 37, Table 1, page 25 (PDF page 33)",
1960,families,urbanized_1000000_and_over,"pct $1,500 to $1,999",2.9,printed,"P-60 No. 37, Table 1, page 25 (PDF page 33)",
1960,families,urbanized_1000000_and_over,"pct $2,000 to $2,499",3.4,printed,"P-60 No. 37, Table 1, page 25 (PDF page 33)",
1960,families,urbanized_1000000_and_over,"pct $2,500 to $2,999",2.6,printed,"P-60 No. 37, Table 1, page 25 (PDF page 33)",
1960,families,urbanized_1000000_and_over,"pct $3,000 to $3,499",3.7,printed,"P-60 No. 37, Table 1, page 25 (PDF page 33)",
1960,families,urbanized_1000000_and_over,"pct $3,500 to $3,999",4.1,printed,"P-60 No. 37, Table 1, page 25 (PDF page 33)",
1960,families,urbanized_1000000_and_over,"pct $4,000 to $4,499",5.2,printed,"P-60 No. 37, Table 1, page 25 (PDF page 33)",
1960,families,urbanized_1000000_and_over,"pct $4,500 to $4,999",4.7,printed,"P-60 No. 37, Table 1, page 25 (PDF page 33)",
1960,families,urbanized_1000000_and_over,"pct $5,000 to $5,999",13.7,printed,"P-60 No. 37, Table 1, page 25 (PDF page 33)",
1960,families,urbanized_1000000_and_over,"pct $6,000 to $6,999",11.8,printed,"P-60 No. 37, Table 1, page 25 (PDF page 33)",
1960,families,urbanized_1000000_and_over,"pct $7,000 to $9,999",23.8,printed_two_brackets_combined,"P-60 No. 37, Table 1, page 25 (PDF page 33)","sum of $7,000 to $7,999 and $8,000 to $9,999 as printed"
1960,families,urbanized_1000000_and_over,"pct $10,000 to $14,999",14.0,printed,"P-60 No. 37, Table 1, page 25 (PDF page 33)",
1960,families,urbanized_1000000_and_over,"pct $15,000 to $24,999",4.2,printed,"P-60 No. 37, Table 1, page 25 (PDF page 33)",
1960,families,urbanized_1000000_and_over,"pct $25,000 and over",1.8,printed,"P-60 No. 37, Table 1, page 25 (PDF page 33)",
1960,families,urbanized_1000000_and_over,"pct_detail $7,000 to $7,999",9.9,printed,"P-60 No. 37, Table 1, page 25 (PDF page 33)","detail bracket, not printed in the 1956 report"
1960,families,urbanized_1000000_and_over,"pct_detail $8,000 to $9,999",13.9,printed,"P-60 No. 37, Table 1, page 25 (PDF page 33)","detail bracket, not printed in the 1956 report"
1960,families,urbanized_1000000_and_over,median_dollars,6486,printed,"P-60 No. 37, Table 1, page 25 (PDF page 33)",
1960,families,urbanized_1000000_and_over,year_round_full_time_pct,65.1,printed,"P-60 No. 37, Table 1, page 25 (PDF page 33)",
1960,families,urbanized_1000000_and_over,year_round_full_time_median_dollars,7366,printed,"P-60 No. 37, Table 1, page 25 (PDF page 33)",
1960,families,urbanized_250000_to_999999,number_thousands,,not_available_in_report,"P-60 No. 37, Table 1, page 25 (PDF page 33)",
1960,families,urbanized_250000_to_999999,pct Under $500,1.4,printed,"P-60 No. 37, Table 1, page 25 (PDF page 33)",
1960,families,urbanized_250000_to_999999,pct $500 to $999,1.8,printed,"P-60 No. 37, Table 1, page 25 (PDF page 33)",
1960,families,urbanized_250000_to_999999,"pct $1,000 to $1,499",2.7,printed,"P-60 No. 37, Table 1, page 25 (PDF page 33)",
1960,families,urbanized_250000_to_999999,"pct $1,500 to $1,999",4.1,printed,"P-60 No. 37, Table 1, page 25 (PDF page 33)",
1960,families,urbanized_250000_to_999999,"pct $2,000 to $2,499",4.0,printed,"P-60 No. 37, Table 1, page 25 (PDF page 33)",
1960,families,urbanized_250000_to_999999,"pct $2,500 to $2,999",4.5,printed,"P-60 No. 37, Table 1, page 25 (PDF page 33)",
1960,families,urbanized_250000_to_999999,"pct $3,000 to $3,499",4.0,printed,"P-60 No. 37, Table 1, page 25 (PDF page 33)",
1960,families,urbanized_250000_to_999999,"pct $3,500 to $3,999",4.2,printed,"P-60 No. 37, Table 1, page 25 (PDF page 33)",
1960,families,urbanized_250000_to_999999,"pct $4,000 to $4,499",5.5,printed,"P-60 No. 37, Table 1, page 25 (PDF page 33)",
1960,families,urbanized_250000_to_999999,"pct $4,500 to $4,999",5.8,printed,"P-60 No. 37, Table 1, page 25 (PDF page 33)",
1960,families,urbanized_250000_to_999999,"pct $5,000 to $5,999",12.9,printed,"P-60 No. 37, Table 1, page 25 (PDF page 33)",
1960,families,urbanized_250000_to_999999,"pct $6,000 to $6,999",11.1,printed,"P-60 No. 37, Table 1, page 25 (PDF page 33)",
1960,families,urbanized_250000_to_999999,"pct $7,000 to $9,999",22.6,printed_two_brackets_combined,"P-60 No. 37, Table 1, page 25 (PDF page 33)","sum of $7,000 to $7,999 and $8,000 to $9,999 as printed"
1960,families,urbanized_250000_to_999999,"pct $10,000 to $14,999",11.5,printed,"P-60 No. 37, Table 1, page 25 (PDF page 33)",
1960,families,urbanized_250000_to_999999,"pct $15,000 to $24,999",2.9,printed,"P-60 No. 37, Table 1, page 25 (PDF page 33)",
1960,families,urbanized_250000_to_999999,"pct $25,000 and over",1.2,printed,"P-60 No. 37, Table 1, page 25 (PDF page 33)",
1960,families,urbanized_250000_to_999999,"pct_detail $7,000 to $7,999",10.0,printed,"P-60 No. 37, Table 1, page 25 (PDF page 33)","detail bracket, not printed in the 1956 report"
1960,families,urbanized_250000_to_999999,"pct_detail $8,000 to $9,999",12.6,printed,"P-60 No. 37, Table 1, page 25 (PDF page 33)","detail bracket, not printed in the 1956 report"
1960,families,urbanized_250000_to_999999,median_dollars,5941,printed,"P-60 No. 37, Table 1, page 25 (PDF page 33)",
1960,families,urbanized_250000_to_999999,year_round_full_time_pct,61.2,printed,"P-60 No. 37, Table 1, page 25 (PDF page 33)",
1960,families,urbanized_250000_to_999999,year_round_full_time_median_dollars,6984,printed,"P-60 No. 37, Table 1, page 25 (PDF page 33)",
1960,families,urbanized_under_250000,number_thousands,,not_available_in_report,"P-60 No. 37, Table 1, page 25 (PDF page 33)",
1960,families,urbanized_under_250000,pct Under $500,1.6,printed,"P-60 No. 37, Table 1, page 25 (PDF page 33)",
1960,families,urbanized_under_250000,pct $500 to $999,1.9,printed,"P-60 No. 37, Table 1, page 25 (PDF page 33)",
1960,families,urbanized_under_250000,"pct $1,000 to $1,499",3.4,printed,"P-60 No. 37, Table 1, page 25 (PDF page 33)",
1960,families,urbanized_under_250000,"pct $1,500 to $1,999",3.6,printed,"P-60 No. 37, Table 1, page 25 (PDF page 33)",
1960,families,urbanized_under_250000,"pct $2,000 to $2,499",4.8,printed,"P-60 No. 37, Table 1, page 25 (PDF page 33)",
1960,families,urbanized_under_250000,"pct $2,500 to $2,999",4.5,printed,"P-60 No. 37, Table 1, page 25 (PDF page 33)",
1960,families,urbanized_under_250000,"pct $3,000 to $3,499",5.9,printed,"P-60 No. 37, Table 1, page 25 (PDF page 33)",
1960,families,urbanized_under_250000,"pct $3,500 to $3,999",5.4,printed,"P-60 No. 37, Table 1, page 25 (PDF page 33)",
1960,families,urbanized_under_250000,"pct $4,000 to $4,499",4.6,printed,"P-60 No. 37, Table 1, page 25 (PDF page 33)",
1960,families,urbanized_under_250000,"pct $4,500 to $4,999",6.2,printed,"P-60 No. 37, Table 1, page 25 (PDF page 33)",
1960,families,urbanized_under_250000,"pct $5,000 to $5,999",14.0,printed,"P-60 No. 37, Table 1, page 25 (PDF page 33)",
1960,families,urbanized_under_250000,"pct $6,000 to $6,999",13.2,printed,"P-60 No. 37, Table 1, page 25 (PDF page 33)",
1960,families,urbanized_under_250000,"pct $7,000 to $9,999",19.8,printed_two_brackets_combined,"P-60 No. 37, Table 1, page 25 (PDF page 33)","sum of $7,000 to $7,999 and $8,000 to $9,999 as printed"
1960,families,urbanized_under_250000,"pct $10,000 to $14,999",9.1,printed,"P-60 No. 37, Table 1, page 25 (PDF page 33)",
1960,families,urbanized_under_250000,"pct $15,000 to $24,999",1.7,printed,"P-60 No. 37, Table 1, page 25 (PDF page 33)",
1960,families,urbanized_under_250000,"pct $25,000 and over",0.3,printed,"P-60 No. 37, Table 1, page 25 (PDF page 33)",
1960,families,urbanized_under_250000,"pct_detail $7,000 to $7,999",7.8,printed,"P-60 No. 37, Table 1, page 25 (PDF page 33)","detail bracket, not printed in the 1956 report"
1960,families,urbanized_under_250000,"pct_detail $8,000 to $9,999",12.0,printed,"P-60 No. 37, Table 1, page 25 (PDF page 33)","detail bracket, not printed in the 1956 report"
1960,families,urbanized_under_250000,median_dollars,5566,printed,"P-60 No. 37, Table 1, page 25 (PDF page 33)",
1960,families,urbanized_under_250000,year_round_full_time_pct,59.3,printed,"P-60 No. 37, Table 1, page 25 (PDF page 33)",
1960,families,urbanized_under_250000,year_round_full_time_median_dollars,6676,printed,"P-60 No. 37, Table 1, page 25 (PDF page 33)",
1960,families,not_urbanized_total,number_thousands,,not_available_in_report,"P-60 No. 37, Table 1, page 25 (PDF page 33)",
1960,families,not_urbanized_total,pct Under $500,2.0,printed,"P-60 No. 37, Table 1, page 25 (PDF page 33)",
1960,families,not_urbanized_total,pct $500 to $999,2.3,printed,"P-60 No. 37, Table 1, page 25 (PDF page 33)",
1960,families,not_urbanized_total,"pct $1,000 to $1,499",3.8,printed,"P-60 No. 37, Table 1, page 25 (PDF page 33)",
1960,families,not_urbanized_total,"pct $1,500 to $1,999",4.9,printed,"P-60 No. 37, Table 1, page 25 (PDF page 33)",
1960,families,not_urbanized_total,"pct $2,000 to $2,499",5.3,printed,"P-60 No. 37, Table 1, page 25 (PDF page 33)",
1960,families,not_urbanized_total,"pct $2,500 to $2,999",4.9,printed,"P-60 No. 37, Table 1, page 25 (PDF page 33)",
1960,families,not_urbanized_total,"pct $3,000 to $3,499",5.6,printed,"P-60 No. 37, Table 1, page 25 (PDF page 33)",
1960,families,not_urbanized_total,"pct $3,500 to $3,999",5.5,printed,"P-60 No. 37, Table 1, page 25 (PDF page 33)",
1960,families,not_urbanized_total,"pct $4,000 to $4,499",5.4,printed,"P-60 No. 37, Table 1, page 25 (PDF page 33)",
1960,families,not_urbanized_total,"pct $4,500 to $4,999",5.6,printed,"P-60 No. 37, Table 1, page 25 (PDF page 33)",
1960,families,not_urbanized_total,"pct $5,000 to $5,999",13.4,printed,"P-60 No. 37, Table 1, page 25 (PDF page 33)",
1960,families,not_urbanized_total,"pct $6,000 to $6,999",10.3,printed,"P-60 No. 37, Table 1, page 25 (PDF page 33)",
1960,families,not_urbanized_total,"pct $7,000 to $9,999",19.3,printed_two_brackets_combined,"P-60 No. 37, Table 1, page 25 (PDF page 33)","sum of $7,000 to $7,999 and $8,000 to $9,999 as printed"
1960,families,not_urbanized_total,"pct $10,000 to $14,999",9.3,printed,"P-60 No. 37, Table 1, page 25 (PDF page 33)",
1960,families,not_urbanized_total,"pct $15,000 to $24,999",2.0,printed,"P-60 No. 37, Table 1, page 25 (PDF page 33)",
1960,families,not_urbanized_total,"pct $25,000 and over",0.4,printed,"P-60 No. 37, Table 1, page 25 (PDF page 33)",
1960,families,not_urbanized_total,"pct_detail $7,000 to $7,999",9.1,printed,"P-60 No. 37, Table 1, page 25 (PDF page 33)","detail bracket, not printed in the 1956 report"
1960,families,not_urbanized_total,"pct_detail $8,000 to $9,999",10.2,printed,"P-60 No. 37, Table 1, page 25 (PDF page 33)","detail bracket, not printed in the 1956 report"
1960,families,not_urbanized_total,median_dollars,5351,printed,"P-60 No. 37, Table 1, page 25 (PDF page 33)",
1960,families,not_urbanized_total,year_round_full_time_pct,61.8,printed,"P-60 No. 37, Table 1, page 25 (PDF page 33)",
1960,families,not_urbanized_total,year_round_full_time_median_dollars,6421,printed,"P-60 No. 37, Table 1, page 25 (PDF page 33)",
1960,families,not_urbanized_25000_and_over,number_thousands,,not_available_in_report,"P-60 No. 37, Table 1, page 25 (PDF page 33)",
1960,families,not_urbanized_25000_and_over,pct Under $500,2.5,printed,"P-60 No. 37, Table 1, page 25 (PDF page 33)",
1960,families,not_urbanized_25000_and_over,pct $500 to $999,1.5,printed,"P-60 No. 37, Table 1, page 25 (PDF page 33)",
1960,families,not_urbanized_25000_and_over,"pct $1,000 to $1,499",2.8,printed,"P-60 No. 37, Table 1, page 25 (PDF page 33)",
1960,families,not_urbanized_25000_and_over,"pct $1,500 to $1,999",5.3,printed,"P-60 No. 37, Table 1, page 25 (PDF page 33)",
1960,families,not_urbanized_25000_and_over,"pct $2,000 to $2,499",5.0,printed,"P-60 No. 37, Table 1, page 25 (PDF page 33)",
1960,families,not_urbanized_25000_and_over,"pct $2,500 to $2,999",5.6,printed,"P-60 No. 37, Table 1, page 25 (PDF page 33)",
1960,families,not_urbanized_25000_and_over,"pct $3,000 to $3,499",6.0,printed,"P-60 No. 37, Table 1, page 25 (PDF page 33)",
1960,families,not_urbanized_25000_and_over,"pct $3,500 to $3,999",5.7,printed,"P-60 No. 37, Table 1, page 25 (PDF page 33)",
1960,families,not_urbanized_25000_and_over,"pct $4,000 to $4,499",5.1,printed,"P-60 No. 37, Table 1, page 25 (PDF page 33)",
1960,families,not_urbanized_25000_and_over,"pct $4,500 to $4,999",5.6,printed,"P-60 No. 37, Table 1, page 25 (PDF page 33)",
1960,families,not_urbanized_25000_and_over,"pct $5,000 to $5,999",14.6,printed,"P-60 No. 37, Table 1, page 25 (PDF page 33)",
1960,families,not_urbanized_25000_and_over,"pct $6,000 to $6,999",9.2,printed,"P-60 No. 37, Table 1, page 25 (PDF page 33)",
1960,families,not_urbanized_25000_and_over,"pct $7,000 to $9,999",19.2,printed_two_brackets_combined,"P-60 No. 37, Table 1, page 25 (PDF page 33)","sum of $7,000 to $7,999 and $8,000 to $9,999 as printed"
1960,families,not_urbanized_25000_and_over,"pct $10,000 to $14,999",9.7,printed,"P-60 No. 37, Table 1, page 25 (PDF page 33)",
1960,families,not_urbanized_25000_and_over,"pct $15,000 to $24,999",1.8,printed,"P-60 No. 37, Table 1, page 25 (PDF page 33)",
1960,families,not_urbanized_25000_and_over,"pct $25,000 and over",0.4,printed,"P-60 No. 37, Table 1, page 25 (PDF page 33)",
1960,families,not_urbanized_25000_and_over,"pct_detail $7,000 to $7,999",9.8,printed,"P-60 No. 37, Table 1, page 25 (PDF page 33)","detail bracket, not printed in the 1956 report"
1960,families,not_urbanized_25000_and_over,"pct_detail $8,000 to $9,999",9.4,printed,"P-60 No. 37, Table 1, page 25 (PDF page 33)","detail bracket, not printed in the 1956 report"
1960,families,not_urbanized_25000_and_over,median_dollars,5343,printed,"P-60 No. 37, Table 1, page 25 (PDF page 33)",
1960,families,not_urbanized_25000_and_over,year_round_full_time_pct,58.3,printed,"P-60 No. 37, Table 1, page 25 (PDF page 33)",
1960,families,not_urbanized_25000_and_over,year_round_full_time_median_dollars,6474,printed,"P-60 No. 37, Table 1, page 25 (PDF page 33)",
1960,families,not_urbanized_under_25000,number_thousands,,not_available_in_report,"P-60 No. 37, Table 1, page 25 (PDF page 33)",
1960,families,not_urbanized_under_25000,pct Under $500,1.7,printed,"P-60 No. 37, Table 1, page 25 (PDF page 33)",
1960,families,not_urbanized_under_25000,pct $500 to $999,2.6,printed,"P-60 No. 37, Table 1, page 25 (PDF page 33)",
1960,families,not_urbanized_under_25000,"pct $1,000 to $1,499",4.2,printed,"P-60 No. 37, Table 1, page 25 (PDF page 33)",
1960,families,not_urbanized_under_25000,"pct $1,500 to $1,999",4.7,printed,"P-60 No. 37, Table 1, page 25 (PDF page 33)",
1960,families,not_urbanized_under_25000,"pct $2,000 to $2,499",5.4,printed,"P-60 No. 37, Table 1, page 25 (PDF page 33)",
1960,families,not_urbanized_under_25000,"pct $2,500 to $2,999",4.7,printed,"P-60 No. 37, Table 1, page 25 (PDF page 33)",
1960,families,not_urbanized_under_25000,"pct $3,000 to $3,499",5.5,printed,"P-60 No. 37, Table 1, page 25 (PDF page 33)",
1960,families,not_urbanized_under_25000,"pct $3,500 to $3,999",5.4,printed,"P-60 No. 37, Table 1, page 25 (PDF page 33)",
1960,families,not_urbanized_under_25000,"pct $4,000 to $4,499",5.5,printed,"P-60 No. 37, Table 1, page 25 (PDF page 33)",
1960,families,not_urbanized_under_25000,"pct $4,500 to $4,999",5.6,printed,"P-60 No. 37, Table 1, page 25 (PDF page 33)",
1960,families,not_urbanized_under_25000,"pct $5,000 to $5,999",13.1,printed,"P-60 No. 37, Table 1, page 25 (PDF page 33)",
1960,families,not_urbanized_under_25000,"pct $6,000 to $6,999",10.6,printed,"P-60 No. 37, Table 1, page 25 (PDF page 33)",
1960,families,not_urbanized_under_25000,"pct $7,000 to $9,999",19.3,printed_two_brackets_combined,"P-60 No. 37, Table 1, page 25 (PDF page 33)","sum of $7,000 to $7,999 and $8,000 to $9,999 as printed"
1960,families,not_urbanized_under_25000,"pct $10,000 to $14,999",9.1,printed,"P-60 No. 37, Table 1, page 25 (PDF page 33)",
1960,families,not_urbanized_under_25000,"pct $15,000 to $24,999",2.1,printed,"P-60 No. 37, Table 1, page 25 (PDF page 33)",
1960,families,not_urbanized_under_25000,"pct $25,000 and over",0.4,printed,"P-60 No. 37, Table 1, page 25 (PDF page 33)",
1960,families,not_urbanized_under_25000,"pct_detail $7,000 to $7,999",8.8,printed,"P-60 No. 37, Table 1, page 25 (PDF page 33)","detail bracket, not printed in the 1956 report"
1960,families,not_urbanized_under_25000,"pct_detail $8,000 to $9,999",10.5,printed,"P-60 No. 37, Table 1, page 25 (PDF page 33)","detail bracket, not printed in the 1956 report"
1960,families,not_urbanized_under_25000,median_dollars,5356,printed,"P-60 No. 37, Table 1, page 25 (PDF page 33)",
1960,families,not_urbanized_under_25000,year_round_full_time_pct,63.0,printed,"P-60 No. 37, Table 1, page 25 (PDF page 33)",
1960,families,not_urbanized_under_25000,year_round_full_time_median_dollars,6404,printed,"P-60 No. 37, Table 1, page 25 (PDF page 33)",
1960,families,rural_nonfarm,number_thousands,,not_available_in_report,"P-60 No. 37, Table 1, page 25 (PDF page 33)",
1960,families,rural_nonfarm,pct Under $500,2.6,printed,"P-60 No. 37, Table 1, page 25 (PDF page 33)",
1960,families,rural_nonfarm,pct $500 to $999,2.9,printed,"P-60 No. 37, Table 1, page 25 (PDF page 33)",
1960,families,rural_nonfarm,"pct $1,000 to $1,499",4.1,printed,"P-60 No. 37, Table 1, page 25 (PDF page 33)",
1960,families,rural_nonfarm,"pct $1,500 to $1,999",3.8,printed,"P-60 No. 37, Table 1, page 25 (PDF page 33)",
1960,families,rural_nonfarm,"pct $2,000 to $2,499",4.1,printed,"P-60 No. 37, Table 1, page 25 (PDF page 33)",
1960,families,rural_nonfarm,"pct $2,500 to $2,999",3.8,printed,"P-60 No. 37, Table 1, page 25 (PDF page 33)",
1960,families,rural_nonfarm,"pct $3,000 to $3,499",4.7,printed,"P-60 No. 37, Table 1, page 25 (PDF page 33)",
1960,families,rural_nonfarm,"pct $3,500 to $3,999",5.1,printed,"P-60 No. 37, Table 1, page 25 (PDF page 33)",
1960,families,rural_nonfarm,"pct $4,000 to $4,499",5.3,printed,"P-60 No. 37, Table 1, page 25 (PDF page 33)",
1960,families,rural_nonfarm,"pct $4,500 to $4,999",5.4,printed,"P-60 No. 37, Table 1, page 25 (PDF page 33)",
1960,families,rural_nonfarm,"pct $5,000 to $5,999",13.0,printed,"P-60 No. 37, Table 1, page 25 (PDF page 33)",
1960,families,rural_nonfarm,"pct $6,000 to $6,999",10.9,printed,"P-60 No. 37, Table 1, page 25 (PDF page 33)",
1960,families,rural_nonfarm,"pct $7,000 to $9,999",19.9,printed_two_brackets_combined,"P-60 No. 37, Table 1, page 25 (PDF page 33)","sum of $7,000 to $7,999 and $8,000 to $9,999 as printed"
1960,families,rural_nonfarm,"pct $10,000 to $14,999",10.4,printed,"P-60 No. 37, Table 1, page 25 (PDF page 33)",
1960,families,rural_nonfarm,"pct $15,000 to $24,999",3.1,printed,"P-60 No. 37, Table 1, page 25 (PDF page 33)",
1960,families,rural_nonfarm,"pct $25,000 and over",0.7,printed,"P-60 No. 37, Table 1, page 25 (PDF page 33)",
1960,families,rural_nonfarm,"pct_detail $7,000 to $7,999",8.6,printed,"P-60 No. 37, Table 1, page 25 (PDF page 33)","detail bracket, not printed in the 1956 report"
1960,families,rural_nonfarm,"pct_detail $8,000 to $9,999",11.3,printed,"P-60 No. 37, Table 1, page 25 (PDF page 33)","detail bracket, not printed in the 1956 report"
1960,families,rural_nonfarm,median_dollars,5620,printed,"P-60 No. 37, Table 1, page 25 (PDF page 33)",
1960,families,rural_nonfarm,year_round_full_time_pct,63.2,printed,"P-60 No. 37, Table 1, page 25 (PDF page 33)",
1960,families,rural_nonfarm,year_round_full_time_median_dollars,6650,printed,"P-60 No. 37, Table 1, page 25 (PDF page 33)",
1960,families,rural_farm,number_thousands,3490,printed,"P-60 No. 37, Table 1, page 25 (PDF page 33)",1960 Census farm definition
1960,families,rural_farm,pct Under $500,9.3,printed,"P-60 No. 37, Table 1, page 25 (PDF page 33)",
1960,families,rural_farm,pct $500 to $999,8.4,printed,"P-60 No. 37, Table 1, page 25 (PDF page 33)",
1960,families,rural_farm,"pct $1,000 to $1,499",9.4,printed,"P-60 No. 37, Table 1, page 25 (PDF page 33)",
1960,families,rural_farm,"pct $1,500 to $1,999",8.7,printed,"P-60 No. 37, Table 1, page 25 (PDF page 33)",
1960,families,rural_farm,"pct $2,000 to $2,499",8.1,printed,"P-60 No. 37, Table 1, page 25 (PDF page 33)",
1960,families,rural_farm,"pct $2,500 to $2,999",8.1,printed,"P-60 No. 37, Table 1, page 25 (PDF page 33)",
1960,families,rural_farm,"pct $3,000 to $3,499",7.1,printed,"P-60 No. 37, Table 1, page 25 (PDF page 33)",
1960,families,rural_farm,"pct $3,500 to $3,999",6.3,printed,"P-60 No. 37, Table 1, page 25 (PDF page 33)",
1960,families,rural_farm,"pct $4,000 to $4,499",4.9,printed,"P-60 No. 37, Table 1, page 25 (PDF page 33)",
1960,families,rural_farm,"pct $4,500 to $4,999",4.1,printed,"P-60 No. 37, Table 1, page 25 (PDF page 33)",
1960,families,rural_farm,"pct $5,000 to $5,999",7.3,printed,"P-60 No. 37, Table 1, page 25 (PDF page 33)",
1960,families,rural_farm,"pct $6,000 to $6,999",4.9,printed,"P-60 No. 37, Table 1, page 25 (PDF page 33)",
1960,families,rural_farm,"pct $7,000 to $9,999",8.4,printed_two_brackets_combined,"P-60 No. 37, Table 1, page 25 (PDF page 33)","sum of $7,000 to $7,999 and $8,000 to $9,999 as printed"
1960,families,rural_farm,"pct $10,000 to $14,999",4.0,printed,"P-60 No. 37, Table 1, page 25 (PDF page 33)",
1960,families,rural_farm,"pct $15,000 to $24,999",0.8,printed,"P-60 No. 37, Table 1, page 25 (PDF page 33)",
1960,families,rural_farm,"pct $25,000 and over",0.3,printed,"P-60 No. 37, Table 1, page 25 (PDF page 33)",
1960,families,rural_farm,"pct_detail $7,000 to $7,999",4.7,printed,"P-60 No. 37, Table 1, page 25 (PDF page 33)","detail bracket, not printed in the 1956 report"
1960,families,rural_farm,"pct_detail $8,000 to $9,999",3.7,printed,"P-60 No. 37, Table 1, page 25 (PDF page 33)","detail bracket, not printed in the 1956 report"
1960,families,rural_farm,median_dollars,2875,printed,"P-60 No. 37, Table 1, page 25 (PDF page 33)",
1960,families,rural_farm,year_round_full_time_pct,66.9,printed,"P-60 No. 37, Table 1, page 25 (PDF page 33)",
1960,families,rural_farm,year_round_full_time_median_dollars,3337,printed,"P-60 No. 37, Table 1, page 25 (PDF page 33)",
1960,unrelated,total,number_thousands,10900,printed,"P-60 No. 37, Table 1, page 25 (PDF page 33)",
1960,unrelated,total,pct Under $500,14.6,printed,"P-60 No. 37, Table 1, page 25 (PDF page 33)",
1960,unrelated,total,pct $500 to $999,19.0,printed,"P-60 No. 37, Table 1, page 25 (PDF page 33)",
1960,unrelated,total,"pct $1,000 to $1,499",13.3,printed,"P-60 No. 37, Table 1, page 25 (PDF page 33)",
1960,unrelated,total,"pct $1,500 to $1,999",7.2,printed,"P-60 No. 37, Table 1, page 25 (PDF page 33)",
1960,unrelated,total,"pct $2,000 to $2,499",7.3,printed,"P-60 No. 37, Table 1, page 25 (PDF page 33)",
1960,unrelated,total,"pct $2,500 to $2,999",5.5,printed,"P-60 No. 37, Table 1, page 25 (PDF page 33)",
1960,unrelated,total,"pct $3,000 to $3,499",5.3,printed,"P-60 No. 37, Table 1, page 25 (PDF page 33)",
1960,unrelated,total,"pct $3,500 to $3,999",4.9,printed,"P-60 No. 37, Table 1, page 25 (PDF page 33)",
1960,unrelated,total,"pct $4,000 to $4,499",5.3,printed,"P-60 No. 37, Table 1, page 25 (PDF page 33)",
1960,unrelated,total,"pct $4,500 to $4,999",4.0,printed,"P-60 No. 37, Table 1, page 25 (PDF page 33)",
1960,unrelated,total,"pct $5,000 to $5,999",6.0,printed,"P-60 No. 37, Table 1, page 25 (PDF page 33)",
1960,unrelated,total,"pct $6,000 to $6,999",3.3,printed,"P-60 No. 37, Table 1, page 25 (PDF page 33)",
1960,unrelated,total,"pct $7,000 to $9,999",3.2,printed_two_brackets_combined,"P-60 No. 37, Table 1, page 25 (PDF page 33)","sum of $7,000 to $7,999 and $8,000 to $9,999 as printed"
1960,unrelated,total,"pct $10,000 to $14,999",0.9,printed,"P-60 No. 37, Table 1, page 25 (PDF page 33)",
1960,unrelated,total,"pct $15,000 to $24,999",0.1,printed,"P-60 No. 37, Table 1, page 25 (PDF page 33)",
1960,unrelated,total,"pct $25,000 and over",0.2,printed,"P-60 No. 37, Table 1, page 25 (PDF page 33)",
1960,unrelated,total,"pct_detail $7,000 to $7,999",1.7,printed,"P-60 No. 37, Table 1, page 25 (PDF page 33)","detail bracket, not printed in the 1956 report"
1960,unrelated,total,"pct_detail $8,000 to $9,999",1.5,printed,"P-60 No. 37, Table 1, page 25 (PDF page 33)","detail bracket, not printed in the 1956 report"
1960,unrelated,total,median_dollars,1720,printed,"P-60 No. 37, Table 1, page 25 (PDF page 33)",
1960,unrelated,total,year_round_full_time_pct,36.4,printed,"P-60 No. 37, Table 1, page 25 (PDF page 33)",
1960,unrelated,total,year_round_full_time_median_dollars,3781,printed,"P-60 No. 37, Table 1, page 25 (PDF page 33)",
1960,unrelated,urban_total,number_thousands,,not_available_in_report,"P-60 No. 37, Table 1, page 25 (PDF page 33)",
1960,unrelated,urban_total,pct Under $500,11.7,printed,"P-60 No. 37, Table 1, page 25 (PDF page 33)",
1960,unrelated,urban_total,pct $500 to $999,17.2,printed,"P-60 No. 37, Table 1, page 25 (PDF page 33)",
1960,unrelated,urban_total,"pct $1,000 to $1,499",13.7,printed,"P-60 No. 37, Table 1, page 25 (PDF page 33)",
1960,unrelated,urban_total,"pct $1,500 to $1,999",7.5,printed,"P-60 No. 37, Table 1, page 25 (PDF page 33)",
1960,unrelated,urban_total,"pct $2,000 to $2,499",8.0,printed,"P-60 No. 37, Table 1, page 25 (PDF page 33)",
1960,unrelated,urban_total,"pct $2,500 to $2,999",5.6,printed,"P-60 No. 37, Table 1, page 25 (PDF page 33)",
1960,unrelated,urban_total,"pct $3,000 to $3,499",6.2,printed,"P-60 No. 37, Table 1, page 25 (PDF page 33)",
1960,unrelated,urban_total,"pct $3,500 to $3,999",5.4,printed,"P-60 No. 37, Table 1, page 25 (PDF page 33)",
1960,unrelated,urban_total,"pct $4,000 to $4,499",5.6,printed,"P-60 No. 37, Table 1, page 25 (PDF page 33)",
1960,unrelated,urban_total,"pct $4,500 to $4,999",4.5,printed,"P-60 No. 37, Table 1, page 25 (PDF page 33)",
1960,unrelated,urban_total,"pct $5,000 to $5,999",6.1,printed,"P-60 No. 37, Table 1, page 25 (PDF page 33)",
1960,unrelated,urban_total,"pct $6,000 to $6,999",3.8,printed,"P-60 No. 37, Table 1, page 25 (PDF page 33)",
1960,unrelated,urban_total,"pct $7,000 to $9,999",3.4,printed_two_brackets_combined,"P-60 No. 37, Table 1, page 25 (PDF page 33)","sum of $7,000 to $7,999 and $8,000 to $9,999 as printed"
1960,unrelated,urban_total,"pct $10,000 to $14,999",0.9,printed,"P-60 No. 37, Table 1, page 25 (PDF page 33)",
1960,unrelated,urban_total,"pct $15,000 to $24,999",0.1,printed,"P-60 No. 37, Table 1, page 25 (PDF page 33)",
1960,unrelated,urban_total,"pct $25,000 and over",0.3,printed,"P-60 No. 37, Table 1, page 25 (PDF page 33)",
1960,unrelated,urban_total,"pct_detail $7,000 to $7,999",2.0,printed,"P-60 No. 37, Table 1, page 25 (PDF page 33)","detail bracket, not printed in the 1956 report"
1960,unrelated,urban_total,"pct_detail $8,000 to $9,999",1.4,printed,"P-60 No. 37, Table 1, page 25 (PDF page 33)","detail bracket, not printed in the 1956 report"
1960,unrelated,urban_total,median_dollars,1992,printed,"P-60 No. 37, Table 1, page 25 (PDF page 33)",
1960,unrelated,urban_total,year_round_full_time_pct,38.5,printed,"P-60 No. 37, Table 1, page 25 (PDF page 33)",
1960,unrelated,urban_total,year_round_full_time_median_dollars,3893,printed,"P-60 No. 37, Table 1, page 25 (PDF page 33)",
1960,unrelated,urbanized_total,number_thousands,,not_available_in_report,"P-60 No. 37, Table 1, page 25 (PDF page 33)",
1960,unrelated,urbanized_total,pct Under $500,11.7,printed,"P-60 No. 37, Table 1, page 25 (PDF page 33)",
1960,unrelated,urbanized_total,pct $500 to $999,15.2,printed,"P-60 No. 37, Table 1, page 25 (PDF page 33)",
1960,unrelated,urbanized_total,"pct $1,000 to $1,499",13.5,printed,"P-60 No. 37, Table 1, page 25 (PDF page 33)",
1960,unrelated,urbanized_total,"pct $1,500 to $1,999",7.0,printed,"P-60 No. 37, Table 1, page 25 (PDF page 33)",
1960,unrelated,urbanized_total,"pct $2,000 to $2,499",8.0,printed,"P-60 No. 37, Table 1, page 25 (PDF page 33)",
1960,unrelated,urbanized_total,"pct $2,500 to $2,999",5.2,printed,"P-60 No. 37, Table 1, page 25 (PDF page 33)",
1960,unrelated,urbanized_total,"pct $3,000 to $3,499",6.5,printed,"P-60 No. 37, Table 1, page 25 (PDF page 33)",
1960,unrelated,urbanized_total,"pct $3,500 to $3,999",5.6,printed,"P-60 No. 37, Table 1, page 25 (PDF page 33)",
1960,unrelated,urbanized_total,"pct $4,000 to $4,499",6.0,printed,"P-60 No. 37, Table 1, page 25 (PDF page 33)",
1960,unrelated,urbanized_total,"pct $4,500 to $4,999",4.8,printed,"P-60 No. 37, Table 1, page 25 (PDF page 33)",
1960,unrelated,urbanized_total,"pct $5,000 to $5,999",6.9,printed,"P-60 No. 37, Table 1, page 25 (PDF page 33)",
1960,unrelated,urbanized_total,"pct $6,000 to $6,999",3.9,printed,"P-60 No. 37, Table 1, page 25 (PDF page 33)",
1960,unrelated,urbanized_total,"pct $7,000 to $9,999",4.0,printed_two_brackets_combined,"P-60 No. 37, Table 1, page 25 (PDF page 33)","sum of $7,000 to $7,999 and $8,000 to $9,999 as printed"
1960,unrelated,urbanized_total,"pct $10,000 to $14,999",1.2,printed,"P-60 No. 37, Table 1, page 25 (PDF page 33)",
1960,unrelated,urbanized_total,"pct $15,000 to $24,999",0.2,printed,"P-60 No. 37, Table 1, page 25 (PDF page 33)",
1960,unrelated,urbanized_total,"pct $25,000 and over",0.4,printed,"P-60 No. 37, Table 1, page 25 (PDF page 33)",
1960,unrelated,urbanized_total,"pct_detail $7,000 to $7,999",2.3,printed,"P-60 No. 37, Table 1, page 25 (PDF page 33)","detail bracket, not printed in the 1956 report"
1960,unrelated,urbanized_total,"pct_detail $8,000 to $9,999",1.7,printed,"P-60 No. 37, Table 1, page 25 (PDF page 33)","detail bracket, not printed in the 1956 report"
1960,unrelated,urbanized_total,median_dollars,2163,printed,"P-60 No. 37, Table 1, page 25 (PDF page 33)",
1960,unrelated,urbanized_total,year_round_full_time_pct,40.5,printed,"P-60 No. 37, Table 1, page 25 (PDF page 33)",
1960,unrelated,urbanized_total,year_round_full_time_median_dollars,4078,printed,"P-60 No. 37, Table 1, page 25 (PDF page 33)",
1960,unrelated,urbanized_1000000_and_over,number_thousands,,not_available_in_report,"P-60 No. 37, Table 1, page 25 (PDF page 33)",
1960,unrelated,urbanized_1000000_and_over,pct Under $500,10.4,printed,"P-60 No. 37, Table 1, page 25 (PDF page 33)",
1960,unrelated,urbanized_1000000_and_over,pct $500 to $999,13.0,printed,"P-60 No. 37, Table 1, page 25 (PDF page 33)",
1960,unrelated,urbanized_1000000_and_over,"pct $1,000 to $1,499",13.1,printed,"P-60 No. 37, Table 1, page 25 (PDF page 33)",
1960,unrelated,urbanized_1000000_and_over,"pct $1,500 to $1,999",5.9,printed,"P-60 No. 37, Table 1, page 25 (PDF page 33)",
1960,unrelated,urbanized_1000000_and_over,"pct $2,000 to $2,499",7.0,printed,"P-60 No. 37, Table 1, page 25 (PDF page 33)",
1960,unrelated,urbanized_1000000_and_over,"pct $2,500 to $2,999",5.7,printed,"P-60 No. 37, Table 1, page 25 (PDF page 33)",
1960,unrelated,urbanized_1000000_and_over,"pct $3,000 to $3,499",7.0,printed,"P-60 No. 37, Table 1, page 25 (PDF page 33)",
1960,unrelated,urbanized_1000000_and_over,"pct $3,500 to $3,999",6.7,printed,"P-60 No. 37, Table 1, page 25 (PDF page 33)",
1960,unrelated,urbanized_1000000_and_over,"pct $4,000 to $4,499",6.9,printed,"P-60 No. 37, Table 1, page 25 (PDF page 33)",
1960,unrelated,urbanized_1000000_and_over,"pct $4,500 to $4,999",6.0,printed,"P-60 No. 37, Table 1, page 25 (PDF page 33)",
1960,unrelated,urbanized_1000000_and_over,"pct $5,000 to $5,999",7.8,printed,"P-60 No. 37, Table 1, page 25 (PDF page 33)",
1960,unrelated,urbanized_1000000_and_over,"pct $6,000 to $6,999",4.0,printed,"P-60 No. 37, Table 1, page 25 (PDF page 33)",
1960,unrelated,urbanized_1000000_and_over,"pct $7,000 to $9,999",4.1,printed_two_brackets_combined,"P-60 No. 37, Table 1, page 25 (PDF page 33)","sum of $7,000 to $7,999 and $8,000 to $9,999 as printed"
1960,unrelated,urbanized_1000000_and_over,"pct $10,000 to $14,999",1.5,printed,"P-60 No. 37, Table 1, page 25 (PDF page 33)",
1960,unrelated,urbanized_1000000_and_over,"pct $15,000 to $24,999",0.1,printed,"P-60 No. 37, Table 1, page 25 (PDF page 33)",
1960,unrelated,urbanized_1000000_and_over,"pct $25,000 and over",0.6,printed,"P-60 No. 37, Table 1, page 25 (PDF page 33)",
1960,unrelated,urbanized_1000000_and_over,"pct_detail $7,000 to $7,999",2.6,printed,"P-60 No. 37, Table 1, page 25 (PDF page 33)","detail bracket, not printed in the 1956 report"
1960,unrelated,urbanized_1000000_and_over,"pct_detail $8,000 to $9,999",1.5,printed,"P-60 No. 37, Table 1, page 25 (PDF page 33)","detail bracket, not printed in the 1956 report"
1960,unrelated,urbanized_1000000_and_over,median_dollars,2548,printed,"P-60 No. 37, Table 1, page 25 (PDF page 33)",
1960,unrelated,urbanized_1000000_and_over,year_round_full_time_pct,42.1,printed,"P-60 No. 37, Table 1, page 25 (PDF page 33)",
1960,unrelated,urbanized_1000000_and_over,year_round_full_time_median_dollars,4275,printed,"P-60 No. 37, Table 1, page 25 (PDF page 33)",
1960,unrelated,urbanized_250000_to_999999,number_thousands,,not_available_in_report,"P-60 No. 37, Table 1, page 25 (PDF page 33)",
1960,unrelated,urbanized_250000_to_999999,pct Under $500,12.5,printed,"P-60 No. 37, Table 1, page 25 (PDF page 33)",
1960,unrelated,urbanized_250000_to_999999,pct $500 to $999,16.5,printed,"P-60 No. 37, Table 1, page 25 (PDF page 33)",
1960,unrelated,urbanized_250000_to_999999,"pct $1,000 to $1,499",14.3,printed,"P-60 No. 37, Table 1, page 25 (PDF page 33)",
1960,unrelated,urbanized_250000_to_999999,"pct $1,500 to $1,999",8.9,printed,"P-60 No. 37, Table 1, page 25 (PDF page 33)",
1960,unrelated,urbanized_250000_to_999999,"pct $2,000 to $2,499",9.5,printed,"P-60 No. 37, Table 1, page 25 (PDF page 33)",
1960,unrelated,urbanized_250000_to_999999,"pct $2,500 to $2,999",5.4,printed,"P-60 No. 37, Table 1, page 25 (PDF page 33)",
1960,unrelated,urbanized_250000_to_999999,"pct $3,000 to $3,499",6.8,printed,"P-60 No. 37, Table 1, page 25 (PDF page 33)",
1960,unrelated,urbanized_250000_to_999999,"pct $3,500 to $3,999",5.0,printed,"P-60 No. 37, Table 1, page 25 (PDF page 33)",
1960,unrelated,urbanized_250000_to_999999,"pct $4,000 to $4,499",4.8,printed,"P-60 No. 37, Table 1, page 25 (PDF page 33)",
1960,unrelated,urbanized_250000_to_999999,"pct $4,500 to $4,999",3.3,printed,"P-60 No. 37, Table 1, page 25 (PDF page 33)",
1960,unrelated,urbanized_250000_to_999999,"pct $5,000 to $5,999",4.8,printed,"P-60 No. 37, Table 1, page 25 (PDF page 33)",
1960,unrelated,urbanized_250000_to_999999,"pct $6,000 to $6,999",3.5,printed,"P-60 No. 37, Table 1, page 25 (PDF page 33)",
1960,unrelated,urbanized_250000_to_999999,"pct $7,000 to $9,999",3.9,printed_two_brackets_combined,"P-60 No. 37, Table 1, page 25 (PDF page 33)","sum of $7,000 to $7,999 and $8,000 to $9,999 as printed"
1960,unrelated,urbanized_250000_to_999999,"pct $10,000 to $14,999",0.3,printed,"P-60 No. 37, Table 1, page 25 (PDF page 33)",
1960,unrelated,urbanized_250000_to_999999,"pct $15,000 to $24,999",0.2,printed,"P-60 No. 37, Table 1, page 25 (PDF page 33)",
1960,unrelated,urbanized_250000_to_999999,"pct $25,000 and over",0.3,printed,"P-60 No. 37, Table 1, page 25 (PDF page 33)",
1960,unrelated,urbanized_250000_to_999999,"pct_detail $7,000 to $7,999",1.5,printed,"P-60 No. 37, Table 1, page 25 (PDF page 33)","detail bracket, not printed in the 1956 report"
1960,unrelated,urbanized_250000_to_999999,"pct_detail $8,000 to $9,999",2.4,printed,"P-60 No. 37, Table 1, page 25 (PDF page 33)","detail bracket, not printed in the 1956 report"
1960,unrelated,urbanized_250000_to_999999,median_dollars,1876,printed,"P-60 No. 37, Table 1, page 25 (PDF page 33)",
1960,unrelated,urbanized_250000_to_999999,year_round_full_time_pct,39.5,printed,"P-60 No. 37, Table 1, page 25 (PDF page 33)",
1960,unrelated,urbanized_250000_to_999999,year_round_full_time_median_dollars,3539,printed,"P-60 No. 37, Table 1, page 25 (PDF page 33)",
1960,unrelated,urbanized_under_250000,number_thousands,,not_available_in_report,"P-60 No. 37, Table 1, page 25 (PDF page 33)",
1960,unrelated,urbanized_under_250000,pct Under $500,14.0,printed,"P-60 No. 37, Table 1, page 25 (PDF page 33)",
1960,unrelated,urbanized_under_250000,pct $500 to $999,19.7,printed,"P-60 No. 37, Table 1, page 25 (PDF page 33)",
1960,unrelated,urbanized_under_250000,"pct $1,000 to $1,499",13.5,printed,"P-60 No. 37, Table 1, page 25 (PDF page 33)",
1960,unrelated,urbanized_under_250000,"pct $1,500 to $1,999",7.5,printed,"P-60 No. 37, Table 1, page 25 (PDF page 33)",
1960,unrelated,urbanized_under_250000,"pct $2,000 to $2,499",8.8,printed,"P-60 No. 37, Table 1, page 25 (PDF page 33)",
1960,unrelated,urbanized_under_250000,"pct $2,500 to $2,999",3.6,printed,"P-60 No. 37, Table 1, page 25 (PDF page 33)",
1960,unrelated,urbanized_under_250000,"pct $3,000 to $3,499",4.9,printed,"P-60 No. 37, Table 1, page 25 (PDF page 33)",
1960,unrelated,urbanized_under_250000,"pct $3,500 to $3,999",3.3,printed,"P-60 No. 37, Table 1, page 25 (PDF page 33)",
1960,unrelated,urbanized_under_250000,"pct $4,000 to $4,499",5.1,printed,"P-60 No. 37, Table 1, page 25 (PDF page 33)",
1960,unrelated,urbanized_under_250000,"pct $4,500 to $4,999",3.2,printed,"P-60 No. 37, Table 1, page 25 (PDF page 33)",
1960,unrelated,urbanized_under_250000,"pct $5,000 to $5,999",7.4,printed,"P-60 No. 37, Table 1, page 25 (PDF page 33)",
1960,unrelated,urbanized_under_250000,"pct $6,000 to $6,999",4.0,printed,"P-60 No. 37, Table 1, page 25 (PDF page 33)",
1960,unrelated,urbanized_under_250000,"pct $7,000 to $9,999",3.5,printed_two_brackets_combined,"P-60 No. 37, Table 1, page 25 (PDF page 33)","sum of $7,000 to $7,999 and $8,000 to $9,999 as printed"
1960,unrelated,urbanized_under_250000,"pct $10,000 to $14,999",1.4,printed,"P-60 No. 37, Table 1, page 25 (PDF page 33)",
1960,unrelated,urbanized_under_250000,"pct $15,000 to $24,999",0.3,printed,"P-60 No. 37, Table 1, page 25 (PDF page 33)",
1960,unrelated,urbanized_under_250000,"pct $25,000 and over",,printed_less_than_0.1,"P-60 No. 37, Table 1, page 25 (PDF page 33)",shown as three dots in the report
1960,unrelated,urbanized_under_250000,"pct_detail $7,000 to $7,999",2.4,printed,"P-60 No. 37, Table 1, page 25 (PDF page 33)","detail bracket, not printed in the 1956 report"
1960,unrelated,urbanized_under_250000,"pct_detail $8,000 to $9,999",1.1,printed,"P-60 No. 37, Table 1, page 25 (PDF page 33)","detail bracket, not printed in the 1956 report"
1960,unrelated,urbanized_under_250000,median_dollars,1691,printed,"P-60 No. 37, Table 1, page 25 (PDF page 33)",
1960,unrelated,urbanized_under_250000,year_round_full_time_pct,37.0,printed,"P-60 No. 37, Table 1, page 25 (PDF page 33)",
1960,unrelated,urbanized_under_250000,year_round_full_time_median_dollars,4240,printed,"P-60 No. 37, Table 1, page 25 (PDF page 33)",
1960,unrelated,not_urbanized_total,number_thousands,,not_available_in_report,"P-60 No. 37, Table 1, page 25 (PDF page 33)",
1960,unrelated,not_urbanized_total,pct Under $500,11.8,printed,"P-60 No. 37, Table 1, page 25 (PDF page 33)",
1960,unrelated,not_urbanized_total,pct $500 to $999,22.1,printed,"P-60 No. 37, Table 1, page 25 (PDF page 33)",
1960,unrelated,not_urbanized_total,"pct $1,000 to $1,499",14.3,printed,"P-60 No. 37, Table 1, page 25 (PDF page 33)",
1960,unrelated,not_urbanized_total,"pct $1,500 to $1,999",8.7,printed,"P-60 No. 37, Table 1, page 25 (PDF page 33)",
1960,unrelated,not_urbanized_total,"pct $2,000 to $2,499",8.1,printed,"P-60 No. 37, Table 1, page 25 (PDF page 33)",
1960,unrelated,not_urbanized_total,"pct $2,500 to $2,999",6.4,printed,"P-60 No. 37, Table 1, page 25 (PDF page 33)",
1960,unrelated,not_urbanized_total,"pct $3,000 to $3,499",5.5,printed,"P-60 No. 37, Table 1, page 25 (PDF page 33)",
1960,unrelated,not_urbanized_total,"pct $3,500 to $3,999",4.9,printed,"P-60 No. 37, Table 1, page 25 (PDF page 33)",
1960,unrelated,not_urbanized_total,"pct $4,000 to $4,499",4.6,printed,"P-60 No. 37, Table 1, page 25 (PDF page 33)",
1960,unrelated,not_urbanized_total,"pct $4,500 to $4,999",3.9,printed,"P-60 No. 37, Table 1, page 25 (PDF page 33)",
1960,unrelated,not_urbanized_total,"pct $5,000 to $5,999",4.1,printed,"P-60 No. 37, Table 1, page 25 (PDF page 33)",
1960,unrelated,not_urbanized_total,"pct $6,000 to $6,999",3.5,printed,"P-60 No. 37, Table 1, page 25 (PDF page 33)",
1960,unrelated,not_urbanized_total,"pct $7,000 to $9,999",1.9,printed_two_brackets_combined,"P-60 No. 37, Table 1, page 25 (PDF page 33)","sum of $7,000 to $7,999 and $8,000 to $9,999 as printed"
1960,unrelated,not_urbanized_total,"pct $10,000 to $14,999",0.2,printed,"P-60 No. 37, Table 1, page 25 (PDF page 33)",
1960,unrelated,not_urbanized_total,"pct $15,000 to $24,999",,printed_less_than_0.1,"P-60 No. 37, Table 1, page 25 (PDF page 33)",shown as three dots in the report
1960,unrelated,not_urbanized_total,"pct $25,000 and over",,printed_less_than_0.1,"P-60 No. 37, Table 1, page 25 (PDF page 33)",shown as three dots in the report
1960,unrelated,not_urbanized_total,"pct_detail $7,000 to $7,999",1.2,printed,"P-60 No. 37, Table 1, page 25 (PDF page 33)","detail bracket, not printed in the 1956 report"
1960,unrelated,not_urbanized_total,"pct_detail $8,000 to $9,999",0.7,printed,"P-60 No. 37, Table 1, page 25 (PDF page 33)","detail bracket, not printed in the 1956 report"
1960,unrelated,not_urbanized_total,median_dollars,1603,printed,"P-60 No. 37, Table 1, page 25 (PDF page 33)",
1960,unrelated,not_urbanized_total,year_round_full_time_pct,33.3,printed,"P-60 No. 37, Table 1, page 25 (PDF page 33)",
1960,unrelated,not_urbanized_total,year_round_full_time_median_dollars,3284,printed,"P-60 No. 37, Table 1, page 25 (PDF page 33)",
1960,unrelated,not_urbanized_25000_and_over,number_thousands,,not_available_in_report,"P-60 No. 37, Table 1, page 25 (PDF page 33)",
1960,unrelated,not_urbanized_25000_and_over,pct Under $500,9.8,printed,"P-60 No. 37, Table 1, page 25 (PDF page 33)",
1960,unrelated,not_urbanized_25000_and_over,pct $500 to $999,16.6,printed,"P-60 No. 37, Table 1, page 25 (PDF page 33)",
1960,unrelated,not_urbanized_25000_and_over,"pct $1,000 to $1,499",11.4,printed,"P-60 No. 37, Table 1, page 25 (PDF page 33)",
1960,unrelated,not_urbanized_25000_and_over,"pct $1,500 to $1,999",9.0,printed,"P-60 No. 37, Table 1, page 25 (PDF page 33)",
1960,unrelated,not_urbanized_25000_and_over,"pct $2,000 to $2,499",8.3,printed,"P-60 No. 37, Table 1, page 25 (PDF page 33)",
1960,unrelated,not_urbanized_25000_and_over,"pct $2,500 to $2,999",10.4,printed,"P-60 No. 37, Table 1, page 25 (PDF page 33)",
1960,unrelated,not_urbanized_25000_and_over,"pct $3,000 to $3,499",5.6,printed,"P-60 No. 37, Table 1, page 25 (PDF page 33)",
1960,unrelated,not_urbanized_25000_and_over,"pct $3,500 to $3,999",6.9,printed,"P-60 No. 37, Table 1, page 25 (PDF page 33)",
1960,unrelated,not_urbanized_25000_and_over,"pct $4,000 to $4,499",7.1,printed,"P-60 No. 37, Table 1, page 25 (PDF page 33)",
1960,unrelated,not_urbanized_25000_and_over,"pct $4,500 to $4,999",4.4,printed,"P-60 No. 37, Table 1, page 25 (PDF page 33)",
1960,unrelated,not_urbanized_25000_and_over,"pct $5,000 to $5,999",4.8,printed,"P-60 No. 37, Table 1, page 25 (PDF page 33)",
1960,unrelated,not_urbanized_25000_and_over,"pct $6,000 to $6,999",4.6,printed,"P-60 No. 37, Table 1, page 25 (PDF page 33)",
1960,unrelated,not_urbanized_25000_and_over,"pct $7,000 to $9,999",1.4,printed_two_brackets_combined,"P-60 No. 37, Table 1, page 25 (PDF page 33)","sum of $7,000 to $7,999 and $8,000 to $9,999 as printed"
1960,unrelated,not_urbanized_25000_and_over,"pct $10,000 to $14,999",,printed_less_than_0.1,"P-60 No. 37, Table 1, page 25 (PDF page 33)",shown as three dots in the report
1960,unrelated,not_urbanized_25000_and_over,"pct $15,000 to $24,999",,printed_less_than_0.1,"P-60 No. 37, Table 1, page 25 (PDF page 33)",shown as three dots in the report
1960,unrelated,not_urbanized_25000_and_over,"pct $25,000 and over",,printed_less_than_0.1,"P-60 No. 37, Table 1, page 25 (PDF page 33)",shown as three dots in the report
1960,unrelated,not_urbanized_25000_and_over,"pct_detail $7,000 to $7,999",0.8,printed,"P-60 No. 37, Table 1, page 25 (PDF page 33)","detail bracket, not printed in the 1956 report"
1960,unrelated,not_urbanized_25000_and_over,"pct_detail $8,000 to $9,999",0.6,printed,"P-60 No. 37, Table 1, page 25 (PDF page 33)","detail bracket, not printed in the 1956 report"
1960,unrelated,not_urbanized_25000_and_over,median_dollars,2188,printed,"P-60 No. 37, Table 1, page 25 (PDF page 33)",
1960,unrelated,not_urbanized_25000_and_over,year_round_full_time_pct,37.0,printed,"P-60 No. 37, Table 1, page 25 (PDF page 33)",
1960,unrelated,not_urbanized_25000_and_over,year_round_full_time_median_dollars,2871,printed,"P-60 No. 37, Table 1, page 25 (PDF page 33)",
1960,unrelated,not_urbanized_under_25000,number_thousands,,not_available_in_report,"P-60 No. 37, Table 1, page 25 (PDF page 33)",
1960,unrelated,not_urbanized_under_25000,pct Under $500,12.8,printed,"P-60 No. 37, Table 1, page 25 (PDF page 33)",
1960,unrelated,not_urbanized_under_25000,pct $500 to $999,24.6,printed,"P-60 No. 37, Table 1, page 25 (PDF page 33)",
1960,unrelated,not_urbanized_under_25000,"pct $1,000 to $1,499",15.6,printed,"P-60 No. 37, Table 1, page 25 (PDF page 33)",
1960,unrelated,not_urbanized_under_25000,"pct $1,500 to $1,999",8.6,printed,"P-60 No. 37, Table 1, page 25 (PDF page 33)",
1960,unrelated,not_urbanized_under_25000,"pct $2,000 to $2,499",8.0,printed,"P-60 No. 37, Table 1, page 25 (PDF page 33)",
1960,unrelated,not_urbanized_under_25000,"pct $2,500 to $2,999",4.7,printed,"P-60 No. 37, Table 1, page 25 (PDF page 33)",
1960,unrelated,not_urbanized_under_25000,"pct $3,000 to $3,499",5.5,printed,"P-60 No. 37, Table 1, page 25 (PDF page 33)",
1960,unrelated,not_urbanized_under_25000,"pct $3,500 to $3,999",4.0,printed,"P-60 No. 37, Table 1, page 25 (PDF page 33)",
1960,unrelated,not_urbanized_under_25000,"pct $4,000 to $4,499",3.5,printed,"P-60 No. 37, Table 1, page 25 (PDF page 33)",
1960,unrelated,not_urbanized_under_25000,"pct $4,500 to $4,999",3.7,printed,"P-60 No. 37, Table 1, page 25 (PDF page 33)",
1960,unrelated,not_urbanized_under_25000,"pct $5,000 to $5,999",3.7,printed,"P-60 No. 37, Table 1, page 25 (PDF page 33)",
1960,unrelated,not_urbanized_under_25000,"pct $6,000 to $6,999",3.1,printed,"P-60 No. 37, Table 1, page 25 (PDF page 33)",
1960,unrelated,not_urbanized_under_25000,"pct $7,000 to $9,999",2.0,printed_two_brackets_combined,"P-60 No. 37, Table 1, page 25 (PDF page 33)","sum of $7,000 to $7,999 and $8,000 to $9,999 as printed"
1960,unrelated,not_urbanized_under_25000,"pct $10,000 to $14,999",0.3,printed,"P-60 No. 37, Table 1, page 25 (PDF page 33)",
1960,unrelated,not_urbanized_under_25000,"pct $15,000 to $24,999",,printed_less_than_0.1,"P-60 No. 37, Table 1, page 25 (PDF page 33)",shown as three dots in the report
1960,unrelated,not_urbanized_under_25000,"pct $25,000 and over",,printed_less_than_0.1,"P-60 No. 37, Table 1, page 25 (PDF page 33)",shown as three dots in the report
1960,unrelated,not_urbanized_under_25000,"pct_detail $7,000 to $7,999",1.3,printed,"P-60 No. 37, Table 1, page 25 (PDF page 33)","detail bracket, not printed in the 1956 report"
1960,unrelated,not_urbanized_under_25000,"pct_detail $8,000 to $9,999",0.7,printed,"P-60 No. 37, Table 1, page 25 (PDF page 33)","detail bracket, not printed in the 1956 report"
1960,unrelated,not_urbanized_under_25000,median_dollars,1404,printed,"P-60 No. 37, Table 1, page 25 (PDF page 33)",
1960,unrelated,not_urbanized_under_25000,year_round_full_time_pct,31.6,printed,"P-60 No. 37, Table 1, page 25 (PDF page 33)",
1960,unrelated,not_urbanized_under_25000,year_round_full_time_median_dollars,3491,printed,"P-60 No. 37, Table 1, page 25 (PDF page 33)",
1960,unrelated,rural_nonfarm,number_thousands,,not_available_in_report,"P-60 No. 37, Table 1, page 25 (PDF page 33)",
1960,unrelated,rural_nonfarm,pct Under $500,21.9,printed,"P-60 No. 37, Table 1, page 25 (PDF page 33)",
1960,unrelated,rural_nonfarm,pct $500 to $999,24.8,printed,"P-60 No. 37, Table 1, page 25 (PDF page 33)",
1960,unrelated,rural_nonfarm,"pct $1,000 to $1,499",10.9,printed,"P-60 No. 37, Table 1, page 25 (PDF page 33)",
1960,unrelated,rural_nonfarm,"pct $1,500 to $1,999",6.5,printed,"P-60 No. 37, Table 1, page 25 (PDF page 33)",
1960,unrelated,rural_nonfarm,"pct $2,000 to $2,499",5.1,printed,"P-60 No. 37, Table 1, page 25 (PDF page 33)",
1960,unrelated,rural_nonfarm,"pct $2,500 to $2,999",5.6,printed,"P-60 No. 37, Table 1, page 25 (PDF page 33)",
1960,unrelated,rural_nonfarm,"pct $3,000 to $3,499",2.3,printed,"P-60 No. 37, Table 1, page 25 (PDF page 33)",
1960,unrelated,rural_nonfarm,"pct $3,500 to $3,999",3.6,printed,"P-60 No. 37, Table 1, page 25 (PDF page 33)",
1960,unrelated,rural_nonfarm,"pct $4,000 to $4,499",4.5,printed,"P-60 No. 37, Table 1, page 25 (PDF page 33)",
1960,unrelated,rural_nonfarm,"pct $4,500 to $4,999",2.4,printed,"P-60 No. 37, Table 1, page 25 (PDF page 33)",
1960,unrelated,rural_nonfarm,"pct $5,000 to $5,999",6.1,printed,"P-60 No. 37, Table 1, page 25 (PDF page 33)",
1960,unrelated,rural_nonfarm,"pct $6,000 to $6,999",2.0,printed,"P-60 No. 37, Table 1, page 25 (PDF page 33)",
1960,unrelated,rural_nonfarm,"pct $7,000 to $9,999",2.8,printed_two_brackets_combined,"P-60 No. 37, Table 1, page 25 (PDF page 33)","sum of $7,000 to $7,999 and $8,000 to $9,999 as printed"
1960,unrelated,rural_nonfarm,"pct $10,000 to $14,999",1.0,printed,"P-60 No. 37, Table 1, page 25 (PDF page 33)",
1960,unrelated,rural_nonfarm,"pct $15,000 to $24,999",0.2,printed,"P-60 No. 37, Table 1, page 25 (PDF page 33)",
1960,unrelated,rural_nonfarm,"pct $25,000 and over",0.1,printed,"P-60 No. 37, Table 1, page 25 (PDF page 33)",
1960,unrelated,rural_nonfarm,"pct_detail $7,000 to $7,999",0.8,printed,"P-60 No. 37, Table 1, page 25 (PDF page 33)","detail bracket, not printed in the 1956 report"
1960,unrelated,rural_nonfarm,"pct_detail $8,000 to $9,999",2.0,printed,"P-60 No. 37, Table 1, page 25 (PDF page 33)","detail bracket, not printed in the 1956 report"
1960,unrelated,rural_nonfarm,median_dollars,1150,printed,"P-60 No. 37, Table 1, page 25 (PDF page 33)",
1960,unrelated,rural_nonfarm,year_round_full_time_pct,28.2,printed,"P-60 No. 37, Table 1, page 25 (PDF page 33)",
1960,unrelated,rural_nonfarm,year_round_full_time_median_dollars,3649,printed,"P-60 No. 37, Table 1, page 25 (PDF page 33)",
1960,unrelated,rural_farm,number_thousands,372,printed,"P-60 No. 37, Table 1, page 25 (PDF page 33)",1960 Census farm definition
1960,unrelated,rural_farm,pct Under $500,32.0,printed,"P-60 No. 37, Table 1, page 25 (PDF page 33)",
1960,unrelated,rural_farm,pct $500 to $999,24.2,printed,"P-60 No. 37, Table 1, page 25 (PDF page 33)",
1960,unrelated,rural_farm,"pct $1,000 to $1,499",17.6,printed,"P-60 No. 37, Table 1, page 25 (PDF page 33)",
1960,unrelated,rural_farm,"pct $1,500 to $1,999",5.9,printed,"P-60 No. 37, Table 1, page 25 (PDF page 33)",
1960,unrelated,rural_farm,"pct $2,000 to $2,499",3.5,printed,"P-60 No. 37, Table 1, page 25 (PDF page 33)",
1960,unrelated,rural_farm,"pct $2,500 to $2,999",1.9,printed,"P-60 No. 37, Table 1, page 25 (PDF page 33)",
1960,unrelated,rural_farm,"pct $3,000 to $3,499",1.9,printed,"P-60 No. 37, Table 1, page 25 (PDF page 33)",
1960,unrelated,rural_farm,"pct $3,500 to $3,999",3.1,printed,"P-60 No. 37, Table 1, page 25 (PDF page 33)",
1960,unrelated,rural_farm,"pct $4,000 to $4,499",2.3,printed,"P-60 No. 37, Table 1, page 25 (PDF page 33)",
1960,unrelated,rural_farm,"pct $4,500 to $4,999",1.9,printed,"P-60 No. 37, Table 1, page 25 (PDF page 33)",
1960,unrelated,rural_farm,"pct $5,000 to $5,999",4.3,printed,"P-60 No. 37, Table 1, page 25 (PDF page 33)",
1960,unrelated,rural_farm,"pct $6,000 to $6,999",,printed_less_than_0.1,"P-60 No. 37, Table 1, page 25 (PDF page 33)",shown as three dots in the report
1960,unrelated,rural_farm,"pct $7,000 to $9,999",1.2,printed_two_brackets_combined,"P-60 No. 37, Table 1, page 25 (PDF page 33)","sum of $7,000 to $7,999 and $8,000 to $9,999 as printed"
1960,unrelated,rural_farm,"pct $10,000 to $14,999",,printed_less_than_0.1,"P-60 No. 37, Table 1, page 25 (PDF page 33)",shown as three dots in the report
1960,unrelated,rural_farm,"pct $15,000 to $24,999",,printed_less_than_0.1,"P-60 No. 37, Table 1, page 25 (PDF page 33)",shown as three dots in the report
1960,unrelated,rural_farm,"pct $25,000 and over",,printed_less_than_0.1,"P-60 No. 37, Table 1, page 25 (PDF page 33)",shown as three dots in the report
1960,unrelated,rural_farm,"pct_detail $7,000 to $7,999",0.8,printed,"P-60 No. 37, Table 1, page 25 (PDF page 33)","detail bracket, not printed in the 1956 report"
1960,unrelated,rural_farm,"pct_detail $8,000 to $9,999",0.4,printed,"P-60 No. 37, Table 1, page 25 (PDF page 33)","detail bracket, not printed in the 1956 report"
1960,unrelated,rural_farm,median_dollars,875,printed,"P-60 No. 37, Table 1, page 25 (PDF page 33)",
1960,unrelated,rural_farm,year_round_full_time_pct,35.7,printed,"P-60 No. 37, Table 1, page 25 (PDF page 33)",
1960,unrelated,rural_farm,year_round_full_time_median_dollars,,not_shown_base_too_small,"P-60 No. 37, Table 1, page 25 (PDF page 33)",
1961,families,total,number_thousands,46341,printed,"P-60 No. 39, Table 1, page 16",
1961,families,total,pct Under $500,2.4,printed,"P-60 No. 39, Table 1, page 16",
1961,families,total,pct $500 to $999,2.6,printed,"P-60 No. 39, Table 1, page 16",
1961,families,total,"pct $1,000 to $1,499",3.6,printed,"P-60 No. 39, Table 1, page 16",
1961,families,total,"pct $1,500 to $1,999",4.1,printed,"P-60 No. 39, Table 1, page 16",
1961,families,total,"pct $2,000 to $2,499",4.6,printed,"P-60 No. 39, Table 1, page 16",
1961,families,total,"pct $2,500 to $2,999",4.1,printed,"P-60 No. 39, Table 1, page 16",
1961,families,total,"pct $3,000 to $3,499",4.8,printed,"P-60 No. 39, Table 1, page 16",
1961,families,total,"pct $3,500 to $3,999",4.6,printed,"P-60 No. 39, Table 1, page 16",
1961,families,total,"pct $4,000 to $4,499",5.4,printed,"P-60 No. 39, Table 1, page 16",
1961,families,total,"pct $4,500 to $4,999",5.1,printed,"P-60 No. 39, Table 1, page 16",
1961,families,total,"pct $5,000 to $5,999",11.7,printed,"P-60 No. 39, Table 1, page 16",
1961,families,total,"pct $6,000 to $6,999",10.2,printed,"P-60 No. 39, Table 1, page 16",
1961,families,total,"pct $7,000 to $9,999",20.7,printed_two_brackets_combined,"P-60 No. 39, Table 1, page 16","sum of $7,000 to $7,999 and $8,000 to $9,999 as printed"
1961,families,total,"pct $10,000 to $14,999",11.3,printed,"P-60 No. 39, Table 1, page 16",
1961,families,total,"pct $15,000 to $24,999",3.6,printed,"P-60 No. 39, Table 1, page 16",
1961,families,total,"pct $25,000 and over",1.1,printed,"P-60 No. 39, Table 1, page 16",
1961,families,total,"pct_detail $7,000 to $7,999",9.1,printed,"P-60 No. 39, Table 1, page 16","detail bracket, not printed in the 1956 report"
1961,families,total,"pct_detail $8,000 to $9,999",11.6,printed,"P-60 No. 39, Table 1, page 16","detail bracket, not printed in the 1956 report"
1961,families,total,median_dollars,5737,printed,"P-60 No. 39, Table 1, page 16",
1961,families,total,year_round_full_time_pct,62.2,printed,"P-60 No. 39, Table 1, page 16",
1961,families,total,year_round_full_time_median_dollars,6875,printed,"P-60 No. 39, Table 1, page 16",
1961,families,nonfarm,number_thousands,42851,printed,"P-60 No. 39, Table 1, page 16",
1961,families,nonfarm,pct Under $500,2.0,printed,"P-60 No. 39, Table 1, page 16",
1961,families,nonfarm,pct $500 to $999,2.2,printed,"P-60 No. 39, Table 1, page 16",
1961,families,nonfarm,"pct $1,000 to $1,499",3.3,printed,"P-60 No. 39, Table 1, page 16",
1961,families,nonfarm,"pct $1,500 to $1,999",3.7,printed,"P-60 No. 39, Table 1, page 16",
1961,families,nonfarm,"pct $2,000 to $2,499",4.2,printed,"P-60 No. 39, Table 1, page 16",
1961,families,nonfarm,"pct $2,500 to $2,999",3.9,printed,"P-60 No. 39, Table 1, page 16",
1961,families,nonfarm,"pct $3,000 to $3,499",4.7,printed,"P-60 No. 39, Table 1, page 16",
1961,families,nonfarm,"pct $3,500 to $3,999",4.5,printed,"P-60 No. 39, Table 1, page 16",
1961,families,nonfarm,"pct $4,000 to $4,499",5.4,printed,"P-60 No. 39, Table 1, page 16",
1961,families,nonfarm,"pct $4,500 to $4,999",5.1,printed,"P-60 No. 39, Table 1, page 16",
1961,families,nonfarm,"pct $5,000 to $5,999",11.9,printed,"P-60 No. 39, Table 1, page 16",
1961,families,nonfarm,"pct $6,000 to $6,999",10.6,printed,"P-60 No. 39, Table 1, page 16",
1961,families,nonfarm,"pct $7,000 to $9,999",21.7,printed_two_brackets_combined,"P-60 No. 39, Table 1, page 16","sum of $7,000 to $7,999 and $8,000 to $9,999 as printed"
1961,families,nonfarm,"pct $10,000 to $14,999",11.9,printed,"P-60 No. 39, Table 1, page 16",
1961,families,nonfarm,"pct $15,000 to $24,999",3.8,printed,"P-60 No. 39, Table 1, page 16",
1961,families,nonfarm,"pct $25,000 and over",1.2,printed,"P-60 No. 39, Table 1, page 16",
1961,families,nonfarm,"pct_detail $7,000 to $7,999",9.5,printed,"P-60 No. 39, Table 1, page 16","detail bracket, not printed in the 1956 report"
1961,families,nonfarm,"pct_detail $8,000 to $9,999",12.2,printed,"P-60 No. 39, Table 1, page 16","detail bracket, not printed in the 1956 report"
1961,families,nonfarm,median_dollars,5924,printed,"P-60 No. 39, Table 1, page 16",
1961,families,nonfarm,year_round_full_time_pct,61.8,printed,"P-60 No. 39, Table 1, page 16",
1961,families,nonfarm,year_round_full_time_median_dollars,7105,printed,"P-60 No. 39, Table 1, page 16",
1961,families,farm,number_thousands,3490,printed,"P-60 No. 39, Table 1, page 16",
1961,families,farm,pct Under $500,7.6,printed,"P-60 No. 39, Table 1, page 16",
1961,families,farm,pct $500 to $999,7.2,printed,"P-60 No. 39, Table 1, page 16",
1961,families,farm,"pct $1,000 to $1,499",8.1,printed,"P-60 No. 39, Table 1, page 16",
1961,families,farm,"pct $1,500 to $1,999",8.0,printed,"P-60 No. 39, Table 1, page 16",
1961,families,farm,"pct $2,000 to $2,499",8.6,printed,"P-60 No. 39, Table 1, page 16",
1961,families,farm,"pct $2,500 to $2,999",7.2,printed,"P-60 No. 39, Table 1, page 16",
1961,families,farm,"pct $3,000 to $3,499",6.8,printed,"P-60 No. 39, Table 1, page 16",
1961,families,farm,"pct $3,500 to $3,999",6.7,printed,"P-60 No. 39, Table 1, page 16",
1961,families,farm,"pct $4,000 to $4,499",4.7,printed,"P-60 No. 39, Table 1, page 16",
1961,families,farm,"pct $4,500 to $4,999",5.0,printed,"P-60 No. 39, Table 1, page 16",
1961,families,farm,"pct $5,000 to $5,999",9.5,printed,"P-60 No. 39, Table 1, page 16",
1961,families,farm,"pct $6,000 to $6,999",5.5,printed,"P-60 No. 39, Table 1, page 16",
1961,families,farm,"pct $7,000 to $9,999",9.2,printed_two_brackets_combined,"P-60 No. 39, Table 1, page 16","sum of $7,000 to $7,999 and $8,000 to $9,999 as printed"
1961,families,farm,"pct $10,000 to $14,999",4.0,printed,"P-60 No. 39, Table 1, page 16",
1961,families,farm,"pct $15,000 to $24,999",1.3,printed,"P-60 No. 39, Table 1, page 16",
1961,families,farm,"pct $25,000 and over",0.5,printed,"P-60 No. 39, Table 1, page 16",
1961,families,farm,"pct_detail $7,000 to $7,999",4.7,printed,"P-60 No. 39, Table 1, page 16","detail bracket, not printed in the 1956 report"
1961,families,farm,"pct_detail $8,000 to $9,999",4.5,printed,"P-60 No. 39, Table 1, page 16","detail bracket, not printed in the 1956 report"
1961,families,farm,median_dollars,3241,printed,"P-60 No. 39, Table 1, page 16",
1961,families,farm,year_round_full_time_pct,66.9,printed,"P-60 No. 39, Table 1, page 16",
1961,families,farm,year_round_full_time_median_dollars,3788,printed,"P-60 No. 39, Table 1, page 16",
1961,unrelated,total,number_thousands,11163,printed,"P-60 No. 39, Table 1, page 16",
1961,unrelated,total,pct Under $500,14.0,printed,"P-60 No. 39, Table 1, page 16",
1961,unrelated,total,pct $500 to $999,18.4,printed,"P-60 No. 39, Table 1, page 16",
1961,unrelated,total,"pct $1,000 to $1,499",13.2,printed,"P-60 No. 39, Table 1, page 16",
1961,unrelated,total,"pct $1,500 to $1,999",8.8,printed,"P-60 No. 39, Table 1, page 16",
1961,unrelated,total,"pct $2,000 to $2,499",7.5,printed,"P-60 No. 39, Table 1, page 16",
1961,unrelated,total,"pct $2,500 to $2,999",5.1,printed,"P-60 No. 39, Table 1, page 16",
1961,unrelated,total,"pct $3,000 to $3,499",5.4,printed,"P-60 No. 39, Table 1, page 16",
1961,unrelated,total,"pct $3,500 to $3,999",4.3,printed,"P-60 No. 39, Table 1, page 16",
1961,unrelated,total,"pct $4,000 to $4,499",4.3,printed,"P-60 No. 39, Table 1, page 16",
1961,unrelated,total,"pct $4,500 to $4,999",3.6,printed,"P-60 No. 39, Table 1, page 16",
1961,unrelated,total,"pct $5,000 to $5,999",6.0,printed,"P-60 No. 39, Table 1, page 16",
1961,unrelated,total,"pct $6,000 to $6,999",3.8,printed,"P-60 No. 39, Table 1, page 16",
1961,unrelated,total,"pct $7,000 to $9,999",3.2,printed_two_brackets_combined,"P-60 No. 39, Table 1, page 16","sum of $7,000 to $7,999 and $8,000 to $9,999 as printed"
1961,unrelated,total,"pct $10,000 to $14,999",1.5,printed,"P-60 No. 39, Table 1, page 16",
1961,unrelated,total,"pct $15,000 to $24,999",0.6,printed,"P-60 No. 39, Table 1, page 16",
1961,unrelated,total,"pct $25,000 and over",0.3,printed,"P-60 No. 39, Table 1, page 16",
1961,unrelated,total,"pct_detail $7,000 to $7,999",1.7,printed,"P-60 No. 39, Table 1, page 16","detail bracket, not printed in the 1956 report"
1961,unrelated,total,"pct_detail $8,000 to $9,999",1.5,printed,"P-60 No. 39, Table 1, page 16","detail bracket, not printed in the 1956 report"
1961,unrelated,total,median_dollars,1755,printed,"P-60 No. 39, Table 1, page 16",
1961,unrelated,total,year_round_full_time_pct,33.9,printed,"P-60 No. 39, Table 1, page 16",
1961,unrelated,total,year_round_full_time_median_dollars,3949,printed,"P-60 No. 39, Table 1, page 16",
1961,unrelated,nonfarm,number_thousands,10741,printed,"P-60 No. 39, Table 1, page 16",
1961,unrelated,nonfarm,pct Under $500,13.7,printed,"P-60 No. 39, Table 1, page 16",
1961,unrelated,nonfarm,pct $500 to $999,17.9,printed,"P-60 No. 39, Table 1, page 16",
1961,unrelated,nonfarm,"pct $1,000 to $1,499",13.1,printed,"P-60 No. 39, Table 1, page 16",
1961,unrelated,nonfarm,"pct $1,500 to $1,999",8.7,printed,"P-60 No. 39, Table 1, page 16",
1961,unrelated,nonfarm,"pct $2,000 to $2,499",7.5,printed,"P-60 No. 39, Table 1, page 16",
1961,unrelated,nonfarm,"pct $2,500 to $2,999",5.2,printed,"P-60 No. 39, Table 1, page 16",
1961,unrelated,nonfarm,"pct $3,000 to $3,499",5.5,printed,"P-60 No. 39, Table 1, page 16",
1961,unrelated,nonfarm,"pct $3,500 to $3,999",4.4,printed,"P-60 No. 39, Table 1, page 16",
1961,unrelated,nonfarm,"pct $4,000 to $4,499",4.4,printed,"P-60 No. 39, Table 1, page 16",
1961,unrelated,nonfarm,"pct $4,500 to $4,999",3.7,printed,"P-60 No. 39, Table 1, page 16",
1961,unrelated,nonfarm,"pct $5,000 to $5,999",6.0,printed,"P-60 No. 39, Table 1, page 16",
1961,unrelated,nonfarm,"pct $6,000 to $6,999",3.9,printed,"P-60 No. 39, Table 1, page 16",
1961,unrelated,nonfarm,"pct $7,000 to $9,999",3.4,printed_two_brackets_combined,"P-60 No. 39, Table 1, page 16","sum of $7,000 to $7,999 and $8,000 to $9,999 as printed"
1961,unrelated,nonfarm,"pct $10,000 to $14,999",1.6,printed,"P-60 No. 39, Table 1, page 16",
1961,unrelated,nonfarm,"pct $15,000 to $24,999",0.6,printed,"P-60 No. 39, Table 1, page 16",
1961,unrelated,nonfarm,"pct $25,000 and over",0.3,printed,"P-60 No. 39, Table 1, page 16",
1961,unrelated,nonfarm,"pct_detail $7,000 to $7,999",1.8,printed,"P-60 No. 39, Table 1, page 16","detail bracket, not printed in the 1956 report"
1961,unrelated,nonfarm,"pct_detail $8,000 to $9,999",1.6,printed,"P-60 No. 39, Table 1, page 16","detail bracket, not printed in the 1956 report"
1961,unrelated,nonfarm,median_dollars,1805,printed,"P-60 No. 39, Table 1, page 16",
1961,unrelated,nonfarm,year_round_full_time_pct,33.9,printed,"P-60 No. 39, Table 1, page 16",
1961,unrelated,nonfarm,year_round_full_time_median_dollars,4032,printed,"P-60 No. 39, Table 1, page 16",
1961,unrelated,farm,number_thousands,422,printed,"P-60 No. 39, Table 1, page 16",
1961,unrelated,farm,pct Under $500,21.9,printed,"P-60 No. 39, Table 1, page 16",
1961,unrelated,farm,pct $500 to $999,31.7,printed,"P-60 No. 39, Table 1, page 16",
1961,unrelated,farm,"pct $1,000 to $1,499",16.0,printed,"P-60 No. 39, Table 1, page 16",
1961,unrelated,farm,"pct $1,500 to $1,999",10.4,printed,"P-60 No. 39, Table 1, page 16",
1961,unrelated,farm,"pct $2,000 to $2,499",6.2,printed,"P-60 No. 39, Table 1, page 16",
1961,unrelated,farm,"pct $2,500 to $2,999",3.1,printed,"P-60 No. 39, Table 1, page 16",
1961,unrelated,farm,"pct $3,000 to $3,499",2.8,printed,"P-60 No. 39, Table 1, page 16",
1961,unrelated,farm,"pct $3,500 to $3,999",1.0,printed,"P-60 No. 39, Table 1, page 16",
1961,unrelated,farm,"pct $4,000 to $4,499",1.4,printed,"P-60 No. 39, Table 1, page 16",
1961,unrelated,farm,"pct $4,500 to $4,999",,printed_less_than_0.1,"P-60 No. 39, Table 1, page 16",shown as three dots in the report
1961,unrelated,farm,"pct $5,000 to $5,999",4.8,printed,"P-60 No. 39, Table 1, page 16",
1961,unrelated,farm,"pct $6,000 to $6,999",0.7,printed,"P-60 No. 39, Table 1, page 16",
1961,unrelated,farm,"pct $7,000 to $9,999",0.0,printed_two_brackets_combined,"P-60 No. 39, Table 1, page 16","sum of $7,000 to $7,999 and $8,000 to $9,999 as printed"
1961,unrelated,farm,"pct $10,000 to $14,999",,printed_less_than_0.1,"P-60 No. 39, Table 1, page 16",shown as three dots in the report
1961,unrelated,farm,"pct $15,000 to $24,999",,printed_less_than_0.1,"P-60 No. 39, Table 1, page 16",shown as three dots in the report
1961,unrelated,farm,"pct $25,000 and over",,printed_less_than_0.1,"P-60 No. 39, Table 1, page 16",shown as three dots in the report
1961,unrelated,farm,"pct_detail $7,000 to $7,999",,printed_less_than_0.1,"P-60 No. 39, Table 1, page 16","detail bracket, not printed in the 1956 report"
1961,unrelated,farm,"pct_detail $8,000 to $9,999",,printed_less_than_0.1,"P-60 No. 39, Table 1, page 16","detail bracket, not printed in the 1956 report"
1961,unrelated,farm,median_dollars,948,printed,"P-60 No. 39, Table 1, page 16",
1961,unrelated,farm,year_round_full_time_pct,33.2,printed,"P-60 No. 39, Table 1, page 16",
1961,unrelated,farm,year_round_full_time_median_dollars,,not_shown_base_too_small,"P-60 No. 39, Table 1, page 16",
1956,families,nonfarm_derived,number_thousands,38537,derived_total_minus_farm,"P-60 No. 27, Table 1, page 21",
1956,families,nonfarm_derived,pct Under $500,2.1,derived_total_minus_farm,"P-60 No. 27, Table 1, page 21",(total count x total pct minus farm count x farm pct) / nonfarm count; dots treated as 0
1956,families,nonfarm_derived,pct $500 to $999,2.4,derived_total_minus_farm,"P-60 No. 27, Table 1, page 21",(total count x total pct minus farm count x farm pct) / nonfarm count; dots treated as 0
1956,families,nonfarm_derived,"pct $1,000 to $1,499",3.5,derived_total_minus_farm,"P-60 No. 27, Table 1, page 21",(total count x total pct minus farm count x farm pct) / nonfarm count; dots treated as 0
1956,families,nonfarm_derived,"pct $1,500 to $1,999",3.9,derived_total_minus_farm,"P-60 No. 27, Table 1, page 21",(total count x total pct minus farm count x farm pct) / nonfarm count; dots treated as 0
1956,families,nonfarm_derived,"pct $2,000 to $2,499",4.6,derived_total_minus_farm,"P-60 No. 27, Table 1, page 21",(total count x total pct minus farm count x farm pct) / nonfarm count; dots treated as 0
1956,families,nonfarm_derived,"pct $2,500 to $2,999",4.8,derived_total_minus_farm,"P-60 No. 27, Table 1, page 21",(total count x total pct minus farm count x farm pct) / nonfarm count; dots treated as 0
1956,families,nonfarm_derived,"pct $3,000 to $3,499",6.1,derived_total_minus_farm,"P-60 No. 27, Table 1, page 21",(total count x total pct minus farm count x farm pct) / nonfarm count; dots treated as 0
1956,families,nonfarm_derived,"pct $3,500 to $3,999",6.4,derived_total_minus_farm,"P-60 No. 27, Table 1, page 21",(total count x total pct minus farm count x farm pct) / nonfarm count; dots treated as 0
1956,families,nonfarm_derived,"pct $4,000 to $4,499",8.4,derived_total_minus_farm,"P-60 No. 27, Table 1, page 21",(total count x total pct minus farm count x farm pct) / nonfarm count; dots treated as 0
1956,families,nonfarm_derived,"pct $4,500 to $4,999",7.2,derived_total_minus_farm,"P-60 No. 27, Table 1, page 21",(total count x total pct minus farm count x farm pct) / nonfarm count; dots treated as 0
1956,families,nonfarm_derived,"pct $5,000 to $5,999",14.7,derived_total_minus_farm,"P-60 No. 27, Table 1, page 21",(total count x total pct minus farm count x farm pct) / nonfarm count; dots treated as 0
1956,families,nonfarm_derived,"pct $6,000 to $6,999",10.5,derived_total_minus_farm,"P-60 No. 27, Table 1, page 21",(total count x total pct minus farm count x farm pct) / nonfarm count; dots treated as 0
1956,families,nonfarm_derived,"pct $7,000 to $9,999",17.0,derived_total_minus_farm,"P-60 No. 27, Table 1, page 21",(total count x total pct minus farm count x farm pct) / nonfarm count; dots treated as 0
1956,families,nonfarm_derived,"pct $10,000 to $14,999",6.4,derived_total_minus_farm,"P-60 No. 27, Table 1, page 21",(total count x total pct minus farm count x farm pct) / nonfarm count; dots treated as 0
1956,families,nonfarm_derived,"pct $15,000 to $24,999",1.7,derived_total_minus_farm,"P-60 No. 27, Table 1, page 21",(total count x total pct minus farm count x farm pct) / nonfarm count; dots treated as 0
1956,families,nonfarm_derived,"pct $25,000 and over",0.6,derived_total_minus_farm,"P-60 No. 27, Table 1, page 21",(total count x total pct minus farm count x farm pct) / nonfarm count; dots treated as 0
1956,families,nonfarm_derived,median_dollars,5051,derived_linear_interpolation,"P-60 No. 27, Table 1, page 21",interpolated within the detailed bracket; the report prints no nonfarm median in Table 1
1956,unrelated,nonfarm_derived,number_thousands,9107,derived_total_minus_farm,"P-60 No. 27, Table 1, page 21",
1956,unrelated,nonfarm_derived,pct Under $500,16.8,derived_total_minus_farm,"P-60 No. 27, Table 1, page 21",(total count x total pct minus farm count x farm pct) / nonfarm count; dots treated as 0
1956,unrelated,nonfarm_derived,pct $500 to $999,22.1,derived_total_minus_farm,"P-60 No. 27, Table 1, page 21",(total count x total pct minus farm count x farm pct) / nonfarm count; dots treated as 0
1956,unrelated,nonfarm_derived,"pct $1,000 to $1,499",11.6,derived_total_minus_farm,"P-60 No. 27, Table 1, page 21",(total count x total pct minus farm count x farm pct) / nonfarm count; dots treated as 0
1956,unrelated,nonfarm_derived,"pct $1,500 to $1,999",8.9,derived_total_minus_farm,"P-60 No. 27, Table 1, page 21",(total count x total pct minus farm count x farm pct) / nonfarm count; dots treated as 0
1956,unrelated,nonfarm_derived,"pct $2,000 to $2,499",7.8,derived_total_minus_farm,"P-60 No. 27, Table 1, page 21",(total count x total pct minus farm count x farm pct) / nonfarm count; dots treated as 0
1956,unrelated,nonfarm_derived,"pct $2,500 to $2,999",5.5,derived_total_minus_farm,"P-60 No. 27, Table 1, page 21",(total count x total pct minus farm count x farm pct) / nonfarm count; dots treated as 0
1956,unrelated,nonfarm_derived,"pct $3,000 to $3,499",6.0,derived_total_minus_farm,"P-60 No. 27, Table 1, page 21",(total count x total pct minus farm count x farm pct) / nonfarm count; dots treated as 0
1956,unrelated,nonfarm_derived,"pct $3,500 to $3,999",5.7,derived_total_minus_farm,"P-60 No. 27, Table 1, page 21",(total count x total pct minus farm count x farm pct) / nonfarm count; dots treated as 0
1956,unrelated,nonfarm_derived,"pct $4,000 to $4,499",4.6,derived_total_minus_farm,"P-60 No. 27, Table 1, page 21",(total count x total pct minus farm count x farm pct) / nonfarm count; dots treated as 0
1956,unrelated,nonfarm_derived,"pct $4,500 to $4,999",3.4,derived_total_minus_farm,"P-60 No. 27, Table 1, page 21",(total count x total pct minus farm count x farm pct) / nonfarm count; dots treated as 0
1956,unrelated,nonfarm_derived,"pct $5,000 to $5,999",3.9,derived_total_minus_farm,"P-60 No. 27, Table 1, page 21",(total count x total pct minus farm count x farm pct) / nonfarm count; dots treated as 0
1956,unrelated,nonfarm_derived,"pct $6,000 to $6,999",1.7,derived_total_minus_farm,"P-60 No. 27, Table 1, page 21",(total count x total pct minus farm count x farm pct) / nonfarm count; dots treated as 0
1956,unrelated,nonfarm_derived,"pct $7,000 to $9,999",1.4,derived_total_minus_farm,"P-60 No. 27, Table 1, page 21",(total count x total pct minus farm count x farm pct) / nonfarm count; dots treated as 0
1956,unrelated,nonfarm_derived,"pct $10,000 to $14,999",0.4,derived_total_minus_farm,"P-60 No. 27, Table 1, page 21",(total count x total pct minus farm count x farm pct) / nonfarm count; dots treated as 0
1956,unrelated,nonfarm_derived,"pct $15,000 to $24,999",0.1,derived_total_minus_farm,"P-60 No. 27, Table 1, page 21",(total count x total pct minus farm count x farm pct) / nonfarm count; dots treated as 0
1956,unrelated,nonfarm_derived,"pct $25,000 and over",0.2,derived_total_minus_farm,"P-60 No. 27, Table 1, page 21",(total count x total pct minus farm count x farm pct) / nonfarm count; dots treated as 0
1956,unrelated,nonfarm_derived,median_dollars,1481,derived_linear_interpolation,"P-60 No. 27, Table 1, page 21",interpolated within the detailed bracket; the report prints no nonfarm median in Table 1
1960,families,nonfarm_derived,number_thousands,41945,derived_total_minus_farm,"P-60 No. 37, Table 1, page 25 (PDF page 33)",
1960,families,nonfarm_derived,pct Under $500,1.9,derived_total_minus_farm,"P-60 No. 37, Table 1, page 25 (PDF page 33)",(total count x total pct minus farm count x farm pct) / nonfarm count; dots treated as 0
1960,families,nonfarm_derived,pct $500 to $999,2.0,derived_total_minus_farm,"P-60 No. 37, Table 1, page 25 (PDF page 33)",(total count x total pct minus farm count x farm pct) / nonfarm count; dots treated as 0
1960,families,nonfarm_derived,"pct $1,000 to $1,499",3.3,derived_total_minus_farm,"P-60 No. 37, Table 1, page 25 (PDF page 33)",(total count x total pct minus farm count x farm pct) / nonfarm count; dots treated as 0
1960,families,nonfarm_derived,"pct $1,500 to $1,999",3.8,derived_total_minus_farm,"P-60 No. 37, Table 1, page 25 (PDF page 33)",(total count x total pct minus farm count x farm pct) / nonfarm count; dots treated as 0
1960,families,nonfarm_derived,"pct $2,000 to $2,499",4.2,derived_total_minus_farm,"P-60 No. 37, Table 1, page 25 (PDF page 33)",(total count x total pct minus farm count x farm pct) / nonfarm count; dots treated as 0
1960,families,nonfarm_derived,"pct $2,500 to $2,999",3.9,derived_total_minus_farm,"P-60 No. 37, Table 1, page 25 (PDF page 33)",(total count x total pct minus farm count x farm pct) / nonfarm count; dots treated as 0
1960,families,nonfarm_derived,"pct $3,000 to $3,499",4.7,derived_total_minus_farm,"P-60 No. 37, Table 1, page 25 (PDF page 33)",(total count x total pct minus farm count x farm pct) / nonfarm count; dots treated as 0
1960,families,nonfarm_derived,"pct $3,500 to $3,999",4.8,derived_total_minus_farm,"P-60 No. 37, Table 1, page 25 (PDF page 33)",(total count x total pct minus farm count x farm pct) / nonfarm count; dots treated as 0
1960,families,nonfarm_derived,"pct $4,000 to $4,499",5.2,derived_total_minus_farm,"P-60 No. 37, Table 1, page 25 (PDF page 33)",(total count x total pct minus farm count x farm pct) / nonfarm count; dots treated as 0
1960,families,nonfarm_derived,"pct $4,500 to $4,999",5.4,derived_total_minus_farm,"P-60 No. 37, Table 1, page 25 (PDF page 33)",(total count x total pct minus farm count x farm pct) / nonfarm count; dots treated as 0
1960,families,nonfarm_derived,"pct $5,000 to $5,999",13.4,derived_total_minus_farm,"P-60 No. 37, Table 1, page 25 (PDF page 33)",(total count x total pct minus farm count x farm pct) / nonfarm count; dots treated as 0
1960,families,nonfarm_derived,"pct $6,000 to $6,999",11.3,derived_total_minus_farm,"P-60 No. 37, Table 1, page 25 (PDF page 33)",(total count x total pct minus farm count x farm pct) / nonfarm count; dots treated as 0
1960,families,nonfarm_derived,"pct $7,000 to $9,999",20.9,derived_total_minus_farm,"P-60 No. 37, Table 1, page 25 (PDF page 33)",(total count x total pct minus farm count x farm pct) / nonfarm count; dots treated as 0
1960,families,nonfarm_derived,"pct $10,000 to $14,999",11.1,derived_total_minus_farm,"P-60 No. 37, Table 1, page 25 (PDF page 33)",(total count x total pct minus farm count x farm pct) / nonfarm count; dots treated as 0
1960,families,nonfarm_derived,"pct $15,000 to $24,999",3.0,derived_total_minus_farm,"P-60 No. 37, Table 1, page 25 (PDF page 33)",(total count x total pct minus farm count x farm pct) / nonfarm count; dots treated as 0
1960,families,nonfarm_derived,"pct $25,000 and over",0.9,derived_total_minus_farm,"P-60 No. 37, Table 1, page 25 (PDF page 33)",(total count x total pct minus farm count x farm pct) / nonfarm count; dots treated as 0
1960,families,nonfarm_derived,median_dollars,5799,derived_linear_interpolation,"P-60 No. 37, Table 1, page 25 (PDF page 33)",interpolated within the detailed bracket; the report prints no nonfarm median in Table 1
1960,unrelated,nonfarm_derived,number_thousands,10528,derived_total_minus_farm,"P-60 No. 37, Table 1, page 25 (PDF page 33)",
1960,unrelated,nonfarm_derived,pct Under $500,14.0,derived_total_minus_farm,"P-60 No. 37, Table 1, page 25 (PDF page 33)",(total count x total pct minus farm count x farm pct) / nonfarm count; dots treated as 0
1960,unrelated,nonfarm_derived,pct $500 to $999,18.8,derived_total_minus_farm,"P-60 No. 37, Table 1, page 25 (PDF page 33)",(total count x total pct minus farm count x farm pct) / nonfarm count; dots treated as 0
1960,unrelated,nonfarm_derived,"pct $1,000 to $1,499",13.1,derived_total_minus_farm,"P-60 No. 37, Table 1, page 25 (PDF page 33)",(total count x total pct minus farm count x farm pct) / nonfarm count; dots treated as 0
1960,unrelated,nonfarm_derived,"pct $1,500 to $1,999",7.2,derived_total_minus_farm,"P-60 No. 37, Table 1, page 25 (PDF page 33)",(total count x total pct minus farm count x farm pct) / nonfarm count; dots treated as 0
1960,unrelated,nonfarm_derived,"pct $2,000 to $2,499",7.4,derived_total_minus_farm,"P-60 No. 37, Table 1, page 25 (PDF page 33)",(total count x total pct minus farm count x farm pct) / nonfarm count; dots treated as 0
1960,unrelated,nonfarm_derived,"pct $2,500 to $2,999",5.6,derived_total_minus_farm,"P-60 No. 37, Table 1, page 25 (PDF page 33)",(total count x total pct minus farm count x farm pct) / nonfarm count; dots treated as 0
1960,unrelated,nonfarm_derived,"pct $3,000 to $3,499",5.4,derived_total_minus_farm,"P-60 No. 37, Table 1, page 25 (PDF page 33)",(total count x total pct minus farm count x farm pct) / nonfarm count; dots treated as 0
1960,unrelated,nonfarm_derived,"pct $3,500 to $3,999",5.0,derived_total_minus_farm,"P-60 No. 37, Table 1, page 25 (PDF page 33)",(total count x total pct minus farm count x farm pct) / nonfarm count; dots treated as 0
1960,unrelated,nonfarm_derived,"pct $4,000 to $4,499",5.4,derived_total_minus_farm,"P-60 No. 37, Table 1, page 25 (PDF page 33)",(total count x total pct minus farm count x farm pct) / nonfarm count; dots treated as 0
1960,unrelated,nonfarm_derived,"pct $4,500 to $4,999",4.1,derived_total_minus_farm,"P-60 No. 37, Table 1, page 25 (PDF page 33)",(total count x total pct minus farm count x farm pct) / nonfarm count; dots treated as 0
1960,unrelated,nonfarm_derived,"pct $5,000 to $5,999",6.1,derived_total_minus_farm,"P-60 No. 37, Table 1, page 25 (PDF page 33)",(total count x total pct minus farm count x farm pct) / nonfarm count; dots treated as 0
1960,unrelated,nonfarm_derived,"pct $6,000 to $6,999",3.4,derived_total_minus_farm,"P-60 No. 37, Table 1, page 25 (PDF page 33)",(total count x total pct minus farm count x farm pct) / nonfarm count; dots treated as 0
1960,unrelated,nonfarm_derived,"pct $7,000 to $9,999",3.2,derived_total_minus_farm,"P-60 No. 37, Table 1, page 25 (PDF page 33)",(total count x total pct minus farm count x farm pct) / nonfarm count; dots treated as 0
1960,unrelated,nonfarm_derived,"pct $10,000 to $14,999",0.9,derived_total_minus_farm,"P-60 No. 37, Table 1, page 25 (PDF page 33)",(total count x total pct minus farm count x farm pct) / nonfarm count; dots treated as 0
1960,unrelated,nonfarm_derived,"pct $15,000 to $24,999",0.1,derived_total_minus_farm,"P-60 No. 37, Table 1, page 25 (PDF page 33)",(total count x total pct minus farm count x farm pct) / nonfarm count; dots treated as 0
1960,unrelated,nonfarm_derived,"pct $25,000 and over",0.2,derived_total_minus_farm,"P-60 No. 37, Table 1, page 25 (PDF page 33)",(total count x total pct minus farm count x farm pct) / nonfarm count; dots treated as 0
1960,unrelated,nonfarm_derived,median_dollars,1781,derived_linear_interpolation,"P-60 No. 37, Table 1, page 25 (PDF page 33)",interpolated within the detailed bracket; the report prints no nonfarm median in Table 1
1959,families,total_in_households,median_dollars,5417,printed_series,"P-60 No. 39, Table 19, page 27 (households, 1960 Census farm definition)",
1959,families,nonfarm_in_households,median_dollars,5619,printed_series,"P-60 No. 39, Table 19, page 27 (households, 1960 Census farm definition)",
1959,families,farm_in_households,median_dollars,2799,printed_series,"P-60 No. 39, Table 19, page 27 (households, 1960 Census farm definition)",
1959,unrelated,total_in_households,median_dollars,1603,printed_series,"P-60 No. 39, Table 19, page 27 (households, 1960 Census farm definition)",
1959,unrelated,nonfarm_in_households,median_dollars,1683,printed_series,"P-60 No. 39, Table 19, page 27 (households, 1960 Census farm definition)",
1959,unrelated,farm_in_households,median_dollars,774,printed_series,"P-60 No. 39, Table 19, page 27 (households, 1960 Census farm definition)",
1959,all,total_in_households,median_dollars,4806,printed_series,"P-60 No. 39, Table 19, page 27 (households, 1960 Census farm definition)",
1959,all,nonfarm_in_households,median_dollars,5011,printed_series,"P-60 No. 39, Table 19, page 27 (households, 1960 Census farm definition)",
1959,all,farm_in_households,median_dollars,2482,printed_series,"P-60 No. 39, Table 19, page 27 (households, 1960 Census farm definition)",
1960,families,total_in_households,median_dollars,5625,printed_series,"P-60 No. 39, Table 19, page 27 (households, 1960 Census farm definition)",
1960,families,nonfarm_in_households,median_dollars,5813,printed_series,"P-60 No. 39, Table 19, page 27 (households, 1960 Census farm definition)",
1960,families,farm_in_households,median_dollars,2876,printed_series,"P-60 No. 39, Table 19, page 27 (households, 1960 Census farm definition)",
1960,unrelated,total_in_households,median_dollars,1784,printed_series,"P-60 No. 39, Table 19, page 27 (households, 1960 Census farm definition)",
1960,unrelated,nonfarm_in_households,median_dollars,1842,printed_series,"P-60 No. 39, Table 19, page 27 (households, 1960 Census farm definition)",
1960,unrelated,farm_in_households,median_dollars,917,printed_series,"P-60 No. 39, Table 19, page 27 (households, 1960 Census farm definition)",
1960,all,total_in_households,median_dollars,5009,printed_series,"P-60 No. 39, Table 19, page 27 (households, 1960 Census farm definition)",
1960,all,nonfarm_in_households,median_dollars,5176,printed_series,"P-60 No. 39, Table 19, page 27 (households, 1960 Census farm definition)",
1960,all,farm_in_households,median_dollars,2681,printed_series,"P-60 No. 39, Table 19, page 27 (households, 1960 Census farm definition)",
1961,families,total_in_households,median_dollars,5744,printed_series,"P-60 No. 39, Table 19, page 27 (households, 1960 Census farm definition)",
1961,families,nonfarm_in_households,median_dollars,5930,printed_series,"P-60 No. 39, Table 19, page 27 (households, 1960 Census farm definition)",
1961,families,farm_in_households,median_dollars,3238,printed_series,"P-60 No. 39, Table 19, page 27 (households, 1960 Census farm definition)",
1961,unrelated,total_in_households,median_dollars,1789,printed_series,"P-60 No. 39, Table 19, page 27 (households, 1960 Census farm definition)",
1961,unrelated,nonfarm_in_households,median_dollars,1831,printed_series,"P-60 No. 39, Table 19, page 27 (households, 1960 Census farm definition)",
1961,unrelated,farm_in_households,median_dollars,909,printed_series,"P-60 No. 39, Table 19, page 27 (households, 1960 Census farm definition)",
1961,all,total_in_households,median_dollars,5056,printed_series,"P-60 No. 39, Table 19, page 27 (households, 1960 Census farm definition)",
1961,all,nonfarm_in_households,median_dollars,5211,printed_series,"P-60 No. 39, Table 19, page 27 (households, 1960 Census farm definition)",
1961,all,farm_in_households,median_dollars,2956,printed_series,"P-60 No. 39, Table 19, page 27 (households, 1960 Census farm definition)",
1956,families,total_in_dwelling_units,median_dollars,4787,printed_series_old_farm_definition,"P-60 No. 27, Table 13, page 30 (dwelling units, 1950 Census farm definition)",
1956,families,nonfarm_in_dwelling_units,median_dollars,5061,printed_series_old_farm_definition,"P-60 No. 27, Table 13, page 30 (dwelling units, 1950 Census farm definition)",
1956,families,farm_in_dwelling_units,median_dollars,2375,printed_series_old_farm_definition,"P-60 No. 27, Table 13, page 30 (dwelling units, 1950 Census farm definition)",
1956,unrelated,total_in_dwelling_units,median_dollars,1448,printed_series_old_farm_definition,"P-60 No. 27, Table 13, page 30 (dwelling units, 1950 Census farm definition)",
1956,unrelated,nonfarm_in_dwelling_units,median_dollars,1522,printed_series_old_farm_definition,"P-60 No. 27, Table 13, page 30 (dwelling units, 1950 Census farm definition)",
1956,unrelated,farm_in_dwelling_units,median_dollars,723,printed_series_old_farm_definition,"P-60 No. 27, Table 13, page 30 (dwelling units, 1950 Census farm definition)",
1956,all,total_in_dwelling_units,median_dollars,4257,printed_series_old_farm_definition,"P-60 No. 27, Table 13, page 30 (dwelling units, 1950 Census farm definition)",
1956,all,nonfarm_in_dwelling_units,median_dollars,4468,printed_series_old_farm_definition,"P-60 No. 27, Table 13, page 30 (dwelling units, 1950 Census farm definition)",
1956,all,farm_in_dwelling_units,median_dollars,2149,printed_series_old_farm_definition,"P-60 No. 27, Table 13, page 30 (dwelling units, 1950 Census farm definition)",
1955,families,total_in_dwelling_units,median_dollars,4420,printed_series_old_farm_definition,"P-60 No. 27, Table 13, page 30 (dwelling units, 1950 Census farm definition)",
1955,families,nonfarm_in_dwelling_units,median_dollars,4705,printed_series_old_farm_definition,"P-60 No. 27, Table 13, page 30 (dwelling units, 1950 Census farm definition)",
1955,families,farm_in_dwelling_units,median_dollars,2117,printed_series_old_farm_definition,"P-60 No. 27, Table 13, page 30 (dwelling units, 1950 Census farm definition)",
1955,unrelated,total_in_dwelling_units,median_dollars,1310,printed_series_old_farm_definition,"P-60 No. 27, Table 13, page 30 (dwelling units, 1950 Census farm definition)",
1955,unrelated,nonfarm_in_dwelling_units,median_dollars,1371,printed_series_old_farm_definition,"P-60 No. 27, Table 13, page 30 (dwelling units, 1950 Census farm definition)",
1955,unrelated,farm_in_dwelling_units,median_dollars,635,printed_series_old_farm_definition,"P-60 No. 27, Table 13, page 30 (dwelling units, 1950 Census farm definition)",
1955,all,total_in_dwelling_units,median_dollars,3948,printed_series_old_farm_definition,"P-60 No. 27, Table 13, page 30 (dwelling units, 1950 Census farm definition)",
1955,all,nonfarm_in_dwelling_units,median_dollars,4195,printed_series_old_farm_definition,"P-60 No. 27, Table 13, page 30 (dwelling units, 1950 Census farm definition)",
1955,all,farm_in_dwelling_units,median_dollars,1937,printed_series_old_farm_definition,"P-60 No. 27, Table 13, page 30 (dwelling units, 1950 Census farm definition)",
1954,families,total_in_dwelling_units,median_dollars,4167,printed_series_old_farm_definition,"P-60 No. 27, Table 13, page 30 (dwelling units, 1950 Census farm definition)",
1954,families,nonfarm_in_dwelling_units,median_dollars,4406,printed_series_old_farm_definition,"P-60 No. 27, Table 13, page 30 (dwelling units, 1950 Census farm definition)",
1954,families,farm_in_dwelling_units,median_dollars,1968,printed_series_old_farm_definition,"P-60 No. 27, Table 13, page 30 (dwelling units, 1950 Census farm definition)",
1954,unrelated,total_in_dwelling_units,median_dollars,1225,printed_series_old_farm_definition,"P-60 No. 27, Table 13, page 30 (dwelling units, 1950 Census farm definition)",
1954,unrelated,nonfarm_in_dwelling_units,median_dollars,1312,printed_series_old_farm_definition,"P-60 No. 27, Table 13, page 30 (dwelling units, 1950 Census farm definition)",
1954,unrelated,farm_in_dwelling_units,median_dollars,583,printed_series_old_farm_definition,"P-60 No. 27, Table 13, page 30 (dwelling units, 1950 Census farm definition)",
1954,all,total_in_dwelling_units,median_dollars,3730,printed_series_old_farm_definition,"P-60 No. 27, Table 13, page 30 (dwelling units, 1950 Census farm definition)",
1954,all,nonfarm_in_dwelling_units,median_dollars,3949,printed_series_old_farm_definition,"P-60 No. 27, Table 13, page 30 (dwelling units, 1950 Census farm definition)",
1954,all,farm_in_dwelling_units,median_dollars,1803,printed_series_old_farm_definition,"P-60 No. 27, Table 13, page 30 (dwelling units, 1950 Census farm definition)",
